t,wx,wy,wz,ax,ay,az,qw,qx,qy,qz
0.008333332,0.000000000,0.000000000,0.822467033,-0.000000000,0.000000000,9.800000000,0.999998532,0.000000000,0.000000000,0.001713472
0.012499998,0.000000000,0.000000000,0.822467033,-0.000000000,-0.000000000,9.800000000,0.999994128,0.000000000,0.000000000,0.003426939
0.016666664,0.000000000,0.000000000,0.822467033,-0.000000000,0.000000000,9.800000000,0.999986788,0.000000000,0.000000000,0.005140395
0.020833330,0.000000000,0.000000000,0.822308495,0.000000000,-0.000000000,9.800000000,0.999976514,0.000000000,0.000000000,0.006853507
0.029166662,0.000000000,0.000000000,0.822308495,-0.000000000,-0.000000000,9.800000000,0.999947163,0.000000000,0.000000000,0.010279664
0.033333328,0.000000000,0.000000000,0.821832941,0.000000000,0.000000000,9.800000000,0.999928097,0.000000000,0.000000000,0.011991710
0.037499994,0.000000000,0.000000000,0.821832941,0.000000000,0.000000000,9.800000000,0.999906100,0.000000000,0.000000000,0.013703720
0.041666660,0.000000000,0.000000000,0.821832941,0.000000000,0.000000000,9.800000000,0.999881171,0.000000000,0.000000000,0.015415690
0.045833326,0.000000000,0.000000000,0.821040555,0.000000000,0.000000000,9.800000000,0.999853340,0.000000000,0.000000000,0.017125964
0.054166658,0.000000000,0.000000000,0.821040555,0.000000000,0.000000000,9.800000000,0.999788901,0.000000000,0.000000000,0.020546357
0.058333324,0.000000000,0.000000000,0.819931643,0.000000000,0.000000000,9.800000000,0.999752346,0.000000000,0.000000000,0.022254156
0.062499990,0.000000000,0.000000000,0.819931643,0.000000000,0.000000000,9.800000000,0.999712873,0.000000000,0.000000000,0.023961891
0.066666656,0.000000000,0.000000000,0.819931643,0.000000000,0.000000000,9.800000000,0.999670483,0.000000000,0.000000000,0.025669555
0.070833322,0.000000000,0.000000000,0.818506631,0.000000000,0.000000000,9.800000000,0.999625257,0.000000000,0.000000000,0.027374177
0.079166654,0.000000000,0.000000000,0.818506631,0.000000000,0.000000000,9.800000000,0.999526086,0.000000000,0.000000000,0.030783177
0.083333320,0.000000000,0.000000000,0.816766070,-0.000000000,-0.000000000,9.800000000,0.999472258,0.000000000,0.000000000,0.032483921
0.087499986,0.000000000,0.000000000,0.816766070,-0.000000000,-0.000000000,9.800000000,0.999415537,0.000000000,0.000000000,0.034184571
0.091666652,0.000000000,0.000000000,0.816766070,0.000000000,-0.000000000,9.800000000,0.999355922,0.000000000,0.000000000,0.035885122
0.095833318,0.000000000,0.000000000,0.814710629,-0.000000000,0.000000000,9.800000000,0.999293574,0.000000000,0.000000000,0.037581289
0.104166650,0.000000000,0.000000000,0.814710629,-0.000000000,0.000000000,9.800000000,0.999160242,0.000000000,0.000000000,0.040973295
0.108333316,0.000000000,0.000000000,0.812341103,0.000000000,0.000000000,9.800000000,0.999089469,0.000000000,0.000000000,0.042664192
0.112499982,0.000000000,0.000000000,0.812341103,-0.000000000,0.000000000,9.800000000,0.999015834,0.000000000,0.000000000,0.044354966
0.116666648,0.000000000,0.000000000,0.812341103,0.000000000,0.000000000,9.800000000,0.998939338,0.000000000,0.000000000,0.046045613
0.120833314,0.000000000,0.000000000,0.809658403,0.000000000,0.000000000,9.800000000,0.998860248,0.000000000,0.000000000,0.047730546
0.129166646,0.000000000,0.000000000,0.809658403,-0.000000000,0.000000000,9.800000000,0.998693542,0.000000000,0.000000000,0.051099999
0.133333312,0.000000000,0.000000000,0.806663565,-0.000000000,0.000000000,9.800000000,0.998606255,0.000000000,0.000000000,0.052778279
0.137499978,0.000000000,0.000000000,0.806663565,0.000000000,0.000000000,9.800000000,0.998516149,0.000000000,0.000000000,0.054456410
0.141666644,0.000000000,0.000000000,0.806663565,0.000000000,0.000000000,9.800000000,0.998423222,0.000000000,0.000000000,0.056134388
0.145833310,0.000000000,0.000000000,0.803357743,0.000000000,0.000000000,9.800000000,0.998327874,0.000000000,0.000000000,0.057805331
0.154166642,0.000000000,0.000000000,0.803357743,-0.000000000,0.000000000,9.800000000,0.998128788,0.000000000,0.000000000,0.061146727
0.158333308,0.000000000,0.000000000,0.799742211,0.000000000,0.000000000,9.800000000,0.998025524,0.000000000,0.000000000,0.062809653
0.162499974,0.000000000,0.000000000,0.799742211,0.000000000,0.000000000,9.800000000,0.997919490,0.000000000,0.000000000,0.064472405
0.166666640,0.000000000,0.000000000,0.799742211,0.000000000,0.000000000,9.800000000,0.997810686,0.000000000,0.000000000,0.066134978
0.170833306,0.000000000,0.000000000,0.795818364,0.000000000,0.000000000,9.800000000,0.997699666,0.000000000,0.000000000,0.067789211
0.179166638,0.000000000,0.000000000,0.795818364,0.000000000,0.000000000,9.800000000,0.997469398,0.000000000,0.000000000,0.071097114
0.183333304,0.000000000,0.000000000,0.791587713,0.000000000,0.000000000,9.800000000,0.997350793,0.000000000,0.000000000,0.072741984
0.187499970,0.000000000,0.000000000,0.791587713,0.000000000,0.000000000,9.800000000,0.997229475,0.000000000,0.000000000,0.074386656
0.191666636,0.000000000,0.000000000,0.791587713,0.000000000,0.000000000,9.800000000,0.997105445,0.000000000,0.000000000,0.076031126
0.195833302,0.000000000,0.000000000,0.787051890,0.000000000,0.000000000,9.800000000,0.996979437,0.000000000,0.000000000,0.077665968
0.204166634,0.000000000,0.000000000,0.787051890,-0.000000000,0.000000000,9.800000000,0.996719380,0.000000000,0.000000000,0.080935021
0.208333300,0.000000000,0.000000000,0.782212644,0.000000000,0.000000000,9.800000000,0.996586164,0.000000000,0.000000000,0.082559176
0.212499966,0.000000000,0.000000000,0.782212644,0.000000000,0.000000000,9.800000000,0.996450302,0.000000000,0.000000000,0.084183112
0.216666632,0.000000000,0.000000000,0.782212644,0.000000000,0.000000000,9.800000000,0.996311793,0.000000000,0.000000000,0.085806824
0.220833298,0.000000000,0.000000000,0.777071841,0.000000000,0.000000000,9.800000000,0.996171575,0.000000000,0.000000000,0.087419640
0.229166630,0.000000000,0.000000000,0.777071841,0.000000000,0.000000000,9.800000000,0.995883307,0.000000000,0.000000000,0.090644579
0.233333296,0.000000000,0.000000000,0.771631461,0.000000000,0.000000000,9.800000000,0.995736303,0.000000000,0.000000000,0.092245409
0.237499962,0.000000000,0.000000000,0.771631461,0.000000000,0.000000000,9.800000000,0.995586726,0.000000000,0.000000000,0.093846000
0.241666628,0.000000000,0.000000000,0.771631461,0.000000000,0.000000000,9.800000000,0.995434576,0.000000000,0.000000000,0.095446349
0.245833294,0.000000000,0.000000000,0.765893603,0.000000000,-0.000000000,9.800000000,0.995281013,0.000000000,0.000000000,0.097034553
0.254166626,0.000000000,0.000000000,0.765893603,0.000000000,-0.000000000,9.800000000,0.994966287,0.000000000,0.000000000,0.100210217
0.258333292,0.000000000,0.000000000,0.759860478,-0.000000000,-0.000000000,9.800000000,0.994806403,0.000000000,0.000000000,0.101785165
0.262499958,0.000000000,0.000000000,0.759860478,-0.000000000,0.000000000,9.800000000,0.994644027,0.000000000,0.000000000,0.103359857
0.266666624,0.000000000,0.000000000,0.759860478,-0.000000000,0.000000000,9.800000000,0.994479157,0.000000000,0.000000000,0.104934291
0.270833290,0.000000000,0.000000000,0.753534413,0.000000000,0.000000000,9.800000000,0.994313200,0.000000000,0.000000000,0.106495357
0.279166622,0.000000000,0.000000000,0.753534413,0.000000000,0.000000000,9.800000000,0.993973933,0.000000000,0.000000000,0.109616698
0.283333288,0.000000000,0.000000000,0.746917846,0.000000000,0.000000000,9.800000000,0.993802157,0.000000000,0.000000000,0.111163267
0.287499954,0.000000000,0.000000000,0.746917846,-0.000000000,0.000000000,9.800000000,0.993627976,0.000000000,0.000000000,0.112709566
0.291666620,0.000000000,0.000000000,0.746917846,-0.000000000,0.000000000,9.800000000,0.993451388,0.000000000,0.000000000,0.114255592
0.295833286,0.000000000,0.000000000,0.740013328,-0.000000000,0.000000000,9.800000000,0.993274060,0.000000000,0.000000000,0.115787054
0.304166618,0.000000000,0.000000000,0.740013328,0.000000000,0.000000000,9.800000000,0.992912322,0.000000000,0.000000000,0.118849148
0.308333284,0.000000000,0.000000000,0.732823521,-0.000000000,0.000000000,9.800000000,0.992729716,0.000000000,0.000000000,0.120364904
0.312499950,0.000000000,0.000000000,0.732823521,0.000000000,0.000000000,9.800000000,0.992544797,0.000000000,0.000000000,0.121880378
0.316666616,0.000000000,0.000000000,0.732823521,0.000000000,0.000000000,9.800000000,0.992357563,0.000000000,0.000000000,0.123395569
0.320833282,0.000000000,0.000000000,0.725351196,0.000000000,0.000000000,9.800000000,0.992169961,0.000000000,0.000000000,0.124895027
0.329166614,0.000000000,0.000000000,0.725351196,0.000000000,0.000000000,9.800000000,0.991787961,0.000000000,0.000000000,0.127893084
0.333333280,0.000000000,0.000000000,0.717599235,0.000000000,0.000000000,9.800000000,0.991595653,0.000000000,0.000000000,0.129375661
0.337499946,0.000000000,0.000000000,0.717599235,0.000000000,0.000000000,9.800000000,0.991401128,0.000000000,0.000000000,0.130857950
0.341666612,0.000000000,0.000000000,0.717599235,0.000000000,0.000000000,9.800000000,0.991204388,0.000000000,0.000000000,0.132339946
0.345833278,0.000000000,0.000000000,0.709570626,0.000000000,-0.000000000,9.800000000,0.991007671,0.000000000,0.000000000,0.133805070
0.354166610,0.000000000,0.000000000,0.709570626,0.000000000,0.000000000,9.800000000,0.990607739,0.000000000,0.000000000,0.136734439
0.358333276,0.000000000,0.000000000,0.701268464,-0.000000000,-0.000000000,9.800000000,0.990406917,0.000000000,0.000000000,0.138181546
0.362499942,0.000000000,0.000000000,0.701268464,-0.000000000,0.000000000,9.800000000,0.990203980,0.000000000,0.000000000,0.139628359
0.366666608,0.000000000,0.000000000,0.701268464,-0.000000000,-0.000000000,9.800000000,0.989998929,0.000000000,0.000000000,0.141074873
0.370833274,0.000000000,0.000000000,0.692695950,0.000000000,0.000000000,9.800000000,0.989794311,0.000000000,0.000000000,0.142503409
0.379166606,0.000000000,0.000000000,0.692695950,-0.000000000,0.000000000,9.800000000,0.989378891,0.000000000,0.000000000,0.145359589
0.383333272,0.000000000,0.000000000,0.683856388,-0.000000000,0.000000000,9.800000000,0.989170793,0.000000000,0.000000000,0.146769009
0.387499938,0.000000000,0.000000000,0.683856388,-0.000000000,0.000000000,9.800000000,0.988960687,0.000000000,0.000000000,0.148178132
0.391666604,0.000000000,0.000000000,0.683856388,-0.000000000,0.000000000,9.800000000,0.988748574,0.000000000,0.000000000,0.149586954
0.395833270,0.000000000,0.000000000,0.674753187,0.000000000,-0.000000000,9.800000000,0.988537318,0.000000000,0.000000000,0.150976725
0.404166602,0.000000000,0.000000000,0.674753187,0.000000000,-0.000000000,9.800000000,0.988108945,0.000000000,0.000000000,0.153755369
0.408333268,0.000000000,0.000000000,0.665389856,-0.000000000,-0.000000000,9.800000000,0.987894855,0.000000000,0.000000000,0.155124965
0.412499934,0.000000000,0.000000000,0.665389856,-0.000000000,0.000000000,9.800000000,0.987678868,0.000000000,0.000000000,0.156494264
0.416666600,0.000000000,0.000000000,0.665389856,-0.000000000,-0.000000000,9.800000000,0.987460982,0.000000000,0.000000000,0.157863262
0.420833266,0.000000000,0.000000000,0.655770004,-0.000000000,0.000000000,9.800000000,0.987244390,0.000000000,0.000000000,0.159212171
0.429166598,0.000000000,0.000000000,0.655770004,-0.000000000,-0.000000000,9.800000000,0.986805677,0.000000000,0.000000000,0.161909095
0.433333264,0.000000000,0.000000000,0.645897341,0.000000000,0.000000000,9.800000000,0.986586916,0.000000000,0.000000000,0.163236812
0.437499930,0.000000000,0.000000000,0.645897341,0.000000000,0.000000000,9.800000000,0.986366368,0.000000000,0.000000000,0.164564235
0.441666596,0.000000000,0.000000000,0.645897341,0.000000000,0.000000000,9.800000000,0.986144035,0.000000000,0.000000000,0.165891359
0.445833262,0.000000000,0.000000000,0.635775672,0.000000000,-0.000000000,9.800000000,0.985923441,0.000000000,0.000000000,0.167197393
0.454166594,0.000000000,0.000000000,0.635775672,-0.000000000,-0.000000000,9.800000000,0.985477066,0.000000000,0.000000000,0.169808578
0.458333260,0.000000000,0.000000000,0.625408899,-0.000000000,-0.000000000,9.800000000,0.985254980,0.000000000,0.000000000,0.171092446
0.462499926,0.000000000,0.000000000,0.625408899,-0.000000000,-0.000000000,9.800000000,0.985031221,0.000000000,0.000000000,0.172376024
0.466666592,0.000000000,0.000000000,0.625408899,-0.000000000,0.000000000,9.800000000,0.984805790,0.000000000,0.000000000,0.173659309
0.470833258,0.000000000,0.000000000,0.614801020,-0.000000000,-0.000000000,9.800000000,0.984582554,0.000000000,0.000000000,0.174920540
0.479166590,0.000000000,0.000000000,0.614801020,-0.000000000,-0.000000000,9.800000000,0.984131235,0.000000000,0.000000000,0.177442139
0.483333256,0.000000000,0.000000000,0.603956123,0.000000000,0.000000000,9.800000000,0.983907191,0.000000000,0.000000000,0.178680273
0.487499922,0.000000000,0.000000000,0.603956123,0.000000000,0.000000000,9.800000000,0.983681589,0.000000000,0.000000000,0.179918125
0.491666588,0.000000000,0.000000000,0.603956123,-0.000000000,0.000000000,9.800000000,0.983454430,0.000000000,0.000000000,0.181155691
0.495833254,0.000000000,0.000000000,0.592878389,0.000000000,0.000000000,9.800000000,0.983229923,0.000000000,0.000000000,0.182370279
0.504166586,0.000000000,0.000000000,0.592878389,0.000000000,0.000000000,9.800000000,0.982776409,0.000000000,0.000000000,0.184798619
0.508333252,0.000000000,0.000000000,0.581572090,0.000000000,0.000000000,9.800000000,0.982551784,0.000000000,0.000000000,0.185989223
0.512499918,0.000000000,0.000000000,0.581572090,0.000000000,0.000000000,9.800000000,0.982325717,0.000000000,0.000000000,0.187179554
0.516666584,0.000000000,0.000000000,0.581572090,-0.000000000,-0.000000000,9.800000000,0.982098208,0.000000000,0.000000000,0.188369611
0.520833250,0.000000000,0.000000000,0.570041583,-0.000000000,0.000000000,9.800000000,0.981873810,0.000000000,0.000000000,0.189535804
0.529166582,0.000000000,0.000000000,0.570041583,-0.000000000,0.000000000,9.800000000,0.981420861,0.000000000,0.000000000,0.191867387
0.533333248,0.000000000,0.000000000,0.558291315,0.000000000,-0.000000000,9.800000000,0.981197035,0.000000000,0.000000000,0.193008755
0.537499914,0.000000000,0.000000000,0.558291315,0.000000000,-0.000000000,9.800000000,0.980971881,0.000000000,0.000000000,0.194149861
0.541666580,0.000000000,0.000000000,0.558291315,0.000000000,0.000000000,9.800000000,0.980745401,0.000000000,0.000000000,0.195290704
0.545833246,0.000000000,0.000000000,0.546325815,0.000000000,0.000000000,9.800000000,0.980522490,0.000000000,0.000000000,0.196406841
0.554166578,0.000000000,0.000000000,0.546325815,0.000000000,0.000000000,9.800000000,0.980072858,0.000000000,0.000000000,0.198638349
0.558333244,0.000000000,0.000000000,0.534149696,0.000000000,0.000000000,9.800000000,0.979851204,0.000000000,0.000000000,0.199728863
0.562499910,0.000000000,0.000000000,0.534149696,-0.000000000,0.000000000,9.800000000,0.979628336,0.000000000,0.000000000,0.200819129
0.566666576,0.000000000,0.000000000,0.534149696,0.000000000,0.000000000,9.800000000,0.979404256,0.000000000,0.000000000,0.201909146
0.570833242,0.000000000,0.000000000,0.521767652,0.000000000,-0.000000000,9.800000000,0.979184199,0.000000000,0.000000000,0.202973654
0.579166574,0.000000000,0.000000000,0.521767652,0.000000000,-0.000000000,9.800000000,0.978740614,0.000000000,0.000000000,0.205101950
0.583333240,0.000000000,0.000000000,0.509184457,0.000000000,0.000000000,9.800000000,0.978522491,0.000000000,0.000000000,0.206140083
0.587499906,0.000000000,0.000000000,0.509184457,0.000000000,0.000000000,9.800000000,0.978303267,0.000000000,0.000000000,0.207177985
0.591666572,0.000000000,0.000000000,0.509184457,0.000000000,0.000000000,9.800000000,0.978082942,0.000000000,0.000000000,0.208215653
0.595833238,0.000000000,0.000000000,0.496404962,0.000000000,0.000000000,9.800000000,0.977867087,0.000000000,0.000000000,0.209227052
0.604166570,0.000000000,0.000000000,0.496404962,0.000000000,-0.000000000,9.800000000,0.977432241,0.000000000,0.000000000,0.211249178
0.608333236,0.000000000,0.000000000,0.483434093,-0.000000000,0.000000000,9.800000000,0.977218984,0.000000000,0.000000000,0.212233496
0.612499902,0.000000000,0.000000000,0.483434093,0.000000000,0.000000000,9.800000000,0.977004737,0.000000000,0.000000000,0.213217598
0.616666568,0.000000000,0.000000000,0.483434093,0.000000000,0.000000000,9.800000000,0.976789498,0.000000000,0.000000000,0.214201484
0.620833234,0.000000000,0.000000000,0.470276851,0.000000000,-0.000000000,9.800000000,0.976579167,0.000000000,0.000000000,0.215158384
0.629166566,0.000000000,0.000000000,0.470276851,0.000000000,-0.000000000,9.800000000,0.976155693,0.000000000,0.000000000,0.217071564
0.633333232,0.000000000,0.000000000,0.456938309,-0.000000000,-0.000000000,9.800000000,0.975948608,0.000000000,0.000000000,0.218000721
0.637499898,0.000000000,0.000000000,0.456938309,-0.000000000,-0.000000000,9.800000000,0.975740639,0.000000000,0.000000000,0.218929681
0.641666564,0.000000000,0.000000000,0.456938309,-0.000000000,-0.000000000,9.800000000,0.975531786,0.000000000,0.000000000,0.219858443
0.645833230,0.000000000,0.000000000,0.443423608,0.000000000,-0.000000000,9.800000000,0.975328265,0.000000000,0.000000000,0.220759544
0.654166562,0.000000000,0.000000000,0.443423608,0.000000000,-0.000000000,9.800000000,0.974918725,0.000000000,0.000000000,0.222561181
0.658333228,0.000000000,0.000000000,0.429737959,0.000000000,0.000000000,9.800000000,0.974719078,0.000000000,0.000000000,0.223433924
0.662499894,0.000000000,0.000000000,0.429737959,0.000000000,0.000000000,9.800000000,0.974518650,0.000000000,0.000000000,0.224306488
0.666666560,0.000000000,0.000000000,0.429737959,0.000000000,0.000000000,9.800000000,0.974317441,0.000000000,0.000000000,0.225178872
0.670833226,0.000000000,0.000000000,0.415886638,0.000000000,-0.000000000,9.800000000,0.974121973,0.000000000,0.000000000,0.226022965
0.679166558,0.000000000,0.000000000,0.415886638,-0.000000000,-0.000000000,9.800000000,0.973728845,0.000000000,0.000000000,0.227710643
0.683333224,0.000000000,0.000000000,0.401874985,-0.000000000,0.000000000,9.800000000,0.973537855,0.000000000,0.000000000,0.228525807
0.687499890,0.000000000,0.000000000,0.401874985,0.000000000,0.000000000,9.800000000,0.973346183,0.000000000,0.000000000,0.229340811
0.691666556,0.000000000,0.000000000,0.401874985,0.000000000,0.000000000,9.800000000,0.973153829,0.000000000,0.000000000,0.230155655
0.695833222,0.000000000,0.000000000,0.387708401,-0.000000000,0.000000000,9.800000000,0.972967609,0.000000000,0.000000000,0.230941621
0.704166554,0.000000000,0.000000000,0.387708401,0.000000000,0.000000000,9.800000000,0.972593264,0.000000000,0.000000000,0.232513101
0.708333220,0.000000000,0.000000000,0.373392348,0.000000000,0.000000000,9.800000000,0.972412098,0.000000000,0.000000000,0.233269611
0.712499886,0.000000000,0.000000000,0.373392348,0.000000000,0.000000000,9.800000000,0.972230343,0.000000000,0.000000000,0.234025980
0.716666552,0.000000000,0.000000000,0.373392348,0.000000000,0.000000000,9.800000000,0.972048000,0.000000000,0.000000000,0.234782208
0.720833218,0.000000000,0.000000000,0.358932346,0.000000000,0.000000000,9.800000000,0.971872164,0.000000000,0.000000000,0.235509016
0.729166550,0.000000000,0.000000000,0.358932346,0.000000000,0.000000000,9.800000000,0.971518862,0.000000000,0.000000000,0.236962237
0.733333216,0.000000000,0.000000000,0.344333968,0.000000000,0.000000000,9.800000000,0.971348624,0.000000000,0.000000000,0.237659107
0.737499882,0.000000000,0.000000000,0.344333968,0.000000000,0.000000000,9.800000000,0.971177886,0.000000000,0.000000000,0.238355854
0.741666548,0.000000000,0.000000000,0.344333968,0.000000000,0.000000000,9.800000000,0.971006649,0.000000000,0.000000000,0.239052480
0.745833214,0.000000000,0.000000000,0.329602844,0.000000000,0.000000000,9.800000000,0.970842269,0.000000000,0.000000000,0.239719187
0.754166546,0.000000000,0.000000000,0.329602844,0.000000000,0.000000000,9.800000000,0.970512137,0.000000000,0.000000000,0.241052262
0.758333212,0.000000000,0.000000000,0.314744651,0.000000000,0.000000000,9.800000000,0.970353866,0.000000000,0.000000000,0.241688592
0.762499878,0.000000000,0.000000000,0.314744651,0.000000000,0.000000000,9.800000000,0.970195178,0.000000000,0.000000000,0.242324818
0.766666544,0.000000000,0.000000000,0.314744651,0.000000000,0.000000000,9.800000000,0.970036072,0.000000000,0.000000000,0.242960940
0.770833210,0.000000000,0.000000000,0.299765118,-0.000000000,0.000000000,9.800000000,0.969884151,0.000000000,0.000000000,0.243566691
0.779166542,0.000000000,0.000000000,0.299765118,0.000000000,0.000000000,9.800000000,0.969579175,0.000000000,0.000000000,0.244777906
0.783333208,0.000000000,0.000000000,0.284670019,0.000000000,-0.000000000,9.800000000,0.969433836,0.000000000,0.000000000,0.245352884
0.787499874,0.000000000,0.000000000,0.284670019,0.000000000,0.000000000,9.800000000,0.969288156,0.000000000,0.000000000,0.245927776
0.791666540,0.000000000,0.000000000,0.284670019,0.000000000,0.000000000,9.800000000,0.969142135,0.000000000,0.000000000,0.246502581
0.795833206,0.000000000,0.000000000,0.269465176,-0.000000000,0.000000000,9.800000000,0.969003599,0.000000000,0.000000000,0.247046605
0.804166538,0.000000000,0.000000000,0.269465176,-0.000000000,-0.000000000,9.800000000,0.968725612,0.000000000,0.000000000,0.248134418
0.808333204,0.000000000,0.000000000,0.254156448,0.000000000,0.000000000,9.800000000,0.968594090,0.000000000,0.000000000,0.248647316
0.812499870,0.000000000,0.000000000,0.254156448,0.000000000,0.000000000,9.800000000,0.968462298,0.000000000,0.000000000,0.249160145
0.816666536,0.000000000,0.000000000,0.254156448,0.000000000,0.000000000,9.800000000,0.968330234,0.000000000,0.000000000,0.249672903
0.820833202,0.000000000,0.000000000,0.238749738,0.000000000,-0.000000000,9.800000000,0.968205928,0.000000000,0.000000000,0.250154515
0.829166534,0.000000000,0.000000000,0.238749738,0.000000000,-0.000000000,9.800000000,0.967956597,0.000000000,0.000000000,0.251117554
0.833333200,0.000000000,0.000000000,0.223250986,0.000000000,0.000000000,9.800000000,0.967839696,0.000000000,0.000000000,0.251567729
0.837499866,0.000000000,0.000000000,0.223250986,0.000000000,0.000000000,9.800000000,0.967722586,0.000000000,0.000000000,0.252017850
0.841666532,0.000000000,0.000000000,0.223250986,0.000000000,0.000000000,9.800000000,0.967605266,0.000000000,0.000000000,0.252467917
0.845833198,0.000000000,0.000000000,0.207666166,-0.000000000,-0.000000000,9.800000000,0.967495948,0.000000000,0.000000000,0.252886516
0.854166530,0.000000000,0.000000000,0.207666166,0.000000000,-0.000000000,9.800000000,0.967276770,0.000000000,0.000000000,0.253723571
0.858333196,0.000000000,0.000000000,0.192001287,0.000000000,0.000000000,9.800000000,0.967175202,0.000000000,0.000000000,0.254110464
0.862499862,0.000000000,0.000000000,0.192001287,0.000000000,0.000000000,9.800000000,0.967073480,0.000000000,0.000000000,0.254497317
0.866666528,0.000000000,0.000000000,0.192001287,0.000000000,-0.000000000,9.800000000,0.966971603,0.000000000,0.000000000,0.254884128
0.870833194,0.000000000,0.000000000,0.176262388,-0.000000000,-0.000000000,9.800000000,0.966877941,0.000000000,0.000000000,0.255239196
0.879166526,0.000000000,0.000000000,0.176262388,-0.000000000,-0.000000000,9.800000000,0.966690226,0.000000000,0.000000000,0.255949228
0.883333192,0.000000000,0.000000000,0.160455536,-0.000000000,0.000000000,9.800000000,0.966604613,0.000000000,0.000000000,0.256272361
0.887499858,0.000000000,0.000000000,0.160455536,-0.000000000,0.000000000,9.800000000,0.966518891,0.000000000,0.000000000,0.256595466
0.891666524,0.000000000,0.000000000,0.160455536,-0.000000000,-0.000000000,9.800000000,0.966433062,0.000000000,0.000000000,0.256918541
0.895833190,0.000000000,0.000000000,0.144586825,-0.000000000,-0.000000000,9.800000000,0.966355628,0.000000000,0.000000000,0.257209641
0.904166522,0.000000000,0.000000000,0.144586825,-0.000000000,-0.000000000,9.800000000,0.966200498,0.000000000,0.000000000,0.257791771
0.908333188,0.000000000,0.000000000,0.128662374,0.000000000,0.000000000,9.800000000,0.966131363,0.000000000,0.000000000,0.258050748
0.912499854,0.000000000,0.000000000,0.128662374,0.000000000,0.000000000,9.800000000,0.966062159,0.000000000,0.000000000,0.258309707
0.916666520,0.000000000,0.000000000,0.128662374,0.000000000,0.000000000,9.800000000,0.965992885,0.000000000,0.000000000,0.258568647
0.920833186,0.000000000,0.000000000,0.112688321,0.000000000,0.000000000,9.800000000,0.965932155,0.000000000,0.000000000,0.258795424
0.929166518,0.000000000,0.000000000,0.112688321,0.000000000,0.000000000,9.800000000,0.965810535,0.000000000,0.000000000,0.259248934
0.933333184,0.000000000,0.000000000,0.096670824,0.000000000,0.000000000,9.800000000,0.965758304,0.000000000,0.000000000,0.259443441
0.937499850,0.000000000,0.000000000,0.096670824,0.000000000,0.000000000,9.800000000,0.965706033,0.000000000,0.000000000,0.259637937
0.941666516,0.000000000,0.000000000,0.096670824,0.000000000,0.000000000,9.800000000,0.965653723,0.000000000,0.000000000,0.259832422
0.945833182,0.000000000,0.000000000,0.080616059,0.000000000,0.000000000,9.800000000,0.965610070,0.000000000,0.000000000,0.259994600
0.954166514,0.000000000,0.000000000,0.080616059,0.000000000,-0.000000000,9.800000000,0.965522684,0.000000000,0.000000000,0.260318934
0.958333180,0.000000000,0.000000000,0.064530215,0.000000000,0.000000000,9.800000000,0.965487678,0.000000000,0.000000000,0.260448735
0.962499846,0.000000000,0.000000000,0.064530215,-0.000000000,0.000000000,9.800000000,0.965452655,0.000000000,0.000000000,0.260578530
0.966666512,0.000000000,0.000000000,0.064530215,-0.000000000,0.000000000,9.800000000,0.965417615,0.000000000,0.000000000,0.260708321
0.970833178,0.000000000,0.000000000,0.048419494,-0.000000000,0.000000000,9.800000000,0.965391311,0.000000000,0.000000000,0.260805706
0.979166510,0.000000000,0.000000000,0.048419494,-0.000000000,-0.000000000,9.800000000,0.965338675,0.000000000,0.000000000,0.261000466
0.983333176,0.000000000,0.000000000,0.032290106,0.000000000,0.000000000,9.800000000,0.965321115,0.000000000,0.000000000,0.261065405
0.987499842,0.000000000,0.000000000,0.032290106,0.000000000,0.000000000,9.800000000,0.965303550,0.000000000,0.000000000,0.261130342
0.991666508,0.000000000,0.000000000,0.032290106,0.000000000,0.000000000,9.800000000,0.965285982,0.000000000,0.000000000,0.261195279
0.995833174,0.000000000,0.000000000,0.016148269,0.000000000,0.000000000,9.800000000,0.965277194,0.000000000,0.000000000,0.261227753
1.004166506,0.000000000,0.000000000,0.016148269,0.000000000,-0.000000000,9.800000000,0.965259615,0.000000000,0.000000000,0.261292700
1.008333172,0.000000000,0.000000000,0.000000207,-0.000000000,-0.000000000,9.800000000,0.965259615,0.000000000,0.000000000,0.261292701
1.012499838,0.000000000,0.000000000,0.000000207,-0.000000000,0.000000000,9.800000000,0.965259615,0.000000000,0.000000000,0.261292701
1.016666504,0.000000000,0.000000000,0.000000207,-0.000000000,0.000000000,9.800000000,0.965259615,0.000000000,0.000000000,0.261292702
1.020833170,0.000000000,0.000000000,-0.016147856,-0.000000000,0.000000000,9.800000000,0.965268405,0.000000000,0.000000000,0.261260229
1.029166502,0.000000000,0.000000000,-0.016147856,-0.000000000,0.000000000,9.800000000,0.965285981,0.000000000,0.000000000,0.261195282
1.033333168,0.000000000,0.000000000,-0.032289692,0.000000000,0.000000000,9.800000000,0.965303549,0.000000000,0.000000000,0.261130347
1.037499834,0.000000000,0.000000000,-0.032289692,0.000000000,0.000000000,9.800000000,0.965321113,0.000000000,0.000000000,0.261065410
1.041666500,0.000000000,0.000000000,-0.032289692,0.000000000,0.000000000,9.800000000,0.965338673,0.000000000,0.000000000,0.261000472
1.045833166,0.000000000,0.000000000,-0.048419081,0.000000000,0.000000000,9.800000000,0.965364996,0.000000000,0.000000000,0.260903094
1.054166498,0.000000000,0.000000000,-0.048419081,0.000000000,0.000000000,9.800000000,0.965417613,0.000000000,0.000000000,0.260708330
1.058333164,0.000000000,0.000000000,-0.064529803,0.000000000,0.000000000,9.800000000,0.965452653,0.000000000,0.000000000,0.260578540
1.062499830,0.000000000,0.000000000,-0.064529803,0.000000000,0.000000000,9.800000000,0.965487675,0.000000000,0.000000000,0.260448745
1.066666496,0.000000000,0.000000000,-0.064529803,-0.000000000,0.000000000,9.800000000,0.965522681,0.000000000,0.000000000,0.260318945
1.070833162,0.000000000,0.000000000,-0.080615648,0.000000000,0.000000000,9.800000000,0.965566387,0.000000000,0.000000000,0.260156783
1.079166494,0.000000000,0.000000000,-0.080615648,0.000000000,0.000000000,9.800000000,0.965653719,0.000000000,0.000000000,0.259832436
1.083333160,0.000000000,0.000000000,-0.096670414,0.000000000,-0.000000000,9.800000000,0.965706029,0.000000000,0.000000000,0.259637951
1.087499826,0.000000000,0.000000000,-0.096670414,0.000000000,-0.000000000,9.800000000,0.965758300,0.000000000,0.000000000,0.259443456
1.091666492,0.000000000,0.000000000,-0.096670414,0.000000000,-0.000000000,9.800000000,0.965810531,0.000000000,0.000000000,0.259248950
1.095833158,0.000000000,0.000000000,-0.112687912,0.000000000,-0.000000000,9.800000000,0.965871367,0.000000000,0.000000000,0.259022203
1.104166490,0.000000000,0.000000000,-0.112687912,0.000000000,0.000000000,9.800000000,0.965992880,0.000000000,0.000000000,0.258568666
1.108333156,0.000000000,0.000000000,-0.128661966,0.000000000,-0.000000000,9.800000000,0.966062154,0.000000000,0.000000000,0.258309727
1.112499822,0.000000000,0.000000000,-0.128661966,0.000000000,-0.000000000,9.800000000,0.966131358,0.000000000,0.000000000,0.258050768
1.116666488,0.000000000,0.000000000,-0.128661966,0.000000000,-0.000000000,9.800000000,0.966200493,0.000000000,0.000000000,0.257791792
1.120833154,0.000000000,0.000000000,-0.144586418,0.000000000,0.000000000,9.800000000,0.966278101,0.000000000,0.000000000,0.257500740
1.129166486,0.000000000,0.000000000,-0.144586418,0.000000000,0.000000000,9.800000000,0.966433056,0.000000000,0.000000000,0.256918565
1.133333152,0.000000000,0.000000000,-0.160455130,0.000000000,0.000000000,9.800000000,0.966518885,0.000000000,0.000000000,0.256595490
1.137499818,0.000000000,0.000000000,-0.160455130,0.000000000,-0.000000000,9.800000000,0.966604606,0.000000000,0.000000000,0.256272386
1.141666484,0.000000000,0.000000000,-0.160455130,0.000000000,-0.000000000,9.800000000,0.966690219,0.000000000,0.000000000,0.255949254
1.145833150,0.000000000,0.000000000,-0.176261984,0.000000000,0.000000000,9.800000000,0.966784142,0.000000000,0.000000000,0.255594256
1.154166482,0.000000000,0.000000000,-0.176261984,0.000000000,0.000000000,9.800000000,0.966971596,0.000000000,0.000000000,0.254884157
1.158333148,0.000000000,0.000000000,-0.192000885,-0.000000000,0.000000000,9.800000000,0.967073472,0.000000000,0.000000000,0.254497346
1.162499814,0.000000000,0.000000000,-0.192000885,-0.000000000,0.000000000,9.800000000,0.967175194,0.000000000,0.000000000,0.254110495
1.166666480,0.000000000,0.000000000,-0.192000885,-0.000000000,0.000000000,9.800000000,0.967276762,0.000000000,0.000000000,0.253723602
1.170833146,0.000000000,0.000000000,-0.207665766,0.000000000,0.000000000,9.800000000,0.967386441,0.000000000,0.000000000,0.253305099
1.179166478,0.000000000,0.000000000,-0.207665766,0.000000000,0.000000000,9.800000000,0.967605257,0.000000000,0.000000000,0.252467950
1.183333144,0.000000000,0.000000000,-0.223250588,0.000000000,0.000000000,9.800000000,0.967722577,0.000000000,0.000000000,0.252017884
1.187499810,0.000000000,0.000000000,-0.223250588,0.000000000,0.000000000,9.800000000,0.967839687,0.000000000,0.000000000,0.251567764
1.191666476,0.000000000,0.000000000,-0.223250588,0.000000000,0.000000000,9.800000000,0.967956588,0.000000000,0.000000000,0.251117589
1.195833142,0.000000000,0.000000000,-0.238749342,-0.000000000,0.000000000,9.800000000,0.968081373,0.000000000,0.000000000,0.250636102
1.204166474,0.000000000,0.000000000,-0.238749342,-0.000000000,0.000000000,9.800000000,0.968330224,0.000000000,0.000000000,0.249672942
1.208333140,0.000000000,0.000000000,-0.254156055,-0.000000000,0.000000000,9.800000000,0.968462288,0.000000000,0.000000000,0.249160184
1.212499806,0.000000000,0.000000000,-0.254156055,0.000000000,0.000000000,9.800000000,0.968594080,0.000000000,0.000000000,0.248647356
1.216666472,0.000000000,0.000000000,-0.254156055,0.000000000,0.000000000,9.800000000,0.968725601,0.000000000,0.000000000,0.248134459
1.220833138,0.000000000,0.000000000,-0.269464785,-0.000000000,0.000000000,9.800000000,0.968864747,0.000000000,0.000000000,0.247590592
1.229166470,0.000000000,0.000000000,-0.269464785,-0.000000000,0.000000000,9.800000000,0.969142124,0.000000000,0.000000000,0.246502624
1.233333136,0.000000000,0.000000000,-0.284669632,-0.000000000,0.000000000,9.800000000,0.969288145,0.000000000,0.000000000,0.245927820
1.237499802,0.000000000,0.000000000,-0.284669632,-0.000000000,0.000000000,9.800000000,0.969433825,0.000000000,0.000000000,0.245352929
1.241666468,0.000000000,0.000000000,-0.284669632,0.000000000,0.000000000,9.800000000,0.969579164,0.000000000,0.000000000,0.244777952
1.245833134,0.000000000,0.000000000,-0.299764733,0.000000000,-0.000000000,9.800000000,0.969731841,0.000000000,0.000000000,0.244172392
1.254166466,0.000000000,0.000000000,-0.299764733,0.000000000,-0.000000000,9.800000000,0.970036060,0.000000000,0.000000000,0.242960988
1.258333132,0.000000000,0.000000000,-0.314744269,0.000000000,0.000000000,9.800000000,0.970195165,0.000000000,0.000000000,0.242324867
1.262499798,0.000000000,0.000000000,-0.314744269,0.000000000,0.000000000,9.800000000,0.970353853,0.000000000,0.000000000,0.241688641
1.266666464,0.000000000,0.000000000,-0.314744269,0.000000000,0.000000000,9.800000000,0.970512124,0.000000000,0.000000000,0.241052312
1.270833130,0.000000000,0.000000000,-0.329602465,0.000000000,-0.000000000,9.800000000,0.970677419,0.000000000,0.000000000,0.240385832
1.279166462,0.000000000,0.000000000,-0.329602465,0.000000000,-0.000000000,9.800000000,0.971006636,0.000000000,0.000000000,0.239052532
1.283333128,0.000000000,0.000000000,-0.344333593,-0.000000000,0.000000000,9.800000000,0.971177873,0.000000000,0.000000000,0.238355908
1.287499794,0.000000000,0.000000000,-0.344333593,0.000000000,0.000000000,9.800000000,0.971348611,0.000000000,0.000000000,0.237659161
1.291666460,0.000000000,0.000000000,-0.344333593,0.000000000,0.000000000,9.800000000,0.971518848,0.000000000,0.000000000,0.236962291
1.295833126,0.000000000,0.000000000,-0.358931974,0.000000000,-0.000000000,9.800000000,0.971695771,0.000000000,0.000000000,0.236235748
1.304166458,0.000000000,0.000000000,-0.358931974,0.000000000,-0.000000000,9.800000000,0.972047986,0.000000000,0.000000000,0.234782265
1.308333124,0.000000000,0.000000000,-0.373391980,0.000000000,-0.000000000,9.800000000,0.972230329,0.000000000,0.000000000,0.234026038
1.312499790,0.000000000,0.000000000,-0.373391980,0.000000000,-0.000000000,9.800000000,0.972412084,0.000000000,0.000000000,0.233269670
1.316666456,0.000000000,0.000000000,-0.373391980,0.000000000,-0.000000000,9.800000000,0.972593250,0.000000000,0.000000000,0.232513160
1.320833122,0.000000000,0.000000000,-0.387708036,0.000000000,0.000000000,9.800000000,0.972780740,0.000000000,0.000000000,0.231727496
1.329166454,0.000000000,0.000000000,-0.387708036,-0.000000000,0.000000000,9.800000000,0.973153814,0.000000000,0.000000000,0.230155716
1.333333120,0.000000000,0.000000000,-0.401874624,0.000000000,-0.000000000,9.800000000,0.973346169,0.000000000,0.000000000,0.229340873
1.337499786,0.000000000,0.000000000,-0.401874624,0.000000000,0.000000000,9.800000000,0.973537840,0.000000000,0.000000000,0.228525870
1.341666452,0.000000000,0.000000000,-0.401874624,0.000000000,0.000000000,9.800000000,0.973728830,0.000000000,0.000000000,0.227710707
1.345833118,0.000000000,0.000000000,-0.415886281,0.000000000,0.000000000,9.800000000,0.973925760,0.000000000,0.000000000,0.226866954
1.354166450,0.000000000,0.000000000,-0.415886281,0.000000000,0.000000000,9.800000000,0.974317426,0.000000000,0.000000000,0.225178938
1.358333116,0.000000000,0.000000000,-0.429737607,0.000000000,0.000000000,9.800000000,0.974518635,0.000000000,0.000000000,0.224306554
1.362499782,0.000000000,0.000000000,-0.429737607,0.000000000,0.000000000,9.800000000,0.974719063,0.000000000,0.000000000,0.223433991
1.366666448,0.000000000,0.000000000,-0.429737607,0.000000000,0.000000000,9.800000000,0.974918710,0.000000000,0.000000000,0.222561249
1.370833114,0.000000000,0.000000000,-0.443423260,-0.000000000,0.000000000,9.800000000,0.975123895,0.000000000,0.000000000,0.221660526
1.379166446,0.000000000,0.000000000,-0.443423260,-0.000000000,0.000000000,9.800000000,0.975531770,0.000000000,0.000000000,0.219858513
1.383333112,0.000000000,0.000000000,-0.456937965,0.000000000,0.000000000,9.800000000,0.975740623,0.000000000,0.000000000,0.218929752
1.387499778,0.000000000,0.000000000,-0.456937965,0.000000000,0.000000000,9.800000000,0.975948592,0.000000000,0.000000000,0.218000793
1.391666444,0.000000000,0.000000000,-0.456937965,0.000000000,0.000000000,9.800000000,0.976155677,0.000000000,0.000000000,0.217071636
1.395833110,0.000000000,0.000000000,-0.470276512,0.000000000,0.000000000,9.800000000,0.976367882,0.000000000,0.000000000,0.216115151
1.404166442,0.000000000,0.000000000,-0.470276512,0.000000000,0.000000000,9.800000000,0.976789482,0.000000000,0.000000000,0.214201559
1.408333108,0.000000000,0.000000000,-0.483433759,0.000000000,0.000000000,9.800000000,0.977004720,0.000000000,0.000000000,0.213217673
1.412499774,0.000000000,0.000000000,-0.483433759,0.000000000,0.000000000,9.800000000,0.977218968,0.000000000,0.000000000,0.212233572
1.416666440,0.000000000,0.000000000,-0.483433759,0.000000000,0.000000000,9.800000000,0.977432224,0.000000000,0.000000000,0.211249255
1.420833106,0.000000000,0.000000000,-0.496404632,0.000000000,0.000000000,9.800000000,0.977650170,0.000000000,0.000000000,0.210238305
1.429166438,0.000000000,0.000000000,-0.496404632,0.000000000,0.000000000,9.800000000,0.978082925,0.000000000,0.000000000,0.208215732
1.433333104,0.000000000,0.000000000,-0.509184133,-0.000000000,-0.000000000,9.800000000,0.978303250,0.000000000,0.000000000,0.207178064
1.437499770,0.000000000,0.000000000,-0.509184133,-0.000000000,0.000000000,9.800000000,0.978522474,0.000000000,0.000000000,0.206140164
1.441666436,0.000000000,0.000000000,-0.509184133,-0.000000000,0.000000000,9.800000000,0.978740597,0.000000000,0.000000000,0.205102031
1.445833102,0.000000000,0.000000000,-0.521767333,-0.000000000,0.000000000,9.800000000,0.978962968,0.000000000,0.000000000,0.204038004
1.454166434,0.000000000,0.000000000,-0.521767333,0.000000000,0.000000000,9.800000000,0.979404239,0.000000000,0.000000000,0.201909229
1.458333100,0.000000000,0.000000000,-0.534149382,-0.000000000,0.000000000,9.800000000,0.979628319,0.000000000,0.000000000,0.200819212
1.462499766,0.000000000,0.000000000,-0.534149382,0.000000000,0.000000000,9.800000000,0.979851187,0.000000000,0.000000000,0.199728947
1.466666432,0.000000000,0.000000000,-0.534149382,0.000000000,0.000000000,9.800000000,0.980072840,0.000000000,0.000000000,0.198638434
1.470833098,0.000000000,0.000000000,-0.546325506,0.000000000,-0.000000000,9.800000000,0.980298291,0.000000000,0.000000000,0.197522808
1.479166430,0.000000000,0.000000000,-0.546325506,0.000000000,-0.000000000,9.800000000,0.980745383,0.000000000,0.000000000,0.195290791
1.483333096,0.000000000,0.000000000,-0.558291012,0.000000000,-0.000000000,9.800000000,0.980971864,0.000000000,0.000000000,0.194149948
1.487499762,0.000000000,0.000000000,-0.558291012,-0.000000000,-0.000000000,9.800000000,0.981197017,0.000000000,0.000000000,0.193008842
1.491666428,0.000000000,0.000000000,-0.558291012,-0.000000000,-0.000000000,9.800000000,0.981420843,0.000000000,0.000000000,0.191867476
1.495833094,0.000000000,0.000000000,-0.570041285,0.000000000,0.000000000,9.800000000,0.981648010,0.000000000,0.000000000,0.190701819
1.504166426,0.000000000,0.000000000,-0.570041285,-0.000000000,0.000000000,9.800000000,0.982098190,0.000000000,0.000000000,0.188369701
1.508333092,0.000000000,0.000000000,-0.581571797,0.000000000,0.000000000,9.800000000,0.982325700,0.000000000,0.000000000,0.187179646
1.512499758,0.000000000,0.000000000,-0.581571797,-0.000000000,0.000000000,9.800000000,0.982551767,0.000000000,0.000000000,0.185989315
1.516666424,0.000000000,0.000000000,-0.581571797,-0.000000000,0.000000000,9.800000000,0.982776392,0.000000000,0.000000000,0.184798711
1.520833090,0.000000000,0.000000000,-0.592878103,-0.000000000,0.000000000,9.800000000,0.983003898,0.000000000,0.000000000,0.183584682
1.529166422,0.000000000,0.000000000,-0.592878103,0.000000000,0.000000000,9.800000000,0.983454412,0.000000000,0.000000000,0.181155785
1.533333088,0.000000000,0.000000000,-0.603955842,0.000000000,0.000000000,9.800000000,0.983681572,0.000000000,0.000000000,0.179918220
1.537499754,0.000000000,0.000000000,-0.603955842,0.000000000,0.000000000,9.800000000,0.983907173,0.000000000,0.000000000,0.178680369
1.541666420,0.000000000,0.000000000,-0.603955842,0.000000000,0.000000000,9.800000000,0.984131217,0.000000000,0.000000000,0.177442235
1.545833086,0.000000000,0.000000000,-0.614800745,0.000000000,0.000000000,9.800000000,0.984357684,0.000000000,0.000000000,0.176181581
1.554166418,0.000000000,0.000000000,-0.614800745,0.000000000,0.000000000,9.800000000,0.984805773,0.000000000,0.000000000,0.173659406
1.558333084,0.000000000,0.000000000,-0.625408631,0.000000000,-0.000000000,9.800000000,0.985031204,0.000000000,0.000000000,0.172376122
1.562499750,0.000000000,0.000000000,-0.625408631,0.000000000,-0.000000000,9.800000000,0.985254962,0.000000000,0.000000000,0.171092545
1.566666416,0.000000000,0.000000000,-0.625408631,-0.000000000,-0.000000000,9.800000000,0.985477048,0.000000000,0.000000000,0.169808678
1.570833082,0.000000000,0.000000000,-0.635775409,0.000000000,0.000000000,9.800000000,0.985701101,0.000000000,0.000000000,0.168503233
1.579166414,0.000000000,0.000000000,-0.635775409,0.000000000,0.000000000,9.800000000,0.986144018,0.000000000,0.000000000,0.165891460
1.583333080,0.000000000,0.000000000,-0.645897085,0.000000000,0.000000000,9.800000000,0.986366351,0.000000000,0.000000000,0.164564336
1.587499746,0.000000000,0.000000000,-0.645897085,0.000000000,0.000000000,9.800000000,0.986586899,0.000000000,0.000000000,0.163236915
1.591666412,0.000000000,0.000000000,-0.645897085,0.000000000,0.000000000,9.800000000,0.986805661,0.000000000,0.000000000,0.161909197
1.595833078,0.000000000,0.000000000,-0.655769755,0.000000000,0.000000000,9.800000000,0.987025938,0.000000000,0.000000000,0.160560886
1.604166410,0.000000000,0.000000000,-0.655769755,0.000000000,0.000000000,9.800000000,0.987460965,0.000000000,0.000000000,0.157863366
1.608333076,0.000000000,0.000000000,-0.665389613,0.000000000,0.000000000,9.800000000,0.987678851,0.000000000,0.000000000,0.156494369
1.612499742,0.000000000,0.000000000,-0.665389613,0.000000000,0.000000000,9.800000000,0.987894839,0.000000000,0.000000000,0.155125071
1.616666408,0.000000000,0.000000000,-0.665389613,0.000000000,0.000000000,9.800000000,0.988108928,0.000000000,0.000000000,0.153755475
1.620833074,0.000000000,0.000000000,-0.674752951,0.000000000,-0.000000000,9.800000000,0.988324091,0.000000000,0.000000000,0.152366304
1.629166406,0.000000000,0.000000000,-0.674752951,0.000000000,-0.000000000,9.800000000,0.988748558,0.000000000,0.000000000,0.149587062
1.633333072,0.000000000,0.000000000,-0.683856159,0.000000000,0.000000000,9.800000000,0.988960671,0.000000000,0.000000000,0.148178240
1.637499738,0.000000000,0.000000000,-0.683856159,0.000000000,0.000000000,9.800000000,0.989170777,0.000000000,0.000000000,0.146769118
1.641666404,0.000000000,0.000000000,-0.683856159,0.000000000,0.000000000,9.800000000,0.989378875,0.000000000,0.000000000,0.145359698
1.645833070,0.000000000,0.000000000,-0.692695727,0.000000000,0.000000000,9.800000000,0.989587616,0.000000000,0.000000000,0.143931758
1.654166402,0.000000000,0.000000000,-0.692695727,-0.000000000,0.000000000,9.800000000,0.989998914,0.000000000,0.000000000,0.141074984
1.658333068,0.000000000,0.000000000,-0.701268248,0.000000000,0.000000000,9.800000000,0.990203964,0.000000000,0.000000000,0.139628470
1.662499734,0.000000000,0.000000000,-0.701268248,-0.000000000,-0.000000000,9.800000000,0.990406901,0.000000000,0.000000000,0.138181658
1.666666400,0.000000000,0.000000000,-0.701268248,0.000000000,0.000000000,9.800000000,0.990607724,0.000000000,0.000000000,0.136734551
1.670833066,0.000000000,0.000000000,-0.709570417,0.000000000,-0.000000000,9.800000000,0.990808772,0.000000000,0.000000000,0.135270015
1.679166398,0.000000000,0.000000000,-0.709570417,0.000000000,0.000000000,9.800000000,0.991204373,0.000000000,0.000000000,0.132340059
1.683333064,0.000000000,0.000000000,-0.717599033,0.000000000,0.000000000,9.800000000,0.991401113,0.000000000,0.000000000,0.130858063
1.687499730,0.000000000,0.000000000,-0.717599033,0.000000000,-0.000000000,9.800000000,0.991595638,0.000000000,0.000000000,0.129375775
1.691666396,0.000000000,0.000000000,-0.717599033,0.000000000,0.000000000,9.800000000,0.991787946,0.000000000,0.000000000,0.127893198
1.695833062,0.000000000,0.000000000,-0.725351002,-0.000000000,0.000000000,9.800000000,0.991980079,0.000000000,0.000000000,0.126394315
1.704166394,0.000000000,0.000000000,-0.725351002,0.000000000,0.000000000,9.800000000,0.992357549,0.000000000,0.000000000,0.123395685
1.708333060,0.000000000,0.000000000,-0.732823333,0.000000000,0.000000000,9.800000000,0.992544782,0.000000000,0.000000000,0.121880495
1.712499726,0.000000000,0.000000000,-0.732823333,0.000000000,-0.000000000,9.800000000,0.992729702,0.000000000,0.000000000,0.120365020
1.716666392,0.000000000,0.000000000,-0.732823333,0.000000000,-0.000000000,9.800000000,0.992912308,0.000000000,0.000000000,0.118849265
1.720833058,0.000000000,0.000000000,-0.740013148,0.000000000,0.000000000,9.800000000,0.993094358,0.000000000,0.000000000,0.117318358
1.729166390,0.000000000,0.000000000,-0.740013148,-0.000000000,-0.000000000,9.800000000,0.993451374,0.000000000,0.000000000,0.114255710
1.733333056,0.000000000,0.000000000,-0.746917673,0.000000000,0.000000000,9.800000000,0.993627962,0.000000000,0.000000000,0.112709684
1.737499722,0.000000000,0.000000000,-0.746917673,0.000000000,0.000000000,9.800000000,0.993802144,0.000000000,0.000000000,0.111163386
1.741666388,0.000000000,0.000000000,-0.746917673,-0.000000000,0.000000000,9.800000000,0.993973920,0.000000000,0.000000000,0.109616818
1.745833054,0.000000000,0.000000000,-0.753534247,0.000000000,0.000000000,9.800000000,0.994144778,0.000000000,0.000000000,0.108056281
1.754166386,0.000000000,0.000000000,-0.753534247,0.000000000,0.000000000,9.800000000,0.994479145,0.000000000,0.000000000,0.104934411
1.758333052,0.000000000,0.000000000,-0.759860320,-0.000000000,-0.000000000,9.800000000,0.994644014,0.000000000,0.000000000,0.103359978
1.762499718,0.000000000,0.000000000,-0.759860320,-0.000000000,-0.000000000,9.800000000,0.994806391,0.000000000,0.000000000,0.101785286
1.766666384,0.000000000,0.000000000,-0.759860320,-0.000000000,-0.000000000,9.800000000,0.994966275,0.000000000,0.000000000,0.100210339
1.770833050,0.000000000,0.000000000,-0.765893452,0.000000000,0.000000000,9.800000000,0.995124905,0.000000000,0.000000000,0.098622633
1.779166382,0.000000000,0.000000000,-0.765893452,0.000000000,0.000000000,9.800000000,0.995434564,0.000000000,0.000000000,0.095446471
1.783333048,0.000000000,0.000000000,-0.771631318,0.000000000,0.000000000,9.800000000,0.995586714,0.000000000,0.000000000,0.093846123
1.787499714,0.000000000,0.000000000,-0.771631318,0.000000000,0.000000000,9.800000000,0.995736291,0.000000000,0.000000000,0.092245532
1.791666380,0.000000000,0.000000000,-0.771631318,0.000000000,0.000000000,9.800000000,0.995883295,0.000000000,0.000000000,0.090644703
1.795833046,0.000000000,0.000000000,-0.777071705,0.000000000,0.000000000,9.800000000,0.996028735,0.000000000,0.000000000,0.089032350
1.804166378,0.000000000,0.000000000,-0.777071705,0.000000000,0.000000000,9.800000000,0.996311782,0.000000000,0.000000000,0.085806949
1.808333044,0.000000000,0.000000000,-0.782212517,-0.000000000,0.000000000,9.800000000,0.996450291,0.000000000,0.000000000,0.084183237
1.812499710,0.000000000,0.000000000,-0.782212517,-0.000000000,-0.000000000,9.800000000,0.996586154,0.000000000,0.000000000,0.082559301
1.816666376,0.000000000,0.000000000,-0.782212517,0.000000000,0.000000000,9.800000000,0.996719370,0.000000000,0.000000000,0.080935146
1.820833042,0.000000000,0.000000000,-0.787051770,-0.000000000,-0.000000000,9.800000000,0.996850738,0.000000000,0.000000000,0.079300727
1.829166374,0.000000000,0.000000000,-0.787051770,-0.000000000,-0.000000000,9.800000000,0.997105435,0.000000000,0.000000000,0.076031252
1.833333040,0.000000000,0.000000000,-0.791587601,0.000000000,0.000000000,9.800000000,0.997229465,0.000000000,0.000000000,0.074386782
1.837499706,0.000000000,0.000000000,-0.791587601,-0.000000000,0.000000000,9.800000000,0.997350784,0.000000000,0.000000000,0.072742110
1.841666372,0.000000000,0.000000000,-0.791587601,0.000000000,0.000000000,9.800000000,0.997469389,0.000000000,0.000000000,0.071097240
1.845833038,0.000000000,0.000000000,-0.795818259,0.000000000,0.000000000,9.800000000,0.997585894,0.000000000,0.000000000,0.069443385
1.854166370,0.000000000,0.000000000,-0.795818259,-0.000000000,-0.000000000,9.800000000,0.997810677,0.000000000,0.000000000,0.066135105
1.858333036,0.000000000,0.000000000,-0.799742115,-0.000000000,-0.000000000,9.800000000,0.997919482,0.000000000,0.000000000,0.064472532
1.862499702,0.000000000,0.000000000,-0.799742115,-0.000000000,-0.000000000,9.800000000,0.998025516,0.000000000,0.000000000,0.062809781
1.866666368,0.000000000,0.000000000,-0.799742115,-0.000000000,0.000000000,9.800000000,0.998128780,0.000000000,0.000000000,0.061146855
1.870833034,0.000000000,0.000000000,-0.803357654,0.000000000,0.000000000,9.800000000,0.998229721,0.000000000,0.000000000,0.059476241
1.879166366,0.000000000,0.000000000,-0.803357654,0.000000000,0.000000000,9.800000000,0.998423215,0.000000000,0.000000000,0.056134516
1.883333032,0.000000000,0.000000000,-0.806663484,-0.000000000,0.000000000,9.800000000,0.998516142,0.000000000,0.000000000,0.054456539
1.887499698,0.000000000,0.000000000,-0.806663484,-0.000000000,-0.000000000,9.800000000,0.998606249,0.000000000,0.000000000,0.052778408
1.891666364,0.000000000,0.000000000,-0.806663484,-0.000000000,0.000000000,9.800000000,0.998693535,0.000000000,0.000000000,0.051100128
1.895833030,0.000000000,0.000000000,-0.809658330,-0.000000000,0.000000000,9.800000000,0.998778309,0.000000000,0.000000000,0.049415472
1.904166362,0.000000000,0.000000000,-0.809658330,0.000000000,0.000000000,9.800000000,0.998939332,0.000000000,0.000000000,0.046045743
1.908333028,0.000000000,0.000000000,-0.812341038,0.000000000,-0.000000000,9.800000000,0.999015828,0.000000000,0.000000000,0.044355096
1.912499694,0.000000000,0.000000000,-0.812341038,0.000000000,-0.000000000,9.800000000,0.999089463,0.000000000,0.000000000,0.042664322
1.916666360,0.000000000,0.000000000,-0.812341038,0.000000000,-0.000000000,9.800000000,0.999160237,0.000000000,0.000000000,0.040973425
1.920833026,0.000000000,0.000000000,-0.814710573,0.000000000,-0.000000000,9.800000000,0.999228342,0.000000000,0.000000000,0.039277479
1.929166358,0.000000000,0.000000000,-0.814710573,0.000000000,0.000000000,9.800000000,0.999355917,0.000000000,0.000000000,0.035885252
1.933333024,0.000000000,0.000000000,-0.816766021,-0.000000000,-0.000000000,9.800000000,0.999415532,0.000000000,0.000000000,0.034184701
1.937499690,0.000000000,0.000000000,-0.816766021,-0.000000000,-0.000000000,9.800000000,0.999472254,0.000000000,0.000000000,0.032484051
1.941666356,0.000000000,0.000000000,-0.816766021,0.000000000,-0.000000000,9.800000000,0.999526082,0.000000000,0.000000000,0.030783308
1.945833022,0.000000000,0.000000000,-0.818506591,0.000000000,-0.000000000,9.800000000,0.999577121,0.000000000,0.000000000,0.029078850
1.954166354,0.000000000,0.000000000,-0.818506591,0.000000000,-0.000000000,9.800000000,0.999670479,0.000000000,0.000000000,0.025669686
1.958333020,0.000000000,0.000000000,-0.819931610,0.000000000,0.000000000,9.800000000,0.999712870,0.000000000,0.000000000,0.023962022
1.962499686,0.000000000,0.000000000,-0.819931610,0.000000000,0.000000000,9.800000000,0.999752343,0.000000000,0.000000000,0.022254288
1.966666352,0.000000000,0.000000000,-0.819931610,0.000000000,0.000000000,9.800000000,0.999788899,0.000000000,0.000000000,0.020546488
1.970833018,0.000000000,0.000000000,-0.821040531,-0.000000000,0.000000000,9.800000000,0.999822581,0.000000000,0.000000000,0.018836320
1.979166350,0.000000000,0.000000000,-0.821040531,-0.000000000,0.000000000,9.800000000,0.999881169,0.000000000,0.000000000,0.015415821
1.983333016,0.000000000,0.000000000,-0.821832925,0.000000000,0.000000000,9.800000000,0.999906098,0.000000000,0.000000000,0.013703851
1.987499682,0.000000000,0.000000000,-0.821832925,0.000000000,-0.000000000,9.800000000,0.999928095,0.000000000,0.000000000,0.011991841
1.991666348,0.000000000,0.000000000,-0.821832925,-0.000000000,-0.000000000,9.800000000,0.999947162,0.000000000,0.000000000,0.010279796
1.995833014,0.000000000,0.000000000,-0.822308487,-0.000000000,-0.000000000,9.800000000,0.999963305,0.000000000,0.000000000,0.008566730
2.004166346,0.000000000,0.000000000,-0.822308487,0.000000000,-0.000000000,9.800000000,0.999986787,0.000000000,0.000000000,0.005140527
2.008333012,0.000000000,0.000000000,-0.822467033,-0.000000000,0.000000000,9.800000000,0.999994128,0.000000000,0.000000000,0.003427070
2.012499678,0.000000000,0.000000000,-0.822467033,0.000000000,0.000000000,9.800000000,0.999998532,0.000000000,0.000000000,0.001713603
2.016666344,0.000000000,0.000000000,-0.822467033,-0.000000000,0.000000000,9.800000000,1.000000000,0.000000000,0.000000000,0.000000132
2.020833010,0.000000000,0.000000000,-0.822308503,0.000000000,-0.000000000,9.800000000,0.999998533,0.000000000,0.000000000,-0.001713010
2.029166342,0.000000000,0.000000000,-0.821832958,0.000000000,0.000000000,9.800000000,0.999986799,0.000000000,0.000000000,-0.005138282
2.033333008,0.000000000,0.000000000,-0.821832958,0.000000000,0.000000000,9.800000000,0.999976536,0.000000000,0.000000000,-0.006850403
2.037499674,0.000000000,0.000000000,-0.821832958,-0.000000000,-0.000000000,9.800000000,0.999963341,0.000000000,0.000000000,-0.008562504
2.041666340,0.000000000,0.000000000,-0.821832958,0.000000000,0.000000000,9.800000000,0.999947215,0.000000000,0.000000000,-0.010274579
2.045833006,0.000000000,0.000000000,-0.821040580,0.000000000,-0.000000000,9.800000000,0.999928178,0.000000000,0.000000000,-0.011984974
2.054166338,0.000000000,0.000000000,-0.821040580,0.000000000,-0.000000000,9.800000000,0.999881326,0.000000000,0.000000000,-0.015405654
2.058333004,0.000000000,0.000000000,-0.819931675,0.000000000,0.000000000,9.800000000,0.999853551,0.000000000,0.000000000,-0.017113618
2.062499670,0.000000000,0.000000000,-0.819931675,0.000000000,-0.000000000,9.800000000,0.999822859,0.000000000,0.000000000,-0.018821533
2.066666336,0.000000000,0.000000000,-0.819931675,0.000000000,0.000000000,9.800000000,0.999789250,0.000000000,0.000000000,-0.020529393
2.070833002,0.000000000,0.000000000,-0.818506672,0.000000000,0.000000000,9.800000000,0.999752789,0.000000000,0.000000000,-0.022234225
2.079166334,0.000000000,0.000000000,-0.818506672,0.000000000,0.000000000,9.800000000,0.999671147,0.000000000,0.000000000,-0.025643690
2.083333000,0.000000000,0.000000000,-0.816766118,0.000000000,-0.000000000,9.800000000,0.999626064,0.000000000,0.000000000,-0.027344688
2.087499666,0.000000000,0.000000000,-0.816766118,0.000000000,-0.000000000,9.800000000,0.999578087,0.000000000,0.000000000,-0.029045607
2.091666332,0.000000000,0.000000000,-0.816766118,0.000000000,0.000000000,9.800000000,0.999527216,0.000000000,0.000000000,-0.030746442
2.095832998,0.000000000,0.000000000,-0.814710686,-0.000000000,0.000000000,9.800000000,0.999473590,0.000000000,0.000000000,-0.032442908
2.104166330,0.000000000,0.000000000,-0.814710686,-0.000000000,0.000000000,9.800000000,0.999357700,0.000000000,0.000000000,-0.035835555
2.108332996,0.000000000,0.000000000,-0.812341167,0.000000000,0.000000000,9.800000000,0.999295622,0.000000000,0.000000000,-0.037526793
2.112499662,0.000000000,0.000000000,-0.812341167,0.000000000,0.000000000,9.800000000,0.999230681,0.000000000,0.000000000,-0.039217924
2.116666328,0.000000000,0.000000000,-0.812341167,0.000000000,0.000000000,9.800000000,0.999162879,0.000000000,0.000000000,-0.040908942
2.120832994,0.000000000,0.000000000,-0.809658476,0.000000000,0.000000000,9.800000000,0.999092453,0.000000000,0.000000000,-0.042594259
2.129166326,0.000000000,0.000000000,-0.809658476,-0.000000000,0.000000000,9.800000000,0.998943073,0.000000000,0.000000000,-0.045964525
2.133332992,0.000000000,0.000000000,-0.806663646,-0.000000000,0.000000000,9.800000000,0.998864416,0.000000000,0.000000000,-0.047643232
2.137499658,0.000000000,0.000000000,-0.806663646,0.000000000,0.000000000,9.800000000,0.998782939,0.000000000,0.000000000,-0.049321805
2.141666324,0.000000000,0.000000000,-0.806663646,0.000000000,0.000000000,9.800000000,0.998698641,0.000000000,0.000000000,-0.051000238
2.145832990,0.000000000,0.000000000,-0.803357831,-0.000000000,-0.000000000,9.800000000,0.998611885,0.000000000,0.000000000,-0.052671649
2.154166322,0.000000000,0.000000000,-0.803357831,0.000000000,-0.000000000,9.800000000,0.998429982,0.000000000,0.000000000,-0.056014025
2.158332988,0.000000000,0.000000000,-0.799742308,0.000000000,-0.000000000,9.800000000,0.998335270,0.000000000,0.000000000,-0.057677461
2.162499654,0.000000000,0.000000000,-0.799742308,0.000000000,-0.000000000,9.800000000,0.998237786,0.000000000,0.000000000,-0.059340736
2.166666320,0.000000000,0.000000000,-0.799742308,0.000000000,-0.000000000,9.800000000,0.998137531,0.000000000,0.000000000,-0.061003846
2.170832986,0.000000000,0.000000000,-0.795818468,0.000000000,0.000000000,9.800000000,0.998035018,0.000000000,0.000000000,-0.062658628
2.179166318,0.000000000,0.000000000,-0.795818468,0.000000000,0.000000000,9.800000000,0.997821761,0.000000000,0.000000000,-0.065967672
2.183332984,0.000000000,0.000000000,-0.791587825,0.000000000,0.000000000,9.800000000,0.997711614,0.000000000,0.000000000,-0.067613130
2.187499650,0.000000000,0.000000000,-0.791587825,0.000000000,0.000000000,9.800000000,0.997598754,0.000000000,0.000000000,-0.069258405
2.191666316,0.000000000,0.000000000,-0.791587825,0.000000000,0.000000000,9.800000000,0.997483180,0.000000000,0.000000000,-0.070903491
2.195832982,0.000000000,0.000000000,-0.787052010,-0.000000000,-0.000000000,9.800000000,0.997365580,0.000000000,0.000000000,-0.072538959
2.204166314,0.000000000,0.000000000,-0.787052010,0.000000000,-0.000000000,9.800000000,0.997122334,0.000000000,0.000000000,-0.075809307
2.208332980,0.000000000,0.000000000,-0.782212772,-0.000000000,-0.000000000,9.800000000,0.996997470,0.000000000,0.000000000,-0.077434126
2.212499646,0.000000000,0.000000000,-0.782212772,-0.000000000,-0.000000000,9.800000000,0.996869959,0.000000000,0.000000000,-0.079058739
2.216666312,0.000000000,0.000000000,-0.782212772,-0.000000000,-0.000000000,9.800000000,0.996739801,0.000000000,0.000000000,-0.080683142
2.220832978,0.000000000,0.000000000,-0.777071976,0.000000000,-0.000000000,9.800000000,0.996607877,0.000000000,0.000000000,-0.082296658
2.229166310,0.000000000,0.000000000,-0.777071976,0.000000000,-0.000000000,9.800000000,0.996336193,0.000000000,0.000000000,-0.085523037
2.233332976,0.000000000,0.000000000,-0.771631604,0.000000000,0.000000000,9.800000000,0.996197422,0.000000000,0.000000000,-0.087124602
2.237499642,0.000000000,0.000000000,-0.771631604,0.000000000,-0.000000000,9.800000000,0.996056076,0.000000000,0.000000000,-0.088725941
2.241666308,0.000000000,0.000000000,-0.771631604,0.000000000,-0.000000000,9.800000000,0.995912157,0.000000000,0.000000000,-0.090327051
2.245832974,0.000000000,0.000000000,-0.765893753,0.000000000,0.000000000,9.800000000,0.995766762,0.000000000,0.000000000,-0.091916025
2.254166306,0.000000000,0.000000000,-0.765893753,0.000000000,0.000000000,9.800000000,0.995468368,0.000000000,0.000000000,-0.095093265
2.258332972,0.000000000,0.000000000,-0.759860636,-0.000000000,-0.000000000,9.800000000,0.995316584,0.000000000,0.000000000,-0.096669015
2.262499638,0.000000000,0.000000000,-0.759860636,-0.000000000,-0.000000000,9.800000000,0.995162305,0.000000000,0.000000000,-0.098244521
2.266666304,0.000000000,0.000000000,-0.759860636,-0.000000000,-0.000000000,9.800000000,0.995005533,0.000000000,0.000000000,-0.099819782
2.270832970,0.000000000,0.000000000,-0.753534579,0.000000000,0.000000000,9.800000000,0.994847604,0.000000000,0.000000000,-0.101381681
2.279166302,0.000000000,0.000000000,-0.753534579,0.000000000,0.000000000,9.800000000,0.994524390,0.000000000,0.000000000,-0.104504726
2.283332968,0.000000000,0.000000000,-0.746918019,0.000000000,0.000000000,9.800000000,0.994360568,0.000000000,0.000000000,-0.106052158
2.287499634,0.000000000,0.000000000,-0.746918019,0.000000000,0.000000000,9.800000000,0.994194339,0.000000000,0.000000000,-0.107599332
2.291666300,0.000000000,0.000000000,-0.746918019,0.000000000,0.000000000,9.800000000,0.994025702,0.000000000,0.000000000,-0.109146246
2.295832966,0.000000000,0.000000000,-0.740013508,0.000000000,0.000000000,9.800000000,0.993856251,0.000000000,0.000000000,-0.110678600
2.304166298,0.000000000,0.000000000,-0.740013508,0.000000000,0.000000000,9.800000000,0.993510262,0.000000000,0.000000000,-0.113742514
2.308332964,0.000000000,0.000000000,-0.732823709,-0.000000000,0.000000000,9.800000000,0.993335452,0.000000000,0.000000000,-0.115259189
2.312499630,0.000000000,0.000000000,-0.732823709,-0.000000000,0.000000000,9.800000000,0.993158326,0.000000000,0.000000000,-0.116775595
2.316666296,0.000000000,0.000000000,-0.732823709,-0.000000000,0.000000000,9.800000000,0.992978885,0.000000000,0.000000000,-0.118291729
2.320832962,0.000000000,0.000000000,-0.725351391,0.000000000,-0.000000000,9.800000000,0.992798995,0.000000000,0.000000000,-0.119792132
2.329166294,0.000000000,0.000000000,-0.725351391,-0.000000000,-0.000000000,9.800000000,0.992432414,0.000000000,0.000000000,-0.122792114
2.333332960,0.000000000,0.000000000,-0.717599437,-0.000000000,0.000000000,9.800000000,0.992247731,0.000000000,0.000000000,-0.124275661
2.337499626,0.000000000,0.000000000,-0.717599437,-0.000000000,0.000000000,9.800000000,0.992060830,0.000000000,0.000000000,-0.125758930
2.341666292,0.000000000,0.000000000,-0.717599437,-0.000000000,-0.000000000,9.800000000,0.991871713,0.000000000,0.000000000,-0.127241919
2.345832958,0.000000000,0.000000000,-0.709570835,0.000000000,-0.000000000,9.800000000,0.991682531,0.000000000,0.000000000,-0.128708036
2.354166290,0.000000000,0.000000000,-0.709570835,0.000000000,0.000000000,9.800000000,0.991297666,0.000000000,0.000000000,-0.131639423
2.358332956,0.000000000,0.000000000,-0.701268680,0.000000000,0.000000000,9.800000000,0.991104286,0.000000000,0.000000000,-0.133087544
2.362499622,0.000000000,0.000000000,-0.701268680,0.000000000,0.000000000,9.800000000,0.990908791,0.000000000,0.000000000,-0.134535381
2.366666288,0.000000000,0.000000000,-0.701268680,0.000000000,0.000000000,9.800000000,0.990711180,0.000000000,0.000000000,-0.135982931
2.370832954,0.000000000,0.000000000,-0.692696173,0.000000000,-0.000000000,9.800000000,0.990513909,0.000000000,0.000000000,-0.137412501
2.379166286,0.000000000,0.000000000,-0.692696173,0.000000000,-0.000000000,9.800000000,0.990113180,0.000000000,0.000000000,-0.140270779
2.383332952,0.000000000,0.000000000,-0.683856618,0.000000000,0.000000000,9.800000000,0.989912331,0.000000000,0.000000000,-0.141681252
2.387499618,0.000000000,0.000000000,-0.683856618,0.000000000,-0.000000000,9.800000000,0.989709473,0.000000000,0.000000000,-0.143091437
2.391666284,0.000000000,0.000000000,-0.683856618,0.000000000,-0.000000000,9.800000000,0.989504606,0.000000000,0.000000000,-0.144501331
2.395832950,0.000000000,0.000000000,-0.674753424,-0.000000000,-0.000000000,9.800000000,0.989300498,0.000000000,0.000000000,-0.145892170
2.404166282,0.000000000,0.000000000,-0.674753424,-0.000000000,-0.000000000,9.800000000,0.988886417,0.000000000,0.000000000,-0.148672981
2.408332948,0.000000000,0.000000000,-0.665390099,-0.000000000,0.000000000,9.800000000,0.988679372,0.000000000,0.000000000,-0.150043661
2.412499614,0.000000000,0.000000000,-0.665390099,-0.000000000,0.000000000,9.800000000,0.988470427,0.000000000,0.000000000,-0.151414052
2.416666280,0.000000000,0.000000000,-0.665390099,-0.000000000,0.000000000,9.800000000,0.988259583,0.000000000,0.000000000,-0.152784153
2.420832946,0.000000000,0.000000000,-0.655770254,0.000000000,0.000000000,9.800000000,0.988049929,0.000000000,0.000000000,-0.154134158
2.429166278,0.000000000,0.000000000,-0.655770254,0.000000000,0.000000000,9.800000000,0.987625088,0.000000000,0.000000000,-0.156833303
2.433332944,0.000000000,0.000000000,-0.645897597,-0.000000000,0.000000000,9.800000000,0.987413156,0.000000000,0.000000000,-0.158162128
2.437499610,0.000000000,0.000000000,-0.645897597,-0.000000000,0.000000000,9.800000000,0.987199436,0.000000000,0.000000000,-0.159490667
2.441666276,0.000000000,0.000000000,-0.645897597,-0.000000000,-0.000000000,9.800000000,0.986983929,0.000000000,0.000000000,-0.160818918
2.445832942,0.000000000,0.000000000,-0.635775934,0.000000000,0.000000000,9.800000000,0.986770053,0.000000000,0.000000000,-0.162126069
2.454166274,0.000000000,0.000000000,-0.635775934,-0.000000000,0.000000000,9.800000000,0.986337109,0.000000000,0.000000000,-0.164739516
2.458332940,0.000000000,0.000000000,-0.625409168,0.000000000,0.000000000,9.800000000,0.986121626,0.000000000,0.000000000,-0.166024509
2.462499606,0.000000000,0.000000000,-0.625409168,0.000000000,0.000000000,9.800000000,0.985904470,0.000000000,0.000000000,-0.167309221
2.466666272,0.000000000,0.000000000,-0.625409168,0.000000000,-0.000000000,9.800000000,0.985685640,0.000000000,0.000000000,-0.168593649
2.470832938,0.000000000,0.000000000,-0.614801294,-0.000000000,-0.000000000,9.800000000,0.985468891,0.000000000,0.000000000,-0.169856012
2.479166270,0.000000000,0.000000000,-0.614801294,0.000000000,0.000000000,9.800000000,0.985030543,0.000000000,0.000000000,-0.172379899
2.483332936,0.000000000,0.000000000,-0.603956403,-0.000000000,-0.000000000,9.800000000,0.984812867,0.000000000,0.000000000,-0.173619170
2.487499602,0.000000000,0.000000000,-0.603956403,-0.000000000,0.000000000,9.800000000,0.984593633,0.000000000,0.000000000,-0.174858165
2.491666268,0.000000000,0.000000000,-0.603956403,-0.000000000,0.000000000,9.800000000,0.984372840,0.000000000,0.000000000,-0.176096884
2.495832934,0.000000000,0.000000000,-0.592878676,0.000000000,0.000000000,9.800000000,0.984154580,0.000000000,0.000000000,-0.177312611
2.504166266,0.000000000,0.000000000,-0.592878676,0.000000000,0.000000000,9.800000000,0.983713558,0.000000000,0.000000000,-0.179743251
2.508332932,0.000000000,0.000000000,-0.581572382,-0.000000000,-0.000000000,9.800000000,0.983495057,0.000000000,0.000000000,-0.180934995
2.512499598,0.000000000,0.000000000,-0.581572382,0.000000000,0.000000000,9.800000000,0.983275113,0.000000000,0.000000000,-0.182126473
2.516666264,0.000000000,0.000000000,-0.581572382,-0.000000000,-0.000000000,9.800000000,0.983053725,0.000000000,0.000000000,-0.183317684
2.520832930,0.000000000,0.000000000,-0.570041881,-0.000000000,-0.000000000,9.800000000,0.982835326,0.000000000,0.000000000,-0.184485017
2.529166262,0.000000000,0.000000000,-0.570041881,0.000000000,0.000000000,9.800000000,0.982394370,0.000000000,0.000000000,-0.186818899
2.533332928,0.000000000,0.000000000,-0.558291619,0.000000000,0.000000000,9.800000000,0.982176415,0.000000000,0.000000000,-0.187961403
2.537499594,0.000000000,0.000000000,-0.558291619,0.000000000,0.000000000,9.800000000,0.981957132,0.000000000,0.000000000,-0.189103652
2.541666260,0.000000000,0.000000000,-0.558291619,0.000000000,0.000000000,9.800000000,0.981736520,0.000000000,0.000000000,-0.190245645
2.545832926,0.000000000,0.000000000,-0.546326124,0.000000000,-0.000000000,9.800000000,0.981519350,0.000000000,0.000000000,-0.191362914
2.554166258,0.000000000,0.000000000,-0.546326124,0.000000000,-0.000000000,9.800000000,0.981081197,0.000000000,0.000000000,-0.193596706
2.558332924,0.000000000,0.000000000,-0.534150010,0.000000000,0.000000000,9.800000000,0.980865153,0.000000000,0.000000000,-0.194688345
2.562499590,0.000000000,0.000000000,-0.534150010,0.000000000,0.000000000,9.800000000,0.980647894,0.000000000,0.000000000,-0.195779743
2.566666256,0.000000000,0.000000000,-0.534150010,0.000000000,0.000000000,9.800000000,0.980429421,0.000000000,0.000000000,-0.196870899
2.570832922,0.000000000,0.000000000,-0.521767972,0.000000000,0.000000000,9.800000000,0.980214840,0.000000000,0.000000000,-0.197936525
2.579166254,0.000000000,0.000000000,-0.521767972,0.000000000,0.000000000,9.800000000,0.979782203,0.000000000,0.000000000,-0.200067075
2.583332920,0.000000000,0.000000000,-0.509184782,-0.000000000,-0.000000000,9.800000000,0.979569420,0.000000000,0.000000000,-0.201106317
2.587499586,0.000000000,0.000000000,-0.509184782,-0.000000000,-0.000000000,9.800000000,0.979355535,0.000000000,0.000000000,-0.202145332
2.591666252,0.000000000,0.000000000,-0.509184782,-0.000000000,-0.000000000,9.800000000,0.979140548,0.000000000,0.000000000,-0.203184120
2.595832918,0.000000000,0.000000000,-0.496405292,-0.000000000,-0.000000000,9.800000000,0.978929896,0.000000000,0.000000000,-0.204196616
2.604166250,0.000000000,0.000000000,-0.496405292,0.000000000,-0.000000000,9.800000000,0.978505452,0.000000000,0.000000000,-0.206220953
2.608332916,0.000000000,0.000000000,-0.483434428,0.000000000,-0.000000000,9.800000000,0.978297259,0.000000000,0.000000000,-0.207206354
2.612499582,0.000000000,0.000000000,-0.483434428,-0.000000000,-0.000000000,9.800000000,0.978088074,0.000000000,0.000000000,-0.208191546
2.616666248,0.000000000,0.000000000,-0.483434428,0.000000000,-0.000000000,9.800000000,0.977877897,0.000000000,0.000000000,-0.209176526
2.620832914,0.000000000,0.000000000,-0.470277190,0.000000000,0.000000000,9.800000000,0.977672488,0.000000000,0.000000000,-0.210134496
2.629166246,0.000000000,0.000000000,-0.470277190,0.000000000,0.000000000,9.800000000,0.977258855,0.000000000,0.000000000,-0.212049829
2.633332912,0.000000000,0.000000000,-0.456938653,0.000000000,0.000000000,9.800000000,0.977056550,0.000000000,0.000000000,-0.212980039
2.637499578,0.000000000,0.000000000,-0.456938653,0.000000000,0.000000000,9.800000000,0.976853360,0.000000000,0.000000000,-0.213910057
2.641666244,0.000000000,0.000000000,-0.456938653,-0.000000000,-0.000000000,9.800000000,0.976649285,0.000000000,0.000000000,-0.214839881
2.645832910,0.000000000,0.000000000,-0.443423956,-0.000000000,0.000000000,9.800000000,0.976450399,0.000000000,0.000000000,-0.215742017
2.654166242,0.000000000,0.000000000,-0.443423956,-0.000000000,0.000000000,9.800000000,0.976050128,0.000000000,0.000000000,-0.217545737
2.658332908,0.000000000,0.000000000,-0.429738312,0.000000000,0.000000000,9.800000000,0.975854971,0.000000000,0.000000000,-0.218419496
2.662499574,0.000000000,0.000000000,-0.429738312,0.000000000,0.000000000,9.800000000,0.975659031,0.000000000,0.000000000,-0.219293080
2.666666240,0.000000000,0.000000000,-0.429738312,0.000000000,0.000000000,9.800000000,0.975462310,0.000000000,0.000000000,-0.220166487
2.670832906,0.000000000,0.000000000,-0.415886995,0.000000000,0.000000000,9.800000000,0.975271185,0.000000000,0.000000000,-0.221011576
2.679166238,0.000000000,0.000000000,-0.415886995,-0.000000000,0.000000000,9.800000000,0.974886738,0.000000000,0.000000000,-0.222701253
2.683332904,0.000000000,0.000000000,-0.401875345,-0.000000000,-0.000000000,9.800000000,0.974699942,0.000000000,0.000000000,-0.223517390
2.687499570,0.000000000,0.000000000,-0.401875345,-0.000000000,-0.000000000,9.800000000,0.974512462,0.000000000,0.000000000,-0.224333369
2.691666236,0.000000000,0.000000000,-0.401875345,-0.000000000,0.000000000,9.800000000,0.974324300,0.000000000,0.000000000,-0.225149191
2.695832902,0.000000000,0.000000000,-0.387708766,0.000000000,0.000000000,9.800000000,0.974142123,0.000000000,0.000000000,-0.225936105
2.704166234,0.000000000,0.000000000,-0.387708766,0.000000000,0.000000000,9.800000000,0.973775863,0.000000000,0.000000000,-0.227509491
2.708332900,0.000000000,0.000000000,-0.373392717,0.000000000,0.000000000,9.800000000,0.973598589,0.000000000,0.000000000,-0.228266923
2.712499566,0.000000000,0.000000000,-0.373392717,0.000000000,0.000000000,9.800000000,0.973420725,0.000000000,0.000000000,-0.229024218
2.716666232,0.000000000,0.000000000,-0.373392717,0.000000000,0.000000000,9.800000000,0.973242272,0.000000000,0.000000000,-0.229781374
2.720832898,0.000000000,0.000000000,-0.358932718,-0.000000000,-0.000000000,9.800000000,0.973070175,0.000000000,0.000000000,-0.230509077
2.729166230,0.000000000,0.000000000,-0.358932718,-0.000000000,-0.000000000,9.800000000,0.972724348,0.000000000,0.000000000,-0.231964096
2.733332896,0.000000000,0.000000000,-0.344334344,0.000000000,0.000000000,9.800000000,0.972557696,0.000000000,0.000000000,-0.232661833
2.737499562,0.000000000,0.000000000,-0.344334344,0.000000000,0.000000000,9.800000000,0.972390542,0.000000000,0.000000000,-0.233359450
2.741666228,0.000000000,0.000000000,-0.344334344,0.000000000,0.000000000,9.800000000,0.972222889,0.000000000,0.000000000,-0.234056947
2.745832894,0.000000000,0.000000000,-0.329603222,-0.000000000,-0.000000000,9.800000000,0.972061939,0.000000000,0.000000000,-0.234724492
2.754166226,0.000000000,0.000000000,-0.329603222,-0.000000000,0.000000000,9.800000000,0.971738664,0.000000000,0.000000000,-0.236059248
2.758332892,0.000000000,0.000000000,-0.314745033,-0.000000000,0.000000000,9.800000000,0.971583667,0.000000000,0.000000000,-0.236696384
2.762499558,0.000000000,0.000000000,-0.314745033,-0.000000000,0.000000000,9.800000000,0.971428252,0.000000000,0.000000000,-0.237333419
2.766666224,0.000000000,0.000000000,-0.314745033,-0.000000000,0.000000000,9.800000000,0.971272419,0.000000000,0.000000000,-0.237970351
2.770832890,0.000000000,0.000000000,-0.299765503,0.000000000,0.000000000,9.800000000,0.971123614,0.000000000,0.000000000,-0.238576876
2.779166222,0.000000000,0.000000000,-0.299765503,0.000000000,0.000000000,9.800000000,0.970824869,0.000000000,0.000000000,-0.239789645
2.783332888,0.000000000,0.000000000,-0.284670407,0.000000000,0.000000000,9.800000000,0.970682488,0.000000000,0.000000000,-0.240365363
2.787499554,0.000000000,0.000000000,-0.284670407,0.000000000,0.000000000,9.800000000,0.970539765,0.000000000,0.000000000,-0.240940997
2.791666220,0.000000000,0.000000000,-0.284670407,0.000000000,0.000000000,9.800000000,0.970396701,0.000000000,0.000000000,-0.241516546
2.795832886,0.000000000,0.000000000,-0.269465566,0.000000000,0.000000000,9.800000000,0.970260964,0.000000000,0.000000000,-0.242061275
2.804166218,0.000000000,0.000000000,-0.269465566,0.000000000,0.000000000,9.800000000,0.969988573,0.000000000,0.000000000,-0.243150505
2.808332884,0.000000000,0.000000000,-0.254156841,-0.000000000,0.000000000,9.800000000,0.969859690,0.000000000,0.000000000,-0.243664074
2.812499550,0.000000000,0.000000000,-0.254156841,0.000000000,0.000000000,9.800000000,0.969730536,0.000000000,0.000000000,-0.244177574
2.816666216,0.000000000,0.000000000,-0.254156841,-0.000000000,0.000000000,9.800000000,0.969601110,0.000000000,0.000000000,-0.244691006
2.820832882,0.000000000,0.000000000,-0.238750134,0.000000000,0.000000000,9.800000000,0.969479281,0.000000000,0.000000000,-0.245173251
2.829166214,0.000000000,0.000000000,-0.238750134,0.000000000,0.000000000,9.800000000,0.969234905,0.000000000,0.000000000,-0.246137560
2.833332880,0.000000000,0.000000000,-0.223251384,-0.000000000,-0.000000000,9.800000000,0.969120320,0.000000000,0.000000000,-0.246588331
2.837499546,0.000000000,0.000000000,-0.223251384,-0.000000000,-0.000000000,9.800000000,0.969005525,0.000000000,0.000000000,-0.247039049
2.841666212,0.000000000,0.000000000,-0.223251384,-0.000000000,-0.000000000,9.800000000,0.968890521,0.000000000,0.000000000,-0.247489714
2.845832878,0.000000000,0.000000000,-0.207666566,0.000000000,0.000000000,9.800000000,0.968783357,0.000000000,0.000000000,-0.247908870
2.854166210,0.000000000,0.000000000,-0.207666566,0.000000000,0.000000000,9.800000000,0.968568484,0.000000000,0.000000000,-0.248747044
2.858332876,0.000000000,0.000000000,-0.192001689,0.000000000,0.000000000,9.800000000,0.968468907,0.000000000,0.000000000,-0.249134454
2.862499542,0.000000000,0.000000000,-0.192001689,-0.000000000,0.000000000,9.800000000,0.968369175,0.000000000,0.000000000,-0.249521825
2.866666208,0.000000000,0.000000000,-0.192001689,-0.000000000,0.000000000,9.800000000,0.968269288,0.000000000,0.000000000,-0.249909157
2.870832874,0.000000000,0.000000000,-0.176262791,0.000000000,-0.000000000,9.800000000,0.968177452,0.000000000,0.000000000,-0.250264702
2.879166206,0.000000000,0.000000000,-0.176262791,0.000000000,0.000000000,9.800000000,0.967993390,0.000000000,0.000000000,-0.250975691
2.883332872,0.000000000,0.000000000,-0.160455941,-0.000000000,-0.000000000,9.800000000,0.967909439,0.000000000,0.000000000,-0.251299261
2.887499538,0.000000000,0.000000000,-0.160455941,-0.000000000,0.000000000,9.800000000,0.967825379,0.000000000,0.000000000,-0.251622803
2.891666204,0.000000000,0.000000000,-0.160455941,-0.000000000,-0.000000000,9.800000000,0.967741212,0.000000000,0.000000000,-0.251946317
2.895832870,0.000000000,0.000000000,-0.144587232,0.000000000,-0.000000000,9.800000000,0.967665276,0.000000000,0.000000000,-0.252237811
2.904166202,0.000000000,0.000000000,-0.144587232,0.000000000,0.000000000,9.800000000,0.967513141,0.000000000,0.000000000,-0.252820732
2.908332868,0.000000000,0.000000000,-0.128662782,-0.000000000,-0.000000000,9.800000000,0.967445338,0.000000000,0.000000000,-0.253080063
2.912499534,0.000000000,0.000000000,-0.128662782,-0.000000000,-0.000000000,9.800000000,0.967377466,0.000000000,0.000000000,-0.253339375
2.916666200,0.000000000,0.000000000,-0.128662782,-0.000000000,-0.000000000,9.800000000,0.967309524,0.000000000,0.000000000,-0.253598669
2.920832866,0.000000000,0.000000000,-0.112688731,-0.000000000,-0.000000000,9.800000000,0.967249960,0.000000000,0.000000000,-0.253825755
2.929166198,0.000000000,0.000000000,-0.112688731,-0.000000000,-0.000000000,9.800000000,0.967130673,0.000000000,0.000000000,-0.254279886
2.933332864,0.000000000,0.000000000,-0.096671235,0.000000000,0.000000000,9.800000000,0.967079442,0.000000000,0.000000000,-0.254474660
2.937499530,0.000000000,0.000000000,-0.096671235,0.000000000,0.000000000,9.800000000,0.967028172,0.000000000,0.000000000,-0.254669423
2.941666196,0.000000000,0.000000000,-0.096671235,0.000000000,0.000000000,9.800000000,0.966976862,0.000000000,0.000000000,-0.254864175
2.945832862,0.000000000,0.000000000,-0.080616471,0.000000000,0.000000000,9.800000000,0.966934044,0.000000000,0.000000000,-0.255026577
2.954166194,0.000000000,0.000000000,-0.080616471,-0.000000000,0.000000000,9.800000000,0.966848325,0.000000000,0.000000000,-0.255351357
2.958332860,0.000000000,0.000000000,-0.064530628,0.000000000,0.000000000,9.800000000,0.966813988,0.000000000,0.000000000,-0.255481337
2.962499526,0.000000000,0.000000000,-0.064530628,0.000000000,0.000000000,9.800000000,0.966779632,0.000000000,0.000000000,-0.255611312
2.966666192,0.000000000,0.000000000,-0.064530628,0.000000000,0.000000000,9.800000000,0.966745259,0.000000000,0.000000000,-0.255741282
2.970832858,0.000000000,0.000000000,-0.048419907,-0.000000000,-0.000000000,9.800000000,0.966719457,0.000000000,0.000000000,-0.255838801
2.979166190,0.000000000,0.000000000,-0.048419907,-0.000000000,-0.000000000,9.800000000,0.966667822,0.000000000,0.000000000,-0.256033831
2.983332856,0.000000000,0.000000000,-0.032290519,0.000000000,-0.000000000,9.800000000,0.966650596,0.000000000,0.000000000,-0.256098860
2.987499522,0.000000000,0.000000000,-0.032290519,0.000000000,-0.000000000,9.800000000,0.966633365,0.000000000,0.000000000,-0.256163888
2.991666188,0.000000000,0.000000000,-0.032290519,0.000000000,0.000000000,9.800000000,0.966616130,0.000000000,0.000000000,-0.256228915
2.995832854,0.000000000,0.000000000,-0.016148682,0.000000000,-0.000000000,9.800000000,0.966607509,0.000000000,0.000000000,-0.256261434
3.004166186,0.000000000,0.000000000,-0.016148682,0.000000000,0.000000000,9.800000000,0.966590264,0.000000000,0.000000000,-0.256326473
3.008332852,0.000000000,0.000000000,-0.000000620,0.000000000,0.000000000,9.800000000,0.966590264,0.000000000,0.000000000,-0.256326474
3.012499518,0.000000000,0.000000000,-0.000000620,0.000000000,0.000000000,9.800000000,0.966590264,0.000000000,0.000000000,-0.256326476
3.016666184,0.000000000,0.000000000,-0.000000620,0.000000000,0.000000000,9.800000000,0.966590263,0.000000000,0.000000000,-0.256326477
3.020832850,0.000000000,0.000000000,0.016147442,0.000000000,-0.000000000,9.800000000,0.966598886,0.000000000,0.000000000,-0.256293960
3.029166182,0.000000000,0.000000000,0.016147442,0.000000000,-0.000000000,9.800000000,0.966616127,0.000000000,0.000000000,-0.256228926
3.033332848,0.000000000,0.000000000,0.032289279,0.000000000,0.000000000,9.800000000,0.966633361,0.000000000,0.000000000,-0.256163902
3.037499514,0.000000000,0.000000000,0.032289279,0.000000000,0.000000000,9.800000000,0.966650591,0.000000000,0.000000000,-0.256098876
3.041666180,0.000000000,0.000000000,0.032289279,0.000000000,0.000000000,9.800000000,0.966667817,0.000000000,0.000000000,-0.256033850
3.045832846,0.000000000,0.000000000,0.048418668,0.000000000,0.000000000,9.800000000,0.966693638,0.000000000,0.000000000,-0.255936339
3.054166178,0.000000000,0.000000000,0.048418668,0.000000000,0.000000000,9.800000000,0.966745252,0.000000000,0.000000000,-0.255741308
3.058332844,0.000000000,0.000000000,0.064529391,0.000000000,0.000000000,9.800000000,0.966779625,0.000000000,0.000000000,-0.255611340
3.062499510,0.000000000,0.000000000,0.064529391,0.000000000,0.000000000,9.800000000,0.966813979,0.000000000,0.000000000,-0.255481368
3.066666176,0.000000000,0.000000000,0.064529391,0.000000000,0.000000000,9.800000000,0.966848317,0.000000000,0.000000000,-0.255351391
3.070832842,0.000000000,0.000000000,0.080615237,-0.000000000,-0.000000000,9.800000000,0.966891189,0.000000000,0.000000000,-0.255189007
3.079166174,0.000000000,0.000000000,0.080615237,-0.000000000,-0.000000000,9.800000000,0.966976851,0.000000000,0.000000000,-0.254864217
3.083332840,0.000000000,0.000000000,0.096670003,0.000000000,0.000000000,9.800000000,0.967028160,0.000000000,0.000000000,-0.254669466
3.087499506,0.000000000,0.000000000,0.096670003,0.000000000,0.000000000,9.800000000,0.967079430,0.000000000,0.000000000,-0.254474706
3.091666172,0.000000000,0.000000000,0.096670003,-0.000000000,0.000000000,9.800000000,0.967130661,0.000000000,0.000000000,-0.254279935
3.095832838,0.000000000,0.000000000,0.112687502,0.000000000,-0.000000000,9.800000000,0.967190330,0.000000000,0.000000000,-0.254052879
3.104166170,0.000000000,0.000000000,0.112687502,0.000000000,0.000000000,9.800000000,0.967309509,0.000000000,0.000000000,-0.253598725
3.108332836,0.000000000,0.000000000,0.128661557,0.000000000,0.000000000,9.800000000,0.967377450,0.000000000,0.000000000,-0.253339433
3.112499502,0.000000000,0.000000000,0.128661557,-0.000000000,0.000000000,9.800000000,0.967445322,0.000000000,0.000000000,-0.253080124
3.116666168,0.000000000,0.000000000,0.128661557,0.000000000,0.000000000,9.800000000,0.967513124,0.000000000,0.000000000,-0.252820796
3.120832834,0.000000000,0.000000000,0.144586011,0.000000000,0.000000000,9.800000000,0.967589235,0.000000000,0.000000000,-0.252529349
3.129166166,0.000000000,0.000000000,0.144586011,0.000000000,0.000000000,9.800000000,0.967741194,0.000000000,0.000000000,-0.251946387
3.133332832,0.000000000,0.000000000,0.160454725,-0.000000000,0.000000000,9.800000000,0.967825360,0.000000000,0.000000000,-0.251622876
3.137499498,0.000000000,0.000000000,0.160454725,-0.000000000,-0.000000000,9.800000000,0.967909419,0.000000000,0.000000000,-0.251299337
3.141666164,0.000000000,0.000000000,0.160454725,-0.000000000,0.000000000,9.800000000,0.967993369,0.000000000,0.000000000,-0.250975769
3.145832830,0.000000000,0.000000000,0.176261580,-0.000000000,0.000000000,9.800000000,0.968085465,0.000000000,0.000000000,-0.250620294
3.154166162,0.000000000,0.000000000,0.176261580,-0.000000000,0.000000000,9.800000000,0.968269266,0.000000000,0.000000000,-0.249909242
3.158332828,0.000000000,0.000000000,0.192000483,-0.000000000,0.000000000,9.800000000,0.968369152,0.000000000,0.000000000,-0.249521914
3.162499494,0.000000000,0.000000000,0.192000483,-0.000000000,-0.000000000,9.800000000,0.968468884,0.000000000,0.000000000,-0.249134545
3.166666160,0.000000000,0.000000000,0.192000483,-0.000000000,0.000000000,9.800000000,0.968568460,0.000000000,0.000000000,-0.248747137
3.170832826,0.000000000,0.000000000,0.207665366,-0.000000000,0.000000000,9.800000000,0.968675987,0.000000000,0.000000000,-0.248328076
3.179166158,0.000000000,0.000000000,0.207665366,-0.000000000,0.000000000,9.800000000,0.968890495,0.000000000,0.000000000,-0.247489814
3.183332824,0.000000000,0.000000000,0.223250190,0.000000000,0.000000000,9.800000000,0.969005499,0.000000000,0.000000000,-0.247039152
3.187499490,0.000000000,0.000000000,0.223250190,0.000000000,0.000000000,9.800000000,0.969120293,0.000000000,0.000000000,-0.246588436
3.191666156,0.000000000,0.000000000,0.223250190,0.000000000,0.000000000,9.800000000,0.969234878,0.000000000,0.000000000,-0.246137667
3.195832822,0.000000000,0.000000000,0.238748947,0.000000000,-0.000000000,9.800000000,0.969357185,0.000000000,0.000000000,-0.245655546
3.204166154,0.000000000,0.000000000,0.238748947,0.000000000,-0.000000000,9.800000000,0.969601081,0.000000000,0.000000000,-0.244691120
3.208332820,0.000000000,0.000000000,0.254155662,0.000000000,0.000000000,9.800000000,0.969730506,0.000000000,0.000000000,-0.244177691
3.212499486,0.000000000,0.000000000,0.254155662,0.000000000,0.000000000,9.800000000,0.969859660,0.000000000,0.000000000,-0.243664193
3.216666152,0.000000000,0.000000000,0.254155662,0.000000000,0.000000000,9.800000000,0.969988542,0.000000000,0.000000000,-0.243150627
3.220832818,0.000000000,0.000000000,0.269464394,0.000000000,0.000000000,9.800000000,0.970124890,0.000000000,0.000000000,-0.242606053
3.229166150,0.000000000,0.000000000,0.269464394,0.000000000,0.000000000,9.800000000,0.970396669,0.000000000,0.000000000,-0.241516675
3.233332816,0.000000000,0.000000000,0.284669244,-0.000000000,0.000000000,9.800000000,0.970539733,0.000000000,0.000000000,-0.240941128
3.237499482,0.000000000,0.000000000,0.284669244,-0.000000000,0.000000000,9.800000000,0.970682455,0.000000000,0.000000000,-0.240365497
3.241666148,0.000000000,0.000000000,0.284669244,0.000000000,0.000000000,9.800000000,0.970824835,0.000000000,0.000000000,-0.239789781
3.245832814,0.000000000,0.000000000,0.299764348,-0.000000000,0.000000000,9.800000000,0.970974397,0.000000000,0.000000000,-0.239183445
3.254166146,0.000000000,0.000000000,0.299764348,-0.000000000,0.000000000,9.800000000,0.971272384,0.000000000,0.000000000,-0.237970495
3.258332812,0.000000000,0.000000000,0.314743887,0.000000000,0.000000000,9.800000000,0.971428216,0.000000000,0.000000000,-0.237333564
3.262499478,0.000000000,0.000000000,0.314743887,0.000000000,0.000000000,9.800000000,0.971583631,0.000000000,0.000000000,-0.236696532
3.266666144,0.000000000,0.000000000,0.314743887,0.000000000,0.000000000,9.800000000,0.971738628,0.000000000,0.000000000,-0.236059398
3.270832810,0.000000000,0.000000000,0.329602086,0.000000000,0.000000000,9.800000000,0.971900494,0.000000000,0.000000000,-0.235392078
3.279166142,0.000000000,0.000000000,0.329602086,0.000000000,0.000000000,9.800000000,0.972222851,0.000000000,0.000000000,-0.234057105
3.283332808,0.000000000,0.000000000,0.344333218,0.000000000,0.000000000,9.800000000,0.972390504,0.000000000,0.000000000,-0.233359610
3.287499474,0.000000000,0.000000000,0.344333218,0.000000000,0.000000000,9.800000000,0.972557657,0.000000000,0.000000000,-0.232661995
3.291666140,0.000000000,0.000000000,0.344333218,0.000000000,-0.000000000,9.800000000,0.972724309,0.000000000,0.000000000,-0.231964261
3.295832806,0.000000000,0.000000000,0.358931602,-0.000000000,-0.000000000,9.800000000,0.972897494,0.000000000,0.000000000,-0.231236818
3.304166138,0.000000000,0.000000000,0.358931602,-0.000000000,-0.000000000,9.800000000,0.973242232,0.000000000,0.000000000,-0.229781545
3.308332804,0.000000000,0.000000000,0.373391612,0.000000000,-0.000000000,9.800000000,0.973420684,0.000000000,0.000000000,-0.229024391
3.312499470,0.000000000,0.000000000,0.373391612,0.000000000,-0.000000000,9.800000000,0.973598547,0.000000000,0.000000000,-0.228267099
3.316666136,0.000000000,0.000000000,0.373391612,0.000000000,-0.000000000,9.800000000,0.973775822,0.000000000,0.000000000,-0.227509668
3.320832802,0.000000000,0.000000000,0.387707672,0.000000000,0.000000000,9.800000000,0.973959269,0.000000000,0.000000000,-0.226723052
3.329166134,0.000000000,0.000000000,0.387707672,0.000000000,0.000000000,9.800000000,0.974324257,0.000000000,0.000000000,-0.225149376
3.333332800,0.000000000,0.000000000,0.401874263,-0.000000000,-0.000000000,9.800000000,0.974512419,0.000000000,0.000000000,-0.224333556
3.337499466,0.000000000,0.000000000,0.401874263,-0.000000000,-0.000000000,9.800000000,0.974699898,0.000000000,0.000000000,-0.223517579
3.341666132,0.000000000,0.000000000,0.401874263,-0.000000000,-0.000000000,9.800000000,0.974886694,0.000000000,0.000000000,-0.222701445
3.345832798,0.000000000,0.000000000,0.415885925,-0.000000000,0.000000000,9.800000000,0.975079283,0.000000000,0.000000000,-0.221856691
3.354166130,0.000000000,0.000000000,0.415885925,-0.000000000,-0.000000000,9.800000000,0.975462265,0.000000000,0.000000000,-0.220166685
3.358332796,0.000000000,0.000000000,0.429737254,-0.000000000,0.000000000,9.800000000,0.975658986,0.000000000,0.000000000,-0.219293280
3.362499462,0.000000000,0.000000000,0.429737254,-0.000000000,0.000000000,9.800000000,0.975854925,0.000000000,0.000000000,-0.218419698
3.366666128,0.000000000,0.000000000,0.429737254,-0.000000000,0.000000000,9.800000000,0.976050082,0.000000000,0.000000000,-0.217545942
3.370832794,0.000000000,0.000000000,0.443422912,-0.000000000,-0.000000000,9.800000000,0.976250634,0.000000000,0.000000000,-0.216644176
3.379166126,0.000000000,0.000000000,0.443422912,0.000000000,0.000000000,9.800000000,0.976649238,0.000000000,0.000000000,-0.214840092
3.383332792,0.000000000,0.000000000,0.456937621,-0.000000000,-0.000000000,9.800000000,0.976853314,0.000000000,0.000000000,-0.213910270
3.387499458,0.000000000,0.000000000,0.456937621,0.000000000,-0.000000000,9.800000000,0.977056504,0.000000000,0.000000000,-0.212980255
3.391666124,0.000000000,0.000000000,0.456937621,0.000000000,-0.000000000,9.800000000,0.977258808,0.000000000,0.000000000,-0.212050046
3.395832790,0.000000000,0.000000000,0.470276173,0.000000000,0.000000000,9.800000000,0.977466093,0.000000000,0.000000000,-0.211092483
3.404166122,0.000000000,0.000000000,0.470276173,0.000000000,0.000000000,9.800000000,0.977877849,0.000000000,0.000000000,-0.209176750
3.408332788,0.000000000,0.000000000,0.483433424,-0.000000000,-0.000000000,9.800000000,0.978088026,0.000000000,0.000000000,-0.208191772
3.412499454,0.000000000,0.000000000,0.483433424,-0.000000000,-0.000000000,9.800000000,0.978297211,0.000000000,0.000000000,-0.207206582
3.416666120,0.000000000,0.000000000,0.483433424,-0.000000000,0.000000000,9.800000000,0.978505403,0.000000000,0.000000000,-0.206221183
3.420832786,0.000000000,0.000000000,0.496404303,0.000000000,0.000000000,9.800000000,0.978718149,0.000000000,0.000000000,-0.205209126
3.429166118,0.000000000,0.000000000,0.496404303,0.000000000,0.000000000,9.800000000,0.979140499,0.000000000,0.000000000,-0.203184356
3.433332784,0.000000000,0.000000000,0.509183808,-0.000000000,-0.000000000,9.800000000,0.979355486,0.000000000,0.000000000,-0.202145570
3.437499450,0.000000000,0.000000000,0.509183808,0.000000000,-0.000000000,9.800000000,0.979569371,0.000000000,0.000000000,-0.201106557
3.441666116,0.000000000,0.000000000,0.509183808,0.000000000,-0.000000000,9.800000000,0.979782154,0.000000000,0.000000000,-0.200067318
3.445832782,0.000000000,0.000000000,0.521767013,0.000000000,0.000000000,9.800000000,0.979999051,0.000000000,0.000000000,-0.199002162
3.454166114,0.000000000,0.000000000,0.521767013,0.000000000,0.000000000,9.800000000,0.980429371,0.000000000,0.000000000,-0.196871147
3.458332780,0.000000000,0.000000000,0.534149067,0.000000000,0.000000000,9.800000000,0.980647844,0.000000000,0.000000000,-0.195779994
3.462499446,0.000000000,0.000000000,0.534149067,0.000000000,0.000000000,9.800000000,0.980865103,0.000000000,0.000000000,-0.194688598
3.466666112,0.000000000,0.000000000,0.534149067,0.000000000,0.000000000,9.800000000,0.981081147,0.000000000,0.000000000,-0.193596960
3.470832778,0.000000000,0.000000000,0.546325197,-0.000000000,0.000000000,9.800000000,0.981300859,0.000000000,0.000000000,-0.192480191
3.479166110,0.000000000,0.000000000,0.546325197,-0.000000000,-0.000000000,9.800000000,0.981736469,0.000000000,0.000000000,-0.190245905
3.483332776,0.000000000,0.000000000,0.558290708,0.000000000,0.000000000,9.800000000,0.981957081,0.000000000,0.000000000,-0.189103914
3.487499442,0.000000000,0.000000000,0.558290708,0.000000000,0.000000000,9.800000000,0.982176365,0.000000000,0.000000000,-0.187961667
3.491666108,0.000000000,0.000000000,0.558290708,0.000000000,0.000000000,9.800000000,0.982394320,0.000000000,0.000000000,-0.186819165
3.495832774,0.000000000,0.000000000,0.570040987,0.000000000,-0.000000000,9.800000000,0.982615491,0.000000000,0.000000000,-0.185652357
3.504166106,0.000000000,0.000000000,0.570040987,-0.000000000,0.000000000,9.800000000,0.983053675,0.000000000,0.000000000,-0.183317956
3.508332772,0.000000000,0.000000000,0.581571505,-0.000000000,-0.000000000,9.800000000,0.983275062,0.000000000,0.000000000,-0.182126747
3.512499438,0.000000000,0.000000000,0.581571505,-0.000000000,-0.000000000,9.800000000,0.983495007,0.000000000,0.000000000,-0.180935271
3.516666104,0.000000000,0.000000000,0.581571505,-0.000000000,0.000000000,9.800000000,0.983713507,0.000000000,0.000000000,-0.179743528
3.520832770,0.000000000,0.000000000,0.592877816,0.000000000,0.000000000,9.800000000,0.983934769,0.000000000,0.000000000,-0.178528346
3.529166102,0.000000000,0.000000000,0.592877816,0.000000000,-0.000000000,9.800000000,0.984372789,0.000000000,0.000000000,-0.176097166
3.533332768,0.000000000,0.000000000,0.603955561,0.000000000,0.000000000,9.800000000,0.984593582,0.000000000,0.000000000,-0.174858450
3.537499434,0.000000000,0.000000000,0.603955561,-0.000000000,0.000000000,9.800000000,0.984812817,0.000000000,0.000000000,-0.173619456
3.541666100,0.000000000,0.000000000,0.603955561,0.000000000,0.000000000,9.800000000,0.985030492,0.000000000,0.000000000,-0.172380187
3.545832766,0.000000000,0.000000000,0.614800470,-0.000000000,0.000000000,9.800000000,0.985250475,0.000000000,0.000000000,-0.171118386
3.554166098,0.000000000,0.000000000,0.614800470,-0.000000000,0.000000000,9.800000000,0.985685590,0.000000000,0.000000000,-0.168593942
3.558332764,0.000000000,0.000000000,0.625408362,-0.000000000,0.000000000,9.800000000,0.985904420,0.000000000,0.000000000,-0.167309516
3.562499430,0.000000000,0.000000000,0.625408362,-0.000000000,0.000000000,9.800000000,0.986121577,0.000000000,0.000000000,-0.166024806
3.566666096,0.000000000,0.000000000,0.625408362,0.000000000,0.000000000,9.800000000,0.986337059,0.000000000,0.000000000,-0.164739815
3.570832762,0.000000000,0.000000000,0.635775147,-0.000000000,0.000000000,9.800000000,0.986554397,0.000000000,0.000000000,-0.163433236
3.579166094,0.000000000,0.000000000,0.635775147,-0.000000000,0.000000000,9.800000000,0.986983879,0.000000000,0.000000000,-0.160819221
3.583332760,0.000000000,0.000000000,0.645896829,0.000000000,0.000000000,9.800000000,0.987199387,0.000000000,0.000000000,-0.159490973
3.587499426,0.000000000,0.000000000,0.645896829,0.000000000,0.000000000,9.800000000,0.987413107,0.000000000,0.000000000,-0.158162435
3.591666092,0.000000000,0.000000000,0.645896829,0.000000000,0.000000000,9.800000000,0.987625039,0.000000000,0.000000000,-0.156833611
3.595832758,0.000000000,0.000000000,0.655769505,0.000000000,0.000000000,9.800000000,0.987838382,0.000000000,0.000000000,-0.155484186
3.604166090,0.000000000,0.000000000,0.655769505,0.000000000,0.000000000,9.800000000,0.988259534,0.000000000,0.000000000,-0.152784466
3.608332756,0.000000000,0.000000000,0.665389370,0.000000000,0.000000000,9.800000000,0.988470379,0.000000000,0.000000000,-0.151414367
3.612499422,0.000000000,0.000000000,0.665389370,0.000000000,0.000000000,9.800000000,0.988679324,0.000000000,0.000000000,-0.150043977
3.616666088,0.000000000,0.000000000,0.665389370,-0.000000000,0.000000000,9.800000000,0.988886369,0.000000000,0.000000000,-0.148673299
3.620832754,0.000000000,0.000000000,0.674752714,-0.000000000,-0.000000000,9.800000000,0.989094387,0.000000000,0.000000000,-0.147283041
3.629166086,0.000000000,0.000000000,0.674752714,-0.000000000,-0.000000000,9.800000000,0.989504559,0.000000000,0.000000000,-0.144501654
3.633332752,0.000000000,0.000000000,0.683855929,0.000000000,0.000000000,9.800000000,0.989709426,0.000000000,0.000000000,-0.143091761
3.637499418,0.000000000,0.000000000,0.683855929,0.000000000,0.000000000,9.800000000,0.989912284,0.000000000,0.000000000,-0.141681577
3.641666084,0.000000000,0.000000000,0.683855929,0.000000000,0.000000000,9.800000000,0.990113133,0.000000000,0.000000000,-0.140271106
3.645832750,0.000000000,0.000000000,0.692695504,-0.000000000,-0.000000000,9.800000000,0.990314530,0.000000000,0.000000000,-0.138842113
3.654166082,0.000000000,0.000000000,0.692695504,-0.000000000,0.000000000,9.800000000,0.990711135,0.000000000,0.000000000,-0.135983263
3.658332748,0.000000000,0.000000000,0.701268032,-0.000000000,-0.000000000,9.800000000,0.990908745,0.000000000,0.000000000,-0.134535714
3.662499414,0.000000000,0.000000000,0.701268032,-0.000000000,-0.000000000,9.800000000,0.991104241,0.000000000,0.000000000,-0.133087878
3.666666080,0.000000000,0.000000000,0.701268032,-0.000000000,0.000000000,9.800000000,0.991297621,0.000000000,0.000000000,-0.131639758
3.670832746,0.000000000,0.000000000,0.709570208,-0.000000000,-0.000000000,9.800000000,0.991491137,0.000000000,0.000000000,-0.130174209
3.679166078,0.000000000,0.000000000,0.709570208,-0.000000000,0.000000000,9.800000000,0.991871669,0.000000000,0.000000000,-0.127242259
3.683332744,0.000000000,0.000000000,0.717598831,-0.000000000,0.000000000,9.800000000,0.992060787,0.000000000,0.000000000,-0.125759272
3.687499410,0.000000000,0.000000000,0.717598831,0.000000000,0.000000000,9.800000000,0.992247688,0.000000000,0.000000000,-0.124276003
3.691666076,0.000000000,0.000000000,0.717598831,0.000000000,0.000000000,9.800000000,0.992432372,0.000000000,0.000000000,-0.122792457
3.695832742,0.000000000,0.000000000,0.725350807,-0.000000000,0.000000000,9.800000000,0.992616796,0.000000000,0.000000000,-0.121292606
3.704166074,0.000000000,0.000000000,0.725350807,-0.000000000,0.000000000,9.800000000,0.992978844,0.000000000,0.000000000,-0.118292077
3.708332740,0.000000000,0.000000000,0.732823145,0.000000000,-0.000000000,9.800000000,0.993158285,0.000000000,0.000000000,-0.116775944
3.712499406,0.000000000,0.000000000,0.732823145,0.000000000,0.000000000,9.800000000,0.993335411,0.000000000,0.000000000,-0.115259539
3.716666072,0.000000000,0.000000000,0.732823145,0.000000000,0.000000000,9.800000000,0.993510222,0.000000000,0.000000000,-0.113742866
3.720832738,0.000000000,0.000000000,0.740012967,0.000000000,-0.000000000,9.800000000,0.993684398,0.000000000,0.000000000,-0.112211043
3.729166070,0.000000000,0.000000000,0.740012967,0.000000000,-0.000000000,9.800000000,0.994025663,0.000000000,0.000000000,-0.109146601
3.733332736,0.000000000,0.000000000,0.746917500,0.000000000,-0.000000000,9.800000000,0.994194300,0.000000000,0.000000000,-0.107599688
3.737499402,0.000000000,0.000000000,0.746917500,-0.000000000,-0.000000000,9.800000000,0.994360530,0.000000000,0.000000000,-0.106052515
3.741666068,0.000000000,0.000000000,0.746917500,-0.000000000,-0.000000000,9.800000000,0.994524352,0.000000000,0.000000000,-0.104505084
3.745832734,0.000000000,0.000000000,0.753534082,0.000000000,0.000000000,9.800000000,0.994687185,0.000000000,0.000000000,-0.102943690
3.754166066,0.000000000,0.000000000,0.753534082,0.000000000,-0.000000000,9.800000000,0.995005497,0.000000000,0.000000000,-0.099820144
3.758332732,0.000000000,0.000000000,0.759860162,0.000000000,-0.000000000,9.800000000,0.995162270,0.000000000,0.000000000,-0.098244884
3.762499398,0.000000000,0.000000000,0.759860162,-0.000000000,-0.000000000,9.800000000,0.995316548,0.000000000,0.000000000,-0.096669378
3.766666064,0.000000000,0.000000000,0.759860162,0.000000000,-0.000000000,9.800000000,0.995468333,0.000000000,0.000000000,-0.095093630
3.770832730,0.000000000,0.000000000,0.765893301,0.000000000,-0.000000000,9.800000000,0.995618798,0.000000000,0.000000000,-0.093505130
3.779166062,0.000000000,0.000000000,0.765893301,0.000000000,-0.000000000,9.800000000,0.995912123,0.000000000,0.000000000,-0.090327419
3.783332728,0.000000000,0.000000000,0.771631175,-0.000000000,-0.000000000,9.800000000,0.996056044,0.000000000,0.000000000,-0.088726309
3.787499394,0.000000000,0.000000000,0.771631175,0.000000000,-0.000000000,9.800000000,0.996197390,0.000000000,0.000000000,-0.087124971
3.791666060,0.000000000,0.000000000,0.771631175,0.000000000,-0.000000000,9.800000000,0.996336162,0.000000000,0.000000000,-0.085523407
3.795832726,0.000000000,0.000000000,0.777071570,-0.000000000,0.000000000,9.800000000,0.996473310,0.000000000,0.000000000,-0.083910329
3.804166058,0.000000000,0.000000000,0.777071570,-0.000000000,0.000000000,9.800000000,0.996739771,0.000000000,0.000000000,-0.080683515
3.808332724,0.000000000,0.000000000,0.782212389,-0.000000000,0.000000000,9.800000000,0.996869930,0.000000000,0.000000000,-0.079059113
3.812499390,0.000000000,0.000000000,0.782212389,-0.000000000,-0.000000000,9.800000000,0.996997441,0.000000000,0.000000000,-0.077434501
3.816666056,0.000000000,0.000000000,0.782212389,0.000000000,0.000000000,9.800000000,0.997122305,0.000000000,0.000000000,-0.075809683
3.820832722,0.000000000,0.000000000,0.787051650,-0.000000000,-0.000000000,9.800000000,0.997245269,0.000000000,0.000000000,-0.074174609
3.829166054,0.000000000,0.000000000,0.787051650,-0.000000000,0.000000000,9.800000000,0.997483153,0.000000000,0.000000000,-0.070903869
3.833332720,0.000000000,0.000000000,0.791587489,0.000000000,-0.000000000,9.800000000,0.997598727,0.000000000,0.000000000,-0.069258783
3.837499386,0.000000000,0.000000000,0.791587489,0.000000000,-0.000000000,9.800000000,0.997711588,0.000000000,0.000000000,-0.067613510
3.841666052,0.000000000,0.000000000,0.791587489,0.000000000,-0.000000000,9.800000000,0.997821736,0.000000000,0.000000000,-0.065968052
3.845832718,0.000000000,0.000000000,0.795818155,0.000000000,-0.000000000,9.800000000,0.997929736,0.000000000,0.000000000,-0.064313619
3.854166050,0.000000000,0.000000000,0.795818155,0.000000000,-0.000000000,9.800000000,0.998137508,0.000000000,0.000000000,-0.061004228
3.858332716,0.000000000,0.000000000,0.799742018,-0.000000000,-0.000000000,9.800000000,0.998237763,0.000000000,0.000000000,-0.059341119
3.862499382,0.000000000,0.000000000,0.799742018,-0.000000000,0.000000000,9.800000000,0.998335247,0.000000000,0.000000000,-0.057677844
3.866666048,0.000000000,0.000000000,0.799742018,-0.000000000,0.000000000,9.800000000,0.998429960,0.000000000,0.000000000,-0.056014410
3.870832714,0.000000000,0.000000000,0.803357566,0.000000000,-0.000000000,9.800000000,0.998522311,0.000000000,0.000000000,-0.054343298
3.879166046,0.000000000,0.000000000,0.803357566,0.000000000,-0.000000000,9.800000000,0.998698621,0.000000000,0.000000000,-0.051000624
3.883332712,0.000000000,0.000000000,0.806663404,-0.000000000,0.000000000,9.800000000,0.998782920,0.000000000,0.000000000,-0.049322191
3.887499378,0.000000000,0.000000000,0.806663404,0.000000000,0.000000000,9.800000000,0.998864398,0.000000000,0.000000000,-0.047643619
3.891666044,0.000000000,0.000000000,0.806663404,-0.000000000,0.000000000,9.800000000,0.998943055,0.000000000,0.000000000,-0.045964913
3.895832710,0.000000000,0.000000000,0.809658258,-0.000000000,0.000000000,9.800000000,0.999019167,0.000000000,0.000000000,-0.044279843
3.904166042,0.000000000,0.000000000,0.809658258,0.000000000,0.000000000,9.800000000,0.999162863,0.000000000,0.000000000,-0.040909331
3.908332708,0.000000000,0.000000000,0.812340973,0.000000000,-0.000000000,9.800000000,0.999230666,0.000000000,0.000000000,-0.039218313
3.912499374,0.000000000,0.000000000,0.812340973,-0.000000000,-0.000000000,9.800000000,0.999295607,0.000000000,0.000000000,-0.037527183
3.916666040,0.000000000,0.000000000,0.812340973,-0.000000000,-0.000000000,9.800000000,0.999357686,0.000000000,0.000000000,-0.035835945
3.920832706,0.000000000,0.000000000,0.814710516,0.000000000,0.000000000,9.800000000,0.999417072,0.000000000,0.000000000,-0.034139671
3.929166038,0.000000000,0.000000000,0.814710516,0.000000000,0.000000000,9.800000000,0.999527204,0.000000000,0.000000000,-0.030746833
3.933332704,0.000000000,0.000000000,0.816765972,-0.000000000,-0.000000000,9.800000000,0.999578076,0.000000000,0.000000000,-0.029045999
3.937499370,0.000000000,0.000000000,0.816765972,-0.000000000,-0.000000000,9.800000000,0.999626053,0.000000000,0.000000000,-0.027345080
3.941666036,0.000000000,0.000000000,0.816765972,-0.000000000,-0.000000000,9.800000000,0.999671136,0.000000000,0.000000000,-0.025644082
3.945832702,0.000000000,0.000000000,0.818506550,0.000000000,0.000000000,9.800000000,0.999713412,0.000000000,0.000000000,-0.023939385
3.954166034,0.000000000,0.000000000,0.818506550,0.000000000,0.000000000,9.800000000,0.999789242,0.000000000,0.000000000,-0.020529786
3.958332700,0.000000000,0.000000000,0.819931578,0.000000000,0.000000000,9.800000000,0.999822852,0.000000000,0.000000000,-0.018821926
3.962499366,0.000000000,0.000000000,0.819931578,0.000000000,0.000000000,9.800000000,0.999853545,0.000000000,0.000000000,-0.017114012
3.966666032,0.000000000,0.000000000,0.819931578,0.000000000,-0.000000000,9.800000000,0.999881320,0.000000000,0.000000000,-0.015406047
3.970832698,0.000000000,0.000000000,0.821040507,-0.000000000,-0.000000000,9.800000000,0.999906209,0.000000000,0.000000000,-0.013695728
3.979166030,0.000000000,0.000000000,0.821040507,-0.000000000,-0.000000000,9.800000000,0.999947211,0.000000000,0.000000000,-0.010274974
3.983332696,0.000000000,0.000000000,0.821832909,-0.000000000,-0.000000000,9.800000000,0.999963338,0.000000000,0.000000000,-0.008562898
3.987499362,0.000000000,0.000000000,0.821832909,-0.000000000,-0.000000000,9.800000000,0.999976533,0.000000000,0.000000000,-0.006850798
3.991666028,0.000000000,0.000000000,0.821832909,-0.000000000,-0.000000000,9.800000000,0.999986797,0.000000000,0.000000000,-0.005138677
3.995832694,0.000000000,0.000000000,0.822308479,-0.000000000,-0.000000000,9.800000000,0.999994133,0.000000000,0.000000000,-0.003425551
4.004166026,0.000000000,0.000000000,0.822308479,-0.000000000,-0.000000000,9.800000000,1.000000000,0.000000000,0.000000000,0.000000728
4.008332692,0.000000000,0.000000000,0.822467033,0.000000000,-0.000000000,9.800000000,0.999998531,0.000000000,0.000000000,0.001714199
4.012499358,0.000000000,0.000000000,0.822467033,0.000000000,-0.000000000,9.800000000,0.999994126,0.000000000,0.000000000,0.003427666
4.016666024,0.000000000,0.000000000,0.822467033,0.000000000,-0.000000000,9.800000000,0.999986784,0.000000000,0.000000000,0.005141123
4.020832690,0.000000000,0.000000000,0.822308511,-0.000000000,0.000000000,9.800000000,0.999976509,0.000000000,0.000000000,0.006854234
4.029166022,0.000000000,0.000000000,0.822308511,-0.000000000,0.000000000,9.800000000,0.999947155,0.000000000,0.000000000,0.010280392
4.033332688,0.000000000,0.000000000,0.821832974,0.000000000,0.000000000,9.800000000,0.999928088,0.000000000,0.000000000,0.011992437
4.037499354,0.000000000,0.000000000,0.821832974,0.000000000,0.000000000,9.800000000,0.999906090,0.000000000,0.000000000,0.013704448
4.041666020,0.000000000,0.000000000,0.821832974,-0.000000000,0.000000000,9.800000000,0.999881160,0.000000000,0.000000000,0.015416418
4.045832686,0.000000000,0.000000000,0.821040604,0.000000000,0.000000000,9.800000000,0.999853327,0.000000000,0.000000000,0.017126692
4.054166018,0.000000000,0.000000000,0.821040604,0.000000000,0.000000000,9.800000000,0.999788886,0.000000000,0.000000000,0.020547085
4.058332684,0.000000000,0.000000000,0.819931708,0.000000000,0.000000000,9.800000000,0.999752329,0.000000000,0.000000000,0.022254885
4.062499350,0.000000000,0.000000000,0.819931708,0.000000000,0.000000000,9.800000000,0.999712855,0.000000000,0.000000000,0.023962619
4.066666016,0.000000000,0.000000000,0.819931708,0.000000000,-0.000000000,9.800000000,0.999670464,0.000000000,0.000000000,0.025670283
4.070832682,0.000000000,0.000000000,0.818506712,-0.000000000,-0.000000000,9.800000000,0.999625237,0.000000000,0.000000000,0.027374905
4.079166014,0.000000000,0.000000000,0.818506712,0.000000000,0.000000000,9.800000000,0.999526063,0.000000000,0.000000000,0.030783906
4.083332680,0.000000000,0.000000000,0.816766167,0.000000000,0.000000000,9.800000000,0.999472234,0.000000000,0.000000000,0.032484650
4.087499346,0.000000000,0.000000000,0.816766167,0.000000000,0.000000000,9.800000000,0.999415512,0.000000000,0.000000000,0.034185300
4.091666012,0.000000000,0.000000000,0.816766167,0.000000000,0.000000000,9.800000000,0.999355895,0.000000000,0.000000000,0.035885851
4.095832678,0.000000000,0.000000000,0.814710743,0.000000000,0.000000000,9.800000000,0.999293546,0.000000000,0.000000000,0.037582019
4.104166010,0.000000000,0.000000000,0.814710743,-0.000000000,0.000000000,9.800000000,0.999160212,0.000000000,0.000000000,0.040974025
4.108332676,0.000000000,0.000000000,0.812341232,0.000000000,0.000000000,9.800000000,0.999089438,0.000000000,0.000000000,0.042664922
4.112499342,0.000000000,0.000000000,0.812341232,0.000000000,0.000000000,9.800000000,0.999015802,0.000000000,0.000000000,0.044355696
4.116666008,0.000000000,0.000000000,0.812341232,0.000000000,0.000000000,9.800000000,0.998939305,0.000000000,0.000000000,0.046046343
4.120832674,0.000000000,0.000000000,0.809658549,0.000000000,-0.000000000,9.800000000,0.998860213,0.000000000,0.000000000,0.047731276
4.129166006,0.000000000,0.000000000,0.809658549,-0.000000000,-0.000000000,9.800000000,0.998693504,0.000000000,0.000000000,0.051100730
4.133332672,0.000000000,0.000000000,0.806663726,-0.000000000,0.000000000,9.800000000,0.998606217,0.000000000,0.000000000,0.052779010
4.137499338,0.000000000,0.000000000,0.806663726,0.000000000,-0.000000000,9.800000000,0.998516109,0.000000000,0.000000000,0.054457142
4.141666004,0.000000000,0.000000000,0.806663726,0.000000000,-0.000000000,9.800000000,0.998423181,0.000000000,0.000000000,0.056135120
4.145832670,0.000000000,0.000000000,0.803357920,-0.000000000,-0.000000000,9.800000000,0.998327831,0.000000000,0.000000000,0.057806063
4.154166002,0.000000000,0.000000000,0.803357920,0.000000000,-0.000000000,9.800000000,0.998128743,0.000000000,0.000000000,0.061147460
4.158332668,0.000000000,0.000000000,0.799742404,0.000000000,0.000000000,9.800000000,0.998025478,0.000000000,0.000000000,0.062810386
4.162499334,0.000000000,0.000000000,0.799742404,0.000000000,0.000000000,9.800000000,0.997919443,0.000000000,0.000000000,0.064473138
4.166666000,0.000000000,0.000000000,0.799742404,0.000000000,0.000000000,9.800000000,0.997810637,0.000000000,0.000000000,0.066135711
4.170832666,0.000000000,0.000000000,0.795818572,-0.000000000,0.000000000,9.800000000,0.997699616,0.000000000,0.000000000,0.067789945
4.179165998,0.000000000,0.000000000,0.795818572,0.000000000,0.000000000,9.800000000,0.997469346,0.000000000,0.000000000,0.071097849
4.183332664,0.000000000,0.000000000,0.791587937,0.000000000,0.000000000,9.800000000,0.997350739,0.000000000,0.000000000,0.072742719
4.187499330,0.000000000,0.000000000,0.791587937,-0.000000000,0.000000000,9.800000000,0.997229420,0.000000000,0.000000000,0.074387392
4.191665996,0.000000000,0.000000000,0.791587937,0.000000000,0.000000000,9.800000000,0.997105389,0.000000000,0.000000000,0.076031862
4.195832662,0.000000000,0.000000000,0.787052130,-0.000000000,-0.000000000,9.800000000,0.996979379,0.000000000,0.000000000,0.077666704
4.204165994,0.000000000,0.000000000,0.787052130,0.000000000,0.000000000,9.800000000,0.996719320,0.000000000,0.000000000,0.080935758
4.208332660,0.000000000,0.000000000,0.782212900,0.000000000,0.000000000,9.800000000,0.996586103,0.000000000,0.000000000,0.082559914
4.212499326,0.000000000,0.000000000,0.782212900,0.000000000,0.000000000,9.800000000,0.996450239,0.000000000,0.000000000,0.084183850
4.216665992,0.000000000,0.000000000,0.782212900,0.000000000,0.000000000,9.800000000,0.996311729,0.000000000,0.000000000,0.085807563
4.220832658,0.000000000,0.000000000,0.777072111,0.000000000,-0.000000000,9.800000000,0.996171510,0.000000000,0.000000000,0.087420379
4.229165990,0.000000000,0.000000000,0.777072111,0.000000000,-0.000000000,9.800000000,0.995883239,0.000000000,0.000000000,0.090645319
4.233332656,0.000000000,0.000000000,0.771631747,-0.000000000,0.000000000,9.800000000,0.995736234,0.000000000,0.000000000,0.092246149
4.237499322,0.000000000,0.000000000,0.771631747,0.000000000,0.000000000,9.800000000,0.995586656,0.000000000,0.000000000,0.093846741
4.241665988,0.000000000,0.000000000,0.771631747,0.000000000,0.000000000,9.800000000,0.995434505,0.000000000,0.000000000,0.095447090
4.245832654,0.000000000,0.000000000,0.765893904,0.000000000,-0.000000000,9.800000000,0.995280941,0.000000000,0.000000000,0.097035295
4.254165986,0.000000000,0.000000000,0.765893904,-0.000000000,-0.000000000,9.800000000,0.994966212,0.000000000,0.000000000,0.100210960
4.258332652,0.000000000,0.000000000,0.759860795,0.000000000,-0.000000000,9.800000000,0.994806327,0.000000000,0.000000000,0.101785908
4.262499318,0.000000000,0.000000000,0.759860795,-0.000000000,-0.000000000,9.800000000,0.994643949,0.000000000,0.000000000,0.103360601
4.266665984,0.000000000,0.000000000,0.759860795,-0.000000000,-0.000000000,9.800000000,0.994479079,0.000000000,0.000000000,0.104935035
4.270832650,0.000000000,0.000000000,0.753534744,0.000000000,0.000000000,9.800000000,0.994313120,0.000000000,0.000000000,0.106496102
4.279165982,0.000000000,0.000000000,0.753534744,0.000000000,0.000000000,9.800000000,0.993973851,0.000000000,0.000000000,0.109617444
4.283332648,0.000000000,0.000000000,0.746918192,0.000000000,0.000000000,9.800000000,0.993802074,0.000000000,0.000000000,0.111164013
4.287499314,0.000000000,0.000000000,0.746918192,-0.000000000,0.000000000,9.800000000,0.993627891,0.000000000,0.000000000,0.112710313
4.291665980,0.000000000,0.000000000,0.746918192,0.000000000,0.000000000,9.800000000,0.993451302,0.000000000,0.000000000,0.114256340
4.295832646,0.000000000,0.000000000,0.740013689,0.000000000,-0.000000000,9.800000000,0.993273973,0.000000000,0.000000000,0.115787802
4.304165978,0.000000000,0.000000000,0.740013689,-0.000000000,0.000000000,9.800000000,0.992912233,0.000000000,0.000000000,0.118849898
4.308332644,0.000000000,0.000000000,0.732823896,-0.000000000,-0.000000000,9.800000000,0.992729626,0.000000000,0.000000000,0.120365654
4.312499310,0.000000000,0.000000000,0.732823896,-0.000000000,-0.000000000,9.800000000,0.992544704,0.000000000,0.000000000,0.121881129
4.316665976,0.000000000,0.000000000,0.732823896,0.000000000,-0.000000000,9.800000000,0.992357470,0.000000000,0.000000000,0.123396321
4.320832642,0.000000000,0.000000000,0.725351586,0.000000000,0.000000000,9.800000000,0.992169867,0.000000000,0.000000000,0.124895779
4.329165974,0.000000000,0.000000000,0.725351586,0.000000000,0.000000000,9.800000000,0.991787864,0.000000000,0.000000000,0.127893837
4.333332640,0.000000000,0.000000000,0.717599639,0.000000000,-0.000000000,9.800000000,0.991595554,0.000000000,0.000000000,0.129376416
4.337499306,0.000000000,0.000000000,0.717599639,0.000000000,-0.000000000,9.800000000,0.991401029,0.000000000,0.000000000,0.130858705
4.341665972,0.000000000,0.000000000,0.717599639,0.000000000,-0.000000000,9.800000000,0.991204287,0.000000000,0.000000000,0.132340702
4.345832638,0.000000000,0.000000000,0.709571044,-0.000000000,-0.000000000,9.800000000,0.991007568,0.000000000,0.000000000,0.133805827
4.354165970,0.000000000,0.000000000,0.709571044,0.000000000,0.000000000,9.800000000,0.990607635,0.000000000,0.000000000,0.136735197
4.358332636,0.000000000,0.000000000,0.701268896,-0.000000000,-0.000000000,9.800000000,0.990406811,0.000000000,0.000000000,0.138182305
4.362499302,0.000000000,0.000000000,0.701268896,0.000000000,-0.000000000,9.800000000,0.990203873,0.000000000,0.000000000,0.139629118
4.366665968,0.000000000,0.000000000,0.701268896,0.000000000,-0.000000000,9.800000000,0.989998821,0.000000000,0.000000000,0.141075633
4.370832634,0.000000000,0.000000000,0.692696396,0.000000000,0.000000000,9.800000000,0.989794202,0.000000000,0.000000000,0.142504170
4.379165966,0.000000000,0.000000000,0.692696396,-0.000000000,0.000000000,9.800000000,0.989378779,0.000000000,0.000000000,0.145360351
4.383332632,0.000000000,0.000000000,0.683856848,-0.000000000,0.000000000,9.800000000,0.989170680,0.000000000,0.000000000,0.146769772
4.387499298,0.000000000,0.000000000,0.683856848,-0.000000000,0.000000000,9.800000000,0.988960573,0.000000000,0.000000000,0.148178896
4.391665964,0.000000000,0.000000000,0.683856848,0.000000000,0.000000000,9.800000000,0.988748459,0.000000000,0.000000000,0.149587719
4.395832630,0.000000000,0.000000000,0.674753660,-0.000000000,-0.000000000,9.800000000,0.988537201,0.000000000,0.000000000,0.150977490
4.404165962,0.000000000,0.000000000,0.674753660,-0.000000000,-0.000000000,9.800000000,0.988108825,0.000000000,0.000000000,0.153756136
4.408332628,0.000000000,0.000000000,0.665390342,0.000000000,0.000000000,9.800000000,0.987894735,0.000000000,0.000000000,0.155125733
4.412499294,0.000000000,0.000000000,0.665390342,-0.000000000,0.000000000,9.800000000,0.987678746,0.000000000,0.000000000,0.156495033
4.416665960,0.000000000,0.000000000,0.665390342,0.000000000,0.000000000,9.800000000,0.987460859,0.000000000,0.000000000,0.157864032
4.420832626,0.000000000,0.000000000,0.655770503,0.000000000,0.000000000,9.800000000,0.987244265,0.000000000,0.000000000,0.159212941
4.429165958,0.000000000,0.000000000,0.655770503,0.000000000,0.000000000,9.800000000,0.986805551,0.000000000,0.000000000,0.161909867
4.433332624,0.000000000,0.000000000,0.645897853,-0.000000000,0.000000000,9.800000000,0.986586788,0.000000000,0.000000000,0.163237585
4.437499290,0.000000000,0.000000000,0.645897853,-0.000000000,0.000000000,9.800000000,0.986366239,0.000000000,0.000000000,0.164565008
4.441665956,0.000000000,0.000000000,0.645897853,-0.000000000,0.000000000,9.800000000,0.986143904,0.000000000,0.000000000,0.165892134
4.445832622,0.000000000,0.000000000,0.635776196,0.000000000,-0.000000000,9.800000000,0.985923310,0.000000000,0.000000000,0.167198168
4.454165954,0.000000000,0.000000000,0.635776196,0.000000000,-0.000000000,9.800000000,0.985476932,0.000000000,0.000000000,0.169809356
4.458332620,0.000000000,0.000000000,0.625409436,0.000000000,-0.000000000,9.800000000,0.985254844,0.000000000,0.000000000,0.171093225
4.462499286,0.000000000,0.000000000,0.625409436,-0.000000000,-0.000000000,9.800000000,0.985031085,0.000000000,0.000000000,0.172376803
4.466665952,0.000000000,0.000000000,0.625409436,-0.000000000,-0.000000000,9.800000000,0.984805653,0.000000000,0.000000000,0.173660089
4.470832618,0.000000000,0.000000000,0.614801569,0.000000000,-0.000000000,9.800000000,0.984582415,0.000000000,0.000000000,0.174921321
4.479165950,0.000000000,0.000000000,0.614801569,0.000000000,0.000000000,9.800000000,0.984131094,0.000000000,0.000000000,0.177442922
4.483332616,0.000000000,0.000000000,0.603956684,0.000000000,-0.000000000,9.800000000,0.983907048,0.000000000,0.000000000,0.178681058
4.487499282,0.000000000,0.000000000,0.603956684,0.000000000,-0.000000000,9.800000000,0.983681445,0.000000000,0.000000000,0.179918910
4.491665948,0.000000000,0.000000000,0.603956684,-0.000000000,-0.000000000,9.800000000,0.983454285,0.000000000,0.000000000,0.181156477
4.495832614,0.000000000,0.000000000,0.592878962,0.000000000,0.000000000,9.800000000,0.983229777,0.000000000,0.000000000,0.182371066
4.504165946,0.000000000,0.000000000,0.592878962,-0.000000000,0.000000000,9.800000000,0.982776261,0.000000000,0.000000000,0.184799408
4.508332612,0.000000000,0.000000000,0.581572674,0.000000000,0.000000000,9.800000000,0.982551635,0.000000000,0.000000000,0.185990013
4.512499278,0.000000000,0.000000000,0.581572674,-0.000000000,-0.000000000,9.800000000,0.982325566,0.000000000,0.000000000,0.187180345
4.516665944,0.000000000,0.000000000,0.581572674,-0.000000000,0.000000000,9.800000000,0.982098056,0.000000000,0.000000000,0.188370403
4.520832610,0.000000000,0.000000000,0.570042179,0.000000000,0.000000000,9.800000000,0.981873657,0.000000000,0.000000000,0.189536597
4.529165942,0.000000000,0.000000000,0.570042179,0.000000000,0.000000000,9.800000000,0.981420705,0.000000000,0.000000000,0.191868183
4.533332608,0.000000000,0.000000000,0.558291922,-0.000000000,0.000000000,9.800000000,0.981196878,0.000000000,0.000000000,0.193009551
4.537499274,0.000000000,0.000000000,0.558291922,-0.000000000,0.000000000,9.800000000,0.980971723,0.000000000,0.000000000,0.194150658
4.541665940,0.000000000,0.000000000,0.558291922,-0.000000000,0.000000000,9.800000000,0.980745242,0.000000000,0.000000000,0.195291502
4.545832606,0.000000000,0.000000000,0.546326433,0.000000000,-0.000000000,9.800000000,0.980522330,0.000000000,0.000000000,0.196407640
4.554165938,0.000000000,0.000000000,0.546326433,0.000000000,-0.000000000,9.800000000,0.980072695,0.000000000,0.000000000,0.198639151
4.558332604,0.000000000,0.000000000,0.534150325,0.000000000,-0.000000000,9.800000000,0.979851040,0.000000000,0.000000000,0.199729665
4.562499270,0.000000000,0.000000000,0.534150325,0.000000000,-0.000000000,9.800000000,0.979628172,0.000000000,0.000000000,0.200819932
4.566665936,0.000000000,0.000000000,0.534150325,0.000000000,-0.000000000,9.800000000,0.979404090,0.000000000,0.000000000,0.201909951
4.570832602,0.000000000,0.000000000,0.521768291,-0.000000000,-0.000000000,9.800000000,0.979184032,0.000000000,0.000000000,0.202974460
4.579165934,0.000000000,0.000000000,0.521768291,-0.000000000,0.000000000,9.800000000,0.978740445,0.000000000,0.000000000,0.205102758
4.583332600,0.000000000,0.000000000,0.509185107,-0.000000000,0.000000000,9.800000000,0.978522321,0.000000000,0.000000000,0.206140893
4.587499266,0.000000000,0.000000000,0.509185107,-0.000000000,0.000000000,9.800000000,0.978303096,0.000000000,0.000000000,0.207178795
4.591665932,0.000000000,0.000000000,0.509185107,-0.000000000,-0.000000000,9.800000000,0.978082769,0.000000000,0.000000000,0.208216464
4.595832598,0.000000000,0.000000000,0.496405621,-0.000000000,0.000000000,9.800000000,0.977866914,0.000000000,0.000000000,0.209227865
4.604165930,0.000000000,0.000000000,0.496405621,-0.000000000,0.000000000,9.800000000,0.977432064,0.000000000,0.000000000,0.211249993
4.608332596,0.000000000,0.000000000,0.483434762,-0.000000000,0.000000000,9.800000000,0.977218807,0.000000000,0.000000000,0.212234312
4.612499262,0.000000000,0.000000000,0.483434762,0.000000000,0.000000000,9.800000000,0.977004558,0.000000000,0.000000000,0.213218416
4.616665928,0.000000000,0.000000000,0.483434762,0.000000000,0.000000000,9.800000000,0.976789319,0.000000000,0.000000000,0.214202303
4.620832594,0.000000000,0.000000000,0.470277530,0.000000000,0.000000000,9.800000000,0.976578987,0.000000000,0.000000000,0.215159204
4.629165926,0.000000000,0.000000000,0.470277530,0.000000000,0.000000000,9.800000000,0.976155510,0.000000000,0.000000000,0.217072386
4.633332592,0.000000000,0.000000000,0.456938996,0.000000000,0.000000000,9.800000000,0.975948424,0.000000000,0.000000000,0.218001545
4.637499258,0.000000000,0.000000000,0.456938996,0.000000000,-0.000000000,9.800000000,0.975740454,0.000000000,0.000000000,0.218930506
4.641665924,0.000000000,0.000000000,0.456938996,0.000000000,-0.000000000,9.800000000,0.975531600,0.000000000,0.000000000,0.219859269
4.645832590,0.000000000,0.000000000,0.443424304,0.000000000,0.000000000,9.800000000,0.975328077,0.000000000,0.000000000,0.220760371
4.654165922,0.000000000,0.000000000,0.443424304,0.000000000,0.000000000,9.800000000,0.974918536,0.000000000,0.000000000,0.222562010
4.658332588,0.000000000,0.000000000,0.429738664,-0.000000000,0.000000000,9.800000000,0.974718888,0.000000000,0.000000000,0.223434755
4.662499254,0.000000000,0.000000000,0.429738664,-0.000000000,0.000000000,9.800000000,0.974518459,0.000000000,0.000000000,0.224307320
4.666665920,0.000000000,0.000000000,0.429738664,-0.000000000,0.000000000,9.800000000,0.974317248,0.000000000,0.000000000,0.225179705
4.670832586,0.000000000,0.000000000,0.415887351,-0.000000000,-0.000000000,9.800000000,0.974121780,0.000000000,0.000000000,0.226023800
4.679165918,0.000000000,0.000000000,0.415887351,-0.000000000,-0.000000000,9.800000000,0.973728649,0.000000000,0.000000000,0.227711480
4.683332584,0.000000000,0.000000000,0.401875706,0.000000000,0.000000000,9.800000000,0.973537658,0.000000000,0.000000000,0.228526646
4.687499250,0.000000000,0.000000000,0.401875706,0.000000000,0.000000000,9.800000000,0.973345985,0.000000000,0.000000000,0.229341651
4.691665916,0.000000000,0.000000000,0.401875706,0.000000000,-0.000000000,9.800000000,0.973153630,0.000000000,0.000000000,0.230156496
4.695832582,0.000000000,0.000000000,0.387709130,-0.000000000,-0.000000000,9.800000000,0.972967409,0.000000000,0.000000000,0.230942463
4.704165914,0.000000000,0.000000000,0.387709130,-0.000000000,-0.000000000,9.800000000,0.972593062,0.000000000,0.000000000,0.232513946
4.708332580,0.000000000,0.000000000,0.373393085,0.000000000,-0.000000000,9.800000000,0.972411895,0.000000000,0.000000000,0.233270458
4.712499246,0.000000000,0.000000000,0.373393085,0.000000000,-0.000000000,9.800000000,0.972230139,0.000000000,0.000000000,0.234026828
4.716665912,0.000000000,0.000000000,0.373393085,0.000000000,-0.000000000,9.800000000,0.972047795,0.000000000,0.000000000,0.234783057
4.720832578,0.000000000,0.000000000,0.358933090,0.000000000,-0.000000000,9.800000000,0.971871958,0.000000000,0.000000000,0.235509867
4.729165910,0.000000000,0.000000000,0.358933090,-0.000000000,-0.000000000,9.800000000,0.971518653,0.000000000,0.000000000,0.236963090
4.733332576,0.000000000,0.000000000,0.344334719,0.000000000,-0.000000000,9.800000000,0.971348415,0.000000000,0.000000000,0.237659961
4.737499242,0.000000000,0.000000000,0.344334719,0.000000000,-0.000000000,9.800000000,0.971177676,0.000000000,0.000000000,0.238356710
4.741665908,0.000000000,0.000000000,0.344334719,0.000000000,-0.000000000,9.800000000,0.971006438,0.000000000,0.000000000,0.239053337
4.745832574,0.000000000,0.000000000,0.329603601,0.000000000,0.000000000,9.800000000,0.970842057,0.000000000,0.000000000,0.239720045
4.754165906,0.000000000,0.000000000,0.329603601,0.000000000,0.000000000,9.800000000,0.970511923,0.000000000,0.000000000,0.241053123
4.758332572,0.000000000,0.000000000,0.314745414,0.000000000,0.000000000,9.800000000,0.970353651,0.000000000,0.000000000,0.241689455
4.762499238,0.000000000,0.000000000,0.314745414,0.000000000,0.000000000,9.800000000,0.970194962,0.000000000,0.000000000,0.242325682
4.766665904,0.000000000,0.000000000,0.314745414,-0.000000000,0.000000000,9.800000000,0.970035855,0.000000000,0.000000000,0.242961806
4.770832570,0.000000000,0.000000000,0.299765888,0.000000000,0.000000000,9.800000000,0.969883934,0.000000000,0.000000000,0.243567558
4.779165902,0.000000000,0.000000000,0.299765888,-0.000000000,0.000000000,9.800000000,0.969578955,0.000000000,0.000000000,0.244778776
4.783332568,0.000000000,0.000000000,0.284670795,-0.000000000,0.000000000,9.800000000,0.969433615,0.000000000,0.000000000,0.245353756
4.787499234,0.000000000,0.000000000,0.284670795,-0.000000000,0.000000000,9.800000000,0.969287934,0.000000000,0.000000000,0.245928649
4.791665900,0.000000000,0.000000000,0.284670795,-0.000000000,0.000000000,9.800000000,0.969141913,0.000000000,0.000000000,0.246503455
4.795832566,0.000000000,0.000000000,0.269465957,0.000000000,0.000000000,9.800000000,0.969003376,0.000000000,0.000000000,0.247047480
4.804165898,0.000000000,0.000000000,0.269465957,0.000000000,0.000000000,9.800000000,0.968725387,0.000000000,0.000000000,0.248135297
4.808332564,0.000000000,0.000000000,0.254157234,-0.000000000,-0.000000000,9.800000000,0.968593865,0.000000000,0.000000000,0.248648196
4.812499230,0.000000000,0.000000000,0.254157234,-0.000000000,-0.000000000,9.800000000,0.968462071,0.000000000,0.000000000,0.249161026
4.816665896,0.000000000,0.000000000,0.254157234,-0.000000000,-0.000000000,9.800000000,0.968330006,0.000000000,0.000000000,0.249673786
4.820832562,0.000000000,0.000000000,0.238750529,0.000000000,0.000000000,9.800000000,0.968205699,0.000000000,0.000000000,0.250155400
4.829165894,0.000000000,0.000000000,0.238750529,0.000000000,0.000000000,9.800000000,0.967956367,0.000000000,0.000000000,0.251118441
4.833332560,0.000000000,0.000000000,0.223251781,-0.000000000,-0.000000000,9.800000000,0.967839465,0.000000000,0.000000000,0.251568618
4.837499226,0.000000000,0.000000000,0.223251781,-0.000000000,0.000000000,9.800000000,0.967722354,0.000000000,0.000000000,0.252018740
4.841665892,0.000000000,0.000000000,0.223251781,-0.000000000,-0.000000000,9.800000000,0.967605033,0.000000000,0.000000000,0.252468808
4.845832558,0.000000000,0.000000000,0.207666966,0.000000000,0.000000000,9.800000000,0.967495715,0.000000000,0.000000000,0.252887409
4.854165890,0.000000000,0.000000000,0.207666966,0.000000000,0.000000000,9.800000000,0.967276535,0.000000000,0.000000000,0.253724468
4.858332556,0.000000000,0.000000000,0.192002091,0.000000000,0.000000000,9.800000000,0.967174966,0.000000000,0.000000000,0.254111362
4.862499222,0.000000000,0.000000000,0.192002091,0.000000000,0.000000000,9.800000000,0.967073243,0.000000000,0.000000000,0.254498216
4.866665888,0.000000000,0.000000000,0.192002091,0.000000000,0.000000000,9.800000000,0.966971366,0.000000000,0.000000000,0.254885029
4.870832554,0.000000000,0.000000000,0.176263195,0.000000000,-0.000000000,9.800000000,0.966877703,0.000000000,0.000000000,0.255240099
4.879165886,0.000000000,0.000000000,0.176263195,0.000000000,0.000000000,9.800000000,0.966689986,0.000000000,0.000000000,0.255950134
4.883332552,0.000000000,0.000000000,0.160456347,0.000000000,-0.000000000,9.800000000,0.966604372,0.000000000,0.000000000,0.256273268
4.887499218,0.000000000,0.000000000,0.160456347,0.000000000,0.000000000,9.800000000,0.966518650,0.000000000,0.000000000,0.256596374
4.891665884,0.000000000,0.000000000,0.160456347,0.000000000,-0.000000000,9.800000000,0.966432820,0.000000000,0.000000000,0.256919452
4.895832550,0.000000000,0.000000000,0.144587639,-0.000000000,0.000000000,9.800000000,0.966355386,0.000000000,0.000000000,0.257210553
4.904165882,0.000000000,0.000000000,0.144587639,-0.000000000,0.000000000,9.800000000,0.966200254,0.000000000,0.000000000,0.257792686
4.908332548,0.000000000,0.000000000,0.128663191,0.000000000,0.000000000,9.800000000,0.966131119,0.000000000,0.000000000,0.258051665
4.912499214,0.000000000,0.000000000,0.128663191,0.000000000,0.000000000,9.800000000,0.966061914,0.000000000,0.000000000,0.258310625
4.916665880,0.000000000,0.000000000,0.128663191,0.000000000,0.000000000,9.800000000,0.965992639,0.000000000,0.000000000,0.258569567
4.920832546,0.000000000,0.000000000,0.112689140,-0.000000000,-0.000000000,9.800000000,0.965931908,0.000000000,0.000000000,0.258796345
4.929165878,0.000000000,0.000000000,0.112689140,-0.000000000,0.000000000,9.800000000,0.965810287,0.000000000,0.000000000,0.259249858
4.933332544,0.000000000,0.000000000,0.096671646,0.000000000,-0.000000000,9.800000000,0.965758055,0.000000000,0.000000000,0.259444367
4.937499210,0.000000000,0.000000000,0.096671646,-0.000000000,-0.000000000,9.800000000,0.965705783,0.000000000,0.000000000,0.259638864
4.941665876,0.000000000,0.000000000,0.096671646,0.000000000,0.000000000,9.800000000,0.965653473,0.000000000,0.000000000,0.259833351
4.945832542,0.000000000,0.000000000,0.080616882,0.000000000,0.000000000,9.800000000,0.965609820,0.000000000,0.000000000,0.259995531
4.954165874,0.000000000,0.000000000,0.080616882,0.000000000,0.000000000,9.800000000,0.965522432,0.000000000,0.000000000,0.260319868
4.958332540,0.000000000,0.000000000,0.064531040,-0.000000000,0.000000000,9.800000000,0.965487426,0.000000000,0.000000000,0.260449670
4.962499206,0.000000000,0.000000000,0.064531040,-0.000000000,-0.000000000,9.800000000,0.965452402,0.000000000,0.000000000,0.260579468
4.966665872,0.000000000,0.000000000,0.064531040,-0.000000000,0.000000000,9.800000000,0.965417361,0.000000000,0.000000000,0.260709260
4.970832538,0.000000000,0.000000000,0.048420319,-0.000000000,0.000000000,9.800000000,0.965391057,0.000000000,0.000000000,0.260806646
4.979165870,0.000000000,0.000000000,0.048420319,0.000000000,0.000000000,9.800000000,0.965338419,0.000000000,0.000000000,0.261001410
4.983332536,0.000000000,0.000000000,0.032290932,0.000000000,0.000000000,9.800000000,0.965320859,0.000000000,0.000000000,0.261066350
4.987499202,0.000000000,0.000000000,0.032290932,0.000000000,0.000000000,9.800000000,0.965303294,0.000000000,0.000000000,0.261131289
4.991665868,0.000000000,0.000000000,0.032290932,0.000000000,0.000000000,9.800000000,0.965285725,0.000000000,0.000000000,0.261196227
4.995832534,0.000000000,0.000000000,0.016149096,0.000000000,0.000000000,9.800000000,0.965276937,0.000000000,0.000000000,0.261228703
5.004165866,0.000000000,0.000000000,0.016149096,0.000000000,-0.000000000,9.800000000,0.965259357,0.000000000,0.000000000,0.261293654
5.008332532,0.000000000,0.000000000,0.000001034,0.000000000,0.000000000,9.800000000,0.965259356,0.000000000,0.000000000,0.261293656
5.012499198,0.000000000,0.000000000,0.000001034,0.000000000,0.000000000,9.800000000,0.965259356,0.000000000,0.000000000,0.261293658
5.016665864,0.000000000,0.000000000,0.000001034,0.000000000,0.000000000,9.800000000,0.965259355,0.000000000,0.000000000,0.261293660
5.020832530,0.000000000,0.000000000,-0.016147029,0.000000000,0.000000000,9.800000000,0.965268145,0.000000000,0.000000000,0.261261189
5.029165862,0.000000000,0.000000000,-0.016147029,-0.000000000,0.000000000,9.800000000,0.965285720,0.000000000,0.000000000,0.261196246
5.033332528,0.000000000,0.000000000,-0.032288866,0.000000000,0.000000000,9.800000000,0.965303288,0.000000000,0.000000000,0.261131312
5.037499194,0.000000000,0.000000000,-0.032288866,0.000000000,0.000000000,9.800000000,0.965320852,0.000000000,0.000000000,0.261066377
5.041665860,0.000000000,0.000000000,-0.032288866,0.000000000,0.000000000,9.800000000,0.965338411,0.000000000,0.000000000,0.261001441
5.045832526,0.000000000,0.000000000,-0.048418256,0.000000000,0.000000000,9.800000000,0.965364734,0.000000000,0.000000000,0.260904065
5.054165858,0.000000000,0.000000000,-0.048418256,-0.000000000,0.000000000,9.800000000,0.965417350,0.000000000,0.000000000,0.260709304
5.058332524,0.000000000,0.000000000,-0.064528979,0.000000000,0.000000000,9.800000000,0.965452389,0.000000000,0.000000000,0.260579516
5.062499190,0.000000000,0.000000000,-0.064528979,0.000000000,0.000000000,9.800000000,0.965487412,0.000000000,0.000000000,0.260449722
5.066665856,0.000000000,0.000000000,-0.064528979,0.000000000,0.000000000,9.800000000,0.965522417,0.000000000,0.000000000,0.260319924
5.070832522,0.000000000,0.000000000,-0.080614825,0.000000000,0.000000000,9.800000000,0.965566123,0.000000000,0.000000000,0.260157763
5.079165854,0.000000000,0.000000000,-0.080614825,-0.000000000,0.000000000,9.800000000,0.965653454,0.000000000,0.000000000,0.259833420
5.083332520,0.000000000,0.000000000,-0.096669593,-0.000000000,0.000000000,9.800000000,0.965705764,0.000000000,0.000000000,0.259638937
5.087499186,0.000000000,0.000000000,-0.096669593,0.000000000,0.000000000,9.800000000,0.965758034,0.000000000,0.000000000,0.259444443
5.091665852,0.000000000,0.000000000,-0.096669593,0.000000000,0.000000000,9.800000000,0.965810266,0.000000000,0.000000000,0.259249939
5.095832518,0.000000000,0.000000000,-0.112687092,0.000000000,0.000000000,9.800000000,0.965871102,0.000000000,0.000000000,0.259023194
5.104165850,0.000000000,0.000000000,-0.112687092,0.000000000,0.000000000,9.800000000,0.965992614,0.000000000,0.000000000,0.258569660
5.108332516,0.000000000,0.000000000,-0.128661149,0.000000000,0.000000000,9.800000000,0.966061888,0.000000000,0.000000000,0.258310723
5.112499182,0.000000000,0.000000000,-0.128661149,0.000000000,0.000000000,9.800000000,0.966131091,0.000000000,0.000000000,0.258051766
5.116665848,0.000000000,0.000000000,-0.128661149,0.000000000,0.000000000,9.800000000,0.966200226,0.000000000,0.000000000,0.257792791
5.120832514,0.000000000,0.000000000,-0.144585605,0.000000000,-0.000000000,9.800000000,0.966277835,0.000000000,0.000000000,0.257501741
5.129165846,0.000000000,0.000000000,-0.144585605,0.000000000,-0.000000000,9.800000000,0.966432789,0.000000000,0.000000000,0.256919570
5.133332512,0.000000000,0.000000000,-0.160454319,0.000000000,0.000000000,9.800000000,0.966518618,0.000000000,0.000000000,0.256596496
5.137499178,0.000000000,0.000000000,-0.160454319,0.000000000,0.000000000,9.800000000,0.966604339,0.000000000,0.000000000,0.256273394
5.141665844,0.000000000,0.000000000,-0.160454319,0.000000000,0.000000000,9.800000000,0.966689952,0.000000000,0.000000000,0.255950264
5.145832510,0.000000000,0.000000000,-0.176261176,0.000000000,-0.000000000,9.800000000,0.966783874,0.000000000,0.000000000,0.255595268
5.154165842,0.000000000,0.000000000,-0.176261176,-0.000000000,-0.000000000,9.800000000,0.966971328,0.000000000,0.000000000,0.254885172
5.158332508,0.000000000,0.000000000,-0.192000081,0.000000000,0.000000000,9.800000000,0.967073205,0.000000000,0.000000000,0.254498363
5.162499174,0.000000000,0.000000000,-0.192000081,0.000000000,0.000000000,9.800000000,0.967174927,0.000000000,0.000000000,0.254111513
5.166665840,0.000000000,0.000000000,-0.192000081,0.000000000,0.000000000,9.800000000,0.967276494,0.000000000,0.000000000,0.253724623
5.170832506,0.000000000,0.000000000,-0.207664966,0.000000000,-0.000000000,9.800000000,0.967386174,0.000000000,0.000000000,0.253306121
5.179165838,0.000000000,0.000000000,-0.207664966,0.000000000,-0.000000000,9.800000000,0.967604990,0.000000000,0.000000000,0.252468975
5.183332504,0.000000000,0.000000000,-0.223249792,-0.000000000,-0.000000000,9.800000000,0.967722310,0.000000000,0.000000000,0.252018911
5.187499170,0.000000000,0.000000000,-0.223249792,-0.000000000,-0.000000000,9.800000000,0.967839420,0.000000000,0.000000000,0.251568793
5.191665836,0.000000000,0.000000000,-0.223249792,-0.000000000,-0.000000000,9.800000000,0.967956321,0.000000000,0.000000000,0.251118620
5.195832502,0.000000000,0.000000000,-0.238748551,0.000000000,0.000000000,9.800000000,0.968081106,0.000000000,0.000000000,0.250637134
5.204165834,0.000000000,0.000000000,-0.238748551,0.000000000,0.000000000,9.800000000,0.968329957,0.000000000,0.000000000,0.249673977
5.208332500,0.000000000,0.000000000,-0.254155268,-0.000000000,0.000000000,9.800000000,0.968462021,0.000000000,0.000000000,0.249161221
5.212499166,0.000000000,0.000000000,-0.254155268,-0.000000000,0.000000000,9.800000000,0.968593813,0.000000000,0.000000000,0.248648395
5.216665832,0.000000000,0.000000000,-0.254155268,-0.000000000,0.000000000,9.800000000,0.968725335,0.000000000,0.000000000,0.248135500
5.220832498,0.000000000,0.000000000,-0.269464004,-0.000000000,-0.000000000,9.800000000,0.968864481,0.000000000,0.000000000,0.247591634
5.229165830,0.000000000,0.000000000,-0.269464004,-0.000000000,-0.000000000,9.800000000,0.969141858,0.000000000,0.000000000,0.246503670
5.233332496,0.000000000,0.000000000,-0.284668856,0.000000000,0.000000000,9.800000000,0.969287879,0.000000000,0.000000000,0.245928867
5.237499162,0.000000000,0.000000000,-0.284668856,0.000000000,0.000000000,9.800000000,0.969433559,0.000000000,0.000000000,0.245353978
5.241665828,0.000000000,0.000000000,-0.284668856,0.000000000,-0.000000000,9.800000000,0.969578898,0.000000000,0.000000000,0.244779003
5.245832494,0.000000000,0.000000000,-0.299763963,0.000000000,-0.000000000,9.800000000,0.969731576,0.000000000,0.000000000,0.244173445
5.254165826,0.000000000,0.000000000,-0.299763963,0.000000000,-0.000000000,9.800000000,0.970035796,0.000000000,0.000000000,0.242962045
5.258332492,0.000000000,0.000000000,-0.314743505,0.000000000,0.000000000,9.800000000,0.970194901,0.000000000,0.000000000,0.242325925
5.262499158,0.000000000,0.000000000,-0.314743505,-0.000000000,0.000000000,9.800000000,0.970353589,0.000000000,0.000000000,0.241689701
5.266665824,0.000000000,0.000000000,-0.314743505,0.000000000,0.000000000,9.800000000,0.970511860,0.000000000,0.000000000,0.241053373
5.270832490,0.000000000,0.000000000,-0.329601707,0.000000000,0.000000000,9.800000000,0.970677156,0.000000000,0.000000000,0.240386895
5.279165822,0.000000000,0.000000000,-0.329601707,-0.000000000,0.000000000,9.800000000,0.971006373,0.000000000,0.000000000,0.239053599
5.283332488,0.000000000,0.000000000,-0.344332842,-0.000000000,-0.000000000,9.800000000,0.971177611,0.000000000,0.000000000,0.238356976
5.287499154,0.000000000,0.000000000,-0.344332842,-0.000000000,-0.000000000,9.800000000,0.971348349,0.000000000,0.000000000,0.237660231
5.291665820,0.000000000,0.000000000,-0.344332842,-0.000000000,-0.000000000,9.800000000,0.971518587,0.000000000,0.000000000,0.236963363
5.295832486,0.000000000,0.000000000,-0.358931230,-0.000000000,0.000000000,9.800000000,0.971695510,0.000000000,0.000000000,0.236236821
5.304165818,0.000000000,0.000000000,-0.358931230,-0.000000000,0.000000000,9.800000000,0.972047726,0.000000000,0.000000000,0.234783342
5.308332484,0.000000000,0.000000000,-0.373391243,-0.000000000,-0.000000000,9.800000000,0.972230070,0.000000000,0.000000000,0.234027117
5.312499150,0.000000000,0.000000000,-0.373391243,0.000000000,-0.000000000,9.800000000,0.972411825,0.000000000,0.000000000,0.233270750
5.316665816,0.000000000,0.000000000,-0.373391243,-0.000000000,-0.000000000,9.800000000,0.972592992,0.000000000,0.000000000,0.232514242
5.320832482,0.000000000,0.000000000,-0.387707307,-0.000000000,0.000000000,9.800000000,0.972780482,0.000000000,0.000000000,0.231728580
5.329165814,0.000000000,0.000000000,-0.387707307,0.000000000,0.000000000,9.800000000,0.973153557,0.000000000,0.000000000,0.230156803
5.333332480,0.000000000,0.000000000,-0.401873903,0.000000000,0.000000000,9.800000000,0.973345912,0.000000000,0.000000000,0.229341962
5.337499146,0.000000000,0.000000000,-0.401873903,0.000000000,-0.000000000,9.800000000,0.973537584,0.000000000,0.000000000,0.228526961
5.341665812,0.000000000,0.000000000,-0.401873903,0.000000000,-0.000000000,9.800000000,0.973728574,0.000000000,0.000000000,0.227711799
5.345832478,0.000000000,0.000000000,-0.415885568,-0.000000000,-0.000000000,9.800000000,0.973925505,0.000000000,0.000000000,0.226868048
5.354165810,0.000000000,0.000000000,-0.415885568,-0.000000000,-0.000000000,9.800000000,0.974317172,0.000000000,0.000000000,0.225180035
5.358332476,0.000000000,0.000000000,-0.429736902,0.000000000,0.000000000,9.800000000,0.974518382,0.000000000,0.000000000,0.224307653
5.362499142,0.000000000,0.000000000,-0.429736902,0.000000000,0.000000000,9.800000000,0.974718811,0.000000000,0.000000000,0.223435092
5.366665808,0.000000000,0.000000000,-0.429736902,0.000000000,-0.000000000,9.800000000,0.974918458,0.000000000,0.000000000,0.222562351
5.370832474,0.000000000,0.000000000,-0.443422563,0.000000000,-0.000000000,9.800000000,0.975123644,0.000000000,0.000000000,0.221661629
5.379165806,0.000000000,0.000000000,-0.443422563,0.000000000,0.000000000,9.800000000,0.975531521,0.000000000,0.000000000,0.219859620
5.383332472,0.000000000,0.000000000,-0.456937278,0.000000000,-0.000000000,9.800000000,0.975740374,0.000000000,0.000000000,0.218930861
5.387499138,0.000000000,0.000000000,-0.456937278,0.000000000,-0.000000000,9.800000000,0.975948344,0.000000000,0.000000000,0.218001903
5.391665804,0.000000000,0.000000000,-0.456937278,0.000000000,-0.000000000,9.800000000,0.976155429,0.000000000,0.000000000,0.217072748
5.395832470,0.000000000,0.000000000,-0.470275834,0.000000000,0.000000000,9.800000000,0.976367636,0.000000000,0.000000000,0.216116264
5.404165802,0.000000000,0.000000000,-0.470275834,0.000000000,0.000000000,9.800000000,0.976789237,0.000000000,0.000000000,0.214202676
5.408332468,0.000000000,0.000000000,-0.483433090,0.000000000,0.000000000,9.800000000,0.977004476,0.000000000,0.000000000,0.213218792
5.412499134,0.000000000,0.000000000,-0.483433090,0.000000000,0.000000000,9.800000000,0.977218725,0.000000000,0.000000000,0.212234692
5.416665800,0.000000000,0.000000000,-0.483433090,0.000000000,0.000000000,9.800000000,0.977431982,0.000000000,0.000000000,0.211250376
5.420832466,0.000000000,0.000000000,-0.496403973,0.000000000,0.000000000,9.800000000,0.977649929,0.000000000,0.000000000,0.210239428
5.429165798,0.000000000,0.000000000,-0.496403973,0.000000000,0.000000000,9.800000000,0.978082686,0.000000000,0.000000000,0.208216858
5.433332464,0.000000000,0.000000000,-0.509183483,0.000000000,0.000000000,9.800000000,0.978303012,0.000000000,0.000000000,0.207179192
5.437499130,0.000000000,0.000000000,-0.509183483,0.000000000,-0.000000000,9.800000000,0.978522236,0.000000000,0.000000000,0.206141293
5.441665796,0.000000000,0.000000000,-0.509183483,0.000000000,-0.000000000,9.800000000,0.978740360,0.000000000,0.000000000,0.205103162
5.445832462,0.000000000,0.000000000,-0.521766694,0.000000000,0.000000000,9.800000000,0.978962732,0.000000000,0.000000000,0.204039137
5.454165794,0.000000000,0.000000000,-0.521766694,0.000000000,0.000000000,9.800000000,0.979404005,0.000000000,0.000000000,0.201910364
5.458332460,0.000000000,0.000000000,-0.534148753,0.000000000,0.000000000,9.800000000,0.979628086,0.000000000,0.000000000,0.200820349
5.462499126,0.000000000,0.000000000,-0.534148753,0.000000000,-0.000000000,9.800000000,0.979850954,0.000000000,0.000000000,0.199730086
5.466665792,0.000000000,0.000000000,-0.534148753,0.000000000,0.000000000,9.800000000,0.980072609,0.000000000,0.000000000,0.198639574
5.470832458,0.000000000,0.000000000,-0.546324888,0.000000000,0.000000000,9.800000000,0.980298061,0.000000000,0.000000000,0.197523950
5.479165790,0.000000000,0.000000000,-0.546324888,0.000000000,0.000000000,9.800000000,0.980745155,0.000000000,0.000000000,0.195291936
5.483332456,0.000000000,0.000000000,-0.558290404,-0.000000000,0.000000000,9.800000000,0.980971637,0.000000000,0.000000000,0.194151094
5.487499122,0.000000000,0.000000000,-0.558290404,-0.000000000,0.000000000,9.800000000,0.981196791,0.000000000,0.000000000,0.193009990
5.491665788,0.000000000,0.000000000,-0.558290404,-0.000000000,-0.000000000,9.800000000,0.981420619,0.000000000,0.000000000,0.191868625
5.495832454,0.000000000,0.000000000,-0.570040689,-0.000000000,0.000000000,9.800000000,0.981647787,0.000000000,0.000000000,0.190702970
5.504165786,0.000000000,0.000000000,-0.570040689,0.000000000,0.000000000,9.800000000,0.982097969,0.000000000,0.000000000,0.188370855
5.508332452,0.000000000,0.000000000,-0.581571213,0.000000000,0.000000000,9.800000000,0.982325480,0.000000000,0.000000000,0.187180801
5.512499118,0.000000000,0.000000000,-0.581571213,0.000000000,0.000000000,9.800000000,0.982551548,0.000000000,0.000000000,0.185990472
5.516665784,0.000000000,0.000000000,-0.581571213,0.000000000,0.000000000,9.800000000,0.982776174,0.000000000,0.000000000,0.184799870
5.520832450,0.000000000,0.000000000,-0.592877529,-0.000000000,-0.000000000,9.800000000,0.983003682,0.000000000,0.000000000,0.183585842
5.529165782,0.000000000,0.000000000,-0.592877529,-0.000000000,-0.000000000,9.800000000,0.983454198,0.000000000,0.000000000,0.181156948
5.533332448,0.000000000,0.000000000,-0.603955281,0.000000000,0.000000000,9.800000000,0.983681359,0.000000000,0.000000000,0.179919384
5.537499114,0.000000000,0.000000000,-0.603955281,0.000000000,0.000000000,9.800000000,0.983906962,0.000000000,0.000000000,0.178681534
5.541665780,0.000000000,0.000000000,-0.603955281,-0.000000000,0.000000000,9.800000000,0.984131007,0.000000000,0.000000000,0.177443402
5.545832446,0.000000000,0.000000000,-0.614800196,0.000000000,0.000000000,9.800000000,0.984357475,0.000000000,0.000000000,0.176182749
5.554165778,0.000000000,0.000000000,-0.614800196,0.000000000,0.000000000,9.800000000,0.984805567,0.000000000,0.000000000,0.173660578
5.558332444,0.000000000,0.000000000,-0.625408094,0.000000000,0.000000000,9.800000000,0.985030999,0.000000000,0.000000000,0.172377295
5.562499110,0.000000000,0.000000000,-0.625408094,-0.000000000,0.000000000,9.800000000,0.985254759,0.000000000,0.000000000,0.171093719
5.566665776,0.000000000,0.000000000,-0.625408094,0.000000000,0.000000000,9.800000000,0.985476846,0.000000000,0.000000000,0.169809853
5.570832442,0.000000000,0.000000000,-0.635774885,0.000000000,0.000000000,9.800000000,0.985700900,0.000000000,0.000000000,0.168504410
5.579165774,0.000000000,0.000000000,-0.635774885,0.000000000,0.000000000,9.800000000,0.986143819,0.000000000,0.000000000,0.165892639
5.583332440,0.000000000,0.000000000,-0.645896573,-0.000000000,0.000000000,9.800000000,0.986366154,0.000000000,0.000000000,0.164565517
5.587499106,0.000000000,0.000000000,-0.645896573,-0.000000000,0.000000000,9.800000000,0.986586704,0.000000000,0.000000000,0.163238097
5.591665772,0.000000000,0.000000000,-0.645896573,0.000000000,0.000000000,9.800000000,0.986805466,0.000000000,0.000000000,0.161910381
5.595832438,0.000000000,0.000000000,-0.655769256,0.000000000,0.000000000,9.800000000,0.987025745,0.000000000,0.000000000,0.160562070
5.604165770,0.000000000,0.000000000,-0.655769256,0.000000000,0.000000000,9.800000000,0.987460775,0.000000000,0.000000000,0.157864553
5.608332436,0.000000000,0.000000000,-0.665389127,-0.000000000,-0.000000000,9.800000000,0.987678663,0.000000000,0.000000000,0.156495557
5.612499102,0.000000000,0.000000000,-0.665389127,0.000000000,-0.000000000,9.800000000,0.987894652,0.000000000,0.000000000,0.155126260
5.616665768,0.000000000,0.000000000,-0.665389127,0.000000000,-0.000000000,9.800000000,0.988108743,0.000000000,0.000000000,0.153756665
5.620832434,0.000000000,0.000000000,-0.674752478,-0.000000000,-0.000000000,9.800000000,0.988323908,0.000000000,0.000000000,0.152367496
5.629165766,0.000000000,0.000000000,-0.674752478,-0.000000000,-0.000000000,9.800000000,0.988748377,0.000000000,0.000000000,0.149588256
5.633332432,0.000000000,0.000000000,-0.683855699,0.000000000,-0.000000000,9.800000000,0.988960492,0.000000000,0.000000000,0.148179436
5.637499098,0.000000000,0.000000000,-0.683855699,-0.000000000,-0.000000000,9.800000000,0.989170599,0.000000000,0.000000000,0.146770315
5.641665764,0.000000000,0.000000000,-0.683855699,0.000000000,-0.000000000,9.800000000,0.989378699,0.000000000,0.000000000,0.145360896
5.645832430,0.000000000,0.000000000,-0.692695281,0.000000000,0.000000000,9.800000000,0.989587441,0.000000000,0.000000000,0.143932958
5.654165762,0.000000000,0.000000000,-0.692695281,-0.000000000,0.000000000,9.800000000,0.989998742,0.000000000,0.000000000,0.141076185
5.658332428,0.000000000,0.000000000,-0.701267816,0.000000000,0.000000000,9.800000000,0.990203794,0.000000000,0.000000000,0.139629672
5.662499094,0.000000000,0.000000000,-0.701267816,0.000000000,0.000000000,9.800000000,0.990406733,0.000000000,0.000000000,0.138182862
5.666665760,0.000000000,0.000000000,-0.701267816,0.000000000,0.000000000,9.800000000,0.990607558,0.000000000,0.000000000,0.136735756
5.670832426,0.000000000,0.000000000,-0.709569999,0.000000000,0.000000000,9.800000000,0.990808608,0.000000000,0.000000000,0.135271221
5.679165758,0.000000000,0.000000000,-0.709569999,0.000000000,0.000000000,9.800000000,0.991204212,0.000000000,0.000000000,0.132341267
5.683332424,0.000000000,0.000000000,-0.717598629,-0.000000000,0.000000000,9.800000000,0.991400954,0.000000000,0.000000000,0.130859273
5.687499090,0.000000000,0.000000000,-0.717598629,-0.000000000,0.000000000,9.800000000,0.991595480,0.000000000,0.000000000,0.129376986
5.691665756,0.000000000,0.000000000,-0.717598629,-0.000000000,0.000000000,9.800000000,0.991787790,0.000000000,0.000000000,0.127894410
5.695832422,0.000000000,0.000000000,-0.725350612,0.000000000,0.000000000,9.800000000,0.991979925,0.000000000,0.000000000,0.126395527
5.704165754,0.000000000,0.000000000,-0.725350612,0.000000000,0.000000000,9.800000000,0.992357398,0.000000000,0.000000000,0.123396900
5.708332420,0.000000000,0.000000000,-0.732822958,0.000000000,0.000000000,9.800000000,0.992544633,0.000000000,0.000000000,0.121881710
5.712499086,0.000000000,0.000000000,-0.732822958,0.000000000,0.000000000,9.800000000,0.992729555,0.000000000,0.000000000,0.120366237
5.716665752,0.000000000,0.000000000,-0.732822958,0.000000000,0.000000000,9.800000000,0.992912163,0.000000000,0.000000000,0.118850483
5.720832418,0.000000000,0.000000000,-0.740012787,0.000000000,0.000000000,9.800000000,0.993094214,0.000000000,0.000000000,0.117319576
5.729165750,0.000000000,0.000000000,-0.740012787,0.000000000,0.000000000,9.800000000,0.993451234,0.000000000,0.000000000,0.114256931
5.733332416,0.000000000,0.000000000,-0.746917327,-0.000000000,-0.000000000,9.800000000,0.993627824,0.000000000,0.000000000,0.112710906
5.737499082,0.000000000,0.000000000,-0.746917327,0.000000000,0.000000000,9.800000000,0.993802007,0.000000000,0.000000000,0.111164608
5.741665748,0.000000000,0.000000000,-0.746917327,0.000000000,0.000000000,9.800000000,0.993973785,0.000000000,0.000000000,0.109618041
5.745832414,0.000000000,0.000000000,-0.753533916,-0.000000000,-0.000000000,9.800000000,0.994144645,0.000000000,0.000000000,0.108057505
5.754165746,0.000000000,0.000000000,-0.753533916,-0.000000000,-0.000000000,9.800000000,0.994479015,0.000000000,0.000000000,0.104935637
5.758332412,0.000000000,0.000000000,-0.759860003,0.000000000,-0.000000000,9.800000000,0.994643887,0.000000000,0.000000000,0.103361205
5.762499078,0.000000000,0.000000000,-0.759860003,-0.000000000,-0.000000000,9.800000000,0.994806265,0.000000000,0.000000000,0.101786514
5.766665744,0.000000000,0.000000000,-0.759860003,-0.000000000,-0.000000000,9.800000000,0.994966151,0.000000000,0.000000000,0.100211567
5.770832410,0.000000000,0.000000000,-0.765893151,-0.000000000,-0.000000000,9.800000000,0.995124783,0.000000000,0.000000000,0.098623862
5.779165742,0.000000000,0.000000000,-0.765893151,0.000000000,0.000000000,9.800000000,0.995434446,0.000000000,0.000000000,0.095447702
5.783332408,0.000000000,0.000000000,-0.771631032,-0.000000000,-0.000000000,9.800000000,0.995586598,0.000000000,0.000000000,0.093847355
5.787499074,0.000000000,0.000000000,-0.771631032,0.000000000,-0.000000000,9.800000000,0.995736177,0.000000000,0.000000000,0.092246765
5.791665740,0.000000000,0.000000000,-0.771631032,-0.000000000,-0.000000000,9.800000000,0.995883183,0.000000000,0.000000000,0.090645936
5.795832406,0.000000000,0.000000000,-0.777071434,0.000000000,-0.000000000,9.800000000,0.996028625,0.000000000,0.000000000,0.089033584
5.804165738,0.000000000,0.000000000,-0.777071434,0.000000000,-0.000000000,9.800000000,0.996311676,0.000000000,0.000000000,0.085808184
5.808332404,0.000000000,0.000000000,-0.782212261,0.000000000,0.000000000,9.800000000,0.996450187,0.000000000,0.000000000,0.084184473
5.812499070,0.000000000,0.000000000,-0.782212261,0.000000000,0.000000000,9.800000000,0.996586051,0.000000000,0.000000000,0.082560538
5.816665736,0.000000000,0.000000000,-0.782212261,0.000000000,0.000000000,9.800000000,0.996719269,0.000000000,0.000000000,0.080936384
5.820832402,0.000000000,0.000000000,-0.787051530,0.000000000,0.000000000,9.800000000,0.996850640,0.000000000,0.000000000,0.079301965
5.829165734,0.000000000,0.000000000,-0.787051530,0.000000000,0.000000000,9.800000000,0.997105341,0.000000000,0.000000000,0.076032492
5.833332400,0.000000000,0.000000000,-0.791587376,0.000000000,0.000000000,9.800000000,0.997229373,0.000000000,0.000000000,0.074388022
5.837499066,0.000000000,0.000000000,-0.791587376,0.000000000,0.000000000,9.800000000,0.997350693,0.000000000,0.000000000,0.072743351
5.841665732,0.000000000,0.000000000,-0.791587376,0.000000000,0.000000000,9.800000000,0.997469301,0.000000000,0.000000000,0.071098482
5.845832398,0.000000000,0.000000000,-0.795818050,0.000000000,-0.000000000,9.800000000,0.997585808,0.000000000,0.000000000,0.069444627
5.854165730,0.000000000,0.000000000,-0.795818050,-0.000000000,-0.000000000,9.800000000,0.997810595,0.000000000,0.000000000,0.066136348
5.858332396,0.000000000,0.000000000,-0.799741922,-0.000000000,0.000000000,9.800000000,0.997919402,0.000000000,0.000000000,0.064473776
5.862499062,0.000000000,0.000000000,-0.799741922,0.000000000,0.000000000,9.800000000,0.998025438,0.000000000,0.000000000,0.062811025
5.866665728,0.000000000,0.000000000,-0.799741922,0.000000000,0.000000000,9.800000000,0.998128704,0.000000000,0.000000000,0.061148100
5.870832394,0.000000000,0.000000000,-0.803357477,0.000000000,0.000000000,9.800000000,0.998229647,0.000000000,0.000000000,0.059477486
5.879165726,0.000000000,0.000000000,-0.803357477,0.000000000,0.000000000,9.800000000,0.998423145,0.000000000,0.000000000,0.056135763
5.883332392,0.000000000,0.000000000,-0.806663323,0.000000000,0.000000000,9.800000000,0.998516074,0.000000000,0.000000000,0.054457786
5.887499058,0.000000000,0.000000000,-0.806663323,0.000000000,0.000000000,9.800000000,0.998606183,0.000000000,0.000000000,0.052779655
5.891665724,0.000000000,0.000000000,-0.806663323,0.000000000,0.000000000,9.800000000,0.998693471,0.000000000,0.000000000,0.051101376
5.895832390,0.000000000,0.000000000,-0.809658185,0.000000000,0.000000000,9.800000000,0.998778248,0.000000000,0.000000000,0.049416720
5.904165722,0.000000000,0.000000000,-0.809658185,0.000000000,0.000000000,9.800000000,0.998939275,0.000000000,0.000000000,0.046046992
5.908332388,0.000000000,0.000000000,-0.812340909,-0.000000000,-0.000000000,9.800000000,0.999015773,0.000000000,0.000000000,0.044356345
5.912499054,0.000000000,0.000000000,-0.812340909,0.000000000,-0.000000000,9.800000000,0.999089410,0.000000000,0.000000000,0.042665571
5.916665720,0.000000000,0.000000000,-0.812340909,0.000000000,-0.000000000,9.800000000,0.999160185,0.000000000,0.000000000,0.040974675
5.920832386,0.000000000,0.000000000,-0.814710459,0.000000000,0.000000000,9.800000000,0.999228293,0.000000000,0.000000000,0.039278729
5.929165718,0.000000000,0.000000000,-0.814710459,0.000000000,0.000000000,9.800000000,0.999355872,0.000000000,0.000000000,0.035886503
5.933332384,0.000000000,0.000000000,-0.816765924,0.000000000,-0.000000000,9.800000000,0.999415490,0.000000000,0.000000000,0.034185952
5.937499050,0.000000000,0.000000000,-0.816765924,0.000000000,-0.000000000,9.800000000,0.999472213,0.000000000,0.000000000,0.032485303
5.941665716,0.000000000,0.000000000,-0.816765924,0.000000000,-0.000000000,9.800000000,0.999526043,0.000000000,0.000000000,0.030784559
5.945832382,0.000000000,0.000000000,-0.818506510,0.000000000,-0.000000000,9.800000000,0.999577084,0.000000000,0.000000000,0.029080102
5.954165714,0.000000000,0.000000000,-0.818506510,0.000000000,-0.000000000,9.800000000,0.999670447,0.000000000,0.000000000,0.025670939
5.958332380,0.000000000,0.000000000,-0.819931546,-0.000000000,0.000000000,9.800000000,0.999712840,0.000000000,0.000000000,0.023963275
5.962499046,0.000000000,0.000000000,-0.819931546,-0.000000000,0.000000000,9.800000000,0.999752315,0.000000000,0.000000000,0.022255541
5.966665712,0.000000000,0.000000000,-0.819931546,-0.000000000,0.000000000,9.800000000,0.999788873,0.000000000,0.000000000,0.020547742
5.970832378,0.000000000,0.000000000,-0.821040482,0.000000000,0.000000000,9.800000000,0.999822557,0.000000000,0.000000000,0.018837573
5.979165710,0.000000000,0.000000000,-0.821040482,0.000000000,0.000000000,9.800000000,0.999881150,0.000000000,0.000000000,0.015417075
5.983332376,0.000000000,0.000000000,-0.821832893,0.000000000,-0.000000000,9.800000000,0.999906081,0.000000000,0.000000000,0.013705105
5.987499042,0.000000000,0.000000000,-0.821832893,0.000000000,0.000000000,9.800000000,0.999928080,0.000000000,0.000000000,0.011993095
5.991665708,0.000000000,0.000000000,-0.821832893,0.000000000,0.000000000,9.800000000,0.999947149,0.000000000,0.000000000,0.010281050
5.995832374,0.000000000,0.000000000,-0.822308471,0.000000000,0.000000000,9.800000000,0.999963294,0.000000000,0.000000000,0.008567984
6.004165706,0.000000000,0.000000000,-0.822308471,0.000000000,0.000000000,9.800000000,0.999986781,0.000000000,0.000000000,0.005141781
6.008332372,0.000000000,0.000000000,-0.822467033,0.000000000,0.000000000,9.800000000,0.999994123,0.000000000,0.000000000,0.003428324
6.012499038,0.000000000,0.000000000,-0.822467033,0.000000000,0.000000000,9.800000000,0.999998530,0.000000000,0.000000000,0.001714857
6.016665704,0.000000000,0.000000000,-0.822467033,0.000000000,0.000000000,9.800000000,1.000000000,0.000000000,0.000000000,0.000001385
6.020832370,0.000000000,0.000000000,-0.822308519,0.000000000,0.000000000,9.800000000,0.999998535,0.000000000,0.000000000,-0.001711756
6.029165702,0.000000000,0.000000000,-0.822308519,0.000000000,0.000000000,9.800000000,0.999986800,0.000000000,0.000000000,-0.005138019
6.033332368,0.000000000,0.000000000,-0.821832990,-0.000000000,-0.000000000,9.800000000,0.999976538,0.000000000,0.000000000,-0.006850140
6.037499034,0.000000000,0.000000000,-0.821832990,0.000000000,-0.000000000,9.800000000,0.999963343,0.000000000,0.000000000,-0.008562241
6.041665700,0.000000000,0.000000000,-0.821832990,-0.000000000,-0.000000000,9.800000000,0.999947218,0.000000000,0.000000000,-0.010274317
6.045832366,0.000000000,0.000000000,-0.821040628,-0.000000000,0.000000000,9.800000000,0.999928181,0.000000000,0.000000000,-0.011984711
6.054165698,0.000000000,0.000000000,-0.821040628,0.000000000,0.000000000,9.800000000,0.999881330,0.000000000,0.000000000,-0.015405391
6.058332364,0.000000000,0.000000000,-0.819931740,0.000000000,0.000000000,9.800000000,0.999853556,0.000000000,0.000000000,-0.017113356
6.062499030,0.000000000,0.000000000,-0.819931740,-0.000000000,0.000000000,9.800000000,0.999822864,0.000000000,0.000000000,-0.018821271
6.066665696,0.000000000,0.000000000,-0.819931740,-0.000000000,0.000000000,9.800000000,0.999789255,0.000000000,0.000000000,-0.020529131
6.070832362,0.000000000,0.000000000,-0.818506753,0.000000000,0.000000000,9.800000000,0.999752795,0.000000000,0.000000000,-0.022233963
6.079165694,0.000000000,0.000000000,-0.818506753,0.000000000,0.000000000,9.800000000,0.999671153,0.000000000,0.000000000,-0.025643428
6.083332360,0.000000000,0.000000000,-0.816766215,0.000000000,0.000000000,9.800000000,0.999626071,0.000000000,0.000000000,-0.027344427
6.087499026,0.000000000,0.000000000,-0.816766215,0.000000000,0.000000000,9.800000000,0.999578095,0.000000000,0.000000000,-0.029045346
6.091665692,0.000000000,0.000000000,-0.816766215,0.000000000,0.000000000,9.800000000,0.999527224,0.000000000,0.000000000,-0.030746181
6.095832358,0.000000000,0.000000000,-0.814710799,0.000000000,0.000000000,9.800000000,0.999473599,0.000000000,0.000000000,-0.032442647
6.104165690,0.000000000,0.000000000,-0.814710799,0.000000000,0.000000000,9.800000000,0.999357710,0.000000000,0.000000000,-0.035835295
6.108332356,0.000000000,0.000000000,-0.812341297,0.000000000,0.000000000,9.800000000,0.999295632,0.000000000,0.000000000,-0.037526533
6.112499022,0.000000000,0.000000000,-0.812341297,0.000000000,0.000000000,9.800000000,0.999230691,0.000000000,0.000000000,-0.039217664
6.116665688,0.000000000,0.000000000,-0.812341297,-0.000000000,0.000000000,9.800000000,0.999162889,0.000000000,0.000000000,-0.040908682
6.120832354,0.000000000,0.000000000,-0.809658621,-0.000000000,-0.000000000,9.800000000,0.999092464,0.000000000,0.000000000,-0.042594000
6.129165686,0.000000000,0.000000000,-0.809658621,0.000000000,-0.000000000,9.800000000,0.998943085,0.000000000,0.000000000,-0.045964267
6.133332352,0.000000000,0.000000000,-0.806663807,-0.000000000,0.000000000,9.800000000,0.998864429,0.000000000,0.000000000,-0.047642974
6.137499018,0.000000000,0.000000000,-0.806663807,-0.000000000,0.000000000,9.800000000,0.998782952,0.000000000,0.000000000,-0.049321547
6.141665684,0.000000000,0.000000000,-0.806663807,0.000000000,0.000000000,9.800000000,0.998698654,0.000000000,0.000000000,-0.050999981
6.145832350,0.000000000,0.000000000,-0.803358009,0.000000000,-0.000000000,9.800000000,0.998611899,0.000000000,0.000000000,-0.052671393
6.154165682,0.000000000,0.000000000,-0.803358009,0.000000000,-0.000000000,9.800000000,0.998429996,0.000000000,0.000000000,-0.056013769
6.158332348,0.000000000,0.000000000,-0.799742501,0.000000000,0.000000000,9.800000000,0.998335284,0.000000000,0.000000000,-0.057677205
6.162499014,0.000000000,0.000000000,-0.799742501,0.000000000,0.000000000,9.800000000,0.998237801,0.000000000,0.000000000,-0.059340480
6.166665680,0.000000000,0.000000000,-0.799742501,0.000000000,-0.000000000,9.800000000,0.998137547,0.000000000,0.000000000,-0.061003591
6.170832346,0.000000000,0.000000000,-0.795818677,-0.000000000,-0.000000000,9.800000000,0.998035034,0.000000000,0.000000000,-0.062658374
6.179165678,0.000000000,0.000000000,-0.795818677,-0.000000000,-0.000000000,9.800000000,0.997821778,0.000000000,0.000000000,-0.065967418
6.183332344,0.000000000,0.000000000,-0.791588050,-0.000000000,-0.000000000,9.800000000,0.997711631,0.000000000,0.000000000,-0.067612877
6.187499010,0.000000000,0.000000000,-0.791588050,-0.000000000,0.000000000,9.800000000,0.997598771,0.000000000,0.000000000,-0.069258152
6.191665676,0.000000000,0.000000000,-0.791588050,-0.000000000,-0.000000000,9.800000000,0.997483198,0.000000000,0.000000000,-0.070903239
6.195832342,0.000000000,0.000000000,-0.787052250,-0.000000000,0.000000000,9.800000000,0.997365598,0.000000000,0.000000000,-0.072538708
6.204165674,0.000000000,0.000000000,-0.787052250,-0.000000000,0.000000000,9.800000000,0.997122353,0.000000000,0.000000000,-0.075809057
6.208332340,0.000000000,0.000000000,-0.782213028,0.000000000,0.000000000,9.800000000,0.996997490,0.000000000,0.000000000,-0.077433876
6.212499006,0.000000000,0.000000000,-0.782213028,0.000000000,0.000000000,9.800000000,0.996869979,0.000000000,0.000000000,-0.079058490
6.216665672,0.000000000,0.000000000,-0.782213028,0.000000000,0.000000000,9.800000000,0.996739821,0.000000000,0.000000000,-0.080682894
6.220832338,0.000000000,0.000000000,-0.777072247,0.000000000,0.000000000,9.800000000,0.996607897,0.000000000,0.000000000,-0.082296410
6.229165670,0.000000000,0.000000000,-0.777072247,0.000000000,0.000000000,9.800000000,0.996336215,0.000000000,0.000000000,-0.085522790
6.233332336,0.000000000,0.000000000,-0.771631890,-0.000000000,0.000000000,9.800000000,0.996197444,0.000000000,0.000000000,-0.087124355
6.237499002,0.000000000,0.000000000,-0.771631890,0.000000000,0.000000000,9.800000000,0.996056098,0.000000000,0.000000000,-0.088725695
6.241665668,0.000000000,0.000000000,-0.771631890,0.000000000,0.000000000,9.800000000,0.995912179,0.000000000,0.000000000,-0.090326806
6.245832334,0.000000000,0.000000000,-0.765894055,0.000000000,0.000000000,9.800000000,0.995766785,0.000000000,0.000000000,-0.091915780
6.254165666,0.000000000,0.000000000,-0.765894055,-0.000000000,0.000000000,9.800000000,0.995468391,0.000000000,0.000000000,-0.095093022
6.258332332,0.000000000,0.000000000,-0.759860953,0.000000000,0.000000000,9.800000000,0.995316607,0.000000000,0.000000000,-0.096668772
6.262498998,0.000000000,0.000000000,-0.759860953,-0.000000000,0.000000000,9.800000000,0.995162329,0.000000000,0.000000000,-0.098244280
6.266665664,0.000000000,0.000000000,-0.759860953,0.000000000,0.000000000,9.800000000,0.995005557,0.000000000,0.000000000,-0.099819541
6.270832330,0.000000000,0.000000000,-0.753534910,0.000000000,-0.000000000,9.800000000,0.994847628,0.000000000,0.000000000,-0.101381441
6.279165662,0.000000000,0.000000000,-0.753534910,0.000000000,-0.000000000,9.800000000,0.994524415,0.000000000,0.000000000,-0.104504488
6.283332328,0.000000000,0.000000000,-0.746918365,0.000000000,-0.000000000,9.800000000,0.994360594,0.000000000,0.000000000,-0.106051920
6.287498994,0.000000000,0.000000000,-0.746918365,0.000000000,-0.000000000,9.800000000,0.994194365,0.000000000,0.000000000,-0.107599095
6.291665660,0.000000000,0.000000000,-0.746918365,-0.000000000,-0.000000000,9.800000000,0.994025728,0.000000000,0.000000000,-0.109146010
6.295832326,0.000000000,0.000000000,-0.740013869,0.000000000,-0.000000000,9.800000000,0.993856277,0.000000000,0.000000000,-0.110678364
6.304165658,0.000000000,0.000000000,-0.740013869,-0.000000000,-0.000000000,9.800000000,0.993510289,0.000000000,0.000000000,-0.113742280
6.308332324,0.000000000,0.000000000,-0.732824084,0.000000000,0.000000000,9.800000000,0.993335479,0.000000000,0.000000000,-0.115258956
6.312498990,0.000000000,0.000000000,-0.732824084,0.000000000,0.000000000,9.800000000,0.993158353,0.000000000,0.000000000,-0.116775363
6.316665656,0.000000000,0.000000000,-0.732824084,0.000000000,0.000000000,9.800000000,0.992978913,0.000000000,0.000000000,-0.118291497
6.320832322,0.000000000,0.000000000,-0.725351781,0.000000000,0.000000000,9.800000000,0.992799023,0.000000000,0.000000000,-0.119791901
6.329165654,0.000000000,0.000000000,-0.725351781,0.000000000,-0.000000000,9.800000000,0.992432443,0.000000000,0.000000000,-0.122791885
6.333332320,0.000000000,0.000000000,-0.717599841,0.000000000,-0.000000000,9.800000000,0.992247760,0.000000000,0.000000000,-0.124275433
6.337498986,0.000000000,0.000000000,-0.717599841,0.000000000,-0.000000000,9.800000000,0.992060859,0.000000000,0.000000000,-0.125758703
6.341665652,0.000000000,0.000000000,-0.717599841,0.000000000,-0.000000000,9.800000000,0.991871742,0.000000000,0.000000000,-0.127241692
6.345832318,0.000000000,0.000000000,-0.709571253,0.000000000,0.000000000,9.800000000,0.991682560,0.000000000,0.000000000,-0.128707810
6.354165650,0.000000000,0.000000000,-0.709571253,0.000000000,0.000000000,9.800000000,0.991297696,0.000000000,0.000000000,-0.131639199
6.358332316,0.000000000,0.000000000,-0.701269112,-0.000000000,0.000000000,9.800000000,0.991104316,0.000000000,0.000000000,-0.133087321
6.362498982,0.000000000,0.000000000,-0.701269112,-0.000000000,0.000000000,9.800000000,0.990908821,0.000000000,0.000000000,-0.134535159
6.366665648,0.000000000,0.000000000,-0.701269112,0.000000000,0.000000000,9.800000000,0.990711210,0.000000000,0.000000000,-0.135982710
6.370832314,0.000000000,0.000000000,-0.692696619,-0.000000000,-0.000000000,9.800000000,0.990513940,0.000000000,0.000000000,-0.137412281
6.379165646,0.000000000,0.000000000,-0.692696619,-0.000000000,0.000000000,9.800000000,0.990113211,0.000000000,0.000000000,-0.140270561
6.383332312,0.000000000,0.000000000,-0.683857078,-0.000000000,0.000000000,9.800000000,0.989912362,0.000000000,0.000000000,-0.141681035
6.387498978,0.000000000,0.000000000,-0.683857078,-0.000000000,0.000000000,9.800000000,0.989709504,0.000000000,0.000000000,-0.143091221
6.391665644,0.000000000,0.000000000,-0.683857078,-0.000000000,0.000000000,9.800000000,0.989504637,0.000000000,0.000000000,-0.144501116
6.395832310,0.000000000,0.000000000,-0.674753896,0.000000000,0.000000000,9.800000000,0.989300529,0.000000000,0.000000000,-0.145891956
6.404165642,0.000000000,0.000000000,-0.674753896,0.000000000,0.000000000,9.800000000,0.988886448,0.000000000,0.000000000,-0.148672769
6.408332308,0.000000000,0.000000000,-0.665390585,0.000000000,0.000000000,9.800000000,0.988679404,0.000000000,0.000000000,-0.150043450
6.412498974,0.000000000,0.000000000,-0.665390585,0.000000000,0.000000000,9.800000000,0.988470459,0.000000000,0.000000000,-0.151413842
6.416665640,0.000000000,0.000000000,-0.665390585,0.000000000,0.000000000,9.800000000,0.988259615,0.000000000,0.000000000,-0.152783944
6.420832306,0.000000000,0.000000000,-0.655770753,-0.000000000,-0.000000000,9.800000000,0.988049961,0.000000000,0.000000000,-0.154133950
6.429165638,0.000000000,0.000000000,-0.655770753,-0.000000000,0.000000000,9.800000000,0.987625121,0.000000000,0.000000000,-0.156833097
6.433332304,0.000000000,0.000000000,-0.645898109,-0.000000000,-0.000000000,9.800000000,0.987413189,0.000000000,0.000000000,-0.158161924
6.437498970,0.000000000,0.000000000,-0.645898109,0.000000000,0.000000000,9.800000000,0.987199469,0.000000000,0.000000000,-0.159490464
6.441665636,0.000000000,0.000000000,-0.645898109,-0.000000000,0.000000000,9.800000000,0.986983962,0.000000000,0.000000000,-0.160818715
6.445832302,0.000000000,0.000000000,-0.635776459,0.000000000,0.000000000,9.800000000,0.986770086,0.000000000,0.000000000,-0.162125868
6.454165634,0.000000000,0.000000000,-0.635776459,0.000000000,0.000000000,9.800000000,0.986337142,0.000000000,0.000000000,-0.164739317
6.458332300,0.000000000,0.000000000,-0.625409705,0.000000000,-0.000000000,9.800000000,0.986121660,0.000000000,0.000000000,-0.166024312
6.462498966,0.000000000,0.000000000,-0.625409705,0.000000000,-0.000000000,9.800000000,0.985904504,0.000000000,0.000000000,-0.167309024
6.466665632,0.000000000,0.000000000,-0.625409705,0.000000000,0.000000000,9.800000000,0.985685674,0.000000000,0.000000000,-0.168593453
6.470832298,0.000000000,0.000000000,-0.614801843,0.000000000,0.000000000,9.800000000,0.985468925,0.000000000,0.000000000,-0.169855817
6.479165630,0.000000000,0.000000000,-0.614801843,-0.000000000,0.000000000,9.800000000,0.985030576,0.000000000,0.000000000,-0.172379707
6.483332296,0.000000000,0.000000000,-0.603956964,-0.000000000,0.000000000,9.800000000,0.984812901,0.000000000,0.000000000,-0.173618979
6.487498962,0.000000000,0.000000000,-0.603956964,0.000000000,0.000000000,9.800000000,0.984593667,0.000000000,0.000000000,-0.174857975
6.491665628,0.000000000,0.000000000,-0.603956964,-0.000000000,0.000000000,9.800000000,0.984372873,0.000000000,0.000000000,-0.176096695
6.495832294,0.000000000,0.000000000,-0.592879249,0.000000000,-0.000000000,9.800000000,0.984154614,0.000000000,0.000000000,-0.177312423
6.504165626,0.000000000,0.000000000,-0.592879249,0.000000000,-0.000000000,9.800000000,0.983713592,0.000000000,0.000000000,-0.179743066
6.508332292,0.000000000,0.000000000,-0.581572967,0.000000000,0.000000000,9.800000000,0.983495091,0.000000000,0.000000000,-0.180934811
6.512498958,0.000000000,0.000000000,-0.581572967,0.000000000,-0.000000000,9.800000000,0.983275147,0.000000000,0.000000000,-0.182126291
6.516665624,0.000000000,0.000000000,-0.581572967,0.000000000,0.000000000,9.800000000,0.983053759,0.000000000,0.000000000,-0.183317503
6.520832290,0.000000000,0.000000000,-0.570042477,0.000000000,-0.000000000,9.800000000,0.982835360,0.000000000,0.000000000,-0.184484837
6.529165622,0.000000000,0.000000000,-0.570042477,-0.000000000,-0.000000000,9.800000000,0.982394404,0.000000000,0.000000000,-0.186818722
6.533332288,0.000000000,0.000000000,-0.558292226,0.000000000,-0.000000000,9.800000000,0.982176449,0.000000000,0.000000000,-0.187961227
6.537498954,0.000000000,0.000000000,-0.558292226,-0.000000000,-0.000000000,9.800000000,0.981957166,0.000000000,0.000000000,-0.189103477
6.541665620,0.000000000,0.000000000,-0.558292226,0.000000000,-0.000000000,9.800000000,0.981736554,0.000000000,0.000000000,-0.190245472
6.545832286,0.000000000,0.000000000,-0.546326742,0.000000000,0.000000000,9.800000000,0.981519384,0.000000000,0.000000000,-0.191362742
6.554165618,0.000000000,0.000000000,-0.546326742,0.000000000,0.000000000,9.800000000,0.981081231,0.000000000,0.000000000,-0.193596536
6.558332284,0.000000000,0.000000000,-0.534150639,0.000000000,0.000000000,9.800000000,0.980865186,0.000000000,0.000000000,-0.194688177
6.562498950,0.000000000,0.000000000,-0.534150639,0.000000000,0.000000000,9.800000000,0.980647927,0.000000000,0.000000000,-0.195779576
6.566665616,0.000000000,0.000000000,-0.534150639,0.000000000,-0.000000000,9.800000000,0.980429454,0.000000000,0.000000000,-0.196870733
6.570832282,0.000000000,0.000000000,-0.521768611,0.000000000,0.000000000,9.800000000,0.980214873,0.000000000,0.000000000,-0.197936361
6.579165614,0.000000000,0.000000000,-0.521768611,0.000000000,0.000000000,9.800000000,0.979782236,0.000000000,0.000000000,-0.200066913
6.583332280,0.000000000,0.000000000,-0.509185431,0.000000000,0.000000000,9.800000000,0.979569453,0.000000000,0.000000000,-0.201106156
6.587498946,0.000000000,0.000000000,-0.509185431,0.000000000,0.000000000,9.800000000,0.979355568,0.000000000,0.000000000,-0.202145173
6.591665612,0.000000000,0.000000000,-0.509185431,0.000000000,0.000000000,9.800000000,0.979140581,0.000000000,0.000000000,-0.203183962
6.595832278,0.000000000,0.000000000,-0.496405951,0.000000000,0.000000000,9.800000000,0.978929929,0.000000000,0.000000000,-0.204196460
6.604165610,0.000000000,0.000000000,-0.496405951,0.000000000,0.000000000,9.800000000,0.978505484,0.000000000,0.000000000,-0.206220799
6.608332276,0.000000000,0.000000000,-0.483435096,0.000000000,0.000000000,9.800000000,0.978297291,0.000000000,0.000000000,-0.207206202
6.612498942,0.000000000,0.000000000,-0.483435096,0.000000000,0.000000000,9.800000000,0.978088106,0.000000000,0.000000000,-0.208191395
6.616665608,0.000000000,0.000000000,-0.483435096,0.000000000,0.000000000,9.800000000,0.977877929,0.000000000,0.000000000,-0.209176377
6.620832274,0.000000000,0.000000000,-0.470277869,0.000000000,0.000000000,9.800000000,0.977672520,0.000000000,0.000000000,-0.210134348
6.629165606,0.000000000,0.000000000,-0.470277869,0.000000000,0.000000000,9.800000000,0.977258887,0.000000000,0.000000000,-0.212049684
6.633332272,0.000000000,0.000000000,-0.456939340,-0.000000000,-0.000000000,9.800000000,0.977056582,0.000000000,0.000000000,-0.212979896
6.637498938,0.000000000,0.000000000,-0.456939340,0.000000000,-0.000000000,9.800000000,0.976853391,0.000000000,0.000000000,-0.213909915
6.641665604,0.000000000,0.000000000,-0.456939340,-0.000000000,-0.000000000,9.800000000,0.976649316,0.000000000,0.000000000,-0.214839740
6.645832270,0.000000000,0.000000000,-0.443424653,0.000000000,0.000000000,9.800000000,0.976450430,0.000000000,0.000000000,-0.215741878
6.654165602,0.000000000,0.000000000,-0.443424653,-0.000000000,-0.000000000,9.800000000,0.976050158,0.000000000,0.000000000,-0.217545601
6.658332268,0.000000000,0.000000000,-0.429739017,0.000000000,-0.000000000,9.800000000,0.975855001,0.000000000,0.000000000,-0.218419361
6.662498934,0.000000000,0.000000000,-0.429739017,0.000000000,-0.000000000,9.800000000,0.975659061,0.000000000,0.000000000,-0.219292946
6.666665600,0.000000000,0.000000000,-0.429739017,0.000000000,-0.000000000,9.800000000,0.975462340,0.000000000,0.000000000,-0.220166355
6.670832266,0.000000000,0.000000000,-0.415887708,0.000000000,-0.000000000,9.800000000,0.975271214,0.000000000,0.000000000,-0.221011445
6.679165598,0.000000000,0.000000000,-0.415887708,0.000000000,-0.000000000,9.800000000,0.974886767,0.000000000,0.000000000,-0.222701126
6.683332264,0.000000000,0.000000000,-0.401876067,-0.000000000,0.000000000,9.800000000,0.974699971,0.000000000,0.000000000,-0.223517264
6.687498930,0.000000000,0.000000000,-0.401876067,-0.000000000,0.000000000,9.800000000,0.974512491,0.000000000,0.000000000,-0.224333245
6.691665596,0.000000000,0.000000000,-0.401876067,-0.000000000,0.000000000,9.800000000,0.974324328,0.000000000,0.000000000,-0.225149068
6.695832262,0.000000000,0.000000000,-0.387709495,0.000000000,0.000000000,9.800000000,0.974142151,0.000000000,0.000000000,-0.225935984
6.704165594,0.000000000,0.000000000,-0.387709495,0.000000000,0.000000000,9.800000000,0.973775891,0.000000000,0.000000000,-0.227509372
6.708332260,0.000000000,0.000000000,-0.373393454,-0.000000000,-0.000000000,9.800000000,0.973598616,0.000000000,0.000000000,-0.228266806
6.712498926,0.000000000,0.000000000,-0.373393454,0.000000000,-0.000000000,9.800000000,0.973420752,0.000000000,0.000000000,-0.229024102
6.716665592,0.000000000,0.000000000,-0.373393454,0.000000000,-0.000000000,9.800000000,0.973242299,0.000000000,0.000000000,-0.229781260
6.720832258,0.000000000,0.000000000,-0.358933462,0.000000000,0.000000000,9.800000000,0.973070202,0.000000000,0.000000000,-0.230508965
6.729165590,0.000000000,0.000000000,-0.358933462,-0.000000000,-0.000000000,9.800000000,0.972724374,0.000000000,0.000000000,-0.231963987
6.733332256,0.000000000,0.000000000,-0.344335095,-0.000000000,0.000000000,9.800000000,0.972557721,0.000000000,0.000000000,-0.232661725
6.737498922,0.000000000,0.000000000,-0.344335095,0.000000000,0.000000000,9.800000000,0.972390568,0.000000000,0.000000000,-0.233359344
6.741665588,0.000000000,0.000000000,-0.344335095,-0.000000000,0.000000000,9.800000000,0.972222914,0.000000000,0.000000000,-0.234056843
6.745832254,0.000000000,0.000000000,-0.329603980,0.000000000,-0.000000000,9.800000000,0.972061964,0.000000000,0.000000000,-0.234724388
6.754165586,0.000000000,0.000000000,-0.329603980,0.000000000,-0.000000000,9.800000000,0.971738689,0.000000000,0.000000000,-0.236059148
6.758332252,0.000000000,0.000000000,-0.314745796,-0.000000000,0.000000000,9.800000000,0.971583691,0.000000000,0.000000000,-0.236696286
6.762498918,0.000000000,0.000000000,-0.314745796,-0.000000000,0.000000000,9.800000000,0.971428275,0.000000000,0.000000000,-0.237333322
6.766665584,0.000000000,0.000000000,-0.314745796,-0.000000000,0.000000000,9.800000000,0.971272442,0.000000000,0.000000000,-0.237970256
6.770832250,0.000000000,0.000000000,-0.299766273,0.000000000,0.000000000,9.800000000,0.971123637,0.000000000,0.000000000,-0.238576782
6.779165582,0.000000000,0.000000000,-0.299766273,-0.000000000,0.000000000,9.800000000,0.970824891,0.000000000,0.000000000,-0.239789554
6.783332248,0.000000000,0.000000000,-0.284671183,-0.000000000,0.000000000,9.800000000,0.970682510,0.000000000,0.000000000,-0.240365274
6.787498914,0.000000000,0.000000000,-0.284671183,-0.000000000,0.000000000,9.800000000,0.970539787,0.000000000,0.000000000,-0.240940909
6.791665580,0.000000000,0.000000000,-0.284671183,-0.000000000,0.000000000,9.800000000,0.970396723,0.000000000,0.000000000,-0.241516460
6.795832246,0.000000000,0.000000000,-0.269466347,-0.000000000,-0.000000000,9.800000000,0.970260985,0.000000000,0.000000000,-0.242061191
6.804165578,0.000000000,0.000000000,-0.269466347,-0.000000000,0.000000000,9.800000000,0.969988593,0.000000000,0.000000000,-0.243150424
6.808332244,0.000000000,0.000000000,-0.254157627,0.000000000,0.000000000,9.800000000,0.969859710,0.000000000,0.000000000,-0.243663994
6.812498910,0.000000000,0.000000000,-0.254157627,0.000000000,0.000000000,9.800000000,0.969730556,0.000000000,0.000000000,-0.244177496
6.816665576,0.000000000,0.000000000,-0.254157627,0.000000000,0.000000000,9.800000000,0.969601129,0.000000000,0.000000000,-0.244690929
6.820832242,0.000000000,0.000000000,-0.238750925,-0.000000000,-0.000000000,9.800000000,0.969479300,0.000000000,0.000000000,-0.245173176
6.829165574,0.000000000,0.000000000,-0.238750925,0.000000000,-0.000000000,9.800000000,0.969234923,0.000000000,0.000000000,-0.246137488
6.833332240,0.000000000,0.000000000,-0.223252179,-0.000000000,0.000000000,9.800000000,0.969120338,0.000000000,0.000000000,-0.246588261
6.837498906,0.000000000,0.000000000,-0.223252179,-0.000000000,0.000000000,9.800000000,0.969005543,0.000000000,0.000000000,-0.247038981
6.841665572,0.000000000,0.000000000,-0.223252179,-0.000000000,0.000000000,9.800000000,0.968890538,0.000000000,0.000000000,-0.247489647
6.845832238,0.000000000,0.000000000,-0.207667366,-0.000000000,-0.000000000,9.800000000,0.968783373,0.000000000,0.000000000,-0.247908805
6.854165570,0.000000000,0.000000000,-0.207667366,0.000000000,-0.000000000,9.800000000,0.968568500,0.000000000,0.000000000,-0.248746982
6.858332236,0.000000000,0.000000000,-0.192002493,-0.000000000,0.000000000,9.800000000,0.968468922,0.000000000,0.000000000,-0.249134394
6.862498902,0.000000000,0.000000000,-0.192002493,-0.000000000,0.000000000,9.800000000,0.968369190,0.000000000,0.000000000,-0.249521767
6.866665568,0.000000000,0.000000000,-0.192002493,-0.000000000,0.000000000,9.800000000,0.968269302,0.000000000,0.000000000,-0.249909100
6.870832234,0.000000000,0.000000000,-0.176263599,0.000000000,-0.000000000,9.800000000,0.968177467,0.000000000,0.000000000,-0.250264646
6.879165566,0.000000000,0.000000000,-0.176263599,0.000000000,0.000000000,9.800000000,0.967993403,0.000000000,0.000000000,-0.250975639
6.883332232,0.000000000,0.000000000,-0.160456752,0.000000000,0.000000000,9.800000000,0.967909452,0.000000000,0.000000000,-0.251299211
6.887498898,0.000000000,0.000000000,-0.160456752,0.000000000,0.000000000,9.800000000,0.967825392,0.000000000,0.000000000,-0.251622754
6.891665564,0.000000000,0.000000000,-0.160456752,0.000000000,0.000000000,9.800000000,0.967741224,0.000000000,0.000000000,-0.251946269
6.895832230,0.000000000,0.000000000,-0.144588046,0.000000000,0.000000000,9.800000000,0.967665288,0.000000000,0.000000000,-0.252237766
6.904165562,0.000000000,0.000000000,-0.144588046,0.000000000,0.000000000,9.800000000,0.967513152,0.000000000,0.000000000,-0.252820690
6.908332228,0.000000000,0.000000000,-0.128663599,0.000000000,-0.000000000,9.800000000,0.967445349,0.000000000,0.000000000,-0.253080022
6.912498894,0.000000000,0.000000000,-0.128663599,0.000000000,-0.000000000,9.800000000,0.967377476,0.000000000,0.000000000,-0.253339336
6.916665560,0.000000000,0.000000000,-0.128663599,0.000000000,-0.000000000,9.800000000,0.967309534,0.000000000,0.000000000,-0.253598631
6.920832226,0.000000000,0.000000000,-0.112689550,-0.000000000,-0.000000000,9.800000000,0.967249970,0.000000000,0.000000000,-0.253825720
6.929165558,0.000000000,0.000000000,-0.112689550,-0.000000000,0.000000000,9.800000000,0.967130682,0.000000000,0.000000000,-0.254279854
6.933332224,0.000000000,0.000000000,-0.096672056,0.000000000,-0.000000000,9.800000000,0.967079450,0.000000000,0.000000000,-0.254474629
6.937498890,0.000000000,0.000000000,-0.096672056,0.000000000,-0.000000000,9.800000000,0.967028180,0.000000000,0.000000000,-0.254669394
6.941665556,0.000000000,0.000000000,-0.096672056,0.000000000,-0.000000000,9.800000000,0.966976869,0.000000000,0.000000000,-0.254864148
6.945832222,0.000000000,0.000000000,-0.080617294,0.000000000,0.000000000,9.800000000,0.966934051,0.000000000,0.000000000,-0.255026551
6.954165554,0.000000000,0.000000000,-0.080617294,0.000000000,0.000000000,9.800000000,0.966848331,0.000000000,0.000000000,-0.255351335
6.958332220,0.000000000,0.000000000,-0.064531452,0.000000000,-0.000000000,9.800000000,0.966813993,0.000000000,0.000000000,-0.255481316
6.962498886,0.000000000,0.000000000,-0.064531452,0.000000000,0.000000000,9.800000000,0.966779637,0.000000000,0.000000000,-0.255611293
6.966665552,0.000000000,0.000000000,-0.064531452,0.000000000,0.000000000,9.800000000,0.966745264,0.000000000,0.000000000,-0.255741265
6.970832218,0.000000000,0.000000000,-0.048420732,-0.000000000,-0.000000000,9.800000000,0.966719461,0.000000000,0.000000000,-0.255838785
6.979165550,0.000000000,0.000000000,-0.048420732,0.000000000,0.000000000,9.800000000,0.966667825,0.000000000,0.000000000,-0.256033819
6.983332216,0.000000000,0.000000000,-0.032291345,0.000000000,0.000000000,9.800000000,0.966650598,0.000000000,0.000000000,-0.256098849
6.987498882,0.000000000,0.000000000,-0.032291345,0.000000000,0.000000000,9.800000000,0.966633368,0.000000000,0.000000000,-0.256163879
6.991665548,0.000000000,0.000000000,-0.032291345,0.000000000,0.000000000,9.800000000,0.966616132,0.000000000,0.000000000,-0.256228907
6.995832214,0.000000000,0.000000000,-0.016149509,0.000000000,0.000000000,9.800000000,0.966607511,0.000000000,0.000000000,-0.256261429
7.004165546,0.000000000,0.000000000,-0.016149509,0.000000000,0.000000000,9.800000000,0.966590265,0.000000000,0.000000000,-0.256326471
7.008332212,0.000000000,0.000000000,-0.000001447,0.000000000,0.000000000,9.800000000,0.966590264,0.000000000,0.000000000,-0.256326474
7.012498878,0.000000000,0.000000000,-0.000001447,0.000000000,0.000000000,9.800000000,0.966590263,0.000000000,0.000000000,-0.256326476
7.016665544,0.000000000,0.000000000,-0.000001447,0.000000000,0.000000000,9.800000000,0.966590263,0.000000000,0.000000000,-0.256326479
7.020832210,0.000000000,0.000000000,0.016146616,0.000000000,0.000000000,9.800000000,0.966598885,0.000000000,0.000000000,-0.256293964
7.029165542,0.000000000,0.000000000,0.016146616,0.000000000,0.000000000,9.800000000,0.966616125,0.000000000,0.000000000,-0.256228933
7.033332208,0.000000000,0.000000000,0.032288453,0.000000000,0.000000000,9.800000000,0.966633359,0.000000000,0.000000000,-0.256163911
7.037498874,0.000000000,0.000000000,0.032288453,0.000000000,0.000000000,9.800000000,0.966650588,0.000000000,0.000000000,-0.256098887
7.041665540,0.000000000,0.000000000,0.032288453,0.000000000,0.000000000,9.800000000,0.966667813,0.000000000,0.000000000,-0.256033862
7.045832206,0.000000000,0.000000000,0.048417843,0.000000000,-0.000000000,9.800000000,0.966693635,0.000000000,0.000000000,-0.255936353
7.054165538,0.000000000,0.000000000,0.048417843,0.000000000,-0.000000000,9.800000000,0.966745248,0.000000000,0.000000000,-0.255741326
7.058332204,0.000000000,0.000000000,0.064528567,0.000000000,-0.000000000,9.800000000,0.966779620,0.000000000,0.000000000,-0.255611360
7.062498870,0.000000000,0.000000000,0.064528567,-0.000000000,-0.000000000,9.800000000,0.966813974,0.000000000,0.000000000,-0.255481389
7.066665536,0.000000000,0.000000000,0.064528567,-0.000000000,-0.000000000,9.800000000,0.966848311,0.000000000,0.000000000,-0.255351413
7.070832202,0.000000000,0.000000000,0.080614414,0.000000000,-0.000000000,9.800000000,0.966891182,0.000000000,0.000000000,-0.255189031
7.079165534,0.000000000,0.000000000,0.080614414,0.000000000,0.000000000,9.800000000,0.966976844,0.000000000,0.000000000,-0.254864244
7.083332200,0.000000000,0.000000000,0.096669182,-0.000000000,0.000000000,9.800000000,0.967028153,0.000000000,0.000000000,-0.254669495
7.087498866,0.000000000,0.000000000,0.096669182,-0.000000000,0.000000000,9.800000000,0.967079422,0.000000000,0.000000000,-0.254474737
7.091665532,0.000000000,0.000000000,0.096669182,0.000000000,0.000000000,9.800000000,0.967130652,0.000000000,0.000000000,-0.254279967
7.095832198,0.000000000,0.000000000,0.112686683,0.000000000,0.000000000,9.800000000,0.967190321,0.000000000,0.000000000,-0.254052913
7.104165530,0.000000000,0.000000000,0.112686683,0.000000000,0.000000000,9.800000000,0.967309500,0.000000000,0.000000000,-0.253598762
7.108332196,0.000000000,0.000000000,0.128660741,-0.000000000,0.000000000,9.800000000,0.967377440,0.000000000,0.000000000,-0.253339472
7.112498862,0.000000000,0.000000000,0.128660741,-0.000000000,0.000000000,9.800000000,0.967445311,0.000000000,0.000000000,-0.253080164
7.116665528,0.000000000,0.000000000,0.128660741,0.000000000,0.000000000,9.800000000,0.967513113,0.000000000,0.000000000,-0.252820838
7.120832194,0.000000000,0.000000000,0.144585198,0.000000000,0.000000000,9.800000000,0.967589224,0.000000000,0.000000000,-0.252529393
7.129165526,0.000000000,0.000000000,0.144585198,0.000000000,0.000000000,9.800000000,0.967741181,0.000000000,0.000000000,-0.251946435
7.133332192,0.000000000,0.000000000,0.160453914,0.000000000,0.000000000,9.800000000,0.967825348,0.000000000,0.000000000,-0.251622925
7.137498858,0.000000000,0.000000000,0.160453914,0.000000000,0.000000000,9.800000000,0.967909406,0.000000000,0.000000000,-0.251299387
7.141665524,0.000000000,0.000000000,0.160453914,0.000000000,-0.000000000,9.800000000,0.967993356,0.000000000,0.000000000,-0.250975822
7.145832190,0.000000000,0.000000000,0.176260772,0.000000000,0.000000000,9.800000000,0.968085451,0.000000000,0.000000000,-0.250620348
7.154165522,0.000000000,0.000000000,0.176260772,0.000000000,0.000000000,9.800000000,0.968269251,0.000000000,0.000000000,-0.249909299
7.158332188,0.000000000,0.000000000,0.191999679,0.000000000,-0.000000000,9.800000000,0.968369137,0.000000000,0.000000000,-0.249521972
7.162498854,0.000000000,0.000000000,0.191999679,0.000000000,0.000000000,9.800000000,0.968468868,0.000000000,0.000000000,-0.249134605
7.166665520,0.000000000,0.000000000,0.191999679,0.000000000,0.000000000,9.800000000,0.968568444,0.000000000,0.000000000,-0.248747198
7.170832186,0.000000000,0.000000000,0.207664566,0.000000000,0.000000000,9.800000000,0.968675970,0.000000000,0.000000000,-0.248328139
7.179165518,0.000000000,0.000000000,0.207664566,0.000000000,0.000000000,9.800000000,0.968890478,0.000000000,0.000000000,-0.247489881
7.183332184,0.000000000,0.000000000,0.223249394,0.000000000,0.000000000,9.800000000,0.969005482,0.000000000,0.000000000,-0.247039220
7.187498850,0.000000000,0.000000000,0.223249394,-0.000000000,0.000000000,9.800000000,0.969120276,0.000000000,0.000000000,-0.246588506
7.191665516,0.000000000,0.000000000,0.223249394,0.000000000,0.000000000,9.800000000,0.969234860,0.000000000,0.000000000,-0.246137739
7.195832182,0.000000000,0.000000000,0.238748156,0.000000000,0.000000000,9.800000000,0.969357167,0.000000000,0.000000000,-0.245655619
7.204165514,0.000000000,0.000000000,0.238748156,-0.000000000,0.000000000,9.800000000,0.969601061,0.000000000,0.000000000,-0.244691197
7.208332180,0.000000000,0.000000000,0.254154875,-0.000000000,0.000000000,9.800000000,0.969730487,0.000000000,0.000000000,-0.244177769
7.212498846,0.000000000,0.000000000,0.254154875,-0.000000000,0.000000000,9.800000000,0.969859640,0.000000000,0.000000000,-0.243664273
7.216665512,0.000000000,0.000000000,0.254154875,-0.000000000,-0.000000000,9.800000000,0.969988522,0.000000000,0.000000000,-0.243150709
7.220832178,0.000000000,0.000000000,0.269463613,0.000000000,-0.000000000,9.800000000,0.970124870,0.000000000,0.000000000,-0.242606136
7.229165510,0.000000000,0.000000000,0.269463613,0.000000000,-0.000000000,9.800000000,0.970396648,0.000000000,0.000000000,-0.241516761
7.233332176,0.000000000,0.000000000,0.284668468,0.000000000,0.000000000,9.800000000,0.970539711,0.000000000,0.000000000,-0.240941216
7.237498842,0.000000000,0.000000000,0.284668468,0.000000000,0.000000000,9.800000000,0.970682433,0.000000000,0.000000000,-0.240365586
7.241665508,0.000000000,0.000000000,0.284668468,0.000000000,0.000000000,9.800000000,0.970824813,0.000000000,0.000000000,-0.239789872
7.245832174,0.000000000,0.000000000,0.299763578,-0.000000000,-0.000000000,9.800000000,0.970974374,0.000000000,0.000000000,-0.239183538
7.254165506,0.000000000,0.000000000,0.299763578,-0.000000000,-0.000000000,9.800000000,0.971272360,0.000000000,0.000000000,-0.237970590
7.258332172,0.000000000,0.000000000,0.314743123,0.000000000,-0.000000000,9.800000000,0.971428192,0.000000000,0.000000000,-0.237333661
7.262498838,0.000000000,0.000000000,0.314743123,0.000000000,-0.000000000,9.800000000,0.971583607,0.000000000,0.000000000,-0.236696631
7.266665504,0.000000000,0.000000000,0.314743123,0.000000000,-0.000000000,9.800000000,0.971738603,0.000000000,0.000000000,-0.236059498
7.270832170,0.000000000,0.000000000,0.329601329,0.000000000,-0.000000000,9.800000000,0.971900469,0.000000000,0.000000000,-0.235392179
7.279165502,0.000000000,0.000000000,0.329601329,0.000000000,-0.000000000,9.800000000,0.972222826,0.000000000,0.000000000,-0.234057209
7.283332168,0.000000000,0.000000000,0.344332467,-0.000000000,0.000000000,9.800000000,0.972390479,0.000000000,0.000000000,-0.233359716
7.287498834,0.000000000,0.000000000,0.344332467,0.000000000,0.000000000,9.800000000,0.972557631,0.000000000,0.000000000,-0.232662103
7.291665500,0.000000000,0.000000000,0.344332467,-0.000000000,0.000000000,9.800000000,0.972724283,0.000000000,0.000000000,-0.231964370
7.295832166,0.000000000,0.000000000,0.358930858,-0.000000000,-0.000000000,9.800000000,0.972897468,0.000000000,0.000000000,-0.231236929
7.304165498,0.000000000,0.000000000,0.358930858,-0.000000000,-0.000000000,9.800000000,0.973242205,0.000000000,0.000000000,-0.229781659
7.308332164,0.000000000,0.000000000,0.373390875,0.000000000,0.000000000,9.800000000,0.973420657,0.000000000,0.000000000,-0.229024507
7.312498830,0.000000000,0.000000000,0.373390875,0.000000000,0.000000000,9.800000000,0.973598520,0.000000000,0.000000000,-0.228267216
7.316665496,0.000000000,0.000000000,0.373390875,0.000000000,0.000000000,9.800000000,0.973775794,0.000000000,0.000000000,-0.227509787
7.320832162,0.000000000,0.000000000,0.387706943,0.000000000,0.000000000,9.800000000,0.973959241,0.000000000,0.000000000,-0.226723172
7.329165494,0.000000000,0.000000000,0.387706943,0.000000000,0.000000000,9.800000000,0.974324229,0.000000000,0.000000000,-0.225149499
7.333332160,0.000000000,0.000000000,0.401873542,-0.000000000,0.000000000,9.800000000,0.974512391,0.000000000,0.000000000,-0.224333681
7.337498826,0.000000000,0.000000000,0.401873542,-0.000000000,0.000000000,9.800000000,0.974699870,0.000000000,0.000000000,-0.223517705
7.341665492,0.000000000,0.000000000,0.401873542,-0.000000000,-0.000000000,9.800000000,0.974886665,0.000000000,0.000000000,-0.222701572
7.345832158,0.000000000,0.000000000,0.415885211,0.000000000,0.000000000,9.800000000,0.975079254,0.000000000,0.000000000,-0.221856820
7.354165490,0.000000000,0.000000000,0.415885211,0.000000000,0.000000000,9.800000000,0.975462235,0.000000000,0.000000000,-0.220166817
7.358332156,0.000000000,0.000000000,0.429736549,0.000000000,0.000000000,9.800000000,0.975658956,0.000000000,0.000000000,-0.219293413
7.362498822,0.000000000,0.000000000,0.429736549,0.000000000,-0.000000000,9.800000000,0.975854895,0.000000000,0.000000000,-0.218419833
7.366665488,0.000000000,0.000000000,0.429736549,0.000000000,0.000000000,9.800000000,0.976050052,0.000000000,0.000000000,-0.217546078
7.370832154,0.000000000,0.000000000,0.443422215,0.000000000,0.000000000,9.800000000,0.976250604,0.000000000,0.000000000,-0.216644314
7.379165486,0.000000000,0.000000000,0.443422215,0.000000000,-0.000000000,9.800000000,0.976649208,0.000000000,0.000000000,-0.214840232
7.383332152,0.000000000,0.000000000,0.456936934,0.000000000,0.000000000,9.800000000,0.976853282,0.000000000,0.000000000,-0.213910412
7.387498818,0.000000000,0.000000000,0.456936934,0.000000000,0.000000000,9.800000000,0.977056472,0.000000000,0.000000000,-0.212980398
7.391665484,0.000000000,0.000000000,0.456936934,0.000000000,0.000000000,9.800000000,0.977258777,0.000000000,0.000000000,-0.212050191
7.395832150,0.000000000,0.000000000,0.470275495,-0.000000000,0.000000000,9.800000000,0.977466062,0.000000000,0.000000000,-0.211092630
7.404165482,0.000000000,0.000000000,0.470275495,-0.000000000,0.000000000,9.800000000,0.977877817,0.000000000,0.000000000,-0.209176900
7.408332148,0.000000000,0.000000000,0.483432755,0.000000000,0.000000000,9.800000000,0.978087994,0.000000000,0.000000000,-0.208191923
7.412498814,0.000000000,0.000000000,0.483432755,0.000000000,0.000000000,9.800000000,0.978297178,0.000000000,0.000000000,-0.207206734
7.416665480,0.000000000,0.000000000,0.483432755,0.000000000,0.000000000,9.800000000,0.978505371,0.000000000,0.000000000,-0.206221336
7.420832146,0.000000000,0.000000000,0.496403643,-0.000000000,-0.000000000,9.800000000,0.978718116,0.000000000,0.000000000,-0.205209281
7.429165478,0.000000000,0.000000000,0.496403643,0.000000000,-0.000000000,9.800000000,0.979140467,0.000000000,0.000000000,-0.203184514
7.433332144,0.000000000,0.000000000,0.509183159,0.000000000,0.000000000,9.800000000,0.979355453,0.000000000,0.000000000,-0.202145729
7.437498810,0.000000000,0.000000000,0.509183159,0.000000000,0.000000000,9.800000000,0.979569338,0.000000000,0.000000000,-0.201106717
7.441665476,0.000000000,0.000000000,0.509183159,0.000000000,0.000000000,9.800000000,0.979782121,0.000000000,0.000000000,-0.200067479
7.445832142,0.000000000,0.000000000,0.521766374,0.000000000,0.000000000,9.800000000,0.979999018,0.000000000,0.000000000,-0.199002325
7.454165474,0.000000000,0.000000000,0.521766374,-0.000000000,0.000000000,9.800000000,0.980429338,0.000000000,0.000000000,-0.196871313
7.458332140,0.000000000,0.000000000,0.534148439,-0.000000000,-0.000000000,9.800000000,0.980647811,0.000000000,0.000000000,-0.195780161
7.462498806,0.000000000,0.000000000,0.534148439,-0.000000000,-0.000000000,9.800000000,0.980865069,0.000000000,0.000000000,-0.194688766
7.466665472,0.000000000,0.000000000,0.534148439,-0.000000000,0.000000000,9.800000000,0.981081113,0.000000000,0.000000000,-0.193597130
7.470832138,0.000000000,0.000000000,0.546324579,0.000000000,0.000000000,9.800000000,0.981300826,0.000000000,0.000000000,-0.192480362
7.479165470,0.000000000,0.000000000,0.546324579,0.000000000,0.000000000,9.800000000,0.981736436,0.000000000,0.000000000,-0.190246079
7.483332136,0.000000000,0.000000000,0.558290101,0.000000000,0.000000000,9.800000000,0.981957048,0.000000000,0.000000000,-0.189104089
7.487498802,0.000000000,0.000000000,0.558290101,0.000000000,0.000000000,9.800000000,0.982176331,0.000000000,0.000000000,-0.187961843
7.491665468,0.000000000,0.000000000,0.558290101,0.000000000,0.000000000,9.800000000,0.982394286,0.000000000,0.000000000,-0.186819343
7.495832134,0.000000000,0.000000000,0.570040391,0.000000000,-0.000000000,9.800000000,0.982615457,0.000000000,0.000000000,-0.185652535
7.504165466,0.000000000,0.000000000,0.570040391,0.000000000,0.000000000,9.800000000,0.983053641,0.000000000,0.000000000,-0.183318137
7.508332132,0.000000000,0.000000000,0.581570920,-0.000000000,-0.000000000,9.800000000,0.983275028,0.000000000,0.000000000,-0.182126929
7.512498798,0.000000000,0.000000000,0.581570920,-0.000000000,0.000000000,9.800000000,0.983494973,0.000000000,0.000000000,-0.180935454
7.516665464,0.000000000,0.000000000,0.581570920,-0.000000000,0.000000000,9.800000000,0.983713473,0.000000000,0.000000000,-0.179743713
7.520832130,0.000000000,0.000000000,0.592877243,0.000000000,0.000000000,9.800000000,0.983934735,0.000000000,0.000000000,-0.178528532
7.529165462,0.000000000,0.000000000,0.592877243,0.000000000,0.000000000,9.800000000,0.984372755,0.000000000,0.000000000,-0.176097355
7.533332128,0.000000000,0.000000000,0.603955000,0.000000000,-0.000000000,9.800000000,0.984593549,0.000000000,0.000000000,-0.174858639
7.537498794,0.000000000,0.000000000,0.603955000,0.000000000,-0.000000000,9.800000000,0.984812783,0.000000000,0.000000000,-0.173619647
7.541665460,0.000000000,0.000000000,0.603955000,0.000000000,-0.000000000,9.800000000,0.985030459,0.000000000,0.000000000,-0.172380379
7.545832126,0.000000000,0.000000000,0.614799921,0.000000000,0.000000000,9.800000000,0.985250441,0.000000000,0.000000000,-0.171118579
7.554165458,0.000000000,0.000000000,0.614799921,-0.000000000,0.000000000,9.800000000,0.985685557,0.000000000,0.000000000,-0.168594138
7.558332124,0.000000000,0.000000000,0.625407825,-0.000000000,0.000000000,9.800000000,0.985904387,0.000000000,0.000000000,-0.167309713
7.562498790,0.000000000,0.000000000,0.625407825,-0.000000000,0.000000000,9.800000000,0.986121543,0.000000000,0.000000000,-0.166025004
7.566665456,0.000000000,0.000000000,0.625407825,-0.000000000,0.000000000,9.800000000,0.986337026,0.000000000,0.000000000,-0.164740014
7.570832122,0.000000000,0.000000000,0.635774623,0.000000000,0.000000000,9.800000000,0.986554363,0.000000000,0.000000000,-0.163433436
7.579165454,0.000000000,0.000000000,0.635774623,0.000000000,0.000000000,9.800000000,0.986983846,0.000000000,0.000000000,-0.160819424
7.583332120,0.000000000,0.000000000,0.645896317,-0.000000000,-0.000000000,9.800000000,0.987199354,0.000000000,0.000000000,-0.159491176
7.587498786,0.000000000,0.000000000,0.645896317,-0.000000000,-0.000000000,9.800000000,0.987413074,0.000000000,0.000000000,-0.158162640
7.591665452,0.000000000,0.000000000,0.645896317,-0.000000000,-0.000000000,9.800000000,0.987625007,0.000000000,0.000000000,-0.156833817
7.595832118,0.000000000,0.000000000,0.655769006,0.000000000,-0.000000000,9.800000000,0.987838349,0.000000000,0.000000000,-0.155484392
7.604165450,0.000000000,0.000000000,0.655769006,0.000000000,0.000000000,9.800000000,0.988259502,0.000000000,0.000000000,-0.152784675
7.608332116,0.000000000,0.000000000,0.665388884,0.000000000,0.000000000,9.800000000,0.988470346,0.000000000,0.000000000,-0.151414577
7.612498782,0.000000000,0.000000000,0.665388884,0.000000000,0.000000000,9.800000000,0.988679292,0.000000000,0.000000000,-0.150044188
7.616665448,0.000000000,0.000000000,0.665388884,0.000000000,0.000000000,9.800000000,0.988886337,0.000000000,0.000000000,-0.148673511
7.620832114,0.000000000,0.000000000,0.674752242,0.000000000,-0.000000000,9.800000000,0.989094355,0.000000000,0.000000000,-0.147283254
7.629165446,0.000000000,0.000000000,0.674752242,0.000000000,-0.000000000,9.800000000,0.989504527,0.000000000,0.000000000,-0.144501869
7.633332112,0.000000000,0.000000000,0.683855470,0.000000000,0.000000000,9.800000000,0.989709395,0.000000000,0.000000000,-0.143091977
7.637498778,0.000000000,0.000000000,0.683855470,0.000000000,0.000000000,9.800000000,0.989912253,0.000000000,0.000000000,-0.141681795
7.641665444,0.000000000,0.000000000,0.683855470,0.000000000,0.000000000,9.800000000,0.990113102,0.000000000,0.000000000,-0.140271325
7.645832110,0.000000000,0.000000000,0.692695059,-0.000000000,-0.000000000,9.800000000,0.990314499,0.000000000,0.000000000,-0.138842332
7.654165442,0.000000000,0.000000000,0.692695059,-0.000000000,-0.000000000,9.800000000,0.990711104,0.000000000,0.000000000,-0.135983484
7.658332108,0.000000000,0.000000000,0.701267600,0.000000000,0.000000000,9.800000000,0.990908715,0.000000000,0.000000000,-0.134535936
7.662498774,0.000000000,0.000000000,0.701267600,-0.000000000,0.000000000,9.800000000,0.991104211,0.000000000,0.000000000,-0.133088101
7.666665440,0.000000000,0.000000000,0.701267600,-0.000000000,0.000000000,9.800000000,0.991297592,0.000000000,0.000000000,-0.131639982
7.670832106,0.000000000,0.000000000,0.709569790,0.000000000,0.000000000,9.800000000,0.991491108,0.000000000,0.000000000,-0.130174433
7.679165438,0.000000000,0.000000000,0.709569790,0.000000000,0.000000000,9.800000000,0.991871640,0.000000000,0.000000000,-0.127242485
7.683332104,0.000000000,0.000000000,0.717598427,-0.000000000,0.000000000,9.800000000,0.992060758,0.000000000,0.000000000,-0.125759499
7.687498770,0.000000000,0.000000000,0.717598427,-0.000000000,0.000000000,9.800000000,0.992247660,0.000000000,0.000000000,-0.124276232
7.691665436,0.000000000,0.000000000,0.717598427,-0.000000000,0.000000000,9.800000000,0.992432343,0.000000000,0.000000000,-0.122792687
7.695832102,0.000000000,0.000000000,0.725350417,0.000000000,-0.000000000,9.800000000,0.992616768,0.000000000,0.000000000,-0.121292836
7.704165434,0.000000000,0.000000000,0.725350417,0.000000000,-0.000000000,9.800000000,0.992978816,0.000000000,0.000000000,-0.118292308
7.708332100,0.000000000,0.000000000,0.732822770,-0.000000000,-0.000000000,9.800000000,0.993158258,0.000000000,0.000000000,-0.116776176
7.712498766,0.000000000,0.000000000,0.732822770,-0.000000000,-0.000000000,9.800000000,0.993335384,0.000000000,0.000000000,-0.115259772
7.716665432,0.000000000,0.000000000,0.732822770,-0.000000000,-0.000000000,9.800000000,0.993510195,0.000000000,0.000000000,-0.113743100
7.720832098,0.000000000,0.000000000,0.740012606,0.000000000,0.000000000,9.800000000,0.993684371,0.000000000,0.000000000,-0.112211278
7.729165430,0.000000000,0.000000000,0.740012606,0.000000000,0.000000000,9.800000000,0.994025637,0.000000000,0.000000000,-0.109146837
7.733332096,0.000000000,0.000000000,0.746917154,0.000000000,0.000000000,9.800000000,0.994194275,0.000000000,0.000000000,-0.107599925
7.737498762,0.000000000,0.000000000,0.746917154,0.000000000,0.000000000,9.800000000,0.994360505,0.000000000,0.000000000,-0.106052753
7.741665428,0.000000000,0.000000000,0.746917154,0.000000000,0.000000000,9.800000000,0.994524327,0.000000000,0.000000000,-0.104505323
7.745832094,0.000000000,0.000000000,0.753533750,0.000000000,-0.000000000,9.800000000,0.994687161,0.000000000,0.000000000,-0.102943929
7.754165426,0.000000000,0.000000000,0.753533750,0.000000000,0.000000000,9.800000000,0.995005473,0.000000000,0.000000000,-0.099820385
7.758332092,0.000000000,0.000000000,0.759859845,0.000000000,0.000000000,9.800000000,0.995162246,0.000000000,0.000000000,-0.098245126
7.762498758,0.000000000,0.000000000,0.759859845,0.000000000,0.000000000,9.800000000,0.995316525,0.000000000,0.000000000,-0.096669620
7.766665424,0.000000000,0.000000000,0.759859845,0.000000000,-0.000000000,9.800000000,0.995468310,0.000000000,0.000000000,-0.095093873
7.770832090,0.000000000,0.000000000,0.765893000,0.000000000,0.000000000,9.800000000,0.995618775,0.000000000,0.000000000,-0.093505373
7.779165422,0.000000000,0.000000000,0.765893000,0.000000000,0.000000000,9.800000000,0.995912101,0.000000000,0.000000000,-0.090327664
7.783332088,0.000000000,0.000000000,0.771630889,0.000000000,0.000000000,9.800000000,0.996056022,0.000000000,0.000000000,-0.088726555
7.787498754,0.000000000,0.000000000,0.771630889,0.000000000,0.000000000,9.800000000,0.996197368,0.000000000,0.000000000,-0.087125217
7.791665420,0.000000000,0.000000000,0.771630889,0.000000000,0.000000000,9.800000000,0.996336140,0.000000000,0.000000000,-0.085523654
7.795832086,0.000000000,0.000000000,0.777071299,0.000000000,0.000000000,9.800000000,0.996473289,0.000000000,0.000000000,-0.083910576
7.804165418,0.000000000,0.000000000,0.777071299,-0.000000000,0.000000000,9.800000000,0.996739750,0.000000000,0.000000000,-0.080683764
7.808332084,0.000000000,0.000000000,0.782212133,0.000000000,0.000000000,9.800000000,0.996869910,0.000000000,0.000000000,-0.079059362
7.812498750,0.000000000,0.000000000,0.782212133,0.000000000,-0.000000000,9.800000000,0.996997422,0.000000000,0.000000000,-0.077434750
7.816665416,0.000000000,0.000000000,0.782212133,0.000000000,-0.000000000,9.800000000,0.997122286,0.000000000,0.000000000,-0.075809933
7.820832082,0.000000000,0.000000000,0.787051410,-0.000000000,0.000000000,9.800000000,0.997245251,0.000000000,0.000000000,-0.074174860
7.829165414,0.000000000,0.000000000,0.787051410,0.000000000,0.000000000,9.800000000,0.997483136,0.000000000,0.000000000,-0.070904121
7.833332080,0.000000000,0.000000000,0.791587264,0.000000000,-0.000000000,9.800000000,0.997598710,0.000000000,0.000000000,-0.069259036
7.837498746,0.000000000,0.000000000,0.791587264,0.000000000,-0.000000000,9.800000000,0.997711571,0.000000000,0.000000000,-0.067613763
7.841665412,0.000000000,0.000000000,0.791587264,0.000000000,0.000000000,9.800000000,0.997821719,0.000000000,0.000000000,-0.065968305
7.845832078,0.000000000,0.000000000,0.795817946,-0.000000000,0.000000000,9.800000000,0.997929720,0.000000000,0.000000000,-0.064313873
7.854165410,0.000000000,0.000000000,0.795817946,-0.000000000,0.000000000,9.800000000,0.998137492,0.000000000,0.000000000,-0.061004483
7.858332076,0.000000000,0.000000000,0.799741825,0.000000000,0.000000000,9.800000000,0.998237748,0.000000000,0.000000000,-0.059341374
7.862498742,0.000000000,0.000000000,0.799741825,0.000000000,0.000000000,9.800000000,0.998335233,0.000000000,0.000000000,-0.057678100
7.866665408,0.000000000,0.000000000,0.799741825,0.000000000,0.000000000,9.800000000,0.998429946,0.000000000,0.000000000,-0.056014666
7.870832074,0.000000000,0.000000000,0.803357388,0.000000000,-0.000000000,9.800000000,0.998522297,0.000000000,0.000000000,-0.054343555
7.879165406,0.000000000,0.000000000,0.803357388,0.000000000,-0.000000000,9.800000000,0.998698608,0.000000000,0.000000000,-0.051000881
7.883332072,0.000000000,0.000000000,0.806663242,0.000000000,-0.000000000,9.800000000,0.998782907,0.000000000,0.000000000,-0.049322449
7.887498738,0.000000000,0.000000000,0.806663242,0.000000000,0.000000000,9.800000000,0.998864386,0.000000000,0.000000000,-0.047643877
7.891665404,0.000000000,0.000000000,0.806663242,0.000000000,0.000000000,9.800000000,0.998943043,0.000000000,0.000000000,-0.045965171
7.895832070,0.000000000,0.000000000,0.809658112,-0.000000000,0.000000000,9.800000000,0.999019155,0.000000000,0.000000000,-0.044280102
7.904165402,0.000000000,0.000000000,0.809658112,-0.000000000,0.000000000,9.800000000,0.999162852,0.000000000,0.000000000,-0.040909590
7.908332068,0.000000000,0.000000000,0.812340844,0.000000000,-0.000000000,9.800000000,0.999230656,0.000000000,0.000000000,-0.039218573
7.912498734,0.000000000,0.000000000,0.812340844,0.000000000,-0.000000000,9.800000000,0.999295597,0.000000000,0.000000000,-0.037527443
7.916665400,0.000000000,0.000000000,0.812340844,0.000000000,-0.000000000,9.800000000,0.999357677,0.000000000,0.000000000,-0.035836205
7.920832066,0.000000000,0.000000000,0.814710403,0.000000000,0.000000000,9.800000000,0.999417063,0.000000000,0.000000000,-0.034139932
7.929165398,0.000000000,0.000000000,0.814710403,0.000000000,0.000000000,9.800000000,0.999527196,0.000000000,0.000000000,-0.030747094
7.933332064,0.000000000,0.000000000,0.816765875,0.000000000,0.000000000,9.800000000,0.999578068,0.000000000,0.000000000,-0.029046260
7.937498730,0.000000000,0.000000000,0.816765875,-0.000000000,0.000000000,9.800000000,0.999626046,0.000000000,0.000000000,-0.027345341
7.941665396,0.000000000,0.000000000,0.816765875,0.000000000,0.000000000,9.800000000,0.999671130,0.000000000,0.000000000,-0.025644344
7.945832062,0.000000000,0.000000000,0.818506469,0.000000000,-0.000000000,9.800000000,0.999713406,0.000000000,0.000000000,-0.023939646
7.954165394,0.000000000,0.000000000,0.818506469,0.000000000,-0.000000000,9.800000000,0.999789236,0.000000000,0.000000000,-0.020530048
7.958332060,0.000000000,0.000000000,0.819931513,0.000000000,0.000000000,9.800000000,0.999822847,0.000000000,0.000000000,-0.018822189
7.962498726,0.000000000,0.000000000,0.819931513,0.000000000,0.000000000,9.800000000,0.999853540,0.000000000,0.000000000,-0.017114274
7.966665392,0.000000000,0.000000000,0.819931513,0.000000000,0.000000000,9.800000000,0.999881316,0.000000000,0.000000000,-0.015406310
7.970832058,0.000000000,0.000000000,0.821040458,0.000000000,0.000000000,9.800000000,0.999906206,0.000000000,0.000000000,-0.013695991
7.979165390,0.000000000,0.000000000,0.821040458,0.000000000,0.000000000,9.800000000,0.999947208,0.000000000,0.000000000,-0.010275237
7.983332056,0.000000000,0.000000000,0.821832876,0.000000000,0.000000000,9.800000000,0.999963335,0.000000000,0.000000000,-0.008563161
7.987498722,0.000000000,0.000000000,0.821832876,0.000000000,-0.000000000,9.800000000,0.999976531,0.000000000,0.000000000,-0.006851061
7.991665388,0.000000000,0.000000000,0.821832876,0.000000000,-0.000000000,9.800000000,0.999986796,0.000000000,0.000000000,-0.005138940
7.995832054,0.000000000,0.000000000,0.822308463,-0.000000000,0.000000000,9.800000000,0.999994132,0.000000000,0.000000000,-0.003425814
8.004165386,0.000000000,0.000000000,0.822308463,-0.000000000,0.000000000,9.800000000,1.000000000,0.000000000,0.000000000,0.000000464
8.008332052,0.000000000,0.000000000,0.822467033,0.000000000,0.000000000,9.800000000,0.999998531,0.000000000,0.000000000,0.001713936
8.012498718,0.000000000,0.000000000,0.822467033,0.000000000,0.000000000,9.800000000,0.999994126,0.000000000,0.000000000,0.003427403
8.016665384,0.000000000,0.000000000,0.822467033,0.000000000,0.000000000,9.800000000,0.999986786,0.000000000,0.000000000,0.005140860
8.020832050,0.000000000,0.000000000,0.822308528,0.000000000,-0.000000000,9.800000000,0.999976511,0.000000000,0.000000000,0.006853971
8.029165382,0.000000000,0.000000000,0.822308528,0.000000000,-0.000000000,9.800000000,0.999947158,0.000000000,0.000000000,0.010280129
8.033332048,0.000000000,0.000000000,0.821833006,0.000000000,-0.000000000,9.800000000,0.999928091,0.000000000,0.000000000,0.011992174
8.037498714,0.000000000,0.000000000,0.821833006,-0.000000000,-0.000000000,9.800000000,0.999906093,0.000000000,0.000000000,0.013704185
8.041665380,0.000000000,0.000000000,0.821833006,0.000000000,-0.000000000,9.800000000,0.999881164,0.000000000,0.000000000,0.015416155
8.045832046,0.000000000,0.000000000,0.821040653,0.000000000,0.000000000,9.800000000,0.999853332,0.000000000,0.000000000,0.017126429
8.054165378,0.000000000,0.000000000,0.821040653,-0.000000000,0.000000000,9.800000000,0.999788892,0.000000000,0.000000000,0.020546823
8.058332044,0.000000000,0.000000000,0.819931773,0.000000000,0.000000000,9.800000000,0.999752335,0.000000000,0.000000000,0.022254622
8.062498710,0.000000000,0.000000000,0.819931773,0.000000000,0.000000000,9.800000000,0.999712862,0.000000000,0.000000000,0.023962357
8.066665376,0.000000000,0.000000000,0.819931773,0.000000000,-0.000000000,9.800000000,0.999670471,0.000000000,0.000000000,0.025670021
8.070832042,0.000000000,0.000000000,0.818506793,-0.000000000,0.000000000,9.800000000,0.999625244,0.000000000,0.000000000,0.027374644
8.079165374,0.000000000,0.000000000,0.818506793,-0.000000000,0.000000000,9.800000000,0.999526071,0.000000000,0.000000000,0.030783644
8.083332040,0.000000000,0.000000000,0.816766264,-0.000000000,0.000000000,9.800000000,0.999472243,0.000000000,0.000000000,0.032484388
8.087498706,0.000000000,0.000000000,0.816766264,0.000000000,0.000000000,9.800000000,0.999415521,0.000000000,0.000000000,0.034185039
8.091665372,0.000000000,0.000000000,0.816766264,0.000000000,0.000000000,9.800000000,0.999355905,0.000000000,0.000000000,0.035885590
8.095832038,0.000000000,0.000000000,0.814710856,0.000000000,-0.000000000,9.800000000,0.999293556,0.000000000,0.000000000,0.037581758
8.104165370,0.000000000,0.000000000,0.814710856,-0.000000000,-0.000000000,9.800000000,0.999160223,0.000000000,0.000000000,0.040973765
8.108332036,0.000000000,0.000000000,0.812341361,-0.000000000,0.000000000,9.800000000,0.999089449,0.000000000,0.000000000,0.042664662
8.112498702,0.000000000,0.000000000,0.812341361,-0.000000000,0.000000000,9.800000000,0.999015813,0.000000000,0.000000000,0.044355437
8.116665368,0.000000000,0.000000000,0.812341361,-0.000000000,-0.000000000,9.800000000,0.998939317,0.000000000,0.000000000,0.046046084
8.120832034,0.000000000,0.000000000,0.809658694,0.000000000,0.000000000,9.800000000,0.998860225,0.000000000,0.000000000,0.047731017
8.129165366,0.000000000,0.000000000,0.809658694,0.000000000,0.000000000,9.800000000,0.998693517,0.000000000,0.000000000,0.051100472
8.133332032,0.000000000,0.000000000,0.806663888,0.000000000,0.000000000,9.800000000,0.998606230,0.000000000,0.000000000,0.052778753
8.137498698,0.000000000,0.000000000,0.806663888,0.000000000,0.000000000,9.800000000,0.998516123,0.000000000,0.000000000,0.054456884
8.141665364,0.000000000,0.000000000,0.806663888,0.000000000,0.000000000,9.800000000,0.998423195,0.000000000,0.000000000,0.056134862
8.145832030,0.000000000,0.000000000,0.803358097,0.000000000,0.000000000,9.800000000,0.998327846,0.000000000,0.000000000,0.057805806
8.154165362,0.000000000,0.000000000,0.803358097,0.000000000,0.000000000,9.800000000,0.998128759,0.000000000,0.000000000,0.061147204
8.158332028,0.000000000,0.000000000,0.799742597,-0.000000000,0.000000000,9.800000000,0.998025494,0.000000000,0.000000000,0.062810131
8.162498694,0.000000000,0.000000000,0.799742597,0.000000000,0.000000000,9.800000000,0.997919459,0.000000000,0.000000000,0.064472883
8.166665360,0.000000000,0.000000000,0.799742597,0.000000000,0.000000000,9.800000000,0.997810654,0.000000000,0.000000000,0.066135457
8.170832026,0.000000000,0.000000000,0.795818781,-0.000000000,-0.000000000,9.800000000,0.997699633,0.000000000,0.000000000,0.067789691
8.179165358,0.000000000,0.000000000,0.795818781,-0.000000000,-0.000000000,9.800000000,0.997469364,0.000000000,0.000000000,0.071097595
8.183332024,0.000000000,0.000000000,0.791588162,-0.000000000,-0.000000000,9.800000000,0.997350758,0.000000000,0.000000000,0.072742466
8.187498690,0.000000000,0.000000000,0.791588162,0.000000000,-0.000000000,9.800000000,0.997229439,0.000000000,0.000000000,0.074387139
8.191665356,0.000000000,0.000000000,0.791588162,0.000000000,-0.000000000,9.800000000,0.997105408,0.000000000,0.000000000,0.076031610
8.195832022,0.000000000,0.000000000,0.787052370,0.000000000,0.000000000,9.800000000,0.996979399,0.000000000,0.000000000,0.077666453
8.204165354,0.000000000,0.000000000,0.787052370,0.000000000,0.000000000,9.800000000,0.996719340,0.000000000,0.000000000,0.080935508
8.208332020,0.000000000,0.000000000,0.782213155,0.000000000,0.000000000,9.800000000,0.996586124,0.000000000,0.000000000,0.082559664
8.212498686,0.000000000,0.000000000,0.782213155,0.000000000,0.000000000,9.800000000,0.996450260,0.000000000,0.000000000,0.084183601
8.216665352,0.000000000,0.000000000,0.782213155,0.000000000,0.000000000,9.800000000,0.996311751,0.000000000,0.000000000,0.085807314
8.220832018,0.000000000,0.000000000,0.777072382,0.000000000,0.000000000,9.800000000,0.996171532,0.000000000,0.000000000,0.087420131
8.229165350,0.000000000,0.000000000,0.777072382,0.000000000,0.000000000,9.800000000,0.995883262,0.000000000,0.000000000,0.090645072
8.233332016,0.000000000,0.000000000,0.771632033,-0.000000000,-0.000000000,9.800000000,0.995736257,0.000000000,0.000000000,0.092245903
8.237498682,0.000000000,0.000000000,0.771632033,0.000000000,-0.000000000,9.800000000,0.995586679,0.000000000,0.000000000,0.093846495
8.241665348,0.000000000,0.000000000,0.771632033,0.000000000,-0.000000000,9.800000000,0.995434528,0.000000000,0.000000000,0.095446845
8.245832014,0.000000000,0.000000000,0.765894205,0.000000000,-0.000000000,9.800000000,0.995280965,0.000000000,0.000000000,0.097035051
8.254165346,0.000000000,0.000000000,0.765894205,0.000000000,-0.000000000,9.800000000,0.994966237,0.000000000,0.000000000,0.100210717
8.258332012,0.000000000,0.000000000,0.759861111,-0.000000000,0.000000000,9.800000000,0.994806352,0.000000000,0.000000000,0.101785666
8.262498678,0.000000000,0.000000000,0.759861111,-0.000000000,-0.000000000,9.800000000,0.994643974,0.000000000,0.000000000,0.103360360
8.266665344,0.000000000,0.000000000,0.759861111,-0.000000000,0.000000000,9.800000000,0.994479104,0.000000000,0.000000000,0.104934795
8.270832010,0.000000000,0.000000000,0.753535076,-0.000000000,0.000000000,9.800000000,0.994313146,0.000000000,0.000000000,0.106495862
8.279165342,0.000000000,0.000000000,0.753535076,-0.000000000,0.000000000,9.800000000,0.993973877,0.000000000,0.000000000,0.109617206
8.283332008,0.000000000,0.000000000,0.746918538,0.000000000,-0.000000000,9.800000000,0.993802101,0.000000000,0.000000000,0.111163775
8.287498674,0.000000000,0.000000000,0.746918538,0.000000000,-0.000000000,9.800000000,0.993627918,0.000000000,0.000000000,0.112710076
8.291665340,0.000000000,0.000000000,0.746918538,0.000000000,-0.000000000,9.800000000,0.993451329,0.000000000,0.000000000,0.114256103
8.295832006,0.000000000,0.000000000,0.740014050,0.000000000,-0.000000000,9.800000000,0.993274000,0.000000000,0.000000000,0.115787567
8.304165338,0.000000000,0.000000000,0.740014050,-0.000000000,-0.000000000,9.800000000,0.992912261,0.000000000,0.000000000,0.118849664
8.308332004,0.000000000,0.000000000,0.732824272,0.000000000,0.000000000,9.800000000,0.992729654,0.000000000,0.000000000,0.120365421
8.312498670,0.000000000,0.000000000,0.732824272,0.000000000,-0.000000000,9.800000000,0.992544733,0.000000000,0.000000000,0.121880897
8.316665336,0.000000000,0.000000000,0.732824272,0.000000000,-0.000000000,9.800000000,0.992357499,0.000000000,0.000000000,0.123396089
8.320832002,0.000000000,0.000000000,0.725351976,0.000000000,-0.000000000,9.800000000,0.992169896,0.000000000,0.000000000,0.124895549
8.329165334,0.000000000,0.000000000,0.725351976,0.000000000,-0.000000000,9.800000000,0.991787893,0.000000000,0.000000000,0.127893608
8.333332000,0.000000000,0.000000000,0.717600043,0.000000000,0.000000000,9.800000000,0.991595584,0.000000000,0.000000000,0.129376187
8.337498666,0.000000000,0.000000000,0.717600043,0.000000000,0.000000000,9.800000000,0.991401059,0.000000000,0.000000000,0.130858478
8.341665332,0.000000000,0.000000000,0.717600043,0.000000000,0.000000000,9.800000000,0.991204317,0.000000000,0.000000000,0.132340475
8.345831998,0.000000000,0.000000000,0.709571463,0.000000000,0.000000000,9.800000000,0.991007599,0.000000000,0.000000000,0.133805601
8.354165330,0.000000000,0.000000000,0.709571463,-0.000000000,0.000000000,9.800000000,0.990607666,0.000000000,0.000000000,0.136734973
8.358331996,0.000000000,0.000000000,0.701269328,0.000000000,-0.000000000,9.800000000,0.990406842,0.000000000,0.000000000,0.138182082
8.362498662,0.000000000,0.000000000,0.701269328,0.000000000,0.000000000,9.800000000,0.990203904,0.000000000,0.000000000,0.139628896
8.366665328,0.000000000,0.000000000,0.701269328,0.000000000,0.000000000,9.800000000,0.989998853,0.000000000,0.000000000,0.141075412
8.370831994,0.000000000,0.000000000,0.692696842,0.000000000,0.000000000,9.800000000,0.989794233,0.000000000,0.000000000,0.142503950
8.379165326,0.000000000,0.000000000,0.692696842,0.000000000,0.000000000,9.800000000,0.989378811,0.000000000,0.000000000,0.145360133
8.383331992,0.000000000,0.000000000,0.683857307,-0.000000000,-0.000000000,9.800000000,0.989170712,0.000000000,0.000000000,0.146769555
8.387498658,0.000000000,0.000000000,0.683857307,-0.000000000,0.000000000,9.800000000,0.988960605,0.000000000,0.000000000,0.148178680
8.391665324,0.000000000,0.000000000,0.683857307,-0.000000000,-0.000000000,9.800000000,0.988748491,0.000000000,0.000000000,0.149587504
8.395831990,0.000000000,0.000000000,0.674754133,0.000000000,0.000000000,9.800000000,0.988537234,0.000000000,0.000000000,0.150977276
8.404165322,0.000000000,0.000000000,0.674754133,0.000000000,0.000000000,9.800000000,0.988108858,0.000000000,0.000000000,0.153755924
8.408331988,0.000000000,0.000000000,0.665390828,0.000000000,0.000000000,9.800000000,0.987894768,0.000000000,0.000000000,0.155125522
8.412498654,0.000000000,0.000000000,0.665390828,0.000000000,-0.000000000,9.800000000,0.987678779,0.000000000,0.000000000,0.156494823
8.416665320,0.000000000,0.000000000,0.665390828,0.000000000,0.000000000,9.800000000,0.987460892,0.000000000,0.000000000,0.157863823
8.420831986,0.000000000,0.000000000,0.655771002,-0.000000000,0.000000000,9.800000000,0.987244299,0.000000000,0.000000000,0.159212734
8.429165318,0.000000000,0.000000000,0.655771002,-0.000000000,0.000000000,9.800000000,0.986805584,0.000000000,0.000000000,0.161909661
8.433331984,0.000000000,0.000000000,0.645898365,0.000000000,-0.000000000,9.800000000,0.986586822,0.000000000,0.000000000,0.163237381
8.437498650,0.000000000,0.000000000,0.645898365,0.000000000,-0.000000000,9.800000000,0.986366273,0.000000000,0.000000000,0.164564805
8.441665316,0.000000000,0.000000000,0.645898365,0.000000000,-0.000000000,9.800000000,0.986143938,0.000000000,0.000000000,0.165891931
8.445831982,0.000000000,0.000000000,0.635776721,-0.000000000,-0.000000000,9.800000000,0.985923344,0.000000000,0.000000000,0.167197967
8.454165314,0.000000000,0.000000000,0.635776721,0.000000000,-0.000000000,9.800000000,0.985476966,0.000000000,0.000000000,0.169809157
8.458331980,0.000000000,0.000000000,0.625409973,0.000000000,0.000000000,9.800000000,0.985254879,0.000000000,0.000000000,0.171093027
8.462498646,0.000000000,0.000000000,0.625409973,0.000000000,0.000000000,9.800000000,0.985031119,0.000000000,0.000000000,0.172376606
8.466665312,0.000000000,0.000000000,0.625409973,-0.000000000,0.000000000,9.800000000,0.984805687,0.000000000,0.000000000,0.173659894
8.470831978,0.000000000,0.000000000,0.614802118,0.000000000,0.000000000,9.800000000,0.984582449,0.000000000,0.000000000,0.174921127
8.479165310,0.000000000,0.000000000,0.614802118,0.000000000,0.000000000,9.800000000,0.984131128,0.000000000,0.000000000,0.177442730
8.483331976,0.000000000,0.000000000,0.603957245,0.000000000,-0.000000000,9.800000000,0.983907083,0.000000000,0.000000000,0.178680867
8.487498642,0.000000000,0.000000000,0.603957245,0.000000000,0.000000000,9.800000000,0.983681480,0.000000000,0.000000000,0.179918720
8.491665308,0.000000000,0.000000000,0.603957245,0.000000000,0.000000000,9.800000000,0.983454320,0.000000000,0.000000000,0.181156289
8.495831974,0.000000000,0.000000000,0.592879535,0.000000000,0.000000000,9.800000000,0.983229812,0.000000000,0.000000000,0.182370879
8.504165306,0.000000000,0.000000000,0.592879535,0.000000000,0.000000000,9.800000000,0.982776296,0.000000000,0.000000000,0.184799223
8.508331972,0.000000000,0.000000000,0.581573259,-0.000000000,-0.000000000,9.800000000,0.982551669,0.000000000,0.000000000,0.185989830
8.512498638,0.000000000,0.000000000,0.581573259,-0.000000000,0.000000000,9.800000000,0.982325601,0.000000000,0.000000000,0.187180163
8.516665304,0.000000000,0.000000000,0.581573259,-0.000000000,0.000000000,9.800000000,0.982098091,0.000000000,0.000000000,0.188370222
8.520831970,0.000000000,0.000000000,0.570042775,-0.000000000,-0.000000000,9.800000000,0.981873692,0.000000000,0.000000000,0.189536417
8.529165302,0.000000000,0.000000000,0.558292529,0.000000000,0.000000000,9.800000000,0.981425436,0.000000000,0.000000000,0.191843980
8.533331968,0.000000000,0.000000000,0.558292529,0.000000000,0.000000000,9.800000000,0.981201637,0.000000000,0.000000000,0.192985355
8.537498634,0.000000000,0.000000000,0.558292529,0.000000000,-0.000000000,9.800000000,0.980976510,0.000000000,0.000000000,0.194126469
8.541665300,0.000000000,0.000000000,0.558292529,0.000000000,0.000000000,9.800000000,0.980750057,0.000000000,0.000000000,0.195267321
8.545831966,0.000000000,0.000000000,0.546327051,0.000000000,0.000000000,9.800000000,0.980527172,0.000000000,0.000000000,0.196383465
8.554165298,0.000000000,0.000000000,0.546327051,0.000000000,0.000000000,9.800000000,0.980077592,0.000000000,0.000000000,0.198614989
8.558331964,0.000000000,0.000000000,0.534150954,-0.000000000,0.000000000,9.800000000,0.979855963,0.000000000,0.000000000,0.199705511
8.562498630,0.000000000,0.000000000,0.534150954,0.000000000,0.000000000,9.800000000,0.979633122,0.000000000,0.000000000,0.200795785
8.566665296,0.000000000,0.000000000,0.534150954,0.000000000,0.000000000,9.800000000,0.979409067,0.000000000,0.000000000,0.201885810
8.570831962,0.000000000,0.000000000,0.521768931,0.000000000,0.000000000,9.800000000,0.979189034,0.000000000,0.000000000,0.202950326
8.579165294,0.000000000,0.000000000,0.521768931,0.000000000,0.000000000,9.800000000,0.978745499,0.000000000,0.000000000,0.205078638
8.583331960,0.000000000,0.000000000,0.509185756,-0.000000000,0.000000000,9.800000000,0.978527400,0.000000000,0.000000000,0.206116779
8.587498626,0.000000000,0.000000000,0.509185756,0.000000000,0.000000000,9.800000000,0.978308201,0.000000000,0.000000000,0.207154688
8.591665292,0.000000000,0.000000000,0.509185756,-0.000000000,0.000000000,9.800000000,0.978087900,0.000000000,0.000000000,0.208192364
8.595831958,0.000000000,0.000000000,0.496406280,0.000000000,-0.000000000,9.800000000,0.977872068,0.000000000,0.000000000,0.209203771
8.604165290,0.000000000,0.000000000,0.496406280,0.000000000,-0.000000000,9.800000000,0.977437268,0.000000000,0.000000000,0.211225913
8.608331956,0.000000000,0.000000000,0.483435431,-0.000000000,0.000000000,9.800000000,0.977224035,0.000000000,0.000000000,0.212210238
8.612498622,0.000000000,0.000000000,0.483435431,-0.000000000,0.000000000,9.800000000,0.977009811,0.000000000,0.000000000,0.213194348
8.616665288,0.000000000,0.000000000,0.483435431,-0.000000000,0.000000000,9.800000000,0.976794595,0.000000000,0.000000000,0.214178242
8.620831954,0.000000000,0.000000000,0.470278208,0.000000000,0.000000000,9.800000000,0.976584286,0.000000000,0.000000000,0.215135150
8.629165286,0.000000000,0.000000000,0.470278208,0.000000000,0.000000000,9.800000000,0.976160856,0.000000000,0.000000000,0.217048345
8.633331952,0.000000000,0.000000000,0.456939684,0.000000000,0.000000000,9.800000000,0.975953792,0.000000000,0.000000000,0.217977510
8.637498618,0.000000000,0.000000000,0.456939684,0.000000000,0.000000000,9.800000000,0.975745845,0.000000000,0.000000000,0.218906478
8.641665284,0.000000000,0.000000000,0.456939684,0.000000000,0.000000000,9.800000000,0.975537013,0.000000000,0.000000000,0.219835247
8.645831950,0.000000000,0.000000000,0.443425001,-0.000000000,0.000000000,9.800000000,0.975333513,0.000000000,0.000000000,0.220736356
8.654165282,0.000000000,0.000000000,0.443425001,0.000000000,0.000000000,9.800000000,0.974924015,0.000000000,0.000000000,0.222538008
8.658331948,0.000000000,0.000000000,0.429739369,0.000000000,-0.000000000,9.800000000,0.974724388,0.000000000,0.000000000,0.223410759
8.662498614,0.000000000,0.000000000,0.429739369,-0.000000000,-0.000000000,9.800000000,0.974523980,0.000000000,0.000000000,0.224283331
8.666665280,0.000000000,0.000000000,0.429739369,0.000000000,-0.000000000,9.800000000,0.974322791,0.000000000,0.000000000,0.225155722
8.670831946,0.000000000,0.000000000,0.415888065,0.000000000,-0.000000000,9.800000000,0.974127343,0.000000000,0.000000000,0.225999824
8.679165278,0.000000000,0.000000000,0.415888065,0.000000000,-0.000000000,9.800000000,0.973734253,0.000000000,0.000000000,0.227687516
8.683331944,0.000000000,0.000000000,0.401876428,-0.000000000,0.000000000,9.800000000,0.973543282,0.000000000,0.000000000,0.228502688
8.687498610,0.000000000,0.000000000,0.401876428,-0.000000000,0.000000000,9.800000000,0.973351629,0.000000000,0.000000000,0.229317699
8.691665276,0.000000000,0.000000000,0.401876428,-0.000000000,0.000000000,9.800000000,0.973159293,0.000000000,0.000000000,0.230132550
8.695831942,0.000000000,0.000000000,0.387709859,0.000000000,-0.000000000,9.800000000,0.972973091,0.000000000,0.000000000,0.230918524
8.704165274,0.000000000,0.000000000,0.387709859,0.000000000,-0.000000000,9.800000000,0.972598782,0.000000000,0.000000000,0.232490018
8.708331940,0.000000000,0.000000000,0.373393822,0.000000000,-0.000000000,9.800000000,0.972417633,0.000000000,0.000000000,0.233246536
8.712498606,0.000000000,0.000000000,0.373393822,0.000000000,-0.000000000,9.800000000,0.972235896,0.000000000,0.000000000,0.234002913
8.716665272,0.000000000,0.000000000,0.373393822,0.000000000,-0.000000000,9.800000000,0.972053570,0.000000000,0.000000000,0.234759148
8.720831938,0.000000000,0.000000000,0.358933834,-0.000000000,0.000000000,9.800000000,0.971877750,0.000000000,0.000000000,0.235485963
8.729165270,0.000000000,0.000000000,0.358933834,-0.000000000,-0.000000000,9.800000000,0.971524481,0.000000000,0.000000000,0.236939198
8.733331936,0.000000000,0.000000000,0.344335470,0.000000000,0.000000000,9.800000000,0.971354259,0.000000000,0.000000000,0.237636075
8.737498602,0.000000000,0.000000000,0.344335470,0.000000000,-0.000000000,9.800000000,0.971183537,0.000000000,0.000000000,0.238332830
8.741665268,0.000000000,0.000000000,0.344335470,0.000000000,0.000000000,9.800000000,0.971012315,0.000000000,0.000000000,0.239029462
8.745831934,0.000000000,0.000000000,0.329604359,0.000000000,0.000000000,9.800000000,0.970847951,0.000000000,0.000000000,0.239696176
8.754165266,0.000000000,0.000000000,0.329604359,0.000000000,0.000000000,9.800000000,0.970517848,0.000000000,0.000000000,0.241029265
8.758331932,0.000000000,0.000000000,0.314746178,0.000000000,0.000000000,9.800000000,0.970359591,0.000000000,0.000000000,0.241665602
8.762498598,0.000000000,0.000000000,0.314746178,0.000000000,-0.000000000,9.800000000,0.970200918,0.000000000,0.000000000,0.242301835
8.766665264,0.000000000,0.000000000,0.314746178,0.000000000,-0.000000000,9.800000000,0.970041827,0.000000000,0.000000000,0.242937965
8.770831930,0.000000000,0.000000000,0.299766657,0.000000000,0.000000000,9.800000000,0.969889919,0.000000000,0.000000000,0.243543722
8.779165262,0.000000000,0.000000000,0.299766657,-0.000000000,0.000000000,9.800000000,0.969584970,0.000000000,0.000000000,0.244754950
8.783331928,0.000000000,0.000000000,0.284671571,0.000000000,0.000000000,9.800000000,0.969439644,0.000000000,0.000000000,0.245329935
8.787498594,0.000000000,0.000000000,0.284671571,0.000000000,0.000000000,9.800000000,0.969293977,0.000000000,0.000000000,0.245904833
8.791665260,0.000000000,0.000000000,0.269466738,0.000000000,-0.000000000,9.800000000,0.969155776,0.000000000,0.000000000,0.246448945
8.795831926,0.000000000,0.000000000,0.269466738,0.000000000,-0.000000000,9.800000000,0.969017269,0.000000000,0.000000000,0.246992980
8.804165258,0.000000000,0.000000000,0.269466738,0.000000000,-0.000000000,9.800000000,0.968739340,0.000000000,0.000000000,0.248080815
8.808331924,0.000000000,0.000000000,0.254158021,-0.000000000,-0.000000000,9.800000000,0.968607847,0.000000000,0.000000000,0.248593724
8.812498590,0.000000000,0.000000000,0.254158021,-0.000000000,-0.000000000,9.800000000,0.968476082,0.000000000,0.000000000,0.249106563
8.816665256,0.000000000,0.000000000,0.254158021,-0.000000000,-0.000000000,9.800000000,0.968344045,0.000000000,0.000000000,0.249619332
8.820831922,0.000000000,0.000000000,0.238751321,0.000000000,0.000000000,9.800000000,0.968219765,0.000000000,0.000000000,0.250100954
8.829165254,0.000000000,0.000000000,0.238751321,0.000000000,0.000000000,9.800000000,0.967970486,0.000000000,0.000000000,0.251064012
8.833331920,0.000000000,0.000000000,0.223252577,0.000000000,-0.000000000,9.800000000,0.967853609,0.000000000,0.000000000,0.251514197
8.837498586,0.000000000,0.000000000,0.223252577,0.000000000,-0.000000000,9.800000000,0.967736523,0.000000000,0.000000000,0.251964328
8.841665252,0.000000000,0.000000000,0.223252577,0.000000000,-0.000000000,9.800000000,0.967619227,0.000000000,0.000000000,0.252414404
8.845831918,0.000000000,0.000000000,0.207667766,0.000000000,0.000000000,9.800000000,0.967509932,0.000000000,0.000000000,0.252833012
8.854165250,0.000000000,0.000000000,0.207667766,0.000000000,-0.000000000,9.800000000,0.967290798,0.000000000,0.000000000,0.253670087
8.858331916,0.000000000,0.000000000,0.192002895,-0.000000000,0.000000000,9.800000000,0.967189251,0.000000000,0.000000000,0.254056989
8.862498582,0.000000000,0.000000000,0.192002895,-0.000000000,-0.000000000,9.800000000,0.967087549,0.000000000,0.000000000,0.254443850
8.866665248,0.000000000,0.000000000,0.192002895,-0.000000000,0.000000000,9.800000000,0.966985692,0.000000000,0.000000000,0.254830670
8.870831914,0.000000000,0.000000000,0.176264003,0.000000000,0.000000000,9.800000000,0.966892049,0.000000000,0.000000000,0.255185746
8.879165246,0.000000000,0.000000000,0.176264003,-0.000000000,-0.000000000,9.800000000,0.966704372,0.000000000,0.000000000,0.255895795
8.883331912,0.000000000,0.000000000,0.160457158,-0.000000000,0.000000000,9.800000000,0.966618775,0.000000000,0.000000000,0.256218936
8.887498578,0.000000000,0.000000000,0.160457158,-0.000000000,0.000000000,9.800000000,0.966533071,0.000000000,0.000000000,0.256542049
8.891665244,0.000000000,0.000000000,0.160457158,-0.000000000,-0.000000000,9.800000000,0.966447259,0.000000000,0.000000000,0.256865133
8.895831910,0.000000000,0.000000000,0.144588453,-0.000000000,-0.000000000,9.800000000,0.966369840,0.000000000,0.000000000,0.257156240
8.904165242,0.000000000,0.000000000,0.144588453,-0.000000000,0.000000000,9.800000000,0.966214741,0.000000000,0.000000000,0.257738385
8.908331908,0.000000000,0.000000000,0.128664007,0.000000000,0.000000000,9.800000000,0.966145619,0.000000000,0.000000000,0.257997369
8.912498574,0.000000000,0.000000000,0.128664007,0.000000000,0.000000000,9.800000000,0.966076428,0.000000000,0.000000000,0.258256335
8.916665240,0.000000000,0.000000000,0.128664007,0.000000000,0.000000000,9.800000000,0.966007168,0.000000000,0.000000000,0.258515283
8.920831906,0.000000000,0.000000000,0.112689959,-0.000000000,0.000000000,9.800000000,0.965946450,0.000000000,0.000000000,0.258742066
8.929165238,0.000000000,0.000000000,0.112689959,-0.000000000,-0.000000000,9.800000000,0.965824853,0.000000000,0.000000000,0.259195589
8.933331904,0.000000000,0.000000000,0.096672467,0.000000000,0.000000000,9.800000000,0.965772631,0.000000000,0.000000000,0.259390102
8.937498570,0.000000000,0.000000000,0.096672467,0.000000000,0.000000000,9.800000000,0.965720370,0.000000000,0.000000000,0.259584604
8.941665236,0.000000000,0.000000000,0.096672467,0.000000000,-0.000000000,9.800000000,0.965668070,0.000000000,0.000000000,0.259779096
8.945831902,0.000000000,0.000000000,0.080617705,-0.000000000,-0.000000000,9.800000000,0.965624425,0.000000000,0.000000000,0.259941280
8.954165234,0.000000000,0.000000000,0.080617705,0.000000000,0.000000000,9.800000000,0.965537055,0.000000000,0.000000000,0.260265625
8.958331900,0.000000000,0.000000000,0.064531864,0.000000000,0.000000000,9.800000000,0.965502056,0.000000000,0.000000000,0.260395431
8.962498566,0.000000000,0.000000000,0.064531864,0.000000000,0.000000000,9.800000000,0.965467039,0.000000000,0.000000000,0.260525232
8.966665232,0.000000000,0.000000000,0.064531864,0.000000000,0.000000000,9.800000000,0.965432005,0.000000000,0.000000000,0.260655028
8.970831898,0.000000000,0.000000000,0.048421145,0.000000000,0.000000000,9.800000000,0.965405706,0.000000000,0.000000000,0.260752417
8.979165230,0.000000000,0.000000000,0.048421145,0.000000000,0.000000000,9.800000000,0.965353078,0.000000000,0.000000000,0.260947187
8.983331896,0.000000000,0.000000000,0.032291758,0.000000000,0.000000000,9.800000000,0.965335521,0.000000000,0.000000000,0.261012130
8.987498562,0.000000000,0.000000000,0.032291758,0.000000000,0.000000000,9.800000000,0.965317959,0.000000000,0.000000000,0.261077072
8.991665228,0.000000000,0.000000000,0.032291758,0.000000000,0.000000000,9.800000000,0.965300393,0.000000000,0.000000000,0.261142013
8.995831894,0.000000000,0.000000000,0.016149922,0.000000000,0.000000000,9.800000000,0.965291606,0.000000000,0.000000000,0.261174491
9.004165226,0.000000000,0.000000000,0.016149922,0.000000000,0.000000000,9.800000000,0.965274029,0.000000000,0.000000000,0.261239446
9.008331892,0.000000000,0.000000000,0.000001860,-0.000000000,0.000000000,9.800000000,0.965274028,0.000000000,0.000000000,0.261239450
9.012498558,0.000000000,0.000000000,0.000001860,0.000000000,0.000000000,9.800000000,0.965274027,0.000000000,0.000000000,0.261239453
9.016665224,0.000000000,0.000000000,0.000001860,0.000000000,0.000000000,9.800000000,0.965274026,0.000000000,0.000000000,0.261239457
9.020831890,0.000000000,0.000000000,-0.016146202,0.000000000,-0.000000000,9.800000000,0.965282813,0.000000000,0.000000000,0.261206987
9.029165222,0.000000000,0.000000000,-0.016146202,0.000000000,-0.000000000,9.800000000,0.965300384,0.000000000,0.000000000,0.261142046
9.033331888,0.000000000,0.000000000,-0.032288040,0.000000000,0.000000000,9.800000000,0.965317948,0.000000000,0.000000000,0.261077113
9.037498554,0.000000000,0.000000000,-0.032288040,0.000000000,0.000000000,9.800000000,0.965335508,0.000000000,0.000000000,0.261012179
9.041665220,0.000000000,0.000000000,-0.032288040,0.000000000,0.000000000,9.800000000,0.965353063,0.000000000,0.000000000,0.260947243
9.045831886,0.000000000,0.000000000,-0.048417430,0.000000000,0.000000000,9.800000000,0.965379380,0.000000000,0.000000000,0.260849867
9.054165218,0.000000000,0.000000000,-0.048417430,-0.000000000,0.000000000,9.800000000,0.965431984,0.000000000,0.000000000,0.260655107
9.058331884,0.000000000,0.000000000,-0.064528155,0.000000000,0.000000000,9.800000000,0.965467016,0.000000000,0.000000000,0.260525318
9.062498550,0.000000000,0.000000000,-0.064528155,0.000000000,0.000000000,9.800000000,0.965502031,0.000000000,0.000000000,0.260395524
9.066665216,0.000000000,0.000000000,-0.064528155,0.000000000,0.000000000,9.800000000,0.965537028,0.000000000,0.000000000,0.260265726
9.070831882,0.000000000,0.000000000,-0.080614002,0.000000000,0.000000000,9.800000000,0.965580725,0.000000000,0.000000000,0.260103564
9.079165214,0.000000000,0.000000000,-0.080614002,0.000000000,-0.000000000,9.800000000,0.965668037,0.000000000,0.000000000,0.259779219
9.083331880,0.000000000,0.000000000,-0.096668772,0.000000000,0.000000000,9.800000000,0.965720335,0.000000000,0.000000000,0.259584735
9.087498546,0.000000000,0.000000000,-0.096668772,0.000000000,0.000000000,9.800000000,0.965772594,0.000000000,0.000000000,0.259390240
9.091665212,0.000000000,0.000000000,-0.096668772,0.000000000,0.000000000,9.800000000,0.965824814,0.000000000,0.000000000,0.259195735
9.095831878,0.000000000,0.000000000,-0.112686273,0.000000000,0.000000000,9.800000000,0.965885637,0.000000000,0.000000000,0.258968988
9.104165210,0.000000000,0.000000000,-0.112686273,0.000000000,0.000000000,9.800000000,0.966007123,0.000000000,0.000000000,0.258515451
9.108331876,0.000000000,0.000000000,-0.128660332,-0.000000000,0.000000000,9.800000000,0.966076381,0.000000000,0.000000000,0.258256511
9.112498542,0.000000000,0.000000000,-0.128660332,0.000000000,0.000000000,9.800000000,0.966145570,0.000000000,0.000000000,0.257997552
9.116665208,0.000000000,0.000000000,-0.128660332,0.000000000,0.000000000,9.800000000,0.966214690,0.000000000,0.000000000,0.257738575
9.120831874,0.000000000,0.000000000,-0.144584791,0.000000000,0.000000000,9.800000000,0.966292282,0.000000000,0.000000000,0.257447522
9.129165206,0.000000000,0.000000000,-0.144584791,0.000000000,-0.000000000,9.800000000,0.966447202,0.000000000,0.000000000,0.256865345
9.133331872,0.000000000,0.000000000,-0.160453508,-0.000000000,-0.000000000,9.800000000,0.966533013,0.000000000,0.000000000,0.256542269
9.137498538,0.000000000,0.000000000,-0.160453508,-0.000000000,0.000000000,9.800000000,0.966618715,0.000000000,0.000000000,0.256219163
9.141665204,0.000000000,0.000000000,-0.160453508,0.000000000,0.000000000,9.800000000,0.966704310,0.000000000,0.000000000,0.255896030
9.145831870,0.000000000,0.000000000,-0.176260368,-0.000000000,-0.000000000,9.800000000,0.966798212,0.000000000,0.000000000,0.255541030
9.154165202,0.000000000,0.000000000,-0.176260368,-0.000000000,0.000000000,9.800000000,0.966985625,0.000000000,0.000000000,0.254830927
9.158331868,0.000000000,0.000000000,-0.191999277,0.000000000,0.000000000,9.800000000,0.967087480,0.000000000,0.000000000,0.254444114
9.162498534,0.000000000,0.000000000,-0.191999277,-0.000000000,0.000000000,9.800000000,0.967189179,0.000000000,0.000000000,0.254057260
9.166665200,0.000000000,0.000000000,-0.191999277,0.000000000,0.000000000,9.800000000,0.967290725,0.000000000,0.000000000,0.253670365
9.170831866,0.000000000,0.000000000,-0.207664166,0.000000000,0.000000000,9.800000000,0.967400380,0.000000000,0.000000000,0.253251859
9.179165198,0.000000000,0.000000000,-0.207664166,0.000000000,0.000000000,9.800000000,0.967619149,0.000000000,0.000000000,0.252414704
9.183331864,0.000000000,0.000000000,-0.223248996,0.000000000,0.000000000,9.800000000,0.967736443,0.000000000,0.000000000,0.251964635
9.187498530,0.000000000,0.000000000,-0.223248996,0.000000000,0.000000000,9.800000000,0.967853527,0.000000000,0.000000000,0.251514512
9.191665196,0.000000000,0.000000000,-0.223248996,0.000000000,0.000000000,9.800000000,0.967970403,0.000000000,0.000000000,0.251064334
9.195831862,0.000000000,0.000000000,-0.238747760,0.000000000,-0.000000000,9.800000000,0.968095160,0.000000000,0.000000000,0.250582843
9.204165194,0.000000000,0.000000000,-0.238747760,0.000000000,-0.000000000,9.800000000,0.968343956,0.000000000,0.000000000,0.249619675
9.208331860,0.000000000,0.000000000,-0.254154482,0.000000000,-0.000000000,9.800000000,0.968475991,0.000000000,0.000000000,0.249106913
9.212498526,0.000000000,0.000000000,-0.254154482,0.000000000,-0.000000000,9.800000000,0.968607755,0.000000000,0.000000000,0.248594082
9.216665192,0.000000000,0.000000000,-0.254154482,0.000000000,-0.000000000,9.800000000,0.968739247,0.000000000,0.000000000,0.248081180
9.220831858,0.000000000,0.000000000,-0.269463223,0.000000000,0.000000000,9.800000000,0.968878362,0.000000000,0.000000000,0.247537309
9.229165190,0.000000000,0.000000000,-0.269463223,0.000000000,0.000000000,9.800000000,0.969155677,0.000000000,0.000000000,0.246449332
9.233331856,0.000000000,0.000000000,-0.284668080,-0.000000000,-0.000000000,9.800000000,0.969301666,0.000000000,0.000000000,0.245874523
9.237498522,0.000000000,0.000000000,-0.284668080,-0.000000000,-0.000000000,9.800000000,0.969447313,0.000000000,0.000000000,0.245299627
9.241665188,0.000000000,0.000000000,-0.284668080,-0.000000000,0.000000000,9.800000000,0.969592620,0.000000000,0.000000000,0.244724645
9.245831854,0.000000000,0.000000000,-0.299763193,-0.000000000,0.000000000,9.800000000,0.969745263,0.000000000,0.000000000,0.244119080
9.254165186,0.000000000,0.000000000,-0.299763193,-0.000000000,0.000000000,9.800000000,0.970049414,0.000000000,0.000000000,0.242907666
9.258331852,0.000000000,0.000000000,-0.314742741,-0.000000000,0.000000000,9.800000000,0.970208484,0.000000000,0.000000000,0.242271539
9.262498518,0.000000000,0.000000000,-0.314742741,-0.000000000,0.000000000,9.800000000,0.970367136,0.000000000,0.000000000,0.241635307
9.266665184,0.000000000,0.000000000,-0.314742741,-0.000000000,0.000000000,9.800000000,0.970525371,0.000000000,0.000000000,0.240998972
9.270831850,0.000000000,0.000000000,-0.329600950,0.000000000,0.000000000,9.800000000,0.970690628,0.000000000,0.000000000,0.240332486
9.279165182,0.000000000,0.000000000,-0.329600950,-0.000000000,0.000000000,9.800000000,0.971019770,0.000000000,0.000000000,0.238999175
9.283331848,0.000000000,0.000000000,-0.344332091,0.000000000,0.000000000,9.800000000,0.971190969,0.000000000,0.000000000,0.238302544
9.287498514,0.000000000,0.000000000,-0.344332091,0.000000000,0.000000000,9.800000000,0.971361667,0.000000000,0.000000000,0.237605791
9.291665180,0.000000000,0.000000000,-0.344332091,0.000000000,0.000000000,9.800000000,0.971531866,0.000000000,0.000000000,0.236908915
9.295831846,0.000000000,0.000000000,-0.358930486,0.000000000,0.000000000,9.800000000,0.971708748,0.000000000,0.000000000,0.236182365
9.304165178,0.000000000,0.000000000,-0.358930486,0.000000000,-0.000000000,9.800000000,0.972060882,0.000000000,0.000000000,0.234728869
9.308331844,0.000000000,0.000000000,-0.373390507,-0.000000000,-0.000000000,9.800000000,0.972243183,0.000000000,0.000000000,0.233972635
9.312498510,0.000000000,0.000000000,-0.373390507,0.000000000,0.000000000,9.800000000,0.972424895,0.000000000,0.000000000,0.233216259
9.316665176,0.000000000,0.000000000,-0.373390507,0.000000000,0.000000000,9.800000000,0.972606019,0.000000000,0.000000000,0.232459743
9.320831842,0.000000000,0.000000000,-0.387706578,0.000000000,0.000000000,9.800000000,0.972793464,0.000000000,0.000000000,0.231674072
9.329165174,0.000000000,0.000000000,-0.387706578,0.000000000,0.000000000,9.800000000,0.973166451,0.000000000,0.000000000,0.230102277
9.333331840,0.000000000,0.000000000,-0.401873181,-0.000000000,-0.000000000,9.800000000,0.973358760,0.000000000,0.000000000,0.229287427
9.337498506,0.000000000,0.000000000,-0.401873181,0.000000000,-0.000000000,9.800000000,0.973550387,0.000000000,0.000000000,0.228472416
9.341665172,0.000000000,0.000000000,-0.401873181,-0.000000000,-0.000000000,9.800000000,0.973741331,0.000000000,0.000000000,0.227657245
9.345831838,0.000000000,0.000000000,-0.415884855,0.000000000,0.000000000,9.800000000,0.973938213,0.000000000,0.000000000,0.226813484
9.354165170,0.000000000,0.000000000,-0.415884855,0.000000000,0.000000000,9.800000000,0.974329785,0.000000000,0.000000000,0.225125452
9.358331836,0.000000000,0.000000000,-0.429736197,0.000000000,-0.000000000,9.800000000,0.974530946,0.000000000,0.000000000,0.224253061
9.362498502,0.000000000,0.000000000,-0.429736197,0.000000000,0.000000000,9.800000000,0.974731326,0.000000000,0.000000000,0.223380489
9.366665168,0.000000000,0.000000000,-0.429736197,0.000000000,-0.000000000,9.800000000,0.974930924,0.000000000,0.000000000,0.222507739
9.370831834,0.000000000,0.000000000,-0.443421867,-0.000000000,0.000000000,9.800000000,0.975136059,0.000000000,0.000000000,0.221607007
9.379165166,0.000000000,0.000000000,-0.443421867,-0.000000000,0.000000000,9.800000000,0.975543834,0.000000000,0.000000000,0.219804978
9.383331832,0.000000000,0.000000000,-0.456936590,0.000000000,0.000000000,9.800000000,0.975752635,0.000000000,0.000000000,0.218876208
9.387498498,0.000000000,0.000000000,-0.456936590,0.000000000,-0.000000000,9.800000000,0.975960553,0.000000000,0.000000000,0.217947240
9.391665164,0.000000000,0.000000000,-0.456936590,0.000000000,-0.000000000,9.800000000,0.976167586,0.000000000,0.000000000,0.217018075
9.395831830,0.000000000,0.000000000,-0.470275155,0.000000000,0.000000000,9.800000000,0.976379738,0.000000000,0.000000000,0.216061581
9.404165162,0.000000000,0.000000000,-0.470275155,0.000000000,0.000000000,9.800000000,0.976801232,0.000000000,0.000000000,0.214147971
9.408331828,0.000000000,0.000000000,-0.483432421,0.000000000,-0.000000000,9.800000000,0.977016416,0.000000000,0.000000000,0.213164077
9.412498494,0.000000000,0.000000000,-0.483432421,0.000000000,-0.000000000,9.800000000,0.977230608,0.000000000,0.000000000,0.212179966
9.416665160,0.000000000,0.000000000,-0.483432421,-0.000000000,-0.000000000,9.800000000,0.977443810,0.000000000,0.000000000,0.211195640
9.420831826,0.000000000,0.000000000,-0.496403314,-0.000000000,-0.000000000,9.800000000,0.977661700,0.000000000,0.000000000,0.210184681
9.429165158,0.000000000,0.000000000,-0.496403314,-0.000000000,-0.000000000,9.800000000,0.978094343,0.000000000,0.000000000,0.208162089
9.433331824,0.000000000,0.000000000,-0.509182834,-0.000000000,0.000000000,9.800000000,0.978314611,0.000000000,0.000000000,0.207124412
9.437498490,0.000000000,0.000000000,-0.509182834,-0.000000000,0.000000000,9.800000000,0.978533777,0.000000000,0.000000000,0.206086503
9.441665156,0.000000000,0.000000000,-0.509182834,-0.000000000,0.000000000,9.800000000,0.978751843,0.000000000,0.000000000,0.205048361
9.445831822,0.000000000,0.000000000,-0.521766054,0.000000000,0.000000000,9.800000000,0.978974155,0.000000000,0.000000000,0.203984324
9.454165154,0.000000000,0.000000000,-0.521766054,0.000000000,0.000000000,9.800000000,0.979415308,0.000000000,0.000000000,0.201855530
9.458331820,0.000000000,0.000000000,-0.534148124,0.000000000,0.000000000,9.800000000,0.979639328,0.000000000,0.000000000,0.200765503
9.462498486,0.000000000,0.000000000,-0.534148124,0.000000000,0.000000000,9.800000000,0.979862135,0.000000000,0.000000000,0.199675228
9.466665152,0.000000000,0.000000000,-0.534148124,-0.000000000,-0.000000000,9.800000000,0.980083728,0.000000000,0.000000000,0.198584706
9.470831818,0.000000000,0.000000000,-0.546324270,0.000000000,0.000000000,9.800000000,0.980309118,0.000000000,0.000000000,0.197469071
9.479165150,0.000000000,0.000000000,-0.546324270,0.000000000,0.000000000,9.800000000,0.980756086,0.000000000,0.000000000,0.195237034
9.483331816,0.000000000,0.000000000,-0.558289797,-0.000000000,0.000000000,9.800000000,0.980982504,0.000000000,0.000000000,0.194096181
9.487498482,0.000000000,0.000000000,-0.558289797,-0.000000000,0.000000000,9.800000000,0.981207594,0.000000000,0.000000000,0.192955066
9.491665148,0.000000000,0.000000000,-0.558289797,0.000000000,0.000000000,9.800000000,0.981431357,0.000000000,0.000000000,0.191813689
9.495831814,0.000000000,0.000000000,-0.570040093,0.000000000,0.000000000,9.800000000,0.981658460,0.000000000,0.000000000,0.190648023
9.504165146,0.000000000,0.000000000,-0.570040093,0.000000000,0.000000000,9.800000000,0.982108511,0.000000000,0.000000000,0.188315885
9.508331812,0.000000000,0.000000000,-0.581570628,-0.000000000,0.000000000,9.800000000,0.982335955,0.000000000,0.000000000,0.187125819
9.512498478,0.000000000,0.000000000,-0.581570628,-0.000000000,0.000000000,9.800000000,0.982561956,0.000000000,0.000000000,0.185935478
9.516665144,0.000000000,0.000000000,-0.581570628,0.000000000,0.000000000,9.800000000,0.982786515,0.000000000,0.000000000,0.184744865
9.520831810,0.000000000,0.000000000,-0.592876956,0.000000000,-0.000000000,9.800000000,0.983013955,0.000000000,0.000000000,0.183530826
9.529165142,0.000000000,0.000000000,-0.592876956,0.000000000,-0.000000000,9.800000000,0.983464335,0.000000000,0.000000000,0.181101909
9.533331808,0.000000000,0.000000000,-0.603954719,0.000000000,0.000000000,9.800000000,0.983691426,0.000000000,0.000000000,0.179864333
9.537498474,0.000000000,0.000000000,-0.603954719,0.000000000,-0.000000000,9.800000000,0.983916960,0.000000000,0.000000000,0.178626472
9.541665140,0.000000000,0.000000000,-0.603954719,0.000000000,0.000000000,9.800000000,0.984140935,0.000000000,0.000000000,0.177388329
9.545831806,0.000000000,0.000000000,-0.614799646,0.000000000,0.000000000,9.800000000,0.984367333,0.000000000,0.000000000,0.176127664
9.554165138,0.000000000,0.000000000,-0.614799646,0.000000000,0.000000000,9.800000000,0.984815283,0.000000000,0.000000000,0.173605470
9.558331804,0.000000000,0.000000000,-0.625407557,0.000000000,0.000000000,9.800000000,0.985040643,0.000000000,0.000000000,0.172322175
9.562498470,0.000000000,0.000000000,-0.625407557,0.000000000,0.000000000,9.800000000,0.985264331,0.000000000,0.000000000,0.171038588
9.566665136,0.000000000,0.000000000,-0.625407557,0.000000000,0.000000000,9.800000000,0.985486346,0.000000000,0.000000000,0.169754710
9.570831802,0.000000000,0.000000000,-0.635774360,0.000000000,0.000000000,9.800000000,0.985710327,0.000000000,0.000000000,0.168449256
9.579165134,0.000000000,0.000000000,-0.635774360,0.000000000,-0.000000000,9.800000000,0.986153100,0.000000000,0.000000000,0.165837463
9.583331800,0.000000000,0.000000000,-0.645896061,-0.000000000,-0.000000000,9.800000000,0.986375360,0.000000000,0.000000000,0.164510329
9.587498466,0.000000000,0.000000000,-0.645896061,-0.000000000,-0.000000000,9.800000000,0.986595835,0.000000000,0.000000000,0.163182898
9.591665132,0.000000000,0.000000000,-0.645896061,-0.000000000,-0.000000000,9.800000000,0.986814523,0.000000000,0.000000000,0.161855170
9.595831798,0.000000000,0.000000000,-0.655768757,-0.000000000,0.000000000,9.800000000,0.987034727,0.000000000,0.000000000,0.160506849
9.604165130,0.000000000,0.000000000,-0.655768757,-0.000000000,-0.000000000,9.800000000,0.987469605,0.000000000,0.000000000,0.157809310
9.608331796,0.000000000,0.000000000,-0.665388641,0.000000000,-0.000000000,9.800000000,0.987687416,0.000000000,0.000000000,0.156440302
9.612498462,0.000000000,0.000000000,-0.665388641,-0.000000000,-0.000000000,9.800000000,0.987903329,0.000000000,0.000000000,0.155070994
9.616665128,0.000000000,0.000000000,-0.665388641,0.000000000,-0.000000000,9.800000000,0.988117343,0.000000000,0.000000000,0.153701388
9.620831794,0.000000000,0.000000000,-0.674752005,-0.000000000,0.000000000,9.800000000,0.988332430,0.000000000,0.000000000,0.152312208
9.629165126,0.000000000,0.000000000,-0.674752005,0.000000000,0.000000000,9.800000000,0.988756744,0.000000000,0.000000000,0.149532946
9.633331792,0.000000000,0.000000000,-0.683855240,0.000000000,0.000000000,9.800000000,0.988968779,0.000000000,0.000000000,0.148124115
9.637498458,0.000000000,0.000000000,-0.683855240,-0.000000000,0.000000000,9.800000000,0.989178808,0.000000000,0.000000000,0.146714983
9.641665124,0.000000000,0.000000000,-0.683855240,0.000000000,0.000000000,9.800000000,0.989386828,0.000000000,0.000000000,0.145305553
9.645831790,0.000000000,0.000000000,-0.692694836,0.000000000,0.000000000,9.800000000,0.989595491,0.000000000,0.000000000,0.143877605
9.654165122,0.000000000,0.000000000,-0.692694836,0.000000000,-0.000000000,9.800000000,0.990006632,0.000000000,0.000000000,0.141020811
9.658331788,0.000000000,0.000000000,-0.701267384,0.000000000,-0.000000000,9.800000000,0.990211603,0.000000000,0.000000000,0.139574288
9.662498454,0.000000000,0.000000000,-0.701267384,0.000000000,-0.000000000,9.800000000,0.990414460,0.000000000,0.000000000,0.138127466
9.666665120,0.000000000,0.000000000,-0.701267384,0.000000000,-0.000000000,9.800000000,0.990615204,0.000000000,0.000000000,0.136680350
9.670831786,0.000000000,0.000000000,-0.709569581,0.000000000,0.000000000,9.800000000,0.990816172,0.000000000,0.000000000,0.135215805
9.679165118,0.000000000,0.000000000,-0.709569581,0.000000000,0.000000000,9.800000000,0.991211612,0.000000000,0.000000000,0.132285831
9.683331784,0.000000000,0.000000000,-0.717598225,-0.000000000,-0.000000000,9.800000000,0.991408271,0.000000000,0.000000000,0.130803826
9.687498450,0.000000000,0.000000000,-0.717598225,-0.000000000,-0.000000000,9.800000000,0.991602714,0.000000000,0.000000000,0.129321529
9.691665116,0.000000000,0.000000000,-0.717598225,-0.000000000,-0.000000000,9.800000000,0.991794941,0.000000000,0.000000000,0.127838943
9.695831782,0.000000000,0.000000000,-0.725350222,0.000000000,-0.000000000,9.800000000,0.991986992,0.000000000,0.000000000,0.126340051
9.704165114,0.000000000,0.000000000,-0.725350222,0.000000000,-0.000000000,9.800000000,0.992364297,0.000000000,0.000000000,0.123341404
9.708331780,0.000000000,0.000000000,-0.732822582,-0.000000000,-0.000000000,9.800000000,0.992551447,0.000000000,0.000000000,0.121826205
9.712498446,0.000000000,0.000000000,-0.732822582,-0.000000000,-0.000000000,9.800000000,0.992736284,0.000000000,0.000000000,0.120310722
9.716665112,0.000000000,0.000000000,-0.732822582,0.000000000,-0.000000000,9.800000000,0.992918807,0.000000000,0.000000000,0.118794958
9.720831778,0.000000000,0.000000000,-0.740012426,0.000000000,-0.000000000,9.800000000,0.993100773,0.000000000,0.000000000,0.117264042
9.729165110,0.000000000,0.000000000,-0.740012426,0.000000000,-0.000000000,9.800000000,0.993457621,0.000000000,0.000000000,0.114201378
9.733331776,0.000000000,0.000000000,-0.746916980,-0.000000000,-0.000000000,9.800000000,0.993634125,0.000000000,0.000000000,0.112655344
9.737498442,0.000000000,0.000000000,-0.746916980,0.000000000,0.000000000,9.800000000,0.993808222,0.000000000,0.000000000,0.111109037
9.741665108,0.000000000,0.000000000,-0.746916980,-0.000000000,0.000000000,9.800000000,0.993979913,0.000000000,0.000000000,0.109562462
9.745831774,0.000000000,0.000000000,-0.753533585,0.000000000,0.000000000,9.800000000,0.994150686,0.000000000,0.000000000,0.108001917
9.754165106,0.000000000,0.000000000,-0.753533585,0.000000000,0.000000000,9.800000000,0.994484881,0.000000000,0.000000000,0.104880032
9.758331772,0.000000000,0.000000000,-0.759859687,-0.000000000,0.000000000,9.800000000,0.994649664,0.000000000,0.000000000,0.103305591
9.762498438,0.000000000,0.000000000,-0.759859687,-0.000000000,-0.000000000,9.800000000,0.994811955,0.000000000,0.000000000,0.101730891
9.766665104,0.000000000,0.000000000,-0.759859687,-0.000000000,-0.000000000,9.800000000,0.994971753,0.000000000,0.000000000,0.100155936
9.770831770,0.000000000,0.000000000,-0.765892849,0.000000000,0.000000000,9.800000000,0.995130296,0.000000000,0.000000000,0.098568223
9.779165102,0.000000000,0.000000000,-0.765892849,0.000000000,0.000000000,9.800000000,0.995439781,0.000000000,0.000000000,0.095392047
9.783331768,0.000000000,0.000000000,-0.771630745,0.000000000,-0.000000000,9.800000000,0.995591843,0.000000000,0.000000000,0.093791692
9.787498434,0.000000000,0.000000000,-0.771630745,-0.000000000,-0.000000000,9.800000000,0.995741333,0.000000000,0.000000000,0.092191094
9.791665100,0.000000000,0.000000000,-0.771630745,-0.000000000,-0.000000000,9.800000000,0.995888249,0.000000000,0.000000000,0.090590257
9.795831766,0.000000000,0.000000000,-0.777071163,0.000000000,0.000000000,9.800000000,0.996033601,0.000000000,0.000000000,0.088977898
9.804165098,0.000000000,0.000000000,-0.777071163,0.000000000,0.000000000,9.800000000,0.996316472,0.000000000,0.000000000,0.085752484
9.808331764,0.000000000,0.000000000,-0.782212006,-0.000000000,-0.000000000,9.800000000,0.996454892,0.000000000,0.000000000,0.084128765
9.812498430,0.000000000,0.000000000,-0.782212006,0.000000000,-0.000000000,9.800000000,0.996590665,0.000000000,0.000000000,0.082504823
9.816665096,0.000000000,0.000000000,-0.782212006,-0.000000000,-0.000000000,9.800000000,0.996723792,0.000000000,0.000000000,0.080880662
9.820831762,0.000000000,0.000000000,-0.787051290,0.000000000,0.000000000,9.800000000,0.996855072,0.000000000,0.000000000,0.079246236
9.829165094,0.000000000,0.000000000,-0.787051290,0.000000000,0.000000000,9.800000000,0.997109590,0.000000000,0.000000000,0.075976749
9.833331760,0.000000000,0.000000000,-0.791587152,0.000000000,0.000000000,9.800000000,0.997233530,0.000000000,0.000000000,0.074332274
9.837498426,0.000000000,0.000000000,-0.791587152,0.000000000,0.000000000,9.800000000,0.997354758,0.000000000,0.000000000,0.072687596
9.841665092,0.000000000,0.000000000,-0.791587152,0.000000000,0.000000000,9.800000000,0.997473274,0.000000000,0.000000000,0.071042721
9.845831758,0.000000000,0.000000000,-0.795817842,0.000000000,-0.000000000,9.800000000,0.997589688,0.000000000,0.000000000,0.069388860
9.854165090,0.000000000,0.000000000,-0.795817842,0.000000000,-0.000000000,9.800000000,0.997814291,0.000000000,0.000000000,0.066080569
9.858331756,0.000000000,0.000000000,-0.799741729,0.000000000,0.000000000,9.800000000,0.997923004,0.000000000,0.000000000,0.064417992
9.862498422,0.000000000,0.000000000,-0.799741729,0.000000000,0.000000000,9.800000000,0.998028948,0.000000000,0.000000000,0.062755235
9.866665088,0.000000000,0.000000000,-0.799741729,0.000000000,0.000000000,9.800000000,0.998132121,0.000000000,0.000000000,0.061092305
9.870831754,0.000000000,0.000000000,-0.803357300,-0.000000000,-0.000000000,9.800000000,0.998232970,0.000000000,0.000000000,0.059421685
9.879165086,0.000000000,0.000000000,-0.803357300,-0.000000000,-0.000000000,9.800000000,0.998426281,0.000000000,0.000000000,0.056079952
9.883331752,0.000000000,0.000000000,-0.806663162,-0.000000000,0.000000000,9.800000000,0.998519116,0.000000000,0.000000000,0.054401970
9.887498418,0.000000000,0.000000000,-0.806663162,-0.000000000,0.000000000,9.800000000,0.998609131,0.000000000,0.000000000,0.052723835
9.891665084,0.000000000,0.000000000,-0.806663162,-0.000000000,0.000000000,9.800000000,0.998696326,0.000000000,0.000000000,0.051045551
9.895831750,0.000000000,0.000000000,-0.809658040,0.000000000,0.000000000,9.800000000,0.998781008,0.000000000,0.000000000,0.049360891
9.904165082,0.000000000,0.000000000,-0.809658040,0.000000000,0.000000000,9.800000000,0.998941847,0.000000000,0.000000000,0.045991154
9.908331748,0.000000000,0.000000000,-0.812340779,0.000000000,0.000000000,9.800000000,0.999018251,0.000000000,0.000000000,0.044300503
9.912498414,0.000000000,0.000000000,-0.812340779,0.000000000,0.000000000,9.800000000,0.999091793,0.000000000,0.000000000,0.042609726
9.916665080,0.000000000,0.000000000,-0.812340779,-0.000000000,0.000000000,9.800000000,0.999162474,0.000000000,0.000000000,0.040918826
9.920831746,0.000000000,0.000000000,-0.814710346,0.000000000,0.000000000,9.800000000,0.999230487,0.000000000,0.000000000,0.039222877
9.929165078,0.000000000,0.000000000,-0.814710346,0.000000000,0.000000000,9.800000000,0.999357876,0.000000000,0.000000000,0.035830644
9.933331744,0.000000000,0.000000000,-0.816765827,0.000000000,0.000000000,9.800000000,0.999417399,0.000000000,0.000000000,0.034130090
9.937498410,0.000000000,0.000000000,-0.816765827,0.000000000,0.000000000,9.800000000,0.999474027,0.000000000,0.000000000,0.032429437
9.941665076,0.000000000,0.000000000,-0.816765827,0.000000000,0.000000000,9.800000000,0.999527762,0.000000000,0.000000000,0.030728691
9.945831742,0.000000000,0.000000000,-0.818506429,0.000000000,-0.000000000,9.800000000,0.999578708,0.000000000,0.000000000,0.029024231
9.954165074,0.000000000,0.000000000,-0.818506429,0.000000000,-0.000000000,9.800000000,0.999671880,0.000000000,0.000000000,0.025615063
9.958331740,0.000000000,0.000000000,-0.819931481,0.000000000,0.000000000,9.800000000,0.999714177,0.000000000,0.000000000,0.023907396
9.962498406,0.000000000,0.000000000,-0.819931481,0.000000000,0.000000000,9.800000000,0.999753557,0.000000000,0.000000000,0.022199660
9.966665072,0.000000000,0.000000000,-0.819931481,0.000000000,0.000000000,9.800000000,0.999790020,0.000000000,0.000000000,0.020491859
9.970831738,0.000000000,0.000000000,-0.821040434,-0.000000000,0.000000000,9.800000000,0.999823609,0.000000000,0.000000000,0.018781689
9.979165070,0.000000000,0.000000000,-0.821040434,-0.000000000,0.000000000,9.800000000,0.999882010,0.000000000,0.000000000,0.015361188
9.983331736,0.000000000,0.000000000,-0.821832860,0.000000000,0.000000000,9.800000000,0.999906845,0.000000000,0.000000000,0.013649217
9.987498402,0.000000000,0.000000000,-0.821832860,-0.000000000,0.000000000,9.800000000,0.999928749,0.000000000,0.000000000,0.011937205
9.991665068,0.000000000,0.000000000,-0.821832860,-0.000000000,0.000000000,9.800000000,0.999947722,0.000000000,0.000000000,0.010225159
9.995831734,0.000000000,0.000000000,-0.822308455,0.000000000,-0.000000000,9.800000000,0.999963771,0.000000000,0.000000000,0.008512092
10.004165066,0.000000000,0.000000000,-0.822308455,0.000000000,-0.000000000,9.800000000,0.999987067,0.000000000,0.000000000,0.005085888
10.008331732,0.000000000,0.000000000,-0.822467033,0.000000000,-0.000000000,9.800000000,0.999994313,0.000000000,0.000000000,0.003372431
10.012498398,0.000000000,0.000000000,-0.822467033,0.000000000,-0.000000000,9.800000000,0.999998624,0.000000000,0.000000000,0.001658964
10.016665064,0.000000000,0.000000000,-0.822467033,-0.000000000,-0.000000000,9.800000000,0.999999999,0.000000000,0.000000000,-0.000054508
10.020831730,0.000000000,0.000000000,-0.822308536,0.000000000,-0.000000000,9.800000000,0.999998438,0.000000000,0.000000000,-0.001767649
10.029165062,0.000000000,0.000000000,-0.822308536,0.000000000,-0.000000000,9.800000000,0.999986512,0.000000000,0.000000000,-0.005193912
10.033331728,0.000000000,0.000000000,-0.821833023,0.000000000,-0.000000000,9.800000000,0.999976153,0.000000000,0.000000000,-0.006906032
10.037498394,0.000000000,0.000000000,-0.821833023,0.000000000,-0.000000000,9.800000000,0.999962863,0.000000000,0.000000000,-0.008618132
10.041665060,0.000000000,0.000000000,-0.821833023,0.000000000,-0.000000000,9.800000000,0.999946642,0.000000000,0.000000000,-0.010330207
10.045831726,0.000000000,0.000000000,-0.821040677,-0.000000000,0.000000000,9.800000000,0.999927509,0.000000000,0.000000000,-0.012040601
10.054165058,0.000000000,0.000000000,-0.821040677,-0.000000000,0.000000000,9.800000000,0.999880467,0.000000000,0.000000000,-0.015461278
10.058331724,0.000000000,0.000000000,-0.819931805,0.000000000,0.000000000,9.800000000,0.999852598,0.000000000,0.000000000,-0.017169242
10.062498390,0.000000000,0.000000000,-0.819931805,0.000000000,0.000000000,9.800000000,0.999821811,0.000000000,0.000000000,-0.018877155
10.066665056,0.000000000,0.000000000,-0.819931805,0.000000000,0.000000000,9.800000000,0.999788106,0.000000000,0.000000000,-0.020585013
10.070831722,0.000000000,0.000000000,-0.818506834,-0.000000000,0.000000000,9.800000000,0.999751551,0.000000000,0.000000000,-0.022289843
10.079165054,0.000000000,0.000000000,-0.818506834,-0.000000000,-0.000000000,9.800000000,0.999669718,0.000000000,0.000000000,-0.025699304
10.083331720,0.000000000,0.000000000,-0.816766313,-0.000000000,-0.000000000,9.800000000,0.999624541,0.000000000,0.000000000,-0.027400301
10.087498386,0.000000000,0.000000000,-0.816766313,-0.000000000,-0.000000000,9.800000000,0.999576470,0.000000000,0.000000000,-0.029101217
10.091665052,0.000000000,0.000000000,-0.816766313,-0.000000000,-0.000000000,9.800000000,0.999525504,0.000000000,0.000000000,-0.030802050
10.095831718,0.000000000,0.000000000,-0.814710913,0.000000000,-0.000000000,9.800000000,0.999471784,0.000000000,0.000000000,-0.032498514
10.104165050,0.000000000,0.000000000,-0.814710913,0.000000000,-0.000000000,9.800000000,0.999355705,0.000000000,0.000000000,-0.035891155
10.108331716,0.000000000,0.000000000,-0.812341426,0.000000000,-0.000000000,9.800000000,0.999293532,0.000000000,0.000000000,-0.037582390
10.112498382,0.000000000,0.000000000,-0.812341426,-0.000000000,-0.000000000,9.800000000,0.999228498,0.000000000,0.000000000,-0.039273518
10.116665048,0.000000000,0.000000000,-0.812341426,0.000000000,-0.000000000,9.800000000,0.999160601,0.000000000,0.000000000,-0.040964533
10.120831714,0.000000000,0.000000000,-0.809658767,0.000000000,0.000000000,9.800000000,0.999090081,0.000000000,0.000000000,-0.042649846
10.129165046,0.000000000,0.000000000,-0.809658767,0.000000000,0.000000000,9.800000000,0.998940514,0.000000000,0.000000000,-0.046020105
10.133331712,0.000000000,0.000000000,-0.806663968,0.000000000,-0.000000000,9.800000000,0.998861764,0.000000000,0.000000000,-0.047698809
10.137498378,0.000000000,0.000000000,-0.806663968,0.000000000,0.000000000,9.800000000,0.998780193,0.000000000,0.000000000,-0.049377377
10.141665044,0.000000000,0.000000000,-0.806663968,-0.000000000,0.000000000,9.800000000,0.998695802,0.000000000,0.000000000,-0.051055806
10.145831710,0.000000000,0.000000000,-0.803358186,0.000000000,0.000000000,9.800000000,0.998608953,0.000000000,0.000000000,-0.052727214
10.154165042,0.000000000,0.000000000,-0.803358186,0.000000000,0.000000000,9.800000000,0.998426864,0.000000000,0.000000000,-0.056069581
10.158331708,0.000000000,0.000000000,-0.799742694,0.000000000,-0.000000000,9.800000000,0.998332059,0.000000000,0.000000000,-0.057733012
10.162498374,0.000000000,0.000000000,-0.799742694,0.000000000,-0.000000000,9.800000000,0.998234482,0.000000000,0.000000000,-0.059396282
10.166665040,0.000000000,0.000000000,-0.799742694,0.000000000,-0.000000000,9.800000000,0.998134135,0.000000000,0.000000000,-0.061059388
10.170831706,0.000000000,0.000000000,-0.795818885,0.000000000,0.000000000,9.800000000,0.998031529,0.000000000,0.000000000,-0.062714166
10.179165038,0.000000000,0.000000000,-0.795818885,0.000000000,0.000000000,9.800000000,0.997818088,0.000000000,0.000000000,-0.066023199
10.183331704,0.000000000,0.000000000,-0.791588274,0.000000000,0.000000000,9.800000000,0.997707850,0.000000000,0.000000000,-0.067668652
10.187498370,0.000000000,0.000000000,-0.791588274,0.000000000,0.000000000,9.800000000,0.997594898,0.000000000,0.000000000,-0.069313921
10.191665036,0.000000000,0.000000000,-0.791588274,0.000000000,-0.000000000,9.800000000,0.997479233,0.000000000,0.000000000,-0.070959002
10.195831702,0.000000000,0.000000000,-0.787052490,0.000000000,0.000000000,9.800000000,0.997361541,0.000000000,0.000000000,-0.072594465
10.204165034,0.000000000,0.000000000,-0.787052490,0.000000000,0.000000000,9.800000000,0.997118113,0.000000000,0.000000000,-0.075864801
10.208331700,0.000000000,0.000000000,-0.782213283,-0.000000000,0.000000000,9.800000000,0.996993159,0.000000000,0.000000000,-0.077489614
10.212498366,0.000000000,0.000000000,-0.782213283,0.000000000,0.000000000,9.800000000,0.996865558,0.000000000,0.000000000,-0.079114221
10.216665032,0.000000000,0.000000000,-0.782213283,0.000000000,0.000000000,9.800000000,0.996735309,0.000000000,0.000000000,-0.080738618
10.220831698,0.000000000,0.000000000,-0.777072518,0.000000000,-0.000000000,9.800000000,0.996603295,0.000000000,0.000000000,-0.082352127
10.229165030,0.000000000,0.000000000,-0.777072518,0.000000000,-0.000000000,9.800000000,0.996331432,0.000000000,0.000000000,-0.085578494
10.233331696,0.000000000,0.000000000,-0.771632176,0.000000000,0.000000000,9.800000000,0.996192571,0.000000000,0.000000000,-0.087180052
10.237498362,0.000000000,0.000000000,-0.771632176,0.000000000,0.000000000,9.800000000,0.996051136,0.000000000,0.000000000,-0.088781385
10.241665028,0.000000000,0.000000000,-0.771632176,0.000000000,0.000000000,9.800000000,0.995907127,0.000000000,0.000000000,-0.090382488
10.245831694,0.000000000,0.000000000,-0.765894356,0.000000000,0.000000000,9.800000000,0.995761644,0.000000000,0.000000000,-0.091971454
10.254165026,0.000000000,0.000000000,-0.765894356,-0.000000000,0.000000000,9.800000000,0.995463072,0.000000000,0.000000000,-0.095148681
10.258331692,0.000000000,0.000000000,-0.759861269,-0.000000000,0.000000000,9.800000000,0.995311201,0.000000000,0.000000000,-0.096724423
10.262498358,0.000000000,0.000000000,-0.759861269,-0.000000000,0.000000000,9.800000000,0.995156834,0.000000000,0.000000000,-0.098299923
10.266665024,0.000000000,0.000000000,-0.759861269,-0.000000000,0.000000000,9.800000000,0.994999974,0.000000000,0.000000000,-0.099875176
10.270831690,0.000000000,0.000000000,-0.753535241,0.000000000,0.000000000,9.800000000,0.994841958,0.000000000,0.000000000,-0.101437068
10.279165022,0.000000000,0.000000000,-0.753535241,0.000000000,0.000000000,9.800000000,0.994518570,0.000000000,0.000000000,-0.104560098
10.283331688,0.000000000,0.000000000,-0.746918711,0.000000000,0.000000000,9.800000000,0.994354662,0.000000000,0.000000000,-0.106107521
10.287498354,0.000000000,0.000000000,-0.746918711,0.000000000,0.000000000,9.800000000,0.994188346,0.000000000,0.000000000,-0.107654688
10.291665020,0.000000000,0.000000000,-0.746918711,0.000000000,0.000000000,9.800000000,0.994019623,0.000000000,0.000000000,-0.109201594
10.295831686,0.000000000,0.000000000,-0.740014230,0.000000000,0.000000000,9.800000000,0.993850087,0.000000000,0.000000000,-0.110733940
10.304165018,0.000000000,0.000000000,-0.740014230,0.000000000,-0.000000000,9.800000000,0.993503927,0.000000000,0.000000000,-0.113797838
10.308331684,0.000000000,0.000000000,-0.732824459,0.000000000,-0.000000000,9.800000000,0.993329032,0.000000000,0.000000000,-0.115314504
10.312498350,0.000000000,0.000000000,-0.732824459,0.000000000,-0.000000000,9.800000000,0.993151821,0.000000000,0.000000000,-0.116830902
10.316665016,0.000000000,0.000000000,-0.732824459,0.000000000,0.000000000,9.800000000,0.992972296,0.000000000,0.000000000,-0.118347028
10.320831682,0.000000000,0.000000000,-0.725352171,-0.000000000,0.000000000,9.800000000,0.992792322,0.000000000,0.000000000,-0.119847422
10.329165014,0.000000000,0.000000000,-0.725352171,-0.000000000,0.000000000,9.800000000,0.992425574,0.000000000,0.000000000,-0.122847387
10.333331680,0.000000000,0.000000000,-0.717600245,-0.000000000,-0.000000000,9.800000000,0.992240808,0.000000000,0.000000000,-0.124330925
10.337498346,0.000000000,0.000000000,-0.717600245,0.000000000,0.000000000,9.800000000,0.992053824,0.000000000,0.000000000,-0.125814186
10.341665012,0.000000000,0.000000000,-0.717600245,0.000000000,-0.000000000,9.800000000,0.991864624,0.000000000,0.000000000,-0.127297166
10.345831678,0.000000000,0.000000000,-0.709571672,0.000000000,0.000000000,9.800000000,0.991675360,0.000000000,0.000000000,-0.128763274
10.354165010,0.000000000,0.000000000,-0.709571672,0.000000000,0.000000000,9.800000000,0.991290331,0.000000000,0.000000000,-0.131694643
10.358331676,0.000000000,0.000000000,-0.701269544,0.000000000,-0.000000000,9.800000000,0.991096871,0.000000000,0.000000000,-0.133142755
10.362498342,0.000000000,0.000000000,-0.701269544,0.000000000,-0.000000000,9.800000000,0.990901294,0.000000000,0.000000000,-0.134590583
10.366665008,0.000000000,0.000000000,-0.701269544,0.000000000,-0.000000000,9.800000000,0.990703603,0.000000000,0.000000000,-0.136038124
10.370831674,0.000000000,0.000000000,-0.692697065,0.000000000,0.000000000,9.800000000,0.990506252,0.000000000,0.000000000,-0.137467685
10.379165006,0.000000000,0.000000000,-0.692697065,0.000000000,0.000000000,9.800000000,0.990105363,0.000000000,0.000000000,-0.140325944
10.383331672,0.000000000,0.000000000,-0.683857537,-0.000000000,0.000000000,9.800000000,0.989904435,0.000000000,0.000000000,-0.141736407
10.387498338,0.000000000,0.000000000,-0.683857537,0.000000000,0.000000000,9.800000000,0.989701498,0.000000000,0.000000000,-0.143146583
10.391665004,0.000000000,0.000000000,-0.683857537,0.000000000,0.000000000,9.800000000,0.989496553,0.000000000,0.000000000,-0.144556468
10.395831670,0.000000000,0.000000000,-0.674754369,-0.000000000,-0.000000000,9.800000000,0.989292366,0.000000000,0.000000000,-0.145947297
10.404165002,0.000000000,0.000000000,-0.674754369,-0.000000000,-0.000000000,9.800000000,0.988878130,0.000000000,0.000000000,-0.148728089
10.408331668,0.000000000,0.000000000,-0.665391071,0.000000000,0.000000000,9.800000000,0.988671008,0.000000000,0.000000000,-0.150098759
10.412498334,0.000000000,0.000000000,-0.665391071,0.000000000,0.000000000,9.800000000,0.988461987,0.000000000,0.000000000,-0.151469141
10.416665000,0.000000000,0.000000000,-0.665391071,0.000000000,0.000000000,9.800000000,0.988251066,0.000000000,0.000000000,-0.152839232
10.420831666,0.000000000,0.000000000,-0.655771252,-0.000000000,0.000000000,9.800000000,0.988041336,0.000000000,0.000000000,-0.154189227
10.429164998,0.000000000,0.000000000,-0.655771252,-0.000000000,0.000000000,9.800000000,0.987616345,0.000000000,0.000000000,-0.156888353
10.433331664,0.000000000,0.000000000,-0.645898621,0.000000000,0.000000000,9.800000000,0.987404338,0.000000000,0.000000000,-0.158217168
10.437498330,0.000000000,0.000000000,-0.645898621,0.000000000,0.000000000,9.800000000,0.987190544,0.000000000,0.000000000,-0.159545698
10.441664996,0.000000000,0.000000000,-0.645898621,0.000000000,0.000000000,9.800000000,0.986974962,0.000000000,0.000000000,-0.160873938
10.445831662,0.000000000,0.000000000,-0.635776983,0.000000000,0.000000000,9.800000000,0.986761013,0.000000000,0.000000000,-0.162181080
10.454164994,0.000000000,0.000000000,-0.635776983,0.000000000,0.000000000,9.800000000,0.986327922,0.000000000,0.000000000,-0.164794507
10.458331660,0.000000000,0.000000000,-0.625410242,0.000000000,0.000000000,9.800000000,0.986112368,0.000000000,0.000000000,-0.166079490
10.462498326,0.000000000,0.000000000,-0.625410242,0.000000000,-0.000000000,9.800000000,0.985895140,0.000000000,0.000000000,-0.167364192
10.466664992,0.000000000,0.000000000,-0.625410242,-0.000000000,-0.000000000,9.800000000,0.985676238,0.000000000,0.000000000,-0.168648610
10.470831658,0.000000000,0.000000000,-0.614802393,-0.000000000,0.000000000,9.800000000,0.985459418,0.000000000,0.000000000,-0.169910963
10.479164990,0.000000000,0.000000000,-0.614802393,0.000000000,0.000000000,9.800000000,0.985020928,0.000000000,0.000000000,-0.172434831
10.483331656,0.000000000,0.000000000,-0.603957526,0.000000000,-0.000000000,9.800000000,0.984803183,0.000000000,0.000000000,-0.173674091
10.487498322,0.000000000,0.000000000,-0.603957526,0.000000000,-0.000000000,9.800000000,0.984583879,0.000000000,0.000000000,-0.174913077
10.491664988,0.000000000,0.000000000,-0.603957526,-0.000000000,-0.000000000,9.800000000,0.984363017,0.000000000,0.000000000,-0.176151785
10.495831654,0.000000000,0.000000000,-0.592879822,0.000000000,-0.000000000,9.800000000,0.984144689,0.000000000,0.000000000,-0.177367502
10.504164986,0.000000000,0.000000000,-0.592879822,0.000000000,-0.000000000,9.800000000,0.983703530,0.000000000,0.000000000,-0.179798123
10.508331652,0.000000000,0.000000000,-0.581573551,0.000000000,0.000000000,9.800000000,0.983484963,0.000000000,0.000000000,-0.180989857
10.512498318,0.000000000,0.000000000,-0.581573551,0.000000000,-0.000000000,9.800000000,0.983264951,0.000000000,0.000000000,-0.182181326
10.516664984,0.000000000,0.000000000,-0.581573551,0.000000000,-0.000000000,9.800000000,0.983043497,0.000000000,0.000000000,-0.183372526
10.520831650,0.000000000,0.000000000,-0.570043073,0.000000000,0.000000000,9.800000000,0.982825032,0.000000000,0.000000000,-0.184539849
10.529164982,0.000000000,0.000000000,-0.570043073,0.000000000,0.000000000,9.800000000,0.982383945,0.000000000,0.000000000,-0.186873712
10.533331648,0.000000000,0.000000000,-0.558292833,0.000000000,0.000000000,9.800000000,0.982165926,0.000000000,0.000000000,-0.188016206
10.537498314,0.000000000,0.000000000,-0.558292833,0.000000000,0.000000000,9.800000000,0.981946578,0.000000000,0.000000000,-0.189158445
10.541664980,0.000000000,0.000000000,-0.558292833,0.000000000,0.000000000,9.800000000,0.981725902,0.000000000,0.000000000,-0.190300429
10.545831646,0.000000000,0.000000000,-0.546327360,0.000000000,-0.000000000,9.800000000,0.981508670,0.000000000,0.000000000,-0.191417688
10.554164978,0.000000000,0.000000000,-0.546327360,0.000000000,0.000000000,9.800000000,0.981070391,0.000000000,0.000000000,-0.193651460
10.558331644,0.000000000,0.000000000,-0.534151268,-0.000000000,-0.000000000,9.800000000,0.980854285,0.000000000,0.000000000,-0.194743090
10.562498310,0.000000000,0.000000000,-0.534151268,-0.000000000,-0.000000000,9.800000000,0.980636965,0.000000000,0.000000000,-0.195834479
10.566664976,0.000000000,0.000000000,-0.534151268,-0.000000000,-0.000000000,9.800000000,0.980418430,0.000000000,0.000000000,-0.196925625
10.570831642,0.000000000,0.000000000,-0.521769250,0.000000000,0.000000000,9.800000000,0.980203789,0.000000000,0.000000000,-0.197991242
10.579164974,0.000000000,0.000000000,-0.521769250,0.000000000,0.000000000,9.800000000,0.979771033,0.000000000,0.000000000,-0.200121773
10.583331640,0.000000000,0.000000000,-0.509186081,0.000000000,-0.000000000,9.800000000,0.979558191,0.000000000,0.000000000,-0.201161005
10.587498306,0.000000000,0.000000000,-0.509186081,0.000000000,0.000000000,9.800000000,0.979344248,0.000000000,0.000000000,-0.202200011
10.591664972,0.000000000,0.000000000,-0.509186081,0.000000000,0.000000000,9.800000000,0.979129202,0.000000000,0.000000000,-0.203238790
10.595831638,0.000000000,0.000000000,-0.496406610,0.000000000,0.000000000,9.800000000,0.978918493,0.000000000,0.000000000,-0.204251277
10.604164970,0.000000000,0.000000000,-0.496406610,0.000000000,0.000000000,9.800000000,0.978493934,0.000000000,0.000000000,-0.206275595
10.608331636,0.000000000,0.000000000,-0.483435765,0.000000000,0.000000000,9.800000000,0.978285686,0.000000000,0.000000000,-0.207260988
10.612498302,0.000000000,0.000000000,-0.483435765,0.000000000,0.000000000,9.800000000,0.978076445,0.000000000,0.000000000,-0.208246170
10.616664968,0.000000000,0.000000000,-0.483435765,0.000000000,0.000000000,9.800000000,0.977866212,0.000000000,0.000000000,-0.209231142
10.620831634,0.000000000,0.000000000,-0.470278547,0.000000000,0.000000000,9.800000000,0.977660750,0.000000000,0.000000000,-0.210189103
10.629164966,0.000000000,0.000000000,-0.470278547,0.000000000,0.000000000,9.800000000,0.977247009,0.000000000,0.000000000,-0.212104418
10.633331632,0.000000000,0.000000000,-0.456940028,0.000000000,0.000000000,9.800000000,0.977044651,0.000000000,0.000000000,-0.213034620
10.637498298,0.000000000,0.000000000,-0.456940028,0.000000000,0.000000000,9.800000000,0.976841409,0.000000000,0.000000000,-0.213964629
10.641664964,0.000000000,0.000000000,-0.456940028,0.000000000,0.000000000,9.800000000,0.976637281,0.000000000,0.000000000,-0.214894444
10.645831630,0.000000000,0.000000000,-0.443425349,-0.000000000,0.000000000,9.800000000,0.976438344,0.000000000,0.000000000,-0.215796572
10.654164962,0.000000000,0.000000000,-0.443425349,-0.000000000,0.000000000,9.800000000,0.976037971,0.000000000,0.000000000,-0.217600276
10.658331628,0.000000000,0.000000000,-0.429739722,0.000000000,-0.000000000,9.800000000,0.975842764,0.000000000,0.000000000,-0.218474026
10.662498294,0.000000000,0.000000000,-0.429739722,0.000000000,-0.000000000,9.800000000,0.975646775,0.000000000,0.000000000,-0.219347602
10.666664960,0.000000000,0.000000000,-0.429739722,-0.000000000,-0.000000000,9.800000000,0.975450004,0.000000000,0.000000000,-0.220221002
10.670831626,0.000000000,0.000000000,-0.415888421,0.000000000,-0.000000000,9.800000000,0.975258831,0.000000000,0.000000000,-0.221066082
10.679164958,0.000000000,0.000000000,-0.415888421,0.000000000,-0.000000000,9.800000000,0.974874289,0.000000000,0.000000000,-0.222755744
10.683331624,0.000000000,0.000000000,-0.401876788,-0.000000000,0.000000000,9.800000000,0.974687446,0.000000000,0.000000000,-0.223571873
10.687498290,0.000000000,0.000000000,-0.401876788,-0.000000000,0.000000000,9.800000000,0.974499921,0.000000000,0.000000000,-0.224387845
10.691664956,0.000000000,0.000000000,-0.401876788,-0.000000000,0.000000000,9.800000000,0.974311712,0.000000000,0.000000000,-0.225203659
10.695831622,0.000000000,0.000000000,-0.387710224,0.000000000,-0.000000000,9.800000000,0.974129490,0.000000000,0.000000000,-0.225990566
10.704164954,0.000000000,0.000000000,-0.387710224,0.000000000,-0.000000000,9.800000000,0.973763141,0.000000000,0.000000000,-0.227563937
10.708331620,0.000000000,0.000000000,-0.373394190,0.000000000,-0.000000000,9.800000000,0.973585823,0.000000000,0.000000000,-0.228321363
10.712498286,0.000000000,0.000000000,-0.373394190,0.000000000,-0.000000000,9.800000000,0.973407917,0.000000000,0.000000000,-0.229078650
10.716664952,0.000000000,0.000000000,-0.373394190,0.000000000,0.000000000,9.800000000,0.973229421,0.000000000,0.000000000,-0.229835799
10.720831618,0.000000000,0.000000000,-0.358934206,0.000000000,-0.000000000,9.800000000,0.973057282,0.000000000,0.000000000,-0.230563496
10.729164950,0.000000000,0.000000000,-0.358934206,0.000000000,-0.000000000,9.800000000,0.972711373,0.000000000,0.000000000,-0.232018502
10.733331616,0.000000000,0.000000000,-0.344335846,-0.000000000,0.000000000,9.800000000,0.972544680,0.000000000,0.000000000,-0.232716232
10.737498282,0.000000000,0.000000000,-0.344335846,0.000000000,0.000000000,9.800000000,0.972377487,0.000000000,0.000000000,-0.233413843
10.741664948,0.000000000,0.000000000,-0.344335846,0.000000000,0.000000000,9.800000000,0.972209794,0.000000000,0.000000000,-0.234111334
10.745831614,0.000000000,0.000000000,-0.329604737,0.000000000,0.000000000,9.800000000,0.972048806,0.000000000,0.000000000,-0.234778872
10.754164946,0.000000000,0.000000000,-0.329604737,0.000000000,0.000000000,9.800000000,0.971725455,0.000000000,0.000000000,-0.236113616
10.758331612,0.000000000,0.000000000,-0.314746560,-0.000000000,0.000000000,9.800000000,0.971570421,0.000000000,0.000000000,-0.236750747
10.762498278,0.000000000,0.000000000,-0.314746560,-0.000000000,0.000000000,9.800000000,0.971414970,0.000000000,0.000000000,-0.237387776
10.766664944,0.000000000,0.000000000,-0.314746560,0.000000000,0.000000000,9.800000000,0.971259101,0.000000000,0.000000000,-0.238024703
10.770831610,0.000000000,0.000000000,-0.299767042,0.000000000,-0.000000000,9.800000000,0.971110261,0.000000000,0.000000000,-0.238631222
10.779164942,0.000000000,0.000000000,-0.299767042,0.000000000,-0.000000000,9.800000000,0.970811447,0.000000000,0.000000000,-0.239843981
10.783331608,0.000000000,0.000000000,-0.284671959,0.000000000,-0.000000000,9.800000000,0.970669032,0.000000000,0.000000000,-0.240419694
10.787498274,0.000000000,0.000000000,-0.284671959,0.000000000,-0.000000000,9.800000000,0.970526277,0.000000000,0.000000000,-0.240995323
10.791664940,0.000000000,0.000000000,-0.284671959,0.000000000,0.000000000,9.800000000,0.970383180,0.000000000,0.000000000,-0.241570867
10.795831606,0.000000000,0.000000000,-0.269467129,-0.000000000,-0.000000000,9.800000000,0.970247412,0.000000000,0.000000000,-0.242115593
10.804164938,0.000000000,0.000000000,-0.269467129,0.000000000,-0.000000000,9.800000000,0.969974958,0.000000000,0.000000000,-0.243204814
10.808331604,0.000000000,0.000000000,-0.254158414,0.000000000,0.000000000,9.800000000,0.969846046,0.000000000,0.000000000,-0.243718378
10.812498270,0.000000000,0.000000000,-0.254158414,0.000000000,0.000000000,9.800000000,0.969716862,0.000000000,0.000000000,-0.244231874
10.816664936,0.000000000,0.000000000,-0.254158414,-0.000000000,0.000000000,9.800000000,0.969587406,0.000000000,0.000000000,-0.244745301
10.820831602,0.000000000,0.000000000,-0.238751716,0.000000000,0.000000000,9.800000000,0.969465550,0.000000000,0.000000000,-0.245227543
10.829164934,0.000000000,0.000000000,-0.238751716,0.000000000,0.000000000,9.800000000,0.969221118,0.000000000,0.000000000,-0.246191845
10.833331600,0.000000000,0.000000000,-0.223252975,-0.000000000,0.000000000,9.800000000,0.969106507,0.000000000,0.000000000,-0.246642613
10.837498266,0.000000000,0.000000000,-0.223252975,-0.000000000,0.000000000,9.800000000,0.968991686,0.000000000,0.000000000,-0.247093328
10.841664932,0.000000000,0.000000000,-0.223252975,-0.000000000,-0.000000000,9.800000000,0.968876655,0.000000000,0.000000000,-0.247543989
10.845831598,0.000000000,0.000000000,-0.207668166,-0.000000000,0.000000000,9.800000000,0.968769467,0.000000000,0.000000000,-0.247963143
10.854164930,0.000000000,0.000000000,-0.207668166,-0.000000000,-0.000000000,9.800000000,0.968554546,0.000000000,0.000000000,-0.248801311
10.858331596,0.000000000,0.000000000,-0.192003297,0.000000000,0.000000000,9.800000000,0.968454946,0.000000000,0.000000000,-0.249188719
10.862498262,0.000000000,0.000000000,-0.192003297,0.000000000,0.000000000,9.800000000,0.968355191,0.000000000,0.000000000,-0.249576088
10.866664928,0.000000000,0.000000000,-0.192003297,0.000000000,0.000000000,9.800000000,0.968255282,0.000000000,0.000000000,-0.249963417
10.870831594,0.000000000,0.000000000,-0.176264407,0.000000000,-0.000000000,9.800000000,0.968163425,0.000000000,0.000000000,-0.250318960
10.879164926,0.000000000,0.000000000,-0.176264407,0.000000000,0.000000000,9.800000000,0.967979321,0.000000000,0.000000000,-0.251029946
10.883331592,0.000000000,0.000000000,-0.160457563,-0.000000000,0.000000000,9.800000000,0.967895351,0.000000000,0.000000000,-0.251353514
10.887498258,0.000000000,0.000000000,-0.160457563,0.000000000,0.000000000,9.800000000,0.967811273,0.000000000,0.000000000,-0.251677054
10.891664924,0.000000000,0.000000000,-0.160457563,0.000000000,0.000000000,9.800000000,0.967727087,0.000000000,0.000000000,-0.252000567
10.895831590,0.000000000,0.000000000,-0.144588860,0.000000000,-0.000000000,9.800000000,0.967651134,0.000000000,0.000000000,-0.252292060
10.904164922,0.000000000,0.000000000,-0.144588860,0.000000000,-0.000000000,9.800000000,0.967498964,0.000000000,0.000000000,-0.252874979
10.908331588,0.000000000,0.000000000,-0.128664416,0.000000000,-0.000000000,9.800000000,0.967431146,0.000000000,0.000000000,-0.253134309
10.912498254,0.000000000,0.000000000,-0.128664416,0.000000000,-0.000000000,9.800000000,0.967363258,0.000000000,0.000000000,-0.253393621
10.916664920,0.000000000,0.000000000,-0.128664416,0.000000000,-0.000000000,9.800000000,0.967295301,0.000000000,0.000000000,-0.253652914
10.920831586,0.000000000,0.000000000,-0.112690369,0.000000000,0.000000000,9.800000000,0.967235724,0.000000000,0.000000000,-0.253880001
10.929164918,0.000000000,0.000000000,-0.112690369,0.000000000,0.000000000,9.800000000,0.967116409,0.000000000,0.000000000,-0.254334132
10.933331584,0.000000000,0.000000000,-0.096672877,0.000000000,0.000000000,9.800000000,0.967065167,0.000000000,0.000000000,-0.254528905
10.937498250,0.000000000,0.000000000,-0.096672877,0.000000000,0.000000000,9.800000000,0.967013884,0.000000000,0.000000000,-0.254723669
10.941664916,0.000000000,0.000000000,-0.096672877,0.000000000,0.000000000,9.800000000,0.966962563,0.000000000,0.000000000,-0.254918422
10.945831582,0.000000000,0.000000000,-0.080618117,0.000000000,0.000000000,9.800000000,0.966919735,0.000000000,0.000000000,-0.255080824
10.954164914,0.000000000,0.000000000,-0.080618117,0.000000000,0.000000000,9.800000000,0.966833996,0.000000000,0.000000000,-0.255405607
10.958331580,0.000000000,0.000000000,-0.064532276,-0.000000000,0.000000000,9.800000000,0.966799650,0.000000000,0.000000000,-0.255535588
10.962498246,0.000000000,0.000000000,-0.064532276,-0.000000000,0.000000000,9.800000000,0.966765287,0.000000000,0.000000000,-0.255665564
10.966664912,0.000000000,0.000000000,-0.064532276,-0.000000000,0.000000000,9.800000000,0.966730906,0.000000000,0.000000000,-0.255795536
10.970831578,0.000000000,0.000000000,-0.048421557,0.000000000,-0.000000000,9.800000000,0.966705097,0.000000000,0.000000000,-0.255893057
10.979164910,0.000000000,0.000000000,-0.048421557,0.000000000,-0.000000000,9.800000000,0.966653449,0.000000000,0.000000000,-0.256088090
10.983331576,0.000000000,0.000000000,-0.032292171,-0.000000000,-0.000000000,9.800000000,0.966636218,0.000000000,0.000000000,-0.256153122
10.987498242,0.000000000,0.000000000,-0.032292171,-0.000000000,0.000000000,9.800000000,0.966618983,0.000000000,0.000000000,-0.256218152
10.991664908,0.000000000,0.000000000,-0.032292171,-0.000000000,-0.000000000,9.800000000,0.966601744,0.000000000,0.000000000,-0.256283181
10.995831574,0.000000000,0.000000000,-0.016150336,-0.000000000,-0.000000000,9.800000000,0.966593120,0.000000000,0.000000000,-0.256315704
11.004164906,0.000000000,0.000000000,-0.016150336,-0.000000000,-0.000000000,9.800000000,0.966575870,0.000000000,0.000000000,-0.256380748
11.008331572,0.000000000,0.000000000,-0.000002274,0.000000000,-0.000000000,9.800000000,0.966575869,0.000000000,0.000000000,-0.256380753
11.012498238,0.000000000,0.000000000,-0.000002274,0.000000000,-0.000000000,9.800000000,0.966575867,0.000000000,0.000000000,-0.256380757
11.016664904,0.000000000,0.000000000,-0.000002274,0.000000000,-0.000000000,9.800000000,0.966575866,0.000000000,0.000000000,-0.256380762
11.020831570,0.000000000,0.000000000,0.016145789,0.000000000,0.000000000,9.800000000,0.966584489,0.000000000,0.000000000,-0.256348249
11.029164902,0.000000000,0.000000000,0.016145789,0.000000000,0.000000000,9.800000000,0.966601733,0.000000000,0.000000000,-0.256283222
11.033331568,0.000000000,0.000000000,0.032287627,0.000000000,0.000000000,9.800000000,0.966618970,0.000000000,0.000000000,-0.256218202
11.037498234,0.000000000,0.000000000,0.032287627,0.000000000,0.000000000,9.800000000,0.966636202,0.000000000,0.000000000,-0.256153181
11.041664900,0.000000000,0.000000000,0.032287627,0.000000000,0.000000000,9.800000000,0.966653431,0.000000000,0.000000000,-0.256088159
11.045831566,0.000000000,0.000000000,0.048417018,0.000000000,0.000000000,9.800000000,0.966679257,0.000000000,0.000000000,-0.255990653
11.054164898,0.000000000,0.000000000,0.048417018,0.000000000,0.000000000,9.800000000,0.966730880,0.000000000,0.000000000,-0.255795632
11.058331564,0.000000000,0.000000000,0.064527743,-0.000000000,0.000000000,9.800000000,0.966765259,0.000000000,0.000000000,-0.255665669
11.062498230,0.000000000,0.000000000,0.064527743,-0.000000000,0.000000000,9.800000000,0.966799620,0.000000000,0.000000000,-0.255535702
11.066664896,0.000000000,0.000000000,0.064527743,-0.000000000,0.000000000,9.800000000,0.966833964,0.000000000,0.000000000,-0.255405730
11.070831562,0.000000000,0.000000000,0.080613591,0.000000000,0.000000000,9.800000000,0.966876844,0.000000000,0.000000000,-0.255243352
11.079164894,0.000000000,0.000000000,0.080613591,0.000000000,0.000000000,9.800000000,0.966962523,0.000000000,0.000000000,-0.254918573
11.083331560,0.000000000,0.000000000,0.096668361,0.000000000,0.000000000,9.800000000,0.967013842,0.000000000,0.000000000,-0.254723829
11.087498226,0.000000000,0.000000000,0.096668361,0.000000000,0.000000000,9.800000000,0.967065122,0.000000000,0.000000000,-0.254529075
11.091664892,0.000000000,0.000000000,0.096668361,0.000000000,0.000000000,9.800000000,0.967116363,0.000000000,0.000000000,-0.254334310
11.095831558,0.000000000,0.000000000,0.112685864,0.000000000,0.000000000,9.800000000,0.967176044,0.000000000,0.000000000,-0.254107260
11.104164890,0.000000000,0.000000000,0.112685864,0.000000000,0.000000000,9.800000000,0.967295247,0.000000000,0.000000000,-0.253653120
11.108331556,0.000000000,0.000000000,0.128659924,0.000000000,0.000000000,9.800000000,0.967363202,0.000000000,0.000000000,-0.253393835
11.112498222,0.000000000,0.000000000,0.128659924,0.000000000,0.000000000,9.800000000,0.967431087,0.000000000,0.000000000,-0.253134533
11.116664888,0.000000000,0.000000000,0.128659924,0.000000000,0.000000000,9.800000000,0.967498903,0.000000000,0.000000000,-0.252875212
11.120831554,0.000000000,0.000000000,0.144584384,0.000000000,0.000000000,9.800000000,0.967575029,0.000000000,0.000000000,-0.252583773
11.129164886,0.000000000,0.000000000,0.144584384,0.000000000,0.000000000,9.800000000,0.967727019,0.000000000,0.000000000,-0.252000826
11.133331552,0.000000000,0.000000000,0.160453103,0.000000000,0.000000000,9.800000000,0.967811203,0.000000000,0.000000000,-0.251677323
11.137498218,0.000000000,0.000000000,0.160453103,0.000000000,0.000000000,9.800000000,0.967895279,0.000000000,0.000000000,-0.251353792
11.141664884,0.000000000,0.000000000,0.160453103,-0.000000000,0.000000000,9.800000000,0.967979247,0.000000000,0.000000000,-0.251030232
11.145831550,0.000000000,0.000000000,0.176259965,0.000000000,-0.000000000,9.800000000,0.968071362,0.000000000,0.000000000,-0.250674765
11.154164882,0.000000000,0.000000000,0.176259965,0.000000000,-0.000000000,9.800000000,0.968255201,0.000000000,0.000000000,-0.249963730
11.158331548,0.000000000,0.000000000,0.191998875,-0.000000000,0.000000000,9.800000000,0.968355108,0.000000000,0.000000000,-0.249576411
11.162498214,0.000000000,0.000000000,0.191998875,-0.000000000,0.000000000,9.800000000,0.968454861,0.000000000,0.000000000,-0.249189051
11.166664880,0.000000000,0.000000000,0.191998875,-0.000000000,0.000000000,9.800000000,0.968554458,0.000000000,0.000000000,-0.248801651
11.170831546,0.000000000,0.000000000,0.207663766,-0.000000000,0.000000000,9.800000000,0.968662007,0.000000000,0.000000000,-0.248382600
11.179164878,0.000000000,0.000000000,0.207663766,-0.000000000,-0.000000000,9.800000000,0.968876562,0.000000000,0.000000000,-0.247544357
11.183331544,0.000000000,0.000000000,0.223248598,0.000000000,0.000000000,9.800000000,0.968991590,0.000000000,0.000000000,-0.247093704
11.187498210,0.000000000,0.000000000,0.223248598,-0.000000000,0.000000000,9.800000000,0.969106409,0.000000000,0.000000000,-0.246642998
11.191664876,0.000000000,0.000000000,0.223248598,-0.000000000,0.000000000,9.800000000,0.969221018,0.000000000,0.000000000,-0.246192239
11.195831542,0.000000000,0.000000000,0.238747364,0.000000000,-0.000000000,9.800000000,0.969343352,0.000000000,0.000000000,-0.245710128
11.204164874,0.000000000,0.000000000,0.238747364,0.000000000,-0.000000000,9.800000000,0.969587300,0.000000000,0.000000000,-0.244745722
11.208331540,0.000000000,0.000000000,0.254154089,0.000000000,0.000000000,9.800000000,0.969716753,0.000000000,0.000000000,-0.244232303
11.212498206,0.000000000,0.000000000,0.254154089,0.000000000,0.000000000,9.800000000,0.969845936,0.000000000,0.000000000,-0.243718816
11.216664872,0.000000000,0.000000000,0.254154089,0.000000000,0.000000000,9.800000000,0.969974846,0.000000000,0.000000000,-0.243205261
11.220831538,0.000000000,0.000000000,0.269462832,0.000000000,-0.000000000,9.800000000,0.970111224,0.000000000,0.000000000,-0.242660697
11.229164870,0.000000000,0.000000000,0.269462832,0.000000000,-0.000000000,9.800000000,0.970383062,0.000000000,0.000000000,-0.241571341
11.233331536,0.000000000,0.000000000,0.284667692,0.000000000,-0.000000000,9.800000000,0.970526157,0.000000000,0.000000000,-0.240995805
11.237498202,0.000000000,0.000000000,0.284667692,0.000000000,-0.000000000,9.800000000,0.970668911,0.000000000,0.000000000,-0.240420185
11.241664868,0.000000000,0.000000000,0.284667692,0.000000000,-0.000000000,9.800000000,0.970811323,0.000000000,0.000000000,-0.239844480
11.245831534,0.000000000,0.000000000,0.299762808,0.000000000,0.000000000,9.800000000,0.970960918,0.000000000,0.000000000,-0.239238156
11.254164866,0.000000000,0.000000000,0.299762808,0.000000000,0.000000000,9.800000000,0.971258972,0.000000000,0.000000000,-0.238025228
11.258331532,0.000000000,0.000000000,0.314742359,0.000000000,-0.000000000,9.800000000,0.971414839,0.000000000,0.000000000,-0.237388310
11.262498198,0.000000000,0.000000000,0.314742359,0.000000000,-0.000000000,9.800000000,0.971570289,0.000000000,0.000000000,-0.236751290
11.266664864,0.000000000,0.000000000,0.314742359,0.000000000,0.000000000,9.800000000,0.971725321,0.000000000,0.000000000,-0.236114167
11.270831530,0.000000000,0.000000000,0.329600571,-0.000000000,-0.000000000,9.800000000,0.971887224,0.000000000,0.000000000,-0.235446859
11.279164862,0.000000000,0.000000000,0.329600571,-0.000000000,-0.000000000,9.800000000,0.972209655,0.000000000,0.000000000,-0.234111910
11.283331528,0.000000000,0.000000000,0.344331716,0.000000000,0.000000000,9.800000000,0.972377347,0.000000000,0.000000000,-0.233414428
11.287498194,0.000000000,0.000000000,0.344331716,0.000000000,0.000000000,9.800000000,0.972544538,0.000000000,0.000000000,-0.232716826
11.291664860,0.000000000,0.000000000,0.344331716,0.000000000,0.000000000,9.800000000,0.972711229,0.000000000,0.000000000,-0.232019104
11.295831526,0.000000000,0.000000000,0.358930114,0.000000000,0.000000000,9.800000000,0.972884454,0.000000000,0.000000000,-0.231291674
11.304164858,0.000000000,0.000000000,0.358930114,-0.000000000,0.000000000,9.800000000,0.973229273,0.000000000,0.000000000,-0.229836426
11.308331524,0.000000000,0.000000000,0.373390138,-0.000000000,-0.000000000,9.800000000,0.973407767,0.000000000,0.000000000,-0.229079286
11.312498190,0.000000000,0.000000000,0.373390138,-0.000000000,-0.000000000,9.800000000,0.973585672,0.000000000,0.000000000,-0.228322006
11.316664856,0.000000000,0.000000000,0.373390138,-0.000000000,-0.000000000,9.800000000,0.973762989,0.000000000,0.000000000,-0.227564589
11.320831522,0.000000000,0.000000000,0.387706213,0.000000000,-0.000000000,9.800000000,0.973946480,0.000000000,0.000000000,-0.226777986
11.329164854,0.000000000,0.000000000,0.387706213,0.000000000,-0.000000000,9.800000000,0.974311555,0.000000000,0.000000000,-0.225204336
11.333331520,0.000000000,0.000000000,0.401872820,0.000000000,0.000000000,9.800000000,0.974499763,0.000000000,0.000000000,-0.224388530
11.337498186,0.000000000,0.000000000,0.401872820,-0.000000000,0.000000000,9.800000000,0.974687287,0.000000000,0.000000000,-0.223572566
11.341664852,0.000000000,0.000000000,0.401872820,0.000000000,0.000000000,9.800000000,0.974874128,0.000000000,0.000000000,-0.222756446
11.345831518,0.000000000,0.000000000,0.415884498,0.000000000,0.000000000,9.800000000,0.975066764,0.000000000,0.000000000,-0.221911706
11.354164850,0.000000000,0.000000000,0.415884498,0.000000000,0.000000000,9.800000000,0.975449840,0.000000000,0.000000000,-0.220221727
11.358331516,0.000000000,0.000000000,0.429735844,0.000000000,0.000000000,9.800000000,0.975646610,0.000000000,0.000000000,-0.219348336
11.362498182,0.000000000,0.000000000,0.429735844,0.000000000,0.000000000,9.800000000,0.975842598,0.000000000,0.000000000,-0.218474768
11.366664848,0.000000000,0.000000000,0.429735844,0.000000000,0.000000000,9.800000000,0.976037803,0.000000000,0.000000000,-0.217601026
11.370831514,0.000000000,0.000000000,0.443421519,0.000000000,0.000000000,9.800000000,0.976238406,0.000000000,0.000000000,-0.216699274
11.379164846,0.000000000,0.000000000,0.443421519,0.000000000,0.000000000,9.800000000,0.976637110,0.000000000,0.000000000,-0.214895218
11.383331512,0.000000000,0.000000000,0.456936246,0.000000000,-0.000000000,9.800000000,0.976841237,0.000000000,0.000000000,-0.213965411
11.387498178,0.000000000,0.000000000,0.456936246,0.000000000,-0.000000000,9.800000000,0.977044479,0.000000000,0.000000000,-0.213035409
11.391664844,0.000000000,0.000000000,0.456936246,-0.000000000,-0.000000000,9.800000000,0.977246836,0.000000000,0.000000000,-0.212105215
11.395831510,0.000000000,0.000000000,0.470274816,0.000000000,0.000000000,9.800000000,0.977454174,0.000000000,0.000000000,-0.211147667
11.404164842,0.000000000,0.000000000,0.470274816,-0.000000000,-0.000000000,9.800000000,0.977866037,0.000000000,0.000000000,-0.209231963
11.408331508,0.000000000,0.000000000,0.483432086,0.000000000,-0.000000000,9.800000000,0.978076269,0.000000000,0.000000000,-0.208246999
11.412498174,0.000000000,0.000000000,0.483432086,-0.000000000,-0.000000000,9.800000000,0.978285509,0.000000000,0.000000000,-0.207261824
11.416664840,0.000000000,0.000000000,0.483432086,0.000000000,-0.000000000,9.800000000,0.978493756,0.000000000,0.000000000,-0.206276439
11.420831506,0.000000000,0.000000000,0.496402984,0.000000000,0.000000000,9.800000000,0.978706558,0.000000000,0.000000000,-0.205264397
11.429164838,0.000000000,0.000000000,0.496402984,-0.000000000,0.000000000,9.800000000,0.979129022,0.000000000,0.000000000,-0.203239656
11.433331504,0.000000000,0.000000000,0.509182509,0.000000000,0.000000000,9.800000000,0.979344067,0.000000000,0.000000000,-0.202200885
11.437498170,0.000000000,0.000000000,0.509182509,0.000000000,0.000000000,9.800000000,0.979558010,0.000000000,0.000000000,-0.201161886
11.441664836,0.000000000,0.000000000,0.509182509,0.000000000,0.000000000,9.800000000,0.979770851,0.000000000,0.000000000,-0.200122662
11.445831502,0.000000000,0.000000000,0.521765735,0.000000000,0.000000000,9.800000000,0.979987808,0.000000000,0.000000000,-0.199057521
11.454164834,0.000000000,0.000000000,0.521765735,0.000000000,0.000000000,9.800000000,0.980418247,0.000000000,0.000000000,-0.196926536
11.458331500,0.000000000,0.000000000,0.534147810,0.000000000,0.000000000,9.800000000,0.980636782,0.000000000,0.000000000,-0.195835397
11.462498166,0.000000000,0.000000000,0.534147810,-0.000000000,0.000000000,9.800000000,0.980854101,0.000000000,0.000000000,-0.194744016
11.466664832,0.000000000,0.000000000,0.534147810,0.000000000,0.000000000,9.800000000,0.981070207,0.000000000,0.000000000,-0.193652393
11.470831498,0.000000000,0.000000000,0.546323961,-0.000000000,0.000000000,9.800000000,0.981289981,0.000000000,0.000000000,-0.192535639
11.479164830,0.000000000,0.000000000,0.546323961,-0.000000000,-0.000000000,9.800000000,0.981725717,0.000000000,0.000000000,-0.190301383
11.483331496,0.000000000,0.000000000,0.558289494,0.000000000,0.000000000,9.800000000,0.981946393,0.000000000,0.000000000,-0.189159407
11.487498162,0.000000000,0.000000000,0.558289494,0.000000000,0.000000000,9.800000000,0.982165741,0.000000000,0.000000000,-0.188017174
11.491664828,0.000000000,0.000000000,0.558289494,-0.000000000,0.000000000,9.800000000,0.982383760,0.000000000,0.000000000,-0.186874687
11.495831494,0.000000000,0.000000000,0.570039795,0.000000000,0.000000000,9.800000000,0.982604996,0.000000000,0.000000000,-0.185707894
11.504164826,0.000000000,0.000000000,0.570039795,0.000000000,0.000000000,9.800000000,0.983043311,0.000000000,0.000000000,-0.183373523
11.508331492,0.000000000,0.000000000,0.581570336,0.000000000,-0.000000000,9.800000000,0.983264766,0.000000000,0.000000000,-0.182182329
11.512498158,0.000000000,0.000000000,0.581570336,0.000000000,-0.000000000,9.800000000,0.983484777,0.000000000,0.000000000,-0.180990867
11.516664824,0.000000000,0.000000000,0.581570336,-0.000000000,-0.000000000,9.800000000,0.983703344,0.000000000,0.000000000,-0.179799140
11.520831490,0.000000000,0.000000000,0.592876670,-0.000000000,-0.000000000,9.800000000,0.983924674,0.000000000,0.000000000,-0.178583972
11.529164822,0.000000000,0.000000000,0.592876670,0.000000000,-0.000000000,9.800000000,0.984362831,0.000000000,0.000000000,-0.176152822
11.533331488,0.000000000,0.000000000,0.603954439,-0.000000000,-0.000000000,9.800000000,0.984583694,0.000000000,0.000000000,-0.174914120
11.537498154,0.000000000,0.000000000,0.603954439,-0.000000000,-0.000000000,9.800000000,0.984802998,0.000000000,0.000000000,-0.173675141
11.541664820,0.000000000,0.000000000,0.603954439,0.000000000,0.000000000,9.800000000,0.985020743,0.000000000,0.000000000,-0.172435887
11.545831486,0.000000000,0.000000000,0.614799372,-0.000000000,-0.000000000,9.800000000,0.985240797,0.000000000,0.000000000,-0.171174100
11.554164818,0.000000000,0.000000000,0.614799372,0.000000000,-0.000000000,9.800000000,0.985676054,0.000000000,0.000000000,-0.168649686
11.558331484,0.000000000,0.000000000,0.625407288,0.000000000,0.000000000,9.800000000,0.985894956,0.000000000,0.000000000,-0.167365274
11.562498150,0.000000000,0.000000000,0.625407288,0.000000000,0.000000000,9.800000000,0.986112185,0.000000000,0.000000000,-0.166080579
11.566664816,0.000000000,0.000000000,0.625407288,0.000000000,-0.000000000,9.800000000,0.986327740,0.000000000,0.000000000,-0.164795602
11.570831482,0.000000000,0.000000000,0.635774098,0.000000000,0.000000000,9.800000000,0.986545151,0.000000000,0.000000000,-0.163489038
11.579164814,0.000000000,0.000000000,0.635774098,0.000000000,0.000000000,9.800000000,0.986974781,0.000000000,0.000000000,-0.160875051
11.583331480,0.000000000,0.000000000,0.645895805,0.000000000,0.000000000,9.800000000,0.987190363,0.000000000,0.000000000,-0.159546817
11.587498146,0.000000000,0.000000000,0.645895805,0.000000000,0.000000000,9.800000000,0.987404158,0.000000000,0.000000000,-0.158218294
11.591664812,0.000000000,0.000000000,0.645895805,0.000000000,0.000000000,9.800000000,0.987616165,0.000000000,0.000000000,-0.156889484
11.595831478,0.000000000,0.000000000,0.655768507,0.000000000,-0.000000000,9.800000000,0.987829583,0.000000000,0.000000000,-0.155540072
11.604164810,0.000000000,0.000000000,0.655768507,0.000000000,-0.000000000,9.800000000,0.988250888,0.000000000,0.000000000,-0.152840381
11.608331476,0.000000000,0.000000000,0.665388398,0.000000000,-0.000000000,9.800000000,0.988461810,0.000000000,0.000000000,-0.151470296
11.612498142,0.000000000,0.000000000,0.665388398,0.000000000,-0.000000000,9.800000000,0.988670832,0.000000000,0.000000000,-0.150099920
11.616664808,0.000000000,0.000000000,0.665388398,0.000000000,-0.000000000,9.800000000,0.988877954,0.000000000,0.000000000,-0.148729255
11.620831474,0.000000000,0.000000000,0.674751769,0.000000000,-0.000000000,9.800000000,0.989086051,0.000000000,0.000000000,-0.147339011
11.629164806,0.000000000,0.000000000,0.674751769,0.000000000,0.000000000,9.800000000,0.989496380,0.000000000,0.000000000,-0.144557651
11.633331472,0.000000000,0.000000000,0.683855010,0.000000000,0.000000000,9.800000000,0.989701326,0.000000000,0.000000000,-0.143147771
11.637498138,0.000000000,0.000000000,0.683855010,-0.000000000,0.000000000,9.800000000,0.989904264,0.000000000,0.000000000,-0.141737601
11.641664804,0.000000000,0.000000000,0.683855010,-0.000000000,0.000000000,9.800000000,0.990105193,0.000000000,0.000000000,-0.140327144
11.645831470,0.000000000,0.000000000,0.692694613,0.000000000,0.000000000,9.800000000,0.990306670,0.000000000,0.000000000,-0.138898164
11.654164802,0.000000000,0.000000000,0.692694613,0.000000000,0.000000000,9.800000000,0.990703436,0.000000000,0.000000000,-0.136039339
11.658331468,0.000000000,0.000000000,0.701267168,0.000000000,0.000000000,9.800000000,0.990901128,0.000000000,0.000000000,-0.134591804
11.662498134,0.000000000,0.000000000,0.701267168,0.000000000,0.000000000,9.800000000,0.991096706,0.000000000,0.000000000,-0.133143981
11.666664800,0.000000000,0.000000000,0.701267168,0.000000000,0.000000000,9.800000000,0.991290168,0.000000000,0.000000000,-0.131695874
11.670831466,0.000000000,0.000000000,0.709569372,-0.000000000,0.000000000,9.800000000,0.991483767,0.000000000,0.000000000,-0.130230336
11.679164798,0.000000000,0.000000000,0.709569372,0.000000000,0.000000000,9.800000000,0.991864464,0.000000000,0.000000000,-0.127298411
11.683331464,0.000000000,0.000000000,0.717598023,0.000000000,0.000000000,9.800000000,0.992053666,0.000000000,0.000000000,-0.125815437
11.687498130,0.000000000,0.000000000,0.717598023,0.000000000,0.000000000,9.800000000,0.992240651,0.000000000,0.000000000,-0.124332181
11.691664796,0.000000000,0.000000000,0.717598023,0.000000000,0.000000000,9.800000000,0.992425418,0.000000000,0.000000000,-0.122848647
11.695831462,0.000000000,0.000000000,0.725350027,-0.000000000,-0.000000000,9.800000000,0.992609927,0.000000000,0.000000000,-0.121348808
11.704164794,0.000000000,0.000000000,0.725350027,-0.000000000,-0.000000000,9.800000000,0.992972144,0.000000000,0.000000000,-0.118348302
11.708331460,0.000000000,0.000000000,0.732822395,0.000000000,0.000000000,9.800000000,0.993151671,0.000000000,0.000000000,-0.116832181
11.712498126,0.000000000,0.000000000,0.732822395,0.000000000,0.000000000,9.800000000,0.993328883,0.000000000,0.000000000,-0.115315788
11.716664792,0.000000000,0.000000000,0.732822395,0.000000000,-0.000000000,9.800000000,0.993503779,0.000000000,0.000000000,-0.113799126
11.720831458,0.000000000,0.000000000,0.740012245,-0.000000000,-0.000000000,9.800000000,0.993678041,0.000000000,0.000000000,-0.112267314
11.729164790,0.000000000,0.000000000,0.740012245,-0.000000000,-0.000000000,9.800000000,0.994019481,0.000000000,0.000000000,-0.109202895
11.733331456,0.000000000,0.000000000,0.746916807,0.000000000,0.000000000,9.800000000,0.994188205,0.000000000,0.000000000,-0.107655993
11.737498122,0.000000000,0.000000000,0.746916807,0.000000000,-0.000000000,9.800000000,0.994354522,0.000000000,0.000000000,-0.106108830
11.741664788,0.000000000,0.000000000,0.746916807,0.000000000,-0.000000000,9.800000000,0.994518432,0.000000000,0.000000000,-0.104561411
11.745831454,0.000000000,0.000000000,0.753533419,-0.000000000,0.000000000,9.800000000,0.994681353,0.000000000,0.000000000,-0.103000027
11.754164786,0.000000000,0.000000000,0.753533419,-0.000000000,0.000000000,9.800000000,0.994999841,0.000000000,0.000000000,-0.099876501
11.758331452,0.000000000,0.000000000,0.759859529,-0.000000000,-0.000000000,9.800000000,0.995156703,0.000000000,0.000000000,-0.098301252
11.762498118,0.000000000,0.000000000,0.759859529,0.000000000,-0.000000000,9.800000000,0.995311071,0.000000000,0.000000000,-0.096725756
11.766664784,0.000000000,0.000000000,0.759859529,-0.000000000,-0.000000000,9.800000000,0.995462945,0.000000000,0.000000000,-0.095150018
11.770831450,0.000000000,0.000000000,0.765892699,-0.000000000,0.000000000,9.800000000,0.995613500,0.000000000,0.000000000,-0.093561527
11.779164782,0.000000000,0.000000000,0.765892699,0.000000000,-0.000000000,9.800000000,0.995907005,0.000000000,0.000000000,-0.090383835
11.783331448,0.000000000,0.000000000,0.771630602,-0.000000000,-0.000000000,9.800000000,0.996051016,0.000000000,0.000000000,-0.088782736
11.787498114,0.000000000,0.000000000,0.771630602,0.000000000,-0.000000000,9.800000000,0.996192452,0.000000000,0.000000000,-0.087181406
11.791664780,0.000000000,0.000000000,0.771630602,0.000000000,-0.000000000,9.800000000,0.996331315,0.000000000,0.000000000,-0.085579852
11.795831446,0.000000000,0.000000000,0.777071028,0.000000000,0.000000000,9.800000000,0.996468554,0.000000000,0.000000000,-0.083966782
11.804164778,0.000000000,0.000000000,0.777071028,0.000000000,0.000000000,9.800000000,0.996735198,0.000000000,0.000000000,-0.080739986
11.808331444,0.000000000,0.000000000,0.782211878,0.000000000,0.000000000,9.800000000,0.996865449,0.000000000,0.000000000,-0.079115592
11.812498110,0.000000000,0.000000000,0.782211878,0.000000000,0.000000000,9.800000000,0.996993053,0.000000000,0.000000000,-0.077490988
11.816664776,0.000000000,0.000000000,0.782211878,0.000000000,0.000000000,9.800000000,0.997118009,0.000000000,0.000000000,-0.075866178
11.820831442,0.000000000,0.000000000,0.787051170,0.000000000,0.000000000,9.800000000,0.997241065,0.000000000,0.000000000,-0.074231113
11.829164774,0.000000000,0.000000000,0.787051170,0.000000000,0.000000000,9.800000000,0.997479134,0.000000000,0.000000000,-0.070960388
11.833331440,0.000000000,0.000000000,0.791587040,0.000000000,-0.000000000,9.800000000,0.997594801,0.000000000,0.000000000,-0.069315310
11.837498106,0.000000000,0.000000000,0.791587040,-0.000000000,-0.000000000,9.800000000,0.997707755,0.000000000,0.000000000,-0.067670043
11.841664772,0.000000000,0.000000000,0.791587040,-0.000000000,-0.000000000,9.800000000,0.997817996,0.000000000,0.000000000,-0.066024593
11.845831438,0.000000000,0.000000000,0.795817737,-0.000000000,0.000000000,9.800000000,0.997926090,0.000000000,0.000000000,-0.064370167
11.854164770,0.000000000,0.000000000,0.795817737,0.000000000,0.000000000,9.800000000,0.998134049,0.000000000,0.000000000,-0.061060790
11.858331436,0.000000000,0.000000000,0.799741632,-0.000000000,-0.000000000,9.800000000,0.998234399,0.000000000,0.000000000,-0.059397686
11.862498102,0.000000000,0.000000000,0.799741632,-0.000000000,-0.000000000,9.800000000,0.998331977,0.000000000,0.000000000,-0.057734418
11.866664768,0.000000000,0.000000000,0.799741632,0.000000000,0.000000000,9.800000000,0.998426785,0.000000000,0.000000000,-0.056070990
11.870831434,0.000000000,0.000000000,0.803357211,0.000000000,0.000000000,9.800000000,0.998519230,0.000000000,0.000000000,-0.054399885
11.879164766,0.000000000,0.000000000,0.803357211,-0.000000000,-0.000000000,9.800000000,0.998695730,0.000000000,0.000000000,-0.051057222
11.883331432,0.000000000,0.000000000,0.806663081,0.000000000,0.000000000,9.800000000,0.998780123,0.000000000,0.000000000,-0.049378794
11.887498098,0.000000000,0.000000000,0.806663081,0.000000000,0.000000000,9.800000000,0.998861696,0.000000000,0.000000000,-0.047700228
11.891664764,0.000000000,0.000000000,0.806663081,0.000000000,0.000000000,9.800000000,0.998940448,0.000000000,0.000000000,-0.046021526
11.895831430,0.000000000,0.000000000,0.809657967,-0.000000000,-0.000000000,9.800000000,0.999016656,0.000000000,0.000000000,-0.044336462
11.904164762,0.000000000,0.000000000,0.809657967,-0.000000000,-0.000000000,9.800000000,0.999160543,0.000000000,0.000000000,-0.040965959
11.908331428,0.000000000,0.000000000,0.812340715,-0.000000000,-0.000000000,9.800000000,0.999228442,0.000000000,0.000000000,-0.039274945
11.912498094,0.000000000,0.000000000,0.812340715,0.000000000,0.000000000,9.800000000,0.999293479,0.000000000,0.000000000,-0.037583819
11.916664760,0.000000000,0.000000000,0.812340715,-0.000000000,0.000000000,9.800000000,0.999355654,0.000000000,0.000000000,-0.035892586
11.920831426,0.000000000,0.000000000,0.814710289,0.000000000,0.000000000,9.800000000,0.999415135,0.000000000,0.000000000,-0.034196316
11.929164758,0.000000000,0.000000000,0.814710289,0.000000000,0.000000000,9.800000000,0.999525460,0.000000000,0.000000000,-0.030803485
11.933331424,0.000000000,0.000000000,0.816765778,0.000000000,0.000000000,9.800000000,0.999576428,0.000000000,0.000000000,-0.029102654
11.937498090,0.000000000,0.000000000,0.816765778,0.000000000,0.000000000,9.800000000,0.999624502,0.000000000,0.000000000,-0.027401738
11.941664756,0.000000000,0.000000000,0.816765778,0.000000000,0.000000000,9.800000000,0.999669681,0.000000000,0.000000000,-0.025700743
11.945831422,0.000000000,0.000000000,0.818506388,0.000000000,-0.000000000,9.800000000,0.999712053,0.000000000,0.000000000,-0.023996048
11.954164754,0.000000000,0.000000000,0.818506388,0.000000000,-0.000000000,9.800000000,0.999788076,0.000000000,0.000000000,-0.020586455
11.958331420,0.000000000,0.000000000,0.819931448,0.000000000,0.000000000,9.800000000,0.999821783,0.000000000,0.000000000,-0.018878597
11.962498086,0.000000000,0.000000000,0.819931448,0.000000000,0.000000000,9.800000000,0.999852573,0.000000000,0.000000000,-0.017170685
11.966664752,0.000000000,0.000000000,0.819931448,0.000000000,0.000000000,9.800000000,0.999880445,0.000000000,0.000000000,-0.015462722
11.970831418,0.000000000,0.000000000,0.821040409,-0.000000000,-0.000000000,9.800000000,0.999905431,0.000000000,0.000000000,-0.013752404
11.979164750,0.000000000,0.000000000,0.821040409,-0.000000000,-0.000000000,9.800000000,0.999946627,0.000000000,0.000000000,-0.010331653
11.983331416,0.000000000,0.000000000,0.821832844,0.000000000,0.000000000,9.800000000,0.999962851,0.000000000,0.000000000,-0.008619578
11.987498082,0.000000000,0.000000000,0.821832844,0.000000000,0.000000000,9.800000000,0.999976143,0.000000000,0.000000000,-0.006907479
11.991664748,0.000000000,0.000000000,0.821832844,0.000000000,0.000000000,9.800000000,0.999986504,0.000000000,0.000000000,-0.005195359
11.995831414,0.000000000,0.000000000,0.822308446,-0.000000000,-0.000000000,9.800000000,0.999993937,0.000000000,0.000000000,-0.003482233
12.004164746,0.000000000,0.000000000,0.822308446,-0.000000000,0.000000000,9.800000000,0.999999998,0.000000000,0.000000000,-0.000055955
12.008331412,0.000000000,0.000000000,0.822467033,-0.000000000,0.000000000,9.800000000,0.999998626,0.000000000,0.000000000,0.001657517
12.012498078,0.000000000,0.000000000,0.822467033,-0.000000000,0.000000000,9.800000000,0.999994318,0.000000000,0.000000000,0.003370984
12.016664744,0.000000000,0.000000000,0.822467033,0.000000000,0.000000000,9.800000000,0.999987074,0.000000000,0.000000000,0.005084441
12.020831410,0.000000000,0.000000000,0.822308544,0.000000000,-0.000000000,9.800000000,0.999976896,0.000000000,0.000000000,0.006797553
12.029164742,0.000000000,0.000000000,0.822308544,-0.000000000,-0.000000000,9.800000000,0.999947736,0.000000000,0.000000000,0.010223712
12.033331408,0.000000000,0.000000000,0.821833039,0.000000000,-0.000000000,9.800000000,0.999928766,0.000000000,0.000000000,0.011935759
12.037498074,0.000000000,0.000000000,0.821833039,0.000000000,-0.000000000,9.800000000,0.999906865,0.000000000,0.000000000,0.013647771
12.041664740,0.000000000,0.000000000,0.821833039,0.000000000,-0.000000000,9.800000000,0.999882032,0.000000000,0.000000000,0.015359742
12.045831406,0.000000000,0.000000000,0.821040701,0.000000000,0.000000000,9.800000000,0.999854297,0.000000000,0.000000000,0.017070018
12.054164738,0.000000000,0.000000000,0.821040701,0.000000000,-0.000000000,9.800000000,0.999790049,0.000000000,0.000000000,0.020490416
12.058331404,0.000000000,0.000000000,0.819931837,-0.000000000,-0.000000000,9.800000000,0.999753589,0.000000000,0.000000000,0.022198217
12.062498070,0.000000000,0.000000000,0.819931837,-0.000000000,0.000000000,9.800000000,0.999714212,0.000000000,0.000000000,0.023905954
12.066664736,0.000000000,0.000000000,0.819931837,0.000000000,-0.000000000,9.800000000,0.999671917,0.000000000,0.000000000,0.025613621
12.070831402,0.000000000,0.000000000,0.818506874,0.000000000,0.000000000,9.800000000,0.999626787,0.000000000,0.000000000,0.027318246
12.079164734,0.000000000,0.000000000,0.818506874,0.000000000,0.000000000,9.800000000,0.999527806,0.000000000,0.000000000,0.030727253
12.083331400,0.000000000,0.000000000,0.816766361,0.000000000,0.000000000,9.800000000,0.999474074,0.000000000,0.000000000,0.032428000
12.087498066,0.000000000,0.000000000,0.816766361,0.000000000,0.000000000,9.800000000,0.999417448,0.000000000,0.000000000,0.034128654
12.091664732,0.000000000,0.000000000,0.816766361,0.000000000,0.000000000,9.800000000,0.999357928,0.000000000,0.000000000,0.035829209
12.095831398,0.000000000,0.000000000,0.814710969,0.000000000,0.000000000,9.800000000,0.999295675,0.000000000,0.000000000,0.037525381
12.104164730,0.000000000,0.000000000,0.814710969,0.000000000,0.000000000,9.800000000,0.999162533,0.000000000,0.000000000,0.040917396
12.108331396,0.000000000,0.000000000,0.812341491,0.000000000,0.000000000,9.800000000,0.999091854,0.000000000,0.000000000,0.042608297
12.112498062,0.000000000,0.000000000,0.812341491,0.000000000,-0.000000000,9.800000000,0.999018314,0.000000000,0.000000000,0.044299076
12.116664728,0.000000000,0.000000000,0.812341491,0.000000000,0.000000000,9.800000000,0.998941913,0.000000000,0.000000000,0.045989728
12.120831394,0.000000000,0.000000000,0.809658839,0.000000000,-0.000000000,9.800000000,0.998862917,0.000000000,0.000000000,0.047674666
12.129164726,0.000000000,0.000000000,0.809658839,-0.000000000,-0.000000000,9.800000000,0.998696399,0.000000000,0.000000000,0.051044130
12.133331392,0.000000000,0.000000000,0.806664049,0.000000000,-0.000000000,9.800000000,0.998609206,0.000000000,0.000000000,0.052722416
12.137498058,0.000000000,0.000000000,0.806664049,0.000000000,0.000000000,9.800000000,0.998519193,0.000000000,0.000000000,0.054400554
12.141664724,0.000000000,0.000000000,0.806664049,0.000000000,0.000000000,9.800000000,0.998426361,0.000000000,0.000000000,0.056078537
12.145831390,0.000000000,0.000000000,0.803358274,-0.000000000,-0.000000000,9.800000000,0.998331106,0.000000000,0.000000000,0.057749487
12.154164722,0.000000000,0.000000000,0.803358274,-0.000000000,-0.000000000,9.800000000,0.998132207,0.000000000,0.000000000,0.061090897
12.158331388,0.000000000,0.000000000,0.799742790,-0.000000000,0.000000000,9.800000000,0.998029036,0.000000000,0.000000000,0.062753830
12.162498054,0.000000000,0.000000000,0.799742790,-0.000000000,-0.000000000,9.800000000,0.997923095,0.000000000,0.000000000,0.064416588
12.166664720,0.000000000,0.000000000,0.799742790,-0.000000000,0.000000000,9.800000000,0.997814383,0.000000000,0.000000000,0.066079168
12.170831386,0.000000000,0.000000000,0.795818990,0.000000000,0.000000000,9.800000000,0.997703456,0.000000000,0.000000000,0.067733409
12.179164718,0.000000000,0.000000000,0.795818990,-0.000000000,0.000000000,9.800000000,0.997473373,0.000000000,0.000000000,0.071041327
12.183331384,0.000000000,0.000000000,0.791588386,0.000000000,0.000000000,9.800000000,0.997354859,0.000000000,0.000000000,0.072686206
12.187498050,0.000000000,0.000000000,0.791588386,0.000000000,0.000000000,9.800000000,0.997233633,0.000000000,0.000000000,0.074330886
12.191664716,0.000000000,0.000000000,0.791588386,0.000000000,0.000000000,9.800000000,0.997109695,0.000000000,0.000000000,0.075975364
12.195831382,0.000000000,0.000000000,0.787052610,-0.000000000,-0.000000000,9.800000000,0.996983778,0.000000000,0.000000000,0.077610215
12.204164714,0.000000000,0.000000000,0.787052610,-0.000000000,-0.000000000,9.800000000,0.996723904,0.000000000,0.000000000,0.080879286
12.208331380,0.000000000,0.000000000,0.782213411,0.000000000,0.000000000,9.800000000,0.996590779,0.000000000,0.000000000,0.082503450
12.212498046,0.000000000,0.000000000,0.782213411,0.000000000,0.000000000,9.800000000,0.996455007,0.000000000,0.000000000,0.084127395
12.216664712,0.000000000,0.000000000,0.782213411,0.000000000,0.000000000,9.800000000,0.996316589,0.000000000,0.000000000,0.085751116
12.220831378,0.000000000,0.000000000,0.777072653,-0.000000000,-0.000000000,9.800000000,0.996176461,0.000000000,0.000000000,0.087363941
12.229164710,0.000000000,0.000000000,0.777072653,-0.000000000,-0.000000000,9.800000000,0.995888373,0.000000000,0.000000000,0.090588900
12.233331376,0.000000000,0.000000000,0.771632319,0.000000000,-0.000000000,9.800000000,0.995741458,0.000000000,0.000000000,0.092189740
12.237498042,0.000000000,0.000000000,0.771632319,0.000000000,0.000000000,9.800000000,0.995591971,0.000000000,0.000000000,0.093790341
12.241664708,0.000000000,0.000000000,0.771632319,0.000000000,-0.000000000,9.800000000,0.995439910,0.000000000,0.000000000,0.095390700
12.245831374,0.000000000,0.000000000,0.765894507,0.000000000,-0.000000000,9.800000000,0.995286436,0.000000000,0.000000000,0.096978915
12.254164706,0.000000000,0.000000000,0.765894507,0.000000000,0.000000000,9.800000000,0.994971887,0.000000000,0.000000000,0.100154600
12.258331372,0.000000000,0.000000000,0.759861427,-0.000000000,-0.000000000,9.800000000,0.994812091,0.000000000,0.000000000,0.101729559
12.262498038,0.000000000,0.000000000,0.759861427,-0.000000000,0.000000000,9.800000000,0.994649802,0.000000000,0.000000000,0.103304263
12.266664704,0.000000000,0.000000000,0.759861427,-0.000000000,0.000000000,9.800000000,0.994485021,0.000000000,0.000000000,0.104878707
12.270831370,0.000000000,0.000000000,0.753535407,-0.000000000,0.000000000,9.800000000,0.994319150,0.000000000,0.000000000,0.106439785
12.279164702,0.000000000,0.000000000,0.753535407,0.000000000,0.000000000,9.800000000,0.993980057,0.000000000,0.000000000,0.109561149
12.283331368,0.000000000,0.000000000,0.746918884,0.000000000,-0.000000000,9.800000000,0.993808368,0.000000000,0.000000000,0.111107729
12.287498034,0.000000000,0.000000000,0.746918884,-0.000000000,-0.000000000,9.800000000,0.993634272,0.000000000,0.000000000,0.112654040
12.291664700,0.000000000,0.000000000,0.746918884,-0.000000000,-0.000000000,9.800000000,0.993457771,0.000000000,0.000000000,0.114200078
12.295831366,0.000000000,0.000000000,0.740014410,0.000000000,0.000000000,9.800000000,0.993280528,0.000000000,0.000000000,0.115731552
12.304164698,0.000000000,0.000000000,0.740014410,0.000000000,0.000000000,9.800000000,0.992918961,0.000000000,0.000000000,0.118793671
12.308331364,0.000000000,0.000000000,0.732824647,0.000000000,0.000000000,9.800000000,0.992736440,0.000000000,0.000000000,0.120309439
12.312498030,0.000000000,0.000000000,0.732824647,0.000000000,-0.000000000,9.800000000,0.992551604,0.000000000,0.000000000,0.121824927
12.316664696,0.000000000,0.000000000,0.732824647,0.000000000,0.000000000,9.800000000,0.992364455,0.000000000,0.000000000,0.123340130
12.320831362,0.000000000,0.000000000,0.725352366,0.000000000,0.000000000,9.800000000,0.992176937,0.000000000,0.000000000,0.124839601
12.329164694,0.000000000,0.000000000,0.725352366,0.000000000,-0.000000000,9.800000000,0.991795103,0.000000000,0.000000000,0.127837684
12.333331360,0.000000000,0.000000000,0.717600447,0.000000000,0.000000000,9.800000000,0.991602877,0.000000000,0.000000000,0.129320275
12.337498026,0.000000000,0.000000000,0.717600447,0.000000000,0.000000000,9.800000000,0.991408435,0.000000000,0.000000000,0.130802577
12.341664692,0.000000000,0.000000000,0.717600447,0.000000000,0.000000000,9.800000000,0.991211778,0.000000000,0.000000000,0.132284586
12.345831358,0.000000000,0.000000000,0.709571881,0.000000000,-0.000000000,9.800000000,0.991015142,0.000000000,0.000000000,0.133749724
12.354164690,0.000000000,0.000000000,0.709571881,0.000000000,0.000000000,9.800000000,0.990615373,0.000000000,0.000000000,0.136679120
12.358331356,0.000000000,0.000000000,0.701269760,0.000000000,0.000000000,9.800000000,0.990414631,0.000000000,0.000000000,0.138126242
12.362498022,0.000000000,0.000000000,0.701269760,0.000000000,-0.000000000,9.800000000,0.990211775,0.000000000,0.000000000,0.139573068
12.366664688,0.000000000,0.000000000,0.701269760,0.000000000,0.000000000,9.800000000,0.990006805,0.000000000,0.000000000,0.141019597
12.370831354,0.000000000,0.000000000,0.692697287,0.000000000,0.000000000,9.800000000,0.989802266,0.000000000,0.000000000,0.142448147
12.379164686,0.000000000,0.000000000,0.692697287,0.000000000,0.000000000,9.800000000,0.989387004,0.000000000,0.000000000,0.145304355
12.383331352,0.000000000,0.000000000,0.683857767,-0.000000000,0.000000000,9.800000000,0.989178985,0.000000000,0.000000000,0.146713790
12.387498018,0.000000000,0.000000000,0.683857767,-0.000000000,-0.000000000,9.800000000,0.988968957,0.000000000,0.000000000,0.148122927
12.391664684,0.000000000,0.000000000,0.683857767,-0.000000000,0.000000000,9.800000000,0.988756922,0.000000000,0.000000000,0.149531764
12.395831350,0.000000000,0.000000000,0.674754606,-0.000000000,-0.000000000,9.800000000,0.988545743,0.000000000,0.000000000,0.150921550
12.404164682,0.000000000,0.000000000,0.674754606,-0.000000000,0.000000000,9.800000000,0.988117524,0.000000000,0.000000000,0.153700223
12.408331348,0.000000000,0.000000000,0.665391314,0.000000000,0.000000000,9.800000000,0.987903511,0.000000000,0.000000000,0.155069835
12.412498014,0.000000000,0.000000000,0.665391314,0.000000000,-0.000000000,9.800000000,0.987687599,0.000000000,0.000000000,0.156439148
12.416664680,0.000000000,0.000000000,0.665391314,0.000000000,0.000000000,9.800000000,0.987469789,0.000000000,0.000000000,0.157808162
12.420831346,0.000000000,0.000000000,0.655771501,0.000000000,0.000000000,9.800000000,0.987253272,0.000000000,0.000000000,0.159157086
12.429164678,0.000000000,0.000000000,0.655771501,0.000000000,0.000000000,9.800000000,0.986814709,0.000000000,0.000000000,0.161854040
12.433331344,0.000000000,0.000000000,0.645898876,0.000000000,0.000000000,9.800000000,0.986596021,0.000000000,0.000000000,0.163181773
12.437498010,0.000000000,0.000000000,0.645898876,0.000000000,0.000000000,9.800000000,0.986375547,0.000000000,0.000000000,0.164509211
12.441664676,0.000000000,0.000000000,0.645898876,-0.000000000,0.000000000,9.800000000,0.986153287,0.000000000,0.000000000,0.165836350
12.445831342,0.000000000,0.000000000,0.635777245,-0.000000000,0.000000000,9.800000000,0.985932766,0.000000000,0.000000000,0.167142400
12.454164674,0.000000000,0.000000000,0.635777245,-0.000000000,0.000000000,9.800000000,0.985486534,0.000000000,0.000000000,0.169753617
12.458331340,0.000000000,0.000000000,0.625410510,-0.000000000,-0.000000000,9.800000000,0.985264520,0.000000000,0.000000000,0.171037500
12.462498006,0.000000000,0.000000000,0.625410510,-0.000000000,-0.000000000,9.800000000,0.985040832,0.000000000,0.000000000,0.172321094
12.466664672,0.000000000,0.000000000,0.625410510,-0.000000000,-0.000000000,9.800000000,0.984815472,0.000000000,0.000000000,0.173604395
12.470831338,0.000000000,0.000000000,0.614802667,0.000000000,0.000000000,9.800000000,0.984592305,0.000000000,0.000000000,0.174865642
12.479164670,0.000000000,0.000000000,0.614802667,-0.000000000,-0.000000000,9.800000000,0.984141126,0.000000000,0.000000000,0.177387273
12.483331336,0.000000000,0.000000000,0.603957806,0.000000000,0.000000000,9.800000000,0.983917150,0.000000000,0.000000000,0.178625423
12.487498002,0.000000000,0.000000000,0.603957806,0.000000000,0.000000000,9.800000000,0.983691617,0.000000000,0.000000000,0.179863290
12.491664668,0.000000000,0.000000000,0.603957806,0.000000000,0.000000000,9.800000000,0.983464526,0.000000000,0.000000000,0.181100873
12.495831334,0.000000000,0.000000000,0.592880108,0.000000000,0.000000000,9.800000000,0.983240086,0.000000000,0.000000000,0.182315477
12.504164666,0.000000000,0.000000000,0.592880108,0.000000000,0.000000000,9.800000000,0.982786706,0.000000000,0.000000000,0.184743849
12.508331332,0.000000000,0.000000000,0.581573844,0.000000000,-0.000000000,9.800000000,0.982562147,0.000000000,0.000000000,0.185934470
12.512497998,0.000000000,0.000000000,0.581573844,0.000000000,-0.000000000,9.800000000,0.982336146,0.000000000,0.000000000,0.187124817
12.516664664,0.000000000,0.000000000,0.581573844,0.000000000,-0.000000000,9.800000000,0.982108702,0.000000000,0.000000000,0.188314889
12.520831330,0.000000000,0.000000000,0.570043371,0.000000000,0.000000000,9.800000000,0.981884369,0.000000000,0.000000000,0.189481099
12.529164662,0.000000000,0.000000000,0.570043371,0.000000000,0.000000000,9.800000000,0.981431548,0.000000000,0.000000000,0.191812715
12.533331328,0.000000000,0.000000000,0.558293137,0.000000000,0.000000000,9.800000000,0.981207784,0.000000000,0.000000000,0.192954098
12.537497994,0.000000000,0.000000000,0.558293137,0.000000000,0.000000000,9.800000000,0.980982694,0.000000000,0.000000000,0.194095220
12.541664660,0.000000000,0.000000000,0.558293137,0.000000000,0.000000000,9.800000000,0.980756276,0.000000000,0.000000000,0.195236080
12.545831326,0.000000000,0.000000000,0.546327669,0.000000000,-0.000000000,9.800000000,0.980533427,0.000000000,0.000000000,0.196352233
12.554164658,0.000000000,0.000000000,0.546327669,0.000000000,-0.000000000,9.800000000,0.980083917,0.000000000,0.000000000,0.198583774
12.558331324,0.000000000,0.000000000,0.534151582,0.000000000,-0.000000000,9.800000000,0.979862323,0.000000000,0.000000000,0.199674304
12.562497990,0.000000000,0.000000000,0.534151582,-0.000000000,-0.000000000,9.800000000,0.979639516,0.000000000,0.000000000,0.200764586
12.566664656,0.000000000,0.000000000,0.534151582,-0.000000000,-0.000000000,9.800000000,0.979415495,0.000000000,0.000000000,0.201854620
12.570831322,0.000000000,0.000000000,0.521769570,-0.000000000,-0.000000000,9.800000000,0.979195497,0.000000000,0.000000000,0.202919144
12.579164654,0.000000000,0.000000000,0.521769570,0.000000000,-0.000000000,9.800000000,0.978752029,0.000000000,0.000000000,0.205047473
12.583331320,0.000000000,0.000000000,0.509186405,0.000000000,-0.000000000,9.800000000,0.978533963,0.000000000,0.000000000,0.206085622
12.587497986,0.000000000,0.000000000,0.509186405,0.000000000,0.000000000,9.800000000,0.978314796,0.000000000,0.000000000,0.207123539
12.591664652,0.000000000,0.000000000,0.509186405,0.000000000,-0.000000000,9.800000000,0.978094528,0.000000000,0.000000000,0.208161224
12.595831318,0.000000000,0.000000000,0.496406940,0.000000000,0.000000000,9.800000000,0.977878728,0.000000000,0.000000000,0.209172639
12.604164650,0.000000000,0.000000000,0.496406940,0.000000000,0.000000000,9.800000000,0.977443992,0.000000000,0.000000000,0.211194797
12.608331316,0.000000000,0.000000000,0.483436100,0.000000000,-0.000000000,9.800000000,0.977230790,0.000000000,0.000000000,0.212179131
12.612497982,0.000000000,0.000000000,0.483436100,-0.000000000,-0.000000000,9.800000000,0.977016596,0.000000000,0.000000000,0.213163249
12.616664648,0.000000000,0.000000000,0.483436100,0.000000000,-0.000000000,9.800000000,0.976801412,0.000000000,0.000000000,0.214147151
12.620831314,0.000000000,0.000000000,0.470278886,0.000000000,-0.000000000,9.800000000,0.976591133,0.000000000,0.000000000,0.215104067
12.629164646,0.000000000,0.000000000,0.470278886,-0.000000000,-0.000000000,9.800000000,0.976167763,0.000000000,0.000000000,0.217017279
12.633331312,0.000000000,0.000000000,0.456940371,-0.000000000,-0.000000000,9.800000000,0.975960729,0.000000000,0.000000000,0.217946452
12.637497978,0.000000000,0.000000000,0.456940371,-0.000000000,-0.000000000,9.800000000,0.975752811,0.000000000,0.000000000,0.218875427
12.641664644,0.000000000,0.000000000,0.456940371,-0.000000000,-0.000000000,9.800000000,0.975544008,0.000000000,0.000000000,0.219804205
12.645831310,0.000000000,0.000000000,0.443425697,-0.000000000,-0.000000000,9.800000000,0.975340536,0.000000000,0.000000000,0.220705322
12.654164642,0.000000000,0.000000000,0.443425697,-0.000000000,0.000000000,9.800000000,0.974931095,0.000000000,0.000000000,0.222506990
12.658331308,0.000000000,0.000000000,0.429740074,-0.000000000,0.000000000,9.800000000,0.974731495,0.000000000,0.000000000,0.223379748
12.662497974,0.000000000,0.000000000,0.429740074,-0.000000000,-0.000000000,9.800000000,0.974531115,0.000000000,0.000000000,0.224252327
12.666664640,0.000000000,0.000000000,0.429740074,-0.000000000,0.000000000,9.800000000,0.974329953,0.000000000,0.000000000,0.225124727
12.670831306,0.000000000,0.000000000,0.415888778,0.000000000,0.000000000,9.800000000,0.974134531,0.000000000,0.000000000,0.225968836
12.679164638,0.000000000,0.000000000,0.415888778,0.000000000,0.000000000,9.800000000,0.973741494,0.000000000,0.000000000,0.227656544
12.683331304,0.000000000,0.000000000,0.401877149,0.000000000,0.000000000,9.800000000,0.973550549,0.000000000,0.000000000,0.228471723
12.687497970,0.000000000,0.000000000,0.401877149,0.000000000,-0.000000000,9.800000000,0.973358921,0.000000000,0.000000000,0.229286742
12.691664636,0.000000000,0.000000000,0.401877149,0.000000000,-0.000000000,9.800000000,0.973166611,0.000000000,0.000000000,0.230101601
12.695831302,0.000000000,0.000000000,0.387710589,-0.000000000,0.000000000,9.800000000,0.972980434,0.000000000,0.000000000,0.230887582
12.704164634,0.000000000,0.000000000,0.387710589,-0.000000000,-0.000000000,9.800000000,0.972606175,0.000000000,0.000000000,0.232459091
12.708331300,0.000000000,0.000000000,0.373394559,0.000000000,-0.000000000,9.800000000,0.972425049,0.000000000,0.000000000,0.233215616
12.712497966,0.000000000,0.000000000,0.373394559,0.000000000,-0.000000000,9.800000000,0.972243335,0.000000000,0.000000000,0.233972000
12.716664632,0.000000000,0.000000000,0.373394559,-0.000000000,-0.000000000,9.800000000,0.972061033,0.000000000,0.000000000,0.234728242
12.720831298,0.000000000,0.000000000,0.358934578,0.000000000,0.000000000,9.800000000,0.971885236,0.000000000,0.000000000,0.235455065
12.729164630,0.000000000,0.000000000,0.358934578,0.000000000,-0.000000000,9.800000000,0.971532012,0.000000000,0.000000000,0.236908314
12.733331296,0.000000000,0.000000000,0.344336221,0.000000000,-0.000000000,9.800000000,0.971361812,0.000000000,0.000000000,0.237605198
12.737497962,0.000000000,0.000000000,0.344336221,0.000000000,-0.000000000,9.800000000,0.971191112,0.000000000,0.000000000,0.238301960
12.741664628,0.000000000,0.000000000,0.344336221,0.000000000,-0.000000000,9.800000000,0.971019912,0.000000000,0.000000000,0.238998599
12.745831294,0.000000000,0.000000000,0.329605116,0.000000000,0.000000000,9.800000000,0.970855568,0.000000000,0.000000000,0.239665320
12.754164626,0.000000000,0.000000000,0.329605116,0.000000000,0.000000000,9.800000000,0.970525507,0.000000000,0.000000000,0.240998422
12.758331292,0.000000000,0.000000000,0.314746942,0.000000000,-0.000000000,9.800000000,0.970367271,0.000000000,0.000000000,0.241634766
12.762497958,0.000000000,0.000000000,0.314746942,0.000000000,0.000000000,9.800000000,0.970208617,0.000000000,0.000000000,0.242271006
12.766664624,0.000000000,0.000000000,0.314746942,0.000000000,0.000000000,9.800000000,0.970049546,0.000000000,0.000000000,0.242907141
12.770831290,0.000000000,0.000000000,0.299767427,0.000000000,0.000000000,9.800000000,0.969897657,0.000000000,0.000000000,0.243512905
12.779164622,0.000000000,0.000000000,0.299767427,0.000000000,0.000000000,9.800000000,0.969592746,0.000000000,0.000000000,0.244724146
12.783331288,0.000000000,0.000000000,0.284672347,0.000000000,0.000000000,9.800000000,0.969447437,0.000000000,0.000000000,0.245299137
12.787497954,0.000000000,0.000000000,0.284672347,0.000000000,0.000000000,9.800000000,0.969301788,0.000000000,0.000000000,0.245874041
12.791664620,0.000000000,0.000000000,0.284672347,0.000000000,0.000000000,9.800000000,0.969155797,0.000000000,0.000000000,0.246448859
12.795831286,0.000000000,0.000000000,0.269467519,0.000000000,0.000000000,9.800000000,0.969017291,0.000000000,0.000000000,0.246992895
12.804164618,0.000000000,0.000000000,0.269467519,0.000000000,0.000000000,9.800000000,0.968739361,0.000000000,0.000000000,0.248080734
12.808331284,0.000000000,0.000000000,0.254158807,0.000000000,-0.000000000,9.800000000,0.968607867,0.000000000,0.000000000,0.248593644
12.812497950,0.000000000,0.000000000,0.254158807,0.000000000,-0.000000000,9.800000000,0.968476102,0.000000000,0.000000000,0.249106485
12.816664616,0.000000000,0.000000000,0.254158807,-0.000000000,-0.000000000,9.800000000,0.968344065,0.000000000,0.000000000,0.249619255
12.820831282,0.000000000,0.000000000,0.238752112,0.000000000,-0.000000000,9.800000000,0.968219784,0.000000000,0.000000000,0.250100879
12.829164614,0.000000000,0.000000000,0.238752112,0.000000000,0.000000000,9.800000000,0.967970505,0.000000000,0.000000000,0.251063941
12.833331280,0.000000000,0.000000000,0.223253373,0.000000000,0.000000000,9.800000000,0.967853627,0.000000000,0.000000000,0.251514127
12.837497946,0.000000000,0.000000000,0.223253373,0.000000000,0.000000000,9.800000000,0.967736541,0.000000000,0.000000000,0.251964260
12.841664612,0.000000000,0.000000000,0.223253373,-0.000000000,0.000000000,9.800000000,0.967619244,0.000000000,0.000000000,0.252414337
12.845831278,0.000000000,0.000000000,0.207668566,-0.000000000,0.000000000,9.800000000,0.967509949,0.000000000,0.000000000,0.252832947
12.854164610,0.000000000,0.000000000,0.207668566,-0.000000000,0.000000000,9.800000000,0.967290814,0.000000000,0.000000000,0.253670025
12.858331276,0.000000000,0.000000000,0.192003699,0.000000000,0.000000000,9.800000000,0.967189266,0.000000000,0.000000000,0.254056928
12.862497942,0.000000000,0.000000000,0.192003699,0.000000000,0.000000000,9.800000000,0.967087564,0.000000000,0.000000000,0.254443791
12.866664608,0.000000000,0.000000000,0.192003699,0.000000000,0.000000000,9.800000000,0.966985707,0.000000000,0.000000000,0.254830613
12.870831274,0.000000000,0.000000000,0.176264810,0.000000000,0.000000000,9.800000000,0.966892064,0.000000000,0.000000000,0.255185691
12.879164606,0.000000000,0.000000000,0.176264810,-0.000000000,-0.000000000,9.800000000,0.966704385,0.000000000,0.000000000,0.255895743
12.883331272,0.000000000,0.000000000,0.160457969,0.000000000,0.000000000,9.800000000,0.966618789,0.000000000,0.000000000,0.256218886
12.887497938,0.000000000,0.000000000,0.160457969,-0.000000000,0.000000000,9.800000000,0.966533084,0.000000000,0.000000000,0.256542000
12.891664604,0.000000000,0.000000000,0.160457969,-0.000000000,-0.000000000,9.800000000,0.966447271,0.000000000,0.000000000,0.256865086
12.895831270,0.000000000,0.000000000,0.144589267,-0.000000000,0.000000000,9.800000000,0.966369852,0.000000000,0.000000000,0.257156195
12.904164602,0.000000000,0.000000000,0.144589267,0.000000000,0.000000000,9.800000000,0.966214752,0.000000000,0.000000000,0.257738342
12.908331268,0.000000000,0.000000000,0.128664824,-0.000000000,0.000000000,9.800000000,0.966145630,0.000000000,0.000000000,0.257997329
12.912497934,0.000000000,0.000000000,0.128664824,-0.000000000,0.000000000,9.800000000,0.966076439,0.000000000,0.000000000,0.258256296
12.916664600,0.000000000,0.000000000,0.128664824,-0.000000000,0.000000000,9.800000000,0.966007178,0.000000000,0.000000000,0.258515245
12.920831266,0.000000000,0.000000000,0.112690778,0.000000000,0.000000000,9.800000000,0.965946459,0.000000000,0.000000000,0.258742030
12.929164598,0.000000000,0.000000000,0.112690778,-0.000000000,0.000000000,9.800000000,0.965824862,0.000000000,0.000000000,0.259195557
12.933331264,0.000000000,0.000000000,0.096673288,0.000000000,0.000000000,9.800000000,0.965772639,0.000000000,0.000000000,0.259390071
12.937497930,0.000000000,0.000000000,0.096673288,0.000000000,0.000000000,9.800000000,0.965720378,0.000000000,0.000000000,0.259584575
12.941664596,0.000000000,0.000000000,0.096673288,0.000000000,0.000000000,9.800000000,0.965668077,0.000000000,0.000000000,0.259779069
12.945831262,0.000000000,0.000000000,0.080618528,0.000000000,0.000000000,9.800000000,0.965624432,0.000000000,0.000000000,0.259941254
12.954164594,0.000000000,0.000000000,0.080618528,-0.000000000,-0.000000000,9.800000000,0.965537061,0.000000000,0.000000000,0.260265603
12.958331260,0.000000000,0.000000000,0.064532688,0.000000000,0.000000000,9.800000000,0.965502061,0.000000000,0.000000000,0.260395410
12.962497926,0.000000000,0.000000000,0.064532688,0.000000000,0.000000000,9.800000000,0.965467044,0.000000000,0.000000000,0.260525213
12.966664592,0.000000000,0.000000000,0.064532688,0.000000000,0.000000000,9.800000000,0.965432010,0.000000000,0.000000000,0.260655011
12.970831258,0.000000000,0.000000000,0.048421970,0.000000000,0.000000000,9.800000000,0.965405710,0.000000000,0.000000000,0.260752401
12.979164590,0.000000000,0.000000000,0.048421970,0.000000000,0.000000000,9.800000000,0.965353082,0.000000000,0.000000000,0.260947175
12.983331256,0.000000000,0.000000000,0.032292584,-0.000000000,-0.000000000,9.800000000,0.965335524,0.000000000,0.000000000,0.261012119
12.987497922,0.000000000,0.000000000,0.032292584,-0.000000000,-0.000000000,9.800000000,0.965317962,0.000000000,0.000000000,0.261077063
12.991664588,0.000000000,0.000000000,0.032292584,-0.000000000,-0.000000000,9.800000000,0.965300395,0.000000000,0.000000000,0.261142005
12.995831254,0.000000000,0.000000000,0.016150749,0.000000000,-0.000000000,9.800000000,0.965291608,0.000000000,0.000000000,0.261174485
13.004164586,0.000000000,0.000000000,0.016150749,0.000000000,-0.000000000,9.800000000,0.965274030,0.000000000,0.000000000,0.261239443
13.008331252,0.000000000,0.000000000,0.000002687,-0.000000000,-0.000000000,9.800000000,0.965274029,0.000000000,0.000000000,0.261239449
13.012497918,0.000000000,0.000000000,0.000002687,-0.000000000,-0.000000000,9.800000000,0.965274027,0.000000000,0.000000000,0.261239454
13.016664584,0.000000000,0.000000000,0.000002687,-0.000000000,-0.000000000,9.800000000,0.965274026,0.000000000,0.000000000,0.261239460
13.020831250,0.000000000,0.000000000,-0.016145376,-0.000000000,0.000000000,9.800000000,0.965282812,0.000000000,0.000000000,0.261206991
13.029164582,0.000000000,0.000000000,-0.016145376,-0.000000000,0.000000000,9.800000000,0.965300382,0.000000000,0.000000000,0.261142054
13.033331248,0.000000000,0.000000000,-0.032287214,-0.000000000,-0.000000000,9.800000000,0.965317946,0.000000000,0.000000000,0.261077122
13.037497914,0.000000000,0.000000000,-0.032287214,0.000000000,-0.000000000,9.800000000,0.965335505,0.000000000,0.000000000,0.261012189
13.041664580,0.000000000,0.000000000,-0.032287214,0.000000000,-0.000000000,9.800000000,0.965353060,0.000000000,0.000000000,0.260947256
13.045831246,0.000000000,0.000000000,-0.048416605,0.000000000,0.000000000,9.800000000,0.965379376,0.000000000,0.000000000,0.260849881
13.054164578,0.000000000,0.000000000,-0.048416605,0.000000000,0.000000000,9.800000000,0.965431979,0.000000000,0.000000000,0.260655124
13.058331244,0.000000000,0.000000000,-0.064527330,0.000000000,0.000000000,9.800000000,0.965467011,0.000000000,0.000000000,0.260525337
13.062497910,0.000000000,0.000000000,-0.064527330,0.000000000,0.000000000,9.800000000,0.965502025,0.000000000,0.000000000,0.260395545
13.066664576,0.000000000,0.000000000,-0.064527330,0.000000000,0.000000000,9.800000000,0.965537022,0.000000000,0.000000000,0.260265748
13.070831242,0.000000000,0.000000000,-0.080613180,0.000000000,0.000000000,9.800000000,0.965580718,0.000000000,0.000000000,0.260103588
13.079164574,0.000000000,0.000000000,-0.080613180,0.000000000,0.000000000,9.800000000,0.965668029,0.000000000,0.000000000,0.259779247
13.083331240,0.000000000,0.000000000,-0.096667951,0.000000000,0.000000000,9.800000000,0.965720327,0.000000000,0.000000000,0.259584764
13.087497906,0.000000000,0.000000000,-0.096667951,0.000000000,0.000000000,9.800000000,0.965772586,0.000000000,0.000000000,0.259390271
13.091664572,0.000000000,0.000000000,-0.096667951,0.000000000,-0.000000000,9.800000000,0.965824805,0.000000000,0.000000000,0.259195767
13.095831238,0.000000000,0.000000000,-0.112685454,-0.000000000,0.000000000,9.800000000,0.965885628,0.000000000,0.000000000,0.258969022
13.104164570,0.000000000,0.000000000,-0.112685454,0.000000000,0.000000000,9.800000000,0.966007113,0.000000000,0.000000000,0.258515488
13.108331236,0.000000000,0.000000000,-0.128659516,-0.000000000,0.000000000,9.800000000,0.966076371,0.000000000,0.000000000,0.258256550
13.112497902,0.000000000,0.000000000,-0.128659516,-0.000000000,-0.000000000,9.800000000,0.966145560,0.000000000,0.000000000,0.257997593
13.116664568,0.000000000,0.000000000,-0.128659516,-0.000000000,0.000000000,9.800000000,0.966214679,0.000000000,0.000000000,0.257738617
13.120831234,0.000000000,0.000000000,-0.144583977,-0.000000000,-0.000000000,9.800000000,0.966292270,0.000000000,0.000000000,0.257447565
13.129164566,0.000000000,0.000000000,-0.144583977,0.000000000,0.000000000,9.800000000,0.966447190,0.000000000,0.000000000,0.256865392
13.133331232,0.000000000,0.000000000,-0.160452697,0.000000000,0.000000000,9.800000000,0.966533000,0.000000000,0.000000000,0.256542317
13.137497898,0.000000000,0.000000000,-0.160452697,0.000000000,0.000000000,9.800000000,0.966618702,0.000000000,0.000000000,0.256219214
13.141664564,0.000000000,0.000000000,-0.160452697,0.000000000,0.000000000,9.800000000,0.966704296,0.000000000,0.000000000,0.255896082
13.145831230,0.000000000,0.000000000,-0.176259561,-0.000000000,-0.000000000,9.800000000,0.966798197,0.000000000,0.000000000,0.255541083
13.154164562,0.000000000,0.000000000,-0.176259561,-0.000000000,-0.000000000,9.800000000,0.966985610,0.000000000,0.000000000,0.254830984
13.158331228,0.000000000,0.000000000,-0.191998473,-0.000000000,-0.000000000,9.800000000,0.967087464,0.000000000,0.000000000,0.254444172
13.162497894,0.000000000,0.000000000,-0.191998473,-0.000000000,-0.000000000,9.800000000,0.967189164,0.000000000,0.000000000,0.254057320
13.166664560,0.000000000,0.000000000,-0.191998473,0.000000000,-0.000000000,9.800000000,0.967290708,0.000000000,0.000000000,0.253670427
13.170831226,0.000000000,0.000000000,-0.207663366,0.000000000,0.000000000,9.800000000,0.967400364,0.000000000,0.000000000,0.253251922
13.179164558,0.000000000,0.000000000,-0.207663366,0.000000000,0.000000000,9.800000000,0.967619131,0.000000000,0.000000000,0.252414771
13.183331224,0.000000000,0.000000000,-0.223248200,0.000000000,0.000000000,9.800000000,0.967736425,0.000000000,0.000000000,0.251964704
13.187497890,0.000000000,0.000000000,-0.223248200,0.000000000,0.000000000,9.800000000,0.967853509,0.000000000,0.000000000,0.251514582
13.191664556,0.000000000,0.000000000,-0.223248200,0.000000000,0.000000000,9.800000000,0.967970384,0.000000000,0.000000000,0.251064406
13.195831222,0.000000000,0.000000000,-0.238746969,0.000000000,-0.000000000,9.800000000,0.968095141,0.000000000,0.000000000,0.250582916
13.204164554,0.000000000,0.000000000,-0.238746969,0.000000000,-0.000000000,9.800000000,0.968343937,0.000000000,0.000000000,0.249619752
13.208331220,0.000000000,0.000000000,-0.254153696,-0.000000000,0.000000000,9.800000000,0.968475971,0.000000000,0.000000000,0.249106991
13.212497886,0.000000000,0.000000000,-0.254153696,0.000000000,0.000000000,9.800000000,0.968607734,0.000000000,0.000000000,0.248594161
13.216664552,0.000000000,0.000000000,-0.254153696,0.000000000,0.000000000,9.800000000,0.968739226,0.000000000,0.000000000,0.248081261
13.220831218,0.000000000,0.000000000,-0.269462441,0.000000000,0.000000000,9.800000000,0.968878341,0.000000000,0.000000000,0.247537392
13.229164550,0.000000000,0.000000000,-0.269462441,0.000000000,0.000000000,9.800000000,0.969155655,0.000000000,0.000000000,0.246449418
13.233331216,0.000000000,0.000000000,-0.284667304,0.000000000,0.000000000,9.800000000,0.969301643,0.000000000,0.000000000,0.245874610
13.237497882,0.000000000,0.000000000,-0.284667304,0.000000000,0.000000000,9.800000000,0.969447291,0.000000000,0.000000000,0.245299716
13.241664548,0.000000000,0.000000000,-0.284667304,0.000000000,0.000000000,9.800000000,0.969592597,0.000000000,0.000000000,0.244724736
13.245831214,0.000000000,0.000000000,-0.299762423,0.000000000,-0.000000000,9.800000000,0.969745239,0.000000000,0.000000000,0.244119173
13.254164546,0.000000000,0.000000000,-0.299762423,0.000000000,-0.000000000,9.800000000,0.970049390,0.000000000,0.000000000,0.242907761
13.258331212,0.000000000,0.000000000,-0.314741977,-0.000000000,-0.000000000,9.800000000,0.970208459,0.000000000,0.000000000,0.242271636
13.262497878,0.000000000,0.000000000,-0.314741977,-0.000000000,-0.000000000,9.800000000,0.970367111,0.000000000,0.000000000,0.241635406
13.266664544,0.000000000,0.000000000,-0.314741977,0.000000000,-0.000000000,9.800000000,0.970525346,0.000000000,0.000000000,0.240999072
13.270831210,0.000000000,0.000000000,-0.329600192,0.000000000,0.000000000,9.800000000,0.970690603,0.000000000,0.000000000,0.240332588
13.279164542,0.000000000,0.000000000,-0.329600192,-0.000000000,0.000000000,9.800000000,0.971019745,0.000000000,0.000000000,0.238999279
13.283331208,0.000000000,0.000000000,-0.344331340,-0.000000000,0.000000000,9.800000000,0.971190943,0.000000000,0.000000000,0.238302650
13.287497874,0.000000000,0.000000000,-0.344331340,-0.000000000,-0.000000000,9.800000000,0.971361641,0.000000000,0.000000000,0.237605899
13.291664540,0.000000000,0.000000000,-0.344331340,-0.000000000,-0.000000000,9.800000000,0.971531839,0.000000000,0.000000000,0.236909025
13.295831206,0.000000000,0.000000000,-0.358929742,-0.000000000,-0.000000000,9.800000000,0.971708721,0.000000000,0.000000000,0.236182476
13.304164538,0.000000000,0.000000000,-0.358929742,-0.000000000,-0.000000000,9.800000000,0.972060854,0.000000000,0.000000000,0.234728983
13.308331204,0.000000000,0.000000000,-0.373389770,-0.000000000,0.000000000,9.800000000,0.972243155,0.000000000,0.000000000,0.233972750
13.312497870,0.000000000,0.000000000,-0.373389770,-0.000000000,-0.000000000,9.800000000,0.972424867,0.000000000,0.000000000,0.233216376
13.316664536,0.000000000,0.000000000,-0.373389770,-0.000000000,-0.000000000,9.800000000,0.972605991,0.000000000,0.000000000,0.232459861
13.320831202,0.000000000,0.000000000,-0.387705849,0.000000000,0.000000000,9.800000000,0.972793436,0.000000000,0.000000000,0.231674192
13.329164534,0.000000000,0.000000000,-0.387705849,0.000000000,0.000000000,9.800000000,0.973166422,0.000000000,0.000000000,0.230102400
13.333331200,0.000000000,0.000000000,-0.401872460,0.000000000,0.000000000,9.800000000,0.973358731,0.000000000,0.000000000,0.229287551
13.337497866,0.000000000,0.000000000,-0.401872460,0.000000000,0.000000000,9.800000000,0.973550357,0.000000000,0.000000000,0.228472542
13.341664532,0.000000000,0.000000000,-0.401872460,0.000000000,0.000000000,9.800000000,0.973741301,0.000000000,0.000000000,0.227657372
13.345831198,0.000000000,0.000000000,-0.415884141,-0.000000000,0.000000000,9.800000000,0.973938183,0.000000000,0.000000000,0.226813613
13.354164530,0.000000000,0.000000000,-0.415884141,0.000000000,0.000000000,9.800000000,0.974329755,0.000000000,0.000000000,0.225125584
13.358331196,0.000000000,0.000000000,-0.429735492,0.000000000,0.000000000,9.800000000,0.974530915,0.000000000,0.000000000,0.224253194
13.362497862,0.000000000,0.000000000,-0.429735492,0.000000000,0.000000000,9.800000000,0.974731295,0.000000000,0.000000000,0.223380624
13.366664528,0.000000000,0.000000000,-0.429735492,-0.000000000,0.000000000,9.800000000,0.974930893,0.000000000,0.000000000,0.222507875
13.370831194,0.000000000,0.000000000,-0.443421171,-0.000000000,0.000000000,9.800000000,0.975136028,0.000000000,0.000000000,0.221607145
13.379164526,0.000000000,0.000000000,-0.443421171,-0.000000000,0.000000000,9.800000000,0.975543802,0.000000000,0.000000000,0.219805118
13.383331192,0.000000000,0.000000000,-0.456935903,0.000000000,0.000000000,9.800000000,0.975752604,0.000000000,0.000000000,0.218876350
13.387497858,0.000000000,0.000000000,-0.456935903,0.000000000,0.000000000,9.800000000,0.975960521,0.000000000,0.000000000,0.217947384
13.391664524,0.000000000,0.000000000,-0.456935903,0.000000000,0.000000000,9.800000000,0.976167553,0.000000000,0.000000000,0.217018220
13.395831190,0.000000000,0.000000000,-0.470274477,0.000000000,-0.000000000,9.800000000,0.976379706,0.000000000,0.000000000,0.216061727
13.404164522,0.000000000,0.000000000,-0.470274477,0.000000000,-0.000000000,9.800000000,0.976801199,0.000000000,0.000000000,0.214148120
13.408331188,0.000000000,0.000000000,-0.483431752,-0.000000000,-0.000000000,9.800000000,0.977016383,0.000000000,0.000000000,0.213164227
13.412497854,0.000000000,0.000000000,-0.483431752,0.000000000,-0.000000000,9.800000000,0.977230575,0.000000000,0.000000000,0.212180118
13.416664520,0.000000000,0.000000000,-0.483431752,-0.000000000,-0.000000000,9.800000000,0.977443777,0.000000000,0.000000000,0.211195793
13.420831186,0.000000000,0.000000000,-0.496402655,0.000000000,0.000000000,9.800000000,0.977661667,0.000000000,0.000000000,0.210184836
13.429164518,0.000000000,0.000000000,-0.496402655,0.000000000,0.000000000,9.800000000,0.978094310,0.000000000,0.000000000,0.208162247
13.433331184,0.000000000,0.000000000,-0.509182185,0.000000000,-0.000000000,9.800000000,0.978314577,0.000000000,0.000000000,0.207124571
13.437497850,0.000000000,0.000000000,-0.509182185,0.000000000,0.000000000,9.800000000,0.978533744,0.000000000,0.000000000,0.206086663
13.441664516,0.000000000,0.000000000,-0.509182185,0.000000000,0.000000000,9.800000000,0.978751809,0.000000000,0.000000000,0.205048522
13.445831182,0.000000000,0.000000000,-0.521765415,0.000000000,0.000000000,9.800000000,0.978974121,0.000000000,0.000000000,0.203984487
13.454164514,0.000000000,0.000000000,-0.521765415,0.000000000,0.000000000,9.800000000,0.979415274,0.000000000,0.000000000,0.201855695
13.458331180,0.000000000,0.000000000,-0.534147496,0.000000000,0.000000000,9.800000000,0.979639294,0.000000000,0.000000000,0.200765670
13.462497846,0.000000000,0.000000000,-0.534147496,0.000000000,0.000000000,9.800000000,0.979862100,0.000000000,0.000000000,0.199675397
13.466664512,0.000000000,0.000000000,-0.534147496,0.000000000,0.000000000,9.800000000,0.980083694,0.000000000,0.000000000,0.198584876
13.470831178,0.000000000,0.000000000,-0.546323652,0.000000000,0.000000000,9.800000000,0.980309083,0.000000000,0.000000000,0.197469241
13.479164510,0.000000000,0.000000000,-0.546323652,0.000000000,0.000000000,9.800000000,0.980756052,0.000000000,0.000000000,0.195237207
13.483331176,0.000000000,0.000000000,-0.558289190,0.000000000,0.000000000,9.800000000,0.980982469,0.000000000,0.000000000,0.194096356
13.487497842,0.000000000,0.000000000,-0.558289190,0.000000000,0.000000000,9.800000000,0.981207559,0.000000000,0.000000000,0.192955242
13.491664508,0.000000000,0.000000000,-0.558289190,0.000000000,0.000000000,9.800000000,0.981431322,0.000000000,0.000000000,0.191813867
13.495831174,0.000000000,0.000000000,-0.570039497,0.000000000,0.000000000,9.800000000,0.981658425,0.000000000,0.000000000,0.190648201
13.504164506,0.000000000,0.000000000,-0.570039497,0.000000000,0.000000000,9.800000000,0.982108476,0.000000000,0.000000000,0.188316066
13.508331172,0.000000000,0.000000000,-0.581570043,0.000000000,0.000000000,9.800000000,0.982335920,0.000000000,0.000000000,0.187126001
13.512497838,0.000000000,0.000000000,-0.581570043,0.000000000,0.000000000,9.800000000,0.982561922,0.000000000,0.000000000,0.185935662
13.516664504,0.000000000,0.000000000,-0.581570043,0.000000000,-0.000000000,9.800000000,0.982786481,0.000000000,0.000000000,0.184745050
13.520831170,0.000000000,0.000000000,-0.592876383,-0.000000000,-0.000000000,9.800000000,0.983013920,0.000000000,0.000000000,0.183531012
13.529164502,0.000000000,0.000000000,-0.592876383,0.000000000,0.000000000,9.800000000,0.983464301,0.000000000,0.000000000,0.181102097
13.533331168,0.000000000,0.000000000,-0.603954158,0.000000000,0.000000000,9.800000000,0.983691391,0.000000000,0.000000000,0.179864522
13.537497834,0.000000000,0.000000000,-0.603954158,0.000000000,0.000000000,9.800000000,0.983916925,0.000000000,0.000000000,0.178626663
13.541664500,0.000000000,0.000000000,-0.603954158,0.000000000,0.000000000,9.800000000,0.984140901,0.000000000,0.000000000,0.177388520
13.545831166,0.000000000,0.000000000,-0.614799097,0.000000000,0.000000000,9.800000000,0.984367298,0.000000000,0.000000000,0.176127857
13.554164498,0.000000000,0.000000000,-0.614799097,0.000000000,0.000000000,9.800000000,0.984815248,0.000000000,0.000000000,0.173605665
13.558331164,0.000000000,0.000000000,-0.625407020,0.000000000,0.000000000,9.800000000,0.985040608,0.000000000,0.000000000,0.172322372
13.562497830,0.000000000,0.000000000,-0.625407020,-0.000000000,0.000000000,9.800000000,0.985264296,0.000000000,0.000000000,0.171038786
13.566664496,0.000000000,0.000000000,-0.625407020,-0.000000000,0.000000000,9.800000000,0.985486312,0.000000000,0.000000000,0.169754909
13.570831162,0.000000000,0.000000000,-0.635773836,-0.000000000,-0.000000000,9.800000000,0.985710293,0.000000000,0.000000000,0.168449456
13.579164494,0.000000000,0.000000000,-0.635773836,0.000000000,-0.000000000,9.800000000,0.986153066,0.000000000,0.000000000,0.165837665
13.583331160,0.000000000,0.000000000,-0.645895549,0.000000000,0.000000000,9.800000000,0.986375326,0.000000000,0.000000000,0.164510532
13.587497826,0.000000000,0.000000000,-0.645895549,0.000000000,0.000000000,9.800000000,0.986595801,0.000000000,0.000000000,0.163183102
13.591664492,0.000000000,0.000000000,-0.645895549,0.000000000,0.000000000,9.800000000,0.986814490,0.000000000,0.000000000,0.161855376
13.595831158,0.000000000,0.000000000,-0.655768258,0.000000000,0.000000000,9.800000000,0.987034693,0.000000000,0.000000000,0.160507056
13.604164490,0.000000000,0.000000000,-0.655768258,0.000000000,0.000000000,9.800000000,0.987469572,0.000000000,0.000000000,0.157809518
13.608331156,0.000000000,0.000000000,-0.665388155,-0.000000000,0.000000000,9.800000000,0.987687383,0.000000000,0.000000000,0.156440512
13.612497822,0.000000000,0.000000000,-0.665388155,-0.000000000,0.000000000,9.800000000,0.987903296,0.000000000,0.000000000,0.155071205
13.616664488,0.000000000,0.000000000,-0.665388155,-0.000000000,-0.000000000,9.800000000,0.988117310,0.000000000,0.000000000,0.153701600
13.620831154,0.000000000,0.000000000,-0.674751533,-0.000000000,0.000000000,9.800000000,0.988332397,0.000000000,0.000000000,0.152312421
13.629164486,0.000000000,0.000000000,-0.674751533,-0.000000000,0.000000000,9.800000000,0.988756711,0.000000000,0.000000000,0.149533161
13.633331152,0.000000000,0.000000000,-0.683854781,0.000000000,0.000000000,9.800000000,0.988968747,0.000000000,0.000000000,0.148124331
13.637497818,0.000000000,0.000000000,-0.683854781,-0.000000000,0.000000000,9.800000000,0.989178776,0.000000000,0.000000000,0.146715200
13.641664484,0.000000000,0.000000000,-0.683854781,-0.000000000,0.000000000,9.800000000,0.989386796,0.000000000,0.000000000,0.145305771
13.645831150,0.000000000,0.000000000,-0.692694390,0.000000000,0.000000000,9.800000000,0.989595459,0.000000000,0.000000000,0.143877824
13.654164482,0.000000000,0.000000000,-0.692694390,0.000000000,0.000000000,9.800000000,0.990006600,0.000000000,0.000000000,0.141021032
13.658331148,0.000000000,0.000000000,-0.701266952,0.000000000,0.000000000,9.800000000,0.990211571,0.000000000,0.000000000,0.139574509
13.662497814,0.000000000,0.000000000,-0.701266952,0.000000000,0.000000000,9.800000000,0.990414429,0.000000000,0.000000000,0.138127689
13.666664480,0.000000000,0.000000000,-0.701266952,0.000000000,0.000000000,9.800000000,0.990615173,0.000000000,0.000000000,0.136680574
13.670831146,0.000000000,0.000000000,-0.709569163,0.000000000,0.000000000,9.800000000,0.990816141,0.000000000,0.000000000,0.135216029
13.679164478,0.000000000,0.000000000,-0.709569163,0.000000000,-0.000000000,9.800000000,0.991211581,0.000000000,0.000000000,0.132286057
13.683331144,0.000000000,0.000000000,-0.717597821,0.000000000,0.000000000,9.800000000,0.991408241,0.000000000,0.000000000,0.130804054
13.687497810,0.000000000,0.000000000,-0.717597821,0.000000000,0.000000000,9.800000000,0.991602684,0.000000000,0.000000000,0.129321757
13.691664476,0.000000000,0.000000000,-0.717597821,0.000000000,0.000000000,9.800000000,0.991794911,0.000000000,0.000000000,0.127839172
13.695831142,0.000000000,0.000000000,-0.725349832,0.000000000,0.000000000,9.800000000,0.991986962,0.000000000,0.000000000,0.126340281
13.704164474,0.000000000,0.000000000,-0.725349832,-0.000000000,0.000000000,9.800000000,0.992364268,0.000000000,0.000000000,0.123341635
13.708331140,0.000000000,0.000000000,-0.732822207,-0.000000000,-0.000000000,9.800000000,0.992551419,0.000000000,0.000000000,0.121826437
13.712497806,0.000000000,0.000000000,-0.732822207,-0.000000000,-0.000000000,9.800000000,0.992736256,0.000000000,0.000000000,0.120310955
13.716664472,0.000000000,0.000000000,-0.732822207,0.000000000,-0.000000000,9.800000000,0.992918779,0.000000000,0.000000000,0.118795192
13.720831138,0.000000000,0.000000000,-0.740012065,0.000000000,0.000000000,9.800000000,0.993100745,0.000000000,0.000000000,0.117264277
13.729164470,0.000000000,0.000000000,-0.740012065,0.000000000,0.000000000,9.800000000,0.993457594,0.000000000,0.000000000,0.114201615
13.733331136,0.000000000,0.000000000,-0.746916634,0.000000000,0.000000000,9.800000000,0.993634098,0.000000000,0.000000000,0.112655581
13.737497802,0.000000000,0.000000000,-0.746916634,0.000000000,-0.000000000,9.800000000,0.993808195,0.000000000,0.000000000,0.111109275
13.741664468,0.000000000,0.000000000,-0.746916634,0.000000000,0.000000000,9.800000000,0.993979886,0.000000000,0.000000000,0.109562700
13.745831134,0.000000000,0.000000000,-0.753533253,0.000000000,0.000000000,9.800000000,0.994150660,0.000000000,0.000000000,0.108002156
13.754164466,0.000000000,0.000000000,-0.753533253,0.000000000,0.000000000,9.800000000,0.994484856,0.000000000,0.000000000,0.104880273
13.758331132,0.000000000,0.000000000,-0.759859371,-0.000000000,0.000000000,9.800000000,0.994649639,0.000000000,0.000000000,0.103305832
13.762497798,0.000000000,0.000000000,-0.759859371,-0.000000000,0.000000000,9.800000000,0.994811930,0.000000000,0.000000000,0.101731133
13.766664464,0.000000000,0.000000000,-0.759859371,-0.000000000,-0.000000000,9.800000000,0.994971728,0.000000000,0.000000000,0.100156179
13.770831130,0.000000000,0.000000000,-0.765892548,-0.000000000,-0.000000000,9.800000000,0.995130272,0.000000000,0.000000000,0.098568467
13.779164462,0.000000000,0.000000000,-0.765892548,-0.000000000,-0.000000000,9.800000000,0.995439757,0.000000000,0.000000000,0.095392292
13.783331128,0.000000000,0.000000000,-0.771630459,0.000000000,0.000000000,9.800000000,0.995591820,0.000000000,0.000000000,0.093791937
13.787497794,0.000000000,0.000000000,-0.771630459,-0.000000000,0.000000000,9.800000000,0.995741310,0.000000000,0.000000000,0.092191340
13.791664460,0.000000000,0.000000000,-0.771630459,0.000000000,0.000000000,9.800000000,0.995888227,0.000000000,0.000000000,0.090590504
13.795831126,0.000000000,0.000000000,-0.777070892,0.000000000,0.000000000,9.800000000,0.996033579,0.000000000,0.000000000,0.088978145
13.804164458,0.000000000,0.000000000,-0.777070892,0.000000000,0.000000000,9.800000000,0.996316450,0.000000000,0.000000000,0.085752732
13.808331124,0.000000000,0.000000000,-0.782211750,-0.000000000,0.000000000,9.800000000,0.996454871,0.000000000,0.000000000,0.084129014
13.812497790,0.000000000,0.000000000,-0.782211750,-0.000000000,0.000000000,9.800000000,0.996590645,0.000000000,0.000000000,0.082505073
13.816664456,0.000000000,0.000000000,-0.782211750,-0.000000000,0.000000000,9.800000000,0.996723772,0.000000000,0.000000000,0.080880912
13.820831122,0.000000000,0.000000000,-0.787051050,0.000000000,0.000000000,9.800000000,0.996855052,0.000000000,0.000000000,0.079246487
13.829164454,0.000000000,0.000000000,-0.787051050,0.000000000,0.000000000,9.800000000,0.997109570,0.000000000,0.000000000,0.075977001
13.833331120,0.000000000,0.000000000,-0.791586927,0.000000000,0.000000000,9.800000000,0.997233511,0.000000000,0.000000000,0.074332526
13.837497786,0.000000000,0.000000000,-0.791586927,0.000000000,0.000000000,9.800000000,0.997354740,0.000000000,0.000000000,0.072687849
13.841664452,0.000000000,0.000000000,-0.791586927,0.000000000,-0.000000000,9.800000000,0.997473256,0.000000000,0.000000000,0.071042974
13.845831118,0.000000000,0.000000000,-0.795817633,-0.000000000,-0.000000000,9.800000000,0.997589671,0.000000000,0.000000000,0.069389113
13.854164450,0.000000000,0.000000000,-0.795817633,0.000000000,-0.000000000,9.800000000,0.997814274,0.000000000,0.000000000,0.066080824
13.858331116,0.000000000,0.000000000,-0.799741535,0.000000000,0.000000000,9.800000000,0.997922988,0.000000000,0.000000000,0.064418247
13.862497782,0.000000000,0.000000000,-0.799741535,0.000000000,0.000000000,9.800000000,0.998028932,0.000000000,0.000000000,0.062755491
13.866664448,0.000000000,0.000000000,-0.799741535,0.000000000,0.000000000,9.800000000,0.998132105,0.000000000,0.000000000,0.061092561
13.870831114,0.000000000,0.000000000,-0.803357123,0.000000000,0.000000000,9.800000000,0.998232955,0.000000000,0.000000000,0.059421942
13.879164446,0.000000000,0.000000000,-0.803357123,-0.000000000,0.000000000,9.800000000,0.998426267,0.000000000,0.000000000,0.056080209
13.883331112,0.000000000,0.000000000,-0.806663000,0.000000000,0.000000000,9.800000000,0.998519102,0.000000000,0.000000000,0.054402228
13.887497778,0.000000000,0.000000000,-0.806663000,-0.000000000,0.000000000,9.800000000,0.998609118,0.000000000,0.000000000,0.052724093
13.891664444,0.000000000,0.000000000,-0.806663000,0.000000000,0.000000000,9.800000000,0.998696313,0.000000000,0.000000000,0.051045809
13.895831110,0.000000000,0.000000000,-0.809657894,-0.000000000,0.000000000,9.800000000,0.998780995,0.000000000,0.000000000,0.049361149
13.904164442,0.000000000,0.000000000,-0.809657894,0.000000000,0.000000000,9.800000000,0.998941835,0.000000000,0.000000000,0.045991413
13.908331108,0.000000000,0.000000000,-0.812340650,0.000000000,0.000000000,9.800000000,0.999018239,0.000000000,0.000000000,0.044300763
13.912497774,0.000000000,0.000000000,-0.812340650,-0.000000000,0.000000000,9.800000000,0.999091782,0.000000000,0.000000000,0.042609986
13.916664440,0.000000000,0.000000000,-0.812340650,0.000000000,0.000000000,9.800000000,0.999162463,0.000000000,0.000000000,0.040919086
13.920831106,0.000000000,0.000000000,-0.814710233,0.000000000,0.000000000,9.800000000,0.999230477,0.000000000,0.000000000,0.039223137
13.929164438,0.000000000,0.000000000,-0.814710233,0.000000000,0.000000000,9.800000000,0.999357867,0.000000000,0.000000000,0.035830904
13.933331104,0.000000000,0.000000000,-0.816765729,0.000000000,0.000000000,9.800000000,0.999417390,0.000000000,0.000000000,0.034130351
13.937497770,0.000000000,0.000000000,-0.816765729,0.000000000,0.000000000,9.800000000,0.999474019,0.000000000,0.000000000,0.032429699
13.941664436,0.000000000,0.000000000,-0.816765729,0.000000000,0.000000000,9.800000000,0.999527754,0.000000000,0.000000000,0.030728953
13.945831102,0.000000000,0.000000000,-0.818506347,-0.000000000,0.000000000,9.800000000,0.999578701,0.000000000,0.000000000,0.029024493
13.954164434,0.000000000,0.000000000,-0.818506347,-0.000000000,0.000000000,9.800000000,0.999671874,0.000000000,0.000000000,0.025615325
13.958331100,0.000000000,0.000000000,-0.819931416,-0.000000000,-0.000000000,9.800000000,0.999714171,0.000000000,0.000000000,0.023907659
13.962497766,0.000000000,0.000000000,-0.819931416,0.000000000,0.000000000,9.800000000,0.999753551,0.000000000,0.000000000,0.022199923
13.966664432,0.000000000,0.000000000,-0.819931416,-0.000000000,-0.000000000,9.800000000,0.999790014,0.000000000,0.000000000,0.020492122
13.970831098,0.000000000,0.000000000,-0.821040385,0.000000000,0.000000000,9.800000000,0.999823604,0.000000000,0.000000000,0.018781951
13.979164430,0.000000000,0.000000000,-0.821040385,0.000000000,0.000000000,9.800000000,0.999882006,0.000000000,0.000000000,0.015361451
13.983331096,0.000000000,0.000000000,-0.821832828,-0.000000000,0.000000000,9.800000000,0.999906842,0.000000000,0.000000000,0.013649480
13.987497762,0.000000000,0.000000000,-0.821832828,-0.000000000,0.000000000,9.800000000,0.999928746,0.000000000,0.000000000,0.011937468
13.991664428,0.000000000,0.000000000,-0.821832828,-0.000000000,0.000000000,9.800000000,0.999947719,0.000000000,0.000000000,0.010225422
13.995831094,0.000000000,0.000000000,-0.822308438,0.000000000,0.000000000,9.800000000,0.999963769,0.000000000,0.000000000,0.008512355
14.004164426,0.000000000,0.000000000,-0.822308438,0.000000000,0.000000000,9.800000000,0.999987065,0.000000000,0.000000000,0.005086152
14.008331092,0.000000000,0.000000000,-0.822467033,0.000000000,-0.000000000,9.800000000,0.999994312,0.000000000,0.000000000,0.003372694
14.012497758,0.000000000,0.000000000,-0.822467033,0.000000000,-0.000000000,9.800000000,0.999998623,0.000000000,0.000000000,0.001659227
14.016664424,0.000000000,0.000000000,-0.822467033,0.000000000,-0.000000000,9.800000000,0.999999999,0.000000000,0.000000000,-0.000054245
14.020831090,0.000000000,0.000000000,-0.822308552,0.000000000,0.000000000,9.800000000,0.999998438,0.000000000,0.000000000,-0.001767386
14.029164422,0.000000000,0.000000000,-0.822308552,0.000000000,0.000000000,9.800000000,0.999986513,0.000000000,0.000000000,-0.005193649
14.033331088,0.000000000,0.000000000,-0.821833055,-0.000000000,-0.000000000,9.800000000,0.999976155,0.000000000,0.000000000,-0.006905769
14.037497754,0.000000000,0.000000000,-0.821833055,-0.000000000,0.000000000,9.800000000,0.999962865,0.000000000,0.000000000,-0.008617869
14.041664420,0.000000000,0.000000000,-0.821833055,0.000000000,0.000000000,9.800000000,0.999946645,0.000000000,0.000000000,-0.010329944
14.045831086,0.000000000,0.000000000,-0.821040726,0.000000000,0.000000000,9.800000000,0.999927513,0.000000000,0.000000000,-0.012040338
14.054164418,0.000000000,0.000000000,-0.821040726,0.000000000,0.000000000,9.800000000,0.999880471,0.000000000,0.000000000,-0.015461016
14.058331084,0.000000000,0.000000000,-0.819931870,-0.000000000,0.000000000,9.800000000,0.999852602,0.000000000,0.000000000,-0.017168979
14.062497750,0.000000000,0.000000000,-0.819931870,-0.000000000,0.000000000,9.800000000,0.999821816,0.000000000,0.000000000,-0.018876893
14.066664416,0.000000000,0.000000000,-0.819931870,0.000000000,0.000000000,9.800000000,0.999788112,0.000000000,0.000000000,-0.020584751
14.070831082,0.000000000,0.000000000,-0.818506915,-0.000000000,0.000000000,9.800000000,0.999751556,0.000000000,0.000000000,-0.022289581
14.079164414,0.000000000,0.000000000,-0.818506915,-0.000000000,0.000000000,9.800000000,0.999669725,0.000000000,0.000000000,-0.025699043
14.083331080,0.000000000,0.000000000,-0.816766410,0.000000000,-0.000000000,9.800000000,0.999624548,0.000000000,0.000000000,-0.027400039
14.087497746,0.000000000,0.000000000,-0.816766410,-0.000000000,-0.000000000,9.800000000,0.999576477,0.000000000,0.000000000,-0.029100956
14.091664412,0.000000000,0.000000000,-0.816766410,-0.000000000,-0.000000000,9.800000000,0.999525512,0.000000000,0.000000000,-0.030801789
14.095831078,0.000000000,0.000000000,-0.814711026,0.000000000,0.000000000,9.800000000,0.999471792,0.000000000,0.000000000,-0.032498253
14.104164410,0.000000000,0.000000000,-0.812341555,0.000000000,-0.000000000,9.800000000,0.999355891,0.000000000,0.000000000,-0.035885962
14.108331076,0.000000000,0.000000000,-0.812341555,0.000000000,0.000000000,9.800000000,0.999293728,0.000000000,0.000000000,-0.037577197
14.112497742,0.000000000,0.000000000,-0.812341555,0.000000000,0.000000000,9.800000000,0.999228702,0.000000000,0.000000000,-0.039268325
14.116664408,0.000000000,0.000000000,-0.812341555,0.000000000,-0.000000000,9.800000000,0.999160814,0.000000000,0.000000000,-0.040959341
14.120831074,0.000000000,0.000000000,-0.809658912,0.000000000,-0.000000000,9.800000000,0.999090303,0.000000000,0.000000000,-0.042644655
14.129164406,0.000000000,0.000000000,-0.809658912,-0.000000000,-0.000000000,9.800000000,0.998940753,0.000000000,0.000000000,-0.046014916
14.133331072,0.000000000,0.000000000,-0.806664130,0.000000000,0.000000000,9.800000000,0.998862012,0.000000000,0.000000000,-0.047693620
14.137497738,0.000000000,0.000000000,-0.806664130,0.000000000,0.000000000,9.800000000,0.998780450,0.000000000,0.000000000,-0.049372189
14.141664404,0.000000000,0.000000000,-0.806664130,0.000000000,0.000000000,9.800000000,0.998696067,0.000000000,0.000000000,-0.051050619
14.145831070,0.000000000,0.000000000,-0.803358363,-0.000000000,0.000000000,9.800000000,0.998609227,0.000000000,0.000000000,-0.052722028
14.154164402,0.000000000,0.000000000,-0.803358363,0.000000000,0.000000000,9.800000000,0.998427155,0.000000000,0.000000000,-0.056064397
14.158331068,0.000000000,0.000000000,-0.799742887,0.000000000,0.000000000,9.800000000,0.998332358,0.000000000,0.000000000,-0.057727828
14.162497734,0.000000000,0.000000000,-0.799742887,0.000000000,0.000000000,9.800000000,0.998234791,0.000000000,0.000000000,-0.059391100
14.166664400,0.000000000,0.000000000,-0.799742887,0.000000000,0.000000000,9.800000000,0.998134452,0.000000000,0.000000000,-0.061054206
14.170831066,0.000000000,0.000000000,-0.795819094,0.000000000,0.000000000,9.800000000,0.998031855,0.000000000,0.000000000,-0.062708985
14.179164398,0.000000000,0.000000000,-0.795819094,0.000000000,0.000000000,9.800000000,0.997818431,0.000000000,0.000000000,-0.066018020
14.183331064,0.000000000,0.000000000,-0.791588498,-0.000000000,-0.000000000,9.800000000,0.997708201,0.000000000,0.000000000,-0.067663474
14.187497730,0.000000000,0.000000000,-0.791588498,-0.000000000,-0.000000000,9.800000000,0.997595258,0.000000000,0.000000000,-0.069308744
14.191664396,0.000000000,0.000000000,-0.791588498,-0.000000000,-0.000000000,9.800000000,0.997479601,0.000000000,0.000000000,-0.070953826
14.195831062,0.000000000,0.000000000,-0.787052730,-0.000000000,0.000000000,9.800000000,0.997361918,0.000000000,0.000000000,-0.072589290
14.204164394,0.000000000,0.000000000,-0.787052730,-0.000000000,0.000000000,9.800000000,0.997118507,0.000000000,0.000000000,-0.075859628
14.208331060,0.000000000,0.000000000,-0.782213539,-0.000000000,0.000000000,9.800000000,0.996993561,0.000000000,0.000000000,-0.077484443
14.212497726,0.000000000,0.000000000,-0.782213539,-0.000000000,0.000000000,9.800000000,0.996865968,0.000000000,0.000000000,-0.079109051
14.216664392,0.000000000,0.000000000,-0.782213539,0.000000000,0.000000000,9.800000000,0.996735727,0.000000000,0.000000000,-0.080733449
14.220831058,0.000000000,0.000000000,-0.777072789,0.000000000,0.000000000,9.800000000,0.996603722,0.000000000,0.000000000,-0.082346960
14.229164390,0.000000000,0.000000000,-0.777072789,0.000000000,0.000000000,9.800000000,0.996331875,0.000000000,0.000000000,-0.085573329
14.233331056,0.000000000,0.000000000,-0.771632463,-0.000000000,0.000000000,9.800000000,0.996193023,0.000000000,0.000000000,-0.087174888
14.237497722,0.000000000,0.000000000,-0.771632463,-0.000000000,0.000000000,9.800000000,0.996051596,0.000000000,0.000000000,-0.088776222
14.241664388,0.000000000,0.000000000,-0.771632463,-0.000000000,0.000000000,9.800000000,0.995907596,0.000000000,0.000000000,-0.090377327
14.245831054,0.000000000,0.000000000,-0.765894658,0.000000000,-0.000000000,9.800000000,0.995762121,0.000000000,0.000000000,-0.091966295
14.254164386,0.000000000,0.000000000,-0.765894658,-0.000000000,-0.000000000,9.800000000,0.995463565,0.000000000,0.000000000,-0.095143524
14.258331052,0.000000000,0.000000000,-0.759861586,0.000000000,-0.000000000,9.800000000,0.995311702,0.000000000,0.000000000,-0.096719268
14.262497718,0.000000000,0.000000000,-0.759861586,0.000000000,0.000000000,9.800000000,0.995157344,0.000000000,0.000000000,-0.098294769
14.266664384,0.000000000,0.000000000,-0.759861586,0.000000000,0.000000000,9.800000000,0.995000492,0.000000000,0.000000000,-0.099870023
14.270831050,0.000000000,0.000000000,-0.753535573,-0.000000000,-0.000000000,9.800000000,0.994842483,0.000000000,0.000000000,-0.101431917
14.279164382,0.000000000,0.000000000,-0.753535573,-0.000000000,0.000000000,9.800000000,0.994519111,0.000000000,0.000000000,-0.104554949
14.283331048,0.000000000,0.000000000,-0.746919057,0.000000000,0.000000000,9.800000000,0.994355211,0.000000000,0.000000000,-0.106102375
14.287497714,0.000000000,0.000000000,-0.746919057,0.000000000,-0.000000000,9.800000000,0.994188904,0.000000000,0.000000000,-0.107649543
14.291664380,0.000000000,0.000000000,-0.746919057,0.000000000,0.000000000,9.800000000,0.994020189,0.000000000,0.000000000,-0.109196451
14.295831046,0.000000000,0.000000000,-0.740014591,-0.000000000,-0.000000000,9.800000000,0.993850659,0.000000000,0.000000000,-0.110728798
14.304164378,0.000000000,0.000000000,-0.740014591,-0.000000000,-0.000000000,9.800000000,0.993504515,0.000000000,0.000000000,-0.113792700
14.308331044,0.000000000,0.000000000,-0.732824835,0.000000000,0.000000000,9.800000000,0.993329628,0.000000000,0.000000000,-0.115309368
14.312497710,0.000000000,0.000000000,-0.732824835,0.000000000,0.000000000,9.800000000,0.993152425,0.000000000,0.000000000,-0.116825767
14.316664376,0.000000000,0.000000000,-0.732824835,-0.000000000,0.000000000,9.800000000,0.992972908,0.000000000,0.000000000,-0.118341894
14.320831042,0.000000000,0.000000000,-0.725352561,0.000000000,0.000000000,9.800000000,0.992792942,0.000000000,0.000000000,-0.119842290
14.329164374,0.000000000,0.000000000,-0.725352561,-0.000000000,-0.000000000,9.800000000,0.992426209,0.000000000,0.000000000,-0.122842258
14.333331040,0.000000000,0.000000000,-0.717600649,-0.000000000,0.000000000,9.800000000,0.992241450,0.000000000,0.000000000,-0.124325799
14.337497706,0.000000000,0.000000000,-0.717600649,-0.000000000,0.000000000,9.800000000,0.992054474,0.000000000,0.000000000,-0.125809062
14.341664372,0.000000000,0.000000000,-0.717600649,-0.000000000,0.000000000,9.800000000,0.991865281,0.000000000,0.000000000,-0.127292043
14.345831038,0.000000000,0.000000000,-0.709572090,-0.000000000,0.000000000,9.800000000,0.991676025,0.000000000,0.000000000,-0.128758153
14.354164370,0.000000000,0.000000000,-0.709572090,-0.000000000,-0.000000000,9.800000000,0.991291011,0.000000000,0.000000000,-0.131689526
14.358331036,0.000000000,0.000000000,-0.701269976,0.000000000,-0.000000000,9.800000000,0.991097558,0.000000000,0.000000000,-0.133137640
14.362497702,0.000000000,0.000000000,-0.701269976,0.000000000,-0.000000000,9.800000000,0.990901989,0.000000000,0.000000000,-0.134585470
14.366664368,0.000000000,0.000000000,-0.701269976,0.000000000,-0.000000000,9.800000000,0.990704305,0.000000000,0.000000000,-0.136033012
14.370831034,0.000000000,0.000000000,-0.692697510,0.000000000,0.000000000,9.800000000,0.990506961,0.000000000,0.000000000,-0.137462575
14.379164366,0.000000000,0.000000000,-0.692697510,0.000000000,0.000000000,9.800000000,0.990106086,0.000000000,0.000000000,-0.140320839
14.383331032,0.000000000,0.000000000,-0.683857996,0.000000000,0.000000000,9.800000000,0.989905166,0.000000000,0.000000000,-0.141731304
14.387497698,0.000000000,0.000000000,-0.683857996,-0.000000000,0.000000000,9.800000000,0.989702236,0.000000000,0.000000000,-0.143141481
14.391664364,0.000000000,0.000000000,-0.683857996,-0.000000000,0.000000000,9.800000000,0.989497298,0.000000000,0.000000000,-0.144551368
14.395831030,0.000000000,0.000000000,-0.674754842,0.000000000,0.000000000,9.800000000,0.989293119,0.000000000,0.000000000,-0.145942200
14.404164362,0.000000000,0.000000000,-0.674754842,-0.000000000,-0.000000000,9.800000000,0.988878896,0.000000000,0.000000000,-0.148722995
14.408331028,0.000000000,0.000000000,-0.665391557,0.000000000,0.000000000,9.800000000,0.988671781,0.000000000,0.000000000,-0.150093668
14.412497694,0.000000000,0.000000000,-0.665391557,0.000000000,0.000000000,9.800000000,0.988462767,0.000000000,0.000000000,-0.151464052
14.416664360,0.000000000,0.000000000,-0.665391557,0.000000000,0.000000000,9.800000000,0.988251853,0.000000000,0.000000000,-0.152834145
14.420831026,0.000000000,0.000000000,-0.655771751,0.000000000,0.000000000,9.800000000,0.988042130,0.000000000,0.000000000,-0.154184142
14.429164358,0.000000000,0.000000000,-0.655771751,0.000000000,0.000000000,9.800000000,0.987617152,0.000000000,0.000000000,-0.156883272
14.433331024,0.000000000,0.000000000,-0.645899132,0.000000000,-0.000000000,9.800000000,0.987405152,0.000000000,0.000000000,-0.158212090
14.437497690,0.000000000,0.000000000,-0.645899132,0.000000000,-0.000000000,9.800000000,0.987191365,0.000000000,0.000000000,-0.159540621
14.441664356,0.000000000,0.000000000,-0.645899132,0.000000000,-0.000000000,9.800000000,0.986975789,0.000000000,0.000000000,-0.160868864
14.445831022,0.000000000,0.000000000,-0.635777508,0.000000000,0.000000000,9.800000000,0.986761847,0.000000000,0.000000000,-0.162176007
14.454164354,0.000000000,0.000000000,-0.635777508,0.000000000,0.000000000,9.800000000,0.986328769,0.000000000,0.000000000,-0.164789439
14.458331020,0.000000000,0.000000000,-0.625410779,0.000000000,0.000000000,9.800000000,0.986113221,0.000000000,0.000000000,-0.166074425
14.462497686,0.000000000,0.000000000,-0.625410779,0.000000000,0.000000000,9.800000000,0.985896000,0.000000000,0.000000000,-0.167359129
14.466664352,0.000000000,0.000000000,-0.625410779,0.000000000,0.000000000,9.800000000,0.985677104,0.000000000,0.000000000,-0.168643549
14.470831018,0.000000000,0.000000000,-0.614802942,0.000000000,0.000000000,9.800000000,0.985460290,0.000000000,0.000000000,-0.169905904
14.479164350,0.000000000,0.000000000,-0.614802942,0.000000000,0.000000000,9.800000000,0.985021813,0.000000000,0.000000000,-0.172429776
14.483331016,0.000000000,0.000000000,-0.603958087,0.000000000,0.000000000,9.800000000,0.984804074,0.000000000,0.000000000,-0.173669039
14.487497682,0.000000000,0.000000000,-0.603958087,0.000000000,0.000000000,9.800000000,0.984584777,0.000000000,0.000000000,-0.174908027
14.491664348,0.000000000,0.000000000,-0.603958087,0.000000000,-0.000000000,9.800000000,0.984363920,0.000000000,0.000000000,-0.176146737
14.495831014,0.000000000,0.000000000,-0.592880395,0.000000000,-0.000000000,9.800000000,0.984145598,0.000000000,0.000000000,-0.177362457
14.504164346,0.000000000,0.000000000,-0.592880395,0.000000000,-0.000000000,9.800000000,0.983704451,0.000000000,0.000000000,-0.179793082
14.508331012,0.000000000,0.000000000,-0.581574136,-0.000000000,-0.000000000,9.800000000,0.983485890,0.000000000,0.000000000,-0.180984819
14.512497678,0.000000000,0.000000000,-0.581574136,0.000000000,0.000000000,9.800000000,0.983265884,0.000000000,0.000000000,-0.182176289
14.516664344,0.000000000,0.000000000,-0.581574136,-0.000000000,0.000000000,9.800000000,0.983044436,0.000000000,0.000000000,-0.183367493
14.520831010,0.000000000,0.000000000,-0.570043669,0.000000000,0.000000000,9.800000000,0.982825977,0.000000000,0.000000000,-0.184534818
14.529164342,0.000000000,0.000000000,-0.570043669,0.000000000,0.000000000,9.800000000,0.982384901,0.000000000,0.000000000,-0.186868685
14.533331008,0.000000000,0.000000000,-0.558293440,0.000000000,0.000000000,9.800000000,0.982166888,0.000000000,0.000000000,-0.188011181
14.537497674,0.000000000,0.000000000,-0.558293440,0.000000000,0.000000000,9.800000000,0.981947546,0.000000000,0.000000000,-0.189153423
14.541664340,0.000000000,0.000000000,-0.558293440,0.000000000,0.000000000,9.800000000,0.981726875,0.000000000,0.000000000,-0.190295409
14.545831006,0.000000000,0.000000000,-0.546327978,-0.000000000,0.000000000,9.800000000,0.981509648,0.000000000,0.000000000,-0.191412670
14.554164338,0.000000000,0.000000000,-0.546327978,0.000000000,0.000000000,9.800000000,0.981071380,0.000000000,0.000000000,-0.193646448
14.558331004,0.000000000,0.000000000,-0.534151897,-0.000000000,0.000000000,9.800000000,0.980855280,0.000000000,0.000000000,-0.194738080
14.562497670,0.000000000,0.000000000,-0.534151897,-0.000000000,0.000000000,9.800000000,0.980637965,0.000000000,0.000000000,-0.195829471
14.566664336,0.000000000,0.000000000,-0.534151897,-0.000000000,0.000000000,9.800000000,0.980419436,0.000000000,0.000000000,-0.196920619
14.570831002,0.000000000,0.000000000,-0.521769889,0.000000000,0.000000000,9.800000000,0.980204800,0.000000000,0.000000000,-0.197986239
14.579164334,0.000000000,0.000000000,-0.521769889,0.000000000,0.000000000,9.800000000,0.979772053,0.000000000,0.000000000,-0.200116774
14.583331000,0.000000000,0.000000000,-0.509186730,0.000000000,-0.000000000,9.800000000,0.979559217,0.000000000,0.000000000,-0.201156009
14.587497666,0.000000000,0.000000000,-0.509186730,0.000000000,-0.000000000,9.800000000,0.979345279,0.000000000,0.000000000,-0.202195018
14.591664332,0.000000000,0.000000000,-0.509186730,0.000000000,-0.000000000,9.800000000,0.979130238,0.000000000,0.000000000,-0.203233799
14.595830998,0.000000000,0.000000000,-0.496407269,-0.000000000,0.000000000,9.800000000,0.978919534,0.000000000,0.000000000,-0.204246288
14.604164330,0.000000000,0.000000000,-0.496407269,-0.000000000,0.000000000,9.800000000,0.978494985,0.000000000,0.000000000,-0.206270611
14.608330996,0.000000000,0.000000000,-0.483436434,0.000000000,-0.000000000,9.800000000,0.978286741,0.000000000,0.000000000,-0.207256006
14.612497662,0.000000000,0.000000000,-0.483436434,0.000000000,-0.000000000,9.800000000,0.978077505,0.000000000,0.000000000,-0.208241192
14.616664328,0.000000000,0.000000000,-0.483436434,-0.000000000,-0.000000000,9.800000000,0.977867277,0.000000000,0.000000000,-0.209226165
14.620830994,0.000000000,0.000000000,-0.470279225,-0.000000000,-0.000000000,9.800000000,0.977661819,0.000000000,0.000000000,-0.210184129
14.629164326,0.000000000,0.000000000,-0.470279225,-0.000000000,-0.000000000,9.800000000,0.977248087,0.000000000,0.000000000,-0.212099449
14.633330992,0.000000000,0.000000000,-0.456940715,0.000000000,-0.000000000,9.800000000,0.977045734,0.000000000,0.000000000,-0.213029653
14.637497658,0.000000000,0.000000000,-0.456940715,0.000000000,0.000000000,9.800000000,0.976842496,0.000000000,0.000000000,-0.213959665
14.641664324,0.000000000,0.000000000,-0.456940715,0.000000000,0.000000000,9.800000000,0.976638372,0.000000000,0.000000000,-0.214889482
14.645830990,0.000000000,0.000000000,-0.443426045,-0.000000000,-0.000000000,9.800000000,0.976439440,0.000000000,0.000000000,-0.215791613
14.654164322,0.000000000,0.000000000,-0.443426045,-0.000000000,-0.000000000,9.800000000,0.976039075,0.000000000,0.000000000,-0.217595321
14.658330988,0.000000000,0.000000000,-0.429740427,-0.000000000,0.000000000,9.800000000,0.975843873,0.000000000,0.000000000,-0.218469074
14.662497654,0.000000000,0.000000000,-0.429740427,-0.000000000,0.000000000,9.800000000,0.975647888,0.000000000,0.000000000,-0.219342652
14.666664320,0.000000000,0.000000000,-0.429740427,-0.000000000,0.000000000,9.800000000,0.975451121,0.000000000,0.000000000,-0.220216054
14.670830986,0.000000000,0.000000000,-0.415889135,0.000000000,0.000000000,9.800000000,0.975259952,0.000000000,0.000000000,-0.221061137
14.679164318,0.000000000,0.000000000,-0.415889135,0.000000000,0.000000000,9.800000000,0.974875417,0.000000000,0.000000000,-0.222750804
14.683330984,0.000000000,0.000000000,-0.401877510,0.000000000,-0.000000000,9.800000000,0.974688579,0.000000000,0.000000000,-0.223566935
14.687497650,0.000000000,0.000000000,-0.401877510,0.000000000,-0.000000000,9.800000000,0.974501057,0.000000000,0.000000000,-0.224382910
14.691664316,0.000000000,0.000000000,-0.401877510,0.000000000,-0.000000000,9.800000000,0.974312852,0.000000000,0.000000000,-0.225198727
14.695830982,0.000000000,0.000000000,-0.387710953,0.000000000,0.000000000,9.800000000,0.974130634,0.000000000,0.000000000,-0.225985636
14.704164314,0.000000000,0.000000000,-0.387710953,-0.000000000,-0.000000000,9.800000000,0.973764292,0.000000000,0.000000000,-0.227559011
14.708330980,0.000000000,0.000000000,-0.373394927,-0.000000000,0.000000000,9.800000000,0.973586978,0.000000000,0.000000000,-0.228316439
14.712497646,0.000000000,0.000000000,-0.373394927,0.000000000,0.000000000,9.800000000,0.973409075,0.000000000,0.000000000,-0.229073729
14.716664312,0.000000000,0.000000000,-0.373394927,0.000000000,0.000000000,9.800000000,0.973230582,0.000000000,0.000000000,-0.229830881
14.720830978,0.000000000,0.000000000,-0.358934950,0.000000000,0.000000000,9.800000000,0.973058447,0.000000000,0.000000000,-0.230558580
14.729164310,0.000000000,0.000000000,-0.358934950,0.000000000,-0.000000000,9.800000000,0.972712544,0.000000000,0.000000000,-0.232013591
14.733330976,0.000000000,0.000000000,-0.344336597,0.000000000,-0.000000000,9.800000000,0.972545855,0.000000000,0.000000000,-0.232711324
14.737497642,0.000000000,0.000000000,-0.344336597,0.000000000,-0.000000000,9.800000000,0.972378665,0.000000000,0.000000000,-0.233408937
14.741664308,0.000000000,0.000000000,-0.344336597,-0.000000000,-0.000000000,9.800000000,0.972210975,0.000000000,0.000000000,-0.234106430
14.745830974,0.000000000,0.000000000,-0.329605495,-0.000000000,0.000000000,9.800000000,0.972049990,0.000000000,0.000000000,-0.234773970
14.754164306,0.000000000,0.000000000,-0.329605495,-0.000000000,0.000000000,9.800000000,0.971726645,0.000000000,0.000000000,-0.236108719
14.758330972,0.000000000,0.000000000,-0.314747324,0.000000000,-0.000000000,9.800000000,0.971571614,0.000000000,0.000000000,-0.236745852
14.762497638,0.000000000,0.000000000,-0.314747324,-0.000000000,-0.000000000,9.800000000,0.971416165,0.000000000,0.000000000,-0.237382884
14.766664304,0.000000000,0.000000000,-0.314747324,-0.000000000,-0.000000000,9.800000000,0.971260299,0.000000000,0.000000000,-0.238019813
14.770830970,0.000000000,0.000000000,-0.299767812,0.000000000,0.000000000,9.800000000,0.971111462,0.000000000,0.000000000,-0.238626334
14.779164302,0.000000000,0.000000000,-0.299767812,0.000000000,0.000000000,9.800000000,0.970812653,0.000000000,0.000000000,-0.239839098
14.783330968,0.000000000,0.000000000,-0.284672734,0.000000000,0.000000000,9.800000000,0.970670241,0.000000000,0.000000000,-0.240414813
14.787497634,0.000000000,0.000000000,-0.284672734,0.000000000,-0.000000000,9.800000000,0.970527488,0.000000000,0.000000000,-0.240990445
14.791664300,0.000000000,0.000000000,-0.284672734,-0.000000000,-0.000000000,9.800000000,0.970384394,0.000000000,0.000000000,-0.241565991
14.795830966,0.000000000,0.000000000,-0.269467910,0.000000000,-0.000000000,9.800000000,0.970248628,0.000000000,0.000000000,-0.242110719
14.804164298,0.000000000,0.000000000,-0.269467910,-0.000000000,-0.000000000,9.800000000,0.969976179,0.000000000,0.000000000,-0.243199944
14.808330964,0.000000000,0.000000000,-0.254159200,-0.000000000,-0.000000000,9.800000000,0.969847269,0.000000000,0.000000000,-0.243713511
14.812497630,0.000000000,0.000000000,-0.254159200,-0.000000000,-0.000000000,9.800000000,0.969718087,0.000000000,0.000000000,-0.244227009
14.816664296,0.000000000,0.000000000,-0.254159200,-0.000000000,-0.000000000,9.800000000,0.969588633,0.000000000,0.000000000,-0.244740439
14.820830962,0.000000000,0.000000000,-0.238752507,0.000000000,0.000000000,9.800000000,0.969466779,0.000000000,0.000000000,-0.245222683
14.829164294,0.000000000,0.000000000,-0.238752507,0.000000000,0.000000000,9.800000000,0.969222351,0.000000000,0.000000000,-0.246186989
14.833330960,0.000000000,0.000000000,-0.223253771,0.000000000,0.000000000,9.800000000,0.969107742,0.000000000,0.000000000,-0.246637759
14.837497626,0.000000000,0.000000000,-0.223253771,-0.000000000,-0.000000000,9.800000000,0.968992923,0.000000000,0.000000000,-0.247088476
14.841664292,0.000000000,0.000000000,-0.223253771,0.000000000,0.000000000,9.800000000,0.968877894,0.000000000,0.000000000,-0.247539140
14.845830958,0.000000000,0.000000000,-0.207668966,0.000000000,0.000000000,9.800000000,0.968770708,0.000000000,0.000000000,-0.247958295
14.854164290,0.000000000,0.000000000,-0.207668966,0.000000000,0.000000000,9.800000000,0.968555790,0.000000000,0.000000000,-0.248796468
14.858330956,0.000000000,0.000000000,-0.192004101,-0.000000000,0.000000000,9.800000000,0.968456191,0.000000000,0.000000000,-0.249183878
14.862497622,0.000000000,0.000000000,-0.192004101,-0.000000000,0.000000000,9.800000000,0.968356438,0.000000000,0.000000000,-0.249571249
14.866664288,0.000000000,0.000000000,-0.192004101,-0.000000000,-0.000000000,9.800000000,0.968256530,0.000000000,0.000000000,-0.249958580
14.870830954,0.000000000,0.000000000,-0.176265214,0.000000000,-0.000000000,9.800000000,0.968164675,0.000000000,0.000000000,-0.250314125
14.879164286,0.000000000,0.000000000,-0.176265214,0.000000000,-0.000000000,9.800000000,0.967980574,0.000000000,0.000000000,-0.251025115
14.883330952,0.000000000,0.000000000,-0.160458374,0.000000000,0.000000000,9.800000000,0.967896605,0.000000000,0.000000000,-0.251348686
14.887497618,0.000000000,0.000000000,-0.160458374,0.000000000,0.000000000,9.800000000,0.967812528,0.000000000,0.000000000,-0.251672228
14.891664284,0.000000000,0.000000000,-0.160458374,0.000000000,-0.000000000,9.800000000,0.967728343,0.000000000,0.000000000,-0.251995742
14.895830950,0.000000000,0.000000000,-0.144589674,0.000000000,0.000000000,9.800000000,0.967652391,0.000000000,0.000000000,-0.252287238
14.904164282,0.000000000,0.000000000,-0.144589674,0.000000000,0.000000000,9.800000000,0.967500223,0.000000000,0.000000000,-0.252870161
14.908330948,0.000000000,0.000000000,-0.128665232,0.000000000,0.000000000,9.800000000,0.967432406,0.000000000,0.000000000,-0.253129493
14.912497614,0.000000000,0.000000000,-0.128665232,0.000000000,0.000000000,9.800000000,0.967364519,0.000000000,0.000000000,-0.253388807
14.916664280,0.000000000,0.000000000,-0.128665232,0.000000000,0.000000000,9.800000000,0.967296563,0.000000000,0.000000000,-0.253648102
14.920830946,0.000000000,0.000000000,-0.112691188,0.000000000,-0.000000000,9.800000000,0.967236986,0.000000000,0.000000000,-0.253875190
14.929164278,0.000000000,0.000000000,-0.112691188,0.000000000,-0.000000000,9.800000000,0.967117673,0.000000000,0.000000000,-0.254329325
14.933330944,0.000000000,0.000000000,-0.096673698,-0.000000000,-0.000000000,9.800000000,0.967066431,0.000000000,0.000000000,-0.254524101
14.937497610,0.000000000,0.000000000,-0.096673698,0.000000000,0.000000000,9.800000000,0.967015149,0.000000000,0.000000000,-0.254718866
14.941664276,0.000000000,0.000000000,-0.096673698,0.000000000,0.000000000,9.800000000,0.966963829,0.000000000,0.000000000,-0.254913621
14.945830942,0.000000000,0.000000000,-0.080618939,-0.000000000,0.000000000,9.800000000,0.966921001,0.000000000,0.000000000,-0.255076025
14.954164274,0.000000000,0.000000000,-0.080618939,-0.000000000,-0.000000000,9.800000000,0.966835263,0.000000000,0.000000000,-0.255400811
14.958330940,0.000000000,0.000000000,-0.064533100,-0.000000000,0.000000000,9.800000000,0.966800917,0.000000000,0.000000000,-0.255530794
14.962497606,0.000000000,0.000000000,-0.064533100,-0.000000000,0.000000000,9.800000000,0.966766554,0.000000000,0.000000000,-0.255660772
14.966664272,0.000000000,0.000000000,-0.064533100,-0.000000000,0.000000000,9.800000000,0.966732173,0.000000000,0.000000000,-0.255790746
14.970830938,0.000000000,0.000000000,-0.048422383,-0.000000000,0.000000000,9.800000000,0.966706364,0.000000000,0.000000000,-0.255888269
14.979164270,0.000000000,0.000000000,-0.048422383,0.000000000,0.000000000,9.800000000,0.966654716,0.000000000,0.000000000,-0.256083306
14.983330936,0.000000000,0.000000000,-0.032292997,-0.000000000,-0.000000000,9.800000000,0.966637485,0.000000000,0.000000000,-0.256148339
14.987497602,0.000000000,0.000000000,-0.032292997,-0.000000000,-0.000000000,9.800000000,0.966620250,0.000000000,0.000000000,-0.256213371
14.991664268,0.000000000,0.000000000,-0.032292997,-0.000000000,-0.000000000,9.800000000,0.966603011,0.000000000,0.000000000,-0.256278402
14.995830934,0.000000000,0.000000000,-0.016151162,0.000000000,-0.000000000,9.800000000,0.966594387,0.000000000,0.000000000,-0.256310926
15.004164266,0.000000000,0.000000000,-0.016151162,0.000000000,-0.000000000,9.800000000,0.966577136,0.000000000,0.000000000,-0.256375974
15.008330932,0.000000000,0.000000000,-0.000003101,0.000000000,0.000000000,9.800000000,0.966577134,0.000000000,0.000000000,-0.256375980
15.012497598,0.000000000,0.000000000,-0.000003101,-0.000000000,0.000000000,9.800000000,0.966577133,0.000000000,0.000000000,-0.256375987
15.016664264,0.000000000,0.000000000,-0.000003101,0.000000000,0.000000000,9.800000000,0.966577131,0.000000000,0.000000000,-0.256375993
15.020830930,0.000000000,0.000000000,0.016144962,-0.000000000,-0.000000000,9.800000000,0.966585754,0.000000000,0.000000000,-0.256343482
15.029164262,0.000000000,0.000000000,0.016144962,-0.000000000,-0.000000000,9.800000000,0.966602996,0.000000000,0.000000000,-0.256278458
15.033330928,0.000000000,0.000000000,0.032286801,0.000000000,0.000000000,9.800000000,0.966620232,0.000000000,0.000000000,-0.256213440
15.037497594,0.000000000,0.000000000,0.032286801,0.000000000,0.000000000,9.800000000,0.966637464,0.000000000,0.000000000,-0.256148420
15.041664260,0.000000000,0.000000000,0.032286801,0.000000000,0.000000000,9.800000000,0.966654691,0.000000000,0.000000000,-0.256083400
15.045830926,0.000000000,0.000000000,0.048416192,0.000000000,0.000000000,9.800000000,0.966680517,0.000000000,0.000000000,-0.255985895
15.054164258,0.000000000,0.000000000,0.048416192,-0.000000000,0.000000000,9.800000000,0.966732138,0.000000000,0.000000000,-0.255790877
15.058330924,0.000000000,0.000000000,0.064526918,-0.000000000,0.000000000,9.800000000,0.966766516,0.000000000,0.000000000,-0.255660916
15.062497590,0.000000000,0.000000000,0.064526918,-0.000000000,0.000000000,9.800000000,0.966800876,0.000000000,0.000000000,-0.255530950
15.066664256,0.000000000,0.000000000,0.064526918,-0.000000000,0.000000000,9.800000000,0.966835218,0.000000000,0.000000000,-0.255400980
15.070830922,0.000000000,0.000000000,0.080612768,-0.000000000,0.000000000,9.800000000,0.966878098,0.000000000,0.000000000,-0.255238603
15.079164254,0.000000000,0.000000000,0.080612768,-0.000000000,0.000000000,9.800000000,0.966963774,0.000000000,0.000000000,-0.254913827
15.083330920,0.000000000,0.000000000,0.096667540,0.000000000,-0.000000000,9.800000000,0.967015092,0.000000000,0.000000000,-0.254719084
15.087497586,0.000000000,0.000000000,0.096667540,0.000000000,-0.000000000,9.800000000,0.967066370,0.000000000,0.000000000,-0.254524331
15.091664252,0.000000000,0.000000000,0.096667540,0.000000000,-0.000000000,9.800000000,0.967117610,0.000000000,0.000000000,-0.254329568
15.095830918,0.000000000,0.000000000,0.112685045,-0.000000000,-0.000000000,9.800000000,0.967177289,0.000000000,0.000000000,-0.254102520
15.104164250,0.000000000,0.000000000,0.112685045,0.000000000,-0.000000000,9.800000000,0.967296489,0.000000000,0.000000000,-0.253648382
15.108330916,0.000000000,0.000000000,0.128659108,0.000000000,-0.000000000,9.800000000,0.967364442,0.000000000,0.000000000,-0.253389099
15.112497582,0.000000000,0.000000000,0.128659108,0.000000000,-0.000000000,9.800000000,0.967432326,0.000000000,0.000000000,-0.253129798
15.116664248,0.000000000,0.000000000,0.128659108,0.000000000,-0.000000000,9.800000000,0.967500140,0.000000000,0.000000000,-0.252870478
15.120830914,0.000000000,0.000000000,0.144583570,0.000000000,0.000000000,9.800000000,0.967576265,0.000000000,0.000000000,-0.252579041
15.129164246,0.000000000,0.000000000,0.144583570,0.000000000,0.000000000,9.800000000,0.967728251,0.000000000,0.000000000,-0.251996096
15.133330912,0.000000000,0.000000000,0.160452292,0.000000000,-0.000000000,9.800000000,0.967812433,0.000000000,0.000000000,-0.251672594
15.137497578,0.000000000,0.000000000,0.160452292,0.000000000,-0.000000000,9.800000000,0.967896507,0.000000000,0.000000000,-0.251349064
15.141664244,0.000000000,0.000000000,0.160452292,0.000000000,0.000000000,9.800000000,0.967980473,0.000000000,0.000000000,-0.251025506
15.145830910,0.000000000,0.000000000,0.176259157,-0.000000000,-0.000000000,9.800000000,0.968072586,0.000000000,0.000000000,-0.250670040
15.154164242,0.000000000,0.000000000,0.176259157,-0.000000000,-0.000000000,9.800000000,0.968256420,0.000000000,0.000000000,-0.249959008
15.158330908,0.000000000,0.000000000,0.191998071,0.000000000,0.000000000,9.800000000,0.968356325,0.000000000,0.000000000,-0.249571689
15.162497574,0.000000000,0.000000000,0.191998071,0.000000000,0.000000000,9.800000000,0.968456075,0.000000000,0.000000000,-0.249184331
15.166664240,0.000000000,0.000000000,0.191998071,0.000000000,0.000000000,9.800000000,0.968555670,0.000000000,0.000000000,-0.248796932
15.170830906,0.000000000,0.000000000,0.207662966,0.000000000,0.000000000,9.800000000,0.968663217,0.000000000,0.000000000,-0.248377881
15.179164238,0.000000000,0.000000000,0.207662966,0.000000000,0.000000000,9.800000000,0.968877766,0.000000000,0.000000000,-0.247539641
15.183330904,0.000000000,0.000000000,0.223247803,0.000000000,0.000000000,9.800000000,0.968992792,0.000000000,0.000000000,-0.247088989
15.187497570,0.000000000,0.000000000,0.223247803,0.000000000,0.000000000,9.800000000,0.969107608,0.000000000,0.000000000,-0.246638285
15.191664236,0.000000000,0.000000000,0.223247803,0.000000000,-0.000000000,9.800000000,0.969222215,0.000000000,0.000000000,-0.246187526
15.195830902,0.000000000,0.000000000,0.238746573,0.000000000,0.000000000,9.800000000,0.969344546,0.000000000,0.000000000,-0.245705416
15.204164234,0.000000000,0.000000000,0.238746573,0.000000000,0.000000000,9.800000000,0.969588488,0.000000000,0.000000000,-0.244741012
15.208330900,0.000000000,0.000000000,0.254153302,0.000000000,-0.000000000,9.800000000,0.969717939,0.000000000,0.000000000,-0.244227595
15.212497566,0.000000000,0.000000000,0.254153302,0.000000000,-0.000000000,9.800000000,0.969847119,0.000000000,0.000000000,-0.243714108
15.216664232,0.000000000,0.000000000,0.254153302,-0.000000000,-0.000000000,9.800000000,0.969976026,0.000000000,0.000000000,-0.243200554
15.220830898,0.000000000,0.000000000,0.269462051,-0.000000000,-0.000000000,9.800000000,0.970112401,0.000000000,0.000000000,-0.242655991
15.229164230,0.000000000,0.000000000,0.269462051,-0.000000000,-0.000000000,9.800000000,0.970384233,0.000000000,0.000000000,-0.241566637
15.233330896,0.000000000,0.000000000,0.284666917,0.000000000,0.000000000,9.800000000,0.970527325,0.000000000,0.000000000,-0.240991102
15.237497562,0.000000000,0.000000000,0.284666917,0.000000000,0.000000000,9.800000000,0.970670076,0.000000000,0.000000000,-0.240415483
15.241664228,0.000000000,0.000000000,0.284666917,0.000000000,0.000000000,9.800000000,0.970812485,0.000000000,0.000000000,-0.239839779
15.245830894,0.000000000,0.000000000,0.299762038,0.000000000,0.000000000,9.800000000,0.970962076,0.000000000,0.000000000,-0.239233455
15.254164226,0.000000000,0.000000000,0.299762038,0.000000000,0.000000000,9.800000000,0.971260124,0.000000000,0.000000000,-0.238020529
15.258330892,0.000000000,0.000000000,0.314741595,0.000000000,-0.000000000,9.800000000,0.971415988,0.000000000,0.000000000,-0.237383612
15.262497558,0.000000000,0.000000000,0.314741595,0.000000000,0.000000000,9.800000000,0.971571434,0.000000000,0.000000000,-0.236746592
15.266664224,0.000000000,0.000000000,0.314741595,0.000000000,0.000000000,9.800000000,0.971726462,0.000000000,0.000000000,-0.236109471
15.270830890,0.000000000,0.000000000,0.329599813,-0.000000000,0.000000000,9.800000000,0.971888362,0.000000000,0.000000000,-0.235442163
15.279164222,0.000000000,0.000000000,0.329599813,-0.000000000,0.000000000,9.800000000,0.972210785,0.000000000,0.000000000,-0.234107216
15.283330888,0.000000000,0.000000000,0.344330965,0.000000000,-0.000000000,9.800000000,0.972378474,0.000000000,0.000000000,-0.233409735
15.287497554,0.000000000,0.000000000,0.344330965,0.000000000,-0.000000000,9.800000000,0.972545661,0.000000000,0.000000000,-0.232712133
15.291664220,0.000000000,0.000000000,0.344330965,-0.000000000,-0.000000000,9.800000000,0.972712348,0.000000000,0.000000000,-0.232014412
15.295830886,0.000000000,0.000000000,0.358929370,0.000000000,0.000000000,9.800000000,0.972885570,0.000000000,0.000000000,-0.231286982
15.304164218,0.000000000,0.000000000,0.358929370,0.000000000,0.000000000,9.800000000,0.973230380,0.000000000,0.000000000,-0.229831736
15.308330884,0.000000000,0.000000000,0.373389402,0.000000000,0.000000000,9.800000000,0.973408871,0.000000000,0.000000000,-0.229074596
15.312497550,0.000000000,0.000000000,0.373389402,0.000000000,-0.000000000,9.800000000,0.973586772,0.000000000,0.000000000,-0.228317318
15.316664216,0.000000000,0.000000000,0.373389402,0.000000000,-0.000000000,9.800000000,0.973764084,0.000000000,0.000000000,-0.227559901
15.320830882,0.000000000,0.000000000,0.387705484,0.000000000,0.000000000,9.800000000,0.973947571,0.000000000,0.000000000,-0.226773298
15.329164214,0.000000000,0.000000000,0.387705484,0.000000000,0.000000000,9.800000000,0.974312639,0.000000000,0.000000000,-0.225199650
15.333330880,0.000000000,0.000000000,0.401872099,0.000000000,0.000000000,9.800000000,0.974500842,0.000000000,0.000000000,-0.224383844
15.337497546,0.000000000,0.000000000,0.401872099,0.000000000,0.000000000,9.800000000,0.974688362,0.000000000,0.000000000,-0.223567881
15.341664212,0.000000000,0.000000000,0.401872099,0.000000000,0.000000000,9.800000000,0.974875199,0.000000000,0.000000000,-0.222751761
15.345830878,0.000000000,0.000000000,0.415883785,-0.000000000,-0.000000000,9.800000000,0.975067830,0.000000000,0.000000000,-0.221907022
15.354164210,0.000000000,0.000000000,0.415883785,-0.000000000,-0.000000000,9.800000000,0.975450898,0.000000000,0.000000000,-0.220217044
15.358330876,0.000000000,0.000000000,0.429735139,-0.000000000,-0.000000000,9.800000000,0.975647663,0.000000000,0.000000000,-0.219343653
15.362497542,0.000000000,0.000000000,0.429735139,0.000000000,0.000000000,9.800000000,0.975843646,0.000000000,0.000000000,-0.218470086
15.366664208,0.000000000,0.000000000,0.429735139,0.000000000,0.000000000,9.800000000,0.976038847,0.000000000,0.000000000,-0.217596344
15.370830874,0.000000000,0.000000000,0.443420823,-0.000000000,0.000000000,9.800000000,0.976239445,0.000000000,0.000000000,-0.216694593
15.379164206,0.000000000,0.000000000,0.443420823,-0.000000000,-0.000000000,9.800000000,0.976638140,0.000000000,0.000000000,-0.214890538
15.383330872,0.000000000,0.000000000,0.456935559,-0.000000000,0.000000000,9.800000000,0.976842262,0.000000000,0.000000000,-0.213960731
15.387497538,0.000000000,0.000000000,0.456935559,0.000000000,0.000000000,9.800000000,0.977045500,0.000000000,0.000000000,-0.213030730
15.391664204,0.000000000,0.000000000,0.456935559,-0.000000000,0.000000000,9.800000000,0.977247851,0.000000000,0.000000000,-0.212100536
15.395830870,0.000000000,0.000000000,0.470274138,-0.000000000,-0.000000000,9.800000000,0.977455185,0.000000000,0.000000000,-0.211142988
15.404164202,0.000000000,0.000000000,0.470274138,-0.000000000,-0.000000000,9.800000000,0.977867038,0.000000000,0.000000000,-0.209227285
15.408330868,0.000000000,0.000000000,0.483431417,0.000000000,-0.000000000,9.800000000,0.978077265,0.000000000,0.000000000,-0.208242321
15.412497534,0.000000000,0.000000000,0.483431417,0.000000000,-0.000000000,9.800000000,0.978286500,0.000000000,0.000000000,-0.207257147
15.416664200,0.000000000,0.000000000,0.483431417,0.000000000,-0.000000000,9.800000000,0.978494742,0.000000000,0.000000000,-0.206271762
15.420830866,0.000000000,0.000000000,0.496402325,0.000000000,0.000000000,9.800000000,0.978707539,0.000000000,0.000000000,-0.205259720
15.429164198,0.000000000,0.000000000,0.496402325,0.000000000,0.000000000,9.800000000,0.979129993,0.000000000,0.000000000,-0.203234980
15.433330864,0.000000000,0.000000000,0.509181860,-0.000000000,-0.000000000,9.800000000,0.979345033,0.000000000,0.000000000,-0.202196209
15.437497530,0.000000000,0.000000000,0.509181860,-0.000000000,0.000000000,9.800000000,0.979558970,0.000000000,0.000000000,-0.201157211
15.441664196,0.000000000,0.000000000,0.509181860,-0.000000000,-0.000000000,9.800000000,0.979771806,0.000000000,0.000000000,-0.200117987
15.445830862,0.000000000,0.000000000,0.521765096,-0.000000000,0.000000000,9.800000000,0.979988757,0.000000000,0.000000000,-0.199052846
15.454164194,0.000000000,0.000000000,0.521765096,0.000000000,0.000000000,9.800000000,0.980419186,0.000000000,0.000000000,-0.196921862
15.458330860,0.000000000,0.000000000,0.534147181,-0.000000000,0.000000000,9.800000000,0.980637715,0.000000000,0.000000000,-0.195830723
15.462497526,0.000000000,0.000000000,0.534147181,-0.000000000,0.000000000,9.800000000,0.980855029,0.000000000,0.000000000,-0.194739342
15.466664192,0.000000000,0.000000000,0.534147181,-0.000000000,0.000000000,9.800000000,0.981071129,0.000000000,0.000000000,-0.193647720
15.470830858,0.000000000,0.000000000,0.546323343,0.000000000,0.000000000,9.800000000,0.981290898,0.000000000,0.000000000,-0.192530966
15.479164190,0.000000000,0.000000000,0.546323343,0.000000000,0.000000000,9.800000000,0.981726623,0.000000000,0.000000000,-0.190296710
15.483330856,0.000000000,0.000000000,0.558288886,0.000000000,0.000000000,9.800000000,0.981947293,0.000000000,0.000000000,-0.189154734
15.487497522,0.000000000,0.000000000,0.558288886,0.000000000,-0.000000000,9.800000000,0.982166635,0.000000000,0.000000000,-0.188012502
15.491664188,0.000000000,0.000000000,0.558288886,0.000000000,-0.000000000,9.800000000,0.982384648,0.000000000,0.000000000,-0.186870015
15.495830854,0.000000000,0.000000000,0.570039199,0.000000000,0.000000000,9.800000000,0.982605879,0.000000000,0.000000000,-0.185703222
15.504164186,0.000000000,0.000000000,0.570039199,0.000000000,0.000000000,9.800000000,0.983044182,0.000000000,0.000000000,-0.183368851
15.508330852,0.000000000,0.000000000,0.581569751,0.000000000,0.000000000,9.800000000,0.983265631,0.000000000,0.000000000,-0.182177657
15.512497518,0.000000000,0.000000000,0.581569751,0.000000000,0.000000000,9.800000000,0.983485636,0.000000000,0.000000000,-0.180986196
15.516664184,0.000000000,0.000000000,0.581569751,0.000000000,0.000000000,9.800000000,0.983704198,0.000000000,0.000000000,-0.179794469
15.520830850,0.000000000,0.000000000,0.592876097,-0.000000000,0.000000000,9.800000000,0.983925522,0.000000000,0.000000000,-0.178579301
15.529164182,0.000000000,0.000000000,0.592876097,0.000000000,0.000000000,9.800000000,0.984363667,0.000000000,0.000000000,-0.176148151
15.533330848,0.000000000,0.000000000,0.603953878,-0.000000000,-0.000000000,9.800000000,0.984584524,0.000000000,0.000000000,-0.174909449
15.537497514,0.000000000,0.000000000,0.603953878,-0.000000000,-0.000000000,9.800000000,0.984803822,0.000000000,0.000000000,-0.173670471
15.541664180,0.000000000,0.000000000,0.603953878,-0.000000000,-0.000000000,9.800000000,0.985021561,0.000000000,0.000000000,-0.172431217
15.545830846,0.000000000,0.000000000,0.614798823,0.000000000,0.000000000,9.800000000,0.985241608,0.000000000,0.000000000,-0.171169430
15.554164178,0.000000000,0.000000000,0.614798823,0.000000000,0.000000000,9.800000000,0.985676853,0.000000000,0.000000000,-0.168645016
15.558330844,0.000000000,0.000000000,0.625406751,0.000000000,-0.000000000,9.800000000,0.985895749,0.000000000,0.000000000,-0.167360604
15.562497510,0.000000000,0.000000000,0.625406751,0.000000000,0.000000000,9.800000000,0.986112971,0.000000000,0.000000000,-0.166075909
15.566664176,0.000000000,0.000000000,0.625406751,0.000000000,0.000000000,9.800000000,0.986328520,0.000000000,0.000000000,-0.164790932
15.570830842,0.000000000,0.000000000,0.635773574,0.000000000,0.000000000,9.800000000,0.986545925,0.000000000,0.000000000,-0.163484368
15.579164174,0.000000000,0.000000000,0.635773574,0.000000000,0.000000000,9.800000000,0.986975542,0.000000000,0.000000000,-0.160870382
15.583330840,0.000000000,0.000000000,0.645895293,0.000000000,0.000000000,9.800000000,0.987191118,0.000000000,0.000000000,-0.159542147
15.587497506,0.000000000,0.000000000,0.645895293,-0.000000000,-0.000000000,9.800000000,0.987404906,0.000000000,0.000000000,-0.158213624
15.591664172,0.000000000,0.000000000,0.645895293,0.000000000,0.000000000,9.800000000,0.987616907,0.000000000,0.000000000,-0.156884814
15.595830838,0.000000000,0.000000000,0.655768008,-0.000000000,0.000000000,9.800000000,0.987830319,0.000000000,0.000000000,-0.155535403
15.604164170,0.000000000,0.000000000,0.655768008,-0.000000000,0.000000000,9.800000000,0.988251610,0.000000000,0.000000000,-0.152835711
15.608330836,0.000000000,0.000000000,0.665387912,-0.000000000,0.000000000,9.800000000,0.988462525,0.000000000,0.000000000,-0.151465626
15.612497502,0.000000000,0.000000000,0.665387912,0.000000000,0.000000000,9.800000000,0.988671541,0.000000000,0.000000000,-0.150095250
15.616664168,0.000000000,0.000000000,0.665387912,0.000000000,0.000000000,9.800000000,0.988878657,0.000000000,0.000000000,-0.148724586
15.620830834,0.000000000,0.000000000,0.674751296,0.000000000,-0.000000000,9.800000000,0.989086746,0.000000000,0.000000000,-0.147334341
15.629164166,0.000000000,0.000000000,0.674751296,0.000000000,0.000000000,9.800000000,0.989497062,0.000000000,0.000000000,-0.144552981
15.633330832,0.000000000,0.000000000,0.683854551,0.000000000,-0.000000000,9.800000000,0.989702002,0.000000000,0.000000000,-0.143143102
15.637497498,0.000000000,0.000000000,0.683854551,0.000000000,0.000000000,9.800000000,0.989904933,0.000000000,0.000000000,-0.141732932
15.641664164,0.000000000,0.000000000,0.683854551,0.000000000,0.000000000,9.800000000,0.990105855,0.000000000,0.000000000,-0.140322474
15.645830830,0.000000000,0.000000000,0.692694167,-0.000000000,-0.000000000,9.800000000,0.990307325,0.000000000,0.000000000,-0.138893494
15.654164162,0.000000000,0.000000000,0.692694167,-0.000000000,0.000000000,9.800000000,0.990704077,0.000000000,0.000000000,-0.136034670
15.658330828,0.000000000,0.000000000,0.701266736,0.000000000,0.000000000,9.800000000,0.990901763,0.000000000,0.000000000,-0.134587134
15.662497494,0.000000000,0.000000000,0.701266736,0.000000000,0.000000000,9.800000000,0.991097333,0.000000000,0.000000000,-0.133139311
15.666664160,0.000000000,0.000000000,0.701266736,0.000000000,0.000000000,9.800000000,0.991290788,0.000000000,0.000000000,-0.131691204
15.670830826,0.000000000,0.000000000,0.709568954,0.000000000,0.000000000,9.800000000,0.991484380,0.000000000,0.000000000,-0.130225667
15.679164158,0.000000000,0.000000000,0.709568954,0.000000000,0.000000000,9.800000000,0.991865063,0.000000000,0.000000000,-0.127293742
15.683330824,0.000000000,0.000000000,0.717597619,0.000000000,0.000000000,9.800000000,0.992054258,0.000000000,0.000000000,-0.125810767
15.687497490,0.000000000,0.000000000,0.717597619,0.000000000,-0.000000000,9.800000000,0.992241236,0.000000000,0.000000000,-0.124327511
15.691664156,0.000000000,0.000000000,0.717597619,0.000000000,-0.000000000,9.800000000,0.992425996,0.000000000,0.000000000,-0.122843977
15.695830822,0.000000000,0.000000000,0.725349637,-0.000000000,0.000000000,9.800000000,0.992610498,0.000000000,0.000000000,-0.121344138
15.704164154,0.000000000,0.000000000,0.725349637,-0.000000000,-0.000000000,9.800000000,0.992972701,0.000000000,0.000000000,-0.118343632
15.708330820,0.000000000,0.000000000,0.732822019,-0.000000000,-0.000000000,9.800000000,0.993152220,0.000000000,0.000000000,-0.116827511
15.712497486,0.000000000,0.000000000,0.732822019,-0.000000000,-0.000000000,9.800000000,0.993329425,0.000000000,0.000000000,-0.115311118
15.716664152,0.000000000,0.000000000,0.732822019,0.000000000,-0.000000000,9.800000000,0.993504314,0.000000000,0.000000000,-0.113794456
15.720830818,0.000000000,0.000000000,0.740011885,0.000000000,0.000000000,9.800000000,0.993678569,0.000000000,0.000000000,-0.112262644
15.729164150,0.000000000,0.000000000,0.740011885,-0.000000000,-0.000000000,9.800000000,0.994019994,0.000000000,0.000000000,-0.109198224
15.733330816,0.000000000,0.000000000,0.746916461,0.000000000,0.000000000,9.800000000,0.994188711,0.000000000,0.000000000,-0.107651322
15.737497482,0.000000000,0.000000000,0.746916461,0.000000000,0.000000000,9.800000000,0.994355021,0.000000000,0.000000000,-0.106104160
15.741664148,0.000000000,0.000000000,0.746916461,0.000000000,0.000000000,9.800000000,0.994518923,0.000000000,0.000000000,-0.104556740
15.745830814,0.000000000,0.000000000,0.753533087,0.000000000,-0.000000000,9.800000000,0.994681837,0.000000000,0.000000000,-0.102995356
15.754164146,0.000000000,0.000000000,0.753533087,-0.000000000,-0.000000000,9.800000000,0.995000310,0.000000000,0.000000000,-0.099871831
15.758330812,0.000000000,0.000000000,0.759859212,0.000000000,0.000000000,9.800000000,0.995157165,0.000000000,0.000000000,-0.098296581
15.762497478,0.000000000,0.000000000,0.759859212,0.000000000,0.000000000,9.800000000,0.995311525,0.000000000,0.000000000,-0.096721085
15.766664144,0.000000000,0.000000000,0.759859212,0.000000000,-0.000000000,9.800000000,0.995463391,0.000000000,0.000000000,-0.095145347
15.770830810,0.000000000,0.000000000,0.765892397,-0.000000000,0.000000000,9.800000000,0.995613939,0.000000000,0.000000000,-0.093556856
15.779164142,0.000000000,0.000000000,0.765892397,-0.000000000,0.000000000,9.800000000,0.995907429,0.000000000,0.000000000,-0.090379164
15.783330808,0.000000000,0.000000000,0.771630316,0.000000000,0.000000000,9.800000000,0.996051432,0.000000000,0.000000000,-0.088778064
15.787497474,0.000000000,0.000000000,0.771630316,0.000000000,0.000000000,9.800000000,0.996192861,0.000000000,0.000000000,-0.087176735
15.791664140,0.000000000,0.000000000,0.771630316,0.000000000,0.000000000,9.800000000,0.996331716,0.000000000,0.000000000,-0.085575180
15.795830806,0.000000000,0.000000000,0.777070757,-0.000000000,0.000000000,9.800000000,0.996468948,0.000000000,0.000000000,-0.083962110
15.804164138,0.000000000,0.000000000,0.777070757,0.000000000,0.000000000,9.800000000,0.996735576,0.000000000,0.000000000,-0.080735314
15.808330804,0.000000000,0.000000000,0.782211622,0.000000000,0.000000000,9.800000000,0.996865820,0.000000000,0.000000000,-0.079110920
15.812497470,0.000000000,0.000000000,0.782211622,0.000000000,0.000000000,9.800000000,0.996993416,0.000000000,0.000000000,-0.077486316
15.816664136,0.000000000,0.000000000,0.782211622,0.000000000,0.000000000,9.800000000,0.997118364,0.000000000,0.000000000,-0.075861506
15.820830802,0.000000000,0.000000000,0.787050930,-0.000000000,0.000000000,9.800000000,0.997241413,0.000000000,0.000000000,-0.074226441
15.829164134,0.000000000,0.000000000,0.787050930,-0.000000000,-0.000000000,9.800000000,0.997479467,0.000000000,0.000000000,-0.070955716
15.833330800,0.000000000,0.000000000,0.791586815,0.000000000,0.000000000,9.800000000,0.997595126,0.000000000,0.000000000,-0.069310638
15.837497466,0.000000000,0.000000000,0.791586815,0.000000000,0.000000000,9.800000000,0.997708072,0.000000000,0.000000000,-0.067665371
15.841664132,0.000000000,0.000000000,0.791586815,0.000000000,-0.000000000,9.800000000,0.997818305,0.000000000,0.000000000,-0.066019921
15.845830798,0.000000000,0.000000000,0.795817528,-0.000000000,-0.000000000,9.800000000,0.997926392,0.000000000,0.000000000,-0.064365495
15.854164130,0.000000000,0.000000000,0.795817528,0.000000000,0.000000000,9.800000000,0.998134335,0.000000000,0.000000000,-0.061056117
15.858330796,0.000000000,0.000000000,0.799741439,0.000000000,0.000000000,9.800000000,0.998234677,0.000000000,0.000000000,-0.059393014
15.862497462,0.000000000,0.000000000,0.799741439,0.000000000,0.000000000,9.800000000,0.998332248,0.000000000,0.000000000,-0.057729746
15.866664128,0.000000000,0.000000000,0.799741439,0.000000000,0.000000000,9.800000000,0.998427047,0.000000000,0.000000000,-0.056066317
15.870830794,0.000000000,0.000000000,0.803357034,0.000000000,0.000000000,9.800000000,0.998519484,0.000000000,0.000000000,-0.054395212
15.879164126,0.000000000,0.000000000,0.803357034,0.000000000,0.000000000,9.800000000,0.998695968,0.000000000,0.000000000,-0.051052549
15.883330792,0.000000000,0.000000000,0.806662920,0.000000000,-0.000000000,9.800000000,0.998780354,0.000000000,0.000000000,-0.049374122
15.887497458,0.000000000,0.000000000,0.806662920,0.000000000,-0.000000000,9.800000000,0.998861919,0.000000000,0.000000000,-0.047695555
15.891664124,0.000000000,0.000000000,0.806662920,0.000000000,-0.000000000,9.800000000,0.998940664,0.000000000,0.000000000,-0.046016853
15.895830790,0.000000000,0.000000000,0.809657822,-0.000000000,0.000000000,9.800000000,0.999016863,0.000000000,0.000000000,-0.044331789
15.904164122,0.000000000,0.000000000,0.809657822,0.000000000,0.000000000,9.800000000,0.999160734,0.000000000,0.000000000,-0.040961286
15.908330788,0.000000000,0.000000000,0.812340585,0.000000000,0.000000000,9.800000000,0.999228625,0.000000000,0.000000000,-0.039270272
15.912497454,0.000000000,0.000000000,0.812340585,0.000000000,0.000000000,9.800000000,0.999293654,0.000000000,0.000000000,-0.037579146
15.916664120,0.000000000,0.000000000,0.812340585,0.000000000,0.000000000,9.800000000,0.999355821,0.000000000,0.000000000,-0.035887913
15.920830786,0.000000000,0.000000000,0.814710176,-0.000000000,-0.000000000,9.800000000,0.999415295,0.000000000,0.000000000,-0.034191643
15.929164118,0.000000000,0.000000000,0.814710176,0.000000000,-0.000000000,9.800000000,0.999525604,0.000000000,0.000000000,-0.030798812
15.933330784,0.000000000,0.000000000,0.816765681,-0.000000000,0.000000000,9.800000000,0.999576564,0.000000000,0.000000000,-0.029097981
15.937497450,0.000000000,0.000000000,0.816765681,-0.000000000,0.000000000,9.800000000,0.999624630,0.000000000,0.000000000,-0.027397065
15.941664116,0.000000000,0.000000000,0.816765681,-0.000000000,0.000000000,9.800000000,0.999669801,0.000000000,0.000000000,-0.025696070
15.945830782,0.000000000,0.000000000,0.818506307,0.000000000,0.000000000,9.800000000,0.999712166,0.000000000,0.000000000,-0.023991375
15.954164114,0.000000000,0.000000000,0.818506307,-0.000000000,0.000000000,9.800000000,0.999788173,0.000000000,0.000000000,-0.020581782
15.958330780,0.000000000,0.000000000,0.819931383,0.000000000,0.000000000,9.800000000,0.999821872,0.000000000,0.000000000,-0.018873924
15.962497446,0.000000000,0.000000000,0.819931383,0.000000000,0.000000000,9.800000000,0.999852653,0.000000000,0.000000000,-0.017166012
15.966664112,0.000000000,0.000000000,0.819931383,0.000000000,0.000000000,9.800000000,0.999880517,0.000000000,0.000000000,-0.015458049
15.970830778,0.000000000,0.000000000,0.821040361,-0.000000000,0.000000000,9.800000000,0.999905495,0.000000000,0.000000000,-0.013747731
15.979164110,0.000000000,0.000000000,0.821040361,-0.000000000,-0.000000000,9.800000000,0.999946675,0.000000000,0.000000000,-0.010326980
15.983330776,0.000000000,0.000000000,0.821832811,0.000000000,-0.000000000,9.800000000,0.999962891,0.000000000,0.000000000,-0.008614905
15.987497442,0.000000000,0.000000000,0.821832811,-0.000000000,-0.000000000,9.800000000,0.999976175,0.000000000,0.000000000,-0.006902805
15.991664108,0.000000000,0.000000000,0.821832811,-0.000000000,-0.000000000,9.800000000,0.999986528,0.000000000,0.000000000,-0.005190686
15.995830774,0.000000000,0.000000000,0.822308430,0.000000000,0.000000000,9.800000000,0.999993953,0.000000000,0.000000000,-0.003477560
16.004164106,0.000000000,0.000000000,0.822308430,-0.000000000,-0.000000000,9.800000000,0.999999999,0.000000000,0.000000000,-0.000051282
16.008330772,0.000000000,0.000000000,0.822467033,0.000000000,0.000000000,9.800000000,0.999998619,0.000000000,0.000000000,0.001662190
16.012497438,0.000000000,0.000000000,0.822467033,0.000000000,0.000000000,9.800000000,0.999994302,0.000000000,0.000000000,0.003375657
16.016664104,0.000000000,0.000000000,0.822467033,0.000000000,0.000000000,9.800000000,0.999987050,0.000000000,0.000000000,0.005089114
16.020830770,0.000000000,0.000000000,0.822308560,-0.000000000,0.000000000,9.800000000,0.999976865,0.000000000,0.000000000,0.006802226
16.029164102,0.000000000,0.000000000,0.822308560,-0.000000000,0.000000000,9.800000000,0.999947689,0.000000000,0.000000000,0.010228385
16.033330768,0.000000000,0.000000000,0.821833071,0.000000000,0.000000000,9.800000000,0.999928711,0.000000000,0.000000000,0.011940432
16.037497434,0.000000000,0.000000000,0.821833071,-0.000000000,0.000000000,9.800000000,0.999906801,0.000000000,0.000000000,0.013652444
16.041664100,0.000000000,0.000000000,0.821833071,0.000000000,0.000000000,9.800000000,0.999881960,0.000000000,0.000000000,0.015364415
16.045830766,0.000000000,0.000000000,0.821040750,0.000000000,0.000000000,9.800000000,0.999854217,0.000000000,0.000000000,0.017074691
16.054164098,0.000000000,0.000000000,0.821040750,0.000000000,0.000000000,9.800000000,0.999789954,0.000000000,0.000000000,0.020495088
16.058330764,0.000000000,0.000000000,0.819931902,0.000000000,-0.000000000,9.800000000,0.999753485,0.000000000,0.000000000,0.022202890
16.062497430,0.000000000,0.000000000,0.819931902,0.000000000,-0.000000000,9.800000000,0.999714100,0.000000000,0.000000000,0.023910627
16.066664096,0.000000000,0.000000000,0.819931902,-0.000000000,-0.000000000,9.800000000,0.999671798,0.000000000,0.000000000,0.025618294
16.070830762,0.000000000,0.000000000,0.818506955,0.000000000,0.000000000,9.800000000,0.999626659,0.000000000,0.000000000,0.027322919
16.079164094,0.000000000,0.000000000,0.818506955,0.000000000,0.000000000,9.800000000,0.999527663,0.000000000,0.000000000,0.030731925
16.083330760,0.000000000,0.000000000,0.816766458,-0.000000000,-0.000000000,9.800000000,0.999473922,0.000000000,0.000000000,0.032432673
16.087497426,0.000000000,0.000000000,0.816766458,0.000000000,-0.000000000,9.800000000,0.999417288,0.000000000,0.000000000,0.034133326
16.091664092,0.000000000,0.000000000,0.816766458,0.000000000,-0.000000000,9.800000000,0.999357760,0.000000000,0.000000000,0.035833881
16.095830758,0.000000000,0.000000000,0.814711082,-0.000000000,0.000000000,9.800000000,0.999295499,0.000000000,0.000000000,0.037530053
16.104164090,0.000000000,0.000000000,0.814711082,-0.000000000,0.000000000,9.800000000,0.999162341,0.000000000,0.000000000,0.040922068
16.108330756,0.000000000,0.000000000,0.812341620,-0.000000000,-0.000000000,9.800000000,0.999091655,0.000000000,0.000000000,0.042612969
16.112497422,0.000000000,0.000000000,0.812341620,-0.000000000,-0.000000000,9.800000000,0.999018107,0.000000000,0.000000000,0.044303748
16.116664088,0.000000000,0.000000000,0.812341620,0.000000000,-0.000000000,9.800000000,0.998941698,0.000000000,0.000000000,0.045994400
16.120830754,0.000000000,0.000000000,0.809658985,0.000000000,0.000000000,9.800000000,0.998862694,0.000000000,0.000000000,0.047679338
16.129164086,0.000000000,0.000000000,0.809658985,0.000000000,0.000000000,9.800000000,0.998696160,0.000000000,0.000000000,0.051048802
16.133330752,0.000000000,0.000000000,0.806664210,0.000000000,0.000000000,9.800000000,0.998608960,0.000000000,0.000000000,0.052727088
16.137497418,0.000000000,0.000000000,0.806664210,0.000000000,0.000000000,9.800000000,0.998518939,0.000000000,0.000000000,0.054405225
16.141664084,0.000000000,0.000000000,0.806664210,0.000000000,0.000000000,9.800000000,0.998426098,0.000000000,0.000000000,0.056083209
16.145830750,0.000000000,0.000000000,0.803358452,-0.000000000,0.000000000,9.800000000,0.998330836,0.000000000,0.000000000,0.057754158
16.154164082,0.000000000,0.000000000,0.803358452,-0.000000000,0.000000000,9.800000000,0.998131921,0.000000000,0.000000000,0.061095568
16.158330748,0.000000000,0.000000000,0.799742983,0.000000000,0.000000000,9.800000000,0.998028742,0.000000000,0.000000000,0.062758501
16.162497414,0.000000000,0.000000000,0.799742983,0.000000000,0.000000000,9.800000000,0.997922793,0.000000000,0.000000000,0.064421259
16.166664080,0.000000000,0.000000000,0.799742983,-0.000000000,0.000000000,9.800000000,0.997814074,0.000000000,0.000000000,0.066083839
16.170830746,0.000000000,0.000000000,0.795819199,-0.000000000,-0.000000000,9.800000000,0.997703138,0.000000000,0.000000000,0.067738080
16.179164078,0.000000000,0.000000000,0.795819199,-0.000000000,-0.000000000,9.800000000,0.997473040,0.000000000,0.000000000,0.071045998
16.183330744,0.000000000,0.000000000,0.791588611,-0.000000000,0.000000000,9.800000000,0.997354519,0.000000000,0.000000000,0.072690876
16.187497410,0.000000000,0.000000000,0.791588611,0.000000000,0.000000000,9.800000000,0.997233285,0.000000000,0.000000000,0.074335556
16.191664076,0.000000000,0.000000000,0.791588611,0.000000000,0.000000000,9.800000000,0.997109339,0.000000000,0.000000000,0.075980034
16.195830742,0.000000000,0.000000000,0.787052850,0.000000000,-0.000000000,9.800000000,0.996983415,0.000000000,0.000000000,0.077614885
16.204164074,0.000000000,0.000000000,0.787052850,-0.000000000,-0.000000000,9.800000000,0.996723525,0.000000000,0.000000000,0.080883956
16.208330740,0.000000000,0.000000000,0.782213666,0.000000000,0.000000000,9.800000000,0.996590392,0.000000000,0.000000000,0.082508120
16.212497406,0.000000000,0.000000000,0.782213666,0.000000000,0.000000000,9.800000000,0.996454613,0.000000000,0.000000000,0.084132064
16.216664072,0.000000000,0.000000000,0.782213666,0.000000000,0.000000000,9.800000000,0.996316187,0.000000000,0.000000000,0.085755786
16.220830738,0.000000000,0.000000000,0.777072924,-0.000000000,-0.000000000,9.800000000,0.996176052,0.000000000,0.000000000,0.087368611
16.229164070,0.000000000,0.000000000,0.777072924,-0.000000000,-0.000000000,9.800000000,0.995887948,0.000000000,0.000000000,0.090593569
16.233330736,0.000000000,0.000000000,0.771632606,0.000000000,0.000000000,9.800000000,0.995741026,0.000000000,0.000000000,0.092194409
16.237497402,0.000000000,0.000000000,0.771632606,0.000000000,0.000000000,9.800000000,0.995591531,0.000000000,0.000000000,0.093795010
16.241664068,0.000000000,0.000000000,0.771632606,0.000000000,0.000000000,9.800000000,0.995439463,0.000000000,0.000000000,0.095395369
16.245830734,0.000000000,0.000000000,0.765894808,0.000000000,0.000000000,9.800000000,0.995285981,0.000000000,0.000000000,0.096983584
16.254164066,0.000000000,0.000000000,0.765894808,0.000000000,0.000000000,9.800000000,0.994971417,0.000000000,0.000000000,0.100159269
16.258330732,0.000000000,0.000000000,0.759861744,0.000000000,0.000000000,9.800000000,0.994811614,0.000000000,0.000000000,0.101734228
16.262497398,0.000000000,0.000000000,0.759861744,-0.000000000,0.000000000,9.800000000,0.994649317,0.000000000,0.000000000,0.103308931
16.266664064,0.000000000,0.000000000,0.759861744,0.000000000,0.000000000,9.800000000,0.994484529,0.000000000,0.000000000,0.104883376
16.270830730,0.000000000,0.000000000,0.753535738,0.000000000,0.000000000,9.800000000,0.994318650,0.000000000,0.000000000,0.106444453
16.279164062,0.000000000,0.000000000,0.753535738,-0.000000000,0.000000000,9.800000000,0.993979543,0.000000000,0.000000000,0.109565817
16.283330728,0.000000000,0.000000000,0.746919231,0.000000000,-0.000000000,9.800000000,0.993807846,0.000000000,0.000000000,0.111112397
16.287497394,0.000000000,0.000000000,0.746919231,0.000000000,0.000000000,9.800000000,0.993633743,0.000000000,0.000000000,0.112658708
16.291664060,0.000000000,0.000000000,0.746919231,0.000000000,0.000000000,9.800000000,0.993457234,0.000000000,0.000000000,0.114204746
16.295830726,0.000000000,0.000000000,0.740014771,0.000000000,-0.000000000,9.800000000,0.993279984,0.000000000,0.000000000,0.115736220
16.304164058,0.000000000,0.000000000,0.740014771,0.000000000,-0.000000000,9.800000000,0.992918403,0.000000000,0.000000000,0.118798339
16.308330724,0.000000000,0.000000000,0.732825022,0.000000000,-0.000000000,9.800000000,0.992735874,0.000000000,0.000000000,0.120314107
16.312497390,0.000000000,0.000000000,0.732825022,0.000000000,0.000000000,9.800000000,0.992551031,0.000000000,0.000000000,0.121829594
16.316664056,0.000000000,0.000000000,0.732825022,0.000000000,-0.000000000,9.800000000,0.992363875,0.000000000,0.000000000,0.123344798
16.320830722,0.000000000,0.000000000,0.725352756,0.000000000,0.000000000,9.800000000,0.992176350,0.000000000,0.000000000,0.124844268
16.329164054,0.000000000,0.000000000,0.725352756,0.000000000,0.000000000,9.800000000,0.991794502,0.000000000,0.000000000,0.127842351
16.333330720,0.000000000,0.000000000,0.717600851,0.000000000,0.000000000,9.800000000,0.991602269,0.000000000,0.000000000,0.129324941
16.337497386,0.000000000,0.000000000,0.717600851,-0.000000000,0.000000000,9.800000000,0.991407820,0.000000000,0.000000000,0.130807243
16.341664052,0.000000000,0.000000000,0.717600851,0.000000000,0.000000000,9.800000000,0.991211155,0.000000000,0.000000000,0.132289253
16.345830718,0.000000000,0.000000000,0.709572299,-0.000000000,0.000000000,9.800000000,0.991014512,0.000000000,0.000000000,0.133754391
16.354164050,0.000000000,0.000000000,0.709572299,-0.000000000,-0.000000000,9.800000000,0.990614730,0.000000000,0.000000000,0.136683787
16.358330716,0.000000000,0.000000000,0.701270192,0.000000000,0.000000000,9.800000000,0.990413980,0.000000000,0.000000000,0.138130908
16.362497382,0.000000000,0.000000000,0.701270192,0.000000000,0.000000000,9.800000000,0.990211117,0.000000000,0.000000000,0.139577734
16.366664048,0.000000000,0.000000000,0.701270192,0.000000000,0.000000000,9.800000000,0.990006140,0.000000000,0.000000000,0.141024263
16.370830714,0.000000000,0.000000000,0.692697733,-0.000000000,0.000000000,9.800000000,0.989801594,0.000000000,0.000000000,0.142452813
16.379164046,0.000000000,0.000000000,0.692697733,-0.000000000,0.000000000,9.800000000,0.989386319,0.000000000,0.000000000,0.145309021
16.383330712,0.000000000,0.000000000,0.683858226,0.000000000,-0.000000000,9.800000000,0.989178293,0.000000000,0.000000000,0.146718456
16.387497378,0.000000000,0.000000000,0.683858226,-0.000000000,-0.000000000,9.800000000,0.988968258,0.000000000,0.000000000,0.148127593
16.391664044,0.000000000,0.000000000,0.683858226,0.000000000,-0.000000000,9.800000000,0.988756217,0.000000000,0.000000000,0.149536430
16.395830710,0.000000000,0.000000000,0.674755078,0.000000000,-0.000000000,9.800000000,0.988545031,0.000000000,0.000000000,0.150926215
16.404164042,0.000000000,0.000000000,0.674755078,0.000000000,-0.000000000,9.800000000,0.988116798,0.000000000,0.000000000,0.153704889
16.408330708,0.000000000,0.000000000,0.665391800,-0.000000000,-0.000000000,9.800000000,0.987902778,0.000000000,0.000000000,0.155074501
16.412497374,0.000000000,0.000000000,0.665391800,-0.000000000,-0.000000000,9.800000000,0.987686860,0.000000000,0.000000000,0.156443814
16.416664040,0.000000000,0.000000000,0.665391800,-0.000000000,-0.000000000,9.800000000,0.987469043,0.000000000,0.000000000,0.157812827
16.420830706,0.000000000,0.000000000,0.655772000,0.000000000,0.000000000,9.800000000,0.987252519,0.000000000,0.000000000,0.159161751
16.429164038,0.000000000,0.000000000,0.655772000,0.000000000,0.000000000,9.800000000,0.986813944,0.000000000,0.000000000,0.161858706
16.433330704,0.000000000,0.000000000,0.645899388,0.000000000,0.000000000,9.800000000,0.986595249,0.000000000,0.000000000,0.163186439
16.437497370,0.000000000,0.000000000,0.645899388,-0.000000000,0.000000000,9.800000000,0.986374769,0.000000000,0.000000000,0.164513877
16.441664036,0.000000000,0.000000000,0.645899388,-0.000000000,-0.000000000,9.800000000,0.986152502,0.000000000,0.000000000,0.165841016
16.445830702,0.000000000,0.000000000,0.635777770,0.000000000,0.000000000,9.800000000,0.985931975,0.000000000,0.000000000,0.167147066
16.454164034,0.000000000,0.000000000,0.635777770,0.000000000,0.000000000,9.800000000,0.985485731,0.000000000,0.000000000,0.169758283
16.458330700,0.000000000,0.000000000,0.625411047,0.000000000,0.000000000,9.800000000,0.985263710,0.000000000,0.000000000,0.171042166
16.462497366,0.000000000,0.000000000,0.625411047,0.000000000,0.000000000,9.800000000,0.985040016,0.000000000,0.000000000,0.172325760
16.466664032,0.000000000,0.000000000,0.625411047,0.000000000,0.000000000,9.800000000,0.984814650,0.000000000,0.000000000,0.173609061
16.470830698,0.000000000,0.000000000,0.614803216,0.000000000,0.000000000,9.800000000,0.984591476,0.000000000,0.000000000,0.174870308
16.479164030,0.000000000,0.000000000,0.614803216,0.000000000,0.000000000,9.800000000,0.984140285,0.000000000,0.000000000,0.177391939
16.483330696,0.000000000,0.000000000,0.603958368,0.000000000,0.000000000,9.800000000,0.983916303,0.000000000,0.000000000,0.178630089
16.487497362,0.000000000,0.000000000,0.603958368,0.000000000,0.000000000,9.800000000,0.983690763,0.000000000,0.000000000,0.179867957
16.491664028,0.000000000,0.000000000,0.603958368,-0.000000000,-0.000000000,9.800000000,0.983463667,0.000000000,0.000000000,0.181105539
16.495830694,0.000000000,0.000000000,0.592880681,0.000000000,-0.000000000,9.800000000,0.983239221,0.000000000,0.000000000,0.182320144
16.504164026,0.000000000,0.000000000,0.592880681,0.000000000,-0.000000000,9.800000000,0.982785829,0.000000000,0.000000000,0.184748516
16.508330692,0.000000000,0.000000000,0.581574428,0.000000000,0.000000000,9.800000000,0.982561264,0.000000000,0.000000000,0.185939136
16.512497358,0.000000000,0.000000000,0.581574428,0.000000000,0.000000000,9.800000000,0.982335257,0.000000000,0.000000000,0.187129484
16.516664024,0.000000000,0.000000000,0.581574428,0.000000000,0.000000000,9.800000000,0.982107807,0.000000000,0.000000000,0.188319557
16.520830690,0.000000000,0.000000000,0.570043967,-0.000000000,-0.000000000,9.800000000,0.981883468,0.000000000,0.000000000,0.189485766
16.529164022,0.000000000,0.000000000,0.570043967,0.000000000,-0.000000000,9.800000000,0.981430635,0.000000000,0.000000000,0.191817382
16.533330688,0.000000000,0.000000000,0.558293744,-0.000000000,-0.000000000,9.800000000,0.981206866,0.000000000,0.000000000,0.192958766
16.537497354,0.000000000,0.000000000,0.558293744,-0.000000000,-0.000000000,9.800000000,0.980981770,0.000000000,0.000000000,0.194099888
16.541664020,0.000000000,0.000000000,0.558293744,-0.000000000,-0.000000000,9.800000000,0.980755347,0.000000000,0.000000000,0.195240748
16.545830686,0.000000000,0.000000000,0.546328287,0.000000000,0.000000000,9.800000000,0.980532492,0.000000000,0.000000000,0.196356901
16.554164018,0.000000000,0.000000000,0.546328287,0.000000000,0.000000000,9.800000000,0.980082971,0.000000000,0.000000000,0.198588443
16.558330684,0.000000000,0.000000000,0.534152211,0.000000000,-0.000000000,9.800000000,0.979861372,0.000000000,0.000000000,0.199678973
16.562497350,0.000000000,0.000000000,0.534152211,0.000000000,-0.000000000,9.800000000,0.979638559,0.000000000,0.000000000,0.200769255
16.566664016,0.000000000,0.000000000,0.534152211,0.000000000,0.000000000,9.800000000,0.979414533,0.000000000,0.000000000,0.201859289
16.570830682,0.000000000,0.000000000,0.521770209,0.000000000,0.000000000,9.800000000,0.979194529,0.000000000,0.000000000,0.202923814
16.579164014,0.000000000,0.000000000,0.521770209,0.000000000,0.000000000,9.800000000,0.978751050,0.000000000,0.000000000,0.205052143
16.583330680,0.000000000,0.000000000,0.509187055,0.000000000,-0.000000000,9.800000000,0.978532979,0.000000000,0.000000000,0.206090292
16.587497346,0.000000000,0.000000000,0.509187055,0.000000000,-0.000000000,9.800000000,0.978313807,0.000000000,0.000000000,0.207128210
16.591664012,0.000000000,0.000000000,0.509187055,0.000000000,-0.000000000,9.800000000,0.978093534,0.000000000,0.000000000,0.208165895
16.595830678,0.000000000,0.000000000,0.496407599,0.000000000,0.000000000,9.800000000,0.977877729,0.000000000,0.000000000,0.209177310
16.604164010,0.000000000,0.000000000,0.496407599,0.000000000,0.000000000,9.800000000,0.977442983,0.000000000,0.000000000,0.211199469
16.608330676,0.000000000,0.000000000,0.483436769,0.000000000,0.000000000,9.800000000,0.977229775,0.000000000,0.000000000,0.212183803
16.612497342,0.000000000,0.000000000,0.483436769,0.000000000,0.000000000,9.800000000,0.977015577,0.000000000,0.000000000,0.213167922
16.616664008,0.000000000,0.000000000,0.483436769,0.000000000,0.000000000,9.800000000,0.976800387,0.000000000,0.000000000,0.214151824
16.620830674,0.000000000,0.000000000,0.470279565,0.000000000,0.000000000,9.800000000,0.976590103,0.000000000,0.000000000,0.215108740
16.629164006,0.000000000,0.000000000,0.470279565,0.000000000,0.000000000,9.800000000,0.976166724,0.000000000,0.000000000,0.217021952
16.633330672,0.000000000,0.000000000,0.456941059,0.000000000,-0.000000000,9.800000000,0.975959685,0.000000000,0.000000000,0.217951126
16.637497338,0.000000000,0.000000000,0.456941059,0.000000000,-0.000000000,9.800000000,0.975751762,0.000000000,0.000000000,0.218880102
16.641664004,0.000000000,0.000000000,0.456941059,0.000000000,-0.000000000,9.800000000,0.975542955,0.000000000,0.000000000,0.219808880
16.645830670,0.000000000,0.000000000,0.443426394,0.000000000,-0.000000000,9.800000000,0.975339478,0.000000000,0.000000000,0.220709997
16.654164002,0.000000000,0.000000000,0.443426394,0.000000000,-0.000000000,9.800000000,0.974930027,0.000000000,0.000000000,0.222511666
16.658330668,0.000000000,0.000000000,0.429740779,0.000000000,-0.000000000,9.800000000,0.974730424,0.000000000,0.000000000,0.223384425
16.662497334,0.000000000,0.000000000,0.429740779,-0.000000000,-0.000000000,9.800000000,0.974530038,0.000000000,0.000000000,0.224257005
16.666664000,0.000000000,0.000000000,0.429740779,0.000000000,-0.000000000,9.800000000,0.974328872,0.000000000,0.000000000,0.225129405
16.670830666,0.000000000,0.000000000,0.415889491,0.000000000,0.000000000,9.800000000,0.974133446,0.000000000,0.000000000,0.225973514
16.679163998,0.000000000,0.000000000,0.415889491,0.000000000,0.000000000,9.800000000,0.973740400,0.000000000,0.000000000,0.227661223
16.683330664,0.000000000,0.000000000,0.415889491,0.000000000,0.000000000,9.800000000,0.973542781,0.000000000,0.000000000,0.228504822
16.687497330,0.000000000,0.000000000,0.401877870,0.000000000,0.000000000,9.800000000,0.973351125,0.000000000,0.000000000,0.229319836
16.691663996,0.000000000,0.000000000,0.401877870,0.000000000,0.000000000,9.800000000,0.973158787,0.000000000,0.000000000,0.230134689
16.695830662,0.000000000,0.000000000,0.387711318,-0.000000000,0.000000000,9.800000000,0.972972583,0.000000000,0.000000000,0.230920665
16.704163994,0.000000000,0.000000000,0.387711318,-0.000000000,0.000000000,9.800000000,0.972598269,0.000000000,0.000000000,0.232492165
16.708330660,0.000000000,0.000000000,0.373395295,-0.000000000,-0.000000000,9.800000000,0.972417118,0.000000000,0.000000000,0.233248685
16.712497326,0.000000000,0.000000000,0.373395295,0.000000000,0.000000000,9.800000000,0.972235378,0.000000000,0.000000000,0.234005064
16.716663992,0.000000000,0.000000000,0.373395295,0.000000000,0.000000000,9.800000000,0.972053050,0.000000000,0.000000000,0.234761302
16.720830658,0.000000000,0.000000000,0.358935322,0.000000000,0.000000000,9.800000000,0.971877228,0.000000000,0.000000000,0.235488120
16.729163990,0.000000000,0.000000000,0.358935322,0.000000000,-0.000000000,9.800000000,0.971523953,0.000000000,0.000000000,0.236941360
16.733330656,0.000000000,0.000000000,0.344336972,-0.000000000,0.000000000,9.800000000,0.971353729,0.000000000,0.000000000,0.237638240
16.737497322,0.000000000,0.000000000,0.344336972,-0.000000000,0.000000000,9.800000000,0.971183005,0.000000000,0.000000000,0.238334997
16.741663988,0.000000000,0.000000000,0.344336972,-0.000000000,-0.000000000,9.800000000,0.971011781,0.000000000,0.000000000,0.239031632
16.745830654,0.000000000,0.000000000,0.329605874,0.000000000,0.000000000,9.800000000,0.970847414,0.000000000,0.000000000,0.239698349
16.754163986,0.000000000,0.000000000,0.329605874,0.000000000,0.000000000,9.800000000,0.970517307,0.000000000,0.000000000,0.241031443
16.758330652,0.000000000,0.000000000,0.314747706,0.000000000,0.000000000,9.800000000,0.970359048,0.000000000,0.000000000,0.241667783
16.762497318,0.000000000,0.000000000,0.314747706,-0.000000000,0.000000000,9.800000000,0.970200372,0.000000000,0.000000000,0.242304019
16.766663984,0.000000000,0.000000000,0.314747706,0.000000000,0.000000000,9.800000000,0.970041279,0.000000000,0.000000000,0.242940151
16.770830650,0.000000000,0.000000000,0.299768197,0.000000000,0.000000000,9.800000000,0.969889370,0.000000000,0.000000000,0.243545911
16.779163982,0.000000000,0.000000000,0.299768197,0.000000000,0.000000000,9.800000000,0.969584416,0.000000000,0.000000000,0.244757145
16.783330648,0.000000000,0.000000000,0.284673122,0.000000000,-0.000000000,9.800000000,0.969439088,0.000000000,0.000000000,0.245332132
16.787497314,0.000000000,0.000000000,0.284673122,0.000000000,-0.000000000,9.800000000,0.969293418,0.000000000,0.000000000,0.245907033
16.791663980,0.000000000,0.000000000,0.284673122,0.000000000,-0.000000000,9.800000000,0.969147408,0.000000000,0.000000000,0.246481848
16.795830646,0.000000000,0.000000000,0.269468300,0.000000000,-0.000000000,9.800000000,0.969008882,0.000000000,0.000000000,0.247025881
16.804163978,0.000000000,0.000000000,0.269468300,0.000000000,-0.000000000,9.800000000,0.968730915,0.000000000,0.000000000,0.248113713
16.808330644,0.000000000,0.000000000,0.254159593,0.000000000,0.000000000,9.800000000,0.968599403,0.000000000,0.000000000,0.248626620
16.812497310,0.000000000,0.000000000,0.254159593,0.000000000,0.000000000,9.800000000,0.968467620,0.000000000,0.000000000,0.249139458
16.816663976,0.000000000,0.000000000,0.254159593,0.000000000,0.000000000,9.800000000,0.968335565,0.000000000,0.000000000,0.249652226
16.820830642,0.000000000,0.000000000,0.238752903,0.000000000,0.000000000,9.800000000,0.968211268,0.000000000,0.000000000,0.250133847
16.829163974,0.000000000,0.000000000,0.238752903,0.000000000,0.000000000,9.800000000,0.967961954,0.000000000,0.000000000,0.251096903
16.833330640,0.000000000,0.000000000,0.223254169,0.000000000,0.000000000,9.800000000,0.967845061,0.000000000,0.000000000,0.251547087
16.837497306,0.000000000,0.000000000,0.223254169,0.000000000,0.000000000,9.800000000,0.967727959,0.000000000,0.000000000,0.251997217
16.841663972,0.000000000,0.000000000,0.223254169,0.000000000,0.000000000,9.800000000,0.967610647,0.000000000,0.000000000,0.252447293
16.845830638,0.000000000,0.000000000,0.207669366,-0.000000000,-0.000000000,9.800000000,0.967501337,0.000000000,0.000000000,0.252865901
16.854163970,0.000000000,0.000000000,0.207669366,0.000000000,-0.000000000,9.800000000,0.967282172,0.000000000,0.000000000,0.253702974
16.858330636,0.000000000,0.000000000,0.192004503,0.000000000,0.000000000,9.800000000,0.967180611,0.000000000,0.000000000,0.254089876
16.862497302,0.000000000,0.000000000,0.192004503,0.000000000,0.000000000,9.800000000,0.967078896,0.000000000,0.000000000,0.254476737
16.866663968,0.000000000,0.000000000,0.192004503,0.000000000,-0.000000000,9.800000000,0.966977025,0.000000000,0.000000000,0.254863557
16.870830634,0.000000000,0.000000000,0.176265618,0.000000000,0.000000000,9.800000000,0.966883369,0.000000000,0.000000000,0.255218633
16.879163966,0.000000000,0.000000000,0.176265618,-0.000000000,0.000000000,9.800000000,0.966695666,0.000000000,0.000000000,0.255928682
16.883330632,0.000000000,0.000000000,0.160458780,0.000000000,0.000000000,9.800000000,0.966610057,0.000000000,0.000000000,0.256251823
16.887497298,0.000000000,0.000000000,0.160458780,0.000000000,0.000000000,9.800000000,0.966524341,0.000000000,0.000000000,0.256574936
16.891663964,0.000000000,0.000000000,0.160458780,0.000000000,0.000000000,9.800000000,0.966438517,0.000000000,0.000000000,0.256898021
16.895830630,0.000000000,0.000000000,0.144590081,0.000000000,0.000000000,9.800000000,0.966361088,0.000000000,0.000000000,0.257189128
16.904163962,0.000000000,0.000000000,0.144590081,0.000000000,0.000000000,9.800000000,0.966205967,0.000000000,0.000000000,0.257771274
16.908330628,0.000000000,0.000000000,0.128665641,0.000000000,0.000000000,9.800000000,0.966136836,0.000000000,0.000000000,0.258030260
16.912497294,0.000000000,0.000000000,0.128665641,0.000000000,0.000000000,9.800000000,0.966067635,0.000000000,0.000000000,0.258289227
16.916663960,0.000000000,0.000000000,0.128665641,0.000000000,0.000000000,9.800000000,0.965998365,0.000000000,0.000000000,0.258548175
16.920830626,0.000000000,0.000000000,0.112691597,0.000000000,0.000000000,9.800000000,0.965937638,0.000000000,0.000000000,0.258774960
16.929163958,0.000000000,0.000000000,0.112691597,0.000000000,0.000000000,9.800000000,0.965816024,0.000000000,0.000000000,0.259228485
16.933330624,0.000000000,0.000000000,0.096674109,0.000000000,0.000000000,9.800000000,0.965763795,0.000000000,0.000000000,0.259423000
16.937497290,0.000000000,0.000000000,0.096674109,0.000000000,0.000000000,9.800000000,0.965711526,0.000000000,0.000000000,0.259617503
16.941663956,0.000000000,0.000000000,0.096674109,-0.000000000,0.000000000,9.800000000,0.965659219,0.000000000,0.000000000,0.259811997
16.945830622,0.000000000,0.000000000,0.080619351,0.000000000,0.000000000,9.800000000,0.965615568,0.000000000,0.000000000,0.259974182
16.954163954,0.000000000,0.000000000,0.080619351,0.000000000,0.000000000,9.800000000,0.965528184,0.000000000,0.000000000,0.260298531
16.958330620,0.000000000,0.000000000,0.064533513,0.000000000,0.000000000,9.800000000,0.965493180,0.000000000,0.000000000,0.260428339
16.962497286,0.000000000,0.000000000,0.064533513,0.000000000,0.000000000,9.800000000,0.965458158,0.000000000,0.000000000,0.260558142
16.966663952,0.000000000,0.000000000,0.064533513,0.000000000,0.000000000,9.800000000,0.965423118,0.000000000,0.000000000,0.260687941
16.970830618,0.000000000,0.000000000,0.048422795,-0.000000000,0.000000000,9.800000000,0.965396815,0.000000000,0.000000000,0.260785332
16.979163950,0.000000000,0.000000000,0.048422795,-0.000000000,0.000000000,9.800000000,0.965344179,0.000000000,0.000000000,0.260980107
16.983330616,0.000000000,0.000000000,0.032293410,0.000000000,0.000000000,9.800000000,0.965326619,0.000000000,0.000000000,0.261045053
16.987497282,0.000000000,0.000000000,0.032293410,-0.000000000,0.000000000,9.800000000,0.965309054,0.000000000,0.000000000,0.261109997
16.991663948,0.000000000,0.000000000,0.032293410,0.000000000,0.000000000,9.800000000,0.965291485,0.000000000,0.000000000,0.261174941
16.995830614,0.000000000,0.000000000,0.016151576,0.000000000,0.000000000,9.800000000,0.965282696,0.000000000,0.000000000,0.261207422
17.004163946,0.000000000,0.000000000,0.016151576,0.000000000,0.000000000,9.800000000,0.965265115,0.000000000,0.000000000,0.261272383
17.008330612,0.000000000,0.000000000,0.000003514,-0.000000000,-0.000000000,9.800000000,0.965265113,0.000000000,0.000000000,0.261272390
17.012497278,0.000000000,0.000000000,0.000003514,0.000000000,-0.000000000,9.800000000,0.965265111,0.000000000,0.000000000,0.261272397
17.016663944,0.000000000,0.000000000,0.000003514,0.000000000,-0.000000000,9.800000000,0.965265109,0.000000000,0.000000000,0.261272404
17.020830610,0.000000000,0.000000000,-0.016144549,-0.000000000,0.000000000,9.800000000,0.965273896,0.000000000,0.000000000,0.261239938
17.029163942,0.000000000,0.000000000,-0.016144549,-0.000000000,0.000000000,9.800000000,0.965291467,0.000000000,0.000000000,0.261175004
17.033330608,0.000000000,0.000000000,-0.032286388,0.000000000,0.000000000,9.800000000,0.965309033,0.000000000,0.000000000,0.261110075
17.037497274,0.000000000,0.000000000,-0.032286388,0.000000000,0.000000000,9.800000000,0.965326594,0.000000000,0.000000000,0.261045144
17.041663940,0.000000000,0.000000000,-0.032286388,0.000000000,0.000000000,9.800000000,0.965344150,0.000000000,0.000000000,0.260980213
17.045830606,0.000000000,0.000000000,-0.048415780,0.000000000,0.000000000,9.800000000,0.965370469,0.000000000,0.000000000,0.260882841
17.054163938,0.000000000,0.000000000,-0.048415780,0.000000000,-0.000000000,9.800000000,0.965423078,0.000000000,0.000000000,0.260688089
17.058330604,0.000000000,0.000000000,-0.064526506,0.000000000,-0.000000000,9.800000000,0.965458114,0.000000000,0.000000000,0.260558305
17.062497270,0.000000000,0.000000000,-0.064526506,-0.000000000,-0.000000000,9.800000000,0.965493132,0.000000000,0.000000000,0.260428516
17.066663936,0.000000000,0.000000000,-0.064526506,0.000000000,-0.000000000,9.800000000,0.965528133,0.000000000,0.000000000,0.260298722
17.070830602,0.000000000,0.000000000,-0.080612357,0.000000000,0.000000000,9.800000000,0.965571834,0.000000000,0.000000000,0.260136565
17.079163934,0.000000000,0.000000000,-0.080612357,0.000000000,0.000000000,9.800000000,0.965659156,0.000000000,0.000000000,0.259812229
17.083330600,0.000000000,0.000000000,-0.096667130,0.000000000,0.000000000,9.800000000,0.965711460,0.000000000,0.000000000,0.259617750
17.087497266,0.000000000,0.000000000,-0.096667130,0.000000000,0.000000000,9.800000000,0.965763725,0.000000000,0.000000000,0.259423261
17.091663932,0.000000000,0.000000000,-0.096667130,0.000000000,0.000000000,9.800000000,0.965815950,0.000000000,0.000000000,0.259228760
17.095830598,0.000000000,0.000000000,-0.112684635,-0.000000000,-0.000000000,9.800000000,0.965876780,0.000000000,0.000000000,0.259002019
17.104163930,0.000000000,0.000000000,-0.112684635,0.000000000,-0.000000000,9.800000000,0.965998280,0.000000000,0.000000000,0.258548492
17.108330596,0.000000000,0.000000000,-0.128658699,0.000000000,0.000000000,9.800000000,0.966067546,0.000000000,0.000000000,0.258289558
17.112497262,0.000000000,0.000000000,-0.128658699,0.000000000,0.000000000,9.800000000,0.966136743,0.000000000,0.000000000,0.258030605
17.116663928,0.000000000,0.000000000,-0.128658699,0.000000000,0.000000000,9.800000000,0.966205871,0.000000000,0.000000000,0.257771633
17.120830594,0.000000000,0.000000000,-0.144583163,0.000000000,-0.000000000,9.800000000,0.966283472,0.000000000,0.000000000,0.257480586
17.129163926,0.000000000,0.000000000,-0.144583163,-0.000000000,-0.000000000,9.800000000,0.966438410,0.000000000,0.000000000,0.256898421
17.133330592,0.000000000,0.000000000,-0.160451887,0.000000000,0.000000000,9.800000000,0.966524231,0.000000000,0.000000000,0.256575351
17.137497258,0.000000000,0.000000000,-0.160451887,0.000000000,0.000000000,9.800000000,0.966609944,0.000000000,0.000000000,0.256252252
17.141663924,0.000000000,0.000000000,-0.176258753,0.000000000,0.000000000,9.800000000,0.966703976,0.000000000,0.000000000,0.255897290
17.145830590,0.000000000,0.000000000,-0.176258753,0.000000000,0.000000000,9.800000000,0.966797878,0.000000000,0.000000000,0.255542294
17.154163922,0.000000000,0.000000000,-0.176258753,0.000000000,0.000000000,9.800000000,0.966985290,0.000000000,0.000000000,0.254832198
17.158330588,0.000000000,0.000000000,-0.191997669,-0.000000000,0.000000000,9.800000000,0.967087144,0.000000000,0.000000000,0.254445388
17.162497254,0.000000000,0.000000000,-0.191997669,0.000000000,0.000000000,9.800000000,0.967188844,0.000000000,0.000000000,0.254058537
17.166663920,0.000000000,0.000000000,-0.191997669,-0.000000000,0.000000000,9.800000000,0.967290389,0.000000000,0.000000000,0.253671646
17.170830586,0.000000000,0.000000000,-0.207662566,-0.000000000,-0.000000000,9.800000000,0.967400044,0.000000000,0.000000000,0.253253143
17.179163918,0.000000000,0.000000000,-0.207662566,-0.000000000,-0.000000000,9.800000000,0.967618812,0.000000000,0.000000000,0.252415995
17.183330584,0.000000000,0.000000000,-0.223247405,0.000000000,0.000000000,9.800000000,0.967736106,0.000000000,0.000000000,0.251965930
17.187497250,0.000000000,0.000000000,-0.223247405,-0.000000000,0.000000000,9.800000000,0.967853190,0.000000000,0.000000000,0.251515810
17.191663916,0.000000000,0.000000000,-0.223247405,0.000000000,0.000000000,9.800000000,0.967970065,0.000000000,0.000000000,0.251065635
17.195830582,0.000000000,0.000000000,-0.238746178,0.000000000,0.000000000,9.800000000,0.968094822,0.000000000,0.000000000,0.250584148
17.204163914,0.000000000,0.000000000,-0.238746178,0.000000000,0.000000000,9.800000000,0.968343618,0.000000000,0.000000000,0.249620986
17.208330580,0.000000000,0.000000000,-0.254152909,0.000000000,0.000000000,9.800000000,0.968475653,0.000000000,0.000000000,0.249108228
17.212497246,0.000000000,0.000000000,-0.254152909,0.000000000,0.000000000,9.800000000,0.968607416,0.000000000,0.000000000,0.248595400
17.216663912,0.000000000,0.000000000,-0.254152909,0.000000000,0.000000000,9.800000000,0.968738908,0.000000000,0.000000000,0.248082502
17.220830578,0.000000000,0.000000000,-0.269461660,-0.000000000,0.000000000,9.800000000,0.968878024,0.000000000,0.000000000,0.247538633
17.229163910,0.000000000,0.000000000,-0.269461660,-0.000000000,0.000000000,9.800000000,0.969155339,0.000000000,0.000000000,0.246450663
17.233330576,0.000000000,0.000000000,-0.284666529,-0.000000000,0.000000000,9.800000000,0.969301327,0.000000000,0.000000000,0.245875857
17.237497242,0.000000000,0.000000000,-0.284666529,0.000000000,0.000000000,9.800000000,0.969446975,0.000000000,0.000000000,0.245300965
17.241663908,0.000000000,0.000000000,-0.284666529,-0.000000000,0.000000000,9.800000000,0.969592281,0.000000000,0.000000000,0.244725986
17.245830574,0.000000000,0.000000000,-0.299761653,-0.000000000,-0.000000000,9.800000000,0.969744924,0.000000000,0.000000000,0.244120425
17.254163906,0.000000000,0.000000000,-0.299761653,-0.000000000,-0.000000000,9.800000000,0.970049076,0.000000000,0.000000000,0.242909017
17.258330572,0.000000000,0.000000000,-0.314741213,0.000000000,0.000000000,9.800000000,0.970208145,0.000000000,0.000000000,0.242272893
17.262497238,0.000000000,0.000000000,-0.314741213,0.000000000,0.000000000,9.800000000,0.970366798,0.000000000,0.000000000,0.241636665
17.266663904,0.000000000,0.000000000,-0.314741213,0.000000000,0.000000000,9.800000000,0.970525033,0.000000000,0.000000000,0.241000333
17.270830570,0.000000000,0.000000000,-0.329599435,0.000000000,0.000000000,9.800000000,0.970690291,0.000000000,0.000000000,0.240333851
17.279163902,0.000000000,0.000000000,-0.329599435,-0.000000000,0.000000000,9.800000000,0.971019433,0.000000000,0.000000000,0.239000546
17.283330568,0.000000000,0.000000000,-0.344330589,-0.000000000,-0.000000000,9.800000000,0.971190631,0.000000000,0.000000000,0.238303918
17.287497234,0.000000000,0.000000000,-0.344330589,-0.000000000,-0.000000000,9.800000000,0.971361330,0.000000000,0.000000000,0.237607168
17.291663900,0.000000000,0.000000000,-0.344330589,-0.000000000,-0.000000000,9.800000000,0.971531529,0.000000000,0.000000000,0.236910296
17.295830566,0.000000000,0.000000000,-0.358928998,0.000000000,-0.000000000,9.800000000,0.971708411,0.000000000,0.000000000,0.236183749
17.304163898,0.000000000,0.000000000,-0.358928998,0.000000000,-0.000000000,9.800000000,0.972060546,0.000000000,0.000000000,0.234730259
17.308330564,0.000000000,0.000000000,-0.373389033,-0.000000000,-0.000000000,9.800000000,0.972242847,0.000000000,0.000000000,0.233974029
17.312497230,0.000000000,0.000000000,-0.373389033,-0.000000000,-0.000000000,9.800000000,0.972424560,0.000000000,0.000000000,0.233217656
17.316663896,0.000000000,0.000000000,-0.373389033,-0.000000000,-0.000000000,9.800000000,0.972605684,0.000000000,0.000000000,0.232461143
17.320830562,0.000000000,0.000000000,-0.387705120,0.000000000,-0.000000000,9.800000000,0.972793130,0.000000000,0.000000000,0.231675475
17.329163894,0.000000000,0.000000000,-0.387705120,0.000000000,-0.000000000,9.800000000,0.973166118,0.000000000,0.000000000,0.230103687
17.333330560,0.000000000,0.000000000,-0.401871738,-0.000000000,0.000000000,9.800000000,0.973358427,0.000000000,0.000000000,0.229288840
17.337497226,0.000000000,0.000000000,-0.401871738,-0.000000000,0.000000000,9.800000000,0.973550054,0.000000000,0.000000000,0.228473832
17.341663892,0.000000000,0.000000000,-0.401871738,-0.000000000,0.000000000,9.800000000,0.973740999,0.000000000,0.000000000,0.227658664
17.345830558,0.000000000,0.000000000,-0.415883428,-0.000000000,0.000000000,9.800000000,0.973937882,0.000000000,0.000000000,0.226814907
17.354163890,0.000000000,0.000000000,-0.415883428,-0.000000000,0.000000000,9.800000000,0.974329455,0.000000000,0.000000000,0.225126881
17.358330556,0.000000000,0.000000000,-0.429734787,0.000000000,0.000000000,9.800000000,0.974530616,0.000000000,0.000000000,0.224254493
17.362497222,0.000000000,0.000000000,-0.429734787,0.000000000,0.000000000,9.800000000,0.974730997,0.000000000,0.000000000,0.223381925
17.366663888,0.000000000,0.000000000,-0.429734787,0.000000000,0.000000000,9.800000000,0.974930595,0.000000000,0.000000000,0.222509178
17.370830554,0.000000000,0.000000000,-0.443420474,-0.000000000,-0.000000000,9.800000000,0.975135732,0.000000000,0.000000000,0.221608449
17.379163886,0.000000000,0.000000000,-0.443420474,-0.000000000,0.000000000,9.800000000,0.975543508,0.000000000,0.000000000,0.219806426
17.383330552,0.000000000,0.000000000,-0.456935215,0.000000000,0.000000000,9.800000000,0.975752310,0.000000000,0.000000000,0.218877659
17.387497218,0.000000000,0.000000000,-0.456935215,0.000000000,0.000000000,9.800000000,0.975960228,0.000000000,0.000000000,0.217948695
17.391663884,0.000000000,0.000000000,-0.456935215,0.000000000,0.000000000,9.800000000,0.976167262,0.000000000,0.000000000,0.217019533
17.395830550,0.000000000,0.000000000,-0.470273799,0.000000000,0.000000000,9.800000000,0.976379415,0.000000000,0.000000000,0.216063041
17.404163882,0.000000000,0.000000000,-0.470273799,-0.000000000,0.000000000,9.800000000,0.976800910,0.000000000,0.000000000,0.214149438
17.408330548,0.000000000,0.000000000,-0.483431083,0.000000000,0.000000000,9.800000000,0.977016095,0.000000000,0.000000000,0.213165547
17.412497214,0.000000000,0.000000000,-0.483431083,0.000000000,0.000000000,9.800000000,0.977230289,0.000000000,0.000000000,0.212181439
17.416663880,0.000000000,0.000000000,-0.483431083,0.000000000,0.000000000,9.800000000,0.977443491,0.000000000,0.000000000,0.211197116
17.420830546,0.000000000,0.000000000,-0.496401995,0.000000000,-0.000000000,9.800000000,0.977661382,0.000000000,0.000000000,0.210186160
17.429163878,0.000000000,0.000000000,-0.496401995,0.000000000,-0.000000000,9.800000000,0.978094027,0.000000000,0.000000000,0.208163574
17.433330544,0.000000000,0.000000000,-0.509181535,0.000000000,0.000000000,9.800000000,0.978314296,0.000000000,0.000000000,0.207125900
17.437497210,0.000000000,0.000000000,-0.509181535,0.000000000,0.000000000,9.800000000,0.978533463,0.000000000,0.000000000,0.206087993
17.441663876,0.000000000,0.000000000,-0.509181535,0.000000000,0.000000000,9.800000000,0.978751530,0.000000000,0.000000000,0.205049854
17.445830542,0.000000000,0.000000000,-0.521764776,0.000000000,0.000000000,9.800000000,0.978973843,0.000000000,0.000000000,0.203985821
17.454163874,0.000000000,0.000000000,-0.521764776,0.000000000,0.000000000,9.800000000,0.979414998,0.000000000,0.000000000,0.201857032
17.458330540,0.000000000,0.000000000,-0.534146867,-0.000000000,0.000000000,9.800000000,0.979639019,0.000000000,0.000000000,0.200767009
17.462497206,0.000000000,0.000000000,-0.534146867,-0.000000000,0.000000000,9.800000000,0.979861827,0.000000000,0.000000000,0.199676737
17.466663872,0.000000000,0.000000000,-0.534146867,-0.000000000,0.000000000,9.800000000,0.980083422,0.000000000,0.000000000,0.198586218
17.470830538,0.000000000,0.000000000,-0.546323034,0.000000000,-0.000000000,9.800000000,0.980308813,0.000000000,0.000000000,0.197470585
17.479163870,0.000000000,0.000000000,-0.546323034,-0.000000000,-0.000000000,9.800000000,0.980755784,0.000000000,0.000000000,0.195238554
17.483330536,0.000000000,0.000000000,-0.558288583,0.000000000,-0.000000000,9.800000000,0.980982202,0.000000000,0.000000000,0.194097704
17.487497202,0.000000000,0.000000000,-0.558288583,-0.000000000,-0.000000000,9.800000000,0.981207294,0.000000000,0.000000000,0.192956591
17.491663868,0.000000000,0.000000000,-0.558288583,0.000000000,-0.000000000,9.800000000,0.981431058,0.000000000,0.000000000,0.191815218
17.495830534,0.000000000,0.000000000,-0.570038901,0.000000000,0.000000000,9.800000000,0.981658162,0.000000000,0.000000000,0.190649554
17.504163866,0.000000000,0.000000000,-0.570038901,0.000000000,-0.000000000,9.800000000,0.982108216,0.000000000,0.000000000,0.188317422
17.508330532,0.000000000,0.000000000,-0.581569459,0.000000000,0.000000000,9.800000000,0.982335661,0.000000000,0.000000000,0.187127359
17.512497198,0.000000000,0.000000000,-0.581569459,0.000000000,0.000000000,9.800000000,0.982561664,0.000000000,0.000000000,0.185937021
17.516663864,0.000000000,0.000000000,-0.581569459,0.000000000,0.000000000,9.800000000,0.982786225,0.000000000,0.000000000,0.184746410
17.520830530,0.000000000,0.000000000,-0.592875810,0.000000000,0.000000000,9.800000000,0.983013666,0.000000000,0.000000000,0.183532373
17.529163862,0.000000000,0.000000000,-0.592875810,0.000000000,0.000000000,9.800000000,0.983464049,0.000000000,0.000000000,0.181103462
17.533330528,0.000000000,0.000000000,-0.603953597,0.000000000,0.000000000,9.800000000,0.983691142,0.000000000,0.000000000,0.179865889
17.537497194,0.000000000,0.000000000,-0.603953597,-0.000000000,0.000000000,9.800000000,0.983916677,0.000000000,0.000000000,0.178628031
17.541663860,0.000000000,0.000000000,-0.603953597,-0.000000000,0.000000000,9.800000000,0.984140654,0.000000000,0.000000000,0.177389890
17.545830526,0.000000000,0.000000000,-0.614798548,-0.000000000,0.000000000,9.800000000,0.984367053,0.000000000,0.000000000,0.176129228
17.554163858,0.000000000,0.000000000,-0.614798548,-0.000000000,0.000000000,9.800000000,0.984815006,0.000000000,0.000000000,0.173607039
17.558330524,0.000000000,0.000000000,-0.625406483,0.000000000,0.000000000,9.800000000,0.985040368,0.000000000,0.000000000,0.172323747
17.562497190,0.000000000,0.000000000,-0.625406483,0.000000000,0.000000000,9.800000000,0.985264057,0.000000000,0.000000000,0.171040162
17.566663856,0.000000000,0.000000000,-0.625406483,0.000000000,-0.000000000,9.800000000,0.985486074,0.000000000,0.000000000,0.169756287
17.570830522,0.000000000,0.000000000,-0.635773311,0.000000000,-0.000000000,9.800000000,0.985710057,0.000000000,0.000000000,0.168450835
17.579163854,0.000000000,0.000000000,-0.635773311,-0.000000000,-0.000000000,9.800000000,0.986152833,0.000000000,0.000000000,0.165839047
17.583330520,0.000000000,0.000000000,-0.645895037,0.000000000,0.000000000,9.800000000,0.986375096,0.000000000,0.000000000,0.164511916
17.587497186,0.000000000,0.000000000,-0.645895037,0.000000000,0.000000000,9.800000000,0.986595572,0.000000000,0.000000000,0.163184487
17.591663852,0.000000000,0.000000000,-0.645895037,0.000000000,0.000000000,9.800000000,0.986814262,0.000000000,0.000000000,0.161856762
17.595830518,0.000000000,0.000000000,-0.655767759,0.000000000,0.000000000,9.800000000,0.987034467,0.000000000,0.000000000,0.160508443
17.604163850,0.000000000,0.000000000,-0.655767759,0.000000000,-0.000000000,9.800000000,0.987469350,0.000000000,0.000000000,0.157810909
17.608330516,0.000000000,0.000000000,-0.665387669,0.000000000,0.000000000,9.800000000,0.987687162,0.000000000,0.000000000,0.156441904
17.612497182,0.000000000,0.000000000,-0.665387669,0.000000000,0.000000000,9.800000000,0.987903077,0.000000000,0.000000000,0.155072598
17.616663848,0.000000000,0.000000000,-0.665387669,0.000000000,0.000000000,9.800000000,0.988117093,0.000000000,0.000000000,0.153702994
17.620830514,0.000000000,0.000000000,-0.674751060,-0.000000000,0.000000000,9.800000000,0.988332182,0.000000000,0.000000000,0.152313816
17.629163846,0.000000000,0.000000000,-0.674751060,-0.000000000,0.000000000,9.800000000,0.988756500,0.000000000,0.000000000,0.149534559
17.633330512,0.000000000,0.000000000,-0.683854321,0.000000000,-0.000000000,9.800000000,0.988968537,0.000000000,0.000000000,0.148125730
17.637497178,0.000000000,0.000000000,-0.683854321,0.000000000,-0.000000000,9.800000000,0.989178568,0.000000000,0.000000000,0.146716600
17.641663844,0.000000000,0.000000000,-0.683854321,0.000000000,-0.000000000,9.800000000,0.989386591,0.000000000,0.000000000,0.145307173
17.645830510,0.000000000,0.000000000,-0.692693944,-0.000000000,-0.000000000,9.800000000,0.989595255,0.000000000,0.000000000,0.143879226
17.654163842,0.000000000,0.000000000,-0.692693944,-0.000000000,-0.000000000,9.800000000,0.990006400,0.000000000,0.000000000,0.141022437
17.658330508,0.000000000,0.000000000,-0.701266520,0.000000000,0.000000000,9.800000000,0.990211373,0.000000000,0.000000000,0.139575916
17.662497174,0.000000000,0.000000000,-0.701266520,0.000000000,0.000000000,9.800000000,0.990414233,0.000000000,0.000000000,0.138129097
17.666663840,0.000000000,0.000000000,-0.701266520,0.000000000,0.000000000,9.800000000,0.990614979,0.000000000,0.000000000,0.136681982
17.670830506,0.000000000,0.000000000,-0.709568745,-0.000000000,0.000000000,9.800000000,0.990815949,0.000000000,0.000000000,0.135217439
17.679163838,0.000000000,0.000000000,-0.709568745,-0.000000000,0.000000000,9.800000000,0.991211393,0.000000000,0.000000000,0.132287470
17.683330504,0.000000000,0.000000000,-0.717597417,0.000000000,-0.000000000,9.800000000,0.991408054,0.000000000,0.000000000,0.130805467
17.687497170,0.000000000,0.000000000,-0.717597417,-0.000000000,-0.000000000,9.800000000,0.991602500,0.000000000,0.000000000,0.129323172
17.691663836,0.000000000,0.000000000,-0.717597417,0.000000000,-0.000000000,9.800000000,0.991794729,0.000000000,0.000000000,0.127840588
17.695830502,0.000000000,0.000000000,-0.725349442,0.000000000,0.000000000,9.800000000,0.991986782,0.000000000,0.000000000,0.126341697
17.704163834,0.000000000,0.000000000,-0.725349442,0.000000000,0.000000000,9.800000000,0.992364092,0.000000000,0.000000000,0.123343054
17.708330500,0.000000000,0.000000000,-0.732821832,0.000000000,-0.000000000,9.800000000,0.992551245,0.000000000,0.000000000,0.121827857
17.712497166,0.000000000,0.000000000,-0.732821832,0.000000000,-0.000000000,9.800000000,0.992736084,0.000000000,0.000000000,0.120312376
17.716663832,0.000000000,0.000000000,-0.732821832,0.000000000,-0.000000000,9.800000000,0.992918609,0.000000000,0.000000000,0.118796614
17.720830498,0.000000000,0.000000000,-0.740011704,0.000000000,0.000000000,9.800000000,0.993100577,0.000000000,0.000000000,0.117265700
17.729163830,0.000000000,0.000000000,-0.740011704,0.000000000,0.000000000,9.800000000,0.993457430,0.000000000,0.000000000,0.114203039
17.733330496,0.000000000,0.000000000,-0.746916288,0.000000000,-0.000000000,9.800000000,0.993633936,0.000000000,0.000000000,0.112657007
17.737497162,0.000000000,0.000000000,-0.746916288,-0.000000000,-0.000000000,9.800000000,0.993808036,0.000000000,0.000000000,0.111110702
17.741663828,0.000000000,0.000000000,-0.746916288,0.000000000,-0.000000000,9.800000000,0.993979729,0.000000000,0.000000000,0.109564128
17.745830494,0.000000000,0.000000000,-0.753532922,-0.000000000,0.000000000,9.800000000,0.994150505,0.000000000,0.000000000,0.108003585
17.754163826,0.000000000,0.000000000,-0.753532922,-0.000000000,0.000000000,9.800000000,0.994484705,0.000000000,0.000000000,0.104881703
17.758330492,0.000000000,0.000000000,-0.759859054,0.000000000,0.000000000,9.800000000,0.994649491,0.000000000,0.000000000,0.103307264
17.762497158,0.000000000,0.000000000,-0.759859054,-0.000000000,0.000000000,9.800000000,0.994811784,0.000000000,0.000000000,0.101732566
17.766663824,0.000000000,0.000000000,-0.759859054,-0.000000000,0.000000000,9.800000000,0.994971584,0.000000000,0.000000000,0.100157613
17.770830490,0.000000000,0.000000000,-0.765892247,0.000000000,0.000000000,9.800000000,0.995130130,0.000000000,0.000000000,0.098569901
17.779163822,0.000000000,0.000000000,-0.765892247,0.000000000,0.000000000,9.800000000,0.995439620,0.000000000,0.000000000,0.095393728
17.783330488,0.000000000,0.000000000,-0.771630173,0.000000000,0.000000000,9.800000000,0.995591685,0.000000000,0.000000000,0.093793374
17.787497154,0.000000000,0.000000000,-0.771630173,0.000000000,0.000000000,9.800000000,0.995741177,0.000000000,0.000000000,0.092192777
17.791663820,0.000000000,0.000000000,-0.771630173,0.000000000,0.000000000,9.800000000,0.995888096,0.000000000,0.000000000,0.090591942
17.795830486,0.000000000,0.000000000,-0.777070622,0.000000000,0.000000000,9.800000000,0.996033450,0.000000000,0.000000000,0.088979584
17.804163818,0.000000000,0.000000000,-0.777070622,0.000000000,0.000000000,9.800000000,0.996316326,0.000000000,0.000000000,0.085754173
17.808330484,0.000000000,0.000000000,-0.782211495,0.000000000,0.000000000,9.800000000,0.996454749,0.000000000,0.000000000,0.084130455
17.812497150,0.000000000,0.000000000,-0.782211495,0.000000000,-0.000000000,9.800000000,0.996590525,0.000000000,0.000000000,0.082506515
17.816663816,0.000000000,0.000000000,-0.782211495,0.000000000,-0.000000000,9.800000000,0.996723655,0.000000000,0.000000000,0.080882355
17.820830482,0.000000000,0.000000000,-0.787050810,0.000000000,0.000000000,9.800000000,0.996854937,0.000000000,0.000000000,0.079247930
17.829163814,0.000000000,0.000000000,-0.787050810,0.000000000,0.000000000,9.800000000,0.997109460,0.000000000,0.000000000,0.075978446
17.833330480,0.000000000,0.000000000,-0.791586703,0.000000000,0.000000000,9.800000000,0.997233403,0.000000000,0.000000000,0.074333972
17.837497146,0.000000000,0.000000000,-0.791586703,-0.000000000,0.000000000,9.800000000,0.997354634,0.000000000,0.000000000,0.072689295
17.841663812,0.000000000,0.000000000,-0.791586703,0.000000000,0.000000000,9.800000000,0.997473153,0.000000000,0.000000000,0.071044421
17.845830478,0.000000000,0.000000000,-0.795817424,0.000000000,-0.000000000,9.800000000,0.997589570,0.000000000,0.000000000,0.069390561
17.854163810,0.000000000,0.000000000,-0.795817424,-0.000000000,-0.000000000,9.800000000,0.997814178,0.000000000,0.000000000,0.066082273
17.858330476,0.000000000,0.000000000,-0.799741342,-0.000000000,-0.000000000,9.800000000,0.997922894,0.000000000,0.000000000,0.064419696
17.862497142,0.000000000,0.000000000,-0.799741342,0.000000000,-0.000000000,9.800000000,0.998028840,0.000000000,0.000000000,0.062756941
17.866663808,0.000000000,0.000000000,-0.799741342,0.000000000,-0.000000000,9.800000000,0.998132016,0.000000000,0.000000000,0.061094011
17.870830474,0.000000000,0.000000000,-0.803356945,-0.000000000,-0.000000000,9.800000000,0.998232869,0.000000000,0.000000000,0.059423392
17.879163806,0.000000000,0.000000000,-0.803356945,-0.000000000,-0.000000000,9.800000000,0.998426185,0.000000000,0.000000000,0.056081661
17.883330472,0.000000000,0.000000000,-0.806662839,-0.000000000,0.000000000,9.800000000,0.998519023,0.000000000,0.000000000,0.054403680
17.887497138,0.000000000,0.000000000,-0.806662839,-0.000000000,0.000000000,9.800000000,0.998609041,0.000000000,0.000000000,0.052725546
17.891663804,0.000000000,0.000000000,-0.806662839,-0.000000000,0.000000000,9.800000000,0.998696239,0.000000000,0.000000000,0.051047262
17.895830470,0.000000000,0.000000000,-0.809657749,-0.000000000,0.000000000,9.800000000,0.998780924,0.000000000,0.000000000,0.049362603
17.904163802,0.000000000,0.000000000,-0.809657749,0.000000000,0.000000000,9.800000000,0.998941768,0.000000000,0.000000000,0.045992867
17.908330468,0.000000000,0.000000000,-0.812340521,0.000000000,0.000000000,9.800000000,0.999018175,0.000000000,0.000000000,0.044302218
17.912497134,0.000000000,0.000000000,-0.812340521,0.000000000,0.000000000,9.800000000,0.999091720,0.000000000,0.000000000,0.042611441
17.916663800,0.000000000,0.000000000,-0.812340521,-0.000000000,0.000000000,9.800000000,0.999162404,0.000000000,0.000000000,0.040920542
17.920830466,0.000000000,0.000000000,-0.814710120,-0.000000000,-0.000000000,9.800000000,0.999230420,0.000000000,0.000000000,0.039224593
17.929163798,0.000000000,0.000000000,-0.814710120,0.000000000,0.000000000,9.800000000,0.999357815,0.000000000,0.000000000,0.035832361
17.933330464,0.000000000,0.000000000,-0.816765632,0.000000000,-0.000000000,9.800000000,0.999417340,0.000000000,0.000000000,0.034131808
17.937497130,0.000000000,0.000000000,-0.816765632,0.000000000,-0.000000000,9.800000000,0.999473972,0.000000000,0.000000000,0.032431156
17.941663796,0.000000000,0.000000000,-0.816765632,0.000000000,-0.000000000,9.800000000,0.999527709,0.000000000,0.000000000,0.030730410
17.945830462,0.000000000,0.000000000,-0.818506266,0.000000000,0.000000000,9.800000000,0.999578658,0.000000000,0.000000000,0.029025950
17.954163794,0.000000000,0.000000000,-0.818506266,0.000000000,0.000000000,9.800000000,0.999671836,0.000000000,0.000000000,0.025616783
17.958330460,0.000000000,0.000000000,-0.819931351,0.000000000,0.000000000,9.800000000,0.999714136,0.000000000,0.000000000,0.023909117
17.962497126,0.000000000,0.000000000,-0.819931351,0.000000000,0.000000000,9.800000000,0.999753519,0.000000000,0.000000000,0.022201381
17.966663792,0.000000000,0.000000000,-0.819931351,0.000000000,0.000000000,9.800000000,0.999789985,0.000000000,0.000000000,0.020493581
17.970830458,0.000000000,0.000000000,-0.821040336,0.000000000,-0.000000000,9.800000000,0.999823576,0.000000000,0.000000000,0.018783410
17.979163790,0.000000000,0.000000000,-0.821040336,0.000000000,0.000000000,9.800000000,0.999881984,0.000000000,0.000000000,0.015362910
17.983330456,0.000000000,0.000000000,-0.821832795,-0.000000000,0.000000000,9.800000000,0.999906822,0.000000000,0.000000000,0.013650939
17.987497122,0.000000000,0.000000000,-0.821832795,-0.000000000,0.000000000,9.800000000,0.999928728,0.000000000,0.000000000,0.011938928
17.991663788,0.000000000,0.000000000,-0.821832795,0.000000000,0.000000000,9.800000000,0.999947704,0.000000000,0.000000000,0.010226882
17.995830454,0.000000000,0.000000000,-0.822308422,0.000000000,0.000000000,9.800000000,0.999963757,0.000000000,0.000000000,0.008513815
18.004163786,0.000000000,0.000000000,-0.822308422,0.000000000,0.000000000,9.800000000,0.999987058,0.000000000,0.000000000,0.005087611
18.008330452,0.000000000,0.000000000,-0.822467033,0.000000000,0.000000000,9.800000000,0.999994308,0.000000000,0.000000000,0.003374154
18.012497118,0.000000000,0.000000000,-0.822467033,-0.000000000,0.000000000,9.800000000,0.999998621,0.000000000,0.000000000,0.001660687
18.016663784,0.000000000,0.000000000,-0.822467033,-0.000000000,0.000000000,9.800000000,0.999999999,0.000000000,0.000000000,-0.000052785
18.020830450,0.000000000,0.000000000,-0.822308568,0.000000000,-0.000000000,9.800000000,0.999998441,0.000000000,0.000000000,-0.001765927
18.029163782,0.000000000,0.000000000,-0.822308568,0.000000000,-0.000000000,9.800000000,0.999986520,0.000000000,0.000000000,-0.005192189
18.033330448,0.000000000,0.000000000,-0.821833087,0.000000000,0.000000000,9.800000000,0.999976165,0.000000000,0.000000000,-0.006904310
18.037497114,0.000000000,0.000000000,-0.821833087,0.000000000,0.000000000,9.800000000,0.999962878,0.000000000,0.000000000,-0.008616410
18.041663780,0.000000000,0.000000000,-0.821833087,0.000000000,-0.000000000,9.800000000,0.999946660,0.000000000,0.000000000,-0.010328485
18.045830446,0.000000000,0.000000000,-0.821040774,0.000000000,-0.000000000,9.800000000,0.999927530,0.000000000,0.000000000,-0.012038879
18.054163778,0.000000000,0.000000000,-0.821040774,0.000000000,-0.000000000,9.800000000,0.999880494,0.000000000,0.000000000,-0.015459557
18.058330444,0.000000000,0.000000000,-0.819931935,0.000000000,0.000000000,9.800000000,0.999852627,0.000000000,0.000000000,-0.017167521
18.062497110,0.000000000,0.000000000,-0.819931935,0.000000000,0.000000000,9.800000000,0.999821843,0.000000000,0.000000000,-0.018875434
18.066663776,0.000000000,0.000000000,-0.819931935,0.000000000,0.000000000,9.800000000,0.999788142,0.000000000,0.000000000,-0.020583293
18.070830442,0.000000000,0.000000000,-0.818506996,0.000000000,0.000000000,9.800000000,0.999751589,0.000000000,0.000000000,-0.022288123
18.079163774,0.000000000,0.000000000,-0.818506996,-0.000000000,-0.000000000,9.800000000,0.999669763,0.000000000,0.000000000,-0.025697585
18.083330440,0.000000000,0.000000000,-0.816766507,0.000000000,0.000000000,9.800000000,0.999624588,0.000000000,0.000000000,-0.027398582
18.087497106,0.000000000,0.000000000,-0.816766507,0.000000000,0.000000000,9.800000000,0.999576520,0.000000000,0.000000000,-0.029099499
18.091663772,0.000000000,0.000000000,-0.816766507,0.000000000,0.000000000,9.800000000,0.999525557,0.000000000,0.000000000,-0.030800332
18.095830438,0.000000000,0.000000000,-0.814711139,0.000000000,0.000000000,9.800000000,0.999471840,0.000000000,0.000000000,-0.032496797
18.104163770,0.000000000,0.000000000,-0.814711139,-0.000000000,0.000000000,9.800000000,0.999355767,0.000000000,0.000000000,-0.035889439
18.108330436,0.000000000,0.000000000,-0.812341685,0.000000000,-0.000000000,9.800000000,0.999293597,0.000000000,0.000000000,-0.037580675
18.112497102,0.000000000,0.000000000,-0.812341685,0.000000000,0.000000000,9.800000000,0.999228565,0.000000000,0.000000000,-0.039271803
18.116663768,0.000000000,0.000000000,-0.812341685,0.000000000,-0.000000000,9.800000000,0.999160672,0.000000000,0.000000000,-0.040962819
18.120830434,0.000000000,0.000000000,-0.809659057,0.000000000,0.000000000,9.800000000,0.999090154,0.000000000,0.000000000,-0.042648133
18.129163766,0.000000000,0.000000000,-0.809659057,-0.000000000,0.000000000,9.800000000,0.998940593,0.000000000,0.000000000,-0.046018394
18.133330432,0.000000000,0.000000000,-0.806664291,0.000000000,0.000000000,9.800000000,0.998861846,0.000000000,0.000000000,-0.047697098
18.137497098,0.000000000,0.000000000,-0.806664291,0.000000000,-0.000000000,9.800000000,0.998780278,0.000000000,0.000000000,-0.049375667
18.141663764,0.000000000,0.000000000,-0.806664291,0.000000000,-0.000000000,9.800000000,0.998695889,0.000000000,0.000000000,-0.051054097
18.145830430,0.000000000,0.000000000,-0.803358540,0.000000000,0.000000000,9.800000000,0.998609043,0.000000000,0.000000000,-0.052725506
18.154163762,0.000000000,0.000000000,-0.803358540,0.000000000,0.000000000,9.800000000,0.998426959,0.000000000,0.000000000,-0.056067875
18.158330428,0.000000000,0.000000000,-0.799743080,0.000000000,0.000000000,9.800000000,0.998332157,0.000000000,0.000000000,-0.057731306
18.162497094,0.000000000,0.000000000,-0.799743080,0.000000000,0.000000000,9.800000000,0.998234584,0.000000000,0.000000000,-0.059394578
18.166663760,0.000000000,0.000000000,-0.799743080,0.000000000,0.000000000,9.800000000,0.998134239,0.000000000,0.000000000,-0.061057684
18.170830426,0.000000000,0.000000000,-0.795819303,-0.000000000,-0.000000000,9.800000000,0.998031636,0.000000000,0.000000000,-0.062712463
18.179163758,0.000000000,0.000000000,-0.795819303,-0.000000000,-0.000000000,9.800000000,0.997818201,0.000000000,0.000000000,-0.066021498
18.183330424,0.000000000,0.000000000,-0.791588723,0.000000000,0.000000000,9.800000000,0.997707965,0.000000000,0.000000000,-0.067666953
18.187497090,0.000000000,0.000000000,-0.791588723,0.000000000,0.000000000,9.800000000,0.997595016,0.000000000,0.000000000,-0.069312223
18.191663756,0.000000000,0.000000000,-0.791588723,-0.000000000,0.000000000,9.800000000,0.997479354,0.000000000,0.000000000,-0.070957305
18.195830422,0.000000000,0.000000000,-0.787052970,0.000000000,-0.000000000,9.800000000,0.997361665,0.000000000,0.000000000,-0.072592769
18.204163754,0.000000000,0.000000000,-0.787052970,0.000000000,0.000000000,9.800000000,0.997118242,0.000000000,0.000000000,-0.075863107
18.208330420,0.000000000,0.000000000,-0.782213794,-0.000000000,0.000000000,9.800000000,0.996993291,0.000000000,0.000000000,-0.077487922
18.212497086,0.000000000,0.000000000,-0.782213794,-0.000000000,0.000000000,9.800000000,0.996865692,0.000000000,0.000000000,-0.079112530
18.216663752,0.000000000,0.000000000,-0.782213794,-0.000000000,0.000000000,9.800000000,0.996735446,0.000000000,0.000000000,-0.080736928
18.220830418,0.000000000,0.000000000,-0.777073060,0.000000000,-0.000000000,9.800000000,0.996603434,0.000000000,0.000000000,-0.082350439
18.229163750,0.000000000,0.000000000,-0.777073060,0.000000000,0.000000000,9.800000000,0.996331576,0.000000000,0.000000000,-0.085576808
18.233330416,0.000000000,0.000000000,-0.771632749,-0.000000000,-0.000000000,9.800000000,0.996192718,0.000000000,0.000000000,-0.087178367
18.237497082,0.000000000,0.000000000,-0.771632749,-0.000000000,-0.000000000,9.800000000,0.996051286,0.000000000,0.000000000,-0.088779702
18.241663748,0.000000000,0.000000000,-0.771632749,-0.000000000,-0.000000000,9.800000000,0.995907280,0.000000000,0.000000000,-0.090380806
18.245830414,0.000000000,0.000000000,-0.765894959,0.000000000,-0.000000000,9.800000000,0.995761799,0.000000000,0.000000000,-0.091969775
18.254163746,0.000000000,0.000000000,-0.765894959,0.000000000,-0.000000000,9.800000000,0.995463233,0.000000000,0.000000000,-0.095147004
18.258330412,0.000000000,0.000000000,-0.759861902,0.000000000,0.000000000,9.800000000,0.995311363,0.000000000,0.000000000,-0.096722748
18.262497078,0.000000000,0.000000000,-0.759861902,-0.000000000,0.000000000,9.800000000,0.995157000,0.000000000,0.000000000,-0.098298249
18.266663744,0.000000000,0.000000000,-0.759861902,0.000000000,0.000000000,9.800000000,0.995000142,0.000000000,0.000000000,-0.099873504
18.270830410,0.000000000,0.000000000,-0.753535904,0.000000000,0.000000000,9.800000000,0.994842128,0.000000000,0.000000000,-0.101435397
18.279163742,0.000000000,0.000000000,-0.753535904,0.000000000,0.000000000,9.800000000,0.994518745,0.000000000,0.000000000,-0.104558430
18.283330408,0.000000000,0.000000000,-0.746919404,0.000000000,0.000000000,9.800000000,0.994354840,0.000000000,0.000000000,-0.106105856
18.287497074,0.000000000,0.000000000,-0.746919404,0.000000000,0.000000000,9.800000000,0.994188527,0.000000000,0.000000000,-0.107653024
18.291663740,0.000000000,0.000000000,-0.746919404,0.000000000,0.000000000,9.800000000,0.994019806,0.000000000,0.000000000,-0.109199932
18.295830406,0.000000000,0.000000000,-0.740014952,0.000000000,0.000000000,9.800000000,0.993850272,0.000000000,0.000000000,-0.110732279
18.304163738,0.000000000,0.000000000,-0.740014952,0.000000000,0.000000000,9.800000000,0.993504116,0.000000000,0.000000000,-0.113796181
18.308330404,0.000000000,0.000000000,-0.732825210,-0.000000000,0.000000000,9.800000000,0.993329224,0.000000000,0.000000000,-0.115312850
18.312497070,0.000000000,0.000000000,-0.732825210,-0.000000000,0.000000000,9.800000000,0.993152016,0.000000000,0.000000000,-0.116829249
18.316663736,0.000000000,0.000000000,-0.732825210,-0.000000000,-0.000000000,9.800000000,0.992972493,0.000000000,0.000000000,-0.118345376
18.320830402,0.000000000,0.000000000,-0.725352950,0.000000000,-0.000000000,9.800000000,0.992792522,0.000000000,0.000000000,-0.119845773
18.329163734,0.000000000,0.000000000,-0.725352950,0.000000000,-0.000000000,9.800000000,0.992425778,0.000000000,0.000000000,-0.122845741
18.333330400,0.000000000,0.000000000,-0.717601053,-0.000000000,-0.000000000,9.800000000,0.992241014,0.000000000,0.000000000,-0.124329282
18.337497066,0.000000000,0.000000000,-0.717601053,0.000000000,-0.000000000,9.800000000,0.992054033,0.000000000,0.000000000,-0.125812545
18.341663732,0.000000000,0.000000000,-0.717601053,0.000000000,-0.000000000,9.800000000,0.991864834,0.000000000,0.000000000,-0.127295526
18.345830398,0.000000000,0.000000000,-0.709572508,0.000000000,-0.000000000,9.800000000,0.991675572,0.000000000,0.000000000,-0.128761636
18.354163730,0.000000000,0.000000000,-0.709572508,-0.000000000,-0.000000000,9.800000000,0.991290548,0.000000000,0.000000000,-0.131693009
18.358330396,0.000000000,0.000000000,-0.701270408,-0.000000000,-0.000000000,9.800000000,0.991097090,0.000000000,0.000000000,-0.133141124
18.362497062,0.000000000,0.000000000,-0.701270408,-0.000000000,-0.000000000,9.800000000,0.990901516,0.000000000,0.000000000,-0.134588954
18.366663728,0.000000000,0.000000000,-0.701270408,-0.000000000,-0.000000000,9.800000000,0.990703826,0.000000000,0.000000000,-0.136036497
18.370830394,0.000000000,0.000000000,-0.692697956,0.000000000,0.000000000,9.800000000,0.990506478,0.000000000,0.000000000,-0.137466060
18.379163726,0.000000000,0.000000000,-0.692697956,0.000000000,0.000000000,9.800000000,0.990105592,0.000000000,0.000000000,-0.140324324
18.383330392,0.000000000,0.000000000,-0.683858456,0.000000000,0.000000000,9.800000000,0.989904667,0.000000000,0.000000000,-0.141734789
18.387497058,0.000000000,0.000000000,-0.683858456,0.000000000,0.000000000,9.800000000,0.989701732,0.000000000,0.000000000,-0.143144967
18.391663724,0.000000000,0.000000000,-0.683858456,-0.000000000,0.000000000,9.800000000,0.989496788,0.000000000,0.000000000,-0.144554854
18.395830390,0.000000000,0.000000000,-0.674755315,0.000000000,-0.000000000,9.800000000,0.989292604,0.000000000,0.000000000,-0.145945686
18.404163722,0.000000000,0.000000000,-0.674755315,0.000000000,-0.000000000,9.800000000,0.988878372,0.000000000,0.000000000,-0.148726482
18.408330388,0.000000000,0.000000000,-0.665392043,-0.000000000,0.000000000,9.800000000,0.988671252,0.000000000,0.000000000,-0.150097154
18.412497054,0.000000000,0.000000000,-0.665392043,-0.000000000,-0.000000000,9.800000000,0.988462232,0.000000000,0.000000000,-0.151467539
18.416663720,0.000000000,0.000000000,-0.665392043,-0.000000000,0.000000000,9.800000000,0.988251313,0.000000000,0.000000000,-0.152837632
18.420830386,0.000000000,0.000000000,-0.655772250,0.000000000,-0.000000000,9.800000000,0.988041586,0.000000000,0.000000000,-0.154187630
18.429163718,0.000000000,0.000000000,-0.655772250,0.000000000,-0.000000000,9.800000000,0.987616598,0.000000000,0.000000000,-0.156886760
18.433330384,0.000000000,0.000000000,-0.655772250,0.000000000,-0.000000000,9.800000000,0.987401339,0.000000000,0.000000000,-0.158235887
18.437497050,0.000000000,0.000000000,-0.645899644,-0.000000000,0.000000000,9.800000000,0.987187519,0.000000000,0.000000000,-0.159564414
18.441663716,0.000000000,0.000000000,-0.645899644,-0.000000000,0.000000000,9.800000000,0.986971912,0.000000000,0.000000000,-0.160892653
18.445830382,0.000000000,0.000000000,-0.635778032,0.000000000,0.000000000,9.800000000,0.986757938,0.000000000,0.000000000,-0.162199792
18.454163714,0.000000000,0.000000000,-0.635778032,0.000000000,-0.000000000,9.800000000,0.986324796,0.000000000,0.000000000,-0.164813215
18.458330380,0.000000000,0.000000000,-0.625411316,-0.000000000,-0.000000000,9.800000000,0.986109218,0.000000000,0.000000000,-0.166098197
18.462497046,0.000000000,0.000000000,-0.625411316,-0.000000000,-0.000000000,9.800000000,0.985891965,0.000000000,0.000000000,-0.167382897
18.466663712,0.000000000,0.000000000,-0.625411316,-0.000000000,-0.000000000,9.800000000,0.985673038,0.000000000,0.000000000,-0.168667313
18.470830378,0.000000000,0.000000000,-0.614803491,0.000000000,0.000000000,9.800000000,0.985456194,0.000000000,0.000000000,-0.169929664
18.479163710,0.000000000,0.000000000,-0.614803491,0.000000000,0.000000000,9.800000000,0.985017655,0.000000000,0.000000000,-0.172453528
18.483330376,0.000000000,0.000000000,-0.603958648,-0.000000000,-0.000000000,9.800000000,0.984799886,0.000000000,0.000000000,-0.173692786
18.487497042,0.000000000,0.000000000,-0.603958648,0.000000000,-0.000000000,9.800000000,0.984580558,0.000000000,0.000000000,-0.174931770
18.491663708,0.000000000,0.000000000,-0.603958648,0.000000000,0.000000000,9.800000000,0.984359672,0.000000000,0.000000000,-0.176170477
18.495830374,0.000000000,0.000000000,-0.592880968,0.000000000,0.000000000,9.800000000,0.984141321,0.000000000,0.000000000,-0.177386192
18.504163706,0.000000000,0.000000000,-0.592880968,0.000000000,0.000000000,9.800000000,0.983700114,0.000000000,0.000000000,-0.179816809
18.508330372,0.000000000,0.000000000,-0.581574721,-0.000000000,0.000000000,9.800000000,0.983481524,0.000000000,0.000000000,-0.181008542
18.512497038,0.000000000,0.000000000,-0.581574721,-0.000000000,-0.000000000,9.800000000,0.983261490,0.000000000,0.000000000,-0.182200008
18.516663704,0.000000000,0.000000000,-0.581574721,-0.000000000,-0.000000000,9.800000000,0.983040012,0.000000000,0.000000000,-0.183391207
18.520830370,0.000000000,0.000000000,-0.570044265,-0.000000000,-0.000000000,9.800000000,0.982821525,0.000000000,0.000000000,-0.184558528
18.529163702,0.000000000,0.000000000,-0.570044265,0.000000000,-0.000000000,9.800000000,0.982380392,0.000000000,0.000000000,-0.186892387
18.533330368,0.000000000,0.000000000,-0.558294047,-0.000000000,0.000000000,9.800000000,0.982162351,0.000000000,0.000000000,-0.188034880
18.537497034,0.000000000,0.000000000,-0.558294047,-0.000000000,-0.000000000,9.800000000,0.981942981,0.000000000,0.000000000,-0.189177117
18.541663700,0.000000000,0.000000000,-0.558294047,-0.000000000,0.000000000,9.800000000,0.981722283,0.000000000,0.000000000,-0.190319099
18.545830366,0.000000000,0.000000000,-0.546328596,-0.000000000,0.000000000,9.800000000,0.981505029,0.000000000,0.000000000,-0.191436357
18.554163698,0.000000000,0.000000000,-0.546328596,-0.000000000,0.000000000,9.800000000,0.981066706,0.000000000,0.000000000,-0.193670126
18.558330364,0.000000000,0.000000000,-0.534152525,-0.000000000,0.000000000,9.800000000,0.980850579,0.000000000,0.000000000,-0.194761754
18.562497030,0.000000000,0.000000000,-0.534152525,-0.000000000,0.000000000,9.800000000,0.980633238,0.000000000,0.000000000,-0.195853141
18.566663696,0.000000000,0.000000000,-0.534152525,-0.000000000,0.000000000,9.800000000,0.980414682,0.000000000,0.000000000,-0.196944286
18.570830362,0.000000000,0.000000000,-0.521770529,0.000000000,0.000000000,9.800000000,0.980200020,0.000000000,0.000000000,-0.198009901
18.579163694,0.000000000,0.000000000,-0.521770529,0.000000000,0.000000000,9.800000000,0.979767222,0.000000000,0.000000000,-0.200140429
18.583330360,0.000000000,0.000000000,-0.509187379,0.000000000,0.000000000,9.800000000,0.979554360,0.000000000,0.000000000,-0.201179660
18.587497026,0.000000000,0.000000000,-0.509187379,0.000000000,0.000000000,9.800000000,0.979340396,0.000000000,0.000000000,-0.202218665
18.591663692,0.000000000,0.000000000,-0.509187379,0.000000000,0.000000000,9.800000000,0.979125330,0.000000000,0.000000000,-0.203257442
18.595830358,0.000000000,0.000000000,-0.496407929,-0.000000000,-0.000000000,9.800000000,0.978914601,0.000000000,0.000000000,-0.204269928
18.604163690,0.000000000,0.000000000,-0.496407929,-0.000000000,0.000000000,9.800000000,0.978490003,0.000000000,0.000000000,-0.206294243
18.608330356,0.000000000,0.000000000,-0.483437103,0.000000000,0.000000000,9.800000000,0.978281735,0.000000000,0.000000000,-0.207279635
18.612497022,0.000000000,0.000000000,-0.483437103,0.000000000,0.000000000,9.800000000,0.978072475,0.000000000,0.000000000,-0.208264816
18.616663688,0.000000000,0.000000000,-0.483437103,-0.000000000,0.000000000,9.800000000,0.977862223,0.000000000,0.000000000,-0.209249786
18.620830354,0.000000000,0.000000000,-0.470279904,-0.000000000,0.000000000,9.800000000,0.977656741,0.000000000,0.000000000,-0.210207746
18.629163686,0.000000000,0.000000000,-0.470279904,-0.000000000,0.000000000,9.800000000,0.977242963,0.000000000,0.000000000,-0.212123059
18.633330352,0.000000000,0.000000000,-0.456941403,-0.000000000,-0.000000000,9.800000000,0.977040587,0.000000000,0.000000000,-0.213053260
18.637497018,0.000000000,0.000000000,-0.456941403,-0.000000000,0.000000000,9.800000000,0.976837326,0.000000000,0.000000000,-0.213983268
18.641663684,0.000000000,0.000000000,-0.456941403,-0.000000000,-0.000000000,9.800000000,0.976633180,0.000000000,0.000000000,-0.214913082
18.645830350,0.000000000,0.000000000,-0.443426742,-0.000000000,-0.000000000,9.800000000,0.976434225,0.000000000,0.000000000,-0.215815209
18.654163682,0.000000000,0.000000000,-0.443426742,0.000000000,-0.000000000,9.800000000,0.976033816,0.000000000,0.000000000,-0.217618910
18.658330348,0.000000000,0.000000000,-0.429741132,-0.000000000,0.000000000,9.800000000,0.975838592,0.000000000,0.000000000,-0.218492660
18.662497014,0.000000000,0.000000000,-0.429741132,-0.000000000,-0.000000000,9.800000000,0.975642586,0.000000000,0.000000000,-0.219366235
18.666663680,0.000000000,0.000000000,-0.429741132,-0.000000000,0.000000000,9.800000000,0.975445797,0.000000000,0.000000000,-0.220239634
18.670830346,0.000000000,0.000000000,-0.415889848,0.000000000,0.000000000,9.800000000,0.975254608,0.000000000,0.000000000,-0.221084713
18.679163678,0.000000000,0.000000000,-0.415889848,0.000000000,0.000000000,9.800000000,0.974870032,0.000000000,0.000000000,-0.222774374
18.683330344,0.000000000,0.000000000,-0.401878231,-0.000000000,0.000000000,9.800000000,0.974683173,0.000000000,0.000000000,-0.223590502
18.687497010,0.000000000,0.000000000,-0.401878231,-0.000000000,0.000000000,9.800000000,0.974495631,0.000000000,0.000000000,-0.224406473
18.691663676,0.000000000,0.000000000,-0.401878231,-0.000000000,0.000000000,9.800000000,0.974307406,0.000000000,0.000000000,-0.225222287
18.695830342,0.000000000,0.000000000,-0.387711682,-0.000000000,0.000000000,9.800000000,0.974125169,0.000000000,0.000000000,-0.226009193
18.704163674,0.000000000,0.000000000,-0.387711682,-0.000000000,0.000000000,9.800000000,0.973758788,0.000000000,0.000000000,-0.227582563
18.708330340,0.000000000,0.000000000,-0.373395664,0.000000000,0.000000000,9.800000000,0.973581455,0.000000000,0.000000000,-0.228339988
18.712497006,0.000000000,0.000000000,-0.373395664,0.000000000,0.000000000,9.800000000,0.973403533,0.000000000,0.000000000,-0.229097275
18.716663672,0.000000000,0.000000000,-0.373395664,-0.000000000,0.000000000,9.800000000,0.973225022,0.000000000,0.000000000,-0.229854424
18.720830338,0.000000000,0.000000000,-0.358935694,0.000000000,-0.000000000,9.800000000,0.973052869,0.000000000,0.000000000,-0.230582120
18.729163670,0.000000000,0.000000000,-0.358935694,0.000000000,-0.000000000,9.800000000,0.972706930,0.000000000,0.000000000,-0.232037126
18.733330336,0.000000000,0.000000000,-0.344337347,-0.000000000,0.000000000,9.800000000,0.972540224,0.000000000,0.000000000,-0.232734856
18.737497002,0.000000000,0.000000000,-0.344337347,-0.000000000,-0.000000000,9.800000000,0.972373017,0.000000000,0.000000000,-0.233432467
18.741663668,0.000000000,0.000000000,-0.344337347,-0.000000000,0.000000000,9.800000000,0.972205309,0.000000000,0.000000000,-0.234129957
18.745830334,0.000000000,0.000000000,-0.329606252,0.000000000,0.000000000,9.800000000,0.972044308,0.000000000,0.000000000,-0.234797496
18.754163666,0.000000000,0.000000000,-0.329606252,0.000000000,0.000000000,9.800000000,0.971720930,0.000000000,0.000000000,-0.236132240
18.758330332,0.000000000,0.000000000,-0.314748088,0.000000000,0.000000000,9.800000000,0.971565883,0.000000000,0.000000000,-0.236769371
18.762496998,0.000000000,0.000000000,-0.314748088,0.000000000,0.000000000,9.800000000,0.971410419,0.000000000,0.000000000,-0.237406400
18.766663664,0.000000000,0.000000000,-0.314748088,0.000000000,0.000000000,9.800000000,0.971254536,0.000000000,0.000000000,-0.238043327
18.770830330,0.000000000,0.000000000,-0.299768582,0.000000000,-0.000000000,9.800000000,0.971105685,0.000000000,0.000000000,-0.238649846
18.779163662,0.000000000,0.000000000,-0.299768582,0.000000000,-0.000000000,9.800000000,0.970806845,0.000000000,0.000000000,-0.239862605
18.783330328,0.000000000,0.000000000,-0.284673510,0.000000000,0.000000000,9.800000000,0.970664419,0.000000000,0.000000000,-0.240438319
18.787496994,0.000000000,0.000000000,-0.284673510,0.000000000,0.000000000,9.800000000,0.970521652,0.000000000,0.000000000,-0.241013949
18.791663660,0.000000000,0.000000000,-0.284673510,0.000000000,0.000000000,9.800000000,0.970378543,0.000000000,0.000000000,-0.241589493
18.795830326,0.000000000,0.000000000,-0.269468691,-0.000000000,0.000000000,9.800000000,0.970242763,0.000000000,0.000000000,-0.242134219
18.804163658,0.000000000,0.000000000,-0.269468691,-0.000000000,0.000000000,9.800000000,0.969970287,0.000000000,0.000000000,-0.243223441
18.808330324,0.000000000,0.000000000,-0.254159987,0.000000000,-0.000000000,9.800000000,0.969841364,0.000000000,0.000000000,-0.243737006
18.812496990,0.000000000,0.000000000,-0.254159987,0.000000000,-0.000000000,9.800000000,0.969712170,0.000000000,0.000000000,-0.244250503
18.816663656,0.000000000,0.000000000,-0.254159987,0.000000000,-0.000000000,9.800000000,0.969582703,0.000000000,0.000000000,-0.244763931
18.820830322,0.000000000,0.000000000,-0.238753299,-0.000000000,0.000000000,9.800000000,0.969460837,0.000000000,0.000000000,-0.245246174
18.829163654,0.000000000,0.000000000,-0.238753299,-0.000000000,-0.000000000,9.800000000,0.969216385,0.000000000,0.000000000,-0.246210477
18.833330320,0.000000000,0.000000000,-0.223254567,-0.000000000,-0.000000000,9.800000000,0.969101764,0.000000000,0.000000000,-0.246661246
18.837496986,0.000000000,0.000000000,-0.223254567,-0.000000000,0.000000000,9.800000000,0.968986934,0.000000000,0.000000000,-0.247111962
18.841663652,0.000000000,0.000000000,-0.223254567,-0.000000000,-0.000000000,9.800000000,0.968871894,0.000000000,0.000000000,-0.247562624
18.845830318,0.000000000,0.000000000,-0.207669766,-0.000000000,-0.000000000,9.800000000,0.968764697,0.000000000,0.000000000,-0.247981779
18.854163650,0.000000000,0.000000000,-0.207669766,-0.000000000,-0.000000000,9.800000000,0.968549758,0.000000000,0.000000000,-0.248819949
18.858330316,0.000000000,0.000000000,-0.192004905,0.000000000,0.000000000,9.800000000,0.968450150,0.000000000,0.000000000,-0.249207359
18.862496982,0.000000000,0.000000000,-0.192004905,0.000000000,0.000000000,9.800000000,0.968350387,0.000000000,0.000000000,-0.249594729
18.866663648,0.000000000,0.000000000,-0.192004905,0.000000000,-0.000000000,9.800000000,0.968250469,0.000000000,0.000000000,-0.249982059
18.870830314,0.000000000,0.000000000,-0.176266022,-0.000000000,-0.000000000,9.800000000,0.968158605,0.000000000,0.000000000,-0.250337604
18.879163646,0.000000000,0.000000000,-0.176266022,-0.000000000,-0.000000000,9.800000000,0.967974485,0.000000000,0.000000000,-0.251048592
18.883330312,0.000000000,0.000000000,-0.160459185,-0.000000000,-0.000000000,9.800000000,0.967890508,0.000000000,0.000000000,-0.251372163
18.887496978,0.000000000,0.000000000,-0.160459185,0.000000000,-0.000000000,9.800000000,0.967806423,0.000000000,0.000000000,-0.251695705
18.891663644,0.000000000,0.000000000,-0.160459185,0.000000000,-0.000000000,9.800000000,0.967722230,0.000000000,0.000000000,-0.252019218
18.895830310,0.000000000,0.000000000,-0.144590488,0.000000000,0.000000000,9.800000000,0.967646270,0.000000000,0.000000000,-0.252310714
18.904163642,0.000000000,0.000000000,-0.144590488,-0.000000000,0.000000000,9.800000000,0.967494087,0.000000000,0.000000000,-0.252893637
18.908330308,0.000000000,0.000000000,-0.128666049,0.000000000,0.000000000,9.800000000,0.967426263,0.000000000,0.000000000,-0.253152969
18.912496974,0.000000000,0.000000000,-0.128666049,0.000000000,0.000000000,9.800000000,0.967358370,0.000000000,0.000000000,-0.253412282
18.916663640,0.000000000,0.000000000,-0.128666049,0.000000000,0.000000000,9.800000000,0.967290407,0.000000000,0.000000000,-0.253671578
18.920830306,0.000000000,0.000000000,-0.112692007,0.000000000,-0.000000000,9.800000000,0.967230824,0.000000000,0.000000000,-0.253898666
18.929163638,0.000000000,0.000000000,-0.112692007,0.000000000,-0.000000000,9.800000000,0.967111499,0.000000000,0.000000000,-0.254352801
18.933330304,0.000000000,0.000000000,-0.096674519,-0.000000000,0.000000000,9.800000000,0.967060252,0.000000000,0.000000000,-0.254547578
18.937496970,0.000000000,0.000000000,-0.096674519,-0.000000000,0.000000000,9.800000000,0.967008965,0.000000000,0.000000000,-0.254742343
18.941663636,0.000000000,0.000000000,-0.096674519,-0.000000000,0.000000000,9.800000000,0.966957639,0.000000000,0.000000000,-0.254937099
18.945830302,0.000000000,0.000000000,-0.080619762,0.000000000,0.000000000,9.800000000,0.966914807,0.000000000,0.000000000,-0.255099503
18.954163634,0.000000000,0.000000000,-0.080619762,-0.000000000,0.000000000,9.800000000,0.966829060,0.000000000,0.000000000,-0.255424291
18.958330300,0.000000000,0.000000000,-0.064533925,0.000000000,-0.000000000,9.800000000,0.966794711,0.000000000,0.000000000,-0.255554274
18.962496966,0.000000000,0.000000000,-0.064533925,0.000000000,-0.000000000,9.800000000,0.966760344,0.000000000,0.000000000,-0.255684253
18.966663632,0.000000000,0.000000000,-0.064533925,0.000000000,0.000000000,9.800000000,0.966725960,0.000000000,0.000000000,-0.255814228
18.970830298,0.000000000,0.000000000,-0.048423208,0.000000000,0.000000000,9.800000000,0.966700148,0.000000000,0.000000000,-0.255911752
18.979163630,0.000000000,0.000000000,-0.048423208,0.000000000,0.000000000,9.800000000,0.966648494,0.000000000,0.000000000,-0.256106791
18.983330296,0.000000000,0.000000000,-0.032293823,-0.000000000,-0.000000000,9.800000000,0.966631262,0.000000000,0.000000000,-0.256171825
18.987496962,0.000000000,0.000000000,-0.032293823,-0.000000000,-0.000000000,9.800000000,0.966614024,0.000000000,0.000000000,-0.256236859
18.991663628,0.000000000,0.000000000,-0.032293823,-0.000000000,-0.000000000,9.800000000,0.966596783,0.000000000,0.000000000,-0.256301891
18.995830294,0.000000000,0.000000000,-0.016151989,-0.000000000,0.000000000,9.800000000,0.966588158,0.000000000,0.000000000,-0.256334416
19.004163626,0.000000000,0.000000000,-0.016151989,-0.000000000,0.000000000,9.800000000,0.966570904,0.000000000,0.000000000,-0.256399467
19.008330292,0.000000000,0.000000000,-0.000003927,0.000000000,-0.000000000,9.800000000,0.966570902,0.000000000,0.000000000,-0.256399475
19.012496958,0.000000000,0.000000000,-0.000003927,0.000000000,0.000000000,9.800000000,0.966570900,0.000000000,0.000000000,-0.256399483
19.016663624,0.000000000,0.000000000,-0.000003927,0.000000000,0.000000000,9.800000000,0.966570898,0.000000000,0.000000000,-0.256399491
19.020830290,0.000000000,0.000000000,0.016144136,-0.000000000,-0.000000000,9.800000000,0.966579521,0.000000000,0.000000000,-0.256366981
19.029163622,0.000000000,0.000000000,0.016144136,-0.000000000,-0.000000000,9.800000000,0.966596764,0.000000000,0.000000000,-0.256301962
19.033330288,0.000000000,0.000000000,0.032285975,0.000000000,0.000000000,9.800000000,0.966614001,0.000000000,0.000000000,-0.256236945
19.037496954,0.000000000,0.000000000,0.032285975,0.000000000,0.000000000,9.800000000,0.966631234,0.000000000,0.000000000,-0.256171928
19.041663620,0.000000000,0.000000000,0.032285975,0.000000000,0.000000000,9.800000000,0.966648463,0.000000000,0.000000000,-0.256106910
19.045830286,0.000000000,0.000000000,0.048415367,0.000000000,0.000000000,9.800000000,0.966674290,0.000000000,0.000000000,-0.256009407
19.054163618,0.000000000,0.000000000,0.048415367,0.000000000,0.000000000,9.800000000,0.966725916,0.000000000,0.000000000,-0.255814394
19.058330284,0.000000000,0.000000000,0.064526094,-0.000000000,0.000000000,9.800000000,0.966760296,0.000000000,0.000000000,-0.255684435
19.062496950,0.000000000,0.000000000,0.064526094,-0.000000000,0.000000000,9.800000000,0.966794659,0.000000000,0.000000000,-0.255554472
19.066663616,0.000000000,0.000000000,0.064526094,-0.000000000,0.000000000,9.800000000,0.966829004,0.000000000,0.000000000,-0.255424504
19.070830282,0.000000000,0.000000000,0.080611945,0.000000000,0.000000000,9.800000000,0.966871887,0.000000000,0.000000000,-0.255262130
19.079163614,0.000000000,0.000000000,0.080611945,0.000000000,0.000000000,9.800000000,0.966957570,0.000000000,0.000000000,-0.254937359
19.083330280,0.000000000,0.000000000,0.096666719,0.000000000,-0.000000000,9.800000000,0.967008892,0.000000000,0.000000000,-0.254742620
19.087496946,0.000000000,0.000000000,0.096666719,0.000000000,-0.000000000,9.800000000,0.967060175,0.000000000,0.000000000,-0.254547870
19.091663612,0.000000000,0.000000000,0.096666719,-0.000000000,-0.000000000,9.800000000,0.967111419,0.000000000,0.000000000,-0.254353109
19.095830278,0.000000000,0.000000000,0.112684226,0.000000000,0.000000000,9.800000000,0.967171103,0.000000000,0.000000000,-0.254126064
19.104163610,0.000000000,0.000000000,0.112684226,0.000000000,0.000000000,9.800000000,0.967290314,0.000000000,0.000000000,-0.253671932
19.108330276,0.000000000,0.000000000,0.128658291,0.000000000,0.000000000,9.800000000,0.967358273,0.000000000,0.000000000,-0.253412653
19.112496942,0.000000000,0.000000000,0.128658291,0.000000000,0.000000000,9.800000000,0.967426162,0.000000000,0.000000000,-0.253153355
19.116663608,0.000000000,0.000000000,0.128658291,0.000000000,0.000000000,9.800000000,0.967493982,0.000000000,0.000000000,-0.252894039
19.120830274,0.000000000,0.000000000,0.144582756,0.000000000,0.000000000,9.800000000,0.967570113,0.000000000,0.000000000,-0.252602604
19.129163606,0.000000000,0.000000000,0.144582756,-0.000000000,0.000000000,9.800000000,0.967722113,0.000000000,0.000000000,-0.252019667
19.133330272,0.000000000,0.000000000,0.160451481,0.000000000,0.000000000,9.800000000,0.967806302,0.000000000,0.000000000,-0.251696169
19.137496938,0.000000000,0.000000000,0.160451481,-0.000000000,0.000000000,9.800000000,0.967890384,0.000000000,0.000000000,-0.251372642
19.141663604,0.000000000,0.000000000,0.160451481,-0.000000000,0.000000000,9.800000000,0.967974357,0.000000000,0.000000000,-0.251049088
19.145830270,0.000000000,0.000000000,0.176258349,0.000000000,-0.000000000,9.800000000,0.968066478,0.000000000,0.000000000,-0.250693626
19.154163602,0.000000000,0.000000000,0.176258349,-0.000000000,-0.000000000,9.800000000,0.968250329,0.000000000,0.000000000,-0.249982601
19.158330268,0.000000000,0.000000000,0.191997267,0.000000000,-0.000000000,9.800000000,0.968350243,0.000000000,0.000000000,-0.249595287
19.162496934,0.000000000,0.000000000,0.191997267,-0.000000000,-0.000000000,9.800000000,0.968450002,0.000000000,0.000000000,-0.249207932
19.166663600,0.000000000,0.000000000,0.191997267,0.000000000,-0.000000000,9.800000000,0.968549606,0.000000000,0.000000000,-0.248820538
19.170830266,0.000000000,0.000000000,0.207662166,-0.000000000,0.000000000,9.800000000,0.968657163,0.000000000,0.000000000,-0.248401491
19.179163598,0.000000000,0.000000000,0.207662166,-0.000000000,-0.000000000,9.800000000,0.968871732,0.000000000,0.000000000,-0.247563259
19.183330264,0.000000000,0.000000000,0.223247007,0.000000000,0.000000000,9.800000000,0.968986768,0.000000000,0.000000000,-0.247112612
19.187496930,0.000000000,0.000000000,0.223247007,-0.000000000,-0.000000000,9.800000000,0.969101595,0.000000000,0.000000000,-0.246661912
19.191663596,0.000000000,0.000000000,0.223247007,0.000000000,-0.000000000,9.800000000,0.969216212,0.000000000,0.000000000,-0.246211158
19.195830262,0.000000000,0.000000000,0.238745782,0.000000000,-0.000000000,9.800000000,0.969338554,0.000000000,0.000000000,-0.245729052
19.204163594,0.000000000,0.000000000,0.238745782,0.000000000,-0.000000000,9.800000000,0.969582520,0.000000000,0.000000000,-0.244764657
19.208330260,0.000000000,0.000000000,0.254152516,0.000000000,-0.000000000,9.800000000,0.969711983,0.000000000,0.000000000,-0.244251244
19.212496926,0.000000000,0.000000000,0.254152516,0.000000000,0.000000000,9.800000000,0.969841174,0.000000000,0.000000000,-0.243737763
19.216663592,0.000000000,0.000000000,0.254152516,0.000000000,0.000000000,9.800000000,0.969970093,0.000000000,0.000000000,-0.243224213
19.220830258,0.000000000,0.000000000,0.269461270,-0.000000000,-0.000000000,9.800000000,0.970106481,0.000000000,0.000000000,-0.242679655
19.229163590,0.000000000,0.000000000,0.269461270,-0.000000000,-0.000000000,9.800000000,0.970378340,0.000000000,0.000000000,-0.241590311
19.233330256,0.000000000,0.000000000,0.284666141,0.000000000,0.000000000,9.800000000,0.970521445,0.000000000,0.000000000,-0.241014781
19.237496922,0.000000000,0.000000000,0.284666141,0.000000000,0.000000000,9.800000000,0.970664209,0.000000000,0.000000000,-0.240439167
19.241663588,0.000000000,0.000000000,0.284666141,-0.000000000,0.000000000,9.800000000,0.970806632,0.000000000,0.000000000,-0.239863468
19.245830254,0.000000000,0.000000000,0.299761268,-0.000000000,0.000000000,9.800000000,0.970956238,0.000000000,0.000000000,-0.239257150
19.254163586,0.000000000,0.000000000,0.299761268,-0.000000000,0.000000000,9.800000000,0.971254314,0.000000000,0.000000000,-0.238044234
19.258330252,0.000000000,0.000000000,0.314740831,0.000000000,0.000000000,9.800000000,0.971410193,0.000000000,0.000000000,-0.237407322
19.262496918,0.000000000,0.000000000,0.314740831,0.000000000,-0.000000000,9.800000000,0.971565655,0.000000000,0.000000000,-0.236770308
19.266663584,0.000000000,0.000000000,0.314740831,-0.000000000,-0.000000000,9.800000000,0.971720698,0.000000000,0.000000000,-0.236133192
19.270830250,0.000000000,0.000000000,0.329599056,0.000000000,-0.000000000,9.800000000,0.971882614,0.000000000,0.000000000,-0.235465890
19.279163582,0.000000000,0.000000000,0.329599056,0.000000000,-0.000000000,9.800000000,0.972205069,0.000000000,0.000000000,-0.234130953
19.283330248,0.000000000,0.000000000,0.344330214,0.000000000,0.000000000,9.800000000,0.972372774,0.000000000,0.000000000,-0.233433478
19.287496914,0.000000000,0.000000000,0.344330214,0.000000000,0.000000000,9.800000000,0.972539978,0.000000000,0.000000000,-0.232735882
19.291663580,0.000000000,0.000000000,0.344330214,0.000000000,0.000000000,9.800000000,0.972706682,0.000000000,0.000000000,-0.232038166
19.295830246,0.000000000,0.000000000,0.358928626,-0.000000000,-0.000000000,9.800000000,0.972879921,0.000000000,0.000000000,-0.231310742
19.304163578,0.000000000,0.000000000,0.358928626,-0.000000000,-0.000000000,9.800000000,0.973224766,0.000000000,0.000000000,-0.229855507
19.308330244,0.000000000,0.000000000,0.373388665,0.000000000,0.000000000,9.800000000,0.973403275,0.000000000,0.000000000,-0.229098373
19.312496910,0.000000000,0.000000000,0.373388665,0.000000000,0.000000000,9.800000000,0.973581194,0.000000000,0.000000000,-0.228341101
19.316663576,0.000000000,0.000000000,0.373388665,0.000000000,0.000000000,9.800000000,0.973758525,0.000000000,0.000000000,-0.227583690
19.320830242,0.000000000,0.000000000,0.387704755,-0.000000000,0.000000000,9.800000000,0.973942030,0.000000000,0.000000000,-0.226797093
19.329163574,0.000000000,0.000000000,0.387704755,-0.000000000,-0.000000000,9.800000000,0.974307136,0.000000000,0.000000000,-0.225223457
19.333330240,0.000000000,0.000000000,0.401871378,0.000000000,0.000000000,9.800000000,0.974495358,0.000000000,0.000000000,-0.224407657
19.337496906,0.000000000,0.000000000,0.401871378,-0.000000000,0.000000000,9.800000000,0.974682898,0.000000000,0.000000000,-0.223591700
19.341663572,0.000000000,0.000000000,0.401871378,0.000000000,0.000000000,9.800000000,0.974869755,0.000000000,0.000000000,-0.222775586
19.345830238,0.000000000,0.000000000,0.415883071,-0.000000000,0.000000000,9.800000000,0.975062407,0.000000000,0.000000000,-0.221930853
19.354163570,0.000000000,0.000000000,0.415883071,0.000000000,0.000000000,9.800000000,0.975445514,0.000000000,0.000000000,-0.220240887
19.358330236,0.000000000,0.000000000,0.429734434,0.000000000,0.000000000,9.800000000,0.975642301,0.000000000,0.000000000,-0.219367502
19.362496902,0.000000000,0.000000000,0.429734434,-0.000000000,0.000000000,9.800000000,0.975838305,0.000000000,0.000000000,-0.218493942
19.366663568,0.000000000,0.000000000,0.429734434,0.000000000,0.000000000,9.800000000,0.976033527,0.000000000,0.000000000,-0.217620206
19.370830234,0.000000000,0.000000000,0.443420126,0.000000000,-0.000000000,9.800000000,0.976234146,0.000000000,0.000000000,-0.216718461
19.379163566,0.000000000,0.000000000,0.443420126,0.000000000,-0.000000000,9.800000000,0.976632885,0.000000000,0.000000000,-0.214914418
19.383330232,0.000000000,0.000000000,0.456934871,0.000000000,0.000000000,9.800000000,0.976837030,0.000000000,0.000000000,-0.213984618
19.387496898,0.000000000,0.000000000,0.456934871,0.000000000,-0.000000000,9.800000000,0.977040290,0.000000000,0.000000000,-0.213054623
19.391663564,0.000000000,0.000000000,0.456934871,0.000000000,0.000000000,9.800000000,0.977242664,0.000000000,0.000000000,-0.212124436
19.395830230,0.000000000,0.000000000,0.470273460,0.000000000,0.000000000,9.800000000,0.977450021,0.000000000,0.000000000,-0.211166894
19.404163562,0.000000000,0.000000000,0.470273460,0.000000000,0.000000000,9.800000000,0.977861920,0.000000000,0.000000000,-0.209251204
19.408330228,0.000000000,0.000000000,0.483430748,0.000000000,0.000000000,9.800000000,0.978072170,0.000000000,0.000000000,-0.208266247
19.412496894,0.000000000,0.000000000,0.483430748,0.000000000,-0.000000000,9.800000000,0.978281429,0.000000000,0.000000000,-0.207281079
19.416663560,0.000000000,0.000000000,0.483430748,0.000000000,0.000000000,9.800000000,0.978489695,0.000000000,0.000000000,-0.206295700
19.420830226,0.000000000,0.000000000,0.496401666,-0.000000000,-0.000000000,9.800000000,0.978702517,0.000000000,0.000000000,-0.205283666
19.429163558,0.000000000,0.000000000,0.496401666,-0.000000000,-0.000000000,9.800000000,0.979125020,0.000000000,0.000000000,-0.203258938
19.433330224,0.000000000,0.000000000,0.509181211,-0.000000000,0.000000000,9.800000000,0.979340085,0.000000000,0.000000000,-0.202220174
19.437496890,0.000000000,0.000000000,0.509181211,-0.000000000,0.000000000,9.800000000,0.979554047,0.000000000,0.000000000,-0.201181183
19.441663556,0.000000000,0.000000000,0.509181211,0.000000000,0.000000000,9.800000000,0.979766908,0.000000000,0.000000000,-0.200141965
19.445830222,0.000000000,0.000000000,0.521764457,-0.000000000,-0.000000000,9.800000000,0.979983885,0.000000000,0.000000000,-0.199076831
19.454163554,0.000000000,0.000000000,0.521764457,-0.000000000,0.000000000,9.800000000,0.980414366,0.000000000,0.000000000,-0.196945859
19.458330220,0.000000000,0.000000000,0.534146552,-0.000000000,0.000000000,9.800000000,0.980632921,0.000000000,0.000000000,-0.195854727
19.462496886,0.000000000,0.000000000,0.534146552,-0.000000000,0.000000000,9.800000000,0.980850262,0.000000000,0.000000000,-0.194763353
19.466663552,0.000000000,0.000000000,0.534146552,-0.000000000,0.000000000,9.800000000,0.981066388,0.000000000,0.000000000,-0.193671737
19.470830218,0.000000000,0.000000000,0.546322725,0.000000000,0.000000000,9.800000000,0.981286184,0.000000000,0.000000000,-0.192554990
19.479163550,0.000000000,0.000000000,0.546322725,0.000000000,0.000000000,9.800000000,0.981721963,0.000000000,0.000000000,-0.190320748
19.483330216,0.000000000,0.000000000,0.558288279,-0.000000000,0.000000000,9.800000000,0.981942661,0.000000000,0.000000000,-0.189178778
19.487496882,0.000000000,0.000000000,0.558288279,-0.000000000,0.000000000,9.800000000,0.982162031,0.000000000,0.000000000,-0.188036552
19.491663548,0.000000000,0.000000000,0.558288279,-0.000000000,0.000000000,9.800000000,0.982380072,0.000000000,0.000000000,-0.186894072
19.495830214,0.000000000,0.000000000,0.570038603,-0.000000000,-0.000000000,9.800000000,0.982601331,0.000000000,0.000000000,-0.185727286
19.504163546,0.000000000,0.000000000,0.570038603,-0.000000000,-0.000000000,9.800000000,0.983039691,0.000000000,0.000000000,-0.183392928
19.508330212,0.000000000,0.000000000,0.581569166,-0.000000000,-0.000000000,9.800000000,0.983261169,0.000000000,0.000000000,-0.182201741
19.512496878,0.000000000,0.000000000,0.581569166,-0.000000000,-0.000000000,9.800000000,0.983481203,0.000000000,0.000000000,-0.181010286
19.516663544,0.000000000,0.000000000,0.581569166,-0.000000000,-0.000000000,9.800000000,0.983699793,0.000000000,0.000000000,-0.179818565
19.520830210,0.000000000,0.000000000,0.592875524,0.000000000,0.000000000,9.800000000,0.983921147,0.000000000,0.000000000,-0.178603405
19.529163542,0.000000000,0.000000000,0.592875524,0.000000000,0.000000000,9.800000000,0.984359351,0.000000000,0.000000000,-0.176172268
19.533330208,0.000000000,0.000000000,0.603953316,0.000000000,0.000000000,9.800000000,0.984580238,0.000000000,0.000000000,-0.174933572
19.537496874,0.000000000,0.000000000,0.603953316,0.000000000,-0.000000000,9.800000000,0.984799566,0.000000000,0.000000000,-0.173694600
19.541663540,0.000000000,0.000000000,0.603953316,0.000000000,0.000000000,9.800000000,0.985017336,0.000000000,0.000000000,-0.172455353
19.545830206,0.000000000,0.000000000,0.614798273,-0.000000000,-0.000000000,9.800000000,0.985237413,0.000000000,0.000000000,-0.171193572
19.554163538,0.000000000,0.000000000,0.614798273,0.000000000,-0.000000000,9.800000000,0.985672720,0.000000000,0.000000000,-0.168669171
19.558330204,0.000000000,0.000000000,0.625406214,0.000000000,0.000000000,9.800000000,0.985891647,0.000000000,0.000000000,-0.167384766
19.562496870,0.000000000,0.000000000,0.625406214,0.000000000,0.000000000,9.800000000,0.986108901,0.000000000,0.000000000,-0.166100077
19.566663536,0.000000000,0.000000000,0.625406214,0.000000000,0.000000000,9.800000000,0.986324480,0.000000000,0.000000000,-0.164815106
19.570830202,0.000000000,0.000000000,0.635773049,0.000000000,-0.000000000,9.800000000,0.986541917,0.000000000,0.000000000,-0.163508549
19.579163534,0.000000000,0.000000000,0.635773049,0.000000000,-0.000000000,9.800000000,0.986971598,0.000000000,0.000000000,-0.160894575
19.583330200,0.000000000,0.000000000,0.645894781,0.000000000,0.000000000,9.800000000,0.987187207,0.000000000,0.000000000,-0.159566347
19.587496866,0.000000000,0.000000000,0.645894781,0.000000000,0.000000000,9.800000000,0.987401027,0.000000000,0.000000000,-0.158237831
19.591663532,0.000000000,0.000000000,0.645894781,0.000000000,-0.000000000,9.800000000,0.987613060,0.000000000,0.000000000,-0.156909027
19.595830198,0.000000000,0.000000000,0.655767509,0.000000000,0.000000000,9.800000000,0.987826505,0.000000000,0.000000000,-0.155559622
19.604163530,0.000000000,0.000000000,0.655767509,0.000000000,0.000000000,9.800000000,0.988247863,0.000000000,0.000000000,-0.152859943
19.608330196,0.000000000,0.000000000,0.665387426,0.000000000,-0.000000000,9.800000000,0.988458811,0.000000000,0.000000000,-0.151489864
19.612496862,0.000000000,0.000000000,0.665387426,0.000000000,-0.000000000,9.800000000,0.988667860,0.000000000,0.000000000,-0.150119494
19.616663528,0.000000000,0.000000000,0.665387426,0.000000000,-0.000000000,9.800000000,0.988875009,0.000000000,0.000000000,-0.148748835
19.620830194,0.000000000,0.000000000,0.674750823,0.000000000,0.000000000,9.800000000,0.989083133,0.000000000,0.000000000,-0.147358597
19.629163526,0.000000000,0.000000000,0.674750823,0.000000000,0.000000000,9.800000000,0.989493516,0.000000000,0.000000000,-0.144577249
19.633330192,0.000000000,0.000000000,0.683854092,-0.000000000,0.000000000,9.800000000,0.989698491,0.000000000,0.000000000,-0.143167376
19.637496858,0.000000000,0.000000000,0.683854092,0.000000000,0.000000000,9.800000000,0.989901456,0.000000000,0.000000000,-0.141757212
19.641663524,0.000000000,0.000000000,0.683854092,-0.000000000,0.000000000,9.800000000,0.990102412,0.000000000,0.000000000,-0.140346760
19.645830190,0.000000000,0.000000000,0.692693721,-0.000000000,-0.000000000,9.800000000,0.990303917,0.000000000,0.000000000,-0.138917786
19.654163522,0.000000000,0.000000000,0.692693721,-0.000000000,0.000000000,9.800000000,0.990700740,0.000000000,0.000000000,-0.136058973
19.658330188,0.000000000,0.000000000,0.701266304,0.000000000,-0.000000000,9.800000000,0.990898461,0.000000000,0.000000000,-0.134611443
19.662496854,0.000000000,0.000000000,0.701266304,0.000000000,-0.000000000,9.800000000,0.991094067,0.000000000,0.000000000,-0.133163625
19.666663520,0.000000000,0.000000000,0.701266304,0.000000000,0.000000000,9.800000000,0.991287557,0.000000000,0.000000000,-0.131715524
19.670830186,0.000000000,0.000000000,0.709568536,0.000000000,0.000000000,9.800000000,0.991481185,0.000000000,0.000000000,-0.130249992
19.679163518,0.000000000,0.000000000,0.709568536,0.000000000,0.000000000,9.800000000,0.991861939,0.000000000,0.000000000,-0.127318078
19.683330184,0.000000000,0.000000000,0.717597215,0.000000000,0.000000000,9.800000000,0.992051171,0.000000000,0.000000000,-0.125835109
19.687496850,0.000000000,0.000000000,0.717597215,0.000000000,0.000000000,9.800000000,0.992238185,0.000000000,0.000000000,-0.124351859
19.691663516,0.000000000,0.000000000,0.717597215,0.000000000,0.000000000,9.800000000,0.992422981,0.000000000,0.000000000,-0.122868330
19.695830182,0.000000000,0.000000000,0.725349248,-0.000000000,0.000000000,9.800000000,0.992607520,0.000000000,0.000000000,-0.121368496
19.704163514,0.000000000,0.000000000,0.725349248,-0.000000000,0.000000000,9.800000000,0.992969796,0.000000000,0.000000000,-0.118368001
19.708330180,0.000000000,0.000000000,0.732821644,-0.000000000,0.000000000,9.800000000,0.993149353,0.000000000,0.000000000,-0.116851885
19.712496846,0.000000000,0.000000000,0.732821644,0.000000000,0.000000000,9.800000000,0.993326594,0.000000000,0.000000000,-0.115335497
19.716663512,0.000000000,0.000000000,0.732821644,-0.000000000,0.000000000,9.800000000,0.993501521,0.000000000,0.000000000,-0.113818840
19.720830178,0.000000000,0.000000000,0.740011524,-0.000000000,-0.000000000,9.800000000,0.993675813,0.000000000,0.000000000,-0.112287033
19.729163510,0.000000000,0.000000000,0.740011524,-0.000000000,-0.000000000,9.800000000,0.994017313,0.000000000,0.000000000,-0.109222623
19.733330176,0.000000000,0.000000000,0.746916115,-0.000000000,0.000000000,9.800000000,0.994186068,0.000000000,0.000000000,-0.107675726
19.737496842,0.000000000,0.000000000,0.746916115,-0.000000000,0.000000000,9.800000000,0.994352416,0.000000000,0.000000000,-0.106128569
19.741663508,0.000000000,0.000000000,0.746916115,-0.000000000,-0.000000000,9.800000000,0.994516356,0.000000000,0.000000000,-0.104581154
19.745830174,0.000000000,0.000000000,0.753532756,-0.000000000,0.000000000,9.800000000,0.994679308,0.000000000,0.000000000,-0.103019774
19.754163506,0.000000000,0.000000000,0.753532756,0.000000000,0.000000000,9.800000000,0.994997858,0.000000000,0.000000000,-0.099896258
19.758330172,0.000000000,0.000000000,0.759858896,0.000000000,0.000000000,9.800000000,0.995154751,0.000000000,0.000000000,-0.098321013
19.762496838,0.000000000,0.000000000,0.759858896,0.000000000,0.000000000,9.800000000,0.995309150,0.000000000,0.000000000,-0.096745521
19.766663504,0.000000000,0.000000000,0.759858896,0.000000000,0.000000000,9.800000000,0.995461055,0.000000000,0.000000000,-0.095169788
19.770830170,0.000000000,0.000000000,0.765892096,0.000000000,0.000000000,9.800000000,0.995611641,0.000000000,0.000000000,-0.093581301
19.779163502,0.000000000,0.000000000,0.765892096,0.000000000,0.000000000,9.800000000,0.995905209,0.000000000,0.000000000,-0.090403618
19.783330168,0.000000000,0.000000000,0.771630030,-0.000000000,-0.000000000,9.800000000,0.996049252,0.000000000,0.000000000,-0.088802522
19.787496834,0.000000000,0.000000000,0.771630030,0.000000000,0.000000000,9.800000000,0.996190720,0.000000000,0.000000000,-0.087201197
19.791663500,0.000000000,0.000000000,0.771630030,0.000000000,0.000000000,9.800000000,0.996329614,0.000000000,0.000000000,-0.085599646
19.795830166,0.000000000,0.000000000,0.777070486,-0.000000000,-0.000000000,9.800000000,0.996466886,0.000000000,0.000000000,-0.083986580
19.804163498,0.000000000,0.000000000,0.777070486,-0.000000000,-0.000000000,9.800000000,0.996733593,0.000000000,0.000000000,-0.080759792
19.808330164,0.000000000,0.000000000,0.782211367,-0.000000000,0.000000000,9.800000000,0.996863876,0.000000000,0.000000000,-0.079135401
19.812496830,0.000000000,0.000000000,0.782211367,0.000000000,0.000000000,9.800000000,0.996991512,0.000000000,0.000000000,-0.077510801
19.816663496,0.000000000,0.000000000,0.782211367,0.000000000,-0.000000000,9.800000000,0.997116501,0.000000000,0.000000000,-0.075885995
19.820830162,0.000000000,0.000000000,0.787050690,0.000000000,0.000000000,9.800000000,0.997239590,0.000000000,0.000000000,-0.074250933
19.829163494,0.000000000,0.000000000,0.787050690,0.000000000,0.000000000,9.800000000,0.997477724,0.000000000,0.000000000,-0.070980214
19.833330160,0.000000000,0.000000000,0.791586591,-0.000000000,-0.000000000,9.800000000,0.997593423,0.000000000,0.000000000,-0.069335140
19.837496826,0.000000000,0.000000000,0.791586591,-0.000000000,-0.000000000,9.800000000,0.997706410,0.000000000,0.000000000,-0.067689876
19.841663492,0.000000000,0.000000000,0.791586591,-0.000000000,-0.000000000,9.800000000,0.997816683,0.000000000,0.000000000,-0.066044429
19.845830158,0.000000000,0.000000000,0.795817320,0.000000000,0.000000000,9.800000000,0.997924810,0.000000000,0.000000000,-0.064390006
19.854163490,0.000000000,0.000000000,0.795817320,0.000000000,-0.000000000,9.800000000,0.998132835,0.000000000,0.000000000,-0.061080635
19.858330156,0.000000000,0.000000000,0.799741246,0.000000000,0.000000000,9.800000000,0.998233218,0.000000000,0.000000000,-0.059417534
19.862496822,0.000000000,0.000000000,0.799741246,0.000000000,0.000000000,9.800000000,0.998330829,0.000000000,0.000000000,-0.057754269
19.866663488,0.000000000,0.000000000,0.799741246,0.000000000,0.000000000,9.800000000,0.998425669,0.000000000,0.000000000,-0.056090843
19.870830154,0.000000000,0.000000000,0.803356857,0.000000000,-0.000000000,9.800000000,0.998518148,0.000000000,0.000000000,-0.054419741
19.879163486,0.000000000,0.000000000,0.803356857,0.000000000,-0.000000000,9.800000000,0.998694714,0.000000000,0.000000000,-0.051077082
19.883330152,0.000000000,0.000000000,0.806662758,0.000000000,0.000000000,9.800000000,0.998779141,0.000000000,0.000000000,-0.049398658
19.887496818,0.000000000,0.000000000,0.806662758,0.000000000,0.000000000,9.800000000,0.998860747,0.000000000,0.000000000,-0.047720093
19.891663484,0.000000000,0.000000000,0.806662758,0.000000000,0.000000000,9.800000000,0.998939533,0.000000000,0.000000000,-0.046041394
19.895830150,0.000000000,0.000000000,0.809657676,-0.000000000,-0.000000000,9.800000000,0.999015774,0.000000000,0.000000000,-0.044356332
19.904163482,0.000000000,0.000000000,0.809657676,0.000000000,0.000000000,9.800000000,0.999159728,0.000000000,0.000000000,-0.040985833
19.908330148,0.000000000,0.000000000,0.812340456,0.000000000,-0.000000000,9.800000000,0.999227660,0.000000000,0.000000000,-0.039294821
19.912496814,0.000000000,0.000000000,0.812340456,-0.000000000,-0.000000000,9.800000000,0.999292731,0.000000000,0.000000000,-0.037603697
19.916663480,0.000000000,0.000000000,0.812340456,-0.000000000,0.000000000,9.800000000,0.999354939,0.000000000,0.000000000,-0.035912465
19.920830146,0.000000000,0.000000000,0.814710063,0.000000000,0.000000000,9.800000000,0.999414454,0.000000000,0.000000000,-0.034216197
19.929163478,0.000000000,0.000000000,0.814710063,0.000000000,0.000000000,9.800000000,0.999524847,0.000000000,0.000000000,-0.030823369
19.933330144,0.000000000,0.000000000,0.816765584,0.000000000,0.000000000,9.800000000,0.999575849,0.000000000,0.000000000,-0.029122539
19.937496810,0.000000000,0.000000000,0.816765584,0.000000000,0.000000000,9.800000000,0.999623957,0.000000000,0.000000000,-0.027421625
19.941663476,0.000000000,0.000000000,0.816765584,0.000000000,0.000000000,9.800000000,0.999669170,0.000000000,0.000000000,-0.025720631
19.945830142,0.000000000,0.000000000,0.818506226,-0.000000000,-0.000000000,9.800000000,0.999711576,0.000000000,0.000000000,-0.024015938
19.954163474,0.000000000,0.000000000,0.818506226,-0.000000000,0.000000000,9.800000000,0.999787667,0.000000000,0.000000000,-0.020606346
19.958330140,0.000000000,0.000000000,0.819931318,0.000000000,0.000000000,9.800000000,0.999821408,0.000000000,0.000000000,-0.018898490
19.962496806,0.000000000,0.000000000,0.819931318,0.000000000,0.000000000,9.800000000,0.999852231,0.000000000,0.000000000,-0.017190578
19.966663472,0.000000000,0.000000000,0.819931318,0.000000000,-0.000000000,9.800000000,0.999880137,0.000000000,0.000000000,-0.015482617
19.970830138,0.000000000,0.000000000,0.821040312,-0.000000000,-0.000000000,9.800000000,0.999905157,0.000000000,0.000000000,-0.013772299
19.979163470,0.000000000,0.000000000,0.821040312,0.000000000,-0.000000000,9.800000000,0.999946421,0.000000000,0.000000000,-0.010351549
19.983330136,0.000000000,0.000000000,0.821832779,0.000000000,0.000000000,9.800000000,0.999962679,0.000000000,0.000000000,-0.008639475
19.987496802,0.000000000,0.000000000,0.821832779,0.000000000,0.000000000,9.800000000,0.999976005,0.000000000,0.000000000,-0.006927376
19.991663468,0.000000000,0.000000000,0.821832779,0.000000000,0.000000000,9.800000000,0.999986400,0.000000000,0.000000000,-0.005215256
19.995830134,0.000000000,0.000000000,0.822308414,0.000000000,0.000000000,9.800000000,0.999993868,0.000000000,0.000000000,-0.003502131
20.004163466,0.000000000,0.000000000,0.822308414,0.000000000,0.000000000,9.800000000,0.999999997,0.000000000,0.000000000,-0.000075853
20.008330132,0.000000000,0.000000000,0.822467033,0.000000000,0.000000000,9.800000000,0.999998659,0.000000000,0.000000000,0.001637619
20.012496798,0.000000000,0.000000000,0.822467033,-0.000000000,0.000000000,9.800000000,0.999994385,0.000000000,0.000000000,0.003351086
20.016663464,0.000000000,0.000000000,0.822467033,0.000000000,0.000000000,9.800000000,0.999987175,0.000000000,0.000000000,0.005064543
20.020830130,0.000000000,0.000000000,0.822308576,-0.000000000,-0.000000000,9.800000000,0.999977031,0.000000000,0.000000000,0.006777656
20.029163462,0.000000000,0.000000000,0.822308576,-0.000000000,0.000000000,9.800000000,0.999947940,0.000000000,0.000000000,0.010203816
20.033330128,0.000000000,0.000000000,0.821833104,0.000000000,-0.000000000,9.800000000,0.999929004,0.000000000,0.000000000,0.011915863
20.037496794,0.000000000,0.000000000,0.821833104,-0.000000000,-0.000000000,9.800000000,0.999907136,0.000000000,0.000000000,0.013627875
20.041663460,0.000000000,0.000000000,0.821833104,0.000000000,-0.000000000,9.800000000,0.999882338,0.000000000,0.000000000,0.015339847
20.045830126,0.000000000,0.000000000,0.821040799,0.000000000,-0.000000000,9.800000000,0.999854636,0.000000000,0.000000000,0.017050124
20.054163458,0.000000000,0.000000000,0.821040799,0.000000000,0.000000000,9.800000000,0.999790457,0.000000000,0.000000000,0.020470523
20.058330124,0.000000000,0.000000000,0.819931967,0.000000000,0.000000000,9.800000000,0.999754031,0.000000000,0.000000000,0.022178326
20.062496790,0.000000000,0.000000000,0.819931967,0.000000000,0.000000000,9.800000000,0.999714687,0.000000000,0.000000000,0.023886064
20.066663456,0.000000000,0.000000000,0.819931967,0.000000000,0.000000000,9.800000000,0.999672427,0.000000000,0.000000000,0.025593732
20.070830122,0.000000000,0.000000000,0.818507036,0.000000000,0.000000000,9.800000000,0.999627330,0.000000000,0.000000000,0.027298358
20.079163454,0.000000000,0.000000000,0.818507036,0.000000000,0.000000000,9.800000000,0.999528418,0.000000000,0.000000000,0.030707367
20.083330120,0.000000000,0.000000000,0.816766556,-0.000000000,-0.000000000,9.800000000,0.999474719,0.000000000,0.000000000,0.032408116
20.087496786,0.000000000,0.000000000,0.816766556,0.000000000,-0.000000000,9.800000000,0.999418127,0.000000000,0.000000000,0.034108771
20.091663452,0.000000000,0.000000000,0.816766556,-0.000000000,-0.000000000,9.800000000,0.999358640,0.000000000,0.000000000,0.035809328
20.095830118,0.000000000,0.000000000,0.814711196,0.000000000,-0.000000000,9.800000000,0.999296421,0.000000000,0.000000000,0.037505501
20.104163450,0.000000000,0.000000000,0.814711196,-0.000000000,-0.000000000,9.800000000,0.999163346,0.000000000,0.000000000,0.040897520
20.108330116,0.000000000,0.000000000,0.812341749,-0.000000000,0.000000000,9.800000000,0.999092702,0.000000000,0.000000000,0.042588423
20.112496782,0.000000000,0.000000000,0.812341749,-0.000000000,0.000000000,9.800000000,0.999019195,0.000000000,0.000000000,0.044279204
20.116663448,0.000000000,0.000000000,0.812341749,-0.000000000,0.000000000,9.800000000,0.998942827,0.000000000,0.000000000,0.045969858
20.120830114,0.000000000,0.000000000,0.809659130,0.000000000,0.000000000,9.800000000,0.998863865,0.000000000,0.000000000,0.047654798
20.129163446,0.000000000,0.000000000,0.809659130,-0.000000000,0.000000000,9.800000000,0.998697414,0.000000000,0.000000000,0.051024267
20.133330112,0.000000000,0.000000000,0.806664372,-0.000000000,-0.000000000,9.800000000,0.998610255,0.000000000,0.000000000,0.052702556
20.137496778,0.000000000,0.000000000,0.806664372,-0.000000000,-0.000000000,9.800000000,0.998520275,0.000000000,0.000000000,0.054380696
20.141663444,0.000000000,0.000000000,0.806664372,0.000000000,0.000000000,9.800000000,0.998427476,0.000000000,0.000000000,0.056058682
20.145830110,0.000000000,0.000000000,0.803358629,-0.000000000,0.000000000,9.800000000,0.998332254,0.000000000,0.000000000,0.057729634
20.154163442,0.000000000,0.000000000,0.803358629,-0.000000000,0.000000000,9.800000000,0.998133421,0.000000000,0.000000000,0.061071049
20.158330108,0.000000000,0.000000000,0.799743176,0.000000000,0.000000000,9.800000000,0.998030284,0.000000000,0.000000000,0.062733985
20.162496774,0.000000000,0.000000000,0.799743176,0.000000000,0.000000000,9.800000000,0.997924375,0.000000000,0.000000000,0.064396747
20.166663440,0.000000000,0.000000000,0.799743176,-0.000000000,0.000000000,9.800000000,0.997815697,0.000000000,0.000000000,0.066059330
20.170830106,0.000000000,0.000000000,0.795819407,0.000000000,0.000000000,9.800000000,0.997704802,0.000000000,0.000000000,0.067713573
20.179163438,0.000000000,0.000000000,0.795819407,0.000000000,0.000000000,9.800000000,0.997474785,0.000000000,0.000000000,0.071021498
20.183330104,0.000000000,0.000000000,0.791588835,0.000000000,0.000000000,9.800000000,0.997356304,0.000000000,0.000000000,0.072666379
20.187496770,0.000000000,0.000000000,0.791588835,0.000000000,0.000000000,9.800000000,0.997235111,0.000000000,0.000000000,0.074311063
20.191663436,0.000000000,0.000000000,0.791588835,0.000000000,-0.000000000,9.800000000,0.997111205,0.000000000,0.000000000,0.075955545
20.195830102,0.000000000,0.000000000,0.787053090,0.000000000,0.000000000,9.800000000,0.996985321,0.000000000,0.000000000,0.077590399
20.204163434,0.000000000,0.000000000,0.787053090,0.000000000,0.000000000,9.800000000,0.996725511,0.000000000,0.000000000,0.080859477
20.208330100,0.000000000,0.000000000,0.782213922,-0.000000000,-0.000000000,9.800000000,0.996592418,0.000000000,0.000000000,0.082483645
20.212496766,0.000000000,0.000000000,0.782213922,-0.000000000,0.000000000,9.800000000,0.996456679,0.000000000,0.000000000,0.084107593
20.216663432,0.000000000,0.000000000,0.782213922,-0.000000000,-0.000000000,9.800000000,0.996318293,0.000000000,0.000000000,0.085731319
20.220830098,0.000000000,0.000000000,0.777073195,0.000000000,0.000000000,9.800000000,0.996178197,0.000000000,0.000000000,0.087344148
20.229163430,0.000000000,0.000000000,0.777073195,0.000000000,0.000000000,9.800000000,0.995890172,0.000000000,0.000000000,0.090569115
20.233330096,0.000000000,0.000000000,0.771632892,-0.000000000,-0.000000000,9.800000000,0.995743290,0.000000000,0.000000000,0.092169958
20.237496762,0.000000000,0.000000000,0.771632892,0.000000000,0.000000000,9.800000000,0.995593834,0.000000000,0.000000000,0.093770564
20.241663428,0.000000000,0.000000000,0.771632892,-0.000000000,-0.000000000,9.800000000,0.995441805,0.000000000,0.000000000,0.095370927
20.245830094,0.000000000,0.000000000,0.765895110,-0.000000000,-0.000000000,9.800000000,0.995288362,0.000000000,0.000000000,0.096959146
20.254163426,0.000000000,0.000000000,0.765895110,-0.000000000,-0.000000000,9.800000000,0.994973876,0.000000000,0.000000000,0.100134840
20.258330092,0.000000000,0.000000000,0.759862060,0.000000000,0.000000000,9.800000000,0.994814111,0.000000000,0.000000000,0.101709803
20.262496758,0.000000000,0.000000000,0.759862060,0.000000000,0.000000000,9.800000000,0.994651854,0.000000000,0.000000000,0.103284512
20.266663424,0.000000000,0.000000000,0.759862060,0.000000000,0.000000000,9.800000000,0.994487103,0.000000000,0.000000000,0.104858961
20.270830090,0.000000000,0.000000000,0.753536070,0.000000000,0.000000000,9.800000000,0.994321263,0.000000000,0.000000000,0.106420043
20.279163422,0.000000000,0.000000000,0.753536070,0.000000000,0.000000000,9.800000000,0.993982232,0.000000000,0.000000000,0.109541417
20.283330088,0.000000000,0.000000000,0.746919577,0.000000000,0.000000000,9.800000000,0.993810573,0.000000000,0.000000000,0.111088002
20.287496754,0.000000000,0.000000000,0.746919577,-0.000000000,-0.000000000,9.800000000,0.993636508,0.000000000,0.000000000,0.112634317
20.291663420,0.000000000,0.000000000,0.746919577,-0.000000000,-0.000000000,9.800000000,0.993460037,0.000000000,0.000000000,0.114180360
20.295830086,0.000000000,0.000000000,0.740015132,0.000000000,-0.000000000,9.800000000,0.993282825,0.000000000,0.000000000,0.115711839
20.304163418,0.000000000,0.000000000,0.740015132,0.000000000,0.000000000,9.800000000,0.992921318,0.000000000,0.000000000,0.118773969
20.308330084,0.000000000,0.000000000,0.732825398,0.000000000,0.000000000,9.800000000,0.992738827,0.000000000,0.000000000,0.120289742
20.312496750,0.000000000,0.000000000,0.732825398,0.000000000,0.000000000,9.800000000,0.992554021,0.000000000,0.000000000,0.121805235
20.316663416,0.000000000,0.000000000,0.732825398,0.000000000,0.000000000,9.800000000,0.992366902,0.000000000,0.000000000,0.123320444
20.320830082,0.000000000,0.000000000,0.725353145,0.000000000,0.000000000,9.800000000,0.992179413,0.000000000,0.000000000,0.124819920
20.329163414,0.000000000,0.000000000,0.725353145,0.000000000,0.000000000,9.800000000,0.991797638,0.000000000,0.000000000,0.127818013
20.333330080,0.000000000,0.000000000,0.717601255,0.000000000,0.000000000,9.800000000,0.991605442,0.000000000,0.000000000,0.129300609
20.337496746,0.000000000,0.000000000,0.717601255,-0.000000000,0.000000000,9.800000000,0.991411029,0.000000000,0.000000000,0.130782917
20.341663412,0.000000000,0.000000000,0.717601255,0.000000000,0.000000000,9.800000000,0.991214401,0.000000000,0.000000000,0.132264932
20.345830078,0.000000000,0.000000000,0.709572717,-0.000000000,0.000000000,9.800000000,0.991017793,0.000000000,0.000000000,0.133730076
20.354163410,0.000000000,0.000000000,0.709572717,-0.000000000,0.000000000,9.800000000,0.990618083,0.000000000,0.000000000,0.136659483
20.358330076,0.000000000,0.000000000,0.701270624,-0.000000000,0.000000000,9.800000000,0.990417369,0.000000000,0.000000000,0.138106610
20.362496742,0.000000000,0.000000000,0.701270624,-0.000000000,0.000000000,9.800000000,0.990214541,0.000000000,0.000000000,0.139553442
20.366663408,0.000000000,0.000000000,0.701270624,-0.000000000,0.000000000,9.800000000,0.990009599,0.000000000,0.000000000,0.140999977
