kare,t,hedef_x,hedef_y,hedef_z,hedef_qw,hedef_qx,hedef_qy,hedef_qz,celdirici_x,celdirici_y,celdirici_z,celdirici_qw,celdirici_qx,celdirici_qy,celdirici_qz,celdirici2_x,celdirici2_y,celdirici2_z,celdirici2_qw,celdirici2_qx,celdirici2_qy,celdirici2_qz,kam_x,kam_y,kam_z,kam_qw,kam_qx,kam_qy,kam_qz,senkron_bosluk_ms
0,0.000000,-23.200000,-2.200000,0.783950,1.000000,0.000000,0.000000,0.000000,19.416667,2.200000,0.750000,0.000000,0.000000,0.000000,1.000000,5.376296,-8.682207,0.750000,0.233445,0.000000,0.000000,0.972370,-23.200021,0.005233,40.376666,0.464929,-0.532768,0.464929,0.532768,4.167
1,0.033333,-23.040000,-2.200000,0.783950,1.000000,0.000000,0.000000,0.000000,19.300000,2.200000,0.750000,0.000000,0.000000,0.000000,1.000000,5.251555,-8.618648,0.750000,0.233445,0.000000,0.000000,0.972370,-23.040025,0.006294,40.792000,0.457852,-0.538861,0.457852,0.538861,0.000
2,0.066667,-22.880000,-2.200000,0.783950,1.000000,0.000000,0.000000,0.000000,19.183333,2.200000,0.750000,0.000000,0.000000,0.000000,1.000000,5.126814,-8.555089,0.750000,0.233445,0.000000,0.000000,0.972370,-22.880029,0.007337,41.207333,0.450815,-0.544762,0.450815,0.544762,4.167
3,0.100000,-22.720000,-2.200000,0.783950,1.000000,0.000000,0.000000,0.000000,19.066667,2.200000,0.750000,0.000000,0.000000,0.000000,1.000000,5.002073,-8.491531,0.750000,0.233445,0.000000,0.000000,0.972370,-22.720033,0.008362,41.622666,0.443835,-0.550464,0.443835,0.550464,4.167
4,0.133333,-22.560000,-2.200000,0.783950,1.000000,0.000000,0.000000,0.000000,18.950000,2.200000,0.750000,0.000000,0.000000,0.000000,1.000000,4.877332,-8.427972,0.750000,0.233445,0.000000,0.000000,0.972370,-22.560036,0.009365,42.037999,0.436936,-0.555956,0.436936,0.555956,0.000
5,0.166667,-22.400000,-2.200000,0.783950,1.000000,0.000000,0.000000,0.000000,18.833334,2.200000,0.750000,0.000000,0.000000,0.000000,1.000000,4.752591,-8.364413,0.750000,0.233445,0.000000,0.000000,0.972370,-22.400040,0.010344,42.453333,0.430152,-0.561221,0.430152,0.561221,4.167
6,0.200000,-22.240000,-2.200000,0.783950,1.000000,0.000000,0.000000,0.000000,18.716667,2.200000,0.750000,0.000000,0.000000,0.000000,1.000000,4.627850,-8.300855,0.750000,0.233445,0.000000,0.000000,0.972370,-22.240043,0.011295,42.868666,0.423499,-0.566258,0.423499,0.566258,4.167
7,0.233333,-22.080000,-2.200000,0.783950,1.000000,0.000000,0.000000,0.000000,18.600000,2.200000,0.750000,0.000000,0.000000,0.000000,1.000000,4.503109,-8.237296,0.750000,0.233445,0.000000,0.000000,0.972370,-22.080046,0.012217,43.283999,0.417001,-0.571061,0.417001,0.571061,0.000
8,0.266667,-21.920000,-2.200000,0.783950,1.000000,0.000000,0.000000,0.000000,18.483334,2.200000,0.750000,0.000000,0.000000,0.000000,1.000000,4.378368,-8.173737,0.750000,0.233445,0.000000,0.000000,0.972370,-21.920049,0.013105,43.699332,0.410693,-0.575614,0.410693,0.575614,4.167
9,0.295833,-21.780000,-2.200000,0.783950,1.000000,0.000000,0.000000,0.000000,18.381250,2.200000,0.750000,0.000000,0.000000,0.000000,1.000000,4.269220,-8.118124,0.750000,0.233445,0.000000,0.000000,0.972370,-21.780052,0.013855,44.062749,0.405335,-0.579399,0.405335,0.579399,0.000
10,0.329167,-21.620000,-2.200000,0.783950,1.000000,0.000000,0.000000,0.000000,18.264584,2.200000,0.750000,0.000000,0.000000,0.000000,1.000000,4.144479,-8.054565,0.750000,0.233445,0.000000,0.000000,0.972370,-21.620054,0.014677,44.478082,0.399435,-0.583482,0.399435,0.583482,4.167
11,0.362500,-21.460000,-2.200000,0.783950,1.000000,0.000000,0.000000,0.000000,18.147917,2.200000,0.750000,0.000000,0.000000,0.000000,1.000000,4.019738,-7.991006,0.750000,0.233445,0.000000,0.000000,0.972370,-21.460056,0.015460,44.893416,0.393781,-0.587313,0.393781,0.587313,4.167
12,0.395833,-21.300000,-2.200000,0.783950,1.000000,0.000000,0.000000,0.000000,18.031250,2.200000,0.750000,0.000000,0.000000,0.000000,1.000000,3.894997,-7.927448,0.750000,0.233445,0.000000,0.000000,0.972370,-21.300058,0.016202,45.308749,0.388393,-0.590890,0.388393,0.590890,0.000
13,0.429167,-21.140000,-2.200000,0.783950,1.000000,0.000000,0.000000,0.000000,17.914584,2.200000,0.750000,0.000000,0.000000,0.000000,1.000000,3.770257,-7.863889,0.750000,0.233445,0.000000,0.000000,0.972370,-21.140060,0.016900,45.724082,0.383308,-0.594201,0.383308,0.594201,4.167
14,0.462500,-20.980000,-2.200000,0.783950,1.000000,0.000000,0.000000,0.000000,17.797917,2.200000,0.750000,0.000000,0.000000,0.000000,1.000000,3.645516,-7.800330,0.750000,0.233445,0.000000,0.000000,0.972370,-20.980062,0.017553,46.139415,0.378530,-0.597256,0.378530,0.597256,4.167
15,0.495833,-20.820001,-2.200000,0.783950,1.000000,0.000000,0.000000,0.000000,17.681250,2.200000,0.750000,0.000000,0.000000,0.000000,1.000000,3.520775,-7.736772,0.750000,0.233445,0.000000,0.000000,0.972370,-20.820063,0.018160,46.554749,0.374078,-0.600054,0.374078,0.600054,0.000
16,0.529167,-20.660001,-2.200000,0.783950,1.000000,0.000000,0.000000,0.000000,17.564584,2.200000,0.750000,0.000000,0.000000,0.000000,1.000000,3.396034,-7.673213,0.750000,0.233445,0.000000,0.000000,0.972370,-20.660064,0.018716,46.970082,0.369987,-0.602586,0.369987,0.602586,4.167
17,0.562500,-20.500001,-2.200000,0.783950,1.000000,0.000000,0.000000,0.000000,17.447917,2.200000,0.750000,0.000000,0.000000,0.000000,1.000000,3.271293,-7.609654,0.750000,0.233445,0.000000,0.000000,0.972370,-20.500065,0.019224,47.385415,0.366255,-0.604862,0.366255,0.604862,4.167
18,0.595833,-20.340001,-2.200000,0.783950,1.000000,0.000000,0.000000,0.000000,17.331250,2.200000,0.750000,0.000000,0.000000,0.000000,1.000000,3.146552,-7.546096,0.750000,0.233445,0.000000,0.000000,0.972370,-20.340066,0.019680,47.800748,0.362896,-0.606883,0.362896,0.606883,0.000
19,0.629167,-20.180001,-2.200000,0.783950,1.000000,0.000000,0.000000,0.000000,17.214584,2.200000,0.750000,0.000000,0.000000,0.000000,1.000000,3.021811,-7.482537,0.750000,0.233445,0.000000,0.000000,0.972370,-20.180067,0.020082,48.216082,0.359943,-0.608639,0.359943,0.608639,4.167
20,0.662500,-20.020001,-2.200000,0.783950,1.000000,0.000000,0.000000,0.000000,17.097917,2.200000,0.750000,0.000000,0.000000,0.000000,1.000000,2.897070,-7.418978,0.750000,0.233445,0.000000,0.000000,0.972370,-20.020067,0.020431,48.631415,0.357388,-0.610143,0.357388,0.610143,4.167
21,0.695833,-19.860001,-2.200000,0.783950,1.000000,0.000000,0.000000,0.000000,16.981250,2.200000,0.750000,0.000000,0.000000,0.000000,1.000000,2.772329,-7.355420,0.750000,0.233445,0.000000,0.000000,0.972370,-19.860068,0.020726,49.046748,0.355241,-0.611395,0.355241,0.611395,0.000
22,0.725000,-19.720001,-2.200000,0.783950,1.000000,0.000000,0.000000,0.000000,16.879167,2.200000,0.750000,0.000000,0.000000,0.000000,1.000000,2.663181,-7.299806,0.750000,0.233445,0.000000,0.000000,0.972370,-19.720068,0.020937,49.410165,0.353722,-0.612275,0.353722,0.612275,4.167
23,0.758333,-19.560001,-2.200000,0.783950,1.000000,0.000000,0.000000,0.000000,16.762501,2.200000,0.750000,0.000000,0.000000,0.000000,1.000000,2.538440,-7.236247,0.750000,0.233445,0.000000,0.000000,0.972370,-19.560068,0.021127,49.825498,0.352375,-0.613051,0.352375,0.613051,0.000
24,0.791667,-19.400001,-2.200000,0.783950,1.000000,0.000000,0.000000,0.000000,16.645834,2.200000,0.750000,0.000000,0.000000,0.000000,1.000000,2.413699,-7.172689,0.750000,0.233445,0.000000,0.000000,0.972370,-19.400068,0.021259,50.240831,0.351476,-0.613567,0.351476,0.613567,4.167
25,0.825000,-19.240001,-2.200000,0.783950,1.000000,0.000000,0.000000,0.000000,16.529167,2.200000,0.750000,0.000000,0.000000,0.000000,1.000000,2.288958,-7.109130,0.750000,0.233445,0.000000,0.000000,0.972370,-19.240068,0.021334,50.656165,0.351008,-0.613835,0.351008,0.613835,4.167
26,0.858333,-19.080001,-2.200000,0.783950,1.000000,0.000000,0.000000,0.000000,16.412501,2.200000,0.750000,0.000000,0.000000,0.000000,1.000000,2.164218,-7.045571,0.750000,0.233445,0.000000,0.000000,0.972370,-19.080068,0.021353,51.071498,0.350973,-0.613855,0.350973,0.613855,0.000
27,0.891667,-18.920001,-2.200000,0.783950,1.000000,0.000000,0.000000,0.000000,16.295834,2.200000,0.750000,0.000000,0.000000,0.000000,1.000000,2.039477,-6.982013,0.750000,0.233445,0.000000,0.000000,0.972370,-18.920068,0.021313,51.486831,0.351393,-0.613615,0.351393,0.613615,4.167
28,0.925000,-18.760001,-2.200000,0.783950,1.000000,0.000000,0.000000,0.000000,16.179167,2.200000,0.750000,0.000000,0.000000,0.000000,1.000000,1.914736,-6.918454,0.750000,0.233445,0.000000,0.000000,0.972370,-18.760068,0.021216,51.902164,0.352244,-0.613126,0.352244,0.613126,4.167
29,0.958333,-18.600001,-2.200000,0.783950,1.000000,0.000000,0.000000,0.000000,16.062501,2.200000,0.750000,0.000000,0.000000,0.000000,1.000000,1.789995,-6.854895,0.750000,0.233445,0.000000,0.000000,0.972370,-18.600068,0.021063,52.317498,0.353524,-0.612389,0.353524,0.612389,0.000
30,0.991667,-18.440001,-2.200000,0.783950,1.000000,0.000000,0.000000,0.000000,15.945834,2.200000,0.750000,0.000000,0.000000,0.000000,1.000000,1.665254,-6.791337,0.750000,0.233445,0.000000,0.000000,0.972370,-18.440068,0.020852,52.732831,0.355248,-0.611391,0.355248,0.611391,4.167
31,1.025000,-18.280001,-2.200000,0.783950,1.000000,0.000000,0.000000,0.000000,15.829167,2.200000,0.750000,0.000000,0.000000,0.000000,1.000000,1.540513,-6.727778,0.750000,0.233445,0.000000,0.000000,0.972370,-18.280069,0.020585,53.148164,0.357388,-0.610143,0.357388,0.610143,4.167
32,1.058333,-18.120001,-2.200000,0.783950,1.000000,0.000000,0.000000,0.000000,15.712501,2.200000,0.750000,0.000000,0.000000,0.000000,1.000000,1.415772,-6.664219,0.750000,0.233445,0.000000,0.000000,0.972370,-18.120069,0.020264,53.563498,0.359936,-0.608643,0.359936,0.608643,0.000
33,1.091666,-17.960001,-2.200000,0.783950,1.000000,0.000000,0.000000,0.000000,15.595834,2.200000,0.750000,0.000000,0.000000,0.000000,1.000000,1.291031,-6.600661,0.750000,0.233445,0.000000,0.000000,0.972370,-17.960070,0.019888,53.978831,0.362902,-0.606879,0.362902,0.606879,4.167
34,1.120833,-17.820001,-2.200000,0.783950,1.000000,0.000000,0.000000,0.000000,15.493751,2.200000,0.750000,0.000000,0.000000,0.000000,1.000000,1.181883,-6.545047,0.750000,0.233445,0.000000,0.000000,0.972370,-17.820070,0.019515,54.342247,0.365808,-0.605132,0.365808,0.605132,0.000
35,1.154166,-17.660001,-2.200000,0.783950,1.000000,0.000000,0.000000,0.000000,15.377084,2.200000,0.750000,0.000000,0.000000,0.000000,1.000000,1.057142,-6.481488,0.750000,0.233445,0.000000,0.000000,0.972370,-17.660071,0.019039,54.757581,0.369500,-0.602884,0.369500,0.602884,4.167
36,1.187500,-17.500001,-2.200000,0.783950,1.000000,0.000000,0.000000,0.000000,15.260417,2.200000,0.750000,0.000000,0.000000,0.000000,1.000000,0.932401,-6.417929,0.750000,0.233445,0.000000,0.000000,0.972370,-17.500072,0.018513,55.172914,0.373553,-0.600382,0.373553,0.600382,4.167
37,1.220833,-17.340001,-2.200000,0.783950,1.000000,0.000000,0.000000,0.000000,15.143751,2.200000,0.750000,0.000000,0.000000,0.000000,1.000000,0.807660,-6.354371,0.750000,0.233445,0.000000,0.000000,0.972370,-17.340073,0.017938,55.588247,0.377950,-0.597623,0.377950,0.597623,0.000
38,1.254166,-17.180001,-2.200000,0.783950,1.000000,0.000000,0.000000,0.000000,15.027084,2.200000,0.750000,0.000000,0.000000,0.000000,1.000000,0.682919,-6.290812,0.750000,0.233445,0.000000,0.000000,0.972370,-17.180075,0.017313,56.003581,0.382693,-0.594597,0.382693,0.594597,4.167
39,1.287500,-17.020001,-2.200000,0.783950,1.000000,0.000000,0.000000,0.000000,14.910417,2.200000,0.750000,0.000000,0.000000,0.000000,1.000000,0.558179,-6.227253,0.750000,0.233445,0.000000,0.000000,0.972370,-17.020076,0.016643,56.418914,0.387745,-0.591315,0.387745,0.591315,4.167
40,1.320833,-16.860001,-2.200000,0.783950,1.000000,0.000000,0.000000,0.000000,14.793751,2.200000,0.750000,0.000000,0.000000,0.000000,1.000000,0.433438,-6.163695,0.750000,0.233445,0.000000,0.000000,0.972370,-16.860078,0.015929,56.834247,0.393088,-0.587777,0.393088,0.587777,0.000
41,1.354166,-16.700001,-2.200000,0.783950,1.000000,0.000000,0.000000,0.000000,14.677084,2.200000,0.750000,0.000000,0.000000,0.000000,1.000000,0.308697,-6.100136,0.750000,0.233445,0.000000,0.000000,0.972370,-16.700080,0.015171,57.249580,0.398714,-0.583975,0.398714,0.583975,4.167
42,1.387500,-16.540001,-2.200000,0.783950,1.000000,0.000000,0.000000,0.000000,14.560418,2.200000,0.750000,0.000000,0.000000,0.000000,1.000000,0.183956,-6.036577,0.750000,0.233445,0.000000,0.000000,0.972370,-16.540083,0.014373,57.664914,0.404589,-0.579921,0.404589,0.579921,4.167
43,1.420833,-16.380001,-2.200000,0.783950,1.000000,0.000000,0.000000,0.000000,14.443751,2.200000,0.750000,0.000000,0.000000,0.000000,1.000000,0.059215,-5.973019,0.750000,0.233445,0.000000,0.000000,0.972370,-16.380085,0.013538,58.080247,0.410689,-0.575616,0.410689,0.575616,0.000
44,1.454166,-16.220001,-2.200000,0.783950,1.000000,0.000000,0.000000,0.000000,14.327084,2.200000,0.750000,0.000000,0.000000,0.000000,1.000000,-0.065526,-5.909460,0.750000,0.233445,0.000000,0.000000,0.972370,-16.220088,0.012665,58.495580,0.417005,-0.571058,0.417005,0.571058,4.167
45,1.487500,-16.060001,-2.200000,0.783950,1.000000,0.000000,0.000000,0.000000,14.210418,2.200000,0.750000,0.000000,0.000000,0.000000,1.000000,-0.190267,-5.845902,0.750000,0.233445,0.000000,0.000000,0.972370,-16.060091,0.011759,58.910913,0.423499,-0.566258,0.423499,0.566258,4.167
46,1.520833,-15.900001,-2.200000,0.783950,1.000000,0.000000,0.000000,0.000000,14.093751,2.200000,0.750000,0.000000,0.000000,0.000000,1.000000,-0.315008,-5.782343,0.750000,0.233445,0.000000,0.000000,0.972370,-15.900094,0.010823,59.326247,0.430149,-0.561224,0.430149,0.561224,0.000
47,1.550000,-15.760001,-2.200000,0.783950,1.000000,0.000000,0.000000,0.000000,13.991668,2.200000,0.750000,0.000000,0.000000,0.000000,1.000000,-0.424156,-5.726729,0.750000,0.233445,0.000000,0.000000,0.972370,-15.760097,0.009980,59.689663,0.436084,-0.556624,0.436084,0.556624,4.167
48,1.583333,-15.600001,-2.200000,0.783950,1.000000,0.000000,0.000000,0.000000,13.875001,2.200000,0.750000,0.000000,0.000000,0.000000,1.000000,-0.548897,-5.663170,0.750000,0.233445,0.000000,0.000000,0.972370,-15.600101,0.008992,60.104997,0.442965,-0.551164,0.442965,0.551164,0.000
49,1.616666,-15.440001,-2.200000,0.783950,1.000000,0.000000,0.000000,0.000000,13.758334,2.200000,0.750000,0.000000,0.000000,0.000000,1.000000,-0.673638,-5.599612,0.750000,0.233445,0.000000,0.000000,0.972370,-15.440105,0.007980,60.520330,0.449938,-0.545486,0.449938,0.545486,4.167
50,1.650000,-15.280001,-2.200000,0.783950,1.000000,0.000000,0.000000,0.000000,13.641668,2.200000,0.750000,0.000000,0.000000,0.000000,1.000000,-0.798379,-5.536053,0.750000,0.233445,0.000000,0.000000,0.972370,-15.280109,0.006948,60.935663,0.456972,-0.539608,0.456972,0.539608,4.167
51,1.683333,-15.120001,-2.200000,0.783950,1.000000,0.000000,0.000000,0.000000,13.525001,2.200000,0.750000,0.000000,0.000000,0.000000,1.000000,-0.923120,-5.472494,0.750000,0.233445,0.000000,0.000000,0.972370,-15.120113,0.005898,61.350996,0.464042,-0.533540,0.464042,0.533540,0.000
52,1.716666,-14.960001,-2.200000,0.783950,1.000000,0.000000,0.000000,0.000000,13.408334,2.200000,0.750000,0.000000,0.000000,0.000000,1.000000,-1.047860,-5.408936,0.750000,0.233445,0.000000,0.000000,0.972370,-14.960117,0.004832,61.766330,0.471128,-0.527293,0.471128,0.527293,4.167
53,1.750000,-14.800001,-2.200000,0.783950,1.000000,0.000000,0.000000,0.000000,13.291668,2.200000,0.750000,0.000000,0.000000,0.000000,1.000000,-1.172601,-5.345377,0.750000,0.233445,0.000000,0.000000,0.972370,-14.800121,0.003755,62.181663,0.478203,-0.520885,0.478203,0.520885,4.167
54,1.783333,-14.640001,-2.200000,0.783950,1.000000,0.000000,0.000000,0.000000,13.175001,2.200000,0.750000,0.000000,0.000000,0.000000,1.000000,-1.297342,-5.281818,0.750000,0.233445,0.000000,0.000000,0.972370,-14.640125,0.002668,62.596996,0.485245,-0.514332,0.485245,0.514332,0.000
55,1.816666,-14.480002,-2.200000,0.783950,1.000000,0.000000,0.000000,0.000000,13.058334,2.200000,0.750000,0.000000,0.000000,0.000000,1.000000,-1.422083,-5.218260,0.750000,0.233445,0.000000,0.000000,0.972370,-14.480130,0.001576,63.012329,0.492232,-0.507649,0.492232,0.507649,4.167
56,1.850000,-14.320002,-2.200000,0.783950,1.000000,0.000000,0.000000,0.000000,12.941668,2.200000,0.750000,0.000000,0.000000,0.000000,1.000000,-1.546824,-5.154701,0.750000,0.233445,0.000000,0.000000,0.972370,-14.320134,0.000480,63.427663,0.499142,-0.500856,0.499142,0.500856,4.167
57,1.883333,-14.160002,-2.200000,0.783950,1.000000,0.000000,0.000000,0.000000,12.825001,2.200000,0.750000,0.000000,0.000000,0.000000,1.000000,-1.671565,-5.091142,0.750000,0.233445,0.000000,0.000000,0.972370,-14.160140,-0.000822,63.842996,0.505956,-0.493972,0.505956,0.493972,0.000
58,1.916666,-14.000002,-2.200000,0.783950,1.000000,0.000000,0.000000,0.000000,12.708334,2.200000,0.750000,0.000000,0.000000,0.000000,1.000000,-1.796306,-5.027584,0.750000,0.233445,0.000000,0.000000,0.972370,-14.000145,-0.001915,64.258329,0.512652,-0.487019,0.512652,0.487019,4.167
59,1.945833,-13.860002,-2.200000,0.783950,1.000000,0.000000,0.000000,0.000000,12.606251,2.200000,0.750000,0.000000,0.000000,0.000000,1.000000,-1.905454,-4.971970,0.750000,0.233445,0.000000,0.000000,0.972370,-13.860149,-0.002867,64.621746,0.518402,-0.480894,0.518402,0.480894,0.000
60,1.979166,-13.700002,-2.200000,0.783950,1.000000,0.000000,0.000000,0.000000,12.489585,2.200000,0.750000,0.000000,0.000000,0.000000,1.000000,-2.030195,-4.908411,0.750000,0.233445,0.000000,0.000000,0.972370,-13.700153,-0.003947,65.037079,0.524830,-0.473870,0.524830,0.473870,4.167
61,2.012500,-13.540002,-2.200000,0.783950,1.000000,0.000000,0.000000,0.000000,12.372918,2.200000,0.750000,0.000000,0.000000,0.000000,1.000000,-2.154936,-4.844853,0.750000,0.233445,0.000000,0.000000,0.972370,-13.540157,-0.005016,65.452412,0.531094,-0.466840,0.531094,0.466840,4.167
62,2.045833,-13.380002,-2.200000,0.783950,1.000000,0.000000,0.000000,0.000000,12.256251,2.200000,0.750000,0.000000,0.000000,0.000000,1.000000,-2.279677,-4.781294,0.750000,0.233445,0.000000,0.000000,0.972370,-13.380160,-0.005871,65.867746,0.537174,-0.459831,0.537174,0.459831,0.000
63,2.079166,-13.220002,-2.200000,0.783950,1.000000,0.000000,0.000000,0.000000,12.139585,2.200000,0.750000,0.000000,0.000000,0.000000,1.000000,-2.404418,-4.717735,0.750000,0.233445,0.000000,0.000000,0.972370,-13.220164,-0.006908,66.283079,0.543061,-0.452863,0.543061,0.452863,4.167
64,2.112500,-13.060002,-2.200000,0.783950,1.000000,0.000000,0.000000,0.000000,12.022918,2.200000,0.750000,0.000000,0.000000,0.000000,1.000000,-2.529159,-4.654177,0.750000,0.233445,0.000000,0.000000,0.972370,-13.060168,-0.007925,66.698412,0.548744,-0.445960,0.548744,0.445960,4.167
65,2.145833,-12.900002,-2.200000,0.783950,1.000000,0.000000,0.000000,0.000000,11.906251,2.200000,0.750000,0.000000,0.000000,0.000000,1.000000,-2.653899,-4.590618,0.750000,0.233445,0.000000,0.000000,0.972370,-12.900172,-0.008919,67.113745,0.554212,-0.439146,0.554212,0.439146,0.000
66,2.179166,-12.740002,-2.200000,0.783950,1.000000,0.000000,0.000000,0.000000,11.789585,2.200000,0.750000,0.000000,0.000000,0.000000,1.000000,-2.778640,-4.527059,0.750000,0.233445,0.000000,0.000000,0.972370,-12.740175,-0.009887,67.529079,0.559449,-0.432454,0.559449,0.432454,4.167
67,2.212500,-12.580002,-2.200000,0.783950,1.000000,0.000000,0.000000,0.000000,11.672918,2.200000,0.750000,0.000000,0.000000,0.000000,1.000000,-2.903381,-4.463501,0.750000,0.233445,0.000000,0.000000,0.972370,-12.580178,-0.010828,67.944412,0.564455,-0.425900,0.564455,0.425900,4.167
68,2.245833,-12.420002,-2.200000,0.783950,1.000000,0.000000,0.000000,0.000000,11.556251,2.200000,0.750000,0.000000,0.000000,0.000000,1.000000,-3.028122,-4.399942,0.750000,0.233445,0.000000,0.000000,0.972370,-12.420181,-0.011738,68.359745,0.569221,-0.419508,0.569221,0.419508,0.000
69,2.279166,-12.260002,-2.200000,0.783950,1.000000,0.000000,0.000000,0.000000,11.439585,2.200000,0.750000,0.000000,0.000000,0.000000,1.000000,-3.152863,-4.336383,0.750000,0.233445,0.000000,0.000000,0.972370,-12.260184,-0.012614,68.775078,0.573735,-0.413314,0.573735,0.413314,4.167
70,2.312500,-12.100002,-2.200000,0.783950,1.000000,0.000000,0.000000,0.000000,11.322918,2.200000,0.750000,0.000000,0.000000,0.000000,1.000000,-3.277604,-4.272825,0.750000,0.233445,0.000000,0.000000,0.972370,-12.100187,-0.013454,69.190412,0.577999,-0.407329,0.577999,0.407329,4.167
71,2.345833,-11.940002,-2.200000,0.783950,1.000000,0.000000,0.000000,0.000000,11.206251,2.200000,0.750000,0.000000,0.000000,0.000000,1.000000,-3.402345,-4.209266,0.750000,0.233445,0.000000,0.000000,0.972370,-11.940188,-0.014103,69.605745,0.582001,-0.401590,0.582001,0.401590,0.000
72,2.375000,-11.800002,-2.200000,0.783950,1.000000,0.000000,0.000000,0.000000,11.104168,2.200000,0.750000,0.000000,0.000000,0.000000,1.000000,-3.511493,-4.153652,0.750000,0.233445,0.000000,0.000000,0.972370,-11.800190,-0.014772,69.969162,0.585293,-0.396777,0.585293,0.396777,4.167
73,2.408333,-11.640002,-2.200000,0.783950,1.000000,0.000000,0.000000,0.000000,10.987501,2.200000,0.750000,0.000000,0.000000,0.000000,1.000000,-3.636234,-4.090094,0.750000,0.233445,0.000000,0.000000,0.972370,-11.640192,-0.015498,70.384495,0.588819,-0.391526,0.588819,0.391526,0.000
74,2.441666,-11.480002,-2.200000,0.783950,1.000000,0.000000,0.000000,0.000000,10.870835,2.200000,0.750000,0.000000,0.000000,0.000000,1.000000,-3.760975,-4.026535,0.750000,0.233445,0.000000,0.000000,0.972370,-11.480194,-0.016179,70.799828,0.592075,-0.386584,0.592075,0.386584,4.167
75,2.475000,-11.320002,-2.200000,0.783950,1.000000,0.000000,0.000000,0.000000,10.754168,2.200000,0.750000,0.000000,0.000000,0.000000,1.000000,-3.885716,-3.962976,0.750000,0.233445,0.000000,0.000000,0.972370,-11.320196,-0.016815,71.215161,0.595072,-0.381954,0.595072,0.381954,4.167
76,2.508333,-11.160002,-2.200000,0.783950,1.000000,0.000000,0.000000,0.000000,10.637501,2.200000,0.750000,0.000000,0.000000,0.000000,1.000000,-4.010457,-3.899418,0.750000,0.233445,0.000000,0.000000,0.972370,-11.160197,-0.017404,71.630495,0.597810,-0.377655,0.597810,0.377655,0.000
77,2.541666,-11.000002,-2.200000,0.783950,1.000000,0.000000,0.000000,0.000000,10.520835,2.200000,0.750000,0.000000,0.000000,0.000000,1.000000,-4.135198,-3.835859,0.750000,0.233445,0.000000,0.000000,0.972370,-11.000198,-0.017942,72.045828,0.600278,-0.373719,0.600278,0.373719,4.167
78,2.575000,-10.840002,-2.200000,0.783950,1.000000,0.000000,0.000000,0.000000,10.404168,2.200000,0.750000,0.000000,0.000000,0.000000,1.000000,-4.259938,-3.772300,0.750000,0.233445,0.000000,0.000000,0.972370,-10.840199,-0.018430,72.461161,0.602488,-0.370147,0.602488,0.370147,4.167
79,2.608333,-10.680002,-2.200000,0.783950,1.000000,0.000000,0.000000,0.000000,10.287502,2.200000,0.750000,0.000000,0.000000,0.000000,1.000000,-4.384679,-3.708742,0.750000,0.233445,0.000000,0.000000,0.972370,-10.680200,-0.018867,72.876494,0.604440,-0.366950,0.604440,0.366950,0.000
80,2.641666,-10.520002,-2.200000,0.783950,1.000000,0.000000,0.000000,0.000000,10.170835,2.200000,0.750000,0.000000,0.000000,0.000000,1.000000,-4.509420,-3.645183,0.750000,0.233445,0.000000,0.000000,0.972370,-10.520200,-0.019249,73.291828,0.606124,-0.364162,0.606124,0.364162,4.167
81,2.675000,-10.360002,-2.200000,0.783950,1.000000,0.000000,0.000000,0.000000,10.054168,2.200000,0.750000,0.000000,0.000000,0.000000,1.000000,-4.634161,-3.581624,0.750000,0.233445,0.000000,0.000000,0.972370,-10.360201,-0.019577,73.707161,0.607552,-0.361774,0.607552,0.361774,4.167
82,2.708333,-10.200002,-2.200000,0.783950,1.000000,0.000000,0.000000,0.000000,9.937502,2.200000,0.750000,0.000000,0.000000,0.000000,1.000000,-4.758902,-3.518066,0.750000,0.233445,0.000000,0.000000,0.972370,-10.200201,-0.019852,74.122494,0.608726,-0.359795,0.608726,0.359795,0.000
83,2.741666,-10.040002,-2.200000,0.783950,1.000000,0.000000,0.000000,0.000000,9.820835,2.200000,0.750000,0.000000,0.000000,0.000000,1.000000,-4.883643,-3.454507,0.750000,0.233445,0.000000,0.000000,0.972370,-10.040201,-0.020068,74.537828,0.609635,-0.358253,0.609635,0.358253,4.167
84,2.770833,-9.900002,-2.200000,0.783950,1.000000,0.000000,0.000000,0.000000,9.718752,2.200000,0.750000,0.000000,0.000000,0.000000,1.000000,-4.992791,-3.398893,0.750000,0.233445,0.000000,0.000000,0.972370,-9.900201,-0.020213,74.901244,0.610227,-0.357244,0.610227,0.357244,0.000
85,2.804166,-9.740002,-2.200000,0.783950,1.000000,0.000000,0.000000,0.000000,9.602085,2.200000,0.750000,0.000000,0.000000,0.000000,1.000000,-5.117532,-3.335334,0.750000,0.233445,0.000000,0.000000,0.972370,-9.740201,-0.020323,75.316577,0.610654,-0.356513,0.610654,0.356513,4.167
86,2.837500,-9.580002,-2.200000,0.783950,1.000000,0.000000,0.000000,0.000000,9.485418,2.200000,0.750000,0.000000,0.000000,0.000000,1.000000,-5.242273,-3.271776,0.750000,0.233445,0.000000,0.000000,0.972370,-9.580201,-0.020377,75.731911,0.610830,-0.356211,0.610830,0.356211,4.167
87,2.870833,-9.420002,-2.200000,0.783950,1.000000,0.000000,0.000000,0.000000,9.368752,2.200000,0.750000,0.000000,0.000000,0.000000,1.000000,-5.367014,-3.208217,0.750000,0.233445,0.000000,0.000000,0.972370,-9.420201,-0.020374,76.147244,0.610754,-0.356342,0.610754,0.356342,0.000
88,2.904166,-9.260002,-2.200000,0.783950,1.000000,0.000000,0.000000,0.000000,9.252085,2.200000,0.750000,0.000000,0.000000,0.000000,1.000000,-5.491755,-3.144658,0.750000,0.233445,0.000000,0.000000,0.972370,-9.260201,-0.020312,76.562577,0.610415,-0.356923,0.610415,0.356923,4.167
89,2.937500,-9.100002,-2.200000,0.783950,1.000000,0.000000,0.000000,0.000000,9.135418,2.200000,0.750000,0.000000,0.000000,0.000000,1.000000,-5.616496,-3.081100,0.750000,0.233445,0.000000,0.000000,0.972370,-9.100201,-0.020194,76.977910,0.609823,-0.357933,0.609823,0.357933,4.167
90,2.970833,-8.940002,-2.200000,0.783950,1.000000,0.000000,0.000000,0.000000,9.018752,2.200000,0.750000,0.000000,0.000000,0.000000,1.000000,-5.741237,-3.017541,0.750000,0.233445,0.000000,0.000000,0.972370,-8.940202,-0.020020,77.393244,0.608979,-0.359368,0.608979,0.359368,0.000
91,3.004166,-8.780002,-2.200000,0.783950,1.000000,0.000000,0.000000,0.000000,8.902085,2.200000,0.750000,0.000000,0.000000,0.000000,1.000000,-5.865977,-2.953982,0.750000,0.233445,0.000000,0.000000,0.972370,-8.780202,-0.019788,77.808577,0.607869,-0.361241,0.607869,0.361241,4.167
92,3.037500,-8.620002,-2.200000,0.783950,1.000000,0.000000,0.000000,0.000000,8.785418,2.200000,0.750000,0.000000,0.000000,0.000000,1.000000,-5.990718,-2.890424,0.750000,0.233445,0.000000,0.000000,0.972370,-8.620202,-0.019500,78.223910,0.606505,-0.363526,0.606505,0.363526,4.167
93,3.070833,-8.460002,-2.200000,0.783950,1.000000,0.000000,0.000000,0.000000,8.668752,2.200000,0.750000,0.000000,0.000000,0.000000,1.000000,-6.115459,-2.826865,0.750000,0.233445,0.000000,0.000000,0.972370,-8.460203,-0.019159,78.639244,0.604886,-0.366214,0.604886,0.366214,0.000
94,3.104166,-8.300003,-2.200000,0.783950,1.000000,0.000000,0.000000,0.000000,8.552085,2.200000,0.750000,0.000000,0.000000,0.000000,1.000000,-6.240200,-2.763307,0.750000,0.233445,0.000000,0.000000,0.972370,-8.300203,-0.018762,79.054577,0.602999,-0.369313,0.602999,0.369313,4.167
95,3.137499,-8.140003,-2.200000,0.783950,1.000000,0.000000,0.000000,0.000000,8.435419,2.200000,0.750000,0.000000,0.000000,0.000000,1.000000,-6.364941,-2.699748,0.750000,0.233445,0.000000,0.000000,0.972370,-8.140204,-0.018313,79.469910,0.600855,-0.372791,0.600855,0.372791,4.167
96,3.170833,-7.980003,-2.200000,0.783950,1.000000,0.000000,0.000000,0.000000,8.318752,2.200000,0.750000,0.000000,0.000000,0.000000,1.000000,-6.489682,-2.636189,0.750000,0.233445,0.000000,0.000000,0.972370,-7.980205,-0.017812,79.885243,0.598453,-0.376635,0.598453,0.376635,0.000
97,3.199999,-7.840003,-2.200000,0.783950,1.000000,0.000000,0.000000,0.000000,8.216669,2.200000,0.750000,0.000000,0.000000,0.000000,1.000000,-6.598830,-2.580575,0.750000,0.233445,0.000000,0.000000,0.972370,-7.840206,-0.017332,80.248660,0.596128,-0.380304,0.596128,0.380304,4.167
98,3.233333,-7.680003,-2.200000,0.783950,1.000000,0.000000,0.000000,0.000000,8.100002,2.200000,0.750000,0.000000,0.000000,0.000000,1.000000,-6.723571,-2.517017,0.750000,0.233445,0.000000,0.000000,0.972370,-7.680207,-0.016739,80.663993,0.593233,-0.384804,0.593233,0.384804,0.000
99,3.266666,-7.520003,-2.200000,0.783950,1.000000,0.000000,0.000000,0.000000,7.983335,2.200000,0.750000,0.000000,0.000000,0.000000,1.000000,-6.848312,-2.453458,0.750000,0.233445,0.000000,0.000000,0.972370,-7.520209,-0.016096,81.079326,0.590068,-0.389640,0.590068,0.389640,4.167
100,3.299999,-7.360003,-2.200000,0.783950,1.000000,0.000000,0.000000,0.000000,7.866669,2.200000,0.750000,0.000000,0.000000,0.000000,1.000000,-6.973053,-2.389899,0.750000,0.233445,0.000000,0.000000,0.972370,-7.360210,-0.015409,81.494660,0.586645,-0.394776,0.586645,0.394776,4.167
101,3.333333,-7.200003,-2.200000,0.783950,1.000000,0.000000,0.000000,0.000000,7.750002,2.200000,0.750000,0.000000,0.000000,0.000000,1.000000,-7.097794,-2.326341,0.750000,0.233445,0.000000,0.000000,0.972370,-7.200212,-0.014811,81.909993,0.582953,-0.400207,0.582953,0.400207,0.000
102,3.366666,-7.040003,-2.200000,0.783950,1.000000,0.000000,0.000000,0.000000,7.633335,2.200000,0.750000,0.000000,0.000000,0.000000,1.000000,-7.222535,-2.262782,0.750000,0.233445,0.000000,0.000000,0.972370,-7.040214,-0.014038,82.325326,0.579006,-0.405897,0.579006,0.405897,4.167
103,3.399999,-6.880003,-2.200000,0.783950,1.000000,0.000000,0.000000,0.000000,7.516669,2.200000,0.750000,0.000000,0.000000,0.000000,1.000000,-7.347276,-2.199223,0.750000,0.233445,0.000000,0.000000,0.972370,-6.880217,-0.013226,82.740660,0.574805,-0.411824,0.574805,0.411824,4.167
104,3.433333,-6.720003,-2.200000,0.783950,1.000000,0.000000,0.000000,0.000000,7.400002,2.200000,0.750000,0.000000,0.000000,0.000000,1.000000,-7.472016,-2.135665,0.750000,0.233445,0.000000,0.000000,0.972370,-6.720219,-0.012376,83.155993,0.570354,-0.417967,0.570354,0.417967,0.000
105,3.466666,-6.560003,-2.200000,0.783950,1.000000,0.000000,0.000000,0.000000,7.283335,2.200000,0.750000,0.000000,0.000000,0.000000,1.000000,-7.596757,-2.072106,0.750000,0.233445,0.000000,0.000000,0.972370,-6.560222,-0.011491,83.571326,0.565648,-0.424314,0.565648,0.424314,4.167
106,3.499999,-6.400003,-2.200000,0.783950,1.000000,0.000000,0.000000,0.000000,7.166669,2.200000,0.750000,0.000000,0.000000,0.000000,1.000000,-7.721498,-2.008547,0.750000,0.233445,0.000000,0.000000,0.972370,-6.400225,-0.010573,83.986659,0.560702,-0.430828,0.560702,0.430828,4.167
107,3.533333,-6.240003,-2.200000,0.783950,1.000000,0.000000,0.000000,0.000000,7.050002,2.200000,0.750000,0.000000,0.000000,0.000000,1.000000,-7.846239,-1.944989,0.750000,0.233445,0.000000,0.000000,0.972370,-6.240228,-0.009626,84.401993,0.555523,-0.437487,0.555523,0.437487,0.000
108,3.566666,-6.080003,-2.200000,0.783950,1.000000,0.000000,0.000000,0.000000,6.933335,2.200000,0.750000,0.000000,0.000000,0.000000,1.000000,-7.970980,-1.881430,0.750000,0.233445,0.000000,0.000000,0.972370,-6.080232,-0.008650,84.817326,0.550110,-0.444274,0.550110,0.444274,4.167
109,3.595833,-5.940003,-2.200000,0.783950,1.000000,0.000000,0.000000,0.000000,6.831252,2.200000,0.750000,0.000000,0.000000,0.000000,1.000000,-8.080128,-1.825816,0.750000,0.233445,0.000000,0.000000,0.972370,-5.940235,-0.007777,85.180742,0.545197,-0.450289,0.545197,0.450289,0.000
110,3.629166,-5.780003,-2.200000,0.783950,1.000000,0.000000,0.000000,0.000000,6.714585,2.200000,0.750000,0.000000,0.000000,0.000000,1.000000,-8.204869,-1.762258,0.750000,0.233445,0.000000,0.000000,0.972370,-5.780239,-0.006757,85.596076,0.539382,-0.457238,0.539382,0.457238,4.167
111,3.662499,-5.620003,-2.200000,0.783950,1.000000,0.000000,0.000000,0.000000,6.597919,2.200000,0.750000,0.000000,0.000000,0.000000,1.000000,-8.329610,-1.698699,0.750000,0.233445,0.000000,0.000000,0.972370,-5.620243,-0.005718,86.011409,0.533370,-0.464237,0.533370,0.464237,4.167
112,3.695833,-5.460003,-2.200000,0.783950,1.000000,0.000000,0.000000,0.000000,6.481252,2.200000,0.750000,0.000000,0.000000,0.000000,1.000000,-8.454351,-1.635140,0.750000,0.233445,0.000000,0.000000,0.972370,-5.460247,-0.004662,86.426742,0.527174,-0.471262,0.527174,0.471262,0.000
113,3.729166,-5.300003,-2.200000,0.783950,1.000000,0.000000,0.000000,0.000000,6.364586,2.200000,0.750000,0.000000,0.000000,0.000000,1.000000,-8.579092,-1.571582,0.750000,0.233445,0.000000,0.000000,0.972370,-5.300251,-0.003591,86.842076,0.520803,-0.478293,0.520803,0.478293,4.167
114,3.762499,-5.140003,-2.200000,0.783950,1.000000,0.000000,0.000000,0.000000,6.247919,2.200000,0.750000,0.000000,0.000000,0.000000,1.000000,-8.703833,-1.508023,0.750000,0.233445,0.000000,0.000000,0.972370,-5.140256,-0.002510,87.257409,0.514278,-0.485302,0.514278,0.485302,4.167
115,3.795833,-4.980003,-2.200000,0.783950,1.000000,0.000000,0.000000,0.000000,6.131252,2.200000,0.750000,0.000000,0.000000,0.000000,1.000000,-8.828574,-1.444464,0.750000,0.233445,0.000000,0.000000,0.972370,-4.980260,-0.001421,87.672742,0.507614,-0.492268,0.507614,0.492268,0.000
116,3.829166,-4.820003,-2.200000,0.783950,1.000000,0.000000,0.000000,0.000000,6.014586,2.200000,0.750000,0.000000,0.000000,0.000000,1.000000,-8.953315,-1.380906,0.750000,0.233445,0.000000,0.000000,0.972370,-4.820264,-0.000327,88.088075,0.500827,-0.499171,0.500827,0.499171,4.167
117,3.862499,-4.660003,-2.200000,0.783950,1.000000,0.000000,0.000000,0.000000,5.897919,2.200000,0.750000,0.000000,0.000000,0.000000,1.000000,-9.078055,-1.317347,0.750000,0.233445,0.000000,0.000000,0.972370,-4.660269,0.000770,88.503409,0.493939,-0.505988,0.493939,0.505988,4.167
118,3.895833,-4.500003,-2.200000,0.783950,1.000000,0.000000,0.000000,0.000000,5.781252,2.200000,0.750000,0.000000,0.000000,0.000000,1.000000,-9.202796,-1.253788,0.750000,0.233445,0.000000,0.000000,0.972370,-4.500273,0.001865,88.918742,0.486969,-0.512700,0.486969,0.512700,0.000
119,3.929166,-4.340003,-2.200000,0.783950,1.000000,0.000000,0.000000,0.000000,5.664586,2.200000,0.750000,0.000000,0.000000,0.000000,1.000000,-9.327537,-1.190230,0.750000,0.233445,0.000000,0.000000,0.972370,-4.340277,0.002957,89.334075,0.479939,-0.519287,0.479939,0.519287,4.167
120,3.962499,-4.180003,-2.200000,0.783950,1.000000,0.000000,0.000000,0.000000,5.547919,2.200000,0.750000,0.000000,0.000000,0.000000,1.000000,-9.452278,-1.126671,0.750000,0.233445,0.000000,0.000000,0.972370,-4.180282,0.004041,89.749408,0.472869,-0.525732,0.472869,0.525732,4.167
121,3.995833,-4.020003,-2.200000,0.783950,1.000000,0.000000,0.000000,0.000000,5.431252,2.200000,0.750000,0.000000,0.000000,0.000000,1.000000,-9.577019,-1.063112,0.750000,0.233445,0.000000,0.000000,0.972370,-4.020286,0.005116,90.164742,0.465783,-0.532021,0.465783,0.532021,0.000
122,4.024999,-3.880003,-2.200000,0.783950,1.000000,0.000000,0.000000,0.000000,5.329169,2.200000,0.750000,0.000000,0.000000,0.000000,1.000000,-9.686167,-1.007499,0.750000,0.233445,0.000000,0.000000,0.972370,-3.880290,0.006045,90.528158,0.459590,-0.537380,0.459590,0.537380,4.167
123,4.058333,-3.720003,-2.200000,0.783950,1.000000,0.000000,0.000000,0.000000,5.212502,2.200000,0.750000,0.000000,0.000000,0.000000,1.000000,-9.810908,-0.943940,0.750000,0.233445,0.000000,0.000000,0.972370,-3.720293,0.006896,90.943492,0.452543,-0.543328,0.452543,0.543328,0.000
124,4.091666,-3.560003,-2.200000,0.783950,1.000000,0.000000,0.000000,0.000000,5.095836,2.200000,0.750000,0.000000,0.000000,0.000000,1.000000,-9.935649,-0.880381,0.750000,0.233445,0.000000,0.000000,0.972370,-3.560297,0.007925,91.358825,0.445547,-0.549079,0.445547,0.549079,4.167
125,4.124999,-3.400003,-2.200000,0.783950,1.000000,0.000000,0.000000,0.000000,4.979169,2.200000,0.750000,0.000000,0.000000,0.000000,1.000000,-10.060390,-0.816823,0.750000,0.233445,0.000000,0.000000,0.972370,-3.400300,0.008934,91.774158,0.438628,-0.554622,0.438628,0.554622,4.167
126,4.158333,-3.240003,-2.200000,0.783950,1.000000,0.000000,0.000000,0.000000,4.862502,2.200000,0.750000,0.000000,0.000000,0.000000,1.000000,-10.185131,-0.753264,0.750000,0.233445,0.000000,0.000000,0.972370,-3.240304,0.009919,92.189491,0.431808,-0.559948,0.431808,0.559948,0.000
127,4.191666,-3.080003,-2.200000,0.783950,1.000000,0.000000,0.000000,0.000000,4.745836,2.200000,0.750000,0.000000,0.000000,0.000000,1.000000,-10.309872,-0.689705,0.750000,0.233445,0.000000,0.000000,0.972370,-3.080307,0.010877,92.604825,0.425122,-0.565041,0.425122,0.565041,4.167
128,4.224999,-2.920003,-2.200000,0.783950,1.000000,0.000000,0.000000,0.000000,4.629169,2.200000,0.750000,0.000000,0.000000,0.000000,1.000000,-10.434613,-0.626147,0.750000,0.233445,0.000000,0.000000,0.972370,-2.920310,0.011806,93.020158,0.418586,-0.569900,0.418586,0.569900,4.167
129,4.258333,-2.760003,-2.200000,0.783950,1.000000,0.000000,0.000000,0.000000,4.512502,2.200000,0.750000,0.000000,0.000000,0.000000,1.000000,-10.559354,-0.562588,0.750000,0.233445,0.000000,0.000000,0.972370,-2.760313,0.012704,93.435491,0.412222,-0.574520,0.412222,0.574520,0.000
130,4.291666,-2.600003,-2.200000,0.783950,1.000000,0.000000,0.000000,0.000000,4.395836,2.200000,0.750000,0.000000,0.000000,0.000000,1.000000,-10.684094,-0.499029,0.750000,0.233445,0.000000,0.000000,0.972370,-2.600316,0.013567,93.850824,0.406067,-0.578886,0.406067,0.578886,4.167
131,4.324999,-2.440003,-2.200000,0.783950,1.000000,0.000000,0.000000,0.000000,4.279169,2.200000,0.750000,0.000000,0.000000,0.000000,1.000000,-10.808835,-0.435471,0.750000,0.233445,0.000000,0.000000,0.972370,-2.440319,0.014394,94.266158,0.400133,-0.583004,0.400133,0.583004,4.167
132,4.358333,-2.280003,-2.200000,0.783950,1.000000,0.000000,0.000000,0.000000,4.162503,2.200000,0.750000,0.000000,0.000000,0.000000,1.000000,-10.933576,-0.371912,0.750000,0.233445,0.000000,0.000000,0.972370,-2.280321,0.015182,94.681491,0.394441,-0.586870,0.394441,0.586870,0.000
133,4.391666,-2.120004,-2.200000,0.783950,1.000000,0.000000,0.000000,0.000000,4.045836,2.200000,0.750000,0.000000,0.000000,0.000000,1.000000,-11.058317,-0.308353,0.750000,0.233445,0.000000,0.000000,0.972370,-2.120323,0.015928,95.096824,0.389028,-0.590472,0.389028,0.590472,4.167
134,4.420833,-1.980004,-2.200000,0.783950,1.000000,0.000000,0.000000,0.000000,3.943753,2.200000,0.750000,0.000000,0.000000,0.000000,1.000000,-11.167465,-0.252739,0.750000,0.233445,0.000000,0.000000,0.972370,-1.980325,0.016547,95.460241,0.384519,-0.593418,0.384519,0.593418,0.000
135,4.454166,-1.820004,-2.200000,0.783950,1.000000,0.000000,0.000000,0.000000,3.827086,2.200000,0.750000,0.000000,0.000000,0.000000,1.000000,-11.292206,-0.189181,0.750000,0.233445,0.000000,0.000000,0.972370,-1.820326,0.017211,95.875574,0.379667,-0.596534,0.379667,0.596534,4.167
136,4.487499,-1.660004,-2.200000,0.783950,1.000000,0.000000,0.000000,0.000000,3.710419,2.200000,0.750000,0.000000,0.000000,0.000000,1.000000,-11.416947,-0.125622,0.750000,0.233445,0.000000,0.000000,0.972370,-1.660328,0.017829,96.290907,0.375136,-0.599394,0.375136,0.599394,4.167
137,4.520833,-1.500004,-2.200000,0.783950,1.000000,0.000000,0.000000,0.000000,3.593753,2.200000,0.750000,0.000000,0.000000,0.000000,1.000000,-11.541688,-0.062063,0.750000,0.233445,0.000000,0.000000,0.972370,-1.500329,0.018400,96.706241,0.370944,-0.601997,0.370944,0.601997,0.000
138,4.554166,-1.340004,-2.200000,0.783950,1.000000,0.000000,0.000000,0.000000,3.477086,2.200000,0.750000,0.000000,0.000000,0.000000,1.000000,-11.666429,0.001495,0.750000,0.233445,0.000000,0.000000,0.972370,-1.340330,0.018919,97.121574,0.367125,-0.604334,0.367125,0.604334,4.167
139,4.587499,-1.180004,-2.200000,0.783950,1.000000,0.000000,0.000000,0.000000,3.360419,2.200000,0.750000,0.000000,0.000000,0.000000,1.000000,-11.791170,0.065054,0.750000,0.233445,0.000000,0.000000,0.972370,-1.180331,0.019388,97.536907,0.363676,-0.606416,0.363676,0.606416,4.167
140,4.620833,-1.020004,-2.200000,0.783950,1.000000,0.000000,0.000000,0.000000,3.243753,2.200000,0.750000,0.000000,0.000000,0.000000,1.000000,-11.915911,0.128613,0.750000,0.233445,0.000000,0.000000,0.972370,-1.020331,0.019805,97.952240,0.360610,-0.608243,0.360610,0.608243,0.000
141,4.654166,-0.860004,-2.200000,0.783950,1.000000,0.000000,0.000000,0.000000,3.127086,2.200000,0.750000,0.000000,0.000000,0.000000,1.000000,-12.040652,0.192171,0.750000,0.233445,0.000000,0.000000,0.972370,-0.860332,0.020167,98.367574,0.357960,-0.609807,0.357960,0.609807,4.167
142,4.687499,-0.700004,-2.200000,0.783950,1.000000,0.000000,0.000000,0.000000,3.010419,2.200000,0.750000,0.000000,0.000000,0.000000,1.000000,-12.165393,0.255730,0.750000,0.233445,0.000000,0.000000,0.972370,-0.700332,0.020475,98.782907,0.355715,-0.611119,0.355715,0.611119,4.167
143,4.720833,-0.540004,-2.200000,0.783950,1.000000,0.000000,0.000000,0.000000,2.893753,2.200000,0.750000,0.000000,0.000000,0.000000,1.000000,-12.290133,0.319288,0.750000,0.233445,0.000000,0.000000,0.972370,-0.540333,0.020728,99.198240,0.353885,-0.612181,0.353885,0.612181,0.000
144,4.754166,-0.380004,-2.200000,0.783950,1.000000,0.000000,0.000000,0.000000,2.777086,2.200000,0.750000,0.000000,0.000000,0.000000,1.000000,-12.414874,0.382847,0.750000,0.233445,0.000000,0.000000,0.972370,-0.380333,0.020882,99.613574,0.352517,-0.612969,0.352517,0.612969,4.167
145,4.787499,-0.220004,-2.200000,0.783950,1.000000,0.000000,0.000000,0.000000,2.660419,2.200000,0.750000,0.000000,0.000000,0.000000,1.000000,-12.539615,0.446406,0.750000,0.233445,0.000000,0.000000,0.972370,-0.220333,0.021021,100.028907,0.351557,-0.613521,0.351557,0.613521,4.167
146,4.820833,-0.060004,-2.200000,0.783950,1.000000,0.000000,0.000000,0.000000,2.543753,2.200000,0.750000,0.000000,0.000000,0.000000,1.000000,-12.664356,0.509964,0.750000,0.233445,0.000000,0.000000,0.972370,-0.060333,0.021105,100.444240,0.351027,-0.613824,0.351027,0.613824,0.000
147,4.849999,0.079996,-2.200000,0.783950,1.000000,0.000000,0.000000,0.000000,2.441669,2.200000,0.750000,0.000000,0.000000,0.000000,1.000000,-12.773504,0.565578,0.750000,0.233445,0.000000,0.000000,0.972370,0.079667,0.021129,100.807657,0.350938,-0.613875,0.350938,0.613875,4.167
148,4.883333,0.239996,-2.200000,0.783950,1.000000,0.000000,0.000000,0.000000,2.325003,2.200000,0.750000,0.000000,0.000000,0.000000,1.000000,-12.898245,0.629137,0.750000,0.233445,0.000000,0.000000,0.972370,0.239667,0.021105,101.222990,0.351234,-0.613706,0.351234,0.613706,0.000
149,4.916666,0.399996,-2.200000,0.783950,1.000000,0.000000,0.000000,0.000000,2.208336,2.200000,0.750000,0.000000,0.000000,0.000000,1.000000,-13.022986,0.692696,0.750000,0.233445,0.000000,0.000000,0.972370,0.399667,0.021021,101.638323,0.351982,-0.613277,0.351982,0.613277,4.167
150,4.949999,0.559996,-2.200000,0.783950,1.000000,0.000000,0.000000,0.000000,2.091670,2.200000,0.750000,0.000000,0.000000,0.000000,1.000000,-13.147727,0.756254,0.750000,0.233445,0.000000,0.000000,0.972370,0.559667,0.020882,102.053656,0.353161,-0.612599,0.353161,0.612599,4.167
151,4.983333,0.719996,-2.200000,0.783950,1.000000,0.000000,0.000000,0.000000,1.975003,2.200000,0.750000,0.000000,0.000000,0.000000,1.000000,-13.272468,0.819813,0.750000,0.233445,0.000000,0.000000,0.972370,0.719667,0.020687,102.468990,0.354764,-0.611672,0.354764,0.611672,0.000
152,5.016666,0.879996,-2.200000,0.783950,1.000000,0.000000,0.000000,0.000000,1.858336,2.200000,0.750000,0.000000,0.000000,0.000000,1.000000,-13.397209,0.883372,0.750000,0.233445,0.000000,0.000000,0.972370,0.879667,0.020433,102.884323,0.356805,-0.610483,0.356805,0.610483,4.167
153,5.049999,1.039996,-2.200000,0.783950,1.000000,0.000000,0.000000,0.000000,1.741670,2.200000,0.750000,0.000000,0.000000,0.000000,1.000000,-13.521950,0.946930,0.750000,0.233445,0.000000,0.000000,0.972370,1.039666,0.020125,103.299656,0.359257,-0.609044,0.359257,0.609044,4.167
154,5.083333,1.199996,-2.200000,0.783950,1.000000,0.000000,0.000000,0.000000,1.625003,2.200000,0.750000,0.000000,0.000000,0.000000,1.000000,-13.646691,1.010489,0.750000,0.233445,0.000000,0.000000,0.972370,1.199666,0.019826,103.714990,0.362130,-0.607340,0.362130,0.607340,0.000
155,5.116666,1.359996,-2.200000,0.783950,1.000000,0.000000,0.000000,0.000000,1.508336,2.200000,0.750000,0.000000,0.000000,0.000000,1.000000,-13.771432,1.074048,0.750000,0.233445,0.000000,0.000000,0.972370,1.359665,0.019409,104.130323,0.365392,-0.605383,0.365392,0.605383,4.167
156,5.149999,1.519996,-2.200000,0.783950,1.000000,0.000000,0.000000,0.000000,1.391670,2.200000,0.750000,0.000000,0.000000,0.000000,1.000000,-13.896173,1.137606,0.750000,0.233445,0.000000,0.000000,0.972370,1.519664,0.018940,104.545656,0.369030,-0.603172,0.369030,0.603172,4.167
157,5.183333,1.679996,-2.200000,0.783950,1.000000,0.000000,0.000000,0.000000,1.275003,2.200000,0.750000,0.000000,0.000000,0.000000,1.000000,-14.020913,1.201165,0.750000,0.233445,0.000000,0.000000,0.972370,1.679663,0.018421,104.960989,0.373032,-0.600706,0.373032,0.600706,0.000
158,5.216666,1.839996,-2.200000,0.783950,1.000000,0.000000,0.000000,0.000000,1.158336,2.200000,0.750000,0.000000,0.000000,0.000000,1.000000,-14.145654,1.264724,0.750000,0.233445,0.000000,0.000000,0.972370,1.839662,0.017850,105.376323,0.377398,-0.597972,0.377398,0.597972,4.167
159,5.245832,1.979996,-2.200000,0.783950,1.000000,0.000000,0.000000,0.000000,1.056253,2.200000,0.750000,0.000000,0.000000,0.000000,1.000000,-14.254803,1.320337,0.750000,0.233445,0.000000,0.000000,0.972370,1.979661,0.017313,105.739739,0.381484,-0.595374,0.381484,0.595374,0.000
160,5.279166,2.139996,-2.200000,0.783950,1.000000,0.000000,0.000000,0.000000,0.939586,2.200000,0.750000,0.000000,0.000000,0.000000,1.000000,-14.379543,1.383896,0.750000,0.233445,0.000000,0.000000,0.972370,2.139659,0.016653,106.155072,0.386464,-0.592153,0.386464,0.592153,4.167
161,5.312499,2.299996,-2.200000,0.783950,1.000000,0.000000,0.000000,0.000000,0.822920,2.200000,0.750000,0.000000,0.000000,0.000000,1.000000,-14.504284,1.447455,0.750000,0.233445,0.000000,0.000000,0.972370,2.299657,0.015949,106.570406,0.391740,-0.588676,0.391740,0.588676,4.167
162,5.345832,2.459996,-2.200000,0.783950,1.000000,0.000000,0.000000,0.000000,0.706253,2.200000,0.750000,0.000000,0.000000,0.000000,1.000000,-14.629025,1.511013,0.750000,0.233445,0.000000,0.000000,0.972370,2.459655,0.015203,106.985739,0.397290,-0.584945,0.397290,0.584945,0.000
163,5.379166,2.619996,-2.200000,0.783950,1.000000,0.000000,0.000000,0.000000,0.589586,2.200000,0.750000,0.000000,0.000000,0.000000,1.000000,-14.753766,1.574572,0.750000,0.233445,0.000000,0.000000,0.972370,2.619653,0.014414,107.401072,0.403108,-0.580951,0.403108,0.580951,4.167
164,5.412499,2.779996,-2.200000,0.783950,1.000000,0.000000,0.000000,0.000000,0.472920,2.200000,0.750000,0.000000,0.000000,0.000000,1.000000,-14.878507,1.638131,0.750000,0.233445,0.000000,0.000000,0.972370,2.779651,0.013588,107.816406,0.409157,-0.576706,0.409157,0.576706,4.167
165,5.445832,2.939996,-2.200000,0.783950,1.000000,0.000000,0.000000,0.000000,0.356253,2.200000,0.750000,0.000000,0.000000,0.000000,1.000000,-15.003248,1.701689,0.750000,0.233445,0.000000,0.000000,0.972370,2.939648,0.012725,108.231739,0.415415,-0.572215,0.415415,0.572215,0.000
166,5.479166,3.099996,-2.200000,0.783950,1.000000,0.000000,0.000000,0.000000,0.239586,2.200000,0.750000,0.000000,0.000000,0.000000,1.000000,-15.127989,1.765248,0.750000,0.233445,0.000000,0.000000,0.972370,3.099645,0.011827,108.647072,0.421870,-0.567473,0.421870,0.567473,4.167
167,5.512499,3.259996,-2.200000,0.783950,1.000000,0.000000,0.000000,0.000000,0.122920,2.200000,0.750000,0.000000,0.000000,0.000000,1.000000,-15.252730,1.828807,0.750000,0.233445,0.000000,0.000000,0.972370,3.259642,0.010898,109.062405,0.428485,-0.562495,0.428485,0.562495,4.167
168,5.545832,3.419996,-2.200000,0.783950,1.000000,0.000000,0.000000,0.000000,0.006253,2.200000,0.750000,0.000000,0.000000,0.000000,1.000000,-15.377471,1.892365,0.750000,0.233445,0.000000,0.000000,0.972370,3.419638,0.009940,109.477739,0.435238,-0.557286,0.435238,0.557286,0.000
169,5.579166,3.579996,-2.200000,0.783950,1.000000,0.000000,0.000000,0.000000,-0.110413,2.200000,0.750000,0.000000,0.000000,0.000000,1.000000,-15.502212,1.955924,0.750000,0.233445,0.000000,0.000000,0.972370,3.579635,0.008955,109.893072,0.442112,-0.551849,0.442112,0.551849,4.167
170,5.612499,3.739996,-2.200000,0.783950,1.000000,0.000000,0.000000,0.000000,-0.227080,2.200000,0.750000,0.000000,0.000000,0.000000,1.000000,-15.626952,2.019483,0.750000,0.233445,0.000000,0.000000,0.972370,3.739631,0.007946,110.308405,0.449073,-0.546199,0.449073,0.546199,4.167
171,5.645832,3.899996,-2.200000,0.783950,1.000000,0.000000,0.000000,0.000000,-0.343747,2.200000,0.750000,0.000000,0.000000,0.000000,1.000000,-15.751693,2.083041,0.750000,0.233445,0.000000,0.000000,0.972370,3.899627,0.006916,110.723738,0.456098,-0.540347,0.456098,0.540347,0.000
172,5.674999,4.039996,-2.200000,0.783950,1.000000,0.000000,0.000000,0.000000,-0.445830,2.200000,0.750000,0.000000,0.000000,0.000000,1.000000,-15.860842,2.138655,0.750000,0.233445,0.000000,0.000000,0.972370,4.039624,0.006000,111.087155,0.462283,-0.535065,0.462283,0.535065,4.167
173,5.708332,4.199995,-2.200000,0.783950,1.000000,0.000000,0.000000,0.000000,-0.562497,2.200000,0.750000,0.000000,0.000000,0.000000,1.000000,-15.985582,2.202214,0.750000,0.233445,0.000000,0.000000,0.972370,4.199619,0.004938,111.502488,0.469365,-0.528863,0.469365,0.528863,0.000
174,5.741666,4.359995,-2.200000,0.783950,1.000000,0.000000,0.000000,0.000000,-0.679163,2.200000,0.750000,0.000000,0.000000,0.000000,1.000000,-16.110323,2.265772,0.750000,0.233445,0.000000,0.000000,0.972370,4.359615,0.003864,111.917822,0.476446,-0.522493,0.476446,0.522493,4.167
175,5.774999,4.519995,-2.200000,0.783950,1.000000,0.000000,0.000000,0.000000,-0.795830,2.200000,0.750000,0.000000,0.000000,0.000000,1.000000,-16.235064,2.329331,0.750000,0.233445,0.000000,0.000000,0.972370,4.519611,0.002779,112.333155,0.483499,-0.515974,0.483499,0.515974,4.167
176,5.808332,4.679995,-2.200000,0.783950,1.000000,0.000000,0.000000,0.000000,-0.912497,2.200000,0.750000,0.000000,0.000000,0.000000,1.000000,-16.359805,2.392890,0.750000,0.233445,0.000000,0.000000,0.972370,4.679607,0.001688,112.748488,0.490501,-0.509322,0.490501,0.509322,0.000
177,5.841666,4.839995,-2.200000,0.783950,1.000000,0.000000,0.000000,0.000000,-1.029163,2.200000,0.750000,0.000000,0.000000,0.000000,1.000000,-16.484546,2.456448,0.750000,0.233445,0.000000,0.000000,0.972370,4.839602,0.000592,113.163821,0.497432,-0.502555,0.497432,0.502555,4.167
178,5.874999,4.999995,-2.200000,0.783950,1.000000,0.000000,0.000000,0.000000,-1.145830,2.200000,0.750000,0.000000,0.000000,0.000000,1.000000,-16.609287,2.520007,0.750000,0.233445,0.000000,0.000000,0.972370,4.999598,-0.000504,113.579155,0.504271,-0.495692,0.504271,0.495692,4.167
179,5.908332,5.159995,-2.200000,0.783950,1.000000,0.000000,0.000000,0.000000,-1.262497,2.200000,0.750000,0.000000,0.000000,0.000000,1.000000,-16.734028,2.583566,0.750000,0.233445,0.000000,0.000000,0.972370,5.159593,-0.001598,113.994488,0.510999,-0.488754,0.510999,0.488754,0.000
180,5.941666,5.319995,-2.200000,0.783950,1.000000,0.000000,0.000000,0.000000,-1.379163,2.200000,0.750000,0.000000,0.000000,0.000000,1.000000,-16.858769,2.647124,0.750000,0.233445,0.000000,0.000000,0.972370,5.319589,-0.002688,114.409821,0.517595,-0.481763,0.517595,0.481763,4.167
181,5.974999,5.479995,-2.200000,0.783950,1.000000,0.000000,0.000000,0.000000,-1.495830,2.200000,0.750000,0.000000,0.000000,0.000000,1.000000,-16.983510,2.710683,0.750000,0.233445,0.000000,0.000000,0.972370,5.479585,-0.003769,114.825154,0.524044,-0.474740,0.524044,0.474740,4.167
182,6.008332,5.639995,-2.200000,0.783950,1.000000,0.000000,0.000000,0.000000,-1.612497,2.200000,0.750000,0.000000,0.000000,0.000000,1.000000,-17.108251,2.774242,0.750000,0.233445,0.000000,0.000000,0.972370,5.639581,-0.004839,115.240488,0.530330,-0.467707,0.530330,0.467707,0.000
183,6.041666,5.799995,-2.200000,0.783950,1.000000,0.000000,0.000000,0.000000,-1.729163,2.200000,0.750000,0.000000,0.000000,0.000000,1.000000,-17.232991,2.837800,0.750000,0.233445,0.000000,0.000000,0.972370,5.799576,-0.005895,115.655821,0.536434,-0.460693,0.536434,0.460693,4.167
184,6.070832,5.939995,-2.200000,0.783950,1.000000,0.000000,0.000000,0.000000,-1.831247,2.200000,0.750000,0.000000,0.000000,0.000000,1.000000,-17.342140,2.893414,0.750000,0.233445,0.000000,0.000000,0.972370,5.939573,-0.006806,116.019238,0.541622,-0.454583,0.541622,0.454583,0.000
185,6.104166,6.099995,-2.200000,0.783950,1.000000,0.000000,0.000000,0.000000,-1.947913,2.200000,0.750000,0.000000,0.000000,0.000000,1.000000,-17.466881,2.956973,0.750000,0.233445,0.000000,0.000000,0.972370,6.099569,-0.007828,116.434571,0.547355,-0.447663,0.547355,0.447663,4.167
186,6.137499,6.259995,-2.200000,0.783950,1.000000,0.000000,0.000000,0.000000,-2.064580,2.200000,0.750000,0.000000,0.000000,0.000000,1.000000,-17.591621,3.020532,0.750000,0.233445,0.000000,0.000000,0.972370,6.259565,-0.008828,116.849904,0.552876,-0.440827,0.552876,0.440827,4.167
187,6.170832,6.419995,-2.200000,0.783950,1.000000,0.000000,0.000000,0.000000,-2.181246,2.200000,0.750000,0.000000,0.000000,0.000000,1.000000,-17.716362,3.084090,0.750000,0.233445,0.000000,0.000000,0.972370,6.419562,-0.009804,117.265237,0.558175,-0.434097,0.558175,0.434097,0.000
188,6.204166,6.579995,-2.200000,0.783950,1.000000,0.000000,0.000000,0.000000,-2.297913,2.200000,0.750000,0.000000,0.000000,0.000000,1.000000,-17.841103,3.147649,0.750000,0.233445,0.000000,0.000000,0.972370,6.579559,-0.010751,117.680571,0.563237,-0.427509,0.563237,0.427509,4.167
189,6.237499,6.739995,-2.200000,0.783950,1.000000,0.000000,0.000000,0.000000,-2.414580,2.200000,0.750000,0.000000,0.000000,0.000000,1.000000,-17.965844,3.211208,0.750000,0.233445,0.000000,0.000000,0.972370,6.739556,-0.011668,118.095904,0.568062,-0.421077,0.568062,0.421077,4.167
190,6.270832,6.899995,-2.200000,0.783950,1.000000,0.000000,0.000000,0.000000,-2.531246,2.200000,0.750000,0.000000,0.000000,0.000000,1.000000,-18.090585,3.274766,0.750000,0.233445,0.000000,0.000000,0.972370,6.899553,-0.012554,118.511237,0.572643,-0.414825,0.572643,0.414825,0.000
191,6.304166,7.059995,-2.200000,0.783950,1.000000,0.000000,0.000000,0.000000,-2.647913,2.200000,0.750000,0.000000,0.000000,0.000000,1.000000,-18.215326,3.338325,0.750000,0.233445,0.000000,0.000000,0.972370,7.059550,-0.013403,118.926570,0.576968,-0.408789,0.576968,0.408789,4.167
192,6.337499,7.219995,-2.200000,0.783950,1.000000,0.000000,0.000000,0.000000,-2.764580,2.200000,0.750000,0.000000,0.000000,0.000000,1.000000,-18.340067,3.401883,0.750000,0.233445,0.000000,0.000000,0.972370,7.219548,-0.014215,119.341904,0.581040,-0.402979,0.581040,0.402979,4.167
193,6.370832,7.379995,-2.200000,0.783950,1.000000,0.000000,0.000000,0.000000,-2.881246,2.200000,0.750000,0.000000,0.000000,0.000000,1.000000,-18.464808,3.465442,0.750000,0.233445,0.000000,0.000000,0.972370,7.379545,-0.014989,119.757237,0.584858,-0.397418,0.584858,0.397418,0.000
194,6.404166,7.539995,-2.200000,0.783950,1.000000,0.000000,0.000000,0.000000,-2.997913,2.200000,0.750000,0.000000,0.000000,0.000000,1.000000,-18.589549,3.529001,0.750000,0.233445,0.000000,0.000000,0.972370,7.539543,-0.015719,120.172570,0.588409,-0.392142,0.588409,0.392142,4.167
195,6.437499,7.699995,-2.200000,0.783950,1.000000,0.000000,0.000000,0.000000,-3.114580,2.200000,0.750000,0.000000,0.000000,0.000000,1.000000,-18.714290,3.592559,0.750000,0.233445,0.000000,0.000000,0.972370,7.699542,-0.016406,120.587904,0.591701,-0.387156,0.591701,0.387156,4.167
196,6.470832,7.859995,-2.200000,0.783950,1.000000,0.000000,0.000000,0.000000,-3.231246,2.200000,0.750000,0.000000,0.000000,0.000000,1.000000,-18.839030,3.656118,0.750000,0.233445,0.000000,0.000000,0.972370,7.859540,-0.017049,121.003237,0.594735,-0.382480,0.594735,0.382480,0.000
197,6.499999,7.999995,-2.200000,0.783950,1.000000,0.000000,0.000000,0.000000,-3.333330,2.200000,0.750000,0.000000,0.000000,0.000000,1.000000,-18.948179,3.711732,0.750000,0.233445,0.000000,0.000000,0.972370,7.999539,-0.017570,121.366653,0.597166,-0.378672,0.597166,0.378672,4.167
198,6.533332,8.159995,-2.200000,0.783950,1.000000,0.000000,0.000000,0.000000,-3.449996,2.200000,0.750000,0.000000,0.000000,0.000000,1.000000,-19.072920,3.775291,0.750000,0.233445,0.000000,0.000000,0.972370,8.159538,-0.018123,121.781987,0.599707,-0.374635,0.599707,0.374635,0.000
199,6.566666,8.319995,-2.200000,0.783950,1.000000,0.000000,0.000000,0.000000,-3.566663,2.200000,0.750000,0.000000,0.000000,0.000000,1.000000,-19.197660,3.838849,0.750000,0.233445,0.000000,0.000000,0.972370,8.319537,-0.018623,122.197320,0.601978,-0.370974,0.601978,0.370974,4.167
200,6.599999,8.479995,-2.200000,0.783950,1.000000,0.000000,0.000000,0.000000,-3.683330,2.200000,0.750000,0.000000,0.000000,0.000000,1.000000,-19.322401,3.902408,0.750000,0.233445,0.000000,0.000000,0.972370,8.479536,-0.019072,122.612653,0.603992,-0.367687,0.603992,0.367687,4.167
201,6.633332,8.639995,-2.200000,0.783950,1.000000,0.000000,0.000000,0.000000,-3.799996,2.200000,0.750000,0.000000,0.000000,0.000000,1.000000,-19.447142,3.965967,0.750000,0.233445,0.000000,0.000000,0.972370,8.639535,-0.019469,123.027986,0.605748,-0.364786,0.605748,0.364786,0.000
202,6.666666,8.799995,-2.200000,0.783950,1.000000,0.000000,0.000000,0.000000,-3.916663,2.200000,0.750000,0.000000,0.000000,0.000000,1.000000,-19.571883,4.029525,0.750000,0.233445,0.000000,0.000000,0.972370,8.799535,-0.019810,123.443320,0.607238,-0.362302,0.607238,0.362302,4.167
203,6.699999,8.959995,-2.200000,0.783950,1.000000,0.000000,0.000000,0.000000,-4.033329,2.200000,0.750000,0.000000,0.000000,0.000000,1.000000,-19.696624,4.093084,0.750000,0.233445,0.000000,0.000000,0.972370,8.959535,-0.020098,123.858653,0.608472,-0.360225,0.608472,0.360225,4.167
204,6.733332,9.119995,-2.200000,0.783950,1.000000,0.000000,0.000000,0.000000,-4.149996,2.200000,0.750000,0.000000,0.000000,0.000000,1.000000,-19.821365,4.156643,0.750000,0.233445,0.000000,0.000000,0.972370,9.119534,-0.020330,124.273986,0.609453,-0.358563,0.609453,0.358563,0.000
205,6.766666,9.279995,-2.200000,0.783950,1.000000,0.000000,0.000000,0.000000,-4.266663,2.200000,0.750000,0.000000,0.000000,0.000000,1.000000,-19.946106,4.220201,0.750000,0.233445,0.000000,0.000000,0.972370,9.279534,-0.020504,124.689320,0.610169,-0.357343,0.610169,0.357343,4.167
206,6.799999,9.439995,-2.200000,0.783950,1.000000,0.000000,0.000000,0.000000,-4.383329,2.200000,0.750000,0.000000,0.000000,0.000000,1.000000,-20.070847,4.283760,0.750000,0.233445,0.000000,0.000000,0.972370,9.439534,-0.020622,125.104653,0.610632,-0.356551,0.610632,0.356551,4.167
207,6.833332,9.599995,-2.200000,0.783950,1.000000,0.000000,0.000000,0.000000,-4.499996,2.200000,0.750000,0.000000,0.000000,0.000000,1.000000,-20.195588,4.347319,0.750000,0.233445,0.000000,0.000000,0.972370,9.599534,-0.020684,125.519986,0.610844,-0.356188,0.610844,0.356188,0.000
208,6.866666,9.759995,-2.200000,0.783950,1.000000,0.000000,0.000000,0.000000,-4.616663,2.200000,0.750000,0.000000,0.000000,0.000000,1.000000,-20.320329,4.410877,0.750000,0.233445,0.000000,0.000000,0.972370,9.759534,-0.020687,125.935319,0.610792,-0.356277,0.610792,0.356277,4.167
209,6.895832,9.899995,-2.200000,0.783950,1.000000,0.000000,0.000000,0.000000,-4.718746,2.200000,0.750000,0.000000,0.000000,0.000000,1.000000,-20.429477,4.466491,0.750000,0.233445,0.000000,0.000000,0.972370,9.899534,-0.020644,126.298736,0.610544,-0.356701,0.610544,0.356701,0.000
210,6.929166,10.059995,-2.200000,0.783950,1.000000,0.000000,0.000000,0.000000,-4.835413,2.200000,0.750000,0.000000,0.000000,0.000000,1.000000,-20.554218,4.530050,0.750000,0.233445,0.000000,0.000000,0.972370,10.059534,-0.020539,126.714069,0.610013,-0.357609,0.610013,0.357609,4.167
211,6.962499,10.219995,-2.200000,0.783950,1.000000,0.000000,0.000000,0.000000,-4.952079,2.200000,0.750000,0.000000,0.000000,0.000000,1.000000,-20.678959,4.593608,0.750000,0.233445,0.000000,0.000000,0.972370,10.219534,-0.020378,127.129402,0.609229,-0.358943,0.609229,0.358943,4.167
212,6.995832,10.379994,-2.200000,0.783950,1.000000,0.000000,0.000000,0.000000,-5.068746,2.200000,0.750000,0.000000,0.000000,0.000000,1.000000,-20.803699,4.657167,0.750000,0.233445,0.000000,0.000000,0.972370,10.379534,-0.020162,127.544736,0.608192,-0.360698,0.608192,0.360698,0.000
213,7.029166,10.539994,-2.200000,0.783950,1.000000,0.000000,0.000000,0.000000,-5.185413,2.200000,0.750000,0.000000,0.000000,0.000000,1.000000,-20.928440,4.720726,0.750000,0.233445,0.000000,0.000000,0.972370,10.539533,-0.019887,127.960069,0.606889,-0.362886,0.606889,0.362886,4.167
214,7.062499,10.699994,-2.200000,0.783950,1.000000,0.000000,0.000000,0.000000,-5.302079,2.200000,0.750000,0.000000,0.000000,0.000000,1.000000,-21.053181,4.784284,0.750000,0.233445,0.000000,0.000000,0.972370,10.699533,-0.019559,128.375402,0.605331,-0.365479,0.605331,0.365479,4.167
215,7.095832,10.859994,-2.200000,0.783950,1.000000,0.000000,0.000000,0.000000,-5.418746,2.200000,0.750000,0.000000,0.000000,0.000000,1.000000,-21.177922,4.847843,0.750000,0.233445,0.000000,0.000000,0.972370,10.859532,-0.019177,128.790736,0.603517,-0.368466,0.603517,0.368466,0.000
216,7.129166,11.019994,-2.200000,0.783950,1.000000,0.000000,0.000000,0.000000,-5.535413,2.200000,0.750000,0.000000,0.000000,0.000000,1.000000,-21.302663,4.911402,0.750000,0.233445,0.000000,0.000000,0.972370,11.019532,-0.018740,129.206069,0.601434,-0.371856,0.601434,0.371856,4.167
217,7.162499,11.179994,-2.200000,0.783950,1.000000,0.000000,0.000000,0.000000,-5.652079,2.200000,0.750000,0.000000,0.000000,0.000000,1.000000,-21.427404,4.974960,0.750000,0.233445,0.000000,0.000000,0.972370,11.179531,-0.018252,129.621402,0.599094,-0.375615,0.599094,0.375615,4.167
218,7.195832,11.339994,-2.200000,0.783950,1.000000,0.000000,0.000000,0.000000,-5.768746,2.200000,0.750000,0.000000,0.000000,0.000000,1.000000,-21.552145,5.038519,0.750000,0.233445,0.000000,0.000000,0.972370,11.339530,-0.017714,130.036735,0.596495,-0.379729,0.596495,0.379729,0.000
219,7.229166,11.499994,-2.200000,0.783950,1.000000,0.000000,0.000000,0.000000,-5.885413,2.200000,0.750000,0.000000,0.000000,0.000000,1.000000,-21.676886,5.102078,0.750000,0.233445,0.000000,0.000000,0.972370,11.499528,-0.017125,130.452069,0.593626,-0.384198,0.593626,0.384198,4.167
220,7.262499,11.659994,-2.200000,0.783950,1.000000,0.000000,0.000000,0.000000,-6.002079,2.200000,0.750000,0.000000,0.000000,0.000000,1.000000,-21.801627,5.165636,0.750000,0.233445,0.000000,0.000000,0.972370,11.659527,-0.016489,130.867402,0.590497,-0.388989,0.590497,0.388989,4.167
221,7.295832,11.819994,-2.200000,0.783950,1.000000,0.000000,0.000000,0.000000,-6.118746,2.200000,0.750000,0.000000,0.000000,0.000000,1.000000,-21.926368,5.229195,0.750000,0.233445,0.000000,0.000000,0.972370,11.819525,-0.015808,131.282735,0.587110,-0.394083,0.587110,0.394083,0.000
222,7.324999,11.959994,-2.200000,0.783950,1.000000,0.000000,0.000000,0.000000,-6.220829,2.200000,0.750000,0.000000,0.000000,0.000000,1.000000,-22.035516,5.284809,0.750000,0.233445,0.000000,0.000000,0.972370,11.959524,-0.015175,131.646152,0.583926,-0.398787,0.583926,0.398787,4.167
223,7.358332,12.119994,-2.200000,0.783950,1.000000,0.000000,0.000000,0.000000,-6.337496,2.200000,0.750000,0.000000,0.000000,0.000000,1.000000,-22.160257,5.348367,0.750000,0.233445,0.000000,0.000000,0.972370,12.119521,-0.014413,132.061485,0.580050,-0.404404,0.580050,0.404404,0.000
224,7.391665,12.279994,-2.200000,0.783950,1.000000,0.000000,0.000000,0.000000,-6.454162,2.200000,0.750000,0.000000,0.000000,0.000000,1.000000,-22.284998,5.411926,0.750000,0.233445,0.000000,0.000000,0.972370,12.279519,-0.013610,132.476818,0.575910,-0.410278,0.575910,0.410278,4.167
225,7.424999,12.439994,-2.200000,0.783950,1.000000,0.000000,0.000000,0.000000,-6.570829,2.200000,0.750000,0.000000,0.000000,0.000000,1.000000,-22.409738,5.475485,0.750000,0.233445,0.000000,0.000000,0.972370,12.439516,-0.012769,132.892152,0.571519,-0.416372,0.571519,0.416372,4.167
226,7.458332,12.599994,-2.200000,0.783950,1.000000,0.000000,0.000000,0.000000,-6.687496,2.200000,0.750000,0.000000,0.000000,0.000000,1.000000,-22.534479,5.539043,0.750000,0.233445,0.000000,0.000000,0.972370,12.599514,-0.011893,133.307485,0.566881,-0.422665,0.566881,0.422665,0.000
227,7.491665,12.759994,-2.200000,0.783950,1.000000,0.000000,0.000000,0.000000,-6.804162,2.200000,0.750000,0.000000,0.000000,0.000000,1.000000,-22.659220,5.602602,0.750000,0.233445,0.000000,0.000000,0.972370,12.759511,-0.010983,133.722818,0.561994,-0.429142,0.561994,0.429142,4.167
228,7.524999,12.919994,-2.200000,0.783950,1.000000,0.000000,0.000000,0.000000,-6.920829,2.200000,0.750000,0.000000,0.000000,0.000000,1.000000,-22.783961,5.666161,0.750000,0.233445,0.000000,0.000000,0.972370,12.919507,-0.010043,134.138151,0.556870,-0.435770,0.556870,0.435770,4.167
229,7.558332,13.079994,-2.200000,0.783950,1.000000,0.000000,0.000000,0.000000,-7.037496,2.200000,0.750000,0.000000,0.000000,0.000000,1.000000,-22.908702,5.729719,0.750000,0.233445,0.000000,0.000000,0.972370,13.079504,-0.009075,134.553485,0.551519,-0.442523,0.551519,0.442523,0.000
230,7.591665,13.239994,-2.200000,0.783950,1.000000,0.000000,0.000000,0.000000,-7.154162,2.200000,0.750000,0.000000,0.000000,0.000000,1.000000,-23.033443,5.793278,0.750000,0.233445,0.000000,0.000000,0.972370,13.239500,-0.008080,134.968818,0.545941,-0.449386,0.545941,0.449386,4.167
231,7.624999,13.399994,-2.200000,0.783950,1.000000,0.000000,0.000000,0.000000,-7.270829,2.200000,0.750000,0.000000,0.000000,0.000000,1.000000,-23.158184,5.856837,0.750000,0.233445,0.000000,0.000000,0.972370,13.399497,-0.007063,135.384151,0.540154,-0.456326,0.540154,0.456326,4.167
232,7.658332,13.559994,-2.200000,0.783950,1.000000,0.000000,0.000000,0.000000,-7.387496,2.200000,0.750000,0.000000,0.000000,0.000000,1.000000,-23.282925,5.920395,0.750000,0.233445,0.000000,0.000000,0.972370,13.559493,-0.006026,135.799484,0.534168,-0.463319,0.534168,0.463319,0.000
233,7.691665,13.719994,-2.200000,0.783950,1.000000,0.000000,0.000000,0.000000,-7.504162,2.200000,0.750000,0.000000,0.000000,0.000000,1.000000,-23.407666,5.983954,0.750000,0.233445,0.000000,0.000000,0.972370,13.719489,-0.004972,136.214818,0.527992,-0.470345,0.527992,0.470345,4.167
234,7.720832,13.859994,-2.200000,0.783950,1.000000,0.000000,0.000000,0.000000,-7.606246,2.200000,0.750000,0.000000,0.000000,0.000000,1.000000,-23.516814,6.039568,0.750000,0.233445,0.000000,0.000000,0.972370,13.859485,-0.004038,136.578234,0.522448,-0.476496,0.522448,0.476496,0.000
235,7.754165,14.019994,-2.200000,0.783950,1.000000,0.000000,0.000000,0.000000,-7.722912,2.200000,0.750000,0.000000,0.000000,0.000000,1.000000,-23.641555,6.103127,0.750000,0.233445,0.000000,0.000000,0.972370,14.019481,-0.002959,136.993568,0.515959,-0.483514,0.515959,0.483514,4.167
236,7.787499,14.179994,-2.200000,0.783950,1.000000,0.000000,0.000000,0.000000,-7.839579,2.200000,0.750000,0.000000,0.000000,0.000000,1.000000,-23.766296,6.166685,0.750000,0.233445,0.000000,0.000000,0.972370,14.179476,-0.001871,137.408901,0.509329,-0.490494,0.509329,0.490494,4.167
237,7.820832,14.339994,-2.200000,0.783950,1.000000,0.000000,0.000000,0.000000,-7.956246,2.200000,0.750000,0.000000,0.000000,0.000000,1.000000,-23.891037,6.230244,0.750000,0.233445,0.000000,0.000000,0.972370,14.339472,-0.000778,137.824234,0.502572,-0.497415,0.502572,0.497415,0.000
238,7.854165,14.499994,-2.200000,0.783950,1.000000,0.000000,0.000000,0.000000,-8.072912,2.200000,0.750000,0.000000,0.000000,0.000000,1.000000,-24.015777,6.293803,0.750000,0.233445,0.000000,0.000000,0.972370,14.499467,0.000318,138.239567,0.495708,-0.504256,0.495708,0.504256,4.167
239,7.887499,14.659994,-2.200000,0.783950,1.000000,0.000000,0.000000,0.000000,-8.189579,2.200000,0.750000,0.000000,0.000000,0.000000,1.000000,-24.140518,6.357361,0.750000,0.233445,0.000000,0.000000,0.972370,14.659463,0.001414,138.654901,0.488757,-0.510996,0.488757,0.510996,4.167
240,7.920832,14.819994,-2.200000,0.783950,1.000000,0.000000,0.000000,0.000000,-8.306245,2.200000,0.750000,0.000000,0.000000,0.000000,1.000000,-24.265259,6.420920,0.750000,0.233445,0.000000,0.000000,0.972370,14.819459,0.002507,139.070234,0.481739,-0.517617,0.481739,0.517617,0.000
241,7.954165,14.979994,-2.200000,0.783950,1.000000,0.000000,0.000000,0.000000,-8.422912,2.200000,0.750000,0.000000,0.000000,0.000000,1.000000,-24.390000,6.484478,0.750000,0.233445,0.000000,0.000000,0.972370,14.979454,0.003593,139.485567,0.474678,-0.524100,0.474678,0.524100,4.167
242,7.987499,15.139994,-2.200000,0.783950,1.000000,0.000000,0.000000,0.000000,-8.539579,2.200000,0.750000,0.000000,0.000000,0.000000,1.000000,-24.514741,6.548037,0.750000,0.233445,0.000000,0.000000,0.972370,15.139450,0.004671,139.900900,0.467596,-0.530429,0.467596,0.530429,4.167
243,8.020832,15.299994,-2.200000,0.783950,1.000000,0.000000,0.000000,0.000000,-8.656245,2.200000,0.750000,0.000000,0.000000,0.000000,1.000000,-24.639482,6.611596,0.750000,0.233445,0.000000,0.000000,0.972370,15.299446,0.005736,140.316234,0.460513,-0.536589,0.460513,0.536589,0.000
244,8.054165,15.459994,-2.200000,0.783950,1.000000,0.000000,0.000000,0.000000,-8.772912,2.200000,0.750000,0.000000,0.000000,0.000000,1.000000,-24.764223,6.675154,0.750000,0.233445,0.000000,0.000000,0.972370,15.459442,0.006786,140.731567,0.453459,-0.542563,0.453459,0.542563,4.167
245,8.087499,15.619994,-2.200000,0.783950,1.000000,0.000000,0.000000,0.000000,-8.889579,2.200000,0.750000,0.000000,0.000000,0.000000,1.000000,-24.888964,6.738713,0.750000,0.233445,0.000000,0.000000,0.972370,15.619438,0.007818,141.146900,0.446454,-0.548342,0.446454,0.548342,4.167
246,8.120832,15.779994,-2.200000,0.783950,1.000000,0.000000,0.000000,0.000000,-9.006245,2.200000,0.750000,0.000000,0.000000,0.000000,1.000000,-25.013705,6.802272,0.750000,0.233445,0.000000,0.000000,0.972370,15.779434,0.008830,141.562233,0.439521,-0.553914,0.439521,0.553914,0.000
247,8.149999,15.919994,-2.200000,0.783950,1.000000,0.000000,0.000000,0.000000,-9.108329,2.200000,0.750000,0.000000,0.000000,0.000000,1.000000,-25.122853,6.857886,0.750000,0.233445,0.000000,0.000000,0.972370,15.919431,0.009696,141.925650,0.433541,-0.558608,0.433541,0.558608,4.167
248,8.183332,16.079994,-2.200000,0.783950,1.000000,0.000000,0.000000,0.000000,-9.224995,2.200000,0.750000,0.000000,0.000000,0.000000,1.000000,-25.247594,6.921444,0.750000,0.233445,0.000000,0.000000,0.972370,16.079428,0.010661,142.340983,0.426815,-0.563763,0.426815,0.563763,0.000
249,8.216665,16.239994,-2.200000,0.783950,1.000000,0.000000,0.000000,0.000000,-9.341662,2.200000,0.750000,0.000000,0.000000,0.000000,1.000000,-25.372335,6.985003,0.750000,0.233445,0.000000,0.000000,0.972370,16.239424,0.011598,142.756317,0.420241,-0.568680,0.420241,0.568680,4.167
250,8.249999,16.399994,-2.200000,0.783950,1.000000,0.000000,0.000000,0.000000,-9.458329,2.200000,0.750000,0.000000,0.000000,0.000000,1.000000,-25.497076,7.048562,0.750000,0.233445,0.000000,0.000000,0.972370,16.399421,0.012503,143.171650,0.413836,-0.573359,0.413836,0.573359,4.167
251,8.283332,16.559994,-2.200000,0.783950,1.000000,0.000000,0.000000,0.000000,-9.574995,2.200000,0.750000,0.000000,0.000000,0.000000,1.000000,-25.621816,7.112120,0.750000,0.233445,0.000000,0.000000,0.972370,16.559419,0.013376,143.586983,0.407620,-0.577794,0.407620,0.577794,0.000
252,8.316665,16.719993,-2.200000,0.783950,1.000000,0.000000,0.000000,0.000000,-9.691662,2.200000,0.750000,0.000000,0.000000,0.000000,1.000000,-25.746557,7.175679,0.750000,0.233445,0.000000,0.000000,0.972370,16.719416,0.014211,144.002316,0.401632,-0.581972,0.401632,0.581972,4.167
253,8.349999,16.879993,-2.200000,0.783950,1.000000,0.000000,0.000000,0.000000,-9.808329,2.200000,0.750000,0.000000,0.000000,0.000000,1.000000,-25.871298,7.239238,0.750000,0.233445,0.000000,0.000000,0.972370,16.879414,0.015009,144.417650,0.395881,-0.585899,0.395881,0.585899,4.167
254,8.383332,17.039993,-2.200000,0.783950,1.000000,0.000000,0.000000,0.000000,-9.924995,2.200000,0.750000,0.000000,0.000000,0.000000,1.000000,-25.996039,7.302796,0.750000,0.233445,0.000000,0.000000,0.972370,17.039411,0.015767,144.832983,0.390389,-0.589573,0.390389,0.589573,0.000
255,8.416665,17.199993,-2.200000,0.783950,1.000000,0.000000,0.000000,0.000000,-10.041662,2.200000,0.750000,0.000000,0.000000,0.000000,1.000000,-26.120780,7.366355,0.750000,0.233445,0.000000,0.000000,0.972370,17.199410,0.016481,145.248316,0.385192,-0.592982,0.385192,0.592982,4.167
256,8.449999,17.359993,-2.200000,0.783950,1.000000,0.000000,0.000000,0.000000,-10.158329,2.200000,0.750000,0.000000,0.000000,0.000000,1.000000,-26.245521,7.429914,0.750000,0.233445,0.000000,0.000000,0.972370,17.359408,0.017151,145.663649,0.380295,-0.596134,0.380295,0.596134,4.167
257,8.483332,17.519993,-2.200000,0.783950,1.000000,0.000000,0.000000,0.000000,-10.274995,2.200000,0.750000,0.000000,0.000000,0.000000,1.000000,-26.370262,7.493472,0.750000,0.233445,0.000000,0.000000,0.972370,17.519406,0.017776,146.078983,0.375717,-0.599030,0.375717,0.599030,0.000
258,8.516665,17.679993,-2.200000,0.783950,1.000000,0.000000,0.000000,0.000000,-10.391662,2.200000,0.750000,0.000000,0.000000,0.000000,1.000000,-26.495003,7.557031,0.750000,0.233445,0.000000,0.000000,0.972370,17.679405,0.018351,146.494316,0.371493,-0.601659,0.371493,0.601659,4.167
259,8.545832,17.819993,-2.200000,0.783950,1.000000,0.000000,0.000000,0.000000,-10.493745,2.200000,0.750000,0.000000,0.000000,0.000000,1.000000,-26.604151,7.612645,0.750000,0.233445,0.000000,0.000000,0.972370,17.819404,0.018815,146.857733,0.368079,-0.603753,0.368079,0.603753,0.000
260,8.579165,17.979993,-2.200000,0.783950,1.000000,0.000000,0.000000,0.000000,-10.610412,2.200000,0.750000,0.000000,0.000000,0.000000,1.000000,-26.728892,7.676203,0.750000,0.233445,0.000000,0.000000,0.972370,17.979403,0.019296,147.273066,0.364541,-0.605896,0.364541,0.605896,4.167
261,8.612499,18.139993,-2.200000,0.783950,1.000000,0.000000,0.000000,0.000000,-10.727078,2.200000,0.750000,0.000000,0.000000,0.000000,1.000000,-26.853633,7.739762,0.750000,0.233445,0.000000,0.000000,0.972370,18.139403,0.019726,147.688399,0.361384,-0.607784,0.361384,0.607784,4.167
262,8.645832,18.299993,-2.200000,0.783950,1.000000,0.000000,0.000000,0.000000,-10.843745,2.200000,0.750000,0.000000,0.000000,0.000000,1.000000,-26.978374,7.803321,0.750000,0.233445,0.000000,0.000000,0.972370,18.299402,0.020103,148.103732,0.358619,-0.609420,0.358619,0.609420,0.000
263,8.679165,18.459993,-2.200000,0.783950,1.000000,0.000000,0.000000,0.000000,-10.960412,2.200000,0.750000,0.000000,0.000000,0.000000,1.000000,-27.103115,7.866879,0.750000,0.233445,0.000000,0.000000,0.972370,18.459402,0.020424,148.519066,0.356277,-0.610792,0.356277,0.610792,4.167
264,8.712499,18.619993,-2.200000,0.783950,1.000000,0.000000,0.000000,0.000000,-11.077078,2.200000,0.750000,0.000000,0.000000,0.000000,1.000000,-27.227855,7.930438,0.750000,0.233445,0.000000,0.000000,0.972370,18.619401,0.020690,148.934399,0.354347,-0.611913,0.354347,0.611913,4.167
265,8.745832,18.779993,-2.200000,0.783950,1.000000,0.000000,0.000000,0.000000,-11.193745,2.200000,0.750000,0.000000,0.000000,0.000000,1.000000,-27.352596,7.993997,0.750000,0.233445,0.000000,0.000000,0.972370,18.779401,0.020901,149.349732,0.352838,-0.612785,0.352838,0.612785,0.000
266,8.779165,18.939993,-2.200000,0.783950,1.000000,0.000000,0.000000,0.000000,-11.310412,2.200000,0.750000,0.000000,0.000000,0.000000,1.000000,-27.477337,8.057555,0.750000,0.233445,0.000000,0.000000,0.972370,18.939401,0.021054,149.765065,0.351775,-0.613396,0.351775,0.613396,4.167
267,8.812499,19.099993,-2.200000,0.783950,1.000000,0.000000,0.000000,0.000000,-11.427078,2.200000,0.750000,0.000000,0.000000,0.000000,1.000000,-27.602078,8.121114,0.750000,0.233445,0.000000,0.000000,0.972370,19.099401,0.021151,150.180399,0.351143,-0.613758,0.351143,0.613758,4.167
268,8.845832,19.259993,-2.200000,0.783950,1.000000,0.000000,0.000000,0.000000,-11.543745,2.200000,0.750000,0.000000,0.000000,0.000000,1.000000,-27.726819,8.184673,0.750000,0.233445,0.000000,0.000000,0.972370,19.259401,0.021191,150.595732,0.350943,-0.613872,0.350943,0.613872,0.000
269,8.879165,19.419993,-2.200000,0.783950,1.000000,0.000000,0.000000,0.000000,-11.660412,2.200000,0.750000,0.000000,0.000000,0.000000,1.000000,-27.851560,8.248231,0.750000,0.233445,0.000000,0.000000,0.972370,19.419401,0.021172,151.011065,0.351198,-0.613726,0.351198,0.613726,4.167
270,8.912499,19.579993,-2.200000,0.783950,1.000000,0.000000,0.000000,0.000000,-11.777078,2.200000,0.750000,0.000000,0.000000,0.000000,1.000000,-27.976301,8.311790,0.750000,0.233445,0.000000,0.000000,0.972370,19.579401,0.021097,151.426399,0.351885,-0.613333,0.351885,0.613333,4.167
271,8.945832,19.739993,-2.200000,0.783950,1.000000,0.000000,0.000000,0.000000,-11.893745,2.200000,0.750000,0.000000,0.000000,0.000000,1.000000,-28.101042,8.375349,0.750000,0.233445,0.000000,0.000000,0.972370,19.739401,0.020984,151.841732,0.353023,-0.612679,0.353023,0.612679,0.000
272,8.974999,19.879993,-2.200000,0.783950,1.000000,0.000000,0.000000,0.000000,-11.995828,2.200000,0.750000,0.000000,0.000000,0.000000,1.000000,-28.210190,8.430962,0.750000,0.233445,0.000000,0.000000,0.972370,19.879401,0.020821,152.205148,0.354368,-0.611902,0.354368,0.611902,4.167
273,9.008332,20.039993,-2.200000,0.783950,1.000000,0.000000,0.000000,0.000000,-12.112495,2.200000,0.750000,0.000000,0.000000,0.000000,1.000000,-28.334931,8.494521,0.750000,0.233445,0.000000,0.000000,0.972370,20.039401,0.020584,152.620482,0.356290,-0.610784,0.356290,0.610784,0.000
274,9.041665,20.199993,-2.200000,0.783950,1.000000,0.000000,0.000000,0.000000,-12.229162,2.200000,0.750000,0.000000,0.000000,0.000000,1.000000,-28.459672,8.558080,0.750000,0.233445,0.000000,0.000000,0.972370,20.199400,0.020288,153.035815,0.358645,-0.609404,0.358645,0.609404,4.167
275,9.074999,20.359993,-2.200000,0.783950,1.000000,0.000000,0.000000,0.000000,-12.345828,2.200000,0.750000,0.000000,0.000000,0.000000,1.000000,-28.584413,8.621638,0.750000,0.233445,0.000000,0.000000,0.972370,20.359400,0.019939,153.451148,0.361404,-0.607772,0.361404,0.607772,4.167
276,9.108332,20.519993,-2.200000,0.783950,1.000000,0.000000,0.000000,0.000000,-12.462495,2.200000,0.750000,0.000000,0.000000,0.000000,1.000000,-28.709154,8.685197,0.750000,0.233445,0.000000,0.000000,0.972370,20.519399,0.019537,153.866482,0.364555,-0.605887,0.364555,0.605887,0.000
277,9.141665,20.679993,-2.200000,0.783950,1.000000,0.000000,0.000000,0.000000,-12.579161,2.200000,0.750000,0.000000,0.000000,0.000000,1.000000,-28.833894,8.748756,0.750000,0.233445,0.000000,0.000000,0.972370,20.679398,0.019081,154.281815,0.368105,-0.603737,0.368105,0.603737,4.167
278,9.174999,20.839993,-2.200000,0.783950,1.000000,0.000000,0.000000,0.000000,-12.695828,2.200000,0.750000,0.000000,0.000000,0.000000,1.000000,-28.958635,8.812314,0.750000,0.233445,0.000000,0.000000,0.972370,20.839397,0.018573,154.697148,0.372022,-0.601332,0.372022,0.601332,4.167
279,9.208332,20.999993,-2.200000,0.783950,1.000000,0.000000,0.000000,0.000000,-12.812495,2.200000,0.750000,0.000000,0.000000,0.000000,1.000000,-29.083376,8.875873,0.750000,0.233445,0.000000,0.000000,0.972370,20.999396,0.018017,155.112481,0.376290,-0.598670,0.376290,0.598670,0.000
280,9.241665,21.159993,-2.200000,0.783950,1.000000,0.000000,0.000000,0.000000,-12.929161,2.200000,0.750000,0.000000,0.000000,0.000000,1.000000,-29.208117,8.939432,0.750000,0.233445,0.000000,0.000000,0.972370,21.159395,0.017410,155.527815,0.380909,-0.595742,0.380909,0.595742,4.167
281,9.274999,21.319993,-2.200000,0.783950,1.000000,0.000000,0.000000,0.000000,-13.045828,2.200000,0.750000,0.000000,0.000000,0.000000,1.000000,-29.332858,9.002990,0.750000,0.233445,0.000000,0.000000,0.972370,21.319393,0.016757,155.943148,0.385845,-0.592557,0.385845,0.592557,4.167
282,9.308332,21.479993,-2.200000,0.783950,1.000000,0.000000,0.000000,0.000000,-13.162495,2.200000,0.750000,0.000000,0.000000,0.000000,1.000000,-29.457599,9.066549,0.750000,0.233445,0.000000,0.000000,0.972370,21.479392,0.016059,156.358481,0.391079,-0.589115,0.391079,0.589115,0.000
283,9.341665,21.639993,-2.200000,0.783950,1.000000,0.000000,0.000000,0.000000,-13.279161,2.200000,0.750000,0.000000,0.000000,0.000000,1.000000,-29.582340,9.130108,0.750000,0.233445,0.000000,0.000000,0.972370,21.639389,0.015317,156.773814,0.396605,-0.585409,0.396605,0.585409,4.167
284,9.370832,21.779993,-2.200000,0.783950,1.000000,0.000000,0.000000,0.000000,-13.381245,2.200000,0.750000,0.000000,0.000000,0.000000,1.000000,-29.691488,9.185722,0.750000,0.233445,0.000000,0.000000,0.972370,21.779388,0.014635,157.137231,0.401647,-0.581962,0.401647,0.581962,0.000
285,9.404165,21.939993,-2.200000,0.783950,1.000000,0.000000,0.000000,0.000000,-13.497911,2.200000,0.750000,0.000000,0.000000,0.000000,1.000000,-29.816229,9.249280,0.750000,0.233445,0.000000,0.000000,0.972370,21.939385,0.013817,157.552564,0.407643,-0.577778,0.407643,0.577778,4.167
286,9.437498,22.099993,-2.200000,0.783950,1.000000,0.000000,0.000000,0.000000,-13.614578,2.200000,0.750000,0.000000,0.000000,0.000000,1.000000,-29.940970,9.312839,0.750000,0.233445,0.000000,0.000000,0.972370,22.099382,0.012963,157.967898,0.413854,-0.573345,0.413854,0.573345,4.167
287,9.470832,22.259993,-2.200000,0.783950,1.000000,0.000000,0.000000,0.000000,-13.731245,2.200000,0.750000,0.000000,0.000000,0.000000,1.000000,-30.065711,9.376398,0.750000,0.233445,0.000000,0.000000,0.972370,22.259380,0.012074,158.383231,0.420256,-0.568669,0.420256,0.568669,0.000
288,9.504165,22.419993,-2.200000,0.783950,1.000000,0.000000,0.000000,0.000000,-13.847911,2.200000,0.750000,0.000000,0.000000,0.000000,1.000000,-30.190452,9.439956,0.750000,0.233445,0.000000,0.000000,0.972370,22.419376,0.011152,158.798564,0.426836,-0.563747,0.426836,0.563747,4.167
289,9.537498,22.579993,-2.200000,0.783950,1.000000,0.000000,0.000000,0.000000,-13.964578,2.200000,0.750000,0.000000,0.000000,0.000000,1.000000,-30.315193,9.503515,0.750000,0.233445,0.000000,0.000000,0.972370,22.579373,0.010201,159.213897,0.433559,-0.558593,0.433559,0.558593,4.167
290,9.570832,22.739993,-2.200000,0.783950,1.000000,0.000000,0.000000,0.000000,-14.081245,2.200000,0.750000,0.000000,0.000000,0.000000,1.000000,-30.439933,9.567073,0.750000,0.233445,0.000000,0.000000,0.972370,22.739370,0.009223,159.629231,0.440400,-0.553216,0.440400,0.553216,0.000
291,9.604165,22.899992,-2.200000,0.783950,1.000000,0.000000,0.000000,0.000000,-14.197911,2.200000,0.750000,0.000000,0.000000,0.000000,1.000000,-30.564674,9.630632,0.750000,0.233445,0.000000,0.000000,0.972370,22.899366,0.008219,160.044564,0.447344,-0.547616,0.447344,0.547616,4.167
292,9.637498,23.059992,-2.200000,0.783950,1.000000,0.000000,0.000000,0.000000,-14.314578,2.200000,0.750000,0.000000,0.000000,0.000000,1.000000,-30.689415,9.694191,0.750000,0.233445,0.000000,0.000000,0.972370,23.059362,0.007194,160.459897,0.454356,-0.541812,0.454356,0.541812,4.167
293,9.670832,23.219992,-2.200000,0.783950,1.000000,0.000000,0.000000,0.000000,-14.431244,2.200000,0.750000,0.000000,0.000000,0.000000,1.000000,-30.814156,9.757749,0.750000,0.233445,0.000000,0.000000,0.972370,23.219358,0.006151,160.875230,0.461414,-0.535814,0.461414,0.535814,0.000
294,9.704165,23.379992,-2.200000,0.783950,1.000000,0.000000,0.000000,0.000000,-14.547911,2.200000,0.750000,0.000000,0.000000,0.000000,1.000000,-30.938897,9.821308,0.750000,0.233445,0.000000,0.000000,0.972370,23.379354,0.005091,161.290564,0.468498,-0.529631,0.468498,0.529631,4.167
295,9.737498,23.539992,-2.200000,0.783950,1.000000,0.000000,0.000000,0.000000,-14.664578,2.200000,0.750000,0.000000,0.000000,0.000000,1.000000,-31.063638,9.884867,0.750000,0.233445,0.000000,0.000000,0.972370,23.539350,0.004017,161.705897,0.475580,-0.523282,0.475580,0.523282,4.167
296,9.770832,23.699992,-2.200000,0.783950,1.000000,0.000000,0.000000,0.000000,-14.781244,2.200000,0.750000,0.000000,0.000000,0.000000,1.000000,-31.188379,9.948425,0.750000,0.233445,0.000000,0.000000,0.972370,23.699345,0.002934,162.121230,0.482636,-0.516781,0.482636,0.516781,0.000
297,9.799998,23.839992,-2.200000,0.783950,1.000000,0.000000,0.000000,0.000000,-14.883328,2.200000,0.750000,0.000000,0.000000,0.000000,1.000000,-31.297527,10.004039,0.750000,0.233445,0.000000,0.000000,0.972370,23.839342,0.001980,162.484647,0.488773,-0.510980,0.488773,0.510980,4.167
298,9.833332,23.999992,-2.200000,0.783950,1.000000,0.000000,0.000000,0.000000,-14.999994,2.200000,0.750000,0.000000,0.000000,0.000000,1.000000,-31.422268,10.067598,0.750000,0.233445,0.000000,0.000000,0.972370,23.999337,0.000885,162.899980,0.495724,-0.504240,0.495724,0.504240,0.000
299,9.866665,24.159992,-2.200000,0.783950,1.000000,0.000000,0.000000,0.000000,-15.116661,2.200000,0.750000,0.000000,0.000000,0.000000,1.000000,-31.547009,10.131157,0.750000,0.233445,0.000000,0.000000,0.972370,24.159333,-0.000211,163.315313,0.502588,-0.497399,0.502588,0.497399,4.167
300,9.899998,24.319992,-2.200000,0.783950,1.000000,0.000000,0.000000,0.000000,-15.233328,2.200000,0.750000,0.000000,0.000000,0.000000,1.000000,-31.671750,10.194715,0.750000,0.233445,0.000000,0.000000,0.972370,24.319328,-0.001306,163.730647,0.509344,-0.490478,0.509344,0.490478,4.167
301,9.933332,24.479992,-2.200000,0.783950,1.000000,0.000000,0.000000,0.000000,-15.349994,2.200000,0.750000,0.000000,0.000000,0.000000,1.000000,-31.796491,10.258274,0.750000,0.233445,0.000000,0.000000,0.972370,24.479324,-0.002397,164.145980,0.515976,-0.483497,0.515976,0.483497,0.000
302,9.966665,24.639992,-2.200000,0.783950,1.000000,0.000000,0.000000,0.000000,-15.466661,2.200000,0.750000,0.000000,0.000000,0.000000,1.000000,-31.921232,10.321833,0.750000,0.233445,0.000000,0.000000,0.972370,24.639320,-0.003481,164.561313,0.522462,-0.476480,0.522462,0.476480,4.167
303,9.999998,24.799992,-2.200000,0.783950,1.000000,0.000000,0.000000,0.000000,-15.583328,2.200000,0.750000,0.000000,0.000000,0.000000,1.000000,-32.045972,10.385391,0.750000,0.233445,0.000000,0.000000,0.972370,24.799315,-0.004554,164.976646,0.528789,-0.469449,0.528789,0.469449,4.167
304,10.033332,24.959992,-2.200000,0.783950,1.000000,0.000000,0.000000,0.000000,-15.699994,2.200000,0.750000,0.000000,0.000000,0.000000,1.000000,-32.170713,10.448950,0.750000,0.233445,0.000000,0.000000,0.972370,24.959311,-0.005614,165.391980,0.534942,-0.462425,0.534942,0.462425,0.000
305,10.066665,25.119992,-2.200000,0.783950,1.000000,0.000000,0.000000,0.000000,-15.816661,2.200000,0.750000,0.000000,0.000000,0.000000,1.000000,-32.295454,10.512509,0.750000,0.233445,0.000000,0.000000,0.972370,25.119307,-0.006657,165.807313,0.540903,-0.455438,0.540903,0.455438,4.167
306,10.099998,25.279992,-2.200000,0.783950,1.000000,0.000000,0.000000,0.000000,-15.933328,2.200000,0.750000,0.000000,0.000000,0.000000,1.000000,-32.420195,10.576067,0.750000,0.233445,0.000000,0.000000,0.972370,25.279303,-0.007682,166.222646,0.546664,-0.448506,0.546664,0.448506,4.167
307,10.133332,25.439992,-2.200000,0.783950,1.000000,0.000000,0.000000,0.000000,-16.049994,2.200000,0.750000,0.000000,0.000000,0.000000,1.000000,-32.544936,10.639626,0.750000,0.233445,0.000000,0.000000,0.972370,25.439300,-0.008686,166.637979,0.552215,-0.441655,0.552215,0.441655,0.000
308,10.166665,25.599992,-2.200000,0.783950,1.000000,0.000000,0.000000,0.000000,-16.166661,2.200000,0.750000,0.000000,0.000000,0.000000,1.000000,-32.669677,10.703185,0.750000,0.233445,0.000000,0.000000,0.972370,25.599296,-0.009664,167.053313,0.557538,-0.434916,0.557538,0.434916,4.167
309,10.195832,25.739992,-2.200000,0.783950,1.000000,0.000000,0.000000,0.000000,-16.268744,2.200000,0.750000,0.000000,0.000000,0.000000,1.000000,-32.778825,10.758798,0.750000,0.233445,0.000000,0.000000,0.972370,25.739293,-0.010498,167.416729,0.562010,-0.429121,0.562010,0.429121,0.000
310,10.229165,25.899992,-2.200000,0.783950,1.000000,0.000000,0.000000,0.000000,-16.385411,2.200000,0.750000,0.000000,0.000000,0.000000,1.000000,-32.903566,10.822357,0.750000,0.233445,0.000000,0.000000,0.972370,25.899290,-0.011423,167.832063,0.566892,-0.422650,0.566892,0.422650,4.167
311,10.262498,26.059992,-2.200000,0.783950,1.000000,0.000000,0.000000,0.000000,-16.502077,2.200000,0.750000,0.000000,0.000000,0.000000,1.000000,-33.028307,10.885916,0.750000,0.233445,0.000000,0.000000,0.972370,26.059287,-0.012316,168.247396,0.571533,-0.416354,0.571533,0.416354,4.167
312,10.295832,26.219992,-2.200000,0.783950,1.000000,0.000000,0.000000,0.000000,-16.618744,2.200000,0.750000,0.000000,0.000000,0.000000,1.000000,-33.153048,10.949474,0.750000,0.233445,0.000000,0.000000,0.972370,26.219285,-0.013176,168.662729,0.575926,-0.410255,0.575926,0.410255,0.000
313,10.329165,26.379992,-2.200000,0.783950,1.000000,0.000000,0.000000,0.000000,-16.735411,2.200000,0.750000,0.000000,0.000000,0.000000,1.000000,-33.277789,11.013033,0.750000,0.233445,0.000000,0.000000,0.972370,26.379282,-0.013997,169.078062,0.580060,-0.404390,0.580060,0.404390,4.167
314,10.362498,26.539992,-2.200000,0.783950,1.000000,0.000000,0.000000,0.000000,-16.852077,2.200000,0.750000,0.000000,0.000000,0.000000,1.000000,-33.402530,11.076592,0.750000,0.233445,0.000000,0.000000,0.972370,26.539280,-0.014780,169.493396,0.583939,-0.398768,0.583939,0.398768,4.167
315,10.395832,26.699992,-2.200000,0.783950,1.000000,0.000000,0.000000,0.000000,-16.968744,2.200000,0.750000,0.000000,0.000000,0.000000,1.000000,-33.527271,11.140150,0.750000,0.233445,0.000000,0.000000,0.972370,26.699278,-0.015522,169.908729,0.587561,-0.393411,0.587561,0.393411,0.000
316,10.429165,26.859992,-2.200000,0.783950,1.000000,0.000000,0.000000,0.000000,-17.085411,2.200000,0.750000,0.000000,0.000000,0.000000,1.000000,-33.652011,11.203709,0.750000,0.233445,0.000000,0.000000,0.972370,26.859276,-0.016220,170.324062,0.590916,-0.388354,0.590916,0.388354,4.167
317,10.462498,27.019992,-2.200000,0.783950,1.000000,0.000000,0.000000,0.000000,-17.202077,2.200000,0.750000,0.000000,0.000000,0.000000,1.000000,-33.776752,11.267268,0.750000,0.233445,0.000000,0.000000,0.972370,27.019274,-0.016873,170.739395,0.594011,-0.383603,0.594011,0.383603,4.167
318,10.495832,27.179992,-2.200000,0.783950,1.000000,0.000000,0.000000,0.000000,-17.318744,2.200000,0.750000,0.000000,0.000000,0.000000,1.000000,-33.901493,11.330826,0.750000,0.233445,0.000000,0.000000,0.972370,27.179273,-0.017480,171.154729,0.596847,-0.379175,0.596847,0.379175,0.000
319,10.529165,27.339992,-2.200000,0.783950,1.000000,0.000000,0.000000,0.000000,-17.435411,2.200000,0.750000,0.000000,0.000000,0.000000,1.000000,-34.026234,11.394385,0.750000,0.233445,0.000000,0.000000,0.972370,27.339272,-0.018037,171.570062,0.599413,-0.375105,0.599413,0.375105,4.167
320,10.562498,27.499992,-2.200000,0.783950,1.000000,0.000000,0.000000,0.000000,-17.552077,2.200000,0.750000,0.000000,0.000000,0.000000,1.000000,-34.150975,11.457944,0.750000,0.233445,0.000000,0.000000,0.972370,27.499271,-0.018544,171.985395,0.601721,-0.371392,0.601721,0.371392,4.167
321,10.595832,27.659992,-2.200000,0.783950,1.000000,0.000000,0.000000,0.000000,-17.668744,2.200000,0.750000,0.000000,0.000000,0.000000,1.000000,-34.275716,11.521502,0.750000,0.233445,0.000000,0.000000,0.972370,27.659270,-0.019001,172.400729,0.603770,-0.368051,0.603770,0.368051,0.000
322,10.624998,27.799992,-2.200000,0.783950,1.000000,0.000000,0.000000,0.000000,-17.770827,2.200000,0.750000,0.000000,0.000000,0.000000,1.000000,-34.384864,11.577116,0.750000,0.233445,0.000000,0.000000,0.972370,27.799269,-0.019355,172.764145,0.605343,-0.365459,0.605343,0.365459,4.167
323,10.658332,27.959992,-2.200000,0.783950,1.000000,0.000000,0.000000,0.000000,-17.887494,2.200000,0.750000,0.000000,0.000000,0.000000,1.000000,-34.509605,11.640675,0.750000,0.233445,0.000000,0.000000,0.972370,27.959269,-0.019712,173.179478,0.606905,-0.362859,0.606905,0.362859,0.000
324,10.691665,28.119992,-2.200000,0.783950,1.000000,0.000000,0.000000,0.000000,-18.004161,2.200000,0.750000,0.000000,0.000000,0.000000,1.000000,-34.634346,11.704233,0.750000,0.233445,0.000000,0.000000,0.972370,28.119269,-0.020012,173.594812,0.608200,-0.360684,0.608200,0.360684,4.167
325,10.724998,28.279992,-2.200000,0.783950,1.000000,0.000000,0.000000,0.000000,-18.120827,2.200000,0.750000,0.000000,0.000000,0.000000,1.000000,-34.759087,11.767792,0.750000,0.233445,0.000000,0.000000,0.972370,28.279268,-0.020258,174.010145,0.609241,-0.358923,0.609241,0.358923,4.167
326,10.758332,28.439992,-2.200000,0.783950,1.000000,0.000000,0.000000,0.000000,-18.237494,2.200000,0.750000,0.000000,0.000000,0.000000,1.000000,-34.883828,11.831351,0.750000,0.233445,0.000000,0.000000,0.972370,28.439268,-0.020448,174.425478,0.610029,-0.357582,0.610029,0.357582,0.000
327,10.791665,28.599992,-2.200000,0.783950,1.000000,0.000000,0.000000,0.000000,-18.354161,2.200000,0.750000,0.000000,0.000000,0.000000,1.000000,-35.008569,11.894909,0.750000,0.233445,0.000000,0.000000,0.972370,28.599268,-0.020579,174.840811,0.610552,-0.356688,0.610552,0.356688,4.167
328,10.824998,28.759992,-2.200000,0.783950,1.000000,0.000000,0.000000,0.000000,-18.470827,2.200000,0.750000,0.000000,0.000000,0.000000,1.000000,-35.133310,11.958468,0.750000,0.233445,0.000000,0.000000,0.972370,28.759268,-0.020655,175.256145,0.610824,-0.356222,0.610824,0.356222,4.167
329,10.858332,28.919992,-2.200000,0.783950,1.000000,0.000000,0.000000,0.000000,-18.587494,2.200000,0.750000,0.000000,0.000000,0.000000,1.000000,-35.258051,12.022027,0.750000,0.233445,0.000000,0.000000,0.972370,28.919268,-0.020673,175.671478,0.610844,-0.356188,0.610844,0.356188,0.000
330,10.891665,29.079992,-2.200000,0.783950,1.000000,0.000000,0.000000,0.000000,-18.704160,2.200000,0.750000,0.000000,0.000000,0.000000,1.000000,-35.382791,12.085585,0.750000,0.233445,0.000000,0.000000,0.972370,29.079268,-0.020633,176.086811,0.610600,-0.356605,0.610600,0.356605,4.167
331,10.924998,29.239991,-2.200000,0.783950,1.000000,0.000000,0.000000,0.000000,-18.820827,2.200000,0.750000,0.000000,0.000000,0.000000,1.000000,-35.507532,12.149144,0.750000,0.233445,0.000000,0.000000,0.972370,29.239268,-0.020536,176.502145,0.610105,-0.357453,0.610105,0.357453,4.167
332,10.958332,29.399991,-2.200000,0.783950,1.000000,0.000000,0.000000,0.000000,-18.937494,2.200000,0.750000,0.000000,0.000000,0.000000,1.000000,-35.632273,12.212703,0.750000,0.233445,0.000000,0.000000,0.972370,29.399268,-0.020383,176.917478,0.609357,-0.358726,0.609357,0.358726,0.000
333,10.991665,29.559991,-2.200000,0.783950,1.000000,0.000000,0.000000,0.000000,-19.054160,2.200000,0.750000,0.000000,0.000000,0.000000,1.000000,-35.757014,12.276261,0.750000,0.233445,0.000000,0.000000,0.972370,29.559268,-0.020172,177.332811,0.608344,-0.360441,0.608344,0.360441,4.167
334,11.020832,29.699991,-2.200000,0.783950,1.000000,0.000000,0.000000,0.000000,-19.156244,2.200000,0.750000,0.000000,0.000000,0.000000,1.000000,-35.866162,12.331875,0.750000,0.233445,0.000000,0.000000,0.972370,29.699267,-0.019943,177.696228,0.607254,-0.362275,0.607254,0.362275,0.000
335,11.054165,29.859991,-2.200000,0.783950,1.000000,0.000000,0.000000,0.000000,-19.272910,2.200000,0.750000,0.000000,0.000000,0.000000,1.000000,-35.990903,12.395434,0.750000,0.233445,0.000000,0.000000,0.972370,29.859267,-0.019627,178.111561,0.605757,-0.364772,0.605757,0.364772,4.167
336,11.087498,30.019991,-2.200000,0.783950,1.000000,0.000000,0.000000,0.000000,-19.389577,2.200000,0.750000,0.000000,0.000000,0.000000,1.000000,-36.115644,12.458993,0.750000,0.233445,0.000000,0.000000,0.972370,30.019266,-0.019258,178.526894,0.604004,-0.367667,0.604004,0.367667,4.167
337,11.120832,30.179991,-2.200000,0.783950,1.000000,0.000000,0.000000,0.000000,-19.506244,2.200000,0.750000,0.000000,0.000000,0.000000,1.000000,-36.240385,12.522551,0.750000,0.233445,0.000000,0.000000,0.972370,30.179266,-0.018836,178.942227,0.601995,-0.370948,0.601995,0.370948,0.000
338,11.154165,30.339991,-2.200000,0.783950,1.000000,0.000000,0.000000,0.000000,-19.622910,2.200000,0.750000,0.000000,0.000000,0.000000,1.000000,-36.365126,12.586110,0.750000,0.233445,0.000000,0.000000,0.972370,30.339265,-0.018360,179.357561,0.599716,-0.374620,0.599716,0.374620,4.167
339,11.187498,30.499991,-2.200000,0.783950,1.000000,0.000000,0.000000,0.000000,-19.739577,2.200000,0.750000,0.000000,0.000000,0.000000,1.000000,-36.489867,12.649668,0.750000,0.233445,0.000000,0.000000,0.972370,30.499264,-0.017833,179.772894,0.597179,-0.378651,0.597179,0.378651,4.167
340,11.220832,30.659991,-2.200000,0.783950,1.000000,0.000000,0.000000,0.000000,-19.856244,2.200000,0.750000,0.000000,0.000000,0.000000,1.000000,-36.614608,12.713227,0.750000,0.233445,0.000000,0.000000,0.972370,30.659263,-0.017258,180.188227,0.594383,-0.383026,0.594383,0.383026,0.000
341,11.254165,30.819991,-2.200000,0.783950,1.000000,0.000000,0.000000,0.000000,-19.972910,2.200000,0.750000,0.000000,0.000000,0.000000,1.000000,-36.739349,12.776786,0.750000,0.233445,0.000000,0.000000,0.972370,30.819261,-0.016634,180.603561,0.591317,-0.387742,0.591317,0.387742,4.167
342,11.287498,30.979991,-2.200000,0.783950,1.000000,0.000000,0.000000,0.000000,-20.089577,2.200000,0.750000,0.000000,0.000000,0.000000,1.000000,-36.864090,12.840344,0.750000,0.233445,0.000000,0.000000,0.972370,30.979260,-0.015963,181.018894,0.587992,-0.392766,0.587992,0.392766,4.167
343,11.320832,31.139991,-2.200000,0.783950,1.000000,0.000000,0.000000,0.000000,-20.206244,2.200000,0.750000,0.000000,0.000000,0.000000,1.000000,-36.988830,12.903903,0.750000,0.233445,0.000000,0.000000,0.972370,31.139258,-0.015249,181.434227,0.584409,-0.398078,0.584409,0.398078,0.000
344,11.354165,31.299991,-2.200000,0.783950,1.000000,0.000000,0.000000,0.000000,-20.322910,2.200000,0.750000,0.000000,0.000000,0.000000,1.000000,-37.113571,12.967462,0.750000,0.233445,0.000000,0.000000,0.972370,31.299256,-0.014491,181.849560,0.580559,-0.403672,0.580559,0.403672,4.167
345,11.387498,31.459991,-2.200000,0.783950,1.000000,0.000000,0.000000,0.000000,-20.439577,2.200000,0.750000,0.000000,0.000000,0.000000,1.000000,-37.238312,13.031020,0.750000,0.233445,0.000000,0.000000,0.972370,31.459253,-0.013694,182.264894,0.576455,-0.409512,0.576455,0.409512,4.167
346,11.420832,31.619991,-2.200000,0.783950,1.000000,0.000000,0.000000,0.000000,-20.556244,2.200000,0.750000,0.000000,0.000000,0.000000,1.000000,-37.363053,13.094579,0.750000,0.233445,0.000000,0.000000,0.972370,31.619251,-0.012858,182.680227,0.572099,-0.415576,0.572099,0.415576,0.000
347,11.449998,31.759991,-2.200000,0.783950,1.000000,0.000000,0.000000,0.000000,-20.658327,2.200000,0.750000,0.000000,0.000000,0.000000,1.000000,-37.472201,13.150193,0.750000,0.233445,0.000000,0.000000,0.972370,31.759248,-0.012096,183.043644,0.568076,-0.421058,0.568076,0.421058,4.167
348,11.483331,31.919991,-2.200000,0.783950,1.000000,0.000000,0.000000,0.000000,-20.774993,2.200000,0.750000,0.000000,0.000000,0.000000,1.000000,-37.596942,13.213752,0.750000,0.233445,0.000000,0.000000,0.972370,31.919245,-0.011195,183.458977,0.563254,-0.427486,0.563254,0.427486,0.000
349,11.516665,32.079991,-2.200000,0.783950,1.000000,0.000000,0.000000,0.000000,-20.891660,2.200000,0.750000,0.000000,0.000000,0.000000,1.000000,-37.721683,13.277310,0.750000,0.233445,0.000000,0.000000,0.972370,32.079242,-0.010262,183.874310,0.558188,-0.434081,0.558188,0.434081,4.167
350,11.549998,32.239991,-2.200000,0.783950,1.000000,0.000000,0.000000,0.000000,-21.008327,2.200000,0.750000,0.000000,0.000000,0.000000,1.000000,-37.846424,13.340869,0.750000,0.233445,0.000000,0.000000,0.972370,32.239239,-0.009300,184.289643,0.552891,-0.440808,0.552891,0.440808,4.167
351,11.583331,32.399991,-2.200000,0.783950,1.000000,0.000000,0.000000,0.000000,-21.124993,2.200000,0.750000,0.000000,0.000000,0.000000,1.000000,-37.971165,13.404428,0.750000,0.233445,0.000000,0.000000,0.972370,32.399235,-0.008312,184.704977,0.547372,-0.447642,0.547372,0.447642,0.000
352,11.616665,32.559991,-2.200000,0.783950,1.000000,0.000000,0.000000,0.000000,-21.241660,2.200000,0.750000,0.000000,0.000000,0.000000,1.000000,-38.095906,13.467986,0.750000,0.233445,0.000000,0.000000,0.972370,32.559231,-0.007301,185.120310,0.541635,-0.454567,0.541635,0.454567,4.167
353,11.649998,32.719991,-2.200000,0.783950,1.000000,0.000000,0.000000,0.000000,-21.358327,2.200000,0.750000,0.000000,0.000000,0.000000,1.000000,-38.220647,13.531545,0.750000,0.233445,0.000000,0.000000,0.972370,32.719227,-0.006268,185.535643,0.535697,-0.461550,0.535697,0.461550,4.167
354,11.683331,32.879991,-2.200000,0.783950,1.000000,0.000000,0.000000,0.000000,-21.474993,2.200000,0.750000,0.000000,0.000000,0.000000,1.000000,-38.345388,13.595104,0.750000,0.233445,0.000000,0.000000,0.972370,32.879223,-0.005218,185.950976,0.529570,-0.468568,0.529570,0.468568,0.000
355,11.716665,33.039991,-2.200000,0.783950,1.000000,0.000000,0.000000,0.000000,-21.591660,2.200000,0.750000,0.000000,0.000000,0.000000,1.000000,-38.470129,13.658662,0.750000,0.233445,0.000000,0.000000,0.972370,33.039219,-0.004153,186.366310,0.523263,-0.475601,0.523263,0.475601,4.167
356,11.749998,33.199991,-2.200000,0.783950,1.000000,0.000000,0.000000,0.000000,-21.708327,2.200000,0.750000,0.000000,0.000000,0.000000,1.000000,-38.594869,13.722221,0.750000,0.233445,0.000000,0.000000,0.972370,33.199215,-0.003075,186.781643,0.516795,-0.482621,0.516795,0.482621,4.167
357,11.783331,33.359991,-2.200000,0.783950,1.000000,0.000000,0.000000,0.000000,-21.824993,2.200000,0.750000,0.000000,0.000000,0.000000,1.000000,-38.719610,13.785780,0.750000,0.233445,0.000000,0.000000,0.972370,33.359211,-0.001989,187.196976,0.510182,-0.489607,0.510182,0.489607,0.000
358,11.816665,33.519991,-2.200000,0.783950,1.000000,0.000000,0.000000,0.000000,-21.941660,2.200000,0.750000,0.000000,0.000000,0.000000,1.000000,-38.844351,13.849338,0.750000,0.233445,0.000000,0.000000,0.972370,33.519206,-0.000896,187.612309,0.503439,-0.496537,0.503439,0.496537,4.167
359,11.845831,33.659991,-2.200000,0.783950,1.000000,0.000000,0.000000,0.000000,-22.043743,2.200000,0.750000,0.000000,0.000000,0.000000,1.000000,-38.953499,13.904952,0.750000,0.233445,0.000000,0.000000,0.972370,33.659202,0.000063,187.975726,0.497450,-0.502537,0.497450,0.502537,0.000
360,11.879165,33.819991,-2.200000,0.783950,1.000000,0.000000,0.000000,0.000000,-22.160410,2.200000,0.750000,0.000000,0.000000,0.000000,1.000000,-39.078240,13.968511,0.750000,0.233445,0.000000,0.000000,0.972370,33.819198,0.001159,188.391059,0.490519,-0.509305,0.490519,0.509305,4.167
361,11.912498,33.979991,-2.200000,0.783950,1.000000,0.000000,0.000000,0.000000,-22.277077,2.200000,0.750000,0.000000,0.000000,0.000000,1.000000,-39.202981,14.032069,0.750000,0.233445,0.000000,0.000000,0.972370,33.979194,0.002253,188.806393,0.483516,-0.515957,0.483516,0.515957,4.167
362,11.945831,34.139991,-2.200000,0.783950,1.000000,0.000000,0.000000,0.000000,-22.393743,2.200000,0.750000,0.000000,0.000000,0.000000,1.000000,-39.327722,14.095628,0.750000,0.233445,0.000000,0.000000,0.972370,34.139189,0.003341,189.221726,0.476463,-0.522477,0.476463,0.522477,0.000
363,11.979165,34.299991,-2.200000,0.783950,1.000000,0.000000,0.000000,0.000000,-22.510410,2.200000,0.750000,0.000000,0.000000,0.000000,1.000000,-39.452463,14.159187,0.750000,0.233445,0.000000,0.000000,0.972370,34.299185,0.004421,189.637059,0.469385,-0.528846,0.469385,0.528846,4.167
364,12.012498,34.459991,-2.200000,0.783950,1.000000,0.000000,0.000000,0.000000,-22.627077,2.200000,0.750000,0.000000,0.000000,0.000000,1.000000,-39.577204,14.222745,0.750000,0.233445,0.000000,0.000000,0.972370,34.459181,0.005490,190.052392,0.462301,-0.535049,0.462301,0.535049,4.167
365,12.045831,34.619991,-2.200000,0.783950,1.000000,0.000000,0.000000,0.000000,-22.743743,2.200000,0.750000,0.000000,0.000000,0.000000,1.000000,-39.701945,14.286304,0.750000,0.233445,0.000000,0.000000,0.972370,34.619177,0.006544,190.467726,0.455236,-0.541074,0.455236,0.541074,0.000
366,12.079165,34.779991,-2.200000,0.783950,1.000000,0.000000,0.000000,0.000000,-22.860410,2.200000,0.750000,0.000000,0.000000,0.000000,1.000000,-39.826686,14.349863,0.750000,0.233445,0.000000,0.000000,0.972370,34.779173,0.007581,190.883059,0.448218,-0.546901,0.448218,0.546901,4.167
367,12.112498,34.939991,-2.200000,0.783950,1.000000,0.000000,0.000000,0.000000,-22.977076,2.200000,0.750000,0.000000,0.000000,0.000000,1.000000,-39.951427,14.413421,0.750000,0.233445,0.000000,0.000000,0.972370,34.939169,0.008598,191.298392,0.441267,-0.552525,0.441267,0.552525,4.167
368,12.145831,35.099991,-2.200000,0.783950,1.000000,0.000000,0.000000,0.000000,-23.093743,2.200000,0.750000,0.000000,0.000000,0.000000,1.000000,-40.076168,14.476980,0.750000,0.233445,0.000000,0.000000,0.972370,35.099165,0.009592,191.713725,0.434406,-0.557935,0.434406,0.557935,0.000
369,12.179165,35.259991,-2.200000,0.783950,1.000000,0.000000,0.000000,0.000000,-23.210410,2.200000,0.750000,0.000000,0.000000,0.000000,1.000000,-40.200908,14.540539,0.750000,0.233445,0.000000,0.000000,0.972370,35.259162,0.010561,192.129059,0.427670,-0.563115,0.427670,0.563115,4.167
370,12.212498,35.419990,-2.200000,0.783950,1.000000,0.000000,0.000000,0.000000,-23.327076,2.200000,0.750000,0.000000,0.000000,0.000000,1.000000,-40.325649,14.604097,0.750000,0.233445,0.000000,0.000000,0.972370,35.419159,0.011501,192.544392,0.421074,-0.568064,0.421074,0.568064,4.167
371,12.245831,35.579990,-2.200000,0.783950,1.000000,0.000000,0.000000,0.000000,-23.443743,2.200000,0.750000,0.000000,0.000000,0.000000,1.000000,-40.450390,14.667656,0.750000,0.233445,0.000000,0.000000,0.972370,35.579156,0.012411,192.959725,0.414641,-0.572776,0.414641,0.572776,0.000
372,12.274998,35.719990,-2.200000,0.783950,1.000000,0.000000,0.000000,0.000000,-23.545826,2.200000,0.750000,0.000000,0.000000,0.000000,1.000000,-40.559538,14.723270,0.750000,0.233445,0.000000,0.000000,0.972370,35.719153,0.013179,193.323142,0.409177,-0.576692,0.409177,0.576692,4.167
373,12.308331,35.879990,-2.200000,0.783950,1.000000,0.000000,0.000000,0.000000,-23.662493,2.200000,0.750000,0.000000,0.000000,0.000000,1.000000,-40.684279,14.786828,0.750000,0.233445,0.000000,0.000000,0.972370,35.879150,0.014025,193.738475,0.403124,-0.580940,0.403124,0.580940,0.000
374,12.341665,36.039990,-2.200000,0.783950,1.000000,0.000000,0.000000,0.000000,-23.779160,2.200000,0.750000,0.000000,0.000000,0.000000,1.000000,-40.809020,14.850387,0.750000,0.233445,0.000000,0.000000,0.972370,36.039148,0.014832,194.153808,0.397315,-0.584928,0.397315,0.584928,4.167
375,12.374998,36.199990,-2.200000,0.783950,1.000000,0.000000,0.000000,0.000000,-23.895826,2.200000,0.750000,0.000000,0.000000,0.000000,1.000000,-40.933761,14.913946,0.750000,0.233445,0.000000,0.000000,0.972370,36.199146,0.015600,194.569142,0.391760,-0.588663,0.391760,0.588663,4.167
376,12.408331,36.359990,-2.200000,0.783950,1.000000,0.000000,0.000000,0.000000,-24.012493,2.200000,0.750000,0.000000,0.000000,0.000000,1.000000,-41.058502,14.977504,0.750000,0.233445,0.000000,0.000000,0.972370,36.359144,0.016326,194.984475,0.386479,-0.592143,0.386479,0.592143,0.000
377,12.441665,36.519990,-2.200000,0.783950,1.000000,0.000000,0.000000,0.000000,-24.129160,2.200000,0.750000,0.000000,0.000000,0.000000,1.000000,-41.183243,15.041063,0.750000,0.233445,0.000000,0.000000,0.972370,36.519142,0.017007,195.399808,0.381510,-0.595357,0.381510,0.595357,4.167
378,12.474998,36.679990,-2.200000,0.783950,1.000000,0.000000,0.000000,0.000000,-24.245826,2.200000,0.750000,0.000000,0.000000,0.000000,1.000000,-41.307984,15.104622,0.750000,0.233445,0.000000,0.000000,0.972370,36.679141,0.017643,195.815141,0.376854,-0.598315,0.376854,0.598315,4.167
379,12.508331,36.839990,-2.200000,0.783950,1.000000,0.000000,0.000000,0.000000,-24.362493,2.200000,0.750000,0.000000,0.000000,0.000000,1.000000,-41.432725,15.168180,0.750000,0.233445,0.000000,0.000000,0.972370,36.839139,0.018232,196.230475,0.372532,-0.601016,0.372532,0.601016,0.000
380,12.541665,36.999990,-2.200000,0.783950,1.000000,0.000000,0.000000,0.000000,-24.479160,2.200000,0.750000,0.000000,0.000000,0.000000,1.000000,-41.557466,15.231739,0.750000,0.233445,0.000000,0.000000,0.972370,36.999138,0.018770,196.645808,0.368575,-0.603450,0.368575,0.603450,4.167
381,12.574998,37.159990,-2.200000,0.783950,1.000000,0.000000,0.000000,0.000000,-24.595826,2.200000,0.750000,0.000000,0.000000,0.000000,1.000000,-41.682207,15.295298,0.750000,0.233445,0.000000,0.000000,0.972370,37.159137,0.019258,197.061141,0.364984,-0.605629,0.364984,0.605629,4.167
382,12.608331,37.319990,-2.200000,0.783950,1.000000,0.000000,0.000000,0.000000,-24.712493,2.200000,0.750000,0.000000,0.000000,0.000000,1.000000,-41.806947,15.358856,0.750000,0.233445,0.000000,0.000000,0.972370,37.319137,0.019695,197.476475,0.361771,-0.607554,0.361771,0.607554,0.000
383,12.641665,37.479990,-2.200000,0.783950,1.000000,0.000000,0.000000,0.000000,-24.829159,2.200000,0.750000,0.000000,0.000000,0.000000,1.000000,-41.931688,15.422415,0.750000,0.233445,0.000000,0.000000,0.972370,37.479136,0.020077,197.891808,0.358968,-0.609214,0.358968,0.609214,4.167
384,12.670831,37.619990,-2.200000,0.783950,1.000000,0.000000,0.000000,0.000000,-24.931243,2.200000,0.750000,0.000000,0.000000,0.000000,1.000000,-42.040837,15.478029,0.750000,0.233445,0.000000,0.000000,0.972370,37.619136,0.020368,198.255224,0.356839,-0.610464,0.356839,0.610464,0.000
385,12.704165,37.779990,-2.200000,0.783950,1.000000,0.000000,0.000000,0.000000,-25.047909,2.200000,0.750000,0.000000,0.000000,0.000000,1.000000,-42.165577,15.541588,0.750000,0.233445,0.000000,0.000000,0.972370,37.779135,0.020647,198.670558,0.354810,-0.611645,0.354810,0.611645,4.167
386,12.737498,37.939990,-2.200000,0.783950,1.000000,0.000000,0.000000,0.000000,-25.164576,2.200000,0.750000,0.000000,0.000000,0.000000,1.000000,-42.290318,15.605146,0.750000,0.233445,0.000000,0.000000,0.972370,37.939135,0.020872,199.085891,0.353201,-0.612576,0.353201,0.612576,4.167
387,12.770831,38.099990,-2.200000,0.783950,1.000000,0.000000,0.000000,0.000000,-25.281243,2.200000,0.750000,0.000000,0.000000,0.000000,1.000000,-42.415059,15.668705,0.750000,0.233445,0.000000,0.000000,0.972370,38.099135,0.021041,199.501224,0.352016,-0.613258,0.352016,0.613258,0.000
388,12.804165,38.259990,-2.200000,0.783950,1.000000,0.000000,0.000000,0.000000,-25.397909,2.200000,0.750000,0.000000,0.000000,0.000000,1.000000,-42.539800,15.732263,0.750000,0.233445,0.000000,0.000000,0.972370,38.259135,0.021151,199.916557,0.351280,-0.613679,0.351280,0.613679,4.167
389,12.837498,38.419990,-2.200000,0.783950,1.000000,0.000000,0.000000,0.000000,-25.514576,2.200000,0.750000,0.000000,0.000000,0.000000,1.000000,-42.664541,15.795822,0.750000,0.233445,0.000000,0.000000,0.972370,38.419135,0.021205,200.331891,0.350978,-0.613852,0.350978,0.613852,4.167
390,12.870831,38.579990,-2.200000,0.783950,1.000000,0.000000,0.000000,0.000000,-25.631243,2.200000,0.750000,0.000000,0.000000,0.000000,1.000000,-42.789282,15.859381,0.750000,0.233445,0.000000,0.000000,0.972370,38.579135,0.021202,200.747224,0.351108,-0.613778,0.351108,0.613778,0.000
391,12.904165,38.739990,-2.200000,0.783950,1.000000,0.000000,0.000000,0.000000,-25.747909,2.200000,0.750000,0.000000,0.000000,0.000000,1.000000,-42.914023,15.922939,0.750000,0.233445,0.000000,0.000000,0.972370,38.739135,0.021140,201.162557,0.351693,-0.613443,0.351693,0.613443,4.167
392,12.937498,38.899990,-2.200000,0.783950,1.000000,0.000000,0.000000,0.000000,-25.864576,2.200000,0.750000,0.000000,0.000000,0.000000,1.000000,-43.038764,15.986498,0.750000,0.233445,0.000000,0.000000,0.972370,38.899135,0.021022,201.577891,0.352708,-0.612860,0.352708,0.612860,4.167
393,12.970831,39.059990,-2.200000,0.783950,1.000000,0.000000,0.000000,0.000000,-25.981243,2.200000,0.750000,0.000000,0.000000,0.000000,1.000000,-43.163505,16.050057,0.750000,0.233445,0.000000,0.000000,0.972370,39.059135,0.020848,201.993224,0.354150,-0.612028,0.354150,0.612028,0.000
394,13.004165,39.219990,-2.200000,0.783950,1.000000,0.000000,0.000000,0.000000,-26.097909,2.200000,0.750000,0.000000,0.000000,0.000000,1.000000,-43.288246,16.113615,0.750000,0.233445,0.000000,0.000000,0.972370,39.219134,0.020616,202.408557,0.356033,-0.610934,0.356033,0.610934,4.167
395,13.037498,39.379990,-2.200000,0.783950,1.000000,0.000000,0.000000,0.000000,-26.214576,2.200000,0.750000,0.000000,0.000000,0.000000,1.000000,-43.412986,16.177174,0.750000,0.233445,0.000000,0.000000,0.972370,39.379134,0.020328,202.823890,0.358329,-0.609590,0.358329,0.609590,4.167
396,13.070831,39.539990,-2.200000,0.783950,1.000000,0.000000,0.000000,0.000000,-26.331243,2.200000,0.750000,0.000000,0.000000,0.000000,1.000000,-43.537727,16.240733,0.750000,0.233445,0.000000,0.000000,0.972370,39.539134,0.019987,203.239224,0.361031,-0.607994,0.361031,0.607994,0.000
397,13.099998,39.679990,-2.200000,0.783950,1.000000,0.000000,0.000000,0.000000,-26.433326,2.200000,0.750000,0.000000,0.000000,0.000000,1.000000,-43.646876,16.296347,0.750000,0.233445,0.000000,0.000000,0.972370,39.679133,0.019642,203.602640,0.363735,-0.606380,0.363735,0.606380,4.167
398,13.133331,39.839990,-2.200000,0.783950,1.000000,0.000000,0.000000,0.000000,-26.549993,2.200000,0.750000,0.000000,0.000000,0.000000,1.000000,-43.771616,16.359905,0.750000,0.233445,0.000000,0.000000,0.972370,39.839132,0.019200,204.017973,0.367178,-0.604302,0.367178,0.604302,0.000
399,13.166665,39.999990,-2.200000,0.783950,1.000000,0.000000,0.000000,0.000000,-26.666659,2.200000,0.750000,0.000000,0.000000,0.000000,1.000000,-43.896357,16.423464,0.750000,0.233445,0.000000,0.000000,0.972370,39.999132,0.018705,204.433307,0.371009,-0.601957,0.371009,0.601957,4.167
400,13.199998,40.159990,-2.200000,0.783950,1.000000,0.000000,0.000000,0.000000,-26.783326,2.200000,0.750000,0.000000,0.000000,0.000000,1.000000,-44.021098,16.487023,0.750000,0.233445,0.000000,0.000000,0.972370,40.159130,0.018160,204.848640,0.375194,-0.599357,0.375194,0.599357,4.167
401,13.233331,40.319990,-2.200000,0.783950,1.000000,0.000000,0.000000,0.000000,-26.899992,2.200000,0.750000,0.000000,0.000000,0.000000,1.000000,-44.145839,16.550581,0.750000,0.233445,0.000000,0.000000,0.972370,40.319129,0.017567,205.263973,0.379719,-0.596501,0.379719,0.596501,0.000
402,13.266665,40.479990,-2.200000,0.783950,1.000000,0.000000,0.000000,0.000000,-27.016659,2.200000,0.750000,0.000000,0.000000,0.000000,1.000000,-44.270580,16.614140,0.750000,0.233445,0.000000,0.000000,0.972370,40.479128,0.016924,205.679307,0.384582,-0.593377,0.384582,0.593377,4.167
403,13.299998,40.639990,-2.200000,0.783950,1.000000,0.000000,0.000000,0.000000,-27.133326,2.200000,0.750000,0.000000,0.000000,0.000000,1.000000,-44.395321,16.677699,0.750000,0.233445,0.000000,0.000000,0.972370,40.639126,0.016237,206.094640,0.389747,-0.589998,0.389747,0.589998,4.167
404,13.333331,40.799990,-2.200000,0.783950,1.000000,0.000000,0.000000,0.000000,-27.249992,2.200000,0.750000,0.000000,0.000000,0.000000,1.000000,-44.520062,16.741257,0.750000,0.233445,0.000000,0.000000,0.972370,40.799124,0.015507,206.509973,0.395195,-0.586363,0.395195,0.586363,0.000
405,13.366665,40.959990,-2.200000,0.783950,1.000000,0.000000,0.000000,0.000000,-27.366659,2.200000,0.750000,0.000000,0.000000,0.000000,1.000000,-44.644803,16.804816,0.750000,0.233445,0.000000,0.000000,0.972370,40.959122,0.014733,206.925306,0.400919,-0.582464,0.400919,0.582464,4.167
406,13.399998,41.119990,-2.200000,0.783950,1.000000,0.000000,0.000000,0.000000,-27.483326,2.200000,0.750000,0.000000,0.000000,0.000000,1.000000,-44.769544,16.868375,0.750000,0.233445,0.000000,0.000000,0.972370,41.119119,0.013921,207.340640,0.406882,-0.578314,0.406882,0.578314,4.167
407,13.433331,41.279990,-2.200000,0.783950,1.000000,0.000000,0.000000,0.000000,-27.599992,2.200000,0.750000,0.000000,0.000000,0.000000,1.000000,-44.894285,16.931933,0.750000,0.233445,0.000000,0.000000,0.972370,41.279117,0.013072,207.755973,0.413063,-0.573916,0.413063,0.573916,0.000
408,13.466665,41.439990,-2.200000,0.783950,1.000000,0.000000,0.000000,0.000000,-27.716659,2.200000,0.750000,0.000000,0.000000,0.000000,1.000000,-45.019025,16.995492,0.750000,0.233445,0.000000,0.000000,0.972370,41.439114,0.012186,208.171306,0.419449,-0.569265,0.419449,0.569265,4.167
409,13.495831,41.579990,-2.200000,0.783950,1.000000,0.000000,0.000000,0.000000,-27.818742,2.200000,0.750000,0.000000,0.000000,0.000000,1.000000,-45.128174,17.051106,0.750000,0.233445,0.000000,0.000000,0.972370,41.579111,0.011386,208.534723,0.425174,-0.565002,0.425174,0.565002,0.000
410,13.529165,41.739989,-2.200000,0.783950,1.000000,0.000000,0.000000,0.000000,-27.935409,2.200000,0.750000,0.000000,0.000000,0.000000,1.000000,-45.252915,17.114664,0.750000,0.233445,0.000000,0.000000,0.972370,41.739108,0.010441,208.950056,0.431866,-0.559904,0.431866,0.559904,4.167
411,13.562498,41.899989,-2.200000,0.783950,1.000000,0.000000,0.000000,0.000000,-28.052076,2.200000,0.750000,0.000000,0.000000,0.000000,1.000000,-45.377655,17.178223,0.750000,0.233445,0.000000,0.000000,0.972370,41.899104,0.009469,209.365389,0.438682,-0.554579,0.438682,0.554579,4.167
412,13.595831,42.059989,-2.200000,0.783950,1.000000,0.000000,0.000000,0.000000,-28.168742,2.200000,0.750000,0.000000,0.000000,0.000000,1.000000,-45.502396,17.241782,0.750000,0.233445,0.000000,0.000000,0.972370,42.059101,0.008472,209.780723,0.445598,-0.549037,0.445598,0.549037,0.000
413,13.629164,42.219989,-2.200000,0.783950,1.000000,0.000000,0.000000,0.000000,-28.285409,2.200000,0.750000,0.000000,0.000000,0.000000,1.000000,-45.627137,17.305340,0.750000,0.233445,0.000000,0.000000,0.972370,42.219097,0.007452,210.196056,0.452598,-0.543282,0.452598,0.543282,4.167
414,13.662498,42.379989,-2.200000,0.783950,1.000000,0.000000,0.000000,0.000000,-28.402076,2.200000,0.750000,0.000000,0.000000,0.000000,1.000000,-45.751878,17.368899,0.750000,0.233445,0.000000,0.000000,0.972370,42.379093,0.006413,210.611389,0.459648,-0.537330,0.459648,0.537330,4.167
415,13.695831,42.539989,-2.200000,0.783950,1.000000,0.000000,0.000000,0.000000,-28.518742,2.200000,0.750000,0.000000,0.000000,0.000000,1.000000,-45.876619,17.432458,0.750000,0.233445,0.000000,0.000000,0.972370,42.539089,0.005357,211.026722,0.466725,-0.531194,0.466725,0.531194,0.000
416,13.729164,42.699989,-2.200000,0.783950,1.000000,0.000000,0.000000,0.000000,-28.635409,2.200000,0.750000,0.000000,0.000000,0.000000,1.000000,-46.001360,17.496016,0.750000,0.233445,0.000000,0.000000,0.972370,42.699085,0.004287,211.442056,0.473811,-0.524884,0.473811,0.524884,4.167
417,13.762498,42.859989,-2.200000,0.783950,1.000000,0.000000,0.000000,0.000000,-28.752076,2.200000,0.750000,0.000000,0.000000,0.000000,1.000000,-46.126101,17.559575,0.750000,0.233445,0.000000,0.000000,0.972370,42.859080,0.003206,211.857389,0.480876,-0.518419,0.480876,0.518419,4.167
418,13.795831,43.019989,-2.200000,0.783950,1.000000,0.000000,0.000000,0.000000,-28.868742,2.200000,0.750000,0.000000,0.000000,0.000000,1.000000,-46.250842,17.623134,0.750000,0.233445,0.000000,0.000000,0.972370,43.019076,0.002116,212.272722,0.487899,-0.511815,0.487899,0.511815,0.000
419,13.829164,43.179989,-2.200000,0.783950,1.000000,0.000000,0.000000,0.000000,-28.985409,2.200000,0.750000,0.000000,0.000000,0.000000,1.000000,-46.375583,17.686692,0.750000,0.233445,0.000000,0.000000,0.972370,43.179072,0.001022,212.688055,0.494859,-0.505088,0.494859,0.505088,4.167
420,13.862498,43.339989,-2.200000,0.783950,1.000000,0.000000,0.000000,0.000000,-29.102075,2.200000,0.750000,0.000000,0.000000,0.000000,1.000000,-46.500324,17.750251,0.750000,0.233445,0.000000,0.000000,0.972370,43.339067,-0.000074,213.103389,0.501735,-0.498259,0.501735,0.498259,4.167
421,13.895831,43.499989,-2.200000,0.783950,1.000000,0.000000,0.000000,0.000000,-29.218742,2.200000,0.750000,0.000000,0.000000,0.000000,1.000000,-46.625064,17.813810,0.750000,0.233445,0.000000,0.000000,0.972370,43.499063,-0.001170,213.518722,0.508507,-0.491346,0.508507,0.491346,0.000
422,13.924998,43.639989,-2.200000,0.783950,1.000000,0.000000,0.000000,0.000000,-29.320825,2.200000,0.750000,0.000000,0.000000,0.000000,1.000000,-46.734213,17.869423,0.750000,0.233445,0.000000,0.000000,0.972370,43.639059,-0.002125,213.882139,0.514330,-0.485247,0.514330,0.485247,4.167
423,13.958331,43.799989,-2.200000,0.783950,1.000000,0.000000,0.000000,0.000000,-29.437492,2.200000,0.750000,0.000000,0.000000,0.000000,1.000000,-46.858954,17.932982,0.750000,0.233445,0.000000,0.000000,0.972370,43.799055,-0.003211,214.297472,0.520855,-0.478236,0.520855,0.478236,0.000
424,13.991664,43.959989,-2.200000,0.783950,1.000000,0.000000,0.000000,0.000000,-29.554159,2.200000,0.750000,0.000000,0.000000,0.000000,1.000000,-46.983694,17.996541,0.750000,0.233445,0.000000,0.000000,0.972370,43.959050,-0.004287,214.712805,0.527223,-0.471207,0.527223,0.471207,4.167
425,14.024998,44.119989,-2.200000,0.783950,1.000000,0.000000,0.000000,0.000000,-29.670825,2.200000,0.750000,0.000000,0.000000,0.000000,1.000000,-47.108435,18.060099,0.750000,0.233445,0.000000,0.000000,0.972370,44.119046,-0.005350,215.128138,0.533420,-0.464180,0.533420,0.464180,4.167
426,14.058331,44.279989,-2.200000,0.783950,1.000000,0.000000,0.000000,0.000000,-29.787492,2.200000,0.750000,0.000000,0.000000,0.000000,1.000000,-47.233176,18.123658,0.750000,0.233445,0.000000,0.000000,0.972370,44.279042,-0.006398,215.543472,0.539433,-0.457179,0.539433,0.457179,0.000
427,14.091664,44.439989,-2.200000,0.783950,1.000000,0.000000,0.000000,0.000000,-29.904159,2.200000,0.750000,0.000000,0.000000,0.000000,1.000000,-47.357917,18.187217,0.750000,0.233445,0.000000,0.000000,0.972370,44.439038,-0.007428,215.958805,0.545244,-0.450233,0.545244,0.450233,4.167
428,14.124998,44.599989,-2.200000,0.783950,1.000000,0.000000,0.000000,0.000000,-30.020825,2.200000,0.750000,0.000000,0.000000,0.000000,1.000000,-47.482658,18.250775,0.750000,0.233445,0.000000,0.000000,0.972370,44.599035,-0.008437,216.374138,0.550846,-0.443361,0.550846,0.443361,4.167
429,14.158331,44.759989,-2.200000,0.783950,1.000000,0.000000,0.000000,0.000000,-30.137492,2.200000,0.750000,0.000000,0.000000,0.000000,1.000000,-47.607399,18.314334,0.750000,0.233445,0.000000,0.000000,0.972370,44.759031,-0.009422,216.789471,0.556230,-0.436587,0.556230,0.436587,0.000
430,14.191664,44.919989,-2.200000,0.783950,1.000000,0.000000,0.000000,0.000000,-30.254159,2.200000,0.750000,0.000000,0.000000,0.000000,1.000000,-47.732140,18.377893,0.750000,0.233445,0.000000,0.000000,0.972370,44.919028,-0.010380,217.204805,0.561380,-0.429945,0.561380,0.429945,4.167
431,14.224998,45.079989,-2.200000,0.783950,1.000000,0.000000,0.000000,0.000000,-30.370825,2.200000,0.750000,0.000000,0.000000,0.000000,1.000000,-47.856881,18.441451,0.750000,0.233445,0.000000,0.000000,0.972370,45.079024,-0.011309,217.620138,0.566295,-0.423450,0.566295,0.423450,4.167
432,14.258331,45.239989,-2.200000,0.783950,1.000000,0.000000,0.000000,0.000000,-30.487492,2.200000,0.750000,0.000000,0.000000,0.000000,1.000000,-47.981622,18.505010,0.750000,0.233445,0.000000,0.000000,0.972370,45.239021,-0.012207,218.035471,0.570969,-0.417126,0.570969,0.417126,0.000
433,14.291664,45.399989,-2.200000,0.783950,1.000000,0.000000,0.000000,0.000000,-30.604159,2.200000,0.750000,0.000000,0.000000,0.000000,1.000000,-48.106363,18.568569,0.750000,0.233445,0.000000,0.000000,0.972370,45.399019,-0.013070,218.450805,0.575388,-0.411009,0.575388,0.411009,4.167
434,14.320831,45.539989,-2.200000,0.783950,1.000000,0.000000,0.000000,0.000000,-30.706242,2.200000,0.750000,0.000000,0.000000,0.000000,1.000000,-48.215511,18.624183,0.750000,0.233445,0.000000,0.000000,0.972370,45.539017,-0.013796,218.814221,0.579053,-0.405830,0.579053,0.405830,0.000
435,14.354164,45.699989,-2.200000,0.783950,1.000000,0.000000,0.000000,0.000000,-30.822909,2.200000,0.750000,0.000000,0.000000,0.000000,1.000000,-48.340252,18.687741,0.750000,0.233445,0.000000,0.000000,0.972370,45.699014,-0.014588,219.229554,0.582993,-0.400149,0.582993,0.400149,4.167
436,14.387498,45.859989,-2.200000,0.783950,1.000000,0.000000,0.000000,0.000000,-30.939575,2.200000,0.750000,0.000000,0.000000,0.000000,1.000000,-48.464993,18.751300,0.750000,0.233445,0.000000,0.000000,0.972370,45.859012,-0.015340,219.644888,0.586677,-0.394727,0.586677,0.394727,4.167
437,14.420831,46.019989,-2.200000,0.783950,1.000000,0.000000,0.000000,0.000000,-31.056242,2.200000,0.750000,0.000000,0.000000,0.000000,1.000000,-48.589733,18.814858,0.750000,0.233445,0.000000,0.000000,0.972370,46.019010,-0.016050,220.060221,0.590104,-0.389586,0.590104,0.389586,0.000
438,14.454164,46.179989,-2.200000,0.783950,1.000000,0.000000,0.000000,0.000000,-31.172908,2.200000,0.750000,0.000000,0.000000,0.000000,1.000000,-48.714474,18.878417,0.750000,0.233445,0.000000,0.000000,0.972370,46.179009,-0.016714,220.475554,0.593262,-0.384760,0.593262,0.384760,4.167
439,14.487498,46.339989,-2.200000,0.783950,1.000000,0.000000,0.000000,0.000000,-31.289575,2.200000,0.750000,0.000000,0.000000,0.000000,1.000000,-48.839215,18.941976,0.750000,0.233445,0.000000,0.000000,0.972370,46.339007,-0.017332,220.890887,0.596160,-0.380254,0.596160,0.380254,4.167
440,14.520831,46.499989,-2.200000,0.783950,1.000000,0.000000,0.000000,0.000000,-31.406242,2.200000,0.750000,0.000000,0.000000,0.000000,1.000000,-48.963956,19.005534,0.750000,0.233445,0.000000,0.000000,0.972370,46.499006,-0.017903,221.306221,0.598799,-0.376085,0.598799,0.376085,0.000
441,14.554164,46.659989,-2.200000,0.783950,1.000000,0.000000,0.000000,0.000000,-31.522908,2.200000,0.750000,0.000000,0.000000,0.000000,1.000000,-49.088697,19.069093,0.750000,0.233445,0.000000,0.000000,0.972370,46.659005,-0.018422,221.721554,0.601168,-0.372286,0.601168,0.372286,4.167
442,14.587498,46.819989,-2.200000,0.783950,1.000000,0.000000,0.000000,0.000000,-31.639575,2.200000,0.750000,0.000000,0.000000,0.000000,1.000000,-49.213438,19.132652,0.750000,0.233445,0.000000,0.000000,0.972370,46.819004,-0.018891,222.136887,0.603280,-0.368855,0.603280,0.368855,4.167
443,14.620831,46.979989,-2.200000,0.783950,1.000000,0.000000,0.000000,0.000000,-31.756242,2.200000,0.750000,0.000000,0.000000,0.000000,1.000000,-49.338179,19.196210,0.750000,0.233445,0.000000,0.000000,0.972370,46.979003,-0.019308,222.552221,0.605134,-0.365805,0.605134,0.365805,0.000
444,14.654164,47.139989,-2.200000,0.783950,1.000000,0.000000,0.000000,0.000000,-31.872908,2.200000,0.750000,0.000000,0.000000,0.000000,1.000000,-49.462920,19.259769,0.750000,0.233445,0.000000,0.000000,0.972370,47.139003,-0.019670,222.967554,0.606720,-0.363168,0.606720,0.363168,4.167
445,14.687498,47.299989,-2.200000,0.783950,1.000000,0.000000,0.000000,0.000000,-31.989575,2.200000,0.750000,0.000000,0.000000,0.000000,1.000000,-49.587661,19.323328,0.750000,0.233445,0.000000,0.000000,0.972370,47.299003,-0.019978,223.382887,0.608051,-0.360934,0.608051,0.360934,4.167
446,14.720831,47.459989,-2.200000,0.783950,1.000000,0.000000,0.000000,0.000000,-32.106242,2.200000,0.750000,0.000000,0.000000,0.000000,1.000000,-49.712402,19.386886,0.750000,0.233445,0.000000,0.000000,0.972370,47.459002,-0.020231,223.798220,0.609129,-0.359113,0.609129,0.359113,0.000
447,14.749998,47.599989,-2.200000,0.783950,1.000000,0.000000,0.000000,0.000000,-32.208325,2.200000,0.750000,0.000000,0.000000,0.000000,1.000000,-49.821550,19.442500,0.750000,0.233445,0.000000,0.000000,0.972370,47.599002,-0.020405,224.161637,0.609853,-0.357882,0.609853,0.357882,4.167
448,14.783331,47.759989,-2.200000,0.783950,1.000000,0.000000,0.000000,0.000000,-32.324992,2.200000,0.750000,0.000000,0.000000,0.000000,1.000000,-49.946291,19.506059,0.750000,0.233445,0.000000,0.000000,0.972370,47.759002,-0.020552,224.576970,0.610448,-0.356865,0.610448,0.356865,0.000
449,14.816664,47.919988,-2.200000,0.783950,1.000000,0.000000,0.000000,0.000000,-32.441658,2.200000,0.750000,0.000000,0.000000,0.000000,1.000000,-50.071032,19.569618,0.750000,0.233445,0.000000,0.000000,0.972370,47.919002,-0.020641,224.992303,0.610780,-0.356298,0.610780,0.356298,4.167
450,14.849998,48.079988,-2.200000,0.783950,1.000000,0.000000,0.000000,0.000000,-32.558325,2.200000,0.750000,0.000000,0.000000,0.000000,1.000000,-50.195772,19.633176,0.750000,0.233445,0.000000,0.000000,0.972370,48.079002,-0.020673,225.407637,0.610860,-0.356161,0.610860,0.356161,4.167
451,14.883331,48.239988,-2.200000,0.783950,1.000000,0.000000,0.000000,0.000000,-32.674992,2.200000,0.750000,0.000000,0.000000,0.000000,1.000000,-50.320513,19.696735,0.750000,0.233445,0.000000,0.000000,0.972370,48.239002,-0.020649,225.822970,0.610688,-0.356455,0.610688,0.356455,0.000
452,14.916664,48.399988,-2.200000,0.783950,1.000000,0.000000,0.000000,0.000000,-32.791658,2.200000,0.750000,0.000000,0.000000,0.000000,1.000000,-50.445254,19.760294,0.750000,0.233445,0.000000,0.000000,0.972370,48.399002,-0.020566,226.238303,0.610253,-0.357200,0.610253,0.357200,4.167
453,14.949998,48.559988,-2.200000,0.783950,1.000000,0.000000,0.000000,0.000000,-32.908325,2.200000,0.750000,0.000000,0.000000,0.000000,1.000000,-50.569995,19.823852,0.750000,0.233445,0.000000,0.000000,0.972370,48.559002,-0.020426,226.653637,0.609565,-0.358372,0.609565,0.358372,4.167
454,14.983331,48.719988,-2.200000,0.783950,1.000000,0.000000,0.000000,0.000000,-33.024992,2.200000,0.750000,0.000000,0.000000,0.000000,1.000000,-50.694736,19.887411,0.750000,0.233445,0.000000,0.000000,0.972370,48.719002,-0.020231,227.068970,0.608624,-0.359967,0.608624,0.359967,0.000
455,15.016664,48.879988,-2.200000,0.783950,1.000000,0.000000,0.000000,0.000000,-33.141658,2.200000,0.750000,0.000000,0.000000,0.000000,1.000000,-50.819477,19.950970,0.750000,0.233445,0.000000,0.000000,0.972370,48.879001,-0.019978,227.484303,0.607418,-0.361999,0.607418,0.361999,4.167
456,15.049998,49.039988,-2.200000,0.783950,1.000000,0.000000,0.000000,0.000000,-33.258325,2.200000,0.750000,0.000000,0.000000,0.000000,1.000000,-50.944218,20.014528,0.750000,0.233445,0.000000,0.000000,0.972370,49.039001,-0.019670,227.899636,0.605958,-0.364438,0.605958,0.364438,4.167
457,15.083331,49.199988,-2.200000,0.783950,1.000000,0.000000,0.000000,0.000000,-33.374991,2.200000,0.750000,0.000000,0.000000,0.000000,1.000000,-51.068959,20.078087,0.750000,0.233445,0.000000,0.000000,0.972370,49.199001,-0.019370,228.314970,0.604230,-0.367296,0.604230,0.367296,0.000
458,15.116664,49.359988,-2.200000,0.783950,1.000000,0.000000,0.000000,0.000000,-33.491658,2.200000,0.750000,0.000000,0.000000,0.000000,1.000000,-51.193700,20.141646,0.750000,0.233445,0.000000,0.000000,0.972370,49.359000,-0.018953,228.730303,0.602245,-0.370541,0.602245,0.370541,4.167
459,15.145831,49.499988,-2.200000,0.783950,1.000000,0.000000,0.000000,0.000000,-33.593741,2.200000,0.750000,0.000000,0.000000,0.000000,1.000000,-51.302848,20.197259,0.750000,0.233445,0.000000,0.000000,0.972370,49.498999,-0.018547,229.093719,0.600301,-0.373682,0.600301,0.373682,0.000
460,15.179164,49.659988,-2.200000,0.783950,1.000000,0.000000,0.000000,0.000000,-33.710408,2.200000,0.750000,0.000000,0.000000,0.000000,1.000000,-51.427589,20.260818,0.750000,0.233445,0.000000,0.000000,0.972370,49.658998,-0.018032,229.509053,0.597826,-0.377629,0.597826,0.377629,4.167
461,15.212498,49.819988,-2.200000,0.783950,1.000000,0.000000,0.000000,0.000000,-33.827075,2.200000,0.750000,0.000000,0.000000,0.000000,1.000000,-51.552330,20.324377,0.750000,0.233445,0.000000,0.000000,0.972370,49.818997,-0.017468,229.924386,0.595092,-0.381923,0.595092,0.381923,4.167
462,15.245831,49.979988,-2.200000,0.783950,1.000000,0.000000,0.000000,0.000000,-33.943741,2.200000,0.750000,0.000000,0.000000,0.000000,1.000000,-51.677071,20.387935,0.750000,0.233445,0.000000,0.000000,0.972370,49.978996,-0.016857,230.339719,0.592099,-0.386548,0.592099,0.386548,0.000
463,15.279164,50.139988,-2.200000,0.783950,1.000000,0.000000,0.000000,0.000000,-34.060408,2.200000,0.750000,0.000000,0.000000,0.000000,1.000000,-51.801811,20.451494,0.750000,0.233445,0.000000,0.000000,0.972370,50.138994,-0.016197,230.755053,0.588836,-0.391500,0.588836,0.391500,4.167
464,15.312498,50.299988,-2.200000,0.783950,1.000000,0.000000,0.000000,0.000000,-34.177075,2.200000,0.750000,0.000000,0.000000,0.000000,1.000000,-51.926552,20.515053,0.750000,0.233445,0.000000,0.000000,0.972370,50.298992,-0.015494,231.170386,0.585314,-0.396746,0.585314,0.396746,4.167
465,15.345831,50.459988,-2.200000,0.783950,1.000000,0.000000,0.000000,0.000000,-34.293741,2.200000,0.750000,0.000000,0.000000,0.000000,1.000000,-52.051293,20.578611,0.750000,0.233445,0.000000,0.000000,0.972370,50.458990,-0.014747,231.585719,0.581535,-0.402264,0.581535,0.402264,0.000
466,15.379164,50.619988,-2.200000,0.783950,1.000000,0.000000,0.000000,0.000000,-34.410408,2.200000,0.750000,0.000000,0.000000,0.000000,1.000000,-52.176034,20.642170,0.750000,0.233445,0.000000,0.000000,0.972370,50.618988,-0.013959,232.001052,0.577492,-0.408048,0.577492,0.408048,4.167
467,15.412498,50.779988,-2.200000,0.783950,1.000000,0.000000,0.000000,0.000000,-34.527075,2.200000,0.750000,0.000000,0.000000,0.000000,1.000000,-52.300775,20.705729,0.750000,0.233445,0.000000,0.000000,0.972370,50.778985,-0.013132,232.416386,0.573196,-0.414061,0.573196,0.414061,4.167
468,15.445831,50.939988,-2.200000,0.783950,1.000000,0.000000,0.000000,0.000000,-34.643741,2.200000,0.750000,0.000000,0.000000,0.000000,1.000000,-52.425516,20.769287,0.750000,0.233445,0.000000,0.000000,0.972370,50.938983,-0.012270,232.831719,0.568651,-0.420280,0.568651,0.420280,0.000
469,15.479164,51.099988,-2.200000,0.783950,1.000000,0.000000,0.000000,0.000000,-34.760408,2.200000,0.750000,0.000000,0.000000,0.000000,1.000000,-52.550257,20.832846,0.750000,0.233445,0.000000,0.000000,0.972370,51.098980,-0.011372,233.247052,0.563855,-0.426694,0.563855,0.426694,4.167
470,15.512498,51.259988,-2.200000,0.783950,1.000000,0.000000,0.000000,0.000000,-34.877075,2.200000,0.750000,0.000000,0.000000,0.000000,1.000000,-52.674998,20.896405,0.750000,0.233445,0.000000,0.000000,0.972370,51.258977,-0.010442,233.662385,0.558820,-0.433267,0.558820,0.433267,4.167
471,15.545831,51.419988,-2.200000,0.783950,1.000000,0.000000,0.000000,0.000000,-34.993741,2.200000,0.750000,0.000000,0.000000,0.000000,1.000000,-52.799739,20.959963,0.750000,0.233445,0.000000,0.000000,0.972370,51.418973,-0.009485,234.077719,0.553554,-0.439975,0.553554,0.439975,0.000
472,15.574998,51.559988,-2.200000,0.783950,1.000000,0.000000,0.000000,0.000000,-35.095825,2.200000,0.750000,0.000000,0.000000,0.000000,1.000000,-52.908887,21.015577,0.750000,0.233445,0.000000,0.000000,0.972370,51.558970,-0.008624,234.441135,0.548757,-0.445944,0.548757,0.445944,4.167
473,15.608331,51.719988,-2.200000,0.783950,1.000000,0.000000,0.000000,0.000000,-35.212491,2.200000,0.750000,0.000000,0.000000,0.000000,1.000000,-53.033628,21.079136,0.750000,0.233445,0.000000,0.000000,0.972370,51.718966,-0.007618,234.856469,0.543076,-0.452844,0.543076,0.452844,0.000
474,15.641664,51.879988,-2.200000,0.783950,1.000000,0.000000,0.000000,0.000000,-35.329158,2.200000,0.750000,0.000000,0.000000,0.000000,1.000000,-53.158369,21.142694,0.750000,0.233445,0.000000,0.000000,0.972370,51.878962,-0.006590,235.271802,0.537186,-0.459817,0.537186,0.459817,4.167
475,15.674997,52.039988,-2.200000,0.783950,1.000000,0.000000,0.000000,0.000000,-35.445824,2.200000,0.750000,0.000000,0.000000,0.000000,1.000000,-53.283110,21.206253,0.750000,0.233445,0.000000,0.000000,0.972370,52.038958,-0.005544,235.687135,0.531103,-0.466829,0.531103,0.466829,4.167
476,15.708331,52.199988,-2.200000,0.783950,1.000000,0.000000,0.000000,0.000000,-35.562491,2.200000,0.750000,0.000000,0.000000,0.000000,1.000000,-53.407850,21.269812,0.750000,0.233445,0.000000,0.000000,0.972370,52.198954,-0.004483,236.102468,0.524841,-0.473858,0.524841,0.473858,0.000
477,15.741664,52.359988,-2.200000,0.783950,1.000000,0.000000,0.000000,0.000000,-35.679158,2.200000,0.750000,0.000000,0.000000,0.000000,1.000000,-53.532591,21.333370,0.750000,0.233445,0.000000,0.000000,0.972370,52.358950,-0.003408,236.517802,0.518411,-0.480885,0.518411,0.480885,4.167
478,15.774997,52.519988,-2.200000,0.783950,1.000000,0.000000,0.000000,0.000000,-35.795824,2.200000,0.750000,0.000000,0.000000,0.000000,1.000000,-53.657332,21.396929,0.750000,0.233445,0.000000,0.000000,0.972370,52.518946,-0.002324,236.933135,0.511832,-0.487881,0.511832,0.487881,4.167
479,15.808331,52.679988,-2.200000,0.783950,1.000000,0.000000,0.000000,0.000000,-35.912491,2.200000,0.750000,0.000000,0.000000,0.000000,1.000000,-53.782073,21.460488,0.750000,0.233445,0.000000,0.000000,0.972370,52.678941,-0.001232,237.348468,0.505120,-0.494827,0.505120,0.494827,0.000
480,15.841664,52.839988,-2.200000,0.783950,1.000000,0.000000,0.000000,0.000000,-36.029158,2.200000,0.750000,0.000000,0.000000,0.000000,1.000000,-53.906814,21.524046,0.750000,0.233445,0.000000,0.000000,0.972370,52.838937,-0.000137,237.763801,0.498294,-0.501700,0.498294,0.501700,4.167
481,15.874997,52.999988,-2.200000,0.783950,1.000000,0.000000,0.000000,0.000000,-36.145824,2.200000,0.750000,0.000000,0.000000,0.000000,1.000000,-54.031555,21.587605,0.750000,0.233445,0.000000,0.000000,0.972370,52.998933,0.000960,238.179135,0.491374,-0.508480,0.491374,0.508480,4.167
482,15.908331,53.159988,-2.200000,0.783950,1.000000,0.000000,0.000000,0.000000,-36.262491,2.200000,0.750000,0.000000,0.000000,0.000000,1.000000,-54.156296,21.651164,0.750000,0.233445,0.000000,0.000000,0.972370,53.158928,0.002054,238.594468,0.484378,-0.515148,0.484378,0.515148,0.000
483,15.941664,53.319988,-2.200000,0.783950,1.000000,0.000000,0.000000,0.000000,-36.379158,2.200000,0.750000,0.000000,0.000000,0.000000,1.000000,-54.281037,21.714722,0.750000,0.233445,0.000000,0.000000,0.972370,53.318924,0.003143,239.009801,0.477331,-0.521685,0.477331,0.521685,4.167
484,15.970831,53.459988,-2.200000,0.783950,1.000000,0.000000,0.000000,0.000000,-36.481241,2.200000,0.750000,0.000000,0.000000,0.000000,1.000000,-54.390185,21.770336,0.750000,0.233445,0.000000,0.000000,0.972370,53.458920,0.004090,239.373218,0.471138,-0.527284,0.471138,0.527284,0.000
485,16.004164,53.619988,-2.200000,0.783950,1.000000,0.000000,0.000000,0.000000,-36.597908,2.200000,0.750000,0.000000,0.000000,0.000000,1.000000,-54.514926,21.833895,0.750000,0.233445,0.000000,0.000000,0.972370,53.618916,0.005161,239.788551,0.464054,-0.533529,0.464054,0.533529,4.167
486,16.037497,53.779988,-2.200000,0.783950,1.000000,0.000000,0.000000,0.000000,-36.714574,2.200000,0.750000,0.000000,0.000000,0.000000,1.000000,-54.639667,21.897453,0.750000,0.233445,0.000000,0.000000,0.972370,53.778912,0.006219,240.203884,0.456983,-0.539598,0.456983,0.539598,4.167
487,16.070831,53.939988,-2.200000,0.783950,1.000000,0.000000,0.000000,0.000000,-36.831241,2.200000,0.750000,0.000000,0.000000,0.000000,1.000000,-54.764408,21.961012,0.750000,0.233445,0.000000,0.000000,0.972370,53.938908,0.007261,240.619218,0.449948,-0.545479,0.449948,0.545479,0.000
488,16.104164,54.099988,-2.200000,0.783950,1.000000,0.000000,0.000000,0.000000,-36.947908,2.200000,0.750000,0.000000,0.000000,0.000000,1.000000,-54.889149,22.024571,0.750000,0.233445,0.000000,0.000000,0.972370,54.098904,0.008283,241.034551,0.442979,-0.551153,0.442979,0.551153,4.167
489,16.137497,54.259987,-2.200000,0.783950,1.000000,0.000000,0.000000,0.000000,-37.064574,2.200000,0.750000,0.000000,0.000000,0.000000,1.000000,-55.013889,22.088129,0.750000,0.233445,0.000000,0.000000,0.972370,54.258900,0.009283,241.449884,0.436096,-0.556615,0.436096,0.556615,4.167
490,16.170831,54.419987,-2.200000,0.783950,1.000000,0.000000,0.000000,0.000000,-37.181241,2.200000,0.750000,0.000000,0.000000,0.000000,1.000000,-55.138630,22.151688,0.750000,0.233445,0.000000,0.000000,0.972370,54.418897,0.010259,241.865217,0.429321,-0.561857,0.429321,0.561857,0.000
491,16.204164,54.579987,-2.200000,0.783950,1.000000,0.000000,0.000000,0.000000,-37.297907,2.200000,0.750000,0.000000,0.000000,0.000000,1.000000,-55.263371,22.215247,0.750000,0.233445,0.000000,0.000000,0.972370,54.578893,0.011206,242.280551,0.422690,-0.566863,0.422690,0.566863,4.167
492,16.237497,54.739987,-2.200000,0.783950,1.000000,0.000000,0.000000,0.000000,-37.414574,2.200000,0.750000,0.000000,0.000000,0.000000,1.000000,-55.388112,22.278805,0.750000,0.233445,0.000000,0.000000,0.972370,54.738890,0.012124,242.695884,0.416217,-0.571632,0.416217,0.571632,4.167
493,16.270831,54.899987,-2.200000,0.783950,1.000000,0.000000,0.000000,0.000000,-37.531241,2.200000,0.750000,0.000000,0.000000,0.000000,1.000000,-55.512853,22.342364,0.750000,0.233445,0.000000,0.000000,0.972370,54.898887,0.013009,243.111217,0.409927,-0.576160,0.409927,0.576160,0.000
494,16.304164,55.059987,-2.200000,0.783950,1.000000,0.000000,0.000000,0.000000,-37.647907,2.200000,0.750000,0.000000,0.000000,0.000000,1.000000,-55.637594,22.405923,0.750000,0.233445,0.000000,0.000000,0.972370,55.058885,0.013859,243.526550,0.403853,-0.580433,0.403853,0.580433,4.167
495,16.337497,55.219987,-2.200000,0.783950,1.000000,0.000000,0.000000,0.000000,-37.764574,2.200000,0.750000,0.000000,0.000000,0.000000,1.000000,-55.762335,22.469481,0.750000,0.233445,0.000000,0.000000,0.972370,55.218882,0.014671,243.941884,0.398009,-0.584456,0.398009,0.584456,4.167
496,16.370831,55.379987,-2.200000,0.783950,1.000000,0.000000,0.000000,0.000000,-37.881241,2.200000,0.750000,0.000000,0.000000,0.000000,1.000000,-55.887076,22.533040,0.750000,0.233445,0.000000,0.000000,0.972370,55.378880,0.015444,244.357217,0.392416,-0.588226,0.392416,0.588226,0.000
497,16.399997,55.519987,-2.200000,0.783950,1.000000,0.000000,0.000000,0.000000,-37.983324,2.200000,0.750000,0.000000,0.000000,0.000000,1.000000,-55.996224,22.588654,0.750000,0.233445,0.000000,0.000000,0.972370,55.518878,0.016086,244.720634,0.387757,-0.591307,0.387757,0.591307,4.167
498,16.433331,55.679987,-2.200000,0.783950,1.000000,0.000000,0.000000,0.000000,-38.099991,2.200000,0.750000,0.000000,0.000000,0.000000,1.000000,-56.120965,22.652213,0.750000,0.233445,0.000000,0.000000,0.972370,55.678877,0.016779,245.135967,0.382700,-0.594593,0.382700,0.594593,0.000
499,16.466664,55.839987,-2.200000,0.783950,1.000000,0.000000,0.000000,0.000000,-38.216657,2.200000,0.750000,0.000000,0.000000,0.000000,1.000000,-56.245706,22.715771,0.750000,0.233445,0.000000,0.000000,0.972370,55.838875,0.017426,245.551300,0.377968,-0.597612,0.377968,0.597612,4.167
500,16.499997,55.999987,-2.200000,0.783950,1.000000,0.000000,0.000000,0.000000,-38.333324,2.200000,0.750000,0.000000,0.000000,0.000000,1.000000,-56.370447,22.779330,0.750000,0.233445,0.000000,0.000000,0.972370,55.998874,0.018026,245.966633,0.373565,-0.600374,0.373565,0.600374,4.167
501,16.533331,56.159987,-2.200000,0.783950,1.000000,0.000000,0.000000,0.000000,-38.449991,2.200000,0.750000,0.000000,0.000000,0.000000,1.000000,-56.495188,22.842889,0.750000,0.233445,0.000000,0.000000,0.972370,56.158873,0.018578,246.381967,0.369507,-0.602880,0.369507,0.602880,0.000
502,16.566664,56.319987,-2.200000,0.783950,1.000000,0.000000,0.000000,0.000000,-38.566657,2.200000,0.750000,0.000000,0.000000,0.000000,1.000000,-56.619929,22.906447,0.750000,0.233445,0.000000,0.000000,0.972370,56.318872,0.019078,246.797300,0.365827,-0.605120,0.365827,0.605120,4.167
503,16.599997,56.479987,-2.200000,0.783950,1.000000,0.000000,0.000000,0.000000,-38.683324,2.200000,0.750000,0.000000,0.000000,0.000000,1.000000,-56.744669,22.970006,0.750000,0.233445,0.000000,0.000000,0.972370,56.478871,0.019527,247.212633,0.362523,-0.607106,0.362523,0.607106,4.167
504,16.633331,56.639987,-2.200000,0.783950,1.000000,0.000000,0.000000,0.000000,-38.799991,2.200000,0.750000,0.000000,0.000000,0.000000,1.000000,-56.869410,23.033565,0.750000,0.233445,0.000000,0.000000,0.972370,56.638870,0.019925,247.627967,0.359607,-0.608837,0.359607,0.608837,0.000
505,16.666664,56.799987,-2.200000,0.783950,1.000000,0.000000,0.000000,0.000000,-38.916657,2.200000,0.750000,0.000000,0.000000,0.000000,1.000000,-56.994151,23.097123,0.750000,0.233445,0.000000,0.000000,0.972370,56.798870,0.020266,248.043300,0.357110,-0.610305,0.357110,0.610305,4.167
506,16.699997,56.959987,-2.200000,0.783950,1.000000,0.000000,0.000000,0.000000,-39.033324,2.200000,0.750000,0.000000,0.000000,0.000000,1.000000,-57.118892,23.160682,0.750000,0.233445,0.000000,0.000000,0.972370,56.958869,0.020553,248.458633,0.355022,-0.611522,0.355022,0.611522,4.167
507,16.733331,57.119987,-2.200000,0.783950,1.000000,0.000000,0.000000,0.000000,-39.149991,2.200000,0.750000,0.000000,0.000000,0.000000,1.000000,-57.243633,23.224241,0.750000,0.233445,0.000000,0.000000,0.972370,57.118869,0.020786,248.873966,0.353352,-0.612489,0.353352,0.612489,0.000
508,16.766664,57.279987,-2.200000,0.783950,1.000000,0.000000,0.000000,0.000000,-39.266657,2.200000,0.750000,0.000000,0.000000,0.000000,1.000000,-57.368374,23.287799,0.750000,0.233445,0.000000,0.000000,0.972370,57.278869,0.020960,249.289300,0.352127,-0.613194,0.352127,0.613194,4.167
509,16.795831,57.419987,-2.200000,0.783950,1.000000,0.000000,0.000000,0.000000,-39.368741,2.200000,0.750000,0.000000,0.000000,0.000000,1.000000,-57.477522,23.343413,0.750000,0.233445,0.000000,0.000000,0.972370,57.418869,0.021067,249.652716,0.351399,-0.613611,0.351399,0.613611,0.000
510,16.829164,57.579987,-2.200000,0.783950,1.000000,0.000000,0.000000,0.000000,-39.485407,2.200000,0.750000,0.000000,0.000000,0.000000,1.000000,-57.602263,23.406972,0.750000,0.233445,0.000000,0.000000,0.972370,57.578869,0.021134,250.068049,0.350993,-0.613844,0.350993,0.613844,4.167
511,16.862497,57.739987,-2.200000,0.783950,1.000000,0.000000,0.000000,0.000000,-39.602074,2.200000,0.750000,0.000000,0.000000,0.000000,1.000000,-57.727004,23.470530,0.750000,0.233445,0.000000,0.000000,0.972370,57.738869,0.021145,250.483383,0.351020,-0.613828,0.351020,0.613828,4.167
512,16.895831,57.899987,-2.200000,0.783950,1.000000,0.000000,0.000000,0.000000,-39.718740,2.200000,0.750000,0.000000,0.000000,0.000000,1.000000,-57.851745,23.534089,0.750000,0.233445,0.000000,0.000000,0.972370,57.898869,0.021099,250.898716,0.351481,-0.613564,0.351481,0.613564,0.000
513,16.929164,58.059987,-2.200000,0.783950,1.000000,0.000000,0.000000,0.000000,-39.835407,2.200000,0.750000,0.000000,0.000000,0.000000,1.000000,-57.976486,23.597648,0.750000,0.233445,0.000000,0.000000,0.972370,58.058869,0.020995,251.314049,0.352394,-0.613040,0.352394,0.613040,4.167
514,16.962497,58.219987,-2.200000,0.783950,1.000000,0.000000,0.000000,0.000000,-39.952074,2.200000,0.750000,0.000000,0.000000,0.000000,1.000000,-58.101227,23.661206,0.750000,0.233445,0.000000,0.000000,0.972370,58.218869,0.020834,251.729383,0.353734,-0.612268,0.353734,0.612268,4.167
515,16.995831,58.379987,-2.200000,0.783950,1.000000,0.000000,0.000000,0.000000,-40.068740,2.200000,0.750000,0.000000,0.000000,0.000000,1.000000,-58.225968,23.724765,0.750000,0.233445,0.000000,0.000000,0.972370,58.378869,0.020617,252.144716,0.355498,-0.611246,0.355498,0.611246,0.000
516,17.029164,58.539987,-2.200000,0.783950,1.000000,0.000000,0.000000,0.000000,-40.185407,2.200000,0.750000,0.000000,0.000000,0.000000,1.000000,-58.350708,23.788324,0.750000,0.233445,0.000000,0.000000,0.972370,58.538868,0.020343,252.560049,0.357697,-0.609962,0.357697,0.609962,4.167
517,17.062497,58.699987,-2.200000,0.783950,1.000000,0.000000,0.000000,0.000000,-40.302074,2.200000,0.750000,0.000000,0.000000,0.000000,1.000000,-58.475449,23.851882,0.750000,0.233445,0.000000,0.000000,0.972370,58.698868,0.020014,252.975382,0.360303,-0.608426,0.360303,0.608426,4.167
518,17.095831,58.859987,-2.200000,0.783950,1.000000,0.000000,0.000000,0.000000,-40.418740,2.200000,0.750000,0.000000,0.000000,0.000000,1.000000,-58.600190,23.915441,0.750000,0.233445,0.000000,0.000000,0.972370,58.858867,0.019632,253.390716,0.363306,-0.606637,0.363306,0.606637,0.000
519,17.129164,59.019987,-2.200000,0.783950,1.000000,0.000000,0.000000,0.000000,-40.535407,2.200000,0.750000,0.000000,0.000000,0.000000,1.000000,-58.724931,23.979000,0.750000,0.233445,0.000000,0.000000,0.972370,59.018867,0.019196,253.806049,0.366713,-0.604584,0.366713,0.604584,4.167
520,17.162497,59.179987,-2.200000,0.783950,1.000000,0.000000,0.000000,0.000000,-40.652074,2.200000,0.750000,0.000000,0.000000,0.000000,1.000000,-58.849672,24.042558,0.750000,0.233445,0.000000,0.000000,0.972370,59.178866,0.018707,254.221382,0.370491,-0.602276,0.370491,0.602276,4.167
521,17.195831,59.339987,-2.200000,0.783950,1.000000,0.000000,0.000000,0.000000,-40.768740,2.200000,0.750000,0.000000,0.000000,0.000000,1.000000,-58.974413,24.106117,0.750000,0.233445,0.000000,0.000000,0.972370,59.338864,0.018072,254.636715,0.374610,-0.599723,0.374610,0.599723,0.000
522,17.224997,59.479987,-2.200000,0.783950,1.000000,0.000000,0.000000,0.000000,-40.870824,2.200000,0.750000,0.000000,0.000000,0.000000,1.000000,-59.083561,24.161731,0.750000,0.233445,0.000000,0.000000,0.972370,59.478863,0.017560,255.000132,0.378524,-0.597260,0.378524,0.597260,4.167
523,17.258331,59.639987,-2.200000,0.783950,1.000000,0.000000,0.000000,0.000000,-40.987490,2.200000,0.750000,0.000000,0.000000,0.000000,1.000000,-59.208302,24.225289,0.750000,0.233445,0.000000,0.000000,0.972370,59.638862,0.016931,255.415465,0.383297,-0.594208,0.383297,0.594208,0.000
524,17.291664,59.799987,-2.200000,0.783950,1.000000,0.000000,0.000000,0.000000,-41.104157,2.200000,0.750000,0.000000,0.000000,0.000000,1.000000,-59.333043,24.288848,0.750000,0.233445,0.000000,0.000000,0.972370,59.798860,0.016254,255.830799,0.388392,-0.590891,0.388392,0.590891,4.167
525,17.324997,59.959987,-2.200000,0.783950,1.000000,0.000000,0.000000,0.000000,-41.220824,2.200000,0.750000,0.000000,0.000000,0.000000,1.000000,-59.457784,24.352407,0.750000,0.233445,0.000000,0.000000,0.972370,59.958858,0.015534,256.246132,0.393775,-0.587317,0.393775,0.587317,4.167
526,17.358331,60.119987,-2.200000,0.783950,1.000000,0.000000,0.000000,0.000000,-41.337490,2.200000,0.750000,0.000000,0.000000,0.000000,1.000000,-59.582525,24.415965,0.750000,0.233445,0.000000,0.000000,0.972370,60.118856,0.014772,256.661465,0.399425,-0.583489,0.399425,0.583489,0.000
527,17.391664,60.279987,-2.200000,0.783950,1.000000,0.000000,0.000000,0.000000,-41.454157,2.200000,0.750000,0.000000,0.000000,0.000000,1.000000,-59.707266,24.479524,0.750000,0.233445,0.000000,0.000000,0.972370,60.278854,0.013969,257.076798,0.405334,-0.579400,0.405334,0.579400,4.167
528,17.424997,60.439986,-2.200000,0.783950,1.000000,0.000000,0.000000,0.000000,-41.570823,2.200000,0.750000,0.000000,0.000000,0.000000,1.000000,-59.832007,24.543083,0.750000,0.233445,0.000000,0.000000,0.972370,60.438851,0.013128,257.492132,0.411466,-0.575062,0.411466,0.575062,4.167
529,17.458331,60.599986,-2.200000,0.783950,1.000000,0.000000,0.000000,0.000000,-41.687490,2.200000,0.750000,0.000000,0.000000,0.000000,1.000000,-59.956747,24.606641,0.750000,0.233445,0.000000,0.000000,0.972370,60.598848,0.012252,257.907465,0.417798,-0.570478,0.417798,0.570478,0.000
530,17.491664,60.759986,-2.200000,0.783950,1.000000,0.000000,0.000000,0.000000,-41.804157,2.200000,0.750000,0.000000,0.000000,0.000000,1.000000,-60.081488,24.670200,0.750000,0.233445,0.000000,0.000000,0.972370,60.758845,0.011342,258.322798,0.424317,-0.565646,0.424317,0.565646,4.167
531,17.524997,60.919986,-2.200000,0.783950,1.000000,0.000000,0.000000,0.000000,-41.920823,2.200000,0.750000,0.000000,0.000000,0.000000,1.000000,-60.206229,24.733759,0.750000,0.233445,0.000000,0.000000,0.972370,60.918842,0.010402,258.738131,0.430988,-0.560580,0.430988,0.560580,4.167
532,17.558331,61.079986,-2.200000,0.783950,1.000000,0.000000,0.000000,0.000000,-42.037490,2.200000,0.750000,0.000000,0.000000,0.000000,1.000000,-60.330970,24.797317,0.750000,0.233445,0.000000,0.000000,0.972370,61.078838,0.009433,259.153465,0.437787,-0.555286,0.437787,0.555286,0.000
533,17.591664,61.239986,-2.200000,0.783950,1.000000,0.000000,0.000000,0.000000,-42.154157,2.200000,0.750000,0.000000,0.000000,0.000000,1.000000,-60.455711,24.860876,0.750000,0.233445,0.000000,0.000000,0.972370,61.238835,0.008439,259.568798,0.444698,-0.549767,0.444698,0.549767,4.167
534,17.620831,61.379986,-2.200000,0.783950,1.000000,0.000000,0.000000,0.000000,-42.256240,2.200000,0.750000,0.000000,0.000000,0.000000,1.000000,-60.564859,24.916490,0.750000,0.233445,0.000000,0.000000,0.972370,61.378831,0.007550,259.932215,0.450807,-0.544769,0.450807,0.544769,0.000
535,17.654164,61.539986,-2.200000,0.783950,1.000000,0.000000,0.000000,0.000000,-42.372907,2.200000,0.750000,0.000000,0.000000,0.000000,1.000000,-60.689600,24.980048,0.750000,0.233445,0.000000,0.000000,0.972370,61.538828,0.006515,260.347548,0.457849,-0.538864,0.457849,0.538864,4.167
536,17.687497,61.699986,-2.200000,0.783950,1.000000,0.000000,0.000000,0.000000,-42.489573,2.200000,0.750000,0.000000,0.000000,0.000000,1.000000,-60.814341,25.043607,0.750000,0.233445,0.000000,0.000000,0.972370,61.698823,0.005463,260.762881,0.464923,-0.532772,0.464923,0.532772,4.167
537,17.720830,61.859986,-2.200000,0.783950,1.000000,0.000000,0.000000,0.000000,-42.606240,2.200000,0.750000,0.000000,0.000000,0.000000,1.000000,-60.939082,25.107166,0.750000,0.233445,0.000000,0.000000,0.972370,61.858819,0.004396,261.178214,0.472007,-0.526507,0.472007,0.526507,0.000
538,17.754164,62.019986,-2.200000,0.783950,1.000000,0.000000,0.000000,0.000000,-42.722907,2.200000,0.750000,0.000000,0.000000,0.000000,1.000000,-61.063823,25.170724,0.750000,0.233445,0.000000,0.000000,0.972370,62.018815,0.003318,261.593548,0.479081,-0.520079,0.479081,0.520079,4.167
539,17.787497,62.179986,-2.200000,0.783950,1.000000,0.000000,0.000000,0.000000,-42.839573,2.200000,0.750000,0.000000,0.000000,0.000000,1.000000,-61.188564,25.234283,0.750000,0.233445,0.000000,0.000000,0.972370,62.178811,0.002230,262.008881,0.486117,-0.513508,0.486117,0.513508,4.167
540,17.820830,62.339986,-2.200000,0.783950,1.000000,0.000000,0.000000,0.000000,-42.956240,2.200000,0.750000,0.000000,0.000000,0.000000,1.000000,-61.313305,25.297842,0.750000,0.233445,0.000000,0.000000,0.972370,62.338805,0.000932,262.424214,0.493094,-0.506812,0.493094,0.506812,0.000
541,17.854164,62.499986,-2.200000,0.783950,1.000000,0.000000,0.000000,0.000000,-43.072907,2.200000,0.750000,0.000000,0.000000,0.000000,1.000000,-61.438046,25.361400,0.750000,0.233445,0.000000,0.000000,0.972370,62.498800,-0.000164,262.839547,0.499994,-0.500006,0.499994,0.500006,4.167
542,17.887497,62.659986,-2.200000,0.783950,1.000000,0.000000,0.000000,0.000000,-43.189573,2.200000,0.750000,0.000000,0.000000,0.000000,1.000000,-61.562786,25.424959,0.750000,0.233445,0.000000,0.000000,0.972370,62.658796,-0.001260,263.254881,0.506793,-0.493114,0.506793,0.493114,4.167
543,17.920830,62.819986,-2.200000,0.783950,1.000000,0.000000,0.000000,0.000000,-43.306240,2.200000,0.750000,0.000000,0.000000,0.000000,1.000000,-61.687527,25.488518,0.750000,0.233445,0.000000,0.000000,0.972370,62.818791,-0.002353,263.670214,0.513474,-0.486153,0.513474,0.486153,0.000
544,17.954164,62.979986,-2.200000,0.783950,1.000000,0.000000,0.000000,0.000000,-43.422907,2.200000,0.750000,0.000000,0.000000,0.000000,1.000000,-61.812268,25.552076,0.750000,0.233445,0.000000,0.000000,0.972370,62.978787,-0.003439,264.085547,0.520017,-0.479148,0.520017,0.479148,4.167
545,17.987497,63.139986,-2.200000,0.783950,1.000000,0.000000,0.000000,0.000000,-43.539573,2.200000,0.750000,0.000000,0.000000,0.000000,1.000000,-61.937009,25.615635,0.750000,0.233445,0.000000,0.000000,0.972370,63.138783,-0.004517,264.500880,0.526406,-0.472119,0.526406,0.472119,4.167
546,18.020830,63.299986,-2.200000,0.783950,1.000000,0.000000,0.000000,0.000000,-43.656240,2.200000,0.750000,0.000000,0.000000,0.000000,1.000000,-62.061750,25.679194,0.750000,0.233445,0.000000,0.000000,0.972370,63.298779,-0.005582,264.916214,0.532627,-0.465090,0.532627,0.465090,0.000
547,18.049997,63.439986,-2.200000,0.783950,1.000000,0.000000,0.000000,0.000000,-43.758323,2.200000,0.750000,0.000000,0.000000,0.000000,1.000000,-62.170898,25.734808,0.750000,0.233445,0.000000,0.000000,0.972370,63.438775,-0.006502,265.279630,0.537917,-0.458961,0.537917,0.458961,4.167
548,18.083330,63.599986,-2.200000,0.783950,1.000000,0.000000,0.000000,0.000000,-43.874990,2.200000,0.750000,0.000000,0.000000,0.000000,1.000000,-62.295639,25.798366,0.750000,0.233445,0.000000,0.000000,0.972370,63.598771,-0.007537,265.694964,0.543783,-0.451996,0.543783,0.451996,0.000
549,18.116664,63.759986,-2.200000,0.783950,1.000000,0.000000,0.000000,0.000000,-43.991656,2.200000,0.750000,0.000000,0.000000,0.000000,1.000000,-62.420380,25.861925,0.750000,0.233445,0.000000,0.000000,0.972370,63.758767,-0.008551,266.110297,0.549437,-0.445105,0.549437,0.445105,4.167
550,18.149997,63.919986,-2.200000,0.783950,1.000000,0.000000,0.000000,0.000000,-44.108323,2.200000,0.750000,0.000000,0.000000,0.000000,1.000000,-62.545121,25.925484,0.750000,0.233445,0.000000,0.000000,0.972370,63.918764,-0.009542,266.525630,0.554876,-0.438307,0.554876,0.438307,4.167
551,18.183330,64.079986,-2.200000,0.783950,1.000000,0.000000,0.000000,0.000000,-44.224990,2.200000,0.750000,0.000000,0.000000,0.000000,1.000000,-62.669862,25.989042,0.750000,0.233445,0.000000,0.000000,0.972370,64.078760,-0.010507,266.940963,0.560089,-0.431625,0.560089,0.431625,0.000
552,18.216664,64.239986,-2.200000,0.783950,1.000000,0.000000,0.000000,0.000000,-44.341656,2.200000,0.750000,0.000000,0.000000,0.000000,1.000000,-62.794603,26.052601,0.750000,0.233445,0.000000,0.000000,0.972370,64.238757,-0.011444,267.356297,0.565062,-0.425094,0.565062,0.425094,4.167
553,18.249997,64.399986,-2.200000,0.783950,1.000000,0.000000,0.000000,0.000000,-44.458323,2.200000,0.750000,0.000000,0.000000,0.000000,1.000000,-62.919344,26.116160,0.750000,0.233445,0.000000,0.000000,0.972370,64.398754,-0.012349,267.771630,0.569795,-0.418729,0.569795,0.418729,4.167
554,18.283330,64.559986,-2.200000,0.783950,1.000000,0.000000,0.000000,0.000000,-44.574990,2.200000,0.750000,0.000000,0.000000,0.000000,1.000000,-63.044085,26.179718,0.750000,0.233445,0.000000,0.000000,0.972370,64.558751,-0.013222,268.186963,0.574283,-0.412552,0.574283,0.412552,0.000
555,18.316664,64.719986,-2.200000,0.783950,1.000000,0.000000,0.000000,0.000000,-44.691656,2.200000,0.750000,0.000000,0.000000,0.000000,1.000000,-63.168825,26.243277,0.750000,0.233445,0.000000,0.000000,0.972370,64.718749,-0.014057,268.602296,0.578513,-0.406600,0.578513,0.406600,4.167
556,18.349997,64.879986,-2.200000,0.783950,1.000000,0.000000,0.000000,0.000000,-44.808323,2.200000,0.750000,0.000000,0.000000,0.000000,1.000000,-63.293566,26.306836,0.750000,0.233445,0.000000,0.000000,0.972370,64.878746,-0.014855,269.017630,0.582489,-0.400882,0.582489,0.400882,4.167
557,18.383330,65.039986,-2.200000,0.783950,1.000000,0.000000,0.000000,0.000000,-44.924990,2.200000,0.750000,0.000000,0.000000,0.000000,1.000000,-63.418307,26.370394,0.750000,0.233445,0.000000,0.000000,0.972370,65.038744,-0.015613,269.432963,0.586209,-0.395422,0.586209,0.395422,0.000
558,18.416664,65.199986,-2.200000,0.783950,1.000000,0.000000,0.000000,0.000000,-45.041656,2.200000,0.750000,0.000000,0.000000,0.000000,1.000000,-63.543048,26.433953,0.750000,0.233445,0.000000,0.000000,0.972370,65.198742,-0.016327,269.848296,0.589662,-0.390254,0.589662,0.390254,4.167
559,18.445830,65.339986,-2.200000,0.783950,1.000000,0.000000,0.000000,0.000000,-45.143740,2.200000,0.750000,0.000000,0.000000,0.000000,1.000000,-63.652196,26.489567,0.750000,0.233445,0.000000,0.000000,0.972370,65.338741,-0.016917,270.211713,0.592475,-0.385971,0.592475,0.385971,0.000
560,18.479164,65.499986,-2.200000,0.783950,1.000000,0.000000,0.000000,0.000000,-45.260406,2.200000,0.750000,0.000000,0.000000,0.000000,1.000000,-63.776937,26.553125,0.750000,0.233445,0.000000,0.000000,0.972370,65.498739,-0.017546,270.627046,0.595436,-0.381387,0.595436,0.381387,4.167
561,18.512497,65.659986,-2.200000,0.783950,1.000000,0.000000,0.000000,0.000000,-45.377073,2.200000,0.750000,0.000000,0.000000,0.000000,1.000000,-63.901678,26.616684,0.750000,0.233445,0.000000,0.000000,0.972370,65.658738,-0.018128,271.042379,0.598137,-0.377136,0.598137,0.377136,4.167
562,18.545830,65.819986,-2.200000,0.783950,1.000000,0.000000,0.000000,0.000000,-45.493740,2.200000,0.750000,0.000000,0.000000,0.000000,1.000000,-64.026419,26.680243,0.750000,0.233445,0.000000,0.000000,0.972370,65.818737,-0.018661,271.457713,0.600580,-0.373234,0.600580,0.373234,0.000
563,18.579164,65.979986,-2.200000,0.783950,1.000000,0.000000,0.000000,0.000000,-45.610406,2.200000,0.750000,0.000000,0.000000,0.000000,1.000000,-64.151160,26.743801,0.750000,0.233445,0.000000,0.000000,0.972370,65.978736,-0.019142,271.873046,0.602753,-0.369715,0.602753,0.369715,4.167
564,18.612497,66.139986,-2.200000,0.783950,1.000000,0.000000,0.000000,0.000000,-45.727073,2.200000,0.750000,0.000000,0.000000,0.000000,1.000000,-64.275901,26.807360,0.750000,0.233445,0.000000,0.000000,0.972370,66.138735,-0.019572,272.288379,0.604668,-0.366573,0.604668,0.366573,4.167
565,18.645830,66.299986,-2.200000,0.783950,1.000000,0.000000,0.000000,0.000000,-45.843739,2.200000,0.750000,0.000000,0.000000,0.000000,1.000000,-64.400642,26.870919,0.750000,0.233445,0.000000,0.000000,0.972370,66.298735,-0.019949,272.703712,0.606328,-0.363822,0.606328,0.363822,0.000
566,18.679164,66.459986,-2.200000,0.783950,1.000000,0.000000,0.000000,0.000000,-45.960406,2.200000,0.750000,0.000000,0.000000,0.000000,1.000000,-64.525383,26.934477,0.750000,0.233445,0.000000,0.000000,0.972370,66.458734,-0.020270,273.119046,0.607720,-0.361492,0.607720,0.361492,4.167
567,18.712497,66.619986,-2.200000,0.783950,1.000000,0.000000,0.000000,0.000000,-46.077073,2.200000,0.750000,0.000000,0.000000,0.000000,1.000000,-64.650124,26.998036,0.750000,0.233445,0.000000,0.000000,0.972370,66.618734,-0.020536,273.534379,0.608858,-0.359572,0.608858,0.359572,4.167
568,18.745830,66.779985,-2.200000,0.783950,1.000000,0.000000,0.000000,0.000000,-46.193739,2.200000,0.750000,0.000000,0.000000,0.000000,1.000000,-64.774864,27.061595,0.750000,0.233445,0.000000,0.000000,0.972370,66.778734,-0.020747,273.949712,0.609742,-0.358071,0.609742,0.358071,0.000
569,18.779164,66.939985,-2.200000,0.783950,1.000000,0.000000,0.000000,0.000000,-46.310406,2.200000,0.750000,0.000000,0.000000,0.000000,1.000000,-64.899605,27.125153,0.750000,0.233445,0.000000,0.000000,0.972370,66.938734,-0.020900,274.365046,0.610362,-0.357013,0.610362,0.357013,4.167
570,18.812497,67.099985,-2.200000,0.783950,1.000000,0.000000,0.000000,0.000000,-46.427073,2.200000,0.750000,0.000000,0.000000,0.000000,1.000000,-65.024346,27.188712,0.750000,0.233445,0.000000,0.000000,0.972370,67.098734,-0.020997,274.780379,0.610729,-0.356384,0.610729,0.356384,4.167
571,18.845830,67.259985,-2.200000,0.783950,1.000000,0.000000,0.000000,0.000000,-46.543739,2.200000,0.750000,0.000000,0.000000,0.000000,1.000000,-65.149087,27.252271,0.750000,0.233445,0.000000,0.000000,0.972370,67.258734,-0.021024,275.195712,0.610833,-0.356206,0.610833,0.356206,0.000
572,18.874997,67.399985,-2.200000,0.783950,1.000000,0.000000,0.000000,0.000000,-46.645823,2.200000,0.750000,0.000000,0.000000,0.000000,1.000000,-65.258235,27.307884,0.750000,0.233445,0.000000,0.000000,0.972370,67.398734,-0.021010,275.559129,0.610717,-0.356405,0.610717,0.356405,4.167
573,18.908330,67.559985,-2.200000,0.783950,1.000000,0.000000,0.000000,0.000000,-46.762489,2.200000,0.750000,0.000000,0.000000,0.000000,1.000000,-65.382976,27.371443,0.750000,0.233445,0.000000,0.000000,0.972370,67.558734,-0.020943,275.974462,0.610354,-0.357027,0.610354,0.357027,0.000
574,18.941664,67.719985,-2.200000,0.783950,1.000000,0.000000,0.000000,0.000000,-46.879156,2.200000,0.750000,0.000000,0.000000,0.000000,1.000000,-65.507717,27.435002,0.750000,0.233445,0.000000,0.000000,0.972370,67.718734,-0.020817,276.389795,0.609726,-0.358098,0.609726,0.358098,4.167
575,18.974997,67.879985,-2.200000,0.783950,1.000000,0.000000,0.000000,0.000000,-46.995823,2.200000,0.750000,0.000000,0.000000,0.000000,1.000000,-65.632458,27.498560,0.750000,0.233445,0.000000,0.000000,0.972370,67.878733,-0.020635,276.805129,0.608846,-0.359593,0.608846,0.359593,4.167
576,19.008330,68.039985,-2.200000,0.783950,1.000000,0.000000,0.000000,0.000000,-47.112489,2.200000,0.750000,0.000000,0.000000,0.000000,1.000000,-65.757199,27.562119,0.750000,0.233445,0.000000,0.000000,0.972370,68.038733,-0.020397,277.220462,0.607712,-0.361506,0.607712,0.361506,0.000
577,19.041664,68.199985,-2.200000,0.783950,1.000000,0.000000,0.000000,0.000000,-47.229156,2.200000,0.750000,0.000000,0.000000,0.000000,1.000000,-65.881940,27.625678,0.750000,0.233445,0.000000,0.000000,0.972370,68.198733,-0.020102,277.635795,0.606312,-0.363849,0.606312,0.363849,4.167
578,19.074997,68.359985,-2.200000,0.783950,1.000000,0.000000,0.000000,0.000000,-47.345823,2.200000,0.750000,0.000000,0.000000,0.000000,1.000000,-66.006681,27.689236,0.750000,0.233445,0.000000,0.000000,0.972370,68.358732,-0.019753,278.051128,0.604656,-0.366593,0.604656,0.366593,4.167
579,19.108330,68.519985,-2.200000,0.783950,1.000000,0.000000,0.000000,0.000000,-47.462489,2.200000,0.750000,0.000000,0.000000,0.000000,1.000000,-66.131422,27.752795,0.750000,0.233445,0.000000,0.000000,0.972370,68.518732,-0.019351,278.466462,0.602745,-0.369728,0.602745,0.369728,0.000
580,19.141664,68.679985,-2.200000,0.783950,1.000000,0.000000,0.000000,0.000000,-47.579156,2.200000,0.750000,0.000000,0.000000,0.000000,1.000000,-66.256163,27.816354,0.750000,0.233445,0.000000,0.000000,0.972370,68.678731,-0.018895,278.881795,0.600564,-0.373260,0.600564,0.373260,4.167
581,19.174997,68.839985,-2.200000,0.783950,1.000000,0.000000,0.000000,0.000000,-47.695823,2.200000,0.750000,0.000000,0.000000,0.000000,1.000000,-66.380903,27.879912,0.750000,0.233445,0.000000,0.000000,0.972370,68.838730,-0.018387,279.297128,0.598125,-0.377156,0.598125,0.377156,4.167
582,19.208330,68.999985,-2.200000,0.783950,1.000000,0.000000,0.000000,0.000000,-47.812489,2.200000,0.750000,0.000000,0.000000,0.000000,1.000000,-66.505644,27.943471,0.750000,0.233445,0.000000,0.000000,0.972370,68.998729,-0.017831,279.712461,0.595427,-0.381401,0.595427,0.381401,0.000
583,19.241664,69.159985,-2.200000,0.783950,1.000000,0.000000,0.000000,0.000000,-47.929156,2.200000,0.750000,0.000000,0.000000,0.000000,1.000000,-66.630385,28.007030,0.750000,0.233445,0.000000,0.000000,0.972370,69.158728,-0.017224,280.127795,0.592459,-0.385995,0.592459,0.385995,4.167
584,19.270830,69.299985,-2.200000,0.783950,1.000000,0.000000,0.000000,0.000000,-48.031239,2.200000,0.750000,0.000000,0.000000,0.000000,1.000000,-66.739533,28.062643,0.750000,0.233445,0.000000,0.000000,0.972370,69.298726,-0.016655,280.491211,0.589653,-0.390268,0.589653,0.390268,0.000
585,19.304164,69.459985,-2.200000,0.783950,1.000000,0.000000,0.000000,0.000000,-48.147906,2.200000,0.750000,0.000000,0.000000,0.000000,1.000000,-66.864274,28.126202,0.750000,0.233445,0.000000,0.000000,0.972370,69.458724,-0.015962,280.906545,0.586193,-0.395446,0.586193,0.395446,4.167
586,19.337497,69.619985,-2.200000,0.783950,1.000000,0.000000,0.000000,0.000000,-48.264572,2.200000,0.750000,0.000000,0.000000,0.000000,1.000000,-66.989015,28.189761,0.750000,0.233445,0.000000,0.000000,0.972370,69.618722,-0.015226,281.321878,0.582476,-0.400901,0.582476,0.400901,4.167
587,19.370830,69.779985,-2.200000,0.783950,1.000000,0.000000,0.000000,0.000000,-48.381239,2.200000,0.750000,0.000000,0.000000,0.000000,1.000000,-67.113756,28.253319,0.750000,0.233445,0.000000,0.000000,0.972370,69.778720,-0.014448,281.737211,0.578503,-0.406614,0.578503,0.406614,0.000
588,19.404164,69.939985,-2.200000,0.783950,1.000000,0.000000,0.000000,0.000000,-48.497906,2.200000,0.750000,0.000000,0.000000,0.000000,1.000000,-67.238497,28.316878,0.750000,0.233445,0.000000,0.000000,0.972370,69.938718,-0.013631,282.152544,0.574267,-0.412574,0.574267,0.412574,4.167
589,19.437497,70.099985,-2.200000,0.783950,1.000000,0.000000,0.000000,0.000000,-48.614572,2.200000,0.750000,0.000000,0.000000,0.000000,1.000000,-67.363238,28.380437,0.750000,0.233445,0.000000,0.000000,0.972370,70.098715,-0.012776,282.567878,0.569782,-0.418747,0.569782,0.418747,4.167
590,19.470830,70.259985,-2.200000,0.783950,1.000000,0.000000,0.000000,0.000000,-48.731239,2.200000,0.750000,0.000000,0.000000,0.000000,1.000000,-67.487979,28.443995,0.750000,0.233445,0.000000,0.000000,0.972370,70.258712,-0.011888,282.983211,0.565051,-0.425109,0.565051,0.425109,0.000
591,19.504164,70.419985,-2.200000,0.783950,1.000000,0.000000,0.000000,0.000000,-48.847906,2.200000,0.750000,0.000000,0.000000,0.000000,1.000000,-67.612720,28.507554,0.750000,0.233445,0.000000,0.000000,0.972370,70.418709,-0.010966,283.398544,0.560073,-0.431646,0.560073,0.431646,4.167
592,19.537497,70.579985,-2.200000,0.783950,1.000000,0.000000,0.000000,0.000000,-48.964572,2.200000,0.750000,0.000000,0.000000,0.000000,1.000000,-67.737461,28.571113,0.750000,0.233445,0.000000,0.000000,0.972370,70.578706,-0.010014,283.813877,0.554862,-0.438324,0.554862,0.438324,4.167
593,19.570830,70.739985,-2.200000,0.783950,1.000000,0.000000,0.000000,0.000000,-49.081239,2.200000,0.750000,0.000000,0.000000,0.000000,1.000000,-67.862202,28.634671,0.750000,0.233445,0.000000,0.000000,0.972370,70.738702,-0.009036,284.229211,0.549426,-0.445120,0.549426,0.445120,0.000
594,19.604164,70.899985,-2.200000,0.783950,1.000000,0.000000,0.000000,0.000000,-49.197906,2.200000,0.750000,0.000000,0.000000,0.000000,1.000000,-67.986942,28.698230,0.750000,0.233445,0.000000,0.000000,0.972370,70.898699,-0.008033,284.644544,0.543767,-0.452015,0.543767,0.452015,4.167
595,19.637497,71.059985,-2.200000,0.783950,1.000000,0.000000,0.000000,0.000000,-49.314572,2.200000,0.750000,0.000000,0.000000,0.000000,1.000000,-68.111683,28.761789,0.750000,0.233445,0.000000,0.000000,0.972370,71.058695,-0.007008,285.059877,0.537903,-0.458977,0.537903,0.458977,4.167
596,19.670830,71.219985,-2.200000,0.783950,1.000000,0.000000,0.000000,0.000000,-49.431239,2.200000,0.750000,0.000000,0.000000,0.000000,1.000000,-68.236424,28.825347,0.750000,0.233445,0.000000,0.000000,0.972370,71.218691,-0.005965,285.475210,0.531845,-0.465984,0.531845,0.465984,0.000
597,19.699997,71.359985,-2.200000,0.783950,1.000000,0.000000,0.000000,0.000000,-49.533322,2.200000,0.750000,0.000000,0.000000,0.000000,1.000000,-68.345572,28.880961,0.750000,0.233445,0.000000,0.000000,0.972370,71.358687,-0.005038,285.838627,0.526391,-0.472136,0.526391,0.472136,4.167
598,19.733330,71.519985,-2.200000,0.783950,1.000000,0.000000,0.000000,0.000000,-49.649989,2.200000,0.750000,0.000000,0.000000,0.000000,1.000000,-68.470313,28.944520,0.750000,0.233445,0.000000,0.000000,0.972370,71.518683,-0.003966,286.253960,0.520003,-0.479163,0.520003,0.479163,0.000
599,19.766664,71.679985,-2.200000,0.783950,1.000000,0.000000,0.000000,0.000000,-49.766656,2.200000,0.750000,0.000000,0.000000,0.000000,1.000000,-68.595054,29.008079,0.750000,0.233445,0.000000,0.000000,0.972370,71.678679,-0.002884,286.669294,0.513458,-0.486169,0.513458,0.486169,4.167
