kare,t,hedef_x,hedef_y,hedef_z,hedef_qw,hedef_qx,hedef_qy,hedef_qz,celdirici_x,celdirici_y,celdirici_z,celdirici_qw,celdirici_qx,celdirici_qy,celdirici_qz,celdirici2_x,celdirici2_y,celdirici2_z,celdirici2_qw,celdirici2_qx,celdirici2_qy,celdirici2_qz,kam_x,kam_y,kam_z,kam_qw,kam_qx,kam_qy,kam_qz,senkron_bosluk_ms
0,0.000000,174.200000,155.000000,0.783950,0.000000,0.000000,0.000000,1.000000,117.666666,161.000000,0.783950,1.000000,0.000000,0.000000,0.000000,105.833333,149.000000,0.783950,1.000000,0.000000,0.000000,0.000000,174.200000,155.000000,80.000000,0.500000,-0.500000,0.500000,0.500000,4.167
1,0.033333,174.040000,155.000000,0.783950,0.000000,0.000000,0.000000,1.000000,118.000000,161.000000,0.783950,1.000000,0.000000,0.000000,0.000000,106.200000,149.000000,0.783950,1.000000,0.000000,0.000000,0.000000,174.040000,155.000000,80.000000,0.500000,-0.500000,0.500000,0.500000,0.000
2,0.066667,173.880000,155.000000,0.783950,0.000000,0.000000,0.000000,1.000000,118.333333,161.000000,0.783950,1.000000,0.000000,0.000000,0.000000,106.566666,149.000000,0.783950,1.000000,0.000000,0.000000,0.000000,173.880000,155.000000,80.000000,0.500000,-0.500000,0.500000,0.500000,4.167
3,0.100000,173.720000,155.000000,0.783950,0.000000,0.000000,0.000000,1.000000,118.666666,161.000000,0.783950,1.000000,0.000000,0.000000,0.000000,106.933333,149.000000,0.783950,1.000000,0.000000,0.000000,0.000000,173.720000,155.000000,80.000000,0.500000,-0.500000,0.500000,0.500000,4.167
4,0.133333,173.560000,155.000000,0.783950,0.000000,0.000000,0.000000,1.000000,119.000000,161.000000,0.783950,1.000000,0.000000,0.000000,0.000000,107.299999,149.000000,0.783950,1.000000,0.000000,0.000000,0.000000,173.560000,155.000000,80.000000,0.500000,-0.500000,0.500000,0.500000,0.000
5,0.166667,173.400000,155.000000,0.783950,0.000000,0.000000,0.000000,1.000000,119.333333,161.000000,0.783950,1.000000,0.000000,0.000000,0.000000,107.666666,149.000000,0.783950,1.000000,0.000000,0.000000,0.000000,173.400000,155.000000,80.000000,0.500000,-0.500000,0.500000,0.500000,4.167
6,0.200000,173.240000,155.000000,0.783950,0.000000,0.000000,0.000000,1.000000,119.666666,161.000000,0.783950,1.000000,0.000000,0.000000,0.000000,108.033333,149.000000,0.783950,1.000000,0.000000,0.000000,0.000000,173.240000,155.000000,80.000000,0.500000,-0.500000,0.500000,0.500000,4.167
7,0.233333,173.080000,155.000000,0.783950,0.000000,0.000000,0.000000,1.000000,119.999999,161.000000,0.783950,1.000000,0.000000,0.000000,0.000000,108.399999,149.000000,0.783950,1.000000,0.000000,0.000000,0.000000,173.080000,155.000000,80.000000,0.500000,-0.500000,0.500000,0.500000,0.000
8,0.266667,172.920000,155.000000,0.783950,0.000000,0.000000,0.000000,1.000000,120.333333,161.000000,0.783950,1.000000,0.000000,0.000000,0.000000,108.766666,149.000000,0.783950,1.000000,0.000000,0.000000,0.000000,172.920000,155.000000,80.000000,0.500000,-0.500000,0.500000,0.500000,4.167
9,0.295833,172.780000,155.000000,0.783950,0.000000,0.000000,0.000000,1.000000,120.624999,161.000000,0.783950,1.000000,0.000000,0.000000,0.000000,109.087499,149.000000,0.783950,1.000000,0.000000,0.000000,0.000000,172.780000,155.000000,80.000000,0.500000,-0.500000,0.500000,0.500000,0.000
10,0.329167,172.620000,155.000000,0.783950,0.000000,0.000000,0.000000,1.000000,120.958333,161.000000,0.783950,1.000000,0.000000,0.000000,0.000000,109.454166,149.000000,0.783950,1.000000,0.000000,0.000000,0.000000,172.620000,155.000000,80.000000,0.500000,-0.500000,0.500000,0.500000,4.167
11,0.362500,172.460000,155.000000,0.783950,0.000000,0.000000,0.000000,1.000000,121.291666,161.000000,0.783950,1.000000,0.000000,0.000000,0.000000,109.820832,149.000000,0.783950,1.000000,0.000000,0.000000,0.000000,172.460000,155.000000,80.000000,0.500000,-0.500000,0.500000,0.500000,4.167
12,0.395833,172.300000,155.000000,0.783950,0.000000,0.000000,0.000000,1.000000,121.624999,161.000000,0.783950,1.000000,0.000000,0.000000,0.000000,110.187499,149.000000,0.783950,1.000000,0.000000,0.000000,0.000000,172.300000,155.000000,80.000000,0.500000,-0.500000,0.500000,0.500000,0.000
13,0.429167,172.140000,155.000000,0.783950,0.000000,0.000000,0.000000,1.000000,121.958332,161.000000,0.783950,1.000000,0.000000,0.000000,0.000000,110.554166,149.000000,0.783950,1.000000,0.000000,0.000000,0.000000,172.140000,155.000000,80.000000,0.500000,-0.500000,0.500000,0.500000,4.167
14,0.462500,171.980000,155.000000,0.783950,0.000000,0.000000,0.000000,1.000000,122.291666,161.000000,0.783950,1.000000,0.000000,0.000000,0.000000,110.920832,149.000000,0.783950,1.000000,0.000000,0.000000,0.000000,171.980000,155.000000,80.000000,0.500000,-0.500000,0.500000,0.500000,4.167
15,0.495833,171.820001,155.000000,0.783950,0.000000,0.000000,0.000000,1.000000,122.624999,161.000000,0.783950,1.000000,0.000000,0.000000,0.000000,111.287499,149.000000,0.783950,1.000000,0.000000,0.000000,0.000000,171.820001,155.000000,80.000000,0.500000,-0.500000,0.500000,0.500000,0.000
16,0.529167,171.660001,155.000000,0.783950,0.000000,0.000000,0.000000,1.000000,122.958332,161.000000,0.783950,1.000000,0.000000,0.000000,0.000000,111.654165,149.000000,0.783950,1.000000,0.000000,0.000000,0.000000,171.660001,155.000000,80.000000,0.500000,-0.500000,0.500000,0.500000,4.167
17,0.562500,171.500001,155.000000,0.783950,0.000000,0.000000,0.000000,1.000000,123.291666,161.000000,0.783950,1.000000,0.000000,0.000000,0.000000,112.020832,149.000000,0.783950,1.000000,0.000000,0.000000,0.000000,171.500001,155.000000,80.000000,0.500000,-0.500000,0.500000,0.500000,4.167
18,0.595833,171.340001,155.000000,0.783950,0.000000,0.000000,0.000000,1.000000,123.624999,161.000000,0.783950,1.000000,0.000000,0.000000,0.000000,112.387499,149.000000,0.783950,1.000000,0.000000,0.000000,0.000000,171.340001,155.000000,80.000000,0.500000,-0.500000,0.500000,0.500000,0.000
19,0.629167,171.180001,155.000000,0.783950,0.000000,0.000000,0.000000,1.000000,123.958332,161.000000,0.783950,1.000000,0.000000,0.000000,0.000000,112.754165,149.000000,0.783950,1.000000,0.000000,0.000000,0.000000,171.180001,155.000000,80.000000,0.500000,-0.500000,0.500000,0.500000,4.167
20,0.662500,171.020001,155.000000,0.783950,0.000000,0.000000,0.000000,1.000000,124.291665,161.000000,0.783950,1.000000,0.000000,0.000000,0.000000,113.120832,149.000000,0.783950,1.000000,0.000000,0.000000,0.000000,171.020001,155.000000,80.000000,0.500000,-0.500000,0.500000,0.500000,4.167
21,0.695833,170.860001,155.000000,0.783950,0.000000,0.000000,0.000000,1.000000,124.624999,161.000000,0.783950,1.000000,0.000000,0.000000,0.000000,113.487498,149.000000,0.783950,1.000000,0.000000,0.000000,0.000000,170.860001,155.000000,80.000000,0.500000,-0.500000,0.500000,0.500000,0.000
22,0.725000,170.720001,155.000000,0.783950,0.000000,0.000000,0.000000,1.000000,124.916665,161.000000,0.783950,1.000000,0.000000,0.000000,0.000000,113.808332,149.000000,0.783950,1.000000,0.000000,0.000000,0.000000,170.720001,155.000000,80.000000,0.500000,-0.500000,0.500000,0.500000,4.167
23,0.758333,170.560001,155.000000,0.783950,0.000000,0.000000,0.000000,1.000000,125.249999,161.000000,0.783950,1.000000,0.000000,0.000000,0.000000,114.174998,149.000000,0.783950,1.000000,0.000000,0.000000,0.000000,170.560001,155.000000,80.000000,0.500000,-0.500000,0.500000,0.500000,0.000
24,0.791667,170.400001,155.000000,0.783950,0.000000,0.000000,0.000000,1.000000,125.583332,161.000000,0.783950,1.000000,0.000000,0.000000,0.000000,114.541665,149.000000,0.783950,1.000000,0.000000,0.000000,0.000000,170.400001,155.000000,80.000000,0.500000,-0.500000,0.500000,0.500000,4.167
25,0.825000,170.240001,155.000000,0.783950,0.000000,0.000000,0.000000,1.000000,125.916665,161.000000,0.783950,1.000000,0.000000,0.000000,0.000000,114.908332,149.000000,0.783950,1.000000,0.000000,0.000000,0.000000,170.240001,155.000000,80.000000,0.500000,-0.500000,0.500000,0.500000,4.167
26,0.858333,170.080001,155.000000,0.783950,0.000000,0.000000,0.000000,1.000000,126.249998,161.000000,0.783950,1.000000,0.000000,0.000000,0.000000,115.274998,149.000000,0.783950,1.000000,0.000000,0.000000,0.000000,170.080001,155.000000,80.000000,0.500000,-0.500000,0.500000,0.500000,0.000
27,0.891667,169.920001,155.000000,0.783950,0.000000,0.000000,0.000000,1.000000,126.583332,161.000000,0.783950,1.000000,0.000000,0.000000,0.000000,115.641665,149.000000,0.783950,1.000000,0.000000,0.000000,0.000000,169.920001,155.000000,80.000000,0.500000,-0.500000,0.500000,0.500000,4.167
28,0.925000,169.760001,155.000000,0.783950,0.000000,0.000000,0.000000,1.000000,126.916665,161.000000,0.783950,1.000000,0.000000,0.000000,0.000000,116.008331,149.000000,0.783950,1.000000,0.000000,0.000000,0.000000,169.760001,155.000000,80.000000,0.500000,-0.500000,0.500000,0.500000,4.167
29,0.958333,169.600001,155.000000,0.783950,0.000000,0.000000,0.000000,1.000000,127.249998,161.000000,0.783950,1.000000,0.000000,0.000000,0.000000,116.374998,149.000000,0.783950,1.000000,0.000000,0.000000,0.000000,169.600001,155.000000,80.000000,0.500000,-0.500000,0.500000,0.500000,0.000
30,0.991667,169.440001,155.000000,0.783950,0.000000,0.000000,0.000000,1.000000,127.583331,161.000000,0.783950,1.000000,0.000000,0.000000,0.000000,116.741665,149.000000,0.783950,1.000000,0.000000,0.000000,0.000000,169.440001,155.000000,80.000000,0.500000,-0.500000,0.500000,0.500000,4.167
31,1.025000,169.280001,155.000000,0.783950,0.000000,0.000000,0.000000,1.000000,127.916665,161.000000,0.783950,1.000000,0.000000,0.000000,0.000000,117.108331,149.000000,0.783950,1.000000,0.000000,0.000000,0.000000,169.280001,155.000000,80.000000,0.500000,-0.500000,0.500000,0.500000,4.167
32,1.058333,169.120001,155.000000,0.783950,0.000000,0.000000,0.000000,1.000000,128.249998,161.000000,0.783950,1.000000,0.000000,0.000000,0.000000,117.474998,149.000000,0.783950,1.000000,0.000000,0.000000,0.000000,169.120001,155.000000,80.000000,0.500000,-0.500000,0.500000,0.500000,0.000
33,1.091666,168.960001,155.000000,0.783950,0.000000,0.000000,0.000000,1.000000,128.583331,161.000000,0.783950,1.000000,0.000000,0.000000,0.000000,117.841664,149.000000,0.783950,1.000000,0.000000,0.000000,0.000000,168.960001,155.000000,80.000000,0.500000,-0.500000,0.500000,0.500000,4.167
34,1.120833,168.820001,155.000000,0.783950,0.000000,0.000000,0.000000,1.000000,128.874998,161.000000,0.783950,1.000000,0.000000,0.000000,0.000000,118.162498,149.000000,0.783950,1.000000,0.000000,0.000000,0.000000,168.820001,155.000000,80.000000,0.500000,-0.500000,0.500000,0.500000,0.000
35,1.154166,168.660001,155.000000,0.783950,0.000000,0.000000,0.000000,1.000000,129.208331,161.000000,0.783950,1.000000,0.000000,0.000000,0.000000,118.529164,149.000000,0.783950,1.000000,0.000000,0.000000,0.000000,168.660001,155.000000,80.000000,0.500000,-0.500000,0.500000,0.500000,4.167
36,1.187500,168.500001,155.000000,0.783950,0.000000,0.000000,0.000000,1.000000,129.541665,161.000000,0.783950,1.000000,0.000000,0.000000,0.000000,118.895831,149.000000,0.783950,1.000000,0.000000,0.000000,0.000000,168.500001,155.000000,80.000000,0.500000,-0.500000,0.500000,0.500000,4.167
37,1.220833,168.340001,155.000000,0.783950,0.000000,0.000000,0.000000,1.000000,129.874998,161.000000,0.783950,1.000000,0.000000,0.000000,0.000000,119.262498,149.000000,0.783950,1.000000,0.000000,0.000000,0.000000,168.340001,155.000000,80.000000,0.500000,-0.500000,0.500000,0.500000,0.000
38,1.254166,168.180001,155.000000,0.783950,0.000000,0.000000,0.000000,1.000000,130.208331,161.000000,0.783950,1.000000,0.000000,0.000000,0.000000,119.629164,149.000000,0.783950,1.000000,0.000000,0.000000,0.000000,168.180001,155.000000,80.000000,0.500000,-0.500000,0.500000,0.500000,4.167
39,1.287500,168.020001,155.000000,0.783950,0.000000,0.000000,0.000000,1.000000,130.541664,161.000000,0.783950,1.000000,0.000000,0.000000,0.000000,119.995831,149.000000,0.783950,1.000000,0.000000,0.000000,0.000000,168.020001,155.000000,80.000000,0.500000,-0.500000,0.500000,0.500000,4.167
40,1.320833,167.860001,155.000000,0.783950,0.000000,0.000000,0.000000,1.000000,130.874998,161.000000,0.783950,1.000000,0.000000,0.000000,0.000000,120.362497,149.000000,0.783950,1.000000,0.000000,0.000000,0.000000,167.860001,155.000000,80.000000,0.500000,-0.500000,0.500000,0.500000,0.000
41,1.354166,167.700001,155.000000,0.783950,0.000000,0.000000,0.000000,1.000000,131.208331,161.000000,0.783950,1.000000,0.000000,0.000000,0.000000,120.729164,149.000000,0.783950,1.000000,0.000000,0.000000,0.000000,167.700001,155.000000,80.000000,0.500000,-0.500000,0.500000,0.500000,4.167
42,1.387500,167.540001,155.000000,0.783950,0.000000,0.000000,0.000000,1.000000,131.541664,161.000000,0.783950,1.000000,0.000000,0.000000,0.000000,121.095831,149.000000,0.783950,1.000000,0.000000,0.000000,0.000000,167.540001,155.000000,80.000000,0.500000,-0.500000,0.500000,0.500000,4.167
43,1.420833,167.380001,155.000000,0.783950,0.000000,0.000000,0.000000,1.000000,131.874997,161.000000,0.783950,1.000000,0.000000,0.000000,0.000000,121.462497,149.000000,0.783950,1.000000,0.000000,0.000000,0.000000,167.380001,155.000000,80.000000,0.500000,-0.500000,0.500000,0.500000,0.000
44,1.454166,167.220001,155.000000,0.783950,0.000000,0.000000,0.000000,1.000000,132.208331,161.000000,0.783950,1.000000,0.000000,0.000000,0.000000,121.829164,149.000000,0.783950,1.000000,0.000000,0.000000,0.000000,167.220001,155.000000,80.000000,0.500000,-0.500000,0.500000,0.500000,4.167
45,1.487500,167.060001,155.000000,0.783950,0.000000,0.000000,0.000000,1.000000,132.541664,161.000000,0.783950,1.000000,0.000000,0.000000,0.000000,122.195830,149.000000,0.783950,1.000000,0.000000,0.000000,0.000000,167.060001,155.000000,80.000000,0.500000,-0.500000,0.500000,0.500000,4.167
46,1.520833,166.900001,155.000000,0.783950,0.000000,0.000000,0.000000,1.000000,132.874997,161.000000,0.783950,1.000000,0.000000,0.000000,0.000000,122.562497,149.000000,0.783950,1.000000,0.000000,0.000000,0.000000,166.900001,155.000000,80.000000,0.500000,-0.500000,0.500000,0.500000,0.000
47,1.550000,166.760001,155.000000,0.783950,0.000000,0.000000,0.000000,1.000000,133.166664,161.000000,0.783950,1.000000,0.000000,0.000000,0.000000,122.883330,149.000000,0.783950,1.000000,0.000000,0.000000,0.000000,166.760001,155.000000,80.000000,0.500000,-0.500000,0.500000,0.500000,4.167
48,1.583333,166.600001,155.000000,0.783950,0.000000,0.000000,0.000000,1.000000,133.499997,161.000000,0.783950,1.000000,0.000000,0.000000,0.000000,123.249997,149.000000,0.783950,1.000000,0.000000,0.000000,0.000000,166.600001,155.000000,80.000000,0.500000,-0.500000,0.500000,0.500000,0.000
49,1.616666,166.440001,155.000000,0.783950,0.000000,0.000000,0.000000,1.000000,133.833330,161.000000,0.783950,1.000000,0.000000,0.000000,0.000000,123.616664,149.000000,0.783950,1.000000,0.000000,0.000000,0.000000,166.440001,155.000000,80.000000,0.500000,-0.500000,0.500000,0.500000,4.167
50,1.650000,166.280001,155.000000,0.783950,0.000000,0.000000,0.000000,1.000000,134.166664,161.000000,0.783950,1.000000,0.000000,0.000000,0.000000,123.983330,149.000000,0.783950,1.000000,0.000000,0.000000,0.000000,166.280001,155.000000,80.000000,0.500000,-0.500000,0.500000,0.500000,4.167
51,1.683333,166.120001,155.000000,0.783950,0.000000,0.000000,0.000000,1.000000,134.499997,161.000000,0.783950,1.000000,0.000000,0.000000,0.000000,124.349997,149.000000,0.783950,1.000000,0.000000,0.000000,0.000000,166.120001,155.000000,80.000000,0.500000,-0.500000,0.500000,0.500000,0.000
52,1.716666,165.960001,155.000000,0.783950,0.000000,0.000000,0.000000,1.000000,134.833330,161.000000,0.783950,1.000000,0.000000,0.000000,0.000000,124.716663,149.000000,0.783950,1.000000,0.000000,0.000000,0.000000,165.960001,155.000000,80.000000,0.500000,-0.500000,0.500000,0.500000,4.167
53,1.750000,165.800001,155.000000,0.783950,0.000000,0.000000,0.000000,1.000000,135.166664,161.000000,0.783950,1.000000,0.000000,0.000000,0.000000,125.083330,149.000000,0.783950,1.000000,0.000000,0.000000,0.000000,165.800001,155.000000,80.000000,0.500000,-0.500000,0.500000,0.500000,4.167
54,1.783333,165.640001,155.000000,0.783950,0.000000,0.000000,0.000000,1.000000,135.499997,161.000000,0.783950,1.000000,0.000000,0.000000,0.000000,125.449997,149.000000,0.783950,1.000000,0.000000,0.000000,0.000000,165.640001,155.000000,80.000000,0.500000,-0.500000,0.500000,0.500000,0.000
55,1.816666,165.480002,155.000000,0.783950,0.000000,0.000000,0.000000,1.000000,135.833330,161.000000,0.783950,1.000000,0.000000,0.000000,0.000000,125.816663,149.000000,0.783950,1.000000,0.000000,0.000000,0.000000,165.480002,155.000000,80.000000,0.500000,-0.500000,0.500000,0.500000,4.167
56,1.850000,165.320002,155.000000,0.783950,0.000000,0.000000,0.000000,1.000000,136.166663,161.000000,0.783950,1.000000,0.000000,0.000000,0.000000,126.183330,149.000000,0.783950,1.000000,0.000000,0.000000,0.000000,165.320002,155.000000,80.000000,0.500000,-0.500000,0.500000,0.500000,4.167
57,1.883333,165.160002,155.000000,0.783950,0.000000,0.000000,0.000000,1.000000,136.499997,161.000000,0.783950,1.000000,0.000000,0.000000,0.000000,126.549996,149.000000,0.783950,1.000000,0.000000,0.000000,0.000000,165.160002,155.000000,80.000000,0.500000,-0.500000,0.500000,0.500000,0.000
58,1.916666,165.000002,155.000000,0.783950,0.000000,0.000000,0.000000,1.000000,136.833330,161.000000,0.783950,1.000000,0.000000,0.000000,0.000000,126.916663,149.000000,0.783950,1.000000,0.000000,0.000000,0.000000,165.000002,155.000000,80.000000,0.500000,-0.500000,0.500000,0.500000,4.167
59,1.945833,164.860002,155.000000,0.783950,0.000000,0.000000,0.000000,1.000000,137.124997,161.000000,0.783950,1.000000,0.000000,0.000000,0.000000,127.237496,149.000000,0.783950,1.000000,0.000000,0.000000,0.000000,164.860002,155.000000,80.000000,0.500000,-0.500000,0.500000,0.500000,0.000
60,1.979166,164.700002,155.000000,0.783950,0.000000,0.000000,0.000000,1.000000,137.458330,161.000000,0.783950,1.000000,0.000000,0.000000,0.000000,127.604163,149.000000,0.783950,1.000000,0.000000,0.000000,0.000000,164.700002,155.000000,80.000000,0.500000,-0.500000,0.500000,0.500000,4.167
61,2.012500,164.540002,155.000000,0.783950,0.000000,0.000000,0.000000,1.000000,137.791663,161.000000,0.783950,1.000000,0.000000,0.000000,0.000000,127.970829,149.000000,0.783950,1.000000,0.000000,0.000000,0.000000,164.540002,155.000000,80.000000,0.500000,-0.500000,0.500000,0.500000,4.167
62,2.045833,164.380002,155.000000,0.783950,0.000000,0.000000,0.000000,1.000000,138.124996,161.000000,0.783950,1.000000,0.000000,0.000000,0.000000,128.337496,149.000000,0.783950,1.000000,0.000000,0.000000,0.000000,164.380002,155.000000,80.000000,0.500000,-0.500000,0.500000,0.500000,0.000
63,2.079166,164.220002,155.000000,0.783950,0.000000,0.000000,0.000000,1.000000,138.458330,161.000000,0.783950,1.000000,0.000000,0.000000,0.000000,128.704163,149.000000,0.783950,1.000000,0.000000,0.000000,0.000000,164.220002,155.000000,80.000000,0.500000,-0.500000,0.500000,0.500000,4.167
64,2.112500,164.060002,155.000000,0.783950,0.000000,0.000000,0.000000,1.000000,138.791663,161.000000,0.783950,1.000000,0.000000,0.000000,0.000000,129.070829,149.000000,0.783950,1.000000,0.000000,0.000000,0.000000,164.060002,155.000000,80.000000,0.500000,-0.500000,0.500000,0.500000,4.167
65,2.145833,163.900002,155.000000,0.783950,0.000000,0.000000,0.000000,1.000000,139.124996,161.000000,0.783950,1.000000,0.000000,0.000000,0.000000,129.437496,149.000000,0.783950,1.000000,0.000000,0.000000,0.000000,163.900002,155.000000,80.000000,0.500000,-0.500000,0.500000,0.500000,0.000
66,2.179166,163.740002,155.000000,0.783950,0.000000,0.000000,0.000000,1.000000,139.458330,161.000000,0.783950,1.000000,0.000000,0.000000,0.000000,129.804163,149.000000,0.783950,1.000000,0.000000,0.000000,0.000000,163.740002,155.000000,80.000000,0.500000,-0.500000,0.500000,0.500000,4.167
67,2.212500,163.580002,155.000000,0.783950,0.000000,0.000000,0.000000,1.000000,139.791663,161.000000,0.783950,1.000000,0.000000,0.000000,0.000000,130.170829,149.000000,0.783950,1.000000,0.000000,0.000000,0.000000,163.580002,155.000000,80.000000,0.500000,-0.500000,0.500000,0.500000,4.167
68,2.245833,163.420002,155.000000,0.783950,0.000000,0.000000,0.000000,1.000000,140.124996,161.000000,0.783950,1.000000,0.000000,0.000000,0.000000,130.537496,149.000000,0.783950,1.000000,0.000000,0.000000,0.000000,163.420002,155.000000,80.000000,0.500000,-0.500000,0.500000,0.500000,0.000
69,2.279166,163.260002,155.000000,0.783950,0.000000,0.000000,0.000000,1.000000,140.458329,161.000000,0.783950,1.000000,0.000000,0.000000,0.000000,130.904162,149.000000,0.783950,1.000000,0.000000,0.000000,0.000000,163.260002,155.000000,80.000000,0.500000,-0.500000,0.500000,0.500000,4.167
70,2.312500,163.100002,155.000000,0.783950,0.000000,0.000000,0.000000,1.000000,140.791663,161.000000,0.783950,1.000000,0.000000,0.000000,0.000000,131.270829,149.000000,0.783950,1.000000,0.000000,0.000000,0.000000,163.100002,155.000000,80.000000,0.500000,-0.500000,0.500000,0.500000,4.167
71,2.345833,162.940002,155.000000,0.783950,0.000000,0.000000,0.000000,1.000000,141.124996,161.000000,0.783950,1.000000,0.000000,0.000000,0.000000,131.637496,149.000000,0.783950,1.000000,0.000000,0.000000,0.000000,162.940002,155.000000,80.000000,0.500000,-0.500000,0.500000,0.500000,0.000
72,2.375000,162.800002,155.000000,0.783950,0.000000,0.000000,0.000000,1.000000,141.416663,161.000000,0.783950,1.000000,0.000000,0.000000,0.000000,131.958329,149.000000,0.783950,1.000000,0.000000,0.000000,0.000000,162.800002,155.000000,80.000000,0.500000,-0.500000,0.500000,0.500000,4.167
73,2.408333,162.640002,155.000000,0.783950,0.000000,0.000000,0.000000,1.000000,141.749996,161.000000,0.783950,1.000000,0.000000,0.000000,0.000000,132.324995,149.000000,0.783950,1.000000,0.000000,0.000000,0.000000,162.640002,155.000000,80.000000,0.500000,-0.500000,0.500000,0.500000,0.000
74,2.441666,162.480002,155.000000,0.783950,0.000000,0.000000,0.000000,1.000000,142.083329,161.000000,0.783950,1.000000,0.000000,0.000000,0.000000,132.691662,149.000000,0.783950,1.000000,0.000000,0.000000,0.000000,162.480002,155.000000,80.000000,0.500000,-0.500000,0.500000,0.500000,4.167
75,2.475000,162.320002,155.000000,0.783950,0.000000,0.000000,0.000000,1.000000,142.416662,161.000000,0.783950,1.000000,0.000000,0.000000,0.000000,133.058329,149.000000,0.783950,1.000000,0.000000,0.000000,0.000000,162.320002,155.000000,80.000000,0.500000,-0.500000,0.500000,0.500000,4.167
76,2.508333,162.160002,155.000000,0.783950,0.000000,0.000000,0.000000,1.000000,142.749996,161.000000,0.783950,1.000000,0.000000,0.000000,0.000000,133.424995,149.000000,0.783950,1.000000,0.000000,0.000000,0.000000,162.160002,155.000000,80.000000,0.500000,-0.500000,0.500000,0.500000,0.000
77,2.541666,162.000002,155.000000,0.783950,0.000000,0.000000,0.000000,1.000000,143.083329,161.000000,0.783950,1.000000,0.000000,0.000000,0.000000,133.791662,149.000000,0.783950,1.000000,0.000000,0.000000,0.000000,162.000002,155.000000,80.000000,0.500000,-0.500000,0.500000,0.500000,4.167
78,2.575000,161.840002,155.000000,0.783950,0.000000,0.000000,0.000000,1.000000,143.416662,161.000000,0.783950,1.000000,0.000000,0.000000,0.000000,134.158329,149.000000,0.783950,1.000000,0.000000,0.000000,0.000000,161.840002,155.000000,80.000000,0.500000,-0.500000,0.500000,0.500000,4.167
79,2.608333,161.680002,155.000000,0.783950,0.000000,0.000000,0.000000,1.000000,143.749996,161.000000,0.783950,1.000000,0.000000,0.000000,0.000000,134.524995,149.000000,0.783950,1.000000,0.000000,0.000000,0.000000,161.680002,155.000000,80.000000,0.500000,-0.500000,0.500000,0.500000,0.000
80,2.641666,161.520002,155.000000,0.783950,0.000000,0.000000,0.000000,1.000000,144.083329,161.000000,0.783950,1.000000,0.000000,0.000000,0.000000,134.891662,149.000000,0.783950,1.000000,0.000000,0.000000,0.000000,161.520002,155.000000,80.000000,0.500000,-0.500000,0.500000,0.500000,4.167
81,2.675000,161.360002,155.000000,0.783950,0.000000,0.000000,0.000000,1.000000,144.416662,161.000000,0.783950,1.000000,0.000000,0.000000,0.000000,135.258328,149.000000,0.783950,1.000000,0.000000,0.000000,0.000000,161.360002,155.000000,80.000000,0.500000,-0.500000,0.500000,0.500000,4.167
82,2.708333,161.200002,155.000000,0.783950,0.000000,0.000000,0.000000,1.000000,144.749995,161.000000,0.783950,1.000000,0.000000,0.000000,0.000000,135.624995,149.000000,0.783950,1.000000,0.000000,0.000000,0.000000,161.200002,155.000000,80.000000,0.500000,-0.500000,0.500000,0.500000,0.000
83,2.741666,161.040002,155.000000,0.783950,0.000000,0.000000,0.000000,1.000000,145.083329,161.000000,0.783950,1.000000,0.000000,0.000000,0.000000,135.991662,149.000000,0.783950,1.000000,0.000000,0.000000,0.000000,161.040002,155.000000,80.000000,0.500000,-0.500000,0.500000,0.500000,4.167
84,2.770833,160.900002,155.000000,0.783950,0.000000,0.000000,0.000000,1.000000,145.374995,161.000000,0.783950,1.000000,0.000000,0.000000,0.000000,136.312495,149.000000,0.783950,1.000000,0.000000,0.000000,0.000000,160.900002,155.000000,80.000000,0.500000,-0.500000,0.500000,0.500000,0.000
85,2.804166,160.740002,155.000000,0.783950,0.000000,0.000000,0.000000,1.000000,145.708329,161.000000,0.783950,1.000000,0.000000,0.000000,0.000000,136.679161,149.000000,0.783950,1.000000,0.000000,0.000000,0.000000,160.740002,155.000000,80.000000,0.500000,-0.500000,0.500000,0.500000,4.167
86,2.837500,160.580002,155.000000,0.783950,0.000000,0.000000,0.000000,1.000000,146.041662,161.000000,0.783950,1.000000,0.000000,0.000000,0.000000,137.045828,149.000000,0.783950,1.000000,0.000000,0.000000,0.000000,160.580002,155.000000,80.000000,0.500000,-0.500000,0.500000,0.500000,4.167
87,2.870833,160.420002,155.000000,0.783950,0.000000,0.000000,0.000000,1.000000,146.374995,161.000000,0.783950,1.000000,0.000000,0.000000,0.000000,137.412495,149.000000,0.783950,1.000000,0.000000,0.000000,0.000000,160.420002,155.000000,80.000000,0.500000,-0.500000,0.500000,0.500000,0.000
88,2.904166,160.260002,155.000000,0.783950,0.000000,0.000000,0.000000,1.000000,146.708328,161.000000,0.783950,1.000000,0.000000,0.000000,0.000000,137.779161,149.000000,0.783950,1.000000,0.000000,0.000000,0.000000,160.260002,155.000000,80.000000,0.500000,-0.500000,0.500000,0.500000,4.167
89,2.937500,160.100002,155.000000,0.783950,0.000000,0.000000,0.000000,1.000000,147.041662,161.000000,0.783950,1.000000,0.000000,0.000000,0.000000,138.145828,149.000000,0.783950,1.000000,0.000000,0.000000,0.000000,160.100002,155.000000,80.000000,0.500000,-0.500000,0.500000,0.500000,4.167
90,2.970833,159.940002,155.000000,0.783950,0.000000,0.000000,0.000000,1.000000,147.374995,161.000000,0.783950,1.000000,0.000000,0.000000,0.000000,138.512494,149.000000,0.783950,1.000000,0.000000,0.000000,0.000000,159.940002,155.000000,80.000000,0.500000,-0.500000,0.500000,0.500000,0.000
91,3.004166,159.780002,155.000000,0.783950,0.000000,0.000000,0.000000,1.000000,147.708328,161.000000,0.783950,1.000000,0.000000,0.000000,0.000000,138.879161,149.000000,0.783950,1.000000,0.000000,0.000000,0.000000,159.780002,155.000000,80.000000,0.500000,-0.500000,0.500000,0.500000,4.167
92,3.037500,159.620002,155.000000,0.783950,0.000000,0.000000,0.000000,1.000000,148.041662,161.000000,0.783950,1.000000,0.000000,0.000000,0.000000,139.245828,149.000000,0.783950,1.000000,0.000000,0.000000,0.000000,159.620002,155.000000,80.000000,0.500000,-0.500000,0.500000,0.500000,4.167
93,3.070833,159.460002,155.000000,0.783950,0.000000,0.000000,0.000000,1.000000,148.374995,161.000000,0.783950,1.000000,0.000000,0.000000,0.000000,139.612494,149.000000,0.783950,1.000000,0.000000,0.000000,0.000000,159.460002,155.000000,80.000000,0.500000,-0.500000,0.500000,0.500000,0.000
94,3.104166,159.300003,155.000000,0.783950,0.000000,0.000000,0.000000,1.000000,148.708328,161.000000,0.783950,1.000000,0.000000,0.000000,0.000000,139.979161,149.000000,0.783950,1.000000,0.000000,0.000000,0.000000,159.300003,155.000000,80.000000,0.500000,-0.500000,0.500000,0.500000,4.167
95,3.137499,159.140003,155.000000,0.783950,0.000000,0.000000,0.000000,1.000000,149.041661,161.000000,0.783950,1.000000,0.000000,0.000000,0.000000,140.345828,149.000000,0.783950,1.000000,0.000000,0.000000,0.000000,159.140003,155.000000,80.000000,0.500000,-0.500000,0.500000,0.500000,4.167
96,3.170833,158.980003,155.000000,0.783950,0.000000,0.000000,0.000000,1.000000,149.374995,161.000000,0.783950,1.000000,0.000000,0.000000,0.000000,140.712494,149.000000,0.783950,1.000000,0.000000,0.000000,0.000000,158.980003,155.000000,80.000000,0.500000,-0.500000,0.500000,0.500000,0.000
97,3.199999,158.840003,155.000000,0.783950,0.000000,0.000000,0.000000,1.000000,149.666661,161.000000,0.783950,1.000000,0.000000,0.000000,0.000000,141.033327,149.000000,0.783950,1.000000,0.000000,0.000000,0.000000,158.840003,155.000000,80.000000,0.500000,-0.500000,0.500000,0.500000,4.167
98,3.233333,158.680003,155.000000,0.783950,0.000000,0.000000,0.000000,1.000000,149.999995,161.000000,0.783950,1.000000,0.000000,0.000000,0.000000,141.399994,149.000000,0.783950,1.000000,0.000000,0.000000,0.000000,158.680003,155.000000,80.000000,0.500000,-0.500000,0.500000,0.500000,0.000
99,3.266666,158.520003,155.000000,0.783950,0.000000,0.000000,0.000000,1.000000,150.333328,161.000000,0.783950,1.000000,0.000000,0.000000,0.000000,141.766661,149.000000,0.783950,1.000000,0.000000,0.000000,0.000000,158.520003,155.000000,80.000000,0.500000,-0.500000,0.500000,0.500000,4.167
100,3.299999,158.360003,155.000000,0.783950,0.000000,0.000000,0.000000,1.000000,150.666661,161.000000,0.783950,1.000000,0.000000,0.000000,0.000000,142.133327,149.000000,0.783950,1.000000,0.000000,0.000000,0.000000,158.360003,155.000000,80.000000,0.500000,-0.500000,0.500000,0.500000,4.167
101,3.333333,158.200003,155.000000,0.783950,0.000000,0.000000,0.000000,1.000000,150.999994,161.000000,0.783950,1.000000,0.000000,0.000000,0.000000,142.499994,149.000000,0.783950,1.000000,0.000000,0.000000,0.000000,158.200003,155.000000,80.000000,0.500000,-0.500000,0.500000,0.500000,0.000
102,3.366666,158.040003,155.000000,0.783950,0.000000,0.000000,0.000000,1.000000,151.333328,161.000000,0.783950,1.000000,0.000000,0.000000,0.000000,142.866660,149.000000,0.783950,1.000000,0.000000,0.000000,0.000000,158.040003,155.000000,80.000000,0.500000,-0.500000,0.500000,0.500000,4.167
103,3.399999,157.880003,155.000000,0.783950,0.000000,0.000000,0.000000,1.000000,151.666661,161.000000,0.783950,1.000000,0.000000,0.000000,0.000000,143.233327,149.000000,0.783950,1.000000,0.000000,0.000000,0.000000,157.880003,155.000000,80.000000,0.500000,-0.500000,0.500000,0.500000,4.167
104,3.433333,157.720003,155.000000,0.783950,0.000000,0.000000,0.000000,1.000000,151.999994,161.000000,0.783950,1.000000,0.000000,0.000000,0.000000,143.599994,149.000000,0.783950,1.000000,0.000000,0.000000,0.000000,157.720003,155.000000,80.000000,0.500000,-0.500000,0.500000,0.500000,0.000
105,3.466666,157.560003,155.000000,0.783950,0.000000,0.000000,0.000000,1.000000,152.333328,161.000000,0.783950,1.000000,0.000000,0.000000,0.000000,143.966660,149.000000,0.783950,1.000000,0.000000,0.000000,0.000000,157.560003,155.000000,80.000000,0.500000,-0.500000,0.500000,0.500000,4.167
106,3.499999,157.400003,155.000000,0.783950,0.000000,0.000000,0.000000,1.000000,152.666661,161.000000,0.783950,1.000000,0.000000,0.000000,0.000000,144.333327,149.000000,0.783950,1.000000,0.000000,0.000000,0.000000,157.400003,155.000000,80.000000,0.500000,-0.500000,0.500000,0.500000,4.167
107,3.533333,157.240003,155.000000,0.783950,0.000000,0.000000,0.000000,1.000000,152.999994,161.000000,0.783950,1.000000,0.000000,0.000000,0.000000,144.699993,149.000000,0.783950,1.000000,0.000000,0.000000,0.000000,157.240003,155.000000,80.000000,0.500000,-0.500000,0.500000,0.500000,0.000
108,3.566666,157.080003,155.000000,0.783950,0.000000,0.000000,0.000000,1.000000,153.333327,161.000000,0.783950,1.000000,0.000000,0.000000,0.000000,145.066660,149.000000,0.783950,1.000000,0.000000,0.000000,0.000000,157.080003,155.000000,80.000000,0.500000,-0.500000,0.500000,0.500000,4.167
109,3.595833,156.940003,155.000000,0.783950,0.000000,0.000000,0.000000,1.000000,153.624994,161.000000,0.783950,1.000000,0.000000,0.000000,0.000000,145.387493,149.000000,0.783950,1.000000,0.000000,0.000000,0.000000,156.940003,155.000000,80.000000,0.500000,-0.500000,0.500000,0.500000,0.000
110,3.629166,156.780003,155.000000,0.783950,0.000000,0.000000,0.000000,1.000000,153.958327,161.000000,0.783950,1.000000,0.000000,0.000000,0.000000,145.754160,149.000000,0.783950,1.000000,0.000000,0.000000,0.000000,156.780003,155.000000,80.000000,0.500000,-0.500000,0.500000,0.500000,4.167
111,3.662499,156.620003,155.000000,0.783950,0.000000,0.000000,0.000000,1.000000,154.291661,161.000000,0.783950,1.000000,0.000000,0.000000,0.000000,146.120827,149.000000,0.783950,1.000000,0.000000,0.000000,0.000000,156.620003,155.000000,80.000000,0.500000,-0.500000,0.500000,0.500000,4.167
112,3.695833,156.460003,155.000000,0.783950,0.000000,0.000000,0.000000,1.000000,154.624994,161.000000,0.783950,1.000000,0.000000,0.000000,0.000000,146.487493,149.000000,0.783950,1.000000,0.000000,0.000000,0.000000,156.460003,155.000000,80.000000,0.500000,-0.500000,0.500000,0.500000,0.000
113,3.729166,156.300003,155.000000,0.783950,0.000000,0.000000,0.000000,1.000000,154.958327,161.000000,0.783950,1.000000,0.000000,0.000000,0.000000,146.854160,149.000000,0.783950,1.000000,0.000000,0.000000,0.000000,156.300003,155.000000,80.000000,0.500000,-0.500000,0.500000,0.500000,4.167
114,3.762499,156.140003,155.000000,0.783950,0.000000,0.000000,0.000000,1.000000,155.291660,161.000000,0.783950,1.000000,0.000000,0.000000,0.000000,147.220826,149.000000,0.783950,1.000000,0.000000,0.000000,0.000000,156.140003,155.000000,80.000000,0.500000,-0.500000,0.500000,0.500000,4.167
115,3.795833,155.980003,155.000000,0.783950,0.000000,0.000000,0.000000,1.000000,155.624994,161.000000,0.783950,1.000000,0.000000,0.000000,0.000000,147.587493,149.000000,0.783950,1.000000,0.000000,0.000000,0.000000,155.980003,155.000000,80.000000,0.500000,-0.500000,0.500000,0.500000,0.000
116,3.829166,155.820003,155.000000,0.783950,0.000000,0.000000,0.000000,1.000000,155.958327,161.000000,0.783950,1.000000,0.000000,0.000000,0.000000,147.954160,149.000000,0.783950,1.000000,0.000000,0.000000,0.000000,155.820003,155.000000,80.000000,0.500000,-0.500000,0.500000,0.500000,4.167
117,3.862499,155.660003,155.000000,0.783950,0.000000,0.000000,0.000000,1.000000,156.291660,161.000000,0.783950,1.000000,0.000000,0.000000,0.000000,148.320826,149.000000,0.783950,1.000000,0.000000,0.000000,0.000000,155.660003,155.000000,80.000000,0.500000,-0.500000,0.500000,0.500000,4.167
118,3.895833,155.500003,155.000000,0.783950,0.000000,0.000000,0.000000,1.000000,156.624994,161.000000,0.783950,1.000000,0.000000,0.000000,0.000000,148.687493,149.000000,0.783950,1.000000,0.000000,0.000000,0.000000,155.500003,155.000000,80.000000,0.500000,-0.500000,0.500000,0.500000,0.000
119,3.929166,155.340003,155.000000,0.783950,0.000000,0.000000,0.000000,1.000000,156.958327,161.000000,0.783950,1.000000,0.000000,0.000000,0.000000,149.054159,149.000000,0.783950,1.000000,0.000000,0.000000,0.000000,155.340003,155.000000,80.000000,0.500000,-0.500000,0.500000,0.500000,4.167
120,3.962499,155.180003,155.000000,0.783950,0.000000,0.000000,0.000000,1.000000,157.291660,161.000000,0.783950,1.000000,0.000000,0.000000,0.000000,149.420826,149.000000,0.783950,1.000000,0.000000,0.000000,0.000000,155.180003,155.000000,80.000000,0.500000,-0.500000,0.500000,0.500000,4.167
121,3.995833,155.020003,155.000000,0.783950,0.000000,0.000000,0.000000,1.000000,157.624993,161.000000,0.783950,1.000000,0.000000,0.000000,0.000000,149.787493,149.000000,0.783950,1.000000,0.000000,0.000000,0.000000,155.020003,155.000000,80.000000,0.500000,-0.500000,0.500000,0.500000,0.000
122,4.024999,154.880003,155.000000,0.783950,0.000000,0.000000,0.000000,1.000000,157.916660,161.000000,0.783950,1.000000,0.000000,0.000000,0.000000,150.108326,149.000000,0.783950,1.000000,0.000000,0.000000,0.000000,154.880003,155.000000,80.000000,0.500000,-0.500000,0.500000,0.500000,4.167
123,4.058333,154.720003,155.000000,0.783950,0.000000,0.000000,0.000000,1.000000,158.249993,161.000000,0.783950,1.000000,0.000000,0.000000,0.000000,150.474993,149.000000,0.783950,1.000000,0.000000,0.000000,0.000000,154.720003,155.000000,80.000000,0.500000,-0.500000,0.500000,0.500000,0.000
124,4.091666,154.560003,155.000000,0.783950,0.000000,0.000000,0.000000,1.000000,158.583327,161.000000,0.783950,1.000000,0.000000,0.000000,0.000000,150.841659,149.000000,0.783950,1.000000,0.000000,0.000000,0.000000,154.560003,155.000000,80.000000,0.500000,-0.500000,0.500000,0.500000,4.167
125,4.124999,154.400003,155.000000,0.783950,0.000000,0.000000,0.000000,1.000000,158.916660,161.000000,0.783950,1.000000,0.000000,0.000000,0.000000,151.208326,149.000000,0.783950,1.000000,0.000000,0.000000,0.000000,154.400003,155.000000,80.000000,0.500000,-0.500000,0.500000,0.500000,4.167
126,4.158333,154.240003,155.000000,0.783950,0.000000,0.000000,0.000000,1.000000,159.249993,161.000000,0.783950,1.000000,0.000000,0.000000,0.000000,151.574992,149.000000,0.783950,1.000000,0.000000,0.000000,0.000000,154.240003,155.000000,80.000000,0.500000,-0.500000,0.500000,0.500000,0.000
127,4.191666,154.080003,155.000000,0.783950,0.000000,0.000000,0.000000,1.000000,159.583326,161.000000,0.783950,1.000000,0.000000,0.000000,0.000000,151.941659,149.000000,0.783950,1.000000,0.000000,0.000000,0.000000,154.080003,155.000000,80.000000,0.500000,-0.500000,0.500000,0.500000,4.167
128,4.224999,153.920003,155.000000,0.783950,0.000000,0.000000,0.000000,1.000000,159.916660,161.000000,0.783950,1.000000,0.000000,0.000000,0.000000,152.308326,149.000000,0.783950,1.000000,0.000000,0.000000,0.000000,153.920003,155.000000,80.000000,0.500000,-0.500000,0.500000,0.500000,4.167
129,4.258333,153.760003,155.000000,0.783950,0.000000,0.000000,0.000000,1.000000,160.249993,161.000000,0.783950,1.000000,0.000000,0.000000,0.000000,152.674992,149.000000,0.783950,1.000000,0.000000,0.000000,0.000000,153.760003,155.000000,80.000000,0.500000,-0.500000,0.500000,0.500000,0.000
130,4.291666,153.600003,155.000000,0.783950,0.000000,0.000000,0.000000,1.000000,160.583326,161.000000,0.783950,1.000000,0.000000,0.000000,0.000000,153.041659,149.000000,0.783950,1.000000,0.000000,0.000000,0.000000,153.600003,155.000000,80.000000,0.500000,-0.500000,0.500000,0.500000,4.167
131,4.324999,153.440003,155.000000,0.783950,0.000000,0.000000,0.000000,1.000000,160.916659,161.000000,0.783950,1.000000,0.000000,0.000000,0.000000,153.408325,149.000000,0.783950,1.000000,0.000000,0.000000,0.000000,153.440003,155.000000,80.000000,0.500000,-0.500000,0.500000,0.500000,4.167
132,4.358333,153.280003,155.000000,0.783950,0.000000,0.000000,0.000000,1.000000,161.249993,161.000000,0.783950,1.000000,0.000000,0.000000,0.000000,153.774992,149.000000,0.783950,1.000000,0.000000,0.000000,0.000000,153.280003,155.000000,80.000000,0.500000,-0.500000,0.500000,0.500000,0.000
133,4.391666,153.120004,155.000000,0.783950,0.000000,0.000000,0.000000,1.000000,161.583326,161.000000,0.783950,1.000000,0.000000,0.000000,0.000000,154.141659,149.000000,0.783950,1.000000,0.000000,0.000000,0.000000,153.120004,155.000000,80.000000,0.500000,-0.500000,0.500000,0.500000,4.167
134,4.420833,152.980004,155.000000,0.783950,0.000000,0.000000,0.000000,1.000000,161.874993,161.000000,0.783950,1.000000,0.000000,0.000000,0.000000,154.462492,149.000000,0.783950,1.000000,0.000000,0.000000,0.000000,152.980004,155.000000,80.000000,0.500000,-0.500000,0.500000,0.500000,0.000
135,4.454166,152.820004,155.000000,0.783950,0.000000,0.000000,0.000000,1.000000,162.208326,161.000000,0.783950,1.000000,0.000000,0.000000,0.000000,154.829159,149.000000,0.783950,1.000000,0.000000,0.000000,0.000000,152.820004,155.000000,80.000000,0.500000,-0.500000,0.500000,0.500000,4.167
136,4.487499,152.660004,155.000000,0.783950,0.000000,0.000000,0.000000,1.000000,162.541659,161.000000,0.783950,1.000000,0.000000,0.000000,0.000000,155.195825,149.000000,0.783950,1.000000,0.000000,0.000000,0.000000,152.660004,155.000000,80.000000,0.500000,-0.500000,0.500000,0.500000,4.167
137,4.520833,152.500004,155.000000,0.783950,0.000000,0.000000,0.000000,1.000000,162.874993,161.000000,0.783950,1.000000,0.000000,0.000000,0.000000,155.562492,149.000000,0.783950,1.000000,0.000000,0.000000,0.000000,152.500004,155.000000,80.000000,0.500000,-0.500000,0.500000,0.500000,0.000
138,4.554166,152.340004,155.000000,0.783950,0.000000,0.000000,0.000000,1.000000,163.208326,161.000000,0.783950,1.000000,0.000000,0.000000,0.000000,155.929158,149.000000,0.783950,1.000000,0.000000,0.000000,0.000000,152.340004,155.000000,80.000000,0.500000,-0.500000,0.500000,0.500000,4.167
139,4.587499,152.180004,155.000000,0.783950,0.000000,0.000000,0.000000,1.000000,163.541659,161.000000,0.783950,1.000000,0.000000,0.000000,0.000000,156.295825,149.000000,0.783950,1.000000,0.000000,0.000000,0.000000,152.180004,155.000000,80.000000,0.500000,-0.500000,0.500000,0.500000,4.167
140,4.620833,152.020004,155.000000,0.783950,0.000000,0.000000,0.000000,1.000000,163.874992,161.000000,0.783950,1.000000,0.000000,0.000000,0.000000,156.662492,149.000000,0.783950,1.000000,0.000000,0.000000,0.000000,152.020004,155.000000,80.000000,0.500000,-0.500000,0.500000,0.500000,0.000
141,4.654166,151.860004,155.000000,0.783950,0.000000,0.000000,0.000000,1.000000,164.208326,161.000000,0.783950,1.000000,0.000000,0.000000,0.000000,157.029158,149.000000,0.783950,1.000000,0.000000,0.000000,0.000000,151.860004,155.000000,80.000000,0.500000,-0.500000,0.500000,0.500000,4.167
142,4.687499,151.700004,155.000000,0.783950,0.000000,0.000000,0.000000,1.000000,164.541659,161.000000,0.783950,1.000000,0.000000,0.000000,0.000000,157.395825,149.000000,0.783950,1.000000,0.000000,0.000000,0.000000,151.700004,155.000000,80.000000,0.500000,-0.500000,0.500000,0.500000,4.167
143,4.720833,151.540004,155.000000,0.783950,0.000000,0.000000,0.000000,1.000000,164.874992,161.000000,0.783950,1.000000,0.000000,0.000000,0.000000,157.762491,149.000000,0.783950,1.000000,0.000000,0.000000,0.000000,151.540004,155.000000,80.000000,0.500000,-0.500000,0.500000,0.500000,0.000
144,4.754166,151.380004,155.000000,0.783950,0.000000,0.000000,0.000000,1.000000,165.208325,161.000000,0.783950,1.000000,0.000000,0.000000,0.000000,158.129158,149.000000,0.783950,1.000000,0.000000,0.000000,0.000000,151.380004,155.000000,80.000000,0.500000,-0.500000,0.500000,0.500000,4.167
145,4.787499,151.220004,155.000000,0.783950,0.000000,0.000000,0.000000,1.000000,165.541659,161.000000,0.783950,1.000000,0.000000,0.000000,0.000000,158.495825,149.000000,0.783950,1.000000,0.000000,0.000000,0.000000,151.220004,155.000000,80.000000,0.500000,-0.500000,0.500000,0.500000,4.167
146,4.820833,151.060004,155.000000,0.783950,0.000000,0.000000,0.000000,1.000000,165.874992,161.000000,0.783950,1.000000,0.000000,0.000000,0.000000,158.862491,149.000000,0.783950,1.000000,0.000000,0.000000,0.000000,151.060004,155.000000,80.000000,0.500000,-0.500000,0.500000,0.500000,0.000
147,4.849999,150.920004,155.000000,0.783950,0.000000,0.000000,0.000000,1.000000,166.166659,161.000000,0.783950,1.000000,0.000000,0.000000,0.000000,159.183325,149.000000,0.783950,1.000000,0.000000,0.000000,0.000000,150.920004,155.000000,80.000000,0.500000,-0.500000,0.500000,0.500000,4.167
148,4.883333,150.760004,155.000000,0.783950,0.000000,0.000000,0.000000,1.000000,166.499992,161.000000,0.783950,1.000000,0.000000,0.000000,0.000000,159.549991,149.000000,0.783950,1.000000,0.000000,0.000000,0.000000,150.760004,155.000000,80.000000,0.500000,-0.500000,0.500000,0.500000,0.000
149,4.916666,150.600004,155.000000,0.783950,0.000000,0.000000,0.000000,1.000000,166.833325,161.000000,0.783950,1.000000,0.000000,0.000000,0.000000,159.916658,149.000000,0.783950,1.000000,0.000000,0.000000,0.000000,150.600004,155.000000,80.000000,0.500000,-0.500000,0.500000,0.500000,4.167
150,4.949999,150.440004,155.000000,0.783950,0.000000,0.000000,0.000000,1.000000,167.166658,161.000000,0.783950,1.000000,0.000000,0.000000,0.000000,160.283324,149.000000,0.783950,1.000000,0.000000,0.000000,0.000000,150.440004,155.000000,80.000000,0.500000,-0.500000,0.500000,0.500000,4.167
151,4.983333,150.280004,155.000000,0.783950,0.000000,0.000000,0.000000,1.000000,167.499992,161.000000,0.783950,1.000000,0.000000,0.000000,0.000000,160.649991,149.000000,0.783950,1.000000,0.000000,0.000000,0.000000,150.280004,155.000000,80.000000,0.500000,-0.500000,0.500000,0.500000,0.000
152,5.016666,150.120004,155.000000,0.783950,0.000000,0.000000,0.000000,1.000000,167.833325,161.000000,0.783950,1.000000,0.000000,0.000000,0.000000,161.016658,149.000000,0.783950,1.000000,0.000000,0.000000,0.000000,150.120004,155.000000,80.000000,0.500000,-0.500000,0.500000,0.500000,4.167
153,5.049999,149.960004,155.000000,0.783950,0.000000,0.000000,0.000000,1.000000,168.166658,161.000000,0.783950,1.000000,0.000000,0.000000,0.000000,161.383324,149.000000,0.783950,1.000000,0.000000,0.000000,0.000000,149.960004,155.000000,80.000000,0.500000,-0.500000,0.500000,0.500000,4.167
154,5.083333,149.800004,155.000000,0.783950,0.000000,0.000000,0.000000,1.000000,168.499992,161.000000,0.783950,1.000000,0.000000,0.000000,0.000000,161.749991,149.000000,0.783950,1.000000,0.000000,0.000000,0.000000,149.800004,155.000000,80.000000,0.500000,-0.500000,0.500000,0.500000,0.000
155,5.116666,149.640004,155.000000,0.783950,0.000000,0.000000,0.000000,1.000000,168.833325,161.000000,0.783950,1.000000,0.000000,0.000000,0.000000,162.116657,149.000000,0.783950,1.000000,0.000000,0.000000,0.000000,149.640004,155.000000,80.000000,0.500000,-0.500000,0.500000,0.500000,4.167
156,5.149999,149.480004,155.000000,0.783950,0.000000,0.000000,0.000000,1.000000,169.166658,161.000000,0.783950,1.000000,0.000000,0.000000,0.000000,162.483324,149.000000,0.783950,1.000000,0.000000,0.000000,0.000000,149.480004,155.000000,80.000000,0.500000,-0.500000,0.500000,0.500000,4.167
157,5.183333,149.320004,155.000000,0.783950,0.000000,0.000000,0.000000,1.000000,169.499991,161.000000,0.783950,1.000000,0.000000,0.000000,0.000000,162.849991,149.000000,0.783950,1.000000,0.000000,0.000000,0.000000,149.320004,155.000000,80.000000,0.500000,-0.500000,0.500000,0.500000,0.000
158,5.216666,149.160004,155.000000,0.783950,0.000000,0.000000,0.000000,1.000000,169.833325,161.000000,0.783950,1.000000,0.000000,0.000000,0.000000,163.216657,149.000000,0.783950,1.000000,0.000000,0.000000,0.000000,149.160004,155.000000,80.000000,0.500000,-0.500000,0.500000,0.500000,4.167
159,5.245832,149.020004,155.000000,0.783950,0.000000,0.000000,0.000000,1.000000,170.124991,161.000000,0.783950,1.000000,0.000000,0.000000,0.000000,163.537490,149.000000,0.783950,1.000000,0.000000,0.000000,0.000000,149.020004,155.000000,80.000000,0.500000,-0.500000,0.500000,0.500000,0.000
160,5.279166,148.860004,155.000000,0.783950,0.000000,0.000000,0.000000,1.000000,170.458325,161.000000,0.783950,1.000000,0.000000,0.000000,0.000000,163.904157,149.000000,0.783950,1.000000,0.000000,0.000000,0.000000,148.860004,155.000000,80.000000,0.500000,-0.500000,0.500000,0.500000,4.167
161,5.312499,148.700004,155.000000,0.783950,0.000000,0.000000,0.000000,1.000000,170.791658,161.000000,0.783950,1.000000,0.000000,0.000000,0.000000,164.270824,149.000000,0.783950,1.000000,0.000000,0.000000,0.000000,148.700004,155.000000,80.000000,0.500000,-0.500000,0.500000,0.500000,4.167
162,5.345832,148.540004,155.000000,0.783950,0.000000,0.000000,0.000000,1.000000,171.124991,161.000000,0.783950,1.000000,0.000000,0.000000,0.000000,164.637490,149.000000,0.783950,1.000000,0.000000,0.000000,0.000000,148.540004,155.000000,80.000000,0.500000,-0.500000,0.500000,0.500000,0.000
163,5.379166,148.380004,155.000000,0.783950,0.000000,0.000000,0.000000,1.000000,171.458324,161.000000,0.783950,1.000000,0.000000,0.000000,0.000000,165.004157,149.000000,0.783950,1.000000,0.000000,0.000000,0.000000,148.380004,155.000000,80.000000,0.500000,-0.500000,0.500000,0.500000,4.167
164,5.412499,148.220004,155.000000,0.783950,0.000000,0.000000,0.000000,1.000000,171.791658,161.000000,0.783950,1.000000,0.000000,0.000000,0.000000,165.370824,149.000000,0.783950,1.000000,0.000000,0.000000,0.000000,148.220004,155.000000,80.000000,0.500000,-0.500000,0.500000,0.500000,4.167
165,5.445832,148.060004,155.000000,0.783950,0.000000,0.000000,0.000000,1.000000,172.124991,161.000000,0.783950,1.000000,0.000000,0.000000,0.000000,165.737490,149.000000,0.783950,1.000000,0.000000,0.000000,0.000000,148.060004,155.000000,80.000000,0.500000,-0.500000,0.500000,0.500000,0.000
166,5.479166,147.900004,155.000000,0.783950,0.000000,0.000000,0.000000,1.000000,172.458324,161.000000,0.783950,1.000000,0.000000,0.000000,0.000000,166.104157,149.000000,0.783950,1.000000,0.000000,0.000000,0.000000,147.900004,155.000000,80.000000,0.500000,-0.500000,0.500000,0.500000,4.167
167,5.512499,147.740004,155.000000,0.783950,0.000000,0.000000,0.000000,1.000000,172.791658,161.000000,0.783950,1.000000,0.000000,0.000000,0.000000,166.470823,149.000000,0.783950,1.000000,0.000000,0.000000,0.000000,147.740004,155.000000,80.000000,0.500000,-0.500000,0.500000,0.500000,4.167
168,5.545832,147.580004,155.000000,0.783950,0.000000,0.000000,0.000000,1.000000,173.124991,161.000000,0.783950,1.000000,0.000000,0.000000,0.000000,166.837490,149.000000,0.783950,1.000000,0.000000,0.000000,0.000000,147.580004,155.000000,80.000000,0.500000,-0.500000,0.500000,0.500000,0.000
169,5.579166,147.420004,155.000000,0.783950,0.000000,0.000000,0.000000,1.000000,173.458324,161.000000,0.783950,1.000000,0.000000,0.000000,0.000000,167.204157,149.000000,0.783950,1.000000,0.000000,0.000000,0.000000,147.420004,155.000000,80.000000,0.500000,-0.500000,0.500000,0.500000,4.167
170,5.612499,147.260004,155.000000,0.783950,0.000000,0.000000,0.000000,1.000000,173.791657,161.000000,0.783950,1.000000,0.000000,0.000000,0.000000,167.570823,149.000000,0.783950,1.000000,0.000000,0.000000,0.000000,147.260004,155.000000,80.000000,0.500000,-0.500000,0.500000,0.500000,4.167
171,5.645832,147.100004,155.000000,0.783950,0.000000,0.000000,0.000000,1.000000,174.124991,161.000000,0.783950,1.000000,0.000000,0.000000,0.000000,167.937490,149.000000,0.783950,1.000000,0.000000,0.000000,0.000000,147.100004,155.000000,80.000000,0.500000,-0.500000,0.500000,0.500000,0.000
172,5.674999,146.960004,155.000000,0.783950,0.000000,0.000000,0.000000,1.000000,174.416657,161.000000,0.783950,1.000000,0.000000,0.000000,0.000000,168.258323,149.000000,0.783950,1.000000,0.000000,0.000000,0.000000,146.960004,155.000000,80.000000,0.500000,-0.500000,0.500000,0.500000,4.167
173,5.708332,146.800005,155.000000,0.783950,0.000000,0.000000,0.000000,1.000000,174.749991,161.000000,0.783950,1.000000,0.000000,0.000000,0.000000,168.624990,149.000000,0.783950,1.000000,0.000000,0.000000,0.000000,146.800005,155.000000,80.000000,0.500000,-0.500000,0.500000,0.500000,0.000
174,5.741666,146.640005,155.000000,0.783950,0.000000,0.000000,0.000000,1.000000,175.083324,161.000000,0.783950,1.000000,0.000000,0.000000,0.000000,168.991656,149.000000,0.783950,1.000000,0.000000,0.000000,0.000000,146.640005,155.000000,80.000000,0.500000,-0.500000,0.500000,0.500000,4.167
175,5.774999,146.480005,155.000000,0.783950,0.000000,0.000000,0.000000,1.000000,175.416657,161.000000,0.783950,1.000000,0.000000,0.000000,0.000000,169.358323,149.000000,0.783950,1.000000,0.000000,0.000000,0.000000,146.480005,155.000000,80.000000,0.500000,-0.500000,0.500000,0.500000,4.167
176,5.808332,146.320005,155.000000,0.783950,0.000000,0.000000,0.000000,1.000000,175.749990,161.000000,0.783950,1.000000,0.000000,0.000000,0.000000,169.724989,149.000000,0.783950,1.000000,0.000000,0.000000,0.000000,146.320005,155.000000,80.000000,0.500000,-0.500000,0.500000,0.500000,0.000
177,5.841666,146.160005,155.000000,0.783950,0.000000,0.000000,0.000000,1.000000,176.083324,161.000000,0.783950,1.000000,0.000000,0.000000,0.000000,170.091656,149.000000,0.783950,1.000000,0.000000,0.000000,0.000000,146.160005,155.000000,80.000000,0.500000,-0.500000,0.500000,0.500000,4.167
178,5.874999,146.000005,155.000000,0.783950,0.000000,0.000000,0.000000,1.000000,176.416657,161.000000,0.783950,1.000000,0.000000,0.000000,0.000000,170.458323,149.000000,0.783950,1.000000,0.000000,0.000000,0.000000,146.000005,155.000000,80.000000,0.500000,-0.500000,0.500000,0.500000,4.167
179,5.908332,145.840005,155.000000,0.783950,0.000000,0.000000,0.000000,1.000000,176.749990,161.000000,0.783950,1.000000,0.000000,0.000000,0.000000,170.824989,149.000000,0.783950,1.000000,0.000000,0.000000,0.000000,145.840005,155.000000,80.000000,0.500000,-0.500000,0.500000,0.500000,0.000
180,5.941666,145.680005,155.000000,0.783950,0.000000,0.000000,0.000000,1.000000,177.083324,161.000000,0.783950,1.000000,0.000000,0.000000,0.000000,171.191656,149.000000,0.783950,1.000000,0.000000,0.000000,0.000000,145.680005,155.000000,80.000000,0.500000,-0.500000,0.500000,0.500000,4.167
181,5.974999,145.520005,155.000000,0.783950,0.000000,0.000000,0.000000,1.000000,177.416657,161.000000,0.783950,1.000000,0.000000,0.000000,0.000000,171.558323,149.000000,0.783950,1.000000,0.000000,0.000000,0.000000,145.520005,155.000000,80.000000,0.500000,-0.500000,0.500000,0.500000,4.167
182,6.008332,145.360005,155.000000,0.783950,0.000000,0.000000,0.000000,1.000000,177.749990,161.000000,0.783950,1.000000,0.000000,0.000000,0.000000,171.924989,149.000000,0.783950,1.000000,0.000000,0.000000,0.000000,145.360005,155.000000,80.000000,0.500000,-0.500000,0.500000,0.500000,0.000
183,6.041666,145.200005,155.000000,0.783950,0.000000,0.000000,0.000000,1.000000,178.083323,161.000000,0.783950,1.000000,0.000000,0.000000,0.000000,172.291656,149.000000,0.783950,1.000000,0.000000,0.000000,0.000000,145.200005,155.000000,80.000000,0.500000,-0.500000,0.500000,0.500000,4.167
184,6.070832,145.060005,155.000000,0.783950,0.000000,0.000000,0.000000,1.000000,178.374990,161.000000,0.783950,1.000000,0.000000,0.000000,0.000000,172.612489,149.000000,0.783950,1.000000,0.000000,0.000000,0.000000,145.060005,155.000000,80.000000,0.500000,-0.500000,0.500000,0.500000,0.000
185,6.104166,144.900005,155.000000,0.783950,0.000000,0.000000,0.000000,1.000000,178.708323,161.000000,0.783950,1.000000,0.000000,0.000000,0.000000,172.979156,149.000000,0.783950,1.000000,0.000000,0.000000,0.000000,144.900005,155.000000,80.000000,0.500000,-0.500000,0.500000,0.500000,4.167
186,6.137499,144.740005,155.000000,0.783950,0.000000,0.000000,0.000000,1.000000,179.041657,161.000000,0.783950,1.000000,0.000000,0.000000,0.000000,173.345822,149.000000,0.783950,1.000000,0.000000,0.000000,0.000000,144.740005,155.000000,80.000000,0.500000,-0.500000,0.500000,0.500000,4.167
187,6.170832,144.580005,155.000000,0.783950,0.000000,0.000000,0.000000,1.000000,179.374990,161.000000,0.783950,1.000000,0.000000,0.000000,0.000000,173.712489,149.000000,0.783950,1.000000,0.000000,0.000000,0.000000,144.580005,155.000000,80.000000,0.500000,-0.500000,0.500000,0.500000,0.000
188,6.204166,144.420005,155.000000,0.783950,0.000000,0.000000,0.000000,1.000000,179.708323,161.000000,0.783950,1.000000,0.000000,0.000000,0.000000,174.079155,149.000000,0.783950,1.000000,0.000000,0.000000,0.000000,144.420005,155.000000,80.000000,0.500000,-0.500000,0.500000,0.500000,4.167
189,6.237499,144.260005,155.000000,0.783950,0.000000,0.000000,0.000000,1.000000,180.041656,161.000000,0.783950,1.000000,0.000000,0.000000,0.000000,174.445822,149.000000,0.783950,1.000000,0.000000,0.000000,0.000000,144.260005,155.000000,80.000000,0.500000,-0.500000,0.500000,0.500000,4.167
190,6.270832,144.100005,155.000000,0.783950,0.000000,0.000000,0.000000,1.000000,180.374990,161.000000,0.783950,1.000000,0.000000,0.000000,0.000000,174.812489,149.000000,0.783950,1.000000,0.000000,0.000000,0.000000,144.100005,155.000000,80.000000,0.500000,-0.500000,0.500000,0.500000,0.000
191,6.304166,143.940005,155.000000,0.783950,0.000000,0.000000,0.000000,1.000000,180.708323,161.000000,0.783950,1.000000,0.000000,0.000000,0.000000,175.179155,149.000000,0.783950,1.000000,0.000000,0.000000,0.000000,143.940005,155.000000,80.000000,0.500000,-0.500000,0.500000,0.500000,4.167
192,6.337499,143.780005,155.000000,0.783950,0.000000,0.000000,0.000000,1.000000,181.041656,161.000000,0.783950,1.000000,0.000000,0.000000,0.000000,175.545822,149.000000,0.783950,1.000000,0.000000,0.000000,0.000000,143.780005,155.000000,80.000000,0.500000,-0.500000,0.500000,0.500000,4.167
193,6.370832,143.620005,155.000000,0.783950,0.000000,0.000000,0.000000,1.000000,181.374990,161.000000,0.783950,1.000000,0.000000,0.000000,0.000000,175.912488,149.000000,0.783950,1.000000,0.000000,0.000000,0.000000,143.620005,155.000000,80.000000,0.500000,-0.500000,0.500000,0.500000,0.000
194,6.404166,143.460005,155.000000,0.783950,0.000000,0.000000,0.000000,1.000000,181.708323,161.000000,0.783950,1.000000,0.000000,0.000000,0.000000,176.279155,149.000000,0.783950,1.000000,0.000000,0.000000,0.000000,143.460005,155.000000,80.000000,0.500000,-0.500000,0.500000,0.500000,4.167
195,6.437499,143.300005,155.000000,0.783950,0.000000,0.000000,0.000000,1.000000,182.041656,161.000000,0.783950,1.000000,0.000000,0.000000,0.000000,176.645822,149.000000,0.783950,1.000000,0.000000,0.000000,0.000000,143.300005,155.000000,80.000000,0.500000,-0.500000,0.500000,0.500000,4.167
196,6.470832,143.140005,155.000000,0.783950,0.000000,0.000000,0.000000,1.000000,182.374989,161.000000,0.783950,1.000000,0.000000,0.000000,0.000000,177.012488,149.000000,0.783950,1.000000,0.000000,0.000000,0.000000,143.140005,155.000000,80.000000,0.500000,-0.500000,0.500000,0.500000,0.000
197,6.499999,143.000005,155.000000,0.783950,0.000000,0.000000,0.000000,1.000000,182.666656,161.000000,0.783950,1.000000,0.000000,0.000000,0.000000,177.333322,149.000000,0.783950,1.000000,0.000000,0.000000,0.000000,143.000005,155.000000,80.000000,0.500000,-0.500000,0.500000,0.500000,4.167
198,6.533332,142.840005,155.000000,0.783950,0.000000,0.000000,0.000000,1.000000,182.999989,161.000000,0.783950,1.000000,0.000000,0.000000,0.000000,177.699988,149.000000,0.783950,1.000000,0.000000,0.000000,0.000000,142.840005,155.000000,80.000000,0.500000,-0.500000,0.500000,0.500000,0.000
199,6.566666,142.680005,155.000000,0.783950,0.000000,0.000000,0.000000,1.000000,183.333323,161.000000,0.783950,1.000000,0.000000,0.000000,0.000000,178.066655,149.000000,0.783950,1.000000,0.000000,0.000000,0.000000,142.680005,155.000000,80.000000,0.500000,-0.500000,0.500000,0.500000,4.167
200,6.599999,142.520005,155.000000,0.783950,0.000000,0.000000,0.000000,1.000000,183.666656,161.000000,0.783950,1.000000,0.000000,0.000000,0.000000,178.433321,149.000000,0.783950,1.000000,0.000000,0.000000,0.000000,142.520005,155.000000,80.000000,0.500000,-0.500000,0.500000,0.500000,4.167
201,6.633332,142.360005,155.000000,0.783950,0.000000,0.000000,0.000000,1.000000,183.999989,161.000000,0.783950,1.000000,0.000000,0.000000,0.000000,178.799988,149.000000,0.783950,1.000000,0.000000,0.000000,0.000000,142.360005,155.000000,80.000000,0.500000,-0.500000,0.500000,0.500000,0.000
202,6.666666,142.200005,155.000000,0.783950,0.000000,0.000000,0.000000,1.000000,184.333322,161.000000,0.783950,1.000000,0.000000,0.000000,0.000000,179.166655,149.000000,0.783950,1.000000,0.000000,0.000000,0.000000,142.200005,155.000000,80.000000,0.500000,-0.500000,0.500000,0.500000,4.167
203,6.699999,142.040005,155.000000,0.783950,0.000000,0.000000,0.000000,1.000000,184.666656,161.000000,0.783950,1.000000,0.000000,0.000000,0.000000,179.533321,149.000000,0.783950,1.000000,0.000000,0.000000,0.000000,142.040005,155.000000,80.000000,0.500000,-0.500000,0.500000,0.500000,4.167
204,6.733332,141.880005,155.000000,0.783950,0.000000,0.000000,0.000000,1.000000,184.999989,161.000000,0.783950,1.000000,0.000000,0.000000,0.000000,179.899988,149.000000,0.783950,1.000000,0.000000,0.000000,0.000000,141.880005,155.000000,80.000000,0.500000,-0.500000,0.500000,0.500000,0.000
205,6.766666,141.720005,155.000000,0.783950,0.000000,0.000000,0.000000,1.000000,185.333322,161.000000,0.783950,1.000000,0.000000,0.000000,0.000000,180.266654,149.000000,0.783950,1.000000,0.000000,0.000000,0.000000,141.720005,155.000000,80.000000,0.500000,-0.500000,0.500000,0.500000,4.167
206,6.799999,141.560005,155.000000,0.783950,0.000000,0.000000,0.000000,1.000000,185.666656,161.000000,0.783950,1.000000,0.000000,0.000000,0.000000,180.633321,149.000000,0.783950,1.000000,0.000000,0.000000,0.000000,141.560005,155.000000,80.000000,0.500000,-0.500000,0.500000,0.500000,4.167
207,6.833332,141.400005,155.000000,0.783950,0.000000,0.000000,0.000000,1.000000,185.999989,161.000000,0.783950,1.000000,0.000000,0.000000,0.000000,180.999988,149.000000,0.783950,1.000000,0.000000,0.000000,0.000000,141.400005,155.000000,80.000000,0.500000,-0.500000,0.500000,0.500000,0.000
208,6.866666,141.240005,155.000000,0.783950,0.000000,0.000000,0.000000,1.000000,186.333322,161.000000,0.783950,1.000000,0.000000,0.000000,0.000000,181.366654,149.000000,0.783950,1.000000,0.000000,0.000000,0.000000,141.240005,155.000000,80.000000,0.500000,-0.500000,0.500000,0.500000,4.167
209,6.895832,141.100005,155.000000,0.783950,0.000000,0.000000,0.000000,1.000000,186.624989,161.000000,0.783950,1.000000,0.000000,0.000000,0.000000,181.687488,149.000000,0.783950,1.000000,0.000000,0.000000,0.000000,141.100005,155.000000,80.000000,0.500000,-0.500000,0.500000,0.500000,0.000
210,6.929166,140.940005,155.000000,0.783950,0.000000,0.000000,0.000000,1.000000,186.958322,161.000000,0.783950,1.000000,0.000000,0.000000,0.000000,182.054154,149.000000,0.783950,1.000000,0.000000,0.000000,0.000000,140.940005,155.000000,80.000000,0.500000,-0.500000,0.500000,0.500000,4.167
211,6.962499,140.780005,155.000000,0.783950,0.000000,0.000000,0.000000,1.000000,187.291655,161.000000,0.783950,1.000000,0.000000,0.000000,0.000000,182.420821,149.000000,0.783950,1.000000,0.000000,0.000000,0.000000,140.780005,155.000000,80.000000,0.500000,-0.500000,0.500000,0.500000,4.167
212,6.995832,140.620006,155.000000,0.783950,0.000000,0.000000,0.000000,1.000000,187.624989,161.000000,0.783950,1.000000,0.000000,0.000000,0.000000,182.787487,149.000000,0.783950,1.000000,0.000000,0.000000,0.000000,140.620006,155.000000,80.000000,0.500000,-0.500000,0.500000,0.500000,0.000
213,7.029166,140.460006,155.000000,0.783950,0.000000,0.000000,0.000000,1.000000,187.958322,161.000000,0.783950,1.000000,0.000000,0.000000,0.000000,183.154154,149.000000,0.783950,1.000000,0.000000,0.000000,0.000000,140.460006,155.000000,80.000000,0.500000,-0.500000,0.500000,0.500000,4.167
214,7.062499,140.300006,155.000000,0.783950,0.000000,0.000000,0.000000,1.000000,188.291655,161.000000,0.783950,1.000000,0.000000,0.000000,0.000000,183.520821,149.000000,0.783950,1.000000,0.000000,0.000000,0.000000,140.300006,155.000000,80.000000,0.500000,-0.500000,0.500000,0.500000,4.167
215,7.095832,140.140006,155.000000,0.783950,0.000000,0.000000,0.000000,1.000000,188.624988,161.000000,0.783950,1.000000,0.000000,0.000000,0.000000,183.887487,149.000000,0.783950,1.000000,0.000000,0.000000,0.000000,140.140006,155.000000,80.000000,0.500000,-0.500000,0.500000,0.500000,0.000
216,7.129166,139.980006,155.000000,0.783950,0.000000,0.000000,0.000000,1.000000,188.958322,161.000000,0.783950,1.000000,0.000000,0.000000,0.000000,184.254154,149.000000,0.783950,1.000000,0.000000,0.000000,0.000000,139.980006,155.000000,80.000000,0.500000,-0.500000,0.500000,0.500000,4.167
217,7.162499,139.820006,155.000000,0.783950,0.000000,0.000000,0.000000,1.000000,189.291655,161.000000,0.783950,1.000000,0.000000,0.000000,0.000000,184.620820,149.000000,0.783950,1.000000,0.000000,0.000000,0.000000,139.820006,155.000000,80.000000,0.500000,-0.500000,0.500000,0.500000,4.167
218,7.195832,139.660006,155.000000,0.783950,0.000000,0.000000,0.000000,1.000000,189.624988,161.000000,0.783950,1.000000,0.000000,0.000000,0.000000,184.987487,149.000000,0.783950,1.000000,0.000000,0.000000,0.000000,139.660006,155.000000,80.000000,0.500000,-0.500000,0.500000,0.500000,0.000
219,7.229166,139.500006,155.000000,0.783950,0.000000,0.000000,0.000000,1.000000,189.958322,161.000000,0.783950,1.000000,0.000000,0.000000,0.000000,185.354154,149.000000,0.783950,1.000000,0.000000,0.000000,0.000000,139.500006,155.000000,80.000000,0.500000,-0.500000,0.500000,0.500000,4.167
220,7.262499,139.340006,155.000000,0.783950,0.000000,0.000000,0.000000,1.000000,190.291655,161.000000,0.783950,1.000000,0.000000,0.000000,0.000000,185.720820,149.000000,0.783950,1.000000,0.000000,0.000000,0.000000,139.340006,155.000000,80.000000,0.500000,-0.500000,0.500000,0.500000,4.167
221,7.295832,139.180006,155.000000,0.783950,0.000000,0.000000,0.000000,1.000000,190.624988,161.000000,0.783950,1.000000,0.000000,0.000000,0.000000,186.087487,149.000000,0.783950,1.000000,0.000000,0.000000,0.000000,139.180006,155.000000,80.000000,0.500000,-0.500000,0.500000,0.500000,0.000
222,7.324999,139.040006,155.000000,0.783950,0.000000,0.000000,0.000000,1.000000,190.916655,161.000000,0.783950,1.000000,0.000000,0.000000,0.000000,186.408320,149.000000,0.783950,1.000000,0.000000,0.000000,0.000000,139.040006,155.000000,80.000000,0.500000,-0.500000,0.500000,0.500000,4.167
223,7.358332,138.880006,155.000000,0.783950,0.000000,0.000000,0.000000,1.000000,191.249988,161.000000,0.783950,1.000000,0.000000,0.000000,0.000000,186.774987,149.000000,0.783950,1.000000,0.000000,0.000000,0.000000,138.880006,155.000000,80.000000,0.500000,-0.500000,0.500000,0.500000,0.000
224,7.391665,138.720006,155.000000,0.783950,0.000000,0.000000,0.000000,1.000000,191.583321,161.000000,0.783950,1.000000,0.000000,0.000000,0.000000,187.141653,149.000000,0.783950,1.000000,0.000000,0.000000,0.000000,138.720006,155.000000,80.000000,0.500000,-0.500000,0.500000,0.500000,4.167
225,7.424999,138.560006,155.000000,0.783950,0.000000,0.000000,0.000000,1.000000,191.916655,161.000000,0.783950,1.000000,0.000000,0.000000,0.000000,187.508320,149.000000,0.783950,1.000000,0.000000,0.000000,0.000000,138.560006,155.000000,80.000000,0.500000,-0.500000,0.500000,0.500000,4.167
226,7.458332,138.400006,155.000000,0.783950,0.000000,0.000000,0.000000,1.000000,192.249988,161.000000,0.783950,1.000000,0.000000,0.000000,0.000000,187.874987,149.000000,0.783950,1.000000,0.000000,0.000000,0.000000,138.400006,155.000000,80.000000,0.500000,-0.500000,0.500000,0.500000,0.000
227,7.491665,138.240006,155.000000,0.783950,0.000000,0.000000,0.000000,1.000000,192.583321,161.000000,0.783950,1.000000,0.000000,0.000000,0.000000,188.241653,149.000000,0.783950,1.000000,0.000000,0.000000,0.000000,138.240006,155.000000,80.000000,0.500000,-0.500000,0.500000,0.500000,4.167
228,7.524999,138.080006,155.000000,0.783950,0.000000,0.000000,0.000000,1.000000,192.916654,161.000000,0.783950,1.000000,0.000000,0.000000,0.000000,188.608320,149.000000,0.783950,1.000000,0.000000,0.000000,0.000000,138.080006,155.000000,80.000000,0.500000,-0.500000,0.500000,0.500000,4.167
229,7.591665,137.760006,155.000000,0.783950,0.000000,0.000000,0.000000,1.000000,193.583321,161.000000,0.783950,1.000000,0.000000,0.000000,0.000000,189.341653,149.000000,0.783950,1.000000,0.000000,0.000000,0.000000,137.760006,155.000000,80.000000,0.500000,-0.500000,0.500000,0.500000,8.333
230,7.624999,137.600006,155.000000,0.783950,0.000000,0.000000,0.000000,1.000000,193.916654,161.000000,0.783950,1.000000,0.000000,0.000000,0.000000,189.708320,149.000000,0.783950,1.000000,0.000000,0.000000,0.000000,137.600006,155.000000,80.000000,0.500000,-0.500000,0.500000,0.500000,8.333
231,7.658332,137.440006,155.000000,0.783950,0.000000,0.000000,0.000000,1.000000,194.249987,161.000000,0.783950,1.000000,0.000000,0.000000,0.000000,190.074986,149.000000,0.783950,1.000000,0.000000,0.000000,0.000000,137.440006,155.000000,80.000000,0.500000,-0.500000,0.500000,0.500000,0.000
232,7.691665,137.280006,155.000000,0.783950,0.000000,0.000000,0.000000,1.000000,194.583321,161.000000,0.783950,1.000000,0.000000,0.000000,0.000000,190.441653,149.000000,0.783950,1.000000,0.000000,0.000000,0.000000,137.280006,155.000000,80.000000,0.500000,-0.500000,0.500000,0.500000,4.167
233,7.720832,137.140006,155.000000,0.783950,0.000000,0.000000,0.000000,1.000000,194.874987,161.000000,0.783950,1.000000,0.000000,0.000000,0.000000,190.762486,149.000000,0.783950,1.000000,0.000000,0.000000,0.000000,137.140006,155.000000,80.000000,0.500000,-0.500000,0.500000,0.500000,0.000
234,7.754165,136.980006,155.000000,0.783950,0.000000,0.000000,0.000000,1.000000,195.208321,161.000000,0.783950,1.000000,0.000000,0.000000,0.000000,191.129153,149.000000,0.783950,1.000000,0.000000,0.000000,0.000000,136.980006,155.000000,80.000000,0.500000,-0.500000,0.500000,0.500000,4.167
235,7.787499,136.820006,155.000000,0.783950,0.000000,0.000000,0.000000,1.000000,195.541654,161.000000,0.783950,1.000000,0.000000,0.000000,0.000000,191.495819,149.000000,0.783950,1.000000,0.000000,0.000000,0.000000,136.820006,155.000000,80.000000,0.500000,-0.500000,0.500000,0.500000,4.167
236,7.820832,136.660006,155.000000,0.783950,0.000000,0.000000,0.000000,1.000000,195.874987,161.000000,0.783950,1.000000,0.000000,0.000000,0.000000,191.862486,149.000000,0.783950,1.000000,0.000000,0.000000,0.000000,136.660006,155.000000,80.000000,0.500000,-0.500000,0.500000,0.500000,0.000
237,7.854165,136.500006,155.000000,0.783950,0.000000,0.000000,0.000000,1.000000,196.208321,161.000000,0.783950,1.000000,0.000000,0.000000,0.000000,192.229153,149.000000,0.783950,1.000000,0.000000,0.000000,0.000000,136.500006,155.000000,80.000000,0.500000,-0.500000,0.500000,0.500000,4.167
238,7.887499,136.340006,155.000000,0.783950,0.000000,0.000000,0.000000,1.000000,196.541654,161.000000,0.783950,1.000000,0.000000,0.000000,0.000000,192.595819,149.000000,0.783950,1.000000,0.000000,0.000000,0.000000,136.340006,155.000000,80.000000,0.500000,-0.500000,0.500000,0.500000,4.167
239,7.920832,136.180006,155.000000,0.783950,0.000000,0.000000,0.000000,1.000000,196.874987,161.000000,0.783950,1.000000,0.000000,0.000000,0.000000,192.962486,149.000000,0.783950,1.000000,0.000000,0.000000,0.000000,136.180006,155.000000,80.000000,0.500000,-0.500000,0.500000,0.500000,0.000
240,7.954165,136.020006,155.000000,0.783950,0.000000,0.000000,0.000000,1.000000,197.208320,161.000000,0.783950,1.000000,0.000000,0.000000,0.000000,193.329152,149.000000,0.783950,1.000000,0.000000,0.000000,0.000000,136.020006,155.000000,80.000000,0.500000,-0.500000,0.500000,0.500000,4.167
241,7.987499,135.860006,155.000000,0.783950,0.000000,0.000000,0.000000,1.000000,197.541654,161.000000,0.783950,1.000000,0.000000,0.000000,0.000000,193.695819,149.000000,0.783950,1.000000,0.000000,0.000000,0.000000,135.860006,155.000000,80.000000,0.500000,-0.500000,0.500000,0.500000,4.167
242,8.020832,135.700006,155.000000,0.783950,0.000000,0.000000,0.000000,1.000000,197.874987,161.000000,0.783950,1.000000,0.000000,0.000000,0.000000,194.062486,149.000000,0.783950,1.000000,0.000000,0.000000,0.000000,135.700006,155.000000,80.000000,0.500000,-0.500000,0.500000,0.500000,0.000
243,8.054165,135.540006,155.000000,0.783950,0.000000,0.000000,0.000000,1.000000,198.208320,161.000000,0.783950,1.000000,0.000000,0.000000,0.000000,194.429152,149.000000,0.783950,1.000000,0.000000,0.000000,0.000000,135.540006,155.000000,80.000000,0.500000,-0.500000,0.500000,0.500000,4.167
244,8.087499,135.380006,155.000000,0.783950,0.000000,0.000000,0.000000,1.000000,198.541653,161.000000,0.783950,1.000000,0.000000,0.000000,0.000000,194.795819,149.000000,0.783950,1.000000,0.000000,0.000000,0.000000,135.380006,155.000000,80.000000,0.500000,-0.500000,0.500000,0.500000,4.167
245,8.120832,135.220006,155.000000,0.783950,0.000000,0.000000,0.000000,1.000000,198.874987,161.000000,0.783950,1.000000,0.000000,0.000000,0.000000,195.162485,149.000000,0.783950,1.000000,0.000000,0.000000,0.000000,135.220006,155.000000,80.000000,0.500000,-0.500000,0.500000,0.500000,0.000
246,8.149999,135.080006,155.000000,0.783950,0.000000,0.000000,0.000000,1.000000,199.166653,161.000000,0.783950,1.000000,0.000000,0.000000,0.000000,195.483319,149.000000,0.783950,1.000000,0.000000,0.000000,0.000000,135.080006,155.000000,80.000000,0.500000,-0.500000,0.500000,0.500000,4.167
247,8.183332,134.920006,155.000000,0.783950,0.000000,0.000000,0.000000,1.000000,199.499987,161.000000,0.783950,1.000000,0.000000,0.000000,0.000000,195.849985,149.000000,0.783950,1.000000,0.000000,0.000000,0.000000,134.920006,155.000000,80.000000,0.500000,-0.500000,0.500000,0.500000,0.000
248,8.216665,134.760006,155.000000,0.783950,0.000000,0.000000,0.000000,1.000000,199.833320,161.000000,0.783950,1.000000,0.000000,0.000000,0.000000,196.216652,149.000000,0.783950,1.000000,0.000000,0.000000,0.000000,134.760006,155.000000,80.000000,0.500000,-0.500000,0.500000,0.500000,4.167
249,8.249999,134.600006,155.000000,0.783950,0.000000,0.000000,0.000000,1.000000,200.166653,161.000000,0.783950,1.000000,0.000000,0.000000,0.000000,196.583319,149.000000,0.783950,1.000000,0.000000,0.000000,0.000000,134.600006,155.000000,80.000000,0.500000,-0.500000,0.500000,0.500000,4.167
250,8.283332,134.440006,155.000000,0.783950,0.000000,0.000000,0.000000,1.000000,200.499986,161.000000,0.783950,1.000000,0.000000,0.000000,0.000000,196.949985,149.000000,0.783950,1.000000,0.000000,0.000000,0.000000,134.440006,155.000000,80.000000,0.500000,-0.500000,0.500000,0.500000,0.000
251,8.316665,134.280007,155.000000,0.783950,0.000000,0.000000,0.000000,1.000000,200.833320,161.000000,0.783950,1.000000,0.000000,0.000000,0.000000,197.316652,149.000000,0.783950,1.000000,0.000000,0.000000,0.000000,134.280007,155.000000,80.000000,0.500000,-0.500000,0.500000,0.500000,4.167
252,8.349999,134.120007,155.000000,0.783950,0.000000,0.000000,0.000000,1.000000,201.166653,161.000000,0.783950,1.000000,0.000000,0.000000,0.000000,197.683318,149.000000,0.783950,1.000000,0.000000,0.000000,0.000000,134.120007,155.000000,80.000000,0.500000,-0.500000,0.500000,0.500000,4.167
253,8.383332,133.960007,155.000000,0.783950,0.000000,0.000000,0.000000,1.000000,201.499986,161.000000,0.783950,1.000000,0.000000,0.000000,0.000000,198.049985,149.000000,0.783950,1.000000,0.000000,0.000000,0.000000,133.960007,155.000000,80.000000,0.500000,-0.500000,0.500000,0.500000,0.000
254,8.416665,133.800007,155.000000,0.783950,0.000000,0.000000,0.000000,1.000000,201.833320,161.000000,0.783950,1.000000,0.000000,0.000000,0.000000,198.416652,149.000000,0.783950,1.000000,0.000000,0.000000,0.000000,133.800007,155.000000,80.000000,0.500000,-0.500000,0.500000,0.500000,4.167
255,8.449999,133.640007,155.000000,0.783950,0.000000,0.000000,0.000000,1.000000,202.166653,161.000000,0.783950,1.000000,0.000000,0.000000,0.000000,198.783318,149.000000,0.783950,1.000000,0.000000,0.000000,0.000000,133.640007,155.000000,80.000000,0.500000,-0.500000,0.500000,0.500000,4.167
256,8.779165,132.060007,155.000000,0.783950,0.000000,0.000000,0.000000,1.000000,205.458319,161.000000,0.783950,1.000000,0.000000,0.000000,0.000000,202.404151,149.000000,0.783950,1.000000,0.000000,0.000000,0.000000,132.060007,155.000000,80.000000,0.500000,-0.500000,0.500000,0.500000,4.167
257,8.812499,131.900007,155.000000,0.783950,0.000000,0.000000,0.000000,1.000000,205.791652,161.000000,0.783950,1.000000,0.000000,0.000000,0.000000,202.770818,149.000000,0.783950,1.000000,0.000000,0.000000,0.000000,131.900007,155.000000,80.000000,0.500000,-0.500000,0.500000,0.500000,4.167
258,8.845832,131.740007,155.000000,0.783950,0.000000,0.000000,0.000000,1.000000,206.124986,161.000000,0.783950,1.000000,0.000000,0.000000,0.000000,203.137484,149.000000,0.783950,1.000000,0.000000,0.000000,0.000000,131.740007,155.000000,80.000000,0.500000,-0.500000,0.500000,0.500000,0.000
259,8.879165,131.580007,155.000000,0.783950,0.000000,0.000000,0.000000,1.000000,206.458319,161.000000,0.783950,1.000000,0.000000,0.000000,0.000000,203.504151,149.000000,0.783950,1.000000,0.000000,0.000000,0.000000,131.580007,155.000000,80.000000,0.500000,-0.500000,0.500000,0.500000,4.167
260,8.912499,131.420007,155.000000,0.783950,0.000000,0.000000,0.000000,1.000000,206.791652,161.000000,0.783950,1.000000,0.000000,0.000000,0.000000,203.870817,149.000000,0.783950,1.000000,0.000000,0.000000,0.000000,131.420007,155.000000,80.000000,0.500000,-0.500000,0.500000,0.500000,4.167
261,8.945832,131.260007,155.000000,0.783950,0.000000,0.000000,0.000000,1.000000,207.124985,161.000000,0.783950,1.000000,0.000000,0.000000,0.000000,204.237484,149.000000,0.783950,1.000000,0.000000,0.000000,0.000000,131.260007,155.000000,80.000000,0.500000,-0.500000,0.500000,0.500000,0.000
262,8.974999,131.120007,155.000000,0.783950,0.000000,0.000000,0.000000,1.000000,207.416652,161.000000,0.783950,1.000000,0.000000,0.000000,0.000000,204.558317,149.000000,0.783950,1.000000,0.000000,0.000000,0.000000,131.120007,155.000000,80.000000,0.500000,-0.500000,0.500000,0.500000,4.167
263,9.008332,130.960007,155.000000,0.783950,0.000000,0.000000,0.000000,1.000000,207.749985,161.000000,0.783950,1.000000,0.000000,0.000000,0.000000,204.924984,149.000000,0.783950,1.000000,0.000000,0.000000,0.000000,130.960007,155.000000,80.000000,0.500000,-0.500000,0.500000,0.500000,0.000
264,9.041665,130.800007,155.000000,0.783950,0.000000,0.000000,0.000000,1.000000,208.083319,161.000000,0.783950,1.000000,0.000000,0.000000,0.000000,205.291650,149.000000,0.783950,1.000000,0.000000,0.000000,0.000000,130.800007,155.000000,80.000000,0.500000,-0.500000,0.500000,0.500000,4.167
265,9.074999,130.640007,155.000000,0.783950,0.000000,0.000000,0.000000,1.000000,208.416652,161.000000,0.783950,1.000000,0.000000,0.000000,0.000000,205.658317,149.000000,0.783950,1.000000,0.000000,0.000000,0.000000,130.640007,155.000000,80.000000,0.500000,-0.500000,0.500000,0.500000,4.167
266,9.108332,130.480007,155.000000,0.783950,0.000000,0.000000,0.000000,1.000000,208.749985,161.000000,0.783950,1.000000,0.000000,0.000000,0.000000,206.024984,149.000000,0.783950,1.000000,0.000000,0.000000,0.000000,130.480007,155.000000,80.000000,0.500000,-0.500000,0.500000,0.500000,0.000
267,9.141665,130.320007,155.000000,0.783950,0.000000,0.000000,0.000000,1.000000,209.083318,161.000000,0.783950,1.000000,0.000000,0.000000,0.000000,206.391650,149.000000,0.783950,1.000000,0.000000,0.000000,0.000000,130.320007,155.000000,80.000000,0.500000,-0.500000,0.500000,0.500000,4.167
268,9.174999,130.160007,155.000000,0.783950,0.000000,0.000000,0.000000,1.000000,209.416652,161.000000,0.783950,1.000000,0.000000,0.000000,0.000000,206.758317,149.000000,0.783950,1.000000,0.000000,0.000000,0.000000,130.160007,155.000000,80.000000,0.500000,-0.500000,0.500000,0.500000,4.167
269,9.208332,130.000007,155.000000,0.783950,0.000000,0.000000,0.000000,1.000000,209.749985,161.000000,0.783950,1.000000,0.000000,0.000000,0.000000,207.124984,149.000000,0.783950,1.000000,0.000000,0.000000,0.000000,130.000007,155.000000,80.000000,0.500000,-0.500000,0.500000,0.500000,0.000
270,9.241665,129.840007,155.000000,0.783950,0.000000,0.000000,0.000000,1.000000,210.083318,161.000000,0.783950,1.000000,0.000000,0.000000,0.000000,207.491650,149.000000,0.783950,1.000000,0.000000,0.000000,0.000000,129.840007,155.000000,80.000000,0.500000,-0.500000,0.500000,0.500000,4.167
271,9.274999,129.680007,155.000000,0.783950,0.000000,0.000000,0.000000,1.000000,210.416652,161.000000,0.783950,1.000000,0.000000,0.000000,0.000000,207.858317,149.000000,0.783950,1.000000,0.000000,0.000000,0.000000,129.680007,155.000000,80.000000,0.500000,-0.500000,0.500000,0.500000,4.167
272,9.308332,129.520007,155.000000,0.783950,0.000000,0.000000,0.000000,1.000000,210.749985,161.000000,0.783950,1.000000,0.000000,0.000000,0.000000,208.224983,149.000000,0.783950,1.000000,0.000000,0.000000,0.000000,129.520007,155.000000,80.000000,0.500000,-0.500000,0.500000,0.500000,0.000
273,9.341665,129.360007,155.000000,0.783950,0.000000,0.000000,0.000000,1.000000,211.083318,161.000000,0.783950,1.000000,0.000000,0.000000,0.000000,208.591650,149.000000,0.783950,1.000000,0.000000,0.000000,0.000000,129.360007,155.000000,80.000000,0.500000,-0.500000,0.500000,0.500000,4.167
274,9.370832,129.220007,155.000000,0.783950,0.000000,0.000000,0.000000,1.000000,211.374985,161.000000,0.783950,1.000000,0.000000,0.000000,0.000000,208.912483,149.000000,0.783950,1.000000,0.000000,0.000000,0.000000,129.220007,155.000000,80.000000,0.500000,-0.500000,0.500000,0.500000,0.000
275,9.404165,129.060007,155.000000,0.783950,0.000000,0.000000,0.000000,1.000000,211.708318,161.000000,0.783950,1.000000,0.000000,0.000000,0.000000,209.279150,149.000000,0.783950,1.000000,0.000000,0.000000,0.000000,129.060007,155.000000,80.000000,0.500000,-0.500000,0.500000,0.500000,4.167
276,9.437498,128.900007,155.000000,0.783950,0.000000,0.000000,0.000000,1.000000,212.041651,161.000000,0.783950,1.000000,0.000000,0.000000,0.000000,209.645816,149.000000,0.783950,1.000000,0.000000,0.000000,0.000000,128.900007,155.000000,80.000000,0.500000,-0.500000,0.500000,0.500000,4.167
277,9.470832,128.740007,155.000000,0.783950,0.000000,0.000000,0.000000,1.000000,212.374985,161.000000,0.783950,1.000000,0.000000,0.000000,0.000000,210.012483,149.000000,0.783950,1.000000,0.000000,0.000000,0.000000,128.740007,155.000000,80.000000,0.500000,-0.500000,0.500000,0.500000,0.000
278,9.504165,128.580007,155.000000,0.783950,0.000000,0.000000,0.000000,1.000000,212.708318,161.000000,0.783950,1.000000,0.000000,0.000000,0.000000,210.379150,149.000000,0.783950,1.000000,0.000000,0.000000,0.000000,128.580007,155.000000,80.000000,0.500000,-0.500000,0.500000,0.500000,4.167
279,9.537498,128.420007,155.000000,0.783950,0.000000,0.000000,0.000000,1.000000,213.041651,161.000000,0.783950,1.000000,0.000000,0.000000,0.000000,210.745816,149.000000,0.783950,1.000000,0.000000,0.000000,0.000000,128.420007,155.000000,80.000000,0.500000,-0.500000,0.500000,0.500000,4.167
280,9.570832,128.260007,155.000000,0.783950,0.000000,0.000000,0.000000,1.000000,213.374984,161.000000,0.783950,1.000000,0.000000,0.000000,0.000000,211.112483,149.000000,0.783950,1.000000,0.000000,0.000000,0.000000,128.260007,155.000000,80.000000,0.500000,-0.500000,0.500000,0.500000,0.000
281,9.604165,128.100008,155.000000,0.783950,0.000000,0.000000,0.000000,1.000000,213.708318,161.000000,0.783950,1.000000,0.000000,0.000000,0.000000,211.479149,149.000000,0.783950,1.000000,0.000000,0.000000,0.000000,128.100008,155.000000,80.000000,0.500000,-0.500000,0.500000,0.500000,4.167
282,9.933332,126.520008,155.000000,0.783950,0.000000,0.000000,0.000000,1.000000,216.999984,161.000000,0.783950,1.000000,0.000000,0.000000,0.000000,215.099982,149.000000,0.783950,1.000000,0.000000,0.000000,0.000000,126.520008,155.000000,80.000000,0.500000,-0.500000,0.500000,0.500000,0.000
283,9.966665,126.360008,155.000000,0.783950,0.000000,0.000000,0.000000,1.000000,217.333317,161.000000,0.783950,1.000000,0.000000,0.000000,0.000000,215.466649,149.000000,0.783950,1.000000,0.000000,0.000000,0.000000,126.360008,155.000000,80.000000,0.500000,-0.500000,0.500000,0.500000,4.167
284,9.999998,126.200008,155.000000,0.783950,0.000000,0.000000,0.000000,1.000000,217.666650,161.000000,0.783950,1.000000,0.000000,0.000000,0.000000,215.833315,149.000000,0.783950,1.000000,0.000000,0.000000,0.000000,126.200008,155.000000,80.000000,0.500000,-0.500000,0.500000,0.500000,4.167
285,10.033332,126.040008,155.000000,0.783950,0.000000,0.000000,0.000000,1.000000,217.999984,161.000000,0.783950,1.000000,0.000000,0.000000,0.000000,216.199982,149.000000,0.783950,1.000000,0.000000,0.000000,0.000000,126.040008,155.000000,80.000000,0.500000,-0.500000,0.500000,0.500000,0.000
286,10.066665,125.880008,155.000000,0.783950,0.000000,0.000000,0.000000,1.000000,218.333317,161.000000,0.783950,1.000000,0.000000,0.000000,0.000000,216.566649,149.000000,0.783950,1.000000,0.000000,0.000000,0.000000,125.880008,155.000000,80.000000,0.500000,-0.500000,0.500000,0.500000,4.167
287,10.099998,125.720008,155.000000,0.783950,0.000000,0.000000,0.000000,1.000000,218.666650,161.000000,0.783950,1.000000,0.000000,0.000000,0.000000,216.933315,149.000000,0.783950,1.000000,0.000000,0.000000,0.000000,125.720008,155.000000,80.000000,0.500000,-0.500000,0.500000,0.500000,4.167
288,10.133332,125.560008,155.000000,0.783950,0.000000,0.000000,0.000000,1.000000,218.999984,161.000000,0.783950,1.000000,0.000000,0.000000,0.000000,217.299982,149.000000,0.783950,1.000000,0.000000,0.000000,0.000000,125.560008,155.000000,80.000000,0.500000,-0.500000,0.500000,0.500000,0.000
289,10.166665,125.400008,155.000000,0.783950,0.000000,0.000000,0.000000,1.000000,219.333317,161.000000,0.783950,1.000000,0.000000,0.000000,0.000000,217.666648,149.000000,0.783950,1.000000,0.000000,0.000000,0.000000,125.400008,155.000000,80.000000,0.500000,-0.500000,0.500000,0.500000,4.167
290,10.195832,125.260008,155.000000,0.783950,0.000000,0.000000,0.000000,1.000000,219.624983,161.000000,0.783950,1.000000,0.000000,0.000000,0.000000,217.987482,149.000000,0.783950,1.000000,0.000000,0.000000,0.000000,125.260008,155.000000,80.000000,0.500000,-0.500000,0.500000,0.500000,0.000
291,10.229165,125.100008,155.000000,0.783950,0.000000,0.000000,0.000000,1.000000,219.958317,161.000000,0.783950,1.000000,0.000000,0.000000,0.000000,218.354148,149.000000,0.783950,1.000000,0.000000,0.000000,0.000000,125.100008,155.000000,80.000000,0.500000,-0.500000,0.500000,0.500000,4.167
292,10.262498,124.940008,155.000000,0.783950,0.000000,0.000000,0.000000,1.000000,220.291650,161.000000,0.783950,1.000000,0.000000,0.000000,0.000000,218.720815,149.000000,0.783950,1.000000,0.000000,0.000000,0.000000,124.940008,155.000000,80.000000,0.500000,-0.500000,0.500000,0.500000,4.167
293,10.295832,124.780008,155.000000,0.783950,0.000000,0.000000,0.000000,1.000000,220.624983,161.000000,0.783950,1.000000,0.000000,0.000000,0.000000,219.087482,149.000000,0.783950,1.000000,0.000000,0.000000,0.000000,124.780008,155.000000,80.000000,0.500000,-0.500000,0.500000,0.500000,0.000
294,10.329165,124.620008,155.000000,0.783950,0.000000,0.000000,0.000000,1.000000,220.958317,161.000000,0.783950,1.000000,0.000000,0.000000,0.000000,219.454148,149.000000,0.783950,1.000000,0.000000,0.000000,0.000000,124.620008,155.000000,80.000000,0.500000,-0.500000,0.500000,0.500000,4.167
295,10.362498,124.460008,155.000000,0.783950,0.000000,0.000000,0.000000,1.000000,221.291650,161.000000,0.783950,1.000000,0.000000,0.000000,0.000000,219.820815,149.000000,0.783950,1.000000,0.000000,0.000000,0.000000,124.460008,155.000000,80.000000,0.500000,-0.500000,0.500000,0.500000,4.167
296,10.395832,124.300008,155.000000,0.783950,0.000000,0.000000,0.000000,1.000000,221.624983,161.000000,0.783950,1.000000,0.000000,0.000000,0.000000,220.187481,149.000000,0.783950,1.000000,0.000000,0.000000,0.000000,124.300008,155.000000,80.000000,0.500000,-0.500000,0.500000,0.500000,0.000
297,10.429165,124.140008,155.000000,0.783950,0.000000,0.000000,0.000000,1.000000,221.958316,161.000000,0.783950,1.000000,0.000000,0.000000,0.000000,220.554148,149.000000,0.783950,1.000000,0.000000,0.000000,0.000000,124.140008,155.000000,80.000000,0.500000,-0.500000,0.500000,0.500000,4.167
298,10.462498,123.980008,155.000000,0.783950,0.000000,0.000000,0.000000,1.000000,222.291650,161.000000,0.783950,1.000000,0.000000,0.000000,0.000000,220.920815,149.000000,0.783950,1.000000,0.000000,0.000000,0.000000,123.980008,155.000000,80.000000,0.500000,-0.500000,0.500000,0.500000,4.167
299,10.495832,123.820008,155.000000,0.783950,0.000000,0.000000,0.000000,1.000000,222.624983,161.000000,0.783950,1.000000,0.000000,0.000000,0.000000,221.287481,149.000000,0.783950,1.000000,0.000000,0.000000,0.000000,123.820008,155.000000,80.000000,0.500000,-0.500000,0.500000,0.500000,0.000
300,10.529165,123.660008,155.000000,0.783950,0.000000,0.000000,0.000000,1.000000,222.958316,161.000000,0.783950,1.000000,0.000000,0.000000,0.000000,221.654148,149.000000,0.783950,1.000000,0.000000,0.000000,0.000000,123.660008,155.000000,80.000000,0.500000,-0.500000,0.500000,0.500000,4.167
301,10.562498,123.500008,155.000000,0.783950,0.000000,0.000000,0.000000,1.000000,223.291650,161.000000,0.783950,1.000000,0.000000,0.000000,0.000000,222.020814,149.000000,0.783950,1.000000,0.000000,0.000000,0.000000,123.500008,155.000000,80.000000,0.500000,-0.500000,0.500000,0.500000,4.167
302,10.595832,123.340008,155.000000,0.783950,0.000000,0.000000,0.000000,1.000000,223.624983,161.000000,0.783950,1.000000,0.000000,0.000000,0.000000,222.387481,149.000000,0.783950,1.000000,0.000000,0.000000,0.000000,123.340008,155.000000,80.000000,0.500000,-0.500000,0.500000,0.500000,0.000
303,10.624998,123.200008,155.000000,0.783950,0.000000,0.000000,0.000000,1.000000,223.916649,161.000000,0.783950,1.000000,0.000000,0.000000,0.000000,222.708314,149.000000,0.783950,1.000000,0.000000,0.000000,0.000000,123.200008,155.000000,80.000000,0.500000,-0.500000,0.500000,0.500000,4.167
304,10.658332,123.040008,155.000000,0.783950,0.000000,0.000000,0.000000,1.000000,224.249983,161.000000,0.783950,1.000000,0.000000,0.000000,0.000000,223.074981,149.000000,0.783950,1.000000,0.000000,0.000000,0.000000,123.040008,155.000000,80.000000,0.500000,-0.500000,0.500000,0.500000,0.000
305,10.691665,122.880008,155.000000,0.783950,0.000000,0.000000,0.000000,1.000000,224.583316,161.000000,0.783950,1.000000,0.000000,0.000000,0.000000,223.441648,149.000000,0.783950,1.000000,0.000000,0.000000,0.000000,122.880008,155.000000,80.000000,0.500000,-0.500000,0.500000,0.500000,4.167
306,10.724998,122.720008,155.000000,0.783950,0.000000,0.000000,0.000000,1.000000,224.916649,161.000000,0.783950,1.000000,0.000000,0.000000,0.000000,223.808314,149.000000,0.783950,1.000000,0.000000,0.000000,0.000000,122.720008,155.000000,80.000000,0.500000,-0.500000,0.500000,0.500000,4.167
307,10.958332,121.600009,155.000000,0.783950,0.000000,0.000000,0.000000,1.000000,227.249982,161.000000,0.783950,1.000000,0.000000,0.000000,0.000000,226.374980,149.000000,0.783950,1.000000,0.000000,0.000000,0.000000,121.600009,155.000000,80.000000,0.500000,-0.500000,0.500000,0.500000,12.500
308,10.991665,121.440009,155.000000,0.783950,0.000000,0.000000,0.000000,1.000000,227.583315,161.000000,0.783950,1.000000,0.000000,0.000000,0.000000,226.741647,149.000000,0.783950,1.000000,0.000000,0.000000,0.000000,121.440009,155.000000,80.000000,0.500000,-0.500000,0.500000,0.500000,4.167
309,11.020832,121.300009,155.000000,0.783950,0.000000,0.000000,0.000000,1.000000,227.874982,161.000000,0.783950,1.000000,0.000000,0.000000,0.000000,227.062480,149.000000,0.783950,1.000000,0.000000,0.000000,0.000000,121.300009,155.000000,80.000000,0.500000,-0.500000,0.500000,0.500000,0.000
310,11.054165,121.140009,155.000000,0.783950,0.000000,0.000000,0.000000,1.000000,228.208315,161.000000,0.783950,1.000000,0.000000,0.000000,0.000000,227.429147,149.000000,0.783950,1.000000,0.000000,0.000000,0.000000,121.140009,155.000000,80.000000,0.500000,-0.500000,0.500000,0.500000,4.167
311,11.087498,120.980009,155.000000,0.783950,0.000000,0.000000,0.000000,1.000000,228.541649,161.000000,0.783950,1.000000,0.000000,0.000000,0.000000,227.795814,149.000000,0.783950,1.000000,0.000000,0.000000,0.000000,120.980009,155.000000,80.000000,0.500000,-0.500000,0.500000,0.500000,4.167
312,11.120832,120.820009,155.000000,0.783950,0.000000,0.000000,0.000000,1.000000,228.874982,161.000000,0.783950,1.000000,0.000000,0.000000,0.000000,228.162480,149.000000,0.783950,1.000000,0.000000,0.000000,0.000000,120.820009,155.000000,80.000000,0.500000,-0.500000,0.500000,0.500000,0.000
313,11.154165,120.660009,155.000000,0.783950,0.000000,0.000000,0.000000,1.000000,229.208315,161.000000,0.783950,1.000000,0.000000,0.000000,0.000000,228.529147,149.000000,0.783950,1.000000,0.000000,0.000000,0.000000,120.660009,155.000000,80.000000,0.500000,-0.500000,0.500000,0.500000,4.167
314,11.187498,120.500009,155.000000,0.783950,0.000000,0.000000,0.000000,1.000000,229.541649,161.000000,0.783950,1.000000,0.000000,0.000000,0.000000,228.895813,149.000000,0.783950,1.000000,0.000000,0.000000,0.000000,120.500009,155.000000,80.000000,0.500000,-0.500000,0.500000,0.500000,4.167
315,11.220832,120.340009,155.000000,0.783950,0.000000,0.000000,0.000000,1.000000,229.874982,161.000000,0.783950,1.000000,0.000000,0.000000,0.000000,229.262480,149.000000,0.783950,1.000000,0.000000,0.000000,0.000000,120.340009,155.000000,80.000000,0.500000,-0.500000,0.500000,0.500000,0.000
316,11.254165,120.180009,155.000000,0.783950,0.000000,0.000000,0.000000,1.000000,230.208315,161.000000,0.783950,1.000000,0.000000,0.000000,0.000000,229.629147,149.000000,0.783950,1.000000,0.000000,0.000000,0.000000,120.180009,155.000000,80.000000,0.500000,-0.500000,0.500000,0.500000,4.167
317,11.287498,120.020009,155.000000,0.783950,0.000000,0.000000,0.000000,1.000000,230.541648,161.000000,0.783950,1.000000,0.000000,0.000000,0.000000,229.995813,149.000000,0.783950,1.000000,0.000000,0.000000,0.000000,120.020009,155.000000,80.000000,0.500000,-0.500000,0.500000,0.500000,4.167
318,11.320832,119.860009,155.000000,0.783950,0.000000,0.000000,0.000000,1.000000,230.874982,161.000000,0.783950,1.000000,0.000000,0.000000,0.000000,230.362480,149.000000,0.783950,1.000000,0.000000,0.000000,0.000000,119.860009,155.000000,80.000000,0.500000,-0.500000,0.500000,0.500000,0.000
319,11.354165,119.700009,155.000000,0.783950,0.000000,0.000000,0.000000,1.000000,231.208315,161.000000,0.783950,1.000000,0.000000,0.000000,0.000000,230.729146,149.000000,0.783950,1.000000,0.000000,0.000000,0.000000,119.700009,155.000000,80.000000,0.500000,-0.500000,0.500000,0.500000,4.167
320,11.387498,119.540009,155.000000,0.783950,0.000000,0.000000,0.000000,1.000000,231.541648,161.000000,0.783950,1.000000,0.000000,0.000000,0.000000,231.095813,149.000000,0.783950,1.000000,0.000000,0.000000,0.000000,119.540009,155.000000,80.000000,0.500000,-0.500000,0.500000,0.500000,4.167
321,11.420832,119.380009,155.000000,0.783950,0.000000,0.000000,0.000000,1.000000,231.874981,161.000000,0.783950,1.000000,0.000000,0.000000,0.000000,231.462480,149.000000,0.783950,1.000000,0.000000,0.000000,0.000000,119.380009,155.000000,80.000000,0.500000,-0.500000,0.500000,0.500000,0.000
322,11.449998,119.240009,155.000000,0.783950,0.000000,0.000000,0.000000,1.000000,232.166648,161.000000,0.783950,1.000000,0.000000,0.000000,0.000000,231.783313,149.000000,0.783950,1.000000,0.000000,0.000000,0.000000,119.240009,155.000000,80.000000,0.500000,-0.500000,0.500000,0.500000,4.167
323,11.483331,119.080009,155.000000,0.783950,0.000000,0.000000,0.000000,1.000000,232.499981,161.000000,0.783950,1.000000,0.000000,0.000000,0.000000,232.149979,149.000000,0.783950,1.000000,0.000000,0.000000,0.000000,119.080009,155.000000,80.000000,0.500000,-0.500000,0.500000,0.500000,0.000
324,11.516665,118.920009,155.000000,0.783950,0.000000,0.000000,0.000000,1.000000,232.833315,161.000000,0.783950,1.000000,0.000000,0.000000,0.000000,232.516646,149.000000,0.783950,1.000000,0.000000,0.000000,0.000000,118.920009,155.000000,80.000000,0.500000,-0.500000,0.500000,0.500000,4.167
325,11.549998,118.760009,155.000000,0.783950,0.000000,0.000000,0.000000,1.000000,233.166648,161.000000,0.783950,1.000000,0.000000,0.000000,0.000000,232.883313,149.000000,0.783950,1.000000,0.000000,0.000000,0.000000,118.760009,155.000000,80.000000,0.500000,-0.500000,0.500000,0.500000,4.167
326,11.583331,118.600009,155.000000,0.783950,0.000000,0.000000,0.000000,1.000000,233.499981,161.000000,0.783950,1.000000,0.000000,0.000000,0.000000,233.249979,149.000000,0.783950,1.000000,0.000000,0.000000,0.000000,118.600009,155.000000,80.000000,0.500000,-0.500000,0.500000,0.500000,0.000
327,11.616665,118.440009,155.000000,0.783950,0.000000,0.000000,0.000000,1.000000,233.833314,161.000000,0.783950,1.000000,0.000000,0.000000,0.000000,233.616646,149.000000,0.783950,1.000000,0.000000,0.000000,0.000000,118.440009,155.000000,80.000000,0.500000,-0.500000,0.500000,0.500000,4.167
328,11.649998,118.280009,155.000000,0.783950,0.000000,0.000000,0.000000,1.000000,234.166648,161.000000,0.783950,1.000000,0.000000,0.000000,0.000000,233.983313,149.000000,0.783950,1.000000,0.000000,0.000000,0.000000,118.280009,155.000000,80.000000,0.500000,-0.500000,0.500000,0.500000,4.167
329,11.683331,118.120009,155.000000,0.783950,0.000000,0.000000,0.000000,1.000000,234.499981,161.000000,0.783950,1.000000,0.000000,0.000000,0.000000,234.349979,149.000000,0.783950,1.000000,0.000000,0.000000,0.000000,118.120009,155.000000,80.000000,0.500000,-0.500000,0.500000,0.500000,0.000
330,11.716665,117.960009,155.000000,0.783950,0.000000,0.000000,0.000000,1.000000,234.833314,161.000000,0.783950,1.000000,0.000000,0.000000,0.000000,234.716646,149.000000,0.783950,1.000000,0.000000,0.000000,0.000000,117.960009,155.000000,80.000000,0.500000,-0.500000,0.500000,0.500000,4.167
331,11.749998,117.800009,155.000000,0.783950,0.000000,0.000000,0.000000,1.000000,235.166648,161.000000,0.783950,1.000000,0.000000,0.000000,0.000000,235.083312,149.000000,0.783950,1.000000,0.000000,0.000000,0.000000,117.800009,155.000000,80.000000,0.500000,-0.500000,0.500000,0.500000,4.167
332,11.783331,117.640009,155.000000,0.783950,0.000000,0.000000,0.000000,1.000000,235.499981,161.000000,0.783950,1.000000,0.000000,0.000000,0.000000,235.449979,149.000000,0.783950,1.000000,0.000000,0.000000,0.000000,117.640009,155.000000,80.000000,0.500000,-0.500000,0.500000,0.500000,0.000
333,12.012498,116.540009,155.000000,0.783950,0.000000,0.000000,0.000000,1.000000,237.791647,161.000000,0.783950,1.000000,0.000000,0.000000,0.000000,237.970812,149.000000,0.783950,1.000000,0.000000,0.000000,0.000000,116.540009,155.000000,80.000000,0.500000,-0.500000,0.500000,0.500000,8.333
334,12.045831,116.380009,155.000000,0.783950,0.000000,0.000000,0.000000,1.000000,238.124980,161.000000,0.783950,1.000000,0.000000,0.000000,0.000000,238.337479,149.000000,0.783950,1.000000,0.000000,0.000000,0.000000,116.380009,155.000000,80.000000,0.500000,-0.500000,0.500000,0.500000,0.000
335,12.079165,116.220009,155.000000,0.783950,0.000000,0.000000,0.000000,1.000000,238.458314,161.000000,0.783950,1.000000,0.000000,0.000000,0.000000,238.704145,149.000000,0.783950,1.000000,0.000000,0.000000,0.000000,116.220009,155.000000,80.000000,0.500000,-0.500000,0.500000,0.500000,4.167
336,12.112498,116.060009,155.000000,0.783950,0.000000,0.000000,0.000000,1.000000,238.791647,161.000000,0.783950,1.000000,0.000000,0.000000,0.000000,239.070812,149.000000,0.783950,1.000000,0.000000,0.000000,0.000000,116.060009,155.000000,80.000000,0.500000,-0.500000,0.500000,0.500000,4.167
337,12.145831,115.900009,155.000000,0.783950,0.000000,0.000000,0.000000,1.000000,239.124980,161.000000,0.783950,1.000000,0.000000,0.000000,0.000000,239.437478,149.000000,0.783950,1.000000,0.000000,0.000000,0.000000,115.900009,155.000000,80.000000,0.500000,-0.500000,0.500000,0.500000,0.000
338,12.179165,115.740009,155.000000,0.783950,0.000000,0.000000,0.000000,1.000000,239.458314,161.000000,0.783950,1.000000,0.000000,0.000000,0.000000,239.804145,149.000000,0.783950,1.000000,0.000000,0.000000,0.000000,115.740009,155.000000,80.000000,0.500000,-0.500000,0.500000,0.500000,4.167
339,12.212498,115.580010,155.000000,0.783950,0.000000,0.000000,0.000000,1.000000,239.791647,161.000000,0.783950,1.000000,0.000000,0.000000,0.000000,240.170812,149.000000,0.783950,1.000000,0.000000,0.000000,0.000000,115.580010,155.000000,80.000000,0.500000,-0.500000,0.500000,0.500000,4.167
340,12.245831,115.420010,155.000000,0.783950,0.000000,0.000000,0.000000,1.000000,240.124980,161.000000,0.783950,1.000000,0.000000,0.000000,0.000000,240.537478,149.000000,0.783950,1.000000,0.000000,0.000000,0.000000,115.420010,155.000000,80.000000,0.500000,-0.500000,0.500000,0.500000,0.000
341,12.274998,115.280010,155.000000,0.783950,0.000000,0.000000,0.000000,1.000000,240.416647,161.000000,0.783950,1.000000,0.000000,0.000000,0.000000,240.858311,149.000000,0.783950,1.000000,0.000000,0.000000,0.000000,115.280010,155.000000,80.000000,0.500000,-0.500000,0.500000,0.500000,4.167
342,12.308331,115.120010,155.000000,0.783950,0.000000,0.000000,0.000000,1.000000,240.749980,161.000000,0.783950,1.000000,0.000000,0.000000,0.000000,241.224978,149.000000,0.783950,1.000000,0.000000,0.000000,0.000000,115.120010,155.000000,80.000000,0.500000,-0.500000,0.500000,0.500000,0.000
343,12.341665,114.960010,155.000000,0.783950,0.000000,0.000000,0.000000,1.000000,241.083313,161.000000,0.783950,1.000000,0.000000,0.000000,0.000000,241.591645,149.000000,0.783950,1.000000,0.000000,0.000000,0.000000,114.960010,155.000000,80.000000,0.500000,-0.500000,0.500000,0.500000,4.167
344,12.374998,114.800010,155.000000,0.783950,0.000000,0.000000,0.000000,1.000000,241.416647,161.000000,0.783950,1.000000,0.000000,0.000000,0.000000,241.958311,149.000000,0.783950,1.000000,0.000000,0.000000,0.000000,114.800010,155.000000,80.000000,0.500000,-0.500000,0.500000,0.500000,4.167
345,12.408331,114.640010,155.000000,0.783950,0.000000,0.000000,0.000000,1.000000,241.749980,161.000000,0.783950,1.000000,0.000000,0.000000,0.000000,242.324978,149.000000,0.783950,1.000000,0.000000,0.000000,0.000000,114.640010,155.000000,80.000000,0.500000,-0.500000,0.500000,0.500000,0.000
346,12.441665,114.480010,155.000000,0.783950,0.000000,0.000000,0.000000,1.000000,242.083313,161.000000,0.783950,1.000000,0.000000,0.000000,0.000000,242.691644,149.000000,0.783950,1.000000,0.000000,0.000000,0.000000,114.480010,155.000000,80.000000,0.500000,-0.500000,0.500000,0.500000,4.167
347,12.474998,114.320010,155.000000,0.783950,0.000000,0.000000,0.000000,1.000000,242.416646,161.000000,0.783950,1.000000,0.000000,0.000000,0.000000,243.058311,149.000000,0.783950,1.000000,0.000000,0.000000,0.000000,114.320010,155.000000,80.000000,0.500000,-0.500000,0.500000,0.500000,4.167
348,12.508331,114.160010,155.000000,0.783950,0.000000,0.000000,0.000000,1.000000,242.749980,161.000000,0.783950,1.000000,0.000000,0.000000,0.000000,243.424978,149.000000,0.783950,1.000000,0.000000,0.000000,0.000000,114.160010,155.000000,80.000000,0.500000,-0.500000,0.500000,0.500000,0.000
349,12.541665,114.000010,155.000000,0.783950,0.000000,0.000000,0.000000,1.000000,243.083313,161.000000,0.783950,1.000000,0.000000,0.000000,0.000000,243.791644,149.000000,0.783950,1.000000,0.000000,0.000000,0.000000,114.000010,155.000000,80.000000,0.500000,-0.500000,0.500000,0.500000,4.167
350,12.574998,113.840010,155.000000,0.783950,0.000000,0.000000,0.000000,1.000000,243.416646,161.000000,0.783950,1.000000,0.000000,0.000000,0.000000,244.158311,149.000000,0.783950,1.000000,0.000000,0.000000,0.000000,113.840010,155.000000,80.000000,0.500000,-0.500000,0.500000,0.500000,4.167
351,12.608331,113.680010,155.000000,0.783950,0.000000,0.000000,0.000000,1.000000,243.749980,161.000000,0.783950,1.000000,0.000000,0.000000,0.000000,244.524978,149.000000,0.783950,1.000000,0.000000,0.000000,0.000000,113.680010,155.000000,80.000000,0.500000,-0.500000,0.500000,0.500000,0.000
352,12.641665,113.520010,155.000000,0.783950,0.000000,0.000000,0.000000,1.000000,244.083313,161.000000,0.783950,1.000000,0.000000,0.000000,0.000000,244.891644,149.000000,0.783950,1.000000,0.000000,0.000000,0.000000,113.520010,155.000000,80.000000,0.500000,-0.500000,0.500000,0.500000,4.167
353,12.670831,113.380010,155.000000,0.783950,0.000000,0.000000,0.000000,1.000000,244.374979,161.000000,0.783950,1.000000,0.000000,0.000000,0.000000,245.212477,149.000000,0.783950,1.000000,0.000000,0.000000,0.000000,113.380010,155.000000,80.000000,0.500000,-0.500000,0.500000,0.500000,0.000
354,12.704165,113.220010,155.000000,0.783950,0.000000,0.000000,0.000000,1.000000,244.708313,161.000000,0.783950,1.000000,0.000000,0.000000,0.000000,245.579144,149.000000,0.783950,1.000000,0.000000,0.000000,0.000000,113.220010,155.000000,80.000000,0.500000,-0.500000,0.500000,0.500000,4.167
355,12.737498,113.060010,155.000000,0.783950,0.000000,0.000000,0.000000,1.000000,245.041646,161.000000,0.783950,1.000000,0.000000,0.000000,0.000000,245.945811,149.000000,0.783950,1.000000,0.000000,0.000000,0.000000,113.060010,155.000000,80.000000,0.500000,-0.500000,0.500000,0.500000,4.167
356,12.770831,112.900010,155.000000,0.783950,0.000000,0.000000,0.000000,1.000000,245.374979,161.000000,0.783950,1.000000,0.000000,0.000000,0.000000,246.312477,149.000000,0.783950,1.000000,0.000000,0.000000,0.000000,112.900010,155.000000,80.000000,0.500000,-0.500000,0.500000,0.500000,0.000
357,12.804165,112.740010,155.000000,0.783950,0.000000,0.000000,0.000000,1.000000,245.708313,161.000000,0.783950,1.000000,0.000000,0.000000,0.000000,246.679144,149.000000,0.783950,1.000000,0.000000,0.000000,0.000000,112.740010,155.000000,80.000000,0.500000,-0.500000,0.500000,0.500000,4.167
358,13.099998,111.320010,155.000000,0.783950,0.000000,0.000000,0.000000,1.000000,248.666645,161.000000,0.783950,1.000000,0.000000,0.000000,0.000000,249.933310,149.000000,0.783950,1.000000,0.000000,0.000000,0.000000,111.320010,155.000000,80.000000,0.500000,-0.500000,0.500000,0.500000,8.333
359,13.133331,111.160010,155.000000,0.783950,0.000000,0.000000,0.000000,1.000000,248.999979,161.000000,0.783950,1.000000,0.000000,0.000000,0.000000,250.299977,149.000000,0.783950,1.000000,0.000000,0.000000,0.000000,111.160010,155.000000,80.000000,0.500000,-0.500000,0.500000,0.500000,0.000
360,13.166665,111.000010,155.000000,0.783950,0.000000,0.000000,0.000000,1.000000,249.333312,161.000000,0.783950,1.000000,0.000000,0.000000,0.000000,250.666643,149.000000,0.783950,1.000000,0.000000,0.000000,0.000000,111.000010,155.000000,80.000000,0.500000,-0.500000,0.500000,0.500000,4.167
361,13.199998,110.840010,155.000000,0.783950,0.000000,0.000000,0.000000,1.000000,249.666645,161.000000,0.783950,1.000000,0.000000,0.000000,0.000000,251.033310,149.000000,0.783950,1.000000,0.000000,0.000000,0.000000,110.840010,155.000000,80.000000,0.500000,-0.500000,0.500000,0.500000,4.167
362,13.233331,110.680010,155.000000,0.783950,0.000000,0.000000,0.000000,1.000000,249.999979,161.000000,0.783950,1.000000,0.000000,0.000000,0.000000,251.399976,149.000000,0.783950,1.000000,0.000000,0.000000,0.000000,110.680010,155.000000,80.000000,0.500000,-0.500000,0.500000,0.500000,0.000
363,13.266665,110.520010,155.000000,0.783950,0.000000,0.000000,0.000000,1.000000,250.333312,161.000000,0.783950,1.000000,0.000000,0.000000,0.000000,251.766643,149.000000,0.783950,1.000000,0.000000,0.000000,0.000000,110.520010,155.000000,80.000000,0.500000,-0.500000,0.500000,0.500000,4.167
364,13.299998,110.360010,155.000000,0.783950,0.000000,0.000000,0.000000,1.000000,250.666645,161.000000,0.783950,1.000000,0.000000,0.000000,0.000000,252.133310,149.000000,0.783950,1.000000,0.000000,0.000000,0.000000,110.360010,155.000000,80.000000,0.500000,-0.500000,0.500000,0.500000,4.167
365,13.333331,110.200010,155.000000,0.783950,0.000000,0.000000,0.000000,1.000000,250.999978,161.000000,0.783950,1.000000,0.000000,0.000000,0.000000,252.499976,149.000000,0.783950,1.000000,0.000000,0.000000,0.000000,110.200010,155.000000,80.000000,0.500000,-0.500000,0.500000,0.500000,0.000
366,13.366665,110.040010,155.000000,0.783950,0.000000,0.000000,0.000000,1.000000,251.333312,161.000000,0.783950,1.000000,0.000000,0.000000,0.000000,252.866643,149.000000,0.783950,1.000000,0.000000,0.000000,0.000000,110.040010,155.000000,80.000000,0.500000,-0.500000,0.500000,0.500000,4.167
367,13.399998,109.880010,155.000000,0.783950,0.000000,0.000000,0.000000,1.000000,251.666645,161.000000,0.783950,1.000000,0.000000,0.000000,0.000000,253.233309,149.000000,0.783950,1.000000,0.000000,0.000000,0.000000,109.880010,155.000000,80.000000,0.500000,-0.500000,0.500000,0.500000,4.167
368,13.433331,109.720010,155.000000,0.783950,0.000000,0.000000,0.000000,1.000000,251.999978,161.000000,0.783950,1.000000,0.000000,0.000000,0.000000,253.599976,149.000000,0.783950,1.000000,0.000000,0.000000,0.000000,109.720010,155.000000,80.000000,0.500000,-0.500000,0.500000,0.500000,0.000
369,13.466665,109.560010,155.000000,0.783950,0.000000,0.000000,0.000000,1.000000,252.333312,161.000000,0.783950,1.000000,0.000000,0.000000,0.000000,253.966643,149.000000,0.783950,1.000000,0.000000,0.000000,0.000000,109.560010,155.000000,80.000000,0.500000,-0.500000,0.500000,0.500000,4.167
370,13.495831,109.420010,155.000000,0.783950,0.000000,0.000000,0.000000,1.000000,252.624978,161.000000,0.783950,1.000000,0.000000,0.000000,0.000000,254.287476,149.000000,0.783950,1.000000,0.000000,0.000000,0.000000,109.420010,155.000000,80.000000,0.500000,-0.500000,0.500000,0.500000,0.000
371,13.529165,109.260011,155.000000,0.783950,0.000000,0.000000,0.000000,1.000000,252.958311,161.000000,0.783950,1.000000,0.000000,0.000000,0.000000,254.654143,149.000000,0.783950,1.000000,0.000000,0.000000,0.000000,109.260011,155.000000,80.000000,0.500000,-0.500000,0.500000,0.500000,4.167
372,13.562498,109.100011,155.000000,0.783950,0.000000,0.000000,0.000000,1.000000,253.291645,161.000000,0.783950,1.000000,0.000000,0.000000,0.000000,255.020809,149.000000,0.783950,1.000000,0.000000,0.000000,0.000000,109.100011,155.000000,80.000000,0.500000,-0.500000,0.500000,0.500000,4.167
373,13.595831,108.940011,155.000000,0.783950,0.000000,0.000000,0.000000,1.000000,253.624978,161.000000,0.783950,1.000000,0.000000,0.000000,0.000000,255.387476,149.000000,0.783950,1.000000,0.000000,0.000000,0.000000,108.940011,155.000000,80.000000,0.500000,-0.500000,0.500000,0.500000,0.000
374,13.629164,108.780011,155.000000,0.783950,0.000000,0.000000,0.000000,1.000000,253.958311,161.000000,0.783950,1.000000,0.000000,0.000000,0.000000,255.754142,149.000000,0.783950,1.000000,0.000000,0.000000,0.000000,108.780011,155.000000,80.000000,0.500000,-0.500000,0.500000,0.500000,4.167
375,13.662498,108.620011,155.000000,0.783950,0.000000,0.000000,0.000000,1.000000,254.291645,161.000000,0.783950,1.000000,0.000000,0.000000,0.000000,256.120809,149.000000,0.783950,1.000000,0.000000,0.000000,0.000000,108.620011,155.000000,80.000000,0.500000,-0.500000,0.500000,0.500000,4.167
376,13.695831,108.460011,155.000000,0.783950,0.000000,0.000000,0.000000,1.000000,254.624978,161.000000,0.783950,1.000000,0.000000,0.000000,0.000000,256.487476,149.000000,0.783950,1.000000,0.000000,0.000000,0.000000,108.460011,155.000000,80.000000,0.500000,-0.500000,0.500000,0.500000,0.000
377,13.729164,108.300011,155.000000,0.783950,0.000000,0.000000,0.000000,1.000000,254.958311,161.000000,0.783950,1.000000,0.000000,0.000000,0.000000,256.854142,149.000000,0.783950,1.000000,0.000000,0.000000,0.000000,108.300011,155.000000,80.000000,0.500000,-0.500000,0.500000,0.500000,4.167
378,13.762498,108.140011,155.000000,0.783950,0.000000,0.000000,0.000000,1.000000,255.291644,161.000000,0.783950,1.000000,0.000000,0.000000,0.000000,257.220809,149.000000,0.783950,1.000000,0.000000,0.000000,0.000000,108.140011,155.000000,80.000000,0.500000,-0.500000,0.500000,0.500000,4.167
379,13.795831,107.980011,155.000000,0.783950,0.000000,0.000000,0.000000,1.000000,255.624978,161.000000,0.783950,1.000000,0.000000,0.000000,0.000000,257.587475,149.000000,0.783950,1.000000,0.000000,0.000000,0.000000,107.980011,155.000000,80.000000,0.500000,-0.500000,0.500000,0.500000,0.000
380,13.829164,107.820011,155.000000,0.783950,0.000000,0.000000,0.000000,1.000000,255.958311,161.000000,0.783950,1.000000,0.000000,0.000000,0.000000,257.954142,149.000000,0.783950,1.000000,0.000000,0.000000,0.000000,107.820011,155.000000,80.000000,0.500000,-0.500000,0.500000,0.500000,4.167
381,13.862498,107.660011,155.000000,0.783950,0.000000,0.000000,0.000000,1.000000,256.291644,161.000000,0.783950,1.000000,0.000000,0.000000,0.000000,258.320809,149.000000,0.783950,1.000000,0.000000,0.000000,0.000000,107.660011,155.000000,80.000000,0.500000,-0.500000,0.500000,0.500000,4.167
382,13.895831,107.500011,155.000000,0.783950,0.000000,0.000000,0.000000,1.000000,256.624978,161.000000,0.783950,1.000000,0.000000,0.000000,0.000000,258.687475,149.000000,0.783950,1.000000,0.000000,0.000000,0.000000,107.500011,155.000000,80.000000,0.500000,-0.500000,0.500000,0.500000,0.000
383,13.924998,107.360011,155.000000,0.783950,0.000000,0.000000,0.000000,1.000000,256.916644,161.000000,0.783950,1.000000,0.000000,0.000000,0.000000,259.008309,149.000000,0.783950,1.000000,0.000000,0.000000,0.000000,107.360011,155.000000,80.000000,0.500000,-0.500000,0.500000,0.500000,4.167
384,14.124998,106.400011,155.000000,0.783950,0.000000,0.000000,0.000000,1.000000,258.916644,161.000000,0.783950,1.000000,0.000000,0.000000,0.000000,261.208308,149.000000,0.783950,1.000000,0.000000,0.000000,0.000000,106.400011,155.000000,80.000000,0.500000,-0.500000,0.500000,0.500000,8.333
385,14.158331,106.240011,155.000000,0.783950,0.000000,0.000000,0.000000,1.000000,259.249977,161.000000,0.783950,1.000000,0.000000,0.000000,0.000000,261.574975,149.000000,0.783950,1.000000,0.000000,0.000000,0.000000,106.240011,155.000000,80.000000,0.500000,-0.500000,0.500000,0.500000,0.000
386,14.191664,106.080011,155.000000,0.783950,0.000000,0.000000,0.000000,1.000000,259.583310,161.000000,0.783950,1.000000,0.000000,0.000000,0.000000,261.941641,149.000000,0.783950,1.000000,0.000000,0.000000,0.000000,106.080011,155.000000,80.000000,0.500000,-0.500000,0.500000,0.500000,4.167
387,14.224998,105.920011,155.000000,0.783950,0.000000,0.000000,0.000000,1.000000,259.916644,161.000000,0.783950,1.000000,0.000000,0.000000,0.000000,262.308308,149.000000,0.783950,1.000000,0.000000,0.000000,0.000000,105.920011,155.000000,80.000000,0.500000,-0.500000,0.500000,0.500000,4.167
388,14.258331,105.760011,155.000000,0.783950,0.000000,0.000000,0.000000,1.000000,260.249977,161.000000,0.783950,1.000000,0.000000,0.000000,0.000000,262.674975,149.000000,0.783950,1.000000,0.000000,0.000000,0.000000,105.760011,155.000000,80.000000,0.500000,-0.500000,0.500000,0.500000,0.000
389,14.291664,105.600011,155.000000,0.783950,0.000000,0.000000,0.000000,1.000000,260.583310,161.000000,0.783950,1.000000,0.000000,0.000000,0.000000,263.041641,149.000000,0.783950,1.000000,0.000000,0.000000,0.000000,105.600011,155.000000,80.000000,0.500000,-0.500000,0.500000,0.500000,4.167
390,14.320831,105.460011,155.000000,0.783950,0.000000,0.000000,0.000000,1.000000,260.874977,161.000000,0.783950,1.000000,0.000000,0.000000,0.000000,263.362475,149.000000,0.783950,1.000000,0.000000,0.000000,0.000000,105.460011,155.000000,80.000000,0.500000,-0.500000,0.500000,0.500000,0.000
391,14.354164,105.300011,155.000000,0.783950,0.000000,0.000000,0.000000,1.000000,261.208310,161.000000,0.783950,1.000000,0.000000,0.000000,0.000000,263.729141,149.000000,0.783950,1.000000,0.000000,0.000000,0.000000,105.300011,155.000000,80.000000,0.500000,-0.500000,0.500000,0.500000,4.167
392,14.387498,105.140011,155.000000,0.783950,0.000000,0.000000,0.000000,1.000000,261.541643,161.000000,0.783950,1.000000,0.000000,0.000000,0.000000,264.095808,149.000000,0.783950,1.000000,0.000000,0.000000,0.000000,105.140011,155.000000,80.000000,0.500000,-0.500000,0.500000,0.500000,4.167
393,14.420831,104.980011,155.000000,0.783950,0.000000,0.000000,0.000000,1.000000,261.874977,161.000000,0.783950,1.000000,0.000000,0.000000,0.000000,264.462474,149.000000,0.783950,1.000000,0.000000,0.000000,0.000000,104.980011,155.000000,80.000000,0.500000,-0.500000,0.500000,0.500000,0.000
394,14.454164,104.820011,155.000000,0.783950,0.000000,0.000000,0.000000,1.000000,262.208310,161.000000,0.783950,1.000000,0.000000,0.000000,0.000000,264.829141,149.000000,0.783950,1.000000,0.000000,0.000000,0.000000,104.820011,155.000000,80.000000,0.500000,-0.500000,0.500000,0.500000,4.167
395,14.487498,104.660011,155.000000,0.783950,0.000000,0.000000,0.000000,1.000000,262.541643,161.000000,0.783950,1.000000,0.000000,0.000000,0.000000,265.195808,149.000000,0.783950,1.000000,0.000000,0.000000,0.000000,104.660011,155.000000,80.000000,0.500000,-0.500000,0.500000,0.500000,4.167
396,14.520831,104.500011,155.000000,0.783950,0.000000,0.000000,0.000000,1.000000,262.874977,161.000000,0.783950,1.000000,0.000000,0.000000,0.000000,265.562474,149.000000,0.783950,1.000000,0.000000,0.000000,0.000000,104.500011,155.000000,80.000000,0.500000,-0.500000,0.500000,0.500000,0.000
397,14.554164,104.340011,155.000000,0.783950,0.000000,0.000000,0.000000,1.000000,263.208310,161.000000,0.783950,1.000000,0.000000,0.000000,0.000000,265.929141,149.000000,0.783950,1.000000,0.000000,0.000000,0.000000,104.340011,155.000000,80.000000,0.500000,-0.500000,0.500000,0.500000,4.167
398,14.587498,104.180011,155.000000,0.783950,0.000000,0.000000,0.000000,1.000000,263.541643,161.000000,0.783950,1.000000,0.000000,0.000000,0.000000,266.295807,149.000000,0.783950,1.000000,0.000000,0.000000,0.000000,104.180011,155.000000,80.000000,0.500000,-0.500000,0.500000,0.500000,4.167
399,14.620831,104.020011,155.000000,0.783950,0.000000,0.000000,0.000000,1.000000,263.874976,161.000000,0.783950,1.000000,0.000000,0.000000,0.000000,266.662474,149.000000,0.783950,1.000000,0.000000,0.000000,0.000000,104.020011,155.000000,80.000000,0.500000,-0.500000,0.500000,0.500000,0.000
400,14.654164,103.860011,155.000000,0.783950,0.000000,0.000000,0.000000,1.000000,264.208310,161.000000,0.783950,1.000000,0.000000,0.000000,0.000000,267.029141,149.000000,0.783950,1.000000,0.000000,0.000000,0.000000,103.860011,155.000000,80.000000,0.500000,-0.500000,0.500000,0.500000,4.167
401,14.687498,103.700011,155.000000,0.783950,0.000000,0.000000,0.000000,1.000000,264.541643,161.000000,0.783950,1.000000,0.000000,0.000000,0.000000,267.395807,149.000000,0.783950,1.000000,0.000000,0.000000,0.000000,103.700011,155.000000,80.000000,0.500000,-0.500000,0.500000,0.500000,4.167
402,14.720831,103.540011,155.000000,0.783950,0.000000,0.000000,0.000000,1.000000,264.874976,161.000000,0.783950,1.000000,0.000000,0.000000,0.000000,267.762474,149.000000,0.783950,1.000000,0.000000,0.000000,0.000000,103.540011,155.000000,80.000000,0.500000,-0.500000,0.500000,0.500000,0.000
403,14.749998,103.400011,155.000000,0.783950,0.000000,0.000000,0.000000,1.000000,265.166643,161.000000,0.783950,1.000000,0.000000,0.000000,0.000000,268.083307,149.000000,0.783950,1.000000,0.000000,0.000000,0.000000,103.400011,155.000000,80.000000,0.500000,-0.500000,0.500000,0.500000,4.167
404,14.783331,103.240011,155.000000,0.783950,0.000000,0.000000,0.000000,1.000000,265.499976,161.000000,0.783950,1.000000,0.000000,0.000000,0.000000,268.449974,149.000000,0.783950,1.000000,0.000000,0.000000,0.000000,103.240011,155.000000,80.000000,0.500000,-0.500000,0.500000,0.500000,0.000
405,14.816664,103.080012,155.000000,0.783950,0.000000,0.000000,0.000000,1.000000,265.833309,161.000000,0.783950,1.000000,0.000000,0.000000,0.000000,268.816640,149.000000,0.783950,1.000000,0.000000,0.000000,0.000000,103.080012,155.000000,80.000000,0.500000,-0.500000,0.500000,0.500000,4.167
406,14.849998,102.920012,155.000000,0.783950,0.000000,0.000000,0.000000,1.000000,266.166643,161.000000,0.783950,1.000000,0.000000,0.000000,0.000000,269.183307,149.000000,0.783950,1.000000,0.000000,0.000000,0.000000,102.920012,155.000000,80.000000,0.500000,-0.500000,0.500000,0.500000,4.167
407,14.883331,102.760012,155.000000,0.783950,0.000000,0.000000,0.000000,1.000000,266.499976,161.000000,0.783950,1.000000,0.000000,0.000000,0.000000,269.549974,149.000000,0.783950,1.000000,0.000000,0.000000,0.000000,102.760012,155.000000,80.000000,0.500000,-0.500000,0.500000,0.500000,0.000
408,14.916664,102.600012,155.000000,0.783950,0.000000,0.000000,0.000000,1.000000,266.833309,161.000000,0.783950,1.000000,0.000000,0.000000,0.000000,269.916640,149.000000,0.783950,1.000000,0.000000,0.000000,0.000000,102.600012,155.000000,80.000000,0.500000,-0.500000,0.500000,0.500000,4.167
409,14.949998,102.440012,155.000000,0.783950,0.000000,0.000000,0.000000,1.000000,267.166642,161.000000,0.783950,1.000000,0.000000,0.000000,0.000000,270.283307,149.000000,0.783950,1.000000,0.000000,0.000000,0.000000,102.440012,155.000000,80.000000,0.500000,-0.500000,0.500000,0.500000,4.167
410,15.179164,101.340012,155.000000,0.783950,0.000000,0.000000,0.000000,1.000000,269.458309,161.000000,0.783950,1.000000,0.000000,0.000000,0.000000,272.804140,149.000000,0.783950,1.000000,0.000000,0.000000,0.000000,101.340012,155.000000,80.000000,0.500000,-0.500000,0.500000,0.500000,4.167
411,15.212498,101.180012,155.000000,0.783950,0.000000,0.000000,0.000000,1.000000,269.791642,161.000000,0.783950,1.000000,0.000000,0.000000,0.000000,273.170806,149.000000,0.783950,1.000000,0.000000,0.000000,0.000000,101.180012,155.000000,80.000000,0.500000,-0.500000,0.500000,0.500000,4.167
412,15.245831,101.020012,155.000000,0.783950,0.000000,0.000000,0.000000,1.000000,270.124975,161.000000,0.783950,1.000000,0.000000,0.000000,0.000000,273.537473,149.000000,0.783950,1.000000,0.000000,0.000000,0.000000,101.020012,155.000000,80.000000,0.500000,-0.500000,0.500000,0.500000,0.000
413,15.279164,100.860012,155.000000,0.783950,0.000000,0.000000,0.000000,1.000000,270.458309,161.000000,0.783950,1.000000,0.000000,0.000000,0.000000,273.904139,149.000000,0.783950,1.000000,0.000000,0.000000,0.000000,100.860012,155.000000,80.000000,0.500000,-0.500000,0.500000,0.500000,4.167
414,15.312498,100.700012,155.000000,0.783950,0.000000,0.000000,0.000000,1.000000,270.791642,161.000000,0.783950,1.000000,0.000000,0.000000,0.000000,274.270806,149.000000,0.783950,1.000000,0.000000,0.000000,0.000000,100.700012,155.000000,80.000000,0.500000,-0.500000,0.500000,0.500000,4.167
415,15.345831,100.540012,155.000000,0.783950,0.000000,0.000000,0.000000,1.000000,271.124975,161.000000,0.783950,1.000000,0.000000,0.000000,0.000000,274.637473,149.000000,0.783950,1.000000,0.000000,0.000000,0.000000,100.540012,155.000000,80.000000,0.500000,-0.500000,0.500000,0.500000,0.000
416,15.379164,100.380012,155.000000,0.783950,0.000000,0.000000,0.000000,1.000000,271.458308,161.000000,0.783950,1.000000,0.000000,0.000000,0.000000,275.004139,149.000000,0.783950,1.000000,0.000000,0.000000,0.000000,100.380012,155.000000,80.000000,0.500000,-0.500000,0.500000,0.500000,4.167
417,15.412498,100.220012,155.000000,0.783950,0.000000,0.000000,0.000000,1.000000,271.791642,161.000000,0.783950,1.000000,0.000000,0.000000,0.000000,275.370806,149.000000,0.783950,1.000000,0.000000,0.000000,0.000000,100.220012,155.000000,80.000000,0.500000,-0.500000,0.500000,0.500000,4.167
418,15.445831,100.060012,155.000000,0.783950,0.000000,0.000000,0.000000,1.000000,272.124975,161.000000,0.783950,1.000000,0.000000,0.000000,0.000000,275.737473,149.000000,0.783950,1.000000,0.000000,0.000000,0.000000,100.060012,155.000000,80.000000,0.500000,-0.500000,0.500000,0.500000,0.000
419,15.479164,99.900012,155.000000,0.783950,0.000000,0.000000,0.000000,1.000000,272.458308,161.000000,0.783950,1.000000,0.000000,0.000000,0.000000,276.104139,149.000000,0.783950,1.000000,0.000000,0.000000,0.000000,99.900012,155.000000,80.000000,0.500000,-0.500000,0.500000,0.500000,4.167
420,15.512498,99.740012,155.000000,0.783950,0.000000,0.000000,0.000000,1.000000,272.791642,161.000000,0.783950,1.000000,0.000000,0.000000,0.000000,276.470806,149.000000,0.783950,1.000000,0.000000,0.000000,0.000000,99.740012,155.000000,80.000000,0.500000,-0.500000,0.500000,0.500000,4.167
421,15.545831,99.580012,155.000000,0.783950,0.000000,0.000000,0.000000,1.000000,273.124975,161.000000,0.783950,1.000000,0.000000,0.000000,0.000000,276.837472,149.000000,0.783950,1.000000,0.000000,0.000000,0.000000,99.580012,155.000000,80.000000,0.500000,-0.500000,0.500000,0.500000,0.000
422,15.574998,99.440012,155.000000,0.783950,0.000000,0.000000,0.000000,1.000000,273.416641,161.000000,0.783950,1.000000,0.000000,0.000000,0.000000,277.158306,149.000000,0.783950,1.000000,0.000000,0.000000,0.000000,99.440012,155.000000,80.000000,0.500000,-0.500000,0.500000,0.500000,4.167
423,15.608331,99.280012,155.000000,0.783950,0.000000,0.000000,0.000000,1.000000,273.749975,161.000000,0.783950,1.000000,0.000000,0.000000,0.000000,277.524972,149.000000,0.783950,1.000000,0.000000,0.000000,0.000000,99.280012,155.000000,80.000000,0.500000,-0.500000,0.500000,0.500000,0.000
424,15.641664,99.120012,155.000000,0.783950,0.000000,0.000000,0.000000,1.000000,274.083308,161.000000,0.783950,1.000000,0.000000,0.000000,0.000000,277.891639,149.000000,0.783950,1.000000,0.000000,0.000000,0.000000,99.120012,155.000000,80.000000,0.500000,-0.500000,0.500000,0.500000,4.167
425,15.674997,98.960012,155.000000,0.783950,0.000000,0.000000,0.000000,1.000000,274.416641,161.000000,0.783950,1.000000,0.000000,0.000000,0.000000,278.258305,149.000000,0.783950,1.000000,0.000000,0.000000,0.000000,98.960012,155.000000,80.000000,0.500000,-0.500000,0.500000,0.500000,4.167
426,15.708331,98.800012,155.000000,0.783950,0.000000,0.000000,0.000000,1.000000,274.749975,161.000000,0.783950,1.000000,0.000000,0.000000,0.000000,278.624972,149.000000,0.783950,1.000000,0.000000,0.000000,0.000000,98.800012,155.000000,80.000000,0.500000,-0.500000,0.500000,0.500000,0.000
427,15.741664,98.640012,155.000000,0.783950,0.000000,0.000000,0.000000,1.000000,275.083308,161.000000,0.783950,1.000000,0.000000,0.000000,0.000000,278.991639,149.000000,0.783950,1.000000,0.000000,0.000000,0.000000,98.640012,155.000000,80.000000,0.500000,-0.500000,0.500000,0.500000,4.167
428,15.774997,98.480012,155.000000,0.783950,0.000000,0.000000,0.000000,1.000000,275.416641,161.000000,0.783950,1.000000,0.000000,0.000000,0.000000,279.358305,149.000000,0.783950,1.000000,0.000000,0.000000,0.000000,98.480012,155.000000,80.000000,0.500000,-0.500000,0.500000,0.500000,4.167
429,15.808331,98.320012,155.000000,0.783950,0.000000,0.000000,0.000000,1.000000,275.749974,161.000000,0.783950,1.000000,0.000000,0.000000,0.000000,279.724972,149.000000,0.783950,1.000000,0.000000,0.000000,0.000000,98.320012,155.000000,80.000000,0.500000,-0.500000,0.500000,0.500000,0.000
430,15.841664,98.160012,155.000000,0.783950,0.000000,0.000000,0.000000,1.000000,276.083308,161.000000,0.783950,1.000000,0.000000,0.000000,0.000000,280.091638,149.000000,0.783950,1.000000,0.000000,0.000000,0.000000,98.160012,155.000000,80.000000,0.500000,-0.500000,0.500000,0.500000,4.167
431,15.874997,98.000012,155.000000,0.783950,0.000000,0.000000,0.000000,1.000000,276.416641,161.000000,0.783950,1.000000,0.000000,0.000000,0.000000,280.458305,149.000000,0.783950,1.000000,0.000000,0.000000,0.000000,98.000012,155.000000,80.000000,0.500000,-0.500000,0.500000,0.500000,4.167
432,15.908331,97.840012,155.000000,0.783950,0.000000,0.000000,0.000000,1.000000,276.749974,161.000000,0.783950,1.000000,0.000000,0.000000,0.000000,280.824972,149.000000,0.783950,1.000000,0.000000,0.000000,0.000000,97.840012,155.000000,80.000000,0.500000,-0.500000,0.500000,0.500000,0.000
433,15.941664,97.680012,155.000000,0.783950,0.000000,0.000000,0.000000,1.000000,277.083308,161.000000,0.783950,1.000000,0.000000,0.000000,0.000000,281.191638,149.000000,0.783950,1.000000,0.000000,0.000000,0.000000,97.680012,155.000000,80.000000,0.500000,-0.500000,0.500000,0.500000,4.167
434,15.970831,97.540012,155.000000,0.783950,0.000000,0.000000,0.000000,1.000000,277.374974,161.000000,0.783950,1.000000,0.000000,0.000000,0.000000,281.512472,149.000000,0.783950,1.000000,0.000000,0.000000,0.000000,97.540012,155.000000,80.000000,0.500000,-0.500000,0.500000,0.500000,0.000
435,16.004164,97.380012,155.000000,0.783950,0.000000,0.000000,0.000000,1.000000,277.708307,161.000000,0.783950,1.000000,0.000000,0.000000,0.000000,281.879138,149.000000,0.783950,1.000000,0.000000,0.000000,0.000000,97.380012,155.000000,80.000000,0.500000,-0.500000,0.500000,0.500000,4.167
436,16.170831,96.580013,155.000000,0.783950,0.000000,0.000000,0.000000,1.000000,279.374974,161.000000,0.783950,1.000000,0.000000,0.000000,0.000000,283.712471,149.000000,0.783950,1.000000,0.000000,0.000000,0.000000,96.580013,155.000000,80.000000,0.500000,-0.500000,0.500000,0.500000,12.500
437,16.204164,96.420013,155.000000,0.783950,0.000000,0.000000,0.000000,1.000000,279.708307,161.000000,0.783950,1.000000,0.000000,0.000000,0.000000,284.079138,149.000000,0.783950,1.000000,0.000000,0.000000,0.000000,96.420013,155.000000,80.000000,0.500000,-0.500000,0.500000,0.500000,4.167
438,16.237497,96.260013,155.000000,0.783950,0.000000,0.000000,0.000000,1.000000,280.041640,161.000000,0.783950,1.000000,0.000000,0.000000,0.000000,284.445804,149.000000,0.783950,1.000000,0.000000,0.000000,0.000000,96.260013,155.000000,80.000000,0.500000,-0.500000,0.500000,0.500000,4.167
439,16.270831,96.100013,155.000000,0.783950,0.000000,0.000000,0.000000,1.000000,280.374974,161.000000,0.783950,1.000000,0.000000,0.000000,0.000000,284.812471,149.000000,0.783950,1.000000,0.000000,0.000000,0.000000,96.100013,155.000000,80.000000,0.500000,-0.500000,0.500000,0.500000,0.000
440,16.304164,95.940013,155.000000,0.783950,0.000000,0.000000,0.000000,1.000000,280.708307,161.000000,0.783950,1.000000,0.000000,0.000000,0.000000,285.179138,149.000000,0.783950,1.000000,0.000000,0.000000,0.000000,95.940013,155.000000,80.000000,0.500000,-0.500000,0.500000,0.500000,4.167
441,16.337497,95.780013,155.000000,0.783950,0.000000,0.000000,0.000000,1.000000,281.041640,161.000000,0.783950,1.000000,0.000000,0.000000,0.000000,285.545804,149.000000,0.783950,1.000000,0.000000,0.000000,0.000000,95.780013,155.000000,80.000000,0.500000,-0.500000,0.500000,0.500000,4.167
442,16.370831,95.620013,155.000000,0.783950,0.000000,0.000000,0.000000,1.000000,281.374974,161.000000,0.783950,1.000000,0.000000,0.000000,0.000000,285.912471,149.000000,0.783950,1.000000,0.000000,0.000000,0.000000,95.620013,155.000000,80.000000,0.500000,-0.500000,0.500000,0.500000,0.000
443,16.399997,95.480013,155.000000,0.783950,0.000000,0.000000,0.000000,1.000000,281.666640,161.000000,0.783950,1.000000,0.000000,0.000000,0.000000,286.233304,149.000000,0.783950,1.000000,0.000000,0.000000,0.000000,95.480013,155.000000,80.000000,0.500000,-0.500000,0.500000,0.500000,4.167
444,16.433331,95.320013,155.000000,0.783950,0.000000,0.000000,0.000000,1.000000,281.999973,161.000000,0.783950,1.000000,0.000000,0.000000,0.000000,286.599971,149.000000,0.783950,1.000000,0.000000,0.000000,0.000000,95.320013,155.000000,80.000000,0.500000,-0.500000,0.500000,0.500000,0.000
445,16.466664,95.160013,155.000000,0.783950,0.000000,0.000000,0.000000,1.000000,282.333307,161.000000,0.783950,1.000000,0.000000,0.000000,0.000000,286.966637,149.000000,0.783950,1.000000,0.000000,0.000000,0.000000,95.160013,155.000000,80.000000,0.500000,-0.500000,0.500000,0.500000,4.167
446,16.499997,95.000013,155.000000,0.783950,0.000000,0.000000,0.000000,1.000000,282.666640,161.000000,0.783950,1.000000,0.000000,0.000000,0.000000,287.333304,149.000000,0.783950,1.000000,0.000000,0.000000,0.000000,95.000013,155.000000,80.000000,0.500000,-0.500000,0.500000,0.500000,4.167
447,16.533331,94.840013,155.000000,0.783950,0.000000,0.000000,0.000000,1.000000,282.999973,161.000000,0.783950,1.000000,0.000000,0.000000,0.000000,287.699971,149.000000,0.783950,1.000000,0.000000,0.000000,0.000000,94.840013,155.000000,80.000000,0.500000,-0.500000,0.500000,0.500000,0.000
448,16.566664,94.680013,155.000000,0.783950,0.000000,0.000000,0.000000,1.000000,283.333307,161.000000,0.783950,1.000000,0.000000,0.000000,0.000000,288.066637,149.000000,0.783950,1.000000,0.000000,0.000000,0.000000,94.680013,155.000000,80.000000,0.500000,-0.500000,0.500000,0.500000,4.167
449,16.599997,94.520013,155.000000,0.783950,0.000000,0.000000,0.000000,1.000000,283.666640,161.000000,0.783950,1.000000,0.000000,0.000000,0.000000,288.433304,149.000000,0.783950,1.000000,0.000000,0.000000,0.000000,94.520013,155.000000,80.000000,0.500000,-0.500000,0.500000,0.500000,4.167
450,16.633331,94.360013,155.000000,0.783950,0.000000,0.000000,0.000000,1.000000,283.999973,161.000000,0.783950,1.000000,0.000000,0.000000,0.000000,288.799970,149.000000,0.783950,1.000000,0.000000,0.000000,0.000000,94.360013,155.000000,80.000000,0.500000,-0.500000,0.500000,0.500000,0.000
451,16.666664,94.200013,155.000000,0.783950,0.000000,0.000000,0.000000,1.000000,284.333306,161.000000,0.783950,1.000000,0.000000,0.000000,0.000000,289.166637,149.000000,0.783950,1.000000,0.000000,0.000000,0.000000,94.200013,155.000000,80.000000,0.500000,-0.500000,0.500000,0.500000,4.167
452,16.699997,94.040013,155.000000,0.783950,0.000000,0.000000,0.000000,1.000000,284.666640,161.000000,0.783950,1.000000,0.000000,0.000000,0.000000,289.533304,149.000000,0.783950,1.000000,0.000000,0.000000,0.000000,94.040013,155.000000,80.000000,0.500000,-0.500000,0.500000,0.500000,4.167
453,16.733331,93.880013,155.000000,0.783950,0.000000,0.000000,0.000000,1.000000,284.999973,161.000000,0.783950,1.000000,0.000000,0.000000,0.000000,289.899970,149.000000,0.783950,1.000000,0.000000,0.000000,0.000000,93.880013,155.000000,80.000000,0.500000,-0.500000,0.500000,0.500000,0.000
454,16.766664,93.720013,155.000000,0.783950,0.000000,0.000000,0.000000,1.000000,285.333306,161.000000,0.783950,1.000000,0.000000,0.000000,0.000000,290.266637,149.000000,0.783950,1.000000,0.000000,0.000000,0.000000,93.720013,155.000000,80.000000,0.500000,-0.500000,0.500000,0.500000,4.167
455,16.795831,93.580013,155.000000,0.783950,0.000000,0.000000,0.000000,1.000000,285.624973,161.000000,0.783950,1.000000,0.000000,0.000000,0.000000,290.587470,149.000000,0.783950,1.000000,0.000000,0.000000,0.000000,93.580013,155.000000,80.000000,0.500000,-0.500000,0.500000,0.500000,0.000
456,16.829164,93.420013,155.000000,0.783950,0.000000,0.000000,0.000000,1.000000,285.958306,161.000000,0.783950,1.000000,0.000000,0.000000,0.000000,290.954137,149.000000,0.783950,1.000000,0.000000,0.000000,0.000000,93.420013,155.000000,80.000000,0.500000,-0.500000,0.500000,0.500000,4.167
457,16.862497,93.260013,155.000000,0.783950,0.000000,0.000000,0.000000,1.000000,286.291639,161.000000,0.783950,1.000000,0.000000,0.000000,0.000000,291.320803,149.000000,0.783950,1.000000,0.000000,0.000000,0.000000,93.260013,155.000000,80.000000,0.500000,-0.500000,0.500000,0.500000,4.167
458,16.895831,93.100013,155.000000,0.783950,0.000000,0.000000,0.000000,1.000000,286.624973,161.000000,0.783950,1.000000,0.000000,0.000000,0.000000,291.687470,149.000000,0.783950,1.000000,0.000000,0.000000,0.000000,93.100013,155.000000,80.000000,0.500000,-0.500000,0.500000,0.500000,0.000
459,16.929164,92.940013,155.000000,0.783950,0.000000,0.000000,0.000000,1.000000,286.958306,161.000000,0.783950,1.000000,0.000000,0.000000,0.000000,292.054137,149.000000,0.783950,1.000000,0.000000,0.000000,0.000000,92.940013,155.000000,80.000000,0.500000,-0.500000,0.500000,0.500000,4.167
460,16.962497,92.780013,155.000000,0.783950,0.000000,0.000000,0.000000,1.000000,287.291639,161.000000,0.783950,1.000000,0.000000,0.000000,0.000000,292.420803,149.000000,0.783950,1.000000,0.000000,0.000000,0.000000,92.780013,155.000000,80.000000,0.500000,-0.500000,0.500000,0.500000,4.167
461,16.995831,92.620013,155.000000,0.783950,0.000000,0.000000,0.000000,1.000000,287.624973,161.000000,0.783950,1.000000,0.000000,0.000000,0.000000,292.787470,149.000000,0.783950,1.000000,0.000000,0.000000,0.000000,92.620013,155.000000,80.000000,0.500000,-0.500000,0.500000,0.500000,0.000
462,17.095831,92.140013,155.000000,0.783950,0.000000,0.000000,0.000000,1.000000,288.624972,161.000000,0.783950,1.000000,0.000000,0.000000,0.000000,293.887470,149.000000,0.783950,1.000000,0.000000,0.000000,0.000000,92.140013,155.000000,80.000000,0.500000,-0.500000,0.500000,0.500000,12.500
463,17.129164,91.980013,155.000000,0.783950,0.000000,0.000000,0.000000,1.000000,288.958306,161.000000,0.783950,1.000000,0.000000,0.000000,0.000000,294.254136,149.000000,0.783950,1.000000,0.000000,0.000000,0.000000,91.980013,155.000000,80.000000,0.500000,-0.500000,0.500000,0.500000,4.167
464,17.162497,91.820013,155.000000,0.783950,0.000000,0.000000,0.000000,1.000000,289.291639,161.000000,0.783950,1.000000,0.000000,0.000000,0.000000,294.620803,149.000000,0.783950,1.000000,0.000000,0.000000,0.000000,91.820013,155.000000,80.000000,0.500000,-0.500000,0.500000,0.500000,4.167
465,17.195831,91.660013,155.000000,0.783950,0.000000,0.000000,0.000000,1.000000,289.624972,161.000000,0.783950,1.000000,0.000000,0.000000,0.000000,294.987469,149.000000,0.783950,1.000000,0.000000,0.000000,0.000000,91.660013,155.000000,80.000000,0.500000,-0.500000,0.500000,0.500000,0.000
466,17.224997,91.520013,155.000000,0.783950,0.000000,0.000000,0.000000,1.000000,289.916639,161.000000,0.783950,1.000000,0.000000,0.000000,0.000000,295.308303,149.000000,0.783950,1.000000,0.000000,0.000000,0.000000,91.520013,155.000000,80.000000,0.500000,-0.500000,0.500000,0.500000,4.167
467,17.258331,91.360013,155.000000,0.783950,0.000000,0.000000,0.000000,1.000000,290.249972,161.000000,0.783950,1.000000,0.000000,0.000000,0.000000,295.674969,149.000000,0.783950,1.000000,0.000000,0.000000,0.000000,91.360013,155.000000,80.000000,0.500000,-0.500000,0.500000,0.500000,0.000
468,17.291664,91.200013,155.000000,0.783950,0.000000,0.000000,0.000000,1.000000,290.583305,161.000000,0.783950,1.000000,0.000000,0.000000,0.000000,296.041636,149.000000,0.783950,1.000000,0.000000,0.000000,0.000000,91.200013,155.000000,80.000000,0.500000,-0.500000,0.500000,0.500000,4.167
469,17.324997,91.040013,155.000000,0.783950,0.000000,0.000000,0.000000,1.000000,290.916639,161.000000,0.783950,1.000000,0.000000,0.000000,0.000000,296.408303,149.000000,0.783950,1.000000,0.000000,0.000000,0.000000,91.040013,155.000000,80.000000,0.500000,-0.500000,0.500000,0.500000,4.167
470,17.358331,90.880013,155.000000,0.783950,0.000000,0.000000,0.000000,1.000000,291.249972,161.000000,0.783950,1.000000,0.000000,0.000000,0.000000,296.774969,149.000000,0.783950,1.000000,0.000000,0.000000,0.000000,90.880013,155.000000,80.000000,0.500000,-0.500000,0.500000,0.500000,0.000
471,17.391664,90.720013,155.000000,0.783950,0.000000,0.000000,0.000000,1.000000,291.583305,161.000000,0.783950,1.000000,0.000000,0.000000,0.000000,297.141636,149.000000,0.783950,1.000000,0.000000,0.000000,0.000000,90.720013,155.000000,80.000000,0.500000,-0.500000,0.500000,0.500000,4.167
472,17.424997,90.560014,155.000000,0.783950,0.000000,0.000000,0.000000,1.000000,291.916639,161.000000,0.783950,1.000000,0.000000,0.000000,0.000000,297.508302,149.000000,0.783950,1.000000,0.000000,0.000000,0.000000,90.560014,155.000000,80.000000,0.500000,-0.500000,0.500000,0.500000,4.167
473,17.458331,90.400014,155.000000,0.783950,0.000000,0.000000,0.000000,1.000000,292.249972,161.000000,0.783950,1.000000,0.000000,0.000000,0.000000,297.874969,149.000000,0.783950,1.000000,0.000000,0.000000,0.000000,90.400014,155.000000,80.000000,0.500000,-0.500000,0.500000,0.500000,0.000
474,17.491664,90.240014,155.000000,0.783950,0.000000,0.000000,0.000000,1.000000,292.583305,161.000000,0.783950,1.000000,0.000000,0.000000,0.000000,298.241636,149.000000,0.783950,1.000000,0.000000,0.000000,0.000000,90.240014,155.000000,80.000000,0.500000,-0.500000,0.500000,0.500000,4.167
475,17.524997,90.080014,155.000000,0.783950,0.000000,0.000000,0.000000,1.000000,292.916638,161.000000,0.783950,1.000000,0.000000,0.000000,0.000000,298.608302,149.000000,0.783950,1.000000,0.000000,0.000000,0.000000,90.080014,155.000000,80.000000,0.500000,-0.500000,0.500000,0.500000,4.167
476,17.558331,89.920014,155.000000,0.783950,0.000000,0.000000,0.000000,1.000000,293.249972,161.000000,0.783950,1.000000,0.000000,0.000000,0.000000,298.974969,149.000000,0.783950,1.000000,0.000000,0.000000,0.000000,89.920014,155.000000,80.000000,0.500000,-0.500000,0.500000,0.500000,0.000
477,17.591664,89.760014,155.000000,0.783950,0.000000,0.000000,0.000000,1.000000,293.583305,161.000000,0.783950,1.000000,0.000000,0.000000,0.000000,299.341635,149.000000,0.783950,1.000000,0.000000,0.000000,0.000000,89.760014,155.000000,80.000000,0.500000,-0.500000,0.500000,0.500000,4.167
478,17.620831,89.620014,155.000000,0.783950,0.000000,0.000000,0.000000,1.000000,293.874972,161.000000,0.783950,1.000000,0.000000,0.000000,0.000000,299.662469,149.000000,0.783950,1.000000,0.000000,0.000000,0.000000,89.620014,155.000000,80.000000,0.500000,-0.500000,0.500000,0.500000,0.000
479,17.654164,89.460014,155.000000,0.783950,0.000000,0.000000,0.000000,1.000000,294.208305,161.000000,0.783950,1.000000,0.000000,0.000000,0.000000,300.029135,149.000000,0.783950,1.000000,0.000000,0.000000,0.000000,89.460014,155.000000,80.000000,0.500000,-0.500000,0.500000,0.500000,4.167
480,17.687497,89.300014,155.000000,0.783950,0.000000,0.000000,0.000000,1.000000,294.541638,161.000000,0.783950,1.000000,0.000000,0.000000,0.000000,300.395802,149.000000,0.783950,1.000000,0.000000,0.000000,0.000000,89.300014,155.000000,80.000000,0.500000,-0.500000,0.500000,0.500000,4.167
481,17.720830,89.140014,155.000000,0.783950,0.000000,0.000000,0.000000,1.000000,294.874971,161.000000,0.783950,1.000000,0.000000,0.000000,0.000000,300.762469,149.000000,0.783950,1.000000,0.000000,0.000000,0.000000,89.140014,155.000000,80.000000,0.500000,-0.500000,0.500000,0.500000,0.000
482,17.754164,88.980014,155.000000,0.783950,0.000000,0.000000,0.000000,1.000000,295.208305,161.000000,0.783950,1.000000,0.000000,0.000000,0.000000,301.129135,149.000000,0.783950,1.000000,0.000000,0.000000,0.000000,88.980014,155.000000,80.000000,0.500000,-0.500000,0.500000,0.500000,4.167
483,17.787497,88.820014,155.000000,0.783950,0.000000,0.000000,0.000000,1.000000,295.541638,161.000000,0.783950,1.000000,0.000000,0.000000,0.000000,301.495802,149.000000,0.783950,1.000000,0.000000,0.000000,0.000000,88.820014,155.000000,80.000000,0.500000,-0.500000,0.500000,0.500000,4.167
484,17.820830,88.660014,155.000000,0.783950,0.000000,0.000000,0.000000,1.000000,295.874971,161.000000,0.783950,1.000000,0.000000,0.000000,0.000000,301.862468,149.000000,0.783950,1.000000,0.000000,0.000000,0.000000,88.660014,155.000000,80.000000,0.500000,-0.500000,0.500000,0.500000,0.000
485,17.854164,88.500014,155.000000,0.783950,0.000000,0.000000,0.000000,1.000000,296.208304,161.000000,0.783950,1.000000,0.000000,0.000000,0.000000,302.229135,149.000000,0.783950,1.000000,0.000000,0.000000,0.000000,88.500014,155.000000,80.000000,0.500000,-0.500000,0.500000,0.500000,4.167
486,17.887497,88.340014,155.000000,0.783950,0.000000,0.000000,0.000000,1.000000,296.541638,161.000000,0.783950,1.000000,0.000000,0.000000,0.000000,302.595802,149.000000,0.783950,1.000000,0.000000,0.000000,0.000000,88.340014,155.000000,80.000000,0.500000,-0.500000,0.500000,0.500000,4.167
487,17.920830,88.180014,155.000000,0.783950,0.000000,0.000000,0.000000,1.000000,296.874971,161.000000,0.783950,1.000000,0.000000,0.000000,0.000000,302.962468,149.000000,0.783950,1.000000,0.000000,0.000000,0.000000,88.180014,155.000000,80.000000,0.500000,-0.500000,0.500000,0.500000,0.000
488,17.954164,88.020014,155.000000,0.783950,0.000000,0.000000,0.000000,1.000000,297.208304,161.000000,0.783950,1.000000,0.000000,0.000000,0.000000,303.329135,149.000000,0.783950,1.000000,0.000000,0.000000,0.000000,88.020014,155.000000,80.000000,0.500000,-0.500000,0.500000,0.500000,8.333
489,17.987497,87.860014,155.000000,0.783950,0.000000,0.000000,0.000000,1.000000,297.541638,161.000000,0.783950,1.000000,0.000000,0.000000,0.000000,303.695801,149.000000,0.783950,1.000000,0.000000,0.000000,0.000000,87.860014,155.000000,80.000000,0.500000,-0.500000,0.500000,0.500000,8.333
490,18.020830,87.700014,155.000000,0.783950,0.000000,0.000000,0.000000,1.000000,297.874971,161.000000,0.783950,1.000000,0.000000,0.000000,0.000000,304.062468,149.000000,0.783950,1.000000,0.000000,0.000000,0.000000,87.700014,155.000000,80.000000,0.500000,-0.500000,0.500000,0.500000,0.000
491,18.049997,87.560014,155.000000,0.783950,0.000000,0.000000,0.000000,1.000000,298.166638,161.000000,0.783950,1.000000,0.000000,0.000000,0.000000,304.383301,149.000000,0.783950,1.000000,0.000000,0.000000,0.000000,87.560014,155.000000,80.000000,0.500000,-0.500000,0.500000,0.500000,4.167
492,18.083330,87.400014,155.000000,0.783950,0.000000,0.000000,0.000000,1.000000,298.499971,161.000000,0.783950,1.000000,0.000000,0.000000,0.000000,304.749968,149.000000,0.783950,1.000000,0.000000,0.000000,0.000000,87.400014,155.000000,80.000000,0.500000,-0.500000,0.500000,0.500000,0.000
493,18.116664,87.240014,155.000000,0.783950,0.000000,0.000000,0.000000,1.000000,298.833304,161.000000,0.783950,1.000000,0.000000,0.000000,0.000000,305.116634,149.000000,0.783950,1.000000,0.000000,0.000000,0.000000,87.240014,155.000000,80.000000,0.500000,-0.500000,0.500000,0.500000,4.167
494,18.149997,87.080014,155.000000,0.783950,0.000000,0.000000,0.000000,1.000000,299.166637,161.000000,0.783950,1.000000,0.000000,0.000000,0.000000,305.483301,149.000000,0.783950,1.000000,0.000000,0.000000,0.000000,87.080014,155.000000,80.000000,0.500000,-0.500000,0.500000,0.500000,4.167
495,18.183330,86.920014,155.000000,0.783950,0.000000,0.000000,0.000000,1.000000,299.499971,161.000000,0.783950,1.000000,0.000000,0.000000,0.000000,305.849968,149.000000,0.783950,1.000000,0.000000,0.000000,0.000000,86.920014,155.000000,80.000000,0.500000,-0.500000,0.500000,0.500000,0.000
496,18.216664,86.760014,155.000000,0.783950,0.000000,0.000000,0.000000,1.000000,299.833304,161.000000,0.783950,1.000000,0.000000,0.000000,0.000000,306.216634,149.000000,0.783950,1.000000,0.000000,0.000000,0.000000,86.760014,155.000000,80.000000,0.500000,-0.500000,0.500000,0.500000,4.167
497,18.249997,86.600014,155.000000,0.783950,0.000000,0.000000,0.000000,1.000000,300.166637,161.000000,0.783950,1.000000,0.000000,0.000000,0.000000,306.583301,149.000000,0.783950,1.000000,0.000000,0.000000,0.000000,86.600014,155.000000,80.000000,0.500000,-0.500000,0.500000,0.500000,4.167
498,18.283330,86.440014,155.000000,0.783950,0.000000,0.000000,0.000000,1.000000,300.499970,161.000000,0.783950,1.000000,0.000000,0.000000,0.000000,306.949968,149.000000,0.783950,1.000000,0.000000,0.000000,0.000000,86.440014,155.000000,80.000000,0.500000,-0.500000,0.500000,0.500000,0.000
499,18.316664,86.280014,155.000000,0.783950,0.000000,0.000000,0.000000,1.000000,300.833304,161.000000,0.783950,1.000000,0.000000,0.000000,0.000000,307.316634,149.000000,0.783950,1.000000,0.000000,0.000000,0.000000,86.280014,155.000000,80.000000,0.500000,-0.500000,0.500000,0.500000,4.167
500,18.349997,86.120014,155.000000,0.783950,0.000000,0.000000,0.000000,1.000000,301.166637,161.000000,0.783950,1.000000,0.000000,0.000000,0.000000,307.683301,149.000000,0.783950,1.000000,0.000000,0.000000,0.000000,86.120014,155.000000,80.000000,0.500000,-0.500000,0.500000,0.500000,4.167
501,18.383330,85.960014,155.000000,0.783950,0.000000,0.000000,0.000000,1.000000,301.499970,161.000000,0.783950,1.000000,0.000000,0.000000,0.000000,308.049967,149.000000,0.783950,1.000000,0.000000,0.000000,0.000000,85.960014,155.000000,80.000000,0.500000,-0.500000,0.500000,0.500000,0.000
502,18.416664,85.800014,155.000000,0.783950,0.000000,0.000000,0.000000,1.000000,301.833304,161.000000,0.783950,1.000000,0.000000,0.000000,0.000000,308.416634,149.000000,0.783950,1.000000,0.000000,0.000000,0.000000,85.800014,155.000000,80.000000,0.500000,-0.500000,0.500000,0.500000,4.167
503,18.445830,85.660014,155.000000,0.783950,0.000000,0.000000,0.000000,1.000000,302.124970,161.000000,0.783950,1.000000,0.000000,0.000000,0.000000,308.737467,149.000000,0.783950,1.000000,0.000000,0.000000,0.000000,85.660014,155.000000,80.000000,0.500000,-0.500000,0.500000,0.500000,0.000
504,18.479164,85.500014,155.000000,0.783950,0.000000,0.000000,0.000000,1.000000,302.458303,161.000000,0.783950,1.000000,0.000000,0.000000,0.000000,309.104134,149.000000,0.783950,1.000000,0.000000,0.000000,0.000000,85.500014,155.000000,80.000000,0.500000,-0.500000,0.500000,0.500000,4.167
505,18.512497,85.340014,155.000000,0.783950,0.000000,0.000000,0.000000,1.000000,302.791637,161.000000,0.783950,1.000000,0.000000,0.000000,0.000000,309.470800,149.000000,0.783950,1.000000,0.000000,0.000000,0.000000,85.340014,155.000000,80.000000,0.500000,-0.500000,0.500000,0.500000,4.167
506,18.545830,85.180014,155.000000,0.783950,0.000000,0.000000,0.000000,1.000000,303.124970,161.000000,0.783950,1.000000,0.000000,0.000000,0.000000,309.837467,149.000000,0.783950,1.000000,0.000000,0.000000,0.000000,85.180014,155.000000,80.000000,0.500000,-0.500000,0.500000,0.500000,0.000
507,18.579164,85.020014,155.000000,0.783950,0.000000,0.000000,0.000000,1.000000,303.458303,161.000000,0.783950,1.000000,0.000000,0.000000,0.000000,310.204134,149.000000,0.783950,1.000000,0.000000,0.000000,0.000000,85.020014,155.000000,80.000000,0.500000,-0.500000,0.500000,0.500000,4.167
508,18.612497,84.860014,155.000000,0.783950,0.000000,0.000000,0.000000,1.000000,303.791637,161.000000,0.783950,1.000000,0.000000,0.000000,0.000000,310.570800,149.000000,0.783950,1.000000,0.000000,0.000000,0.000000,84.860014,155.000000,80.000000,0.500000,-0.500000,0.500000,0.500000,4.167
509,18.645830,84.700014,155.000000,0.783950,0.000000,0.000000,0.000000,1.000000,304.124970,161.000000,0.783950,1.000000,0.000000,0.000000,0.000000,310.937467,149.000000,0.783950,1.000000,0.000000,0.000000,0.000000,84.700014,155.000000,80.000000,0.500000,-0.500000,0.500000,0.500000,0.000
510,18.679164,84.540014,155.000000,0.783950,0.000000,0.000000,0.000000,1.000000,304.458303,161.000000,0.783950,1.000000,0.000000,0.000000,0.000000,311.304133,149.000000,0.783950,1.000000,0.000000,0.000000,0.000000,84.540014,155.000000,80.000000,0.500000,-0.500000,0.500000,0.500000,4.167
511,18.712497,84.380014,155.000000,0.783950,0.000000,0.000000,0.000000,1.000000,304.791636,161.000000,0.783950,1.000000,0.000000,0.000000,0.000000,311.670800,149.000000,0.783950,1.000000,0.000000,0.000000,0.000000,84.380014,155.000000,80.000000,0.500000,-0.500000,0.500000,0.500000,4.167
512,18.745830,84.220015,155.000000,0.783950,0.000000,0.000000,0.000000,1.000000,305.124970,161.000000,0.783950,1.000000,0.000000,0.000000,0.000000,312.037467,149.000000,0.783950,1.000000,0.000000,0.000000,0.000000,84.220015,155.000000,80.000000,0.500000,-0.500000,0.500000,0.500000,0.000
513,18.779164,84.060015,155.000000,0.783950,0.000000,0.000000,0.000000,1.000000,305.458303,161.000000,0.783950,1.000000,0.000000,0.000000,0.000000,312.404133,149.000000,0.783950,1.000000,0.000000,0.000000,0.000000,84.060015,155.000000,80.000000,0.500000,-0.500000,0.500000,0.500000,4.167
514,18.812497,83.900015,155.000000,0.783950,0.000000,0.000000,0.000000,1.000000,305.791636,161.000000,0.783950,1.000000,0.000000,0.000000,0.000000,312.770800,149.000000,0.783950,1.000000,0.000000,0.000000,0.000000,83.900015,155.000000,80.000000,0.500000,-0.500000,0.500000,0.500000,4.167
515,18.845830,83.740015,155.000000,0.783950,0.000000,0.000000,0.000000,1.000000,306.124970,161.000000,0.783950,1.000000,0.000000,0.000000,0.000000,313.137467,149.000000,0.783950,1.000000,0.000000,0.000000,0.000000,83.740015,155.000000,80.000000,0.500000,-0.500000,0.500000,0.500000,0.000
516,18.874997,83.600015,155.000000,0.783950,0.000000,0.000000,0.000000,1.000000,306.416636,161.000000,0.783950,1.000000,0.000000,0.000000,0.000000,313.458300,149.000000,0.783950,1.000000,0.000000,0.000000,0.000000,83.600015,155.000000,80.000000,0.500000,-0.500000,0.500000,0.500000,4.167
517,18.908330,83.440015,155.000000,0.783950,0.000000,0.000000,0.000000,1.000000,306.749969,161.000000,0.783950,1.000000,0.000000,0.000000,0.000000,313.824966,149.000000,0.783950,1.000000,0.000000,0.000000,0.000000,83.440015,155.000000,80.000000,0.500000,-0.500000,0.500000,0.500000,0.000
518,18.941664,83.280015,155.000000,0.783950,0.000000,0.000000,0.000000,1.000000,307.083303,161.000000,0.783950,1.000000,0.000000,0.000000,0.000000,314.191633,149.000000,0.783950,1.000000,0.000000,0.000000,0.000000,83.280015,155.000000,80.000000,0.500000,-0.500000,0.500000,0.500000,4.167
519,18.974997,83.120015,155.000000,0.783950,0.000000,0.000000,0.000000,1.000000,307.416636,161.000000,0.783950,1.000000,0.000000,0.000000,0.000000,314.558300,149.000000,0.783950,1.000000,0.000000,0.000000,0.000000,83.120015,155.000000,80.000000,0.500000,-0.500000,0.500000,0.500000,4.167
520,19.008330,82.960015,155.000000,0.783950,0.000000,0.000000,0.000000,1.000000,307.749969,161.000000,0.783950,1.000000,0.000000,0.000000,0.000000,314.924966,149.000000,0.783950,1.000000,0.000000,0.000000,0.000000,82.960015,155.000000,80.000000,0.500000,-0.500000,0.500000,0.500000,0.000
521,19.041664,82.800015,155.000000,0.783950,0.000000,0.000000,0.000000,1.000000,308.083303,161.000000,0.783950,1.000000,0.000000,0.000000,0.000000,315.291633,149.000000,0.783950,1.000000,0.000000,0.000000,0.000000,82.800015,155.000000,80.000000,0.500000,-0.500000,0.500000,0.500000,4.167
522,19.074997,82.640015,155.000000,0.783950,0.000000,0.000000,0.000000,1.000000,308.416636,161.000000,0.783950,1.000000,0.000000,0.000000,0.000000,315.658299,149.000000,0.783950,1.000000,0.000000,0.000000,0.000000,82.640015,155.000000,80.000000,0.500000,-0.500000,0.500000,0.500000,4.167
523,19.108330,82.480015,155.000000,0.783950,0.000000,0.000000,0.000000,1.000000,308.749969,161.000000,0.783950,1.000000,0.000000,0.000000,0.000000,316.024966,149.000000,0.783950,1.000000,0.000000,0.000000,0.000000,82.480015,155.000000,80.000000,0.500000,-0.500000,0.500000,0.500000,0.000
524,19.141664,82.320015,155.000000,0.783950,0.000000,0.000000,0.000000,1.000000,309.083302,161.000000,0.783950,1.000000,0.000000,0.000000,0.000000,316.391633,149.000000,0.783950,1.000000,0.000000,0.000000,0.000000,82.320015,155.000000,80.000000,0.500000,-0.500000,0.500000,0.500000,4.167
525,19.174997,82.160015,155.000000,0.783950,0.000000,0.000000,0.000000,1.000000,309.416636,161.000000,0.783950,1.000000,0.000000,0.000000,0.000000,316.758299,149.000000,0.783950,1.000000,0.000000,0.000000,0.000000,82.160015,155.000000,80.000000,0.500000,-0.500000,0.500000,0.500000,4.167
526,19.208330,82.000015,155.000000,0.783950,0.000000,0.000000,0.000000,1.000000,309.749969,161.000000,0.783950,1.000000,0.000000,0.000000,0.000000,317.124966,149.000000,0.783950,1.000000,0.000000,0.000000,0.000000,82.000015,155.000000,80.000000,0.500000,-0.500000,0.500000,0.500000,0.000
527,19.241664,81.840015,155.000000,0.783950,0.000000,0.000000,0.000000,1.000000,310.083302,161.000000,0.783950,1.000000,0.000000,0.000000,0.000000,317.491633,149.000000,0.783950,1.000000,0.000000,0.000000,0.000000,81.840015,155.000000,80.000000,0.500000,-0.500000,0.500000,0.500000,4.167
528,19.270830,81.700015,155.000000,0.783950,0.000000,0.000000,0.000000,1.000000,310.374969,161.000000,0.783950,1.000000,0.000000,0.000000,0.000000,317.812466,149.000000,0.783950,1.000000,0.000000,0.000000,0.000000,81.700015,155.000000,80.000000,0.500000,-0.500000,0.500000,0.500000,0.000
529,19.304164,81.540015,155.000000,0.783950,0.000000,0.000000,0.000000,1.000000,310.708302,161.000000,0.783950,1.000000,0.000000,0.000000,0.000000,318.179132,149.000000,0.783950,1.000000,0.000000,0.000000,0.000000,81.540015,155.000000,80.000000,0.500000,-0.500000,0.500000,0.500000,4.167
530,19.337497,81.380015,155.000000,0.783950,0.000000,0.000000,0.000000,1.000000,311.041635,161.000000,0.783950,1.000000,0.000000,0.000000,0.000000,318.545799,149.000000,0.783950,1.000000,0.000000,0.000000,0.000000,81.380015,155.000000,80.000000,0.500000,-0.500000,0.500000,0.500000,4.167
531,19.370830,81.220015,155.000000,0.783950,0.000000,0.000000,0.000000,1.000000,311.374969,161.000000,0.783950,1.000000,0.000000,0.000000,0.000000,318.912466,149.000000,0.783950,1.000000,0.000000,0.000000,0.000000,81.220015,155.000000,80.000000,0.500000,-0.500000,0.500000,0.500000,0.000
532,19.404164,81.060015,155.000000,0.783950,0.000000,0.000000,0.000000,1.000000,311.708302,161.000000,0.783950,1.000000,0.000000,0.000000,0.000000,319.279132,149.000000,0.783950,1.000000,0.000000,0.000000,0.000000,81.060015,155.000000,80.000000,0.500000,-0.500000,0.500000,0.500000,4.167
533,19.437497,80.900015,155.000000,0.783950,0.000000,0.000000,0.000000,1.000000,312.041635,161.000000,0.783950,1.000000,0.000000,0.000000,0.000000,319.645799,149.000000,0.783950,1.000000,0.000000,0.000000,0.000000,80.900015,155.000000,80.000000,0.500000,-0.500000,0.500000,0.500000,4.167
534,19.470830,80.740015,155.000000,0.783950,0.000000,0.000000,0.000000,1.000000,312.374969,161.000000,0.783950,1.000000,0.000000,0.000000,0.000000,320.012465,149.000000,0.783950,1.000000,0.000000,0.000000,0.000000,80.740015,155.000000,80.000000,0.500000,-0.500000,0.500000,0.500000,0.000
535,19.504164,80.580015,155.000000,0.783950,0.000000,0.000000,0.000000,1.000000,312.708302,161.000000,0.783950,1.000000,0.000000,0.000000,0.000000,320.379132,149.000000,0.783950,1.000000,0.000000,0.000000,0.000000,80.580015,155.000000,80.000000,0.500000,-0.500000,0.500000,0.500000,4.167
536,19.537497,80.420015,155.000000,0.783950,0.000000,0.000000,0.000000,1.000000,313.041635,161.000000,0.783950,1.000000,0.000000,0.000000,0.000000,320.745799,149.000000,0.783950,1.000000,0.000000,0.000000,0.000000,80.420015,155.000000,80.000000,0.500000,-0.500000,0.500000,0.500000,4.167
537,19.570830,80.260015,155.000000,0.783950,0.000000,0.000000,0.000000,1.000000,313.374968,161.000000,0.783950,1.000000,0.000000,0.000000,0.000000,321.112465,149.000000,0.783950,1.000000,0.000000,0.000000,0.000000,80.260015,155.000000,80.000000,0.500000,-0.500000,0.500000,0.500000,0.000
538,19.604164,80.100015,155.000000,0.783950,0.000000,0.000000,0.000000,1.000000,313.708302,161.000000,0.783950,1.000000,0.000000,0.000000,0.000000,321.479132,149.000000,0.783950,1.000000,0.000000,0.000000,0.000000,80.100015,155.000000,80.000000,0.500000,-0.500000,0.500000,0.500000,4.167
539,19.637497,79.940015,155.000000,0.783950,0.000000,0.000000,0.000000,1.000000,314.041635,161.000000,0.783950,1.000000,0.000000,0.000000,0.000000,321.845798,149.000000,0.783950,1.000000,0.000000,0.000000,0.000000,79.940015,155.000000,80.000000,0.500000,-0.500000,0.500000,0.500000,4.167
540,19.670830,79.780015,155.000000,0.783950,0.000000,0.000000,0.000000,1.000000,314.374968,161.000000,0.783950,1.000000,0.000000,0.000000,0.000000,322.212465,149.000000,0.783950,1.000000,0.000000,0.000000,0.000000,79.780015,155.000000,80.000000,0.500000,-0.500000,0.500000,0.500000,0.000
541,19.699997,79.640015,155.000000,0.783950,0.000000,0.000000,0.000000,1.000000,314.666635,161.000000,0.783950,1.000000,0.000000,0.000000,0.000000,322.533298,149.000000,0.783950,1.000000,0.000000,0.000000,0.000000,79.640015,155.000000,80.000000,0.500000,-0.500000,0.500000,0.500000,4.167
542,19.733330,79.480015,155.000000,0.783950,0.000000,0.000000,0.000000,1.000000,314.999968,161.000000,0.783950,1.000000,0.000000,0.000000,0.000000,322.899965,149.000000,0.783950,1.000000,0.000000,0.000000,0.000000,79.480015,155.000000,80.000000,0.500000,-0.500000,0.500000,0.500000,0.000
543,19.766664,79.320015,155.000000,0.783950,0.000000,0.000000,0.000000,1.000000,315.333301,161.000000,0.783950,1.000000,0.000000,0.000000,0.000000,323.266632,149.000000,0.783950,1.000000,0.000000,0.000000,0.000000,79.320015,155.000000,80.000000,0.500000,-0.500000,0.500000,0.500000,4.167
544,19.799997,79.160015,155.000000,0.783950,0.000000,0.000000,0.000000,1.000000,315.666635,161.000000,0.783950,1.000000,0.000000,0.000000,0.000000,323.633298,149.000000,0.783950,1.000000,0.000000,0.000000,0.000000,79.160015,155.000000,80.000000,0.500000,-0.500000,0.500000,0.500000,4.167
545,19.833330,79.000015,155.000000,0.783950,0.000000,0.000000,0.000000,1.000000,315.999968,161.000000,0.783950,1.000000,0.000000,0.000000,0.000000,323.999965,149.000000,0.783950,1.000000,0.000000,0.000000,0.000000,79.000015,155.000000,80.000000,0.500000,-0.500000,0.500000,0.500000,0.000
546,19.866663,78.840015,155.000000,0.783950,0.000000,0.000000,0.000000,1.000000,316.333301,161.000000,0.783950,1.000000,0.000000,0.000000,0.000000,324.366631,149.000000,0.783950,1.000000,0.000000,0.000000,0.000000,78.840015,155.000000,80.000000,0.500000,-0.500000,0.500000,0.500000,4.167
547,19.899997,78.680015,155.000000,0.783950,0.000000,0.000000,0.000000,1.000000,316.666635,161.000000,0.783950,1.000000,0.000000,0.000000,0.000000,324.733298,149.000000,0.783950,1.000000,0.000000,0.000000,0.000000,78.680015,155.000000,80.000000,0.500000,-0.500000,0.500000,0.500000,4.167
548,19.933330,78.520015,155.000000,0.783950,0.000000,0.000000,0.000000,1.000000,316.999968,161.000000,0.783950,1.000000,0.000000,0.000000,0.000000,325.099965,149.000000,0.783950,1.000000,0.000000,0.000000,0.000000,78.520015,155.000000,80.000000,0.500000,-0.500000,0.500000,0.500000,0.000
549,19.966663,78.360015,155.000000,0.783950,0.000000,0.000000,0.000000,1.000000,317.333301,161.000000,0.783950,1.000000,0.000000,0.000000,0.000000,325.466631,149.000000,0.783950,1.000000,0.000000,0.000000,0.000000,78.360015,155.000000,80.000000,0.500000,-0.500000,0.500000,0.500000,4.167
550,19.999997,78.200015,155.000000,0.783950,0.000000,0.000000,0.000000,1.000000,317.666634,161.000000,0.783950,1.000000,0.000000,0.000000,0.000000,325.833298,149.000000,0.783950,1.000000,0.000000,0.000000,0.000000,78.200015,155.000000,80.000000,0.500000,-0.500000,0.500000,0.500000,4.167
551,20.033330,78.040016,155.000000,0.783950,0.000000,0.000000,0.000000,1.000000,317.999968,161.000000,0.783950,1.000000,0.000000,0.000000,0.000000,326.199964,149.000000,0.783950,1.000000,0.000000,0.000000,0.000000,78.040016,155.000000,80.000000,0.500000,-0.500000,0.500000,0.500000,0.000
552,20.066663,77.880016,155.000000,0.783950,0.000000,0.000000,0.000000,1.000000,318.333301,161.000000,0.783950,1.000000,0.000000,0.000000,0.000000,326.566631,149.000000,0.783950,1.000000,0.000000,0.000000,0.000000,77.880016,155.000000,80.000000,0.500000,-0.500000,0.500000,0.500000,4.167
553,20.095830,77.740016,155.000000,0.783950,0.000000,0.000000,0.000000,1.000000,318.624968,161.000000,0.783950,1.000000,0.000000,0.000000,0.000000,326.887464,149.000000,0.783950,1.000000,0.000000,0.000000,0.000000,77.740016,155.000000,80.000000,0.500000,-0.500000,0.500000,0.500000,0.000
554,20.129163,77.580016,155.000000,0.783950,0.000000,0.000000,0.000000,1.000000,318.958301,161.000000,0.783950,1.000000,0.000000,0.000000,0.000000,327.254131,149.000000,0.783950,1.000000,0.000000,0.000000,0.000000,77.580016,155.000000,80.000000,0.500000,-0.500000,0.500000,0.500000,4.167
555,20.162497,77.420016,155.000000,0.783950,0.000000,0.000000,0.000000,1.000000,319.291634,161.000000,0.783950,1.000000,0.000000,0.000000,0.000000,327.620798,149.000000,0.783950,1.000000,0.000000,0.000000,0.000000,77.420016,155.000000,80.000000,0.500000,-0.500000,0.500000,0.500000,4.167
556,20.195830,77.260016,155.000000,0.783950,0.000000,0.000000,0.000000,1.000000,319.624967,161.000000,0.783950,1.000000,0.000000,0.000000,0.000000,327.987464,149.000000,0.783950,1.000000,0.000000,0.000000,0.000000,77.260016,155.000000,80.000000,0.500000,-0.500000,0.500000,0.500000,0.000
557,20.229163,77.100016,155.000000,0.783950,0.000000,0.000000,0.000000,1.000000,319.958301,161.000000,0.783950,1.000000,0.000000,0.000000,0.000000,328.354131,149.000000,0.783950,1.000000,0.000000,0.000000,0.000000,77.100016,155.000000,80.000000,0.500000,-0.500000,0.500000,0.500000,4.167
558,20.262497,76.940016,155.000000,0.783950,0.000000,0.000000,0.000000,1.000000,320.291634,161.000000,0.783950,1.000000,0.000000,0.000000,0.000000,328.720797,149.000000,0.783950,1.000000,0.000000,0.000000,0.000000,76.940016,155.000000,80.000000,0.500000,-0.500000,0.500000,0.500000,4.167
559,20.295830,76.780016,155.000000,0.783950,0.000000,0.000000,0.000000,1.000000,320.624967,161.000000,0.783950,1.000000,0.000000,0.000000,0.000000,329.087464,149.000000,0.783950,1.000000,0.000000,0.000000,0.000000,76.780016,155.000000,80.000000,0.500000,-0.500000,0.500000,0.500000,0.000
560,20.329163,76.620016,155.000000,0.783950,0.000000,0.000000,0.000000,1.000000,320.958301,161.000000,0.783950,1.000000,0.000000,0.000000,0.000000,329.454131,149.000000,0.783950,1.000000,0.000000,0.000000,0.000000,76.620016,155.000000,80.000000,0.500000,-0.500000,0.500000,0.500000,4.167
561,20.362497,76.460016,155.000000,0.783950,0.000000,0.000000,0.000000,1.000000,321.291634,161.000000,0.783950,1.000000,0.000000,0.000000,0.000000,329.820797,149.000000,0.783950,1.000000,0.000000,0.000000,0.000000,76.460016,155.000000,80.000000,0.500000,-0.500000,0.500000,0.500000,4.167
562,20.395830,76.300016,155.000000,0.783950,0.000000,0.000000,0.000000,1.000000,321.624967,161.000000,0.783950,1.000000,0.000000,0.000000,0.000000,330.187464,149.000000,0.783950,1.000000,0.000000,0.000000,0.000000,76.300016,155.000000,80.000000,0.500000,-0.500000,0.500000,0.500000,0.000
563,20.429163,76.140016,155.000000,0.783950,0.000000,0.000000,0.000000,1.000000,321.958300,161.000000,0.783950,1.000000,0.000000,0.000000,0.000000,330.554130,149.000000,0.783950,1.000000,0.000000,0.000000,0.000000,76.140016,155.000000,80.000000,0.500000,-0.500000,0.500000,0.500000,4.167
564,20.462497,75.980016,155.000000,0.783950,0.000000,0.000000,0.000000,1.000000,322.291634,161.000000,0.783950,1.000000,0.000000,0.000000,0.000000,330.920797,149.000000,0.783950,1.000000,0.000000,0.000000,0.000000,75.980016,155.000000,80.000000,0.500000,-0.500000,0.500000,0.500000,4.167
565,20.495830,75.820016,155.000000,0.783950,0.000000,0.000000,0.000000,1.000000,322.624967,161.000000,0.783950,1.000000,0.000000,0.000000,0.000000,331.287464,149.000000,0.783950,1.000000,0.000000,0.000000,0.000000,75.820016,155.000000,80.000000,0.500000,-0.500000,0.500000,0.500000,0.000
566,20.524997,75.680016,155.000000,0.783950,0.000000,0.000000,0.000000,1.000000,322.916634,161.000000,0.783950,1.000000,0.000000,0.000000,0.000000,331.608297,149.000000,0.783950,1.000000,0.000000,0.000000,0.000000,75.680016,155.000000,80.000000,0.500000,-0.500000,0.500000,0.500000,4.167
567,20.558330,75.520016,155.000000,0.783950,0.000000,0.000000,0.000000,1.000000,323.249967,161.000000,0.783950,1.000000,0.000000,0.000000,0.000000,331.974964,149.000000,0.783950,1.000000,0.000000,0.000000,0.000000,75.520016,155.000000,80.000000,0.500000,-0.500000,0.500000,0.500000,0.000
568,20.591663,75.360016,155.000000,0.783950,0.000000,0.000000,0.000000,1.000000,323.583300,161.000000,0.783950,1.000000,0.000000,0.000000,0.000000,332.341630,149.000000,0.783950,1.000000,0.000000,0.000000,0.000000,75.360016,155.000000,80.000000,0.500000,-0.500000,0.500000,0.500000,4.167
569,20.624997,75.200016,155.000000,0.783950,0.000000,0.000000,0.000000,1.000000,323.916633,161.000000,0.783950,1.000000,0.000000,0.000000,0.000000,332.708297,149.000000,0.783950,1.000000,0.000000,0.000000,0.000000,75.200016,155.000000,80.000000,0.500000,-0.500000,0.500000,0.500000,4.167
570,20.658330,75.040016,155.000000,0.783950,0.000000,0.000000,0.000000,1.000000,324.249967,161.000000,0.783950,1.000000,0.000000,0.000000,0.000000,333.074963,149.000000,0.783950,1.000000,0.000000,0.000000,0.000000,75.040016,155.000000,80.000000,0.500000,-0.500000,0.500000,0.500000,0.000
571,20.691663,74.880016,155.000000,0.783950,0.000000,0.000000,0.000000,1.000000,324.583300,161.000000,0.783950,1.000000,0.000000,0.000000,0.000000,333.441630,149.000000,0.783950,1.000000,0.000000,0.000000,0.000000,74.880016,155.000000,80.000000,0.500000,-0.500000,0.500000,0.500000,4.167
572,20.724997,74.720016,155.000000,0.783950,0.000000,0.000000,0.000000,1.000000,324.916633,161.000000,0.783950,1.000000,0.000000,0.000000,0.000000,333.808297,149.000000,0.783950,1.000000,0.000000,0.000000,0.000000,74.720016,155.000000,80.000000,0.500000,-0.500000,0.500000,0.500000,4.167
573,20.758330,74.560016,155.000000,0.783950,0.000000,0.000000,0.000000,1.000000,325.249967,161.000000,0.783950,1.000000,0.000000,0.000000,0.000000,334.174963,149.000000,0.783950,1.000000,0.000000,0.000000,0.000000,74.560016,155.000000,80.000000,0.500000,-0.500000,0.500000,0.500000,0.000
574,20.791663,74.400016,155.000000,0.783950,0.000000,0.000000,0.000000,1.000000,325.583300,161.000000,0.783950,1.000000,0.000000,0.000000,0.000000,334.541630,149.000000,0.783950,1.000000,0.000000,0.000000,0.000000,74.400016,155.000000,80.000000,0.500000,-0.500000,0.500000,0.500000,4.167
575,20.824997,74.240016,155.000000,0.783950,0.000000,0.000000,0.000000,1.000000,325.916633,161.000000,0.783950,1.000000,0.000000,0.000000,0.000000,334.908296,149.000000,0.783950,1.000000,0.000000,0.000000,0.000000,74.240016,155.000000,80.000000,0.500000,-0.500000,0.500000,0.500000,4.167
576,20.858330,74.080016,155.000000,0.783950,0.000000,0.000000,0.000000,1.000000,326.249966,161.000000,0.783950,1.000000,0.000000,0.000000,0.000000,335.274963,149.000000,0.783950,1.000000,0.000000,0.000000,0.000000,74.080016,155.000000,80.000000,0.500000,-0.500000,0.500000,0.500000,0.000
577,20.891663,73.920016,155.000000,0.783950,0.000000,0.000000,0.000000,1.000000,326.583300,161.000000,0.783950,1.000000,0.000000,0.000000,0.000000,335.641630,149.000000,0.783950,1.000000,0.000000,0.000000,0.000000,73.920016,155.000000,80.000000,0.500000,-0.500000,0.500000,0.500000,4.167
578,20.920830,73.780016,155.000000,0.783950,0.000000,0.000000,0.000000,1.000000,326.874966,161.000000,0.783950,1.000000,0.000000,0.000000,0.000000,335.962463,149.000000,0.783950,1.000000,0.000000,0.000000,0.000000,73.780016,155.000000,80.000000,0.500000,-0.500000,0.500000,0.500000,0.000
579,20.954163,73.620016,155.000000,0.783950,0.000000,0.000000,0.000000,1.000000,327.208300,161.000000,0.783950,1.000000,0.000000,0.000000,0.000000,336.329129,149.000000,0.783950,1.000000,0.000000,0.000000,0.000000,73.620016,155.000000,80.000000,0.500000,-0.500000,0.500000,0.500000,4.167
580,20.987497,73.460016,155.000000,0.783950,0.000000,0.000000,0.000000,1.000000,327.541633,161.000000,0.783950,1.000000,0.000000,0.000000,0.000000,336.695796,149.000000,0.783950,1.000000,0.000000,0.000000,0.000000,73.460016,155.000000,80.000000,0.500000,-0.500000,0.500000,0.500000,4.167
581,21.020830,73.300016,155.000000,0.783950,0.000000,0.000000,0.000000,1.000000,327.874966,161.000000,0.783950,1.000000,0.000000,0.000000,0.000000,337.062463,149.000000,0.783950,1.000000,0.000000,0.000000,0.000000,73.300016,155.000000,80.000000,0.500000,-0.500000,0.500000,0.500000,0.000
582,21.054163,73.140016,155.000000,0.783950,0.000000,0.000000,0.000000,1.000000,328.208299,161.000000,0.783950,1.000000,0.000000,0.000000,0.000000,337.429129,149.000000,0.783950,1.000000,0.000000,0.000000,0.000000,73.140016,155.000000,80.000000,0.500000,-0.500000,0.500000,0.500000,4.167
583,21.087497,72.980016,155.000000,0.783950,0.000000,0.000000,0.000000,1.000000,328.541633,161.000000,0.783950,1.000000,0.000000,0.000000,0.000000,337.795796,149.000000,0.783950,1.000000,0.000000,0.000000,0.000000,72.980016,155.000000,80.000000,0.500000,-0.500000,0.500000,0.500000,4.167
584,21.120830,72.820016,155.000000,0.783950,0.000000,0.000000,0.000000,1.000000,328.874966,161.000000,0.783950,1.000000,0.000000,0.000000,0.000000,338.162463,149.000000,0.783950,1.000000,0.000000,0.000000,0.000000,72.820016,155.000000,80.000000,0.500000,-0.500000,0.500000,0.500000,0.000
585,21.154163,72.660016,155.000000,0.783950,0.000000,0.000000,0.000000,1.000000,329.208299,161.000000,0.783950,1.000000,0.000000,0.000000,0.000000,338.529129,149.000000,0.783950,1.000000,0.000000,0.000000,0.000000,72.660016,155.000000,80.000000,0.500000,-0.500000,0.500000,0.500000,4.167
586,21.187497,72.500016,155.000000,0.783950,0.000000,0.000000,0.000000,1.000000,329.541632,161.000000,0.783950,1.000000,0.000000,0.000000,0.000000,338.895796,149.000000,0.783950,1.000000,0.000000,0.000000,0.000000,72.500016,155.000000,80.000000,0.500000,-0.500000,0.500000,0.500000,4.167
587,21.220830,72.340016,155.000000,0.783950,0.000000,0.000000,0.000000,1.000000,329.874966,161.000000,0.783950,1.000000,0.000000,0.000000,0.000000,339.262462,149.000000,0.783950,1.000000,0.000000,0.000000,0.000000,72.340016,155.000000,80.000000,0.500000,-0.500000,0.500000,0.500000,0.000
588,21.254163,72.180016,155.000000,0.783950,0.000000,0.000000,0.000000,1.000000,330.208299,161.000000,0.783950,1.000000,0.000000,0.000000,0.000000,339.629129,149.000000,0.783950,1.000000,0.000000,0.000000,0.000000,72.180016,155.000000,80.000000,0.500000,-0.500000,0.500000,0.500000,4.167
589,21.287497,72.020016,155.000000,0.783950,0.000000,0.000000,0.000000,1.000000,330.541632,161.000000,0.783950,1.000000,0.000000,0.000000,0.000000,339.995796,149.000000,0.783950,1.000000,0.000000,0.000000,0.000000,72.020016,155.000000,80.000000,0.500000,-0.500000,0.500000,0.500000,4.167
590,21.320830,71.860017,155.000000,0.783950,0.000000,0.000000,0.000000,1.000000,330.874966,161.000000,0.783950,1.000000,0.000000,0.000000,0.000000,340.362462,149.000000,0.783950,1.000000,0.000000,0.000000,0.000000,71.860017,155.000000,80.000000,0.500000,-0.500000,0.500000,0.500000,0.000
591,21.349997,71.720017,155.000000,0.783950,0.000000,0.000000,0.000000,1.000000,331.166632,161.000000,0.783950,1.000000,0.000000,0.000000,0.000000,340.683295,149.000000,0.783950,1.000000,0.000000,0.000000,0.000000,71.720017,155.000000,80.000000,0.500000,-0.500000,0.500000,0.500000,4.167
592,21.383330,71.560017,155.000000,0.783950,0.000000,0.000000,0.000000,1.000000,331.499966,161.000000,0.783950,1.000000,0.000000,0.000000,0.000000,341.049962,149.000000,0.783950,1.000000,0.000000,0.000000,0.000000,71.560017,155.000000,80.000000,0.500000,-0.500000,0.500000,0.500000,0.000
593,21.416663,71.400017,155.000000,0.783950,0.000000,0.000000,0.000000,1.000000,331.833299,161.000000,0.783950,1.000000,0.000000,0.000000,0.000000,341.416629,149.000000,0.783950,1.000000,0.000000,0.000000,0.000000,71.400017,155.000000,80.000000,0.500000,-0.500000,0.500000,0.500000,4.167
594,21.449997,71.240017,155.000000,0.783950,0.000000,0.000000,0.000000,1.000000,332.166632,161.000000,0.783950,1.000000,0.000000,0.000000,0.000000,341.783295,149.000000,0.783950,1.000000,0.000000,0.000000,0.000000,71.240017,155.000000,80.000000,0.500000,-0.500000,0.500000,0.500000,4.167
595,21.483330,71.080017,155.000000,0.783950,0.000000,0.000000,0.000000,1.000000,332.499965,161.000000,0.783950,1.000000,0.000000,0.000000,0.000000,342.149962,149.000000,0.783950,1.000000,0.000000,0.000000,0.000000,71.080017,155.000000,80.000000,0.500000,-0.500000,0.500000,0.500000,0.000
596,21.516663,70.920017,155.000000,0.783950,0.000000,0.000000,0.000000,1.000000,332.833299,161.000000,0.783950,1.000000,0.000000,0.000000,0.000000,342.516629,149.000000,0.783950,1.000000,0.000000,0.000000,0.000000,70.920017,155.000000,80.000000,0.500000,-0.500000,0.500000,0.500000,4.167
597,21.549997,70.760017,155.000000,0.783950,0.000000,0.000000,0.000000,1.000000,333.166632,161.000000,0.783950,1.000000,0.000000,0.000000,0.000000,342.883295,149.000000,0.783950,1.000000,0.000000,0.000000,0.000000,70.760017,155.000000,80.000000,0.500000,-0.500000,0.500000,0.500000,4.167
598,21.583330,70.600017,155.000000,0.783950,0.000000,0.000000,0.000000,1.000000,333.499965,161.000000,0.783950,1.000000,0.000000,0.000000,0.000000,343.249962,149.000000,0.783950,1.000000,0.000000,0.000000,0.000000,70.600017,155.000000,80.000000,0.500000,-0.500000,0.500000,0.500000,0.000
599,21.616663,70.440017,155.000000,0.783950,0.000000,0.000000,0.000000,1.000000,333.833298,161.000000,0.783950,1.000000,0.000000,0.000000,0.000000,343.616628,149.000000,0.783950,1.000000,0.000000,0.000000,0.000000,70.440017,155.000000,80.000000,0.500000,-0.500000,0.500000,0.500000,4.167
600,21.649997,70.280017,155.000000,0.783950,0.000000,0.000000,0.000000,1.000000,334.166632,161.000000,0.783950,1.000000,0.000000,0.000000,0.000000,343.983295,149.000000,0.783950,1.000000,0.000000,0.000000,0.000000,70.280017,155.000000,80.000000,0.500000,-0.500000,0.500000,0.500000,4.167
601,21.683330,70.120017,155.000000,0.783950,0.000000,0.000000,0.000000,1.000000,334.499965,161.000000,0.783950,1.000000,0.000000,0.000000,0.000000,344.349962,149.000000,0.783950,1.000000,0.000000,0.000000,0.000000,70.120017,155.000000,80.000000,0.500000,-0.500000,0.500000,0.500000,0.000
602,21.716663,69.960017,155.000000,0.783950,0.000000,0.000000,0.000000,1.000000,334.833298,161.000000,0.783950,1.000000,0.000000,0.000000,0.000000,344.716628,149.000000,0.783950,1.000000,0.000000,0.000000,0.000000,69.960017,155.000000,80.000000,0.500000,-0.500000,0.500000,0.500000,4.167
603,21.745830,69.820017,155.000000,0.783950,0.000000,0.000000,0.000000,1.000000,335.124965,161.000000,0.783950,1.000000,0.000000,0.000000,0.000000,345.037461,149.000000,0.783950,1.000000,0.000000,0.000000,0.000000,69.820017,155.000000,80.000000,0.500000,-0.500000,0.500000,0.500000,0.000
604,21.779163,69.660017,155.000000,0.783950,0.000000,0.000000,0.000000,1.000000,335.458298,161.000000,0.783950,1.000000,0.000000,0.000000,0.000000,345.404128,149.000000,0.783950,1.000000,0.000000,0.000000,0.000000,69.660017,155.000000,80.000000,0.500000,-0.500000,0.500000,0.500000,4.167
605,21.812497,69.500017,155.000000,0.783950,0.000000,0.000000,0.000000,1.000000,335.791631,161.000000,0.783950,1.000000,0.000000,0.000000,0.000000,345.770795,149.000000,0.783950,1.000000,0.000000,0.000000,0.000000,69.500017,155.000000,80.000000,0.500000,-0.500000,0.500000,0.500000,4.167
606,21.845830,69.340017,155.000000,0.783950,0.000000,0.000000,0.000000,1.000000,336.124965,161.000000,0.783950,1.000000,0.000000,0.000000,0.000000,346.137461,149.000000,0.783950,1.000000,0.000000,0.000000,0.000000,69.340017,155.000000,80.000000,0.500000,-0.500000,0.500000,0.500000,0.000
607,21.879163,69.180017,155.000000,0.783950,0.000000,0.000000,0.000000,1.000000,336.458298,161.000000,0.783950,1.000000,0.000000,0.000000,0.000000,346.504128,149.000000,0.783950,1.000000,0.000000,0.000000,0.000000,69.180017,155.000000,80.000000,0.500000,-0.500000,0.500000,0.500000,4.167
608,21.912496,69.020017,155.000000,0.783950,0.000000,0.000000,0.000000,1.000000,336.791631,161.000000,0.783950,1.000000,0.000000,0.000000,0.000000,346.870794,149.000000,0.783950,1.000000,0.000000,0.000000,0.000000,69.020017,155.000000,80.000000,0.500000,-0.500000,0.500000,0.500000,4.167
609,21.945830,68.860017,155.000000,0.783950,0.000000,0.000000,0.000000,1.000000,337.124965,161.000000,0.783950,1.000000,0.000000,0.000000,0.000000,347.237461,149.000000,0.783950,1.000000,0.000000,0.000000,0.000000,68.860017,155.000000,80.000000,0.500000,-0.500000,0.500000,0.500000,0.000
610,21.979163,68.700017,155.000000,0.783950,0.000000,0.000000,0.000000,1.000000,337.458298,161.000000,0.783950,1.000000,0.000000,0.000000,0.000000,347.604128,149.000000,0.783950,1.000000,0.000000,0.000000,0.000000,68.700017,155.000000,80.000000,0.500000,-0.500000,0.500000,0.500000,4.167
611,22.012496,68.540017,155.000000,0.783950,0.000000,0.000000,0.000000,1.000000,337.791631,161.000000,0.783950,1.000000,0.000000,0.000000,0.000000,347.970794,149.000000,0.783950,1.000000,0.000000,0.000000,0.000000,68.540017,155.000000,80.000000,0.500000,-0.500000,0.500000,0.500000,4.167
612,22.045830,68.380017,155.000000,0.783950,0.000000,0.000000,0.000000,1.000000,338.124964,161.000000,0.783950,1.000000,0.000000,0.000000,0.000000,348.337461,149.000000,0.783950,1.000000,0.000000,0.000000,0.000000,68.380017,155.000000,80.000000,0.500000,-0.500000,0.500000,0.500000,0.000
613,22.079163,68.220017,155.000000,0.783950,0.000000,0.000000,0.000000,1.000000,338.458298,161.000000,0.783950,1.000000,0.000000,0.000000,0.000000,348.704128,149.000000,0.783950,1.000000,0.000000,0.000000,0.000000,68.220017,155.000000,80.000000,0.500000,-0.500000,0.500000,0.500000,4.167
614,22.112496,68.060017,155.000000,0.783950,0.000000,0.000000,0.000000,1.000000,338.791631,161.000000,0.783950,1.000000,0.000000,0.000000,0.000000,349.070794,149.000000,0.783950,1.000000,0.000000,0.000000,0.000000,68.060017,155.000000,80.000000,0.500000,-0.500000,0.500000,0.500000,4.167
615,22.145830,67.900017,155.000000,0.783950,0.000000,0.000000,0.000000,1.000000,339.124964,161.000000,0.783950,1.000000,0.000000,0.000000,0.000000,349.437461,149.000000,0.783950,1.000000,0.000000,0.000000,0.000000,67.900017,155.000000,80.000000,0.500000,-0.500000,0.500000,0.500000,0.000
616,22.174996,67.760017,155.000000,0.783950,0.000000,0.000000,0.000000,1.000000,339.416631,161.000000,0.783950,1.000000,0.000000,0.000000,0.000000,349.758294,149.000000,0.783950,1.000000,0.000000,0.000000,0.000000,67.760017,155.000000,80.000000,0.500000,-0.500000,0.500000,0.500000,4.167
617,22.208330,67.600017,155.000000,0.783950,0.000000,0.000000,0.000000,1.000000,339.749964,161.000000,0.783950,1.000000,0.000000,0.000000,0.000000,350.124961,149.000000,0.783950,1.000000,0.000000,0.000000,0.000000,67.600017,155.000000,80.000000,0.500000,-0.500000,0.500000,0.500000,0.000
618,22.241663,67.440017,155.000000,0.783950,0.000000,0.000000,0.000000,1.000000,340.083297,161.000000,0.783950,1.000000,0.000000,0.000000,0.000000,350.491627,149.000000,0.783950,1.000000,0.000000,0.000000,0.000000,67.440017,155.000000,80.000000,0.500000,-0.500000,0.500000,0.500000,4.167
619,22.274996,67.280017,155.000000,0.783950,0.000000,0.000000,0.000000,1.000000,340.416631,161.000000,0.783950,1.000000,0.000000,0.000000,0.000000,350.858294,149.000000,0.783950,1.000000,0.000000,0.000000,0.000000,67.280017,155.000000,80.000000,0.500000,-0.500000,0.500000,0.500000,4.167
620,22.308330,67.120017,155.000000,0.783950,0.000000,0.000000,0.000000,1.000000,340.749964,161.000000,0.783950,1.000000,0.000000,0.000000,0.000000,351.224960,149.000000,0.783950,1.000000,0.000000,0.000000,0.000000,67.120017,155.000000,80.000000,0.500000,-0.500000,0.500000,0.500000,0.000
621,22.341663,66.960017,155.000000,0.783950,0.000000,0.000000,0.000000,1.000000,341.083297,161.000000,0.783950,1.000000,0.000000,0.000000,0.000000,351.591627,149.000000,0.783950,1.000000,0.000000,0.000000,0.000000,66.960017,155.000000,80.000000,0.500000,-0.500000,0.500000,0.500000,4.167
622,22.374996,66.800017,155.000000,0.783950,0.000000,0.000000,0.000000,1.000000,341.416631,161.000000,0.783950,1.000000,0.000000,0.000000,0.000000,351.958294,149.000000,0.783950,1.000000,0.000000,0.000000,0.000000,66.800017,155.000000,80.000000,0.500000,-0.500000,0.500000,0.500000,4.167
623,22.408330,66.640017,155.000000,0.783950,0.000000,0.000000,0.000000,1.000000,341.749964,161.000000,0.783950,1.000000,0.000000,0.000000,0.000000,352.324960,149.000000,0.783950,1.000000,0.000000,0.000000,0.000000,66.640017,155.000000,80.000000,0.500000,-0.500000,0.500000,0.500000,0.000
624,22.441663,66.480017,155.000000,0.783950,0.000000,0.000000,0.000000,1.000000,342.083297,161.000000,0.783950,1.000000,0.000000,0.000000,0.000000,352.691627,149.000000,0.783950,1.000000,0.000000,0.000000,0.000000,66.480017,155.000000,80.000000,0.500000,-0.500000,0.500000,0.500000,4.167
625,22.474996,66.320017,155.000000,0.783950,0.000000,0.000000,0.000000,1.000000,342.416630,161.000000,0.783950,1.000000,0.000000,0.000000,0.000000,353.058293,149.000000,0.783950,1.000000,0.000000,0.000000,0.000000,66.320017,155.000000,80.000000,0.500000,-0.500000,0.500000,0.500000,4.167
626,22.508330,66.160017,155.000000,0.783950,0.000000,0.000000,0.000000,1.000000,342.749964,161.000000,0.783950,1.000000,0.000000,0.000000,0.000000,353.424960,149.000000,0.783950,1.000000,0.000000,0.000000,0.000000,66.160017,155.000000,80.000000,0.500000,-0.500000,0.500000,0.500000,0.000
627,22.541663,66.000017,155.000000,0.783950,0.000000,0.000000,0.000000,1.000000,343.083297,161.000000,0.783950,1.000000,0.000000,0.000000,0.000000,353.791627,149.000000,0.783950,1.000000,0.000000,0.000000,0.000000,66.000017,155.000000,80.000000,0.500000,-0.500000,0.500000,0.500000,4.167
628,22.570830,65.860017,155.000000,0.783950,0.000000,0.000000,0.000000,1.000000,343.374964,161.000000,0.783950,1.000000,0.000000,0.000000,0.000000,354.112460,149.000000,0.783950,1.000000,0.000000,0.000000,0.000000,65.860017,155.000000,80.000000,0.500000,-0.500000,0.500000,0.500000,0.000
629,22.604163,65.700017,155.000000,0.783950,0.000000,0.000000,0.000000,1.000000,343.708297,161.000000,0.783950,1.000000,0.000000,0.000000,0.000000,354.479127,149.000000,0.783950,1.000000,0.000000,0.000000,0.000000,65.700017,155.000000,80.000000,0.500000,-0.500000,0.500000,0.500000,4.167
630,22.637496,65.540018,155.000000,0.783950,0.000000,0.000000,0.000000,1.000000,344.041630,161.000000,0.783950,1.000000,0.000000,0.000000,0.000000,354.845793,149.000000,0.783950,1.000000,0.000000,0.000000,0.000000,65.540018,155.000000,80.000000,0.500000,-0.500000,0.500000,0.500000,4.167
631,22.670830,65.380018,155.000000,0.783950,0.000000,0.000000,0.000000,1.000000,344.374963,161.000000,0.783950,1.000000,0.000000,0.000000,0.000000,355.212460,149.000000,0.783950,1.000000,0.000000,0.000000,0.000000,65.380018,155.000000,80.000000,0.500000,-0.500000,0.500000,0.500000,0.000
632,22.704163,65.220018,155.000000,0.783950,0.000000,0.000000,0.000000,1.000000,344.708297,161.000000,0.783950,1.000000,0.000000,0.000000,0.000000,355.579126,149.000000,0.783950,1.000000,0.000000,0.000000,0.000000,65.220018,155.000000,80.000000,0.500000,-0.500000,0.500000,0.500000,4.167
633,22.737496,65.060018,155.000000,0.783950,0.000000,0.000000,0.000000,1.000000,345.041630,161.000000,0.783950,1.000000,0.000000,0.000000,0.000000,355.945793,149.000000,0.783950,1.000000,0.000000,0.000000,0.000000,65.060018,155.000000,80.000000,0.500000,-0.500000,0.500000,0.500000,4.167
634,22.770830,64.900018,155.000000,0.783950,0.000000,0.000000,0.000000,1.000000,345.374963,161.000000,0.783950,1.000000,0.000000,0.000000,0.000000,356.312460,149.000000,0.783950,1.000000,0.000000,0.000000,0.000000,64.900018,155.000000,80.000000,0.500000,-0.500000,0.500000,0.500000,0.000
635,22.804163,64.740018,155.000000,0.783950,0.000000,0.000000,0.000000,1.000000,345.708297,161.000000,0.783950,1.000000,0.000000,0.000000,0.000000,356.679126,149.000000,0.783950,1.000000,0.000000,0.000000,0.000000,64.740018,155.000000,80.000000,0.500000,-0.500000,0.500000,0.500000,4.167
636,22.837496,64.580018,155.000000,0.783950,0.000000,0.000000,0.000000,1.000000,346.041630,161.000000,0.783950,1.000000,0.000000,0.000000,0.000000,357.045793,149.000000,0.783950,1.000000,0.000000,0.000000,0.000000,64.580018,155.000000,80.000000,0.500000,-0.500000,0.500000,0.500000,4.167
637,22.870830,64.420018,155.000000,0.783950,0.000000,0.000000,0.000000,1.000000,346.374963,161.000000,0.783950,1.000000,0.000000,0.000000,0.000000,357.412459,149.000000,0.783950,1.000000,0.000000,0.000000,0.000000,64.420018,155.000000,80.000000,0.500000,-0.500000,0.500000,0.500000,0.000
638,22.904163,64.260018,155.000000,0.783950,0.000000,0.000000,0.000000,1.000000,346.708296,161.000000,0.783950,1.000000,0.000000,0.000000,0.000000,357.779126,149.000000,0.783950,1.000000,0.000000,0.000000,0.000000,64.260018,155.000000,80.000000,0.500000,-0.500000,0.500000,0.500000,4.167
639,22.937496,64.100018,155.000000,0.783950,0.000000,0.000000,0.000000,1.000000,347.041630,161.000000,0.783950,1.000000,0.000000,0.000000,0.000000,358.145793,149.000000,0.783950,1.000000,0.000000,0.000000,0.000000,64.100018,155.000000,80.000000,0.500000,-0.500000,0.500000,0.500000,4.167
640,22.970830,63.940018,155.000000,0.783950,0.000000,0.000000,0.000000,1.000000,347.374963,161.000000,0.783950,1.000000,0.000000,0.000000,0.000000,358.512459,149.000000,0.783950,1.000000,0.000000,0.000000,0.000000,63.940018,155.000000,80.000000,0.500000,-0.500000,0.500000,0.500000,0.000
641,22.999996,63.800018,155.000000,0.783950,0.000000,0.000000,0.000000,1.000000,347.666630,161.000000,0.783950,1.000000,0.000000,0.000000,0.000000,358.833293,149.000000,0.783950,1.000000,0.000000,0.000000,0.000000,63.800018,155.000000,80.000000,0.500000,-0.500000,0.500000,0.500000,4.167
642,23.033330,63.640018,155.000000,0.783950,0.000000,0.000000,0.000000,1.000000,347.999963,161.000000,0.783950,1.000000,0.000000,0.000000,0.000000,359.199959,149.000000,0.783950,1.000000,0.000000,0.000000,0.000000,63.640018,155.000000,80.000000,0.500000,-0.500000,0.500000,0.500000,0.000
643,23.066663,63.480018,155.000000,0.783950,0.000000,0.000000,0.000000,1.000000,348.333296,161.000000,0.783950,1.000000,0.000000,0.000000,0.000000,359.566626,149.000000,0.783950,1.000000,0.000000,0.000000,0.000000,63.480018,155.000000,80.000000,0.500000,-0.500000,0.500000,0.500000,4.167
644,23.099996,63.320018,155.000000,0.783950,0.000000,0.000000,0.000000,1.000000,348.666629,161.000000,0.783950,1.000000,0.000000,0.000000,0.000000,359.933292,149.000000,0.783950,1.000000,0.000000,0.000000,0.000000,63.320018,155.000000,80.000000,0.500000,-0.500000,0.500000,0.500000,4.167
645,23.133330,63.160018,155.000000,0.783950,0.000000,0.000000,0.000000,1.000000,348.999963,161.000000,0.783950,1.000000,0.000000,0.000000,0.000000,360.299959,149.000000,0.783950,1.000000,0.000000,0.000000,0.000000,63.160018,155.000000,80.000000,0.500000,-0.500000,0.500000,0.500000,0.000
646,23.166663,63.000018,155.000000,0.783950,0.000000,0.000000,0.000000,1.000000,349.333296,161.000000,0.783950,1.000000,0.000000,0.000000,0.000000,360.666626,149.000000,0.783950,1.000000,0.000000,0.000000,0.000000,63.000018,155.000000,80.000000,0.500000,-0.500000,0.500000,0.500000,4.167
647,23.199996,62.840018,155.000000,0.783950,0.000000,0.000000,0.000000,1.000000,349.666629,161.000000,0.783950,1.000000,0.000000,0.000000,0.000000,361.033292,149.000000,0.783950,1.000000,0.000000,0.000000,0.000000,62.840018,155.000000,80.000000,0.500000,-0.500000,0.500000,0.500000,4.167
648,23.233330,62.680018,155.000000,0.783950,0.000000,0.000000,0.000000,1.000000,349.999963,161.000000,0.783950,1.000000,0.000000,0.000000,0.000000,361.399959,149.000000,0.783950,1.000000,0.000000,0.000000,0.000000,62.680018,155.000000,80.000000,0.500000,-0.500000,0.500000,0.500000,0.000
649,23.266663,62.520018,155.000000,0.783950,0.000000,0.000000,0.000000,1.000000,350.333296,161.000000,0.783950,1.000000,0.000000,0.000000,0.000000,361.766625,149.000000,0.783950,1.000000,0.000000,0.000000,0.000000,62.520018,155.000000,80.000000,0.500000,-0.500000,0.500000,0.500000,4.167
650,23.299996,62.360018,155.000000,0.783950,0.000000,0.000000,0.000000,1.000000,350.666629,161.000000,0.783950,1.000000,0.000000,0.000000,0.000000,362.133292,149.000000,0.783950,1.000000,0.000000,0.000000,0.000000,62.360018,155.000000,80.000000,0.500000,-0.500000,0.500000,0.500000,4.167
651,23.333330,62.200018,155.000000,0.783950,0.000000,0.000000,0.000000,1.000000,350.999962,161.000000,0.783950,1.000000,0.000000,0.000000,0.000000,362.499959,149.000000,0.783950,1.000000,0.000000,0.000000,0.000000,62.200018,155.000000,80.000000,0.500000,-0.500000,0.500000,0.500000,0.000
652,23.366663,62.040018,155.000000,0.783950,0.000000,0.000000,0.000000,1.000000,351.333296,161.000000,0.783950,1.000000,0.000000,0.000000,0.000000,362.866625,149.000000,0.783950,1.000000,0.000000,0.000000,0.000000,62.040018,155.000000,80.000000,0.500000,-0.500000,0.500000,0.500000,4.167
653,23.395830,61.900018,155.000000,0.783950,0.000000,0.000000,0.000000,1.000000,351.624962,161.000000,0.783950,1.000000,0.000000,0.000000,0.000000,363.187459,149.000000,0.783950,1.000000,0.000000,0.000000,0.000000,61.900018,155.000000,80.000000,0.500000,-0.500000,0.500000,0.500000,0.000
654,23.429163,61.740018,155.000000,0.783950,0.000000,0.000000,0.000000,1.000000,351.958296,161.000000,0.783950,1.000000,0.000000,0.000000,0.000000,363.554125,149.000000,0.783950,1.000000,0.000000,0.000000,0.000000,61.740018,155.000000,80.000000,0.500000,-0.500000,0.500000,0.500000,4.167
655,23.462496,61.580018,155.000000,0.783950,0.000000,0.000000,0.000000,1.000000,352.291629,161.000000,0.783950,1.000000,0.000000,0.000000,0.000000,363.920792,149.000000,0.783950,1.000000,0.000000,0.000000,0.000000,61.580018,155.000000,80.000000,0.500000,-0.500000,0.500000,0.500000,4.167
656,23.495830,61.420018,155.000000,0.783950,0.000000,0.000000,0.000000,1.000000,352.624962,161.000000,0.783950,1.000000,0.000000,0.000000,0.000000,364.287458,149.000000,0.783950,1.000000,0.000000,0.000000,0.000000,61.420018,155.000000,80.000000,0.500000,-0.500000,0.500000,0.500000,0.000
657,23.529163,61.260018,155.000000,0.783950,0.000000,0.000000,0.000000,1.000000,352.958295,161.000000,0.783950,1.000000,0.000000,0.000000,0.000000,364.654125,149.000000,0.783950,1.000000,0.000000,0.000000,0.000000,61.260018,155.000000,80.000000,0.500000,-0.500000,0.500000,0.500000,4.167
658,23.562496,61.100018,155.000000,0.783950,0.000000,0.000000,0.000000,1.000000,353.291629,161.000000,0.783950,1.000000,0.000000,0.000000,0.000000,365.020792,149.000000,0.783950,1.000000,0.000000,0.000000,0.000000,61.100018,155.000000,80.000000,0.500000,-0.500000,0.500000,0.500000,4.167
659,23.595830,60.940018,155.000000,0.783950,0.000000,0.000000,0.000000,1.000000,353.624962,161.000000,0.783950,1.000000,0.000000,0.000000,0.000000,365.387458,149.000000,0.783950,1.000000,0.000000,0.000000,0.000000,60.940018,155.000000,80.000000,0.500000,-0.500000,0.500000,0.500000,0.000
660,23.629163,60.780018,155.000000,0.783950,0.000000,0.000000,0.000000,1.000000,353.958295,161.000000,0.783950,1.000000,0.000000,0.000000,0.000000,365.754125,149.000000,0.783950,1.000000,0.000000,0.000000,0.000000,60.780018,155.000000,80.000000,0.500000,-0.500000,0.500000,0.500000,4.167
661,23.662496,60.620018,155.000000,0.783950,0.000000,0.000000,0.000000,1.000000,354.291629,161.000000,0.783950,1.000000,0.000000,0.000000,0.000000,366.120791,149.000000,0.783950,1.000000,0.000000,0.000000,0.000000,60.620018,155.000000,80.000000,0.500000,-0.500000,0.500000,0.500000,4.167
662,23.695830,60.460018,155.000000,0.783950,0.000000,0.000000,0.000000,1.000000,354.624962,161.000000,0.783950,1.000000,0.000000,0.000000,0.000000,366.487458,149.000000,0.783950,1.000000,0.000000,0.000000,0.000000,60.460018,155.000000,80.000000,0.500000,-0.500000,0.500000,0.500000,0.000
663,23.729163,60.300018,155.000000,0.783950,0.000000,0.000000,0.000000,1.000000,354.958295,161.000000,0.783950,1.000000,0.000000,0.000000,0.000000,366.854125,149.000000,0.783950,1.000000,0.000000,0.000000,0.000000,60.300018,155.000000,80.000000,0.500000,-0.500000,0.500000,0.500000,4.167
664,23.762496,60.140018,155.000000,0.783950,0.000000,0.000000,0.000000,1.000000,355.291628,161.000000,0.783950,1.000000,0.000000,0.000000,0.000000,367.220791,149.000000,0.783950,1.000000,0.000000,0.000000,0.000000,60.140018,155.000000,80.000000,0.500000,-0.500000,0.500000,0.500000,4.167
665,23.795830,59.980018,155.000000,0.783950,0.000000,0.000000,0.000000,1.000000,355.624962,161.000000,0.783950,1.000000,0.000000,0.000000,0.000000,367.587458,149.000000,0.783950,1.000000,0.000000,0.000000,0.000000,59.980018,155.000000,80.000000,0.500000,-0.500000,0.500000,0.500000,0.000
666,23.824996,59.840018,155.000000,0.783950,0.000000,0.000000,0.000000,1.000000,355.916628,161.000000,0.783950,1.000000,0.000000,0.000000,0.000000,367.908291,149.000000,0.783950,1.000000,0.000000,0.000000,0.000000,59.840018,155.000000,80.000000,0.500000,-0.500000,0.500000,0.500000,4.167
667,23.858330,59.680018,155.000000,0.783950,0.000000,0.000000,0.000000,1.000000,356.249962,161.000000,0.783950,1.000000,0.000000,0.000000,0.000000,368.274958,149.000000,0.783950,1.000000,0.000000,0.000000,0.000000,59.680018,155.000000,80.000000,0.500000,-0.500000,0.500000,0.500000,0.000
668,23.891663,59.520018,155.000000,0.783950,0.000000,0.000000,0.000000,1.000000,356.583295,161.000000,0.783950,1.000000,0.000000,0.000000,0.000000,368.641624,149.000000,0.783950,1.000000,0.000000,0.000000,0.000000,59.520018,155.000000,80.000000,0.500000,-0.500000,0.500000,0.500000,4.167
669,23.924996,59.360019,155.000000,0.783950,0.000000,0.000000,0.000000,1.000000,356.916628,161.000000,0.783950,1.000000,0.000000,0.000000,0.000000,369.008291,149.000000,0.783950,1.000000,0.000000,0.000000,0.000000,59.360019,155.000000,80.000000,0.500000,-0.500000,0.500000,0.500000,4.167
670,23.958330,59.200019,155.000000,0.783950,0.000000,0.000000,0.000000,1.000000,357.249961,161.000000,0.783950,1.000000,0.000000,0.000000,0.000000,369.374958,149.000000,0.783950,1.000000,0.000000,0.000000,0.000000,59.200019,155.000000,80.000000,0.500000,-0.500000,0.500000,0.500000,0.000
671,23.991663,59.040019,155.000000,0.783950,0.000000,0.000000,0.000000,1.000000,357.583295,161.000000,0.783950,1.000000,0.000000,0.000000,0.000000,369.741624,149.000000,0.783950,1.000000,0.000000,0.000000,0.000000,59.040019,155.000000,80.000000,0.500000,-0.500000,0.500000,0.500000,4.167
672,24.024996,58.880019,155.000000,0.783950,0.000000,0.000000,0.000000,1.000000,357.916628,161.000000,0.783950,1.000000,0.000000,0.000000,0.000000,370.108291,149.000000,0.783950,1.000000,0.000000,0.000000,0.000000,58.880019,155.000000,80.000000,0.500000,-0.500000,0.500000,0.500000,4.167
673,24.058329,58.720019,155.000000,0.783950,0.000000,0.000000,0.000000,1.000000,358.249961,161.000000,0.783950,1.000000,0.000000,0.000000,0.000000,370.474957,149.000000,0.783950,1.000000,0.000000,0.000000,0.000000,58.720019,155.000000,80.000000,0.500000,-0.500000,0.500000,0.500000,0.000
674,24.091663,58.560019,155.000000,0.783950,0.000000,0.000000,0.000000,1.000000,358.583295,161.000000,0.783950,1.000000,0.000000,0.000000,0.000000,370.841624,149.000000,0.783950,1.000000,0.000000,0.000000,0.000000,58.560019,155.000000,80.000000,0.500000,-0.500000,0.500000,0.500000,4.167
675,24.124996,58.400019,155.000000,0.783950,0.000000,0.000000,0.000000,1.000000,358.916628,161.000000,0.783950,1.000000,0.000000,0.000000,0.000000,371.208291,149.000000,0.783950,1.000000,0.000000,0.000000,0.000000,58.400019,155.000000,80.000000,0.500000,-0.500000,0.500000,0.500000,4.167
676,24.158329,58.240019,155.000000,0.783950,0.000000,0.000000,0.000000,1.000000,359.249961,161.000000,0.783950,1.000000,0.000000,0.000000,0.000000,371.574957,149.000000,0.783950,1.000000,0.000000,0.000000,0.000000,58.240019,155.000000,80.000000,0.500000,-0.500000,0.500000,0.500000,0.000
677,24.191663,58.080019,155.000000,0.783950,0.000000,0.000000,0.000000,1.000000,359.583294,161.000000,0.783950,1.000000,0.000000,0.000000,0.000000,371.941624,149.000000,0.783950,1.000000,0.000000,0.000000,0.000000,58.080019,155.000000,80.000000,0.500000,-0.500000,0.500000,0.500000,4.167
678,24.220829,57.940019,155.000000,0.783950,0.000000,0.000000,0.000000,1.000000,359.874961,161.000000,0.783950,1.000000,0.000000,0.000000,0.000000,372.262457,149.000000,0.783950,1.000000,0.000000,0.000000,0.000000,57.940019,155.000000,80.000000,0.500000,-0.500000,0.500000,0.500000,0.000
679,24.254163,57.780019,155.000000,0.783950,0.000000,0.000000,0.000000,1.000000,360.208294,161.000000,0.783950,1.000000,0.000000,0.000000,0.000000,372.629124,149.000000,0.783950,1.000000,0.000000,0.000000,0.000000,57.780019,155.000000,80.000000,0.500000,-0.500000,0.500000,0.500000,4.167
680,24.287496,57.620019,155.000000,0.783950,0.000000,0.000000,0.000000,1.000000,360.541628,161.000000,0.783950,1.000000,0.000000,0.000000,0.000000,372.995790,149.000000,0.783950,1.000000,0.000000,0.000000,0.000000,57.620019,155.000000,80.000000,0.500000,-0.500000,0.500000,0.500000,4.167
681,24.320829,57.460019,155.000000,0.783950,0.000000,0.000000,0.000000,1.000000,360.874961,161.000000,0.783950,1.000000,0.000000,0.000000,0.000000,373.362457,149.000000,0.783950,1.000000,0.000000,0.000000,0.000000,57.460019,155.000000,80.000000,0.500000,-0.500000,0.500000,0.500000,0.000
682,24.354163,57.300019,155.000000,0.783950,0.000000,0.000000,0.000000,1.000000,361.208294,161.000000,0.783950,1.000000,0.000000,0.000000,0.000000,373.729124,149.000000,0.783950,1.000000,0.000000,0.000000,0.000000,57.300019,155.000000,80.000000,0.500000,-0.500000,0.500000,0.500000,4.167
683,24.387496,57.140019,155.000000,0.783950,0.000000,0.000000,0.000000,1.000000,361.541627,161.000000,0.783950,1.000000,0.000000,0.000000,0.000000,374.095790,149.000000,0.783950,1.000000,0.000000,0.000000,0.000000,57.140019,155.000000,80.000000,0.500000,-0.500000,0.500000,0.500000,4.167
684,24.420829,56.980019,155.000000,0.783950,0.000000,0.000000,0.000000,1.000000,361.874961,161.000000,0.783950,1.000000,0.000000,0.000000,0.000000,374.462457,149.000000,0.783950,1.000000,0.000000,0.000000,0.000000,56.980019,155.000000,80.000000,0.500000,-0.500000,0.500000,0.500000,0.000
685,24.454163,56.820019,155.000000,0.783950,0.000000,0.000000,0.000000,1.000000,362.208294,161.000000,0.783950,1.000000,0.000000,0.000000,0.000000,374.829123,149.000000,0.783950,1.000000,0.000000,0.000000,0.000000,56.820019,155.000000,80.000000,0.500000,-0.500000,0.500000,0.500000,4.167
686,24.487496,56.660019,155.000000,0.783950,0.000000,0.000000,0.000000,1.000000,362.541627,161.000000,0.783950,1.000000,0.000000,0.000000,0.000000,375.195790,149.000000,0.783950,1.000000,0.000000,0.000000,0.000000,56.660019,155.000000,80.000000,0.500000,-0.500000,0.500000,0.500000,4.167
687,24.520829,56.500019,155.000000,0.783950,0.000000,0.000000,0.000000,1.000000,362.874960,161.000000,0.783950,1.000000,0.000000,0.000000,0.000000,375.562457,149.000000,0.783950,1.000000,0.000000,0.000000,0.000000,56.500019,155.000000,80.000000,0.500000,-0.500000,0.500000,0.500000,0.000
688,24.554163,56.340019,155.000000,0.783950,0.000000,0.000000,0.000000,1.000000,363.208294,161.000000,0.783950,1.000000,0.000000,0.000000,0.000000,375.929123,149.000000,0.783950,1.000000,0.000000,0.000000,0.000000,56.340019,155.000000,80.000000,0.500000,-0.500000,0.500000,0.500000,4.167
689,24.587496,56.180019,155.000000,0.783950,0.000000,0.000000,0.000000,1.000000,363.541627,161.000000,0.783950,1.000000,0.000000,0.000000,0.000000,376.295790,149.000000,0.783950,1.000000,0.000000,0.000000,0.000000,56.180019,155.000000,80.000000,0.500000,-0.500000,0.500000,0.500000,4.167
690,24.620829,56.020019,155.000000,0.783950,0.000000,0.000000,0.000000,1.000000,363.874960,161.000000,0.783950,1.000000,0.000000,0.000000,0.000000,376.662456,149.000000,0.783950,1.000000,0.000000,0.000000,0.000000,56.020019,155.000000,80.000000,0.500000,-0.500000,0.500000,0.500000,0.000
691,24.649996,55.880019,155.000000,0.783950,0.000000,0.000000,0.000000,1.000000,364.166627,161.000000,0.783950,1.000000,0.000000,0.000000,0.000000,376.983290,149.000000,0.783950,1.000000,0.000000,0.000000,0.000000,55.880019,155.000000,80.000000,0.500000,-0.500000,0.500000,0.500000,4.167
692,24.683329,55.720019,155.000000,0.783950,0.000000,0.000000,0.000000,1.000000,364.499960,161.000000,0.783950,1.000000,0.000000,0.000000,0.000000,377.349956,149.000000,0.783950,1.000000,0.000000,0.000000,0.000000,55.720019,155.000000,80.000000,0.500000,-0.500000,0.500000,0.500000,0.000
693,24.716663,55.560019,155.000000,0.783950,0.000000,0.000000,0.000000,1.000000,364.833294,161.000000,0.783950,1.000000,0.000000,0.000000,0.000000,377.716623,149.000000,0.783950,1.000000,0.000000,0.000000,0.000000,55.560019,155.000000,80.000000,0.500000,-0.500000,0.500000,0.500000,4.167
694,24.749996,55.400019,155.000000,0.783950,0.000000,0.000000,0.000000,1.000000,365.166627,161.000000,0.783950,1.000000,0.000000,0.000000,0.000000,378.083289,149.000000,0.783950,1.000000,0.000000,0.000000,0.000000,55.400019,155.000000,80.000000,0.500000,-0.500000,0.500000,0.500000,4.167
695,24.783329,55.240019,155.000000,0.783950,0.000000,0.000000,0.000000,1.000000,365.499960,161.000000,0.783950,1.000000,0.000000,0.000000,0.000000,378.449956,149.000000,0.783950,1.000000,0.000000,0.000000,0.000000,55.240019,155.000000,80.000000,0.500000,-0.500000,0.500000,0.500000,0.000
696,24.816663,55.080019,155.000000,0.783950,0.000000,0.000000,0.000000,1.000000,365.833293,161.000000,0.783950,1.000000,0.000000,0.000000,0.000000,378.816623,149.000000,0.783950,1.000000,0.000000,0.000000,0.000000,55.080019,155.000000,80.000000,0.500000,-0.500000,0.500000,0.500000,4.167
697,24.849996,54.920019,155.000000,0.783950,0.000000,0.000000,0.000000,1.000000,366.166627,161.000000,0.783950,1.000000,0.000000,0.000000,0.000000,379.183289,149.000000,0.783950,1.000000,0.000000,0.000000,0.000000,54.920019,155.000000,80.000000,0.500000,-0.500000,0.500000,0.500000,4.167
698,24.883329,54.760019,155.000000,0.783950,0.000000,0.000000,0.000000,1.000000,366.499960,161.000000,0.783950,1.000000,0.000000,0.000000,0.000000,379.549956,149.000000,0.783950,1.000000,0.000000,0.000000,0.000000,54.760019,155.000000,80.000000,0.500000,-0.500000,0.500000,0.500000,0.000
699,24.916663,54.600019,155.000000,0.783950,0.000000,0.000000,0.000000,1.000000,366.833293,161.000000,0.783950,1.000000,0.000000,0.000000,0.000000,379.916623,149.000000,0.783950,1.000000,0.000000,0.000000,0.000000,54.600019,155.000000,80.000000,0.500000,-0.500000,0.500000,0.500000,4.167
700,24.949996,54.440019,155.000000,0.783950,0.000000,0.000000,0.000000,1.000000,367.166626,161.000000,0.783950,1.000000,0.000000,0.000000,0.000000,380.283289,149.000000,0.783950,1.000000,0.000000,0.000000,0.000000,54.440019,155.000000,80.000000,0.500000,-0.500000,0.500000,0.500000,4.167
701,24.983329,54.280019,155.000000,0.783950,0.000000,0.000000,0.000000,1.000000,367.499960,161.000000,0.783950,1.000000,0.000000,0.000000,0.000000,380.649956,149.000000,0.783950,1.000000,0.000000,0.000000,0.000000,54.280019,155.000000,80.000000,0.500000,-0.500000,0.500000,0.500000,0.000
702,25.016663,54.120019,155.000000,0.783950,0.000000,0.000000,0.000000,1.000000,367.833293,161.000000,0.783950,1.000000,0.000000,0.000000,0.000000,381.016622,149.000000,0.783950,1.000000,0.000000,0.000000,0.000000,54.120019,155.000000,80.000000,0.500000,-0.500000,0.500000,0.500000,4.167
703,25.045829,53.980019,155.000000,0.783950,0.000000,0.000000,0.000000,1.000000,368.124960,161.000000,0.783950,1.000000,0.000000,0.000000,0.000000,381.337456,149.000000,0.783950,1.000000,0.000000,0.000000,0.000000,53.980019,155.000000,80.000000,0.500000,-0.500000,0.500000,0.500000,0.000
704,25.079163,53.820019,155.000000,0.783950,0.000000,0.000000,0.000000,1.000000,368.458293,161.000000,0.783950,1.000000,0.000000,0.000000,0.000000,381.704122,149.000000,0.783950,1.000000,0.000000,0.000000,0.000000,53.820019,155.000000,80.000000,0.500000,-0.500000,0.500000,0.500000,4.167
705,25.112496,53.660019,155.000000,0.783950,0.000000,0.000000,0.000000,1.000000,368.791626,161.000000,0.783950,1.000000,0.000000,0.000000,0.000000,382.070789,149.000000,0.783950,1.000000,0.000000,0.000000,0.000000,53.660019,155.000000,80.000000,0.500000,-0.500000,0.500000,0.500000,4.167
706,25.145829,53.500019,155.000000,0.783950,0.000000,0.000000,0.000000,1.000000,369.124959,161.000000,0.783950,1.000000,0.000000,0.000000,0.000000,382.437455,149.000000,0.783950,1.000000,0.000000,0.000000,0.000000,53.500019,155.000000,80.000000,0.500000,-0.500000,0.500000,0.500000,0.000
707,25.179163,53.340019,155.000000,0.783950,0.000000,0.000000,0.000000,1.000000,369.458293,161.000000,0.783950,1.000000,0.000000,0.000000,0.000000,382.804122,149.000000,0.783950,1.000000,0.000000,0.000000,0.000000,53.340019,155.000000,80.000000,0.500000,-0.500000,0.500000,0.500000,4.167
708,25.212496,53.180019,155.000000,0.783950,0.000000,0.000000,0.000000,1.000000,369.791626,161.000000,0.783950,1.000000,0.000000,0.000000,0.000000,383.170789,149.000000,0.783950,1.000000,0.000000,0.000000,0.000000,53.180019,155.000000,80.000000,0.500000,-0.500000,0.500000,0.500000,4.167
709,25.245829,53.020020,155.000000,0.783950,0.000000,0.000000,0.000000,1.000000,370.124959,161.000000,0.783950,1.000000,0.000000,0.000000,0.000000,383.537455,149.000000,0.783950,1.000000,0.000000,0.000000,0.000000,53.020020,155.000000,80.000000,0.500000,-0.500000,0.500000,0.500000,0.000
710,25.279163,52.860020,155.000000,0.783950,0.000000,0.000000,0.000000,1.000000,370.458293,161.000000,0.783950,1.000000,0.000000,0.000000,0.000000,383.904122,149.000000,0.783950,1.000000,0.000000,0.000000,0.000000,52.860020,155.000000,80.000000,0.500000,-0.500000,0.500000,0.500000,4.167
711,25.312496,52.700020,155.000000,0.783950,0.000000,0.000000,0.000000,1.000000,370.791626,161.000000,0.783950,1.000000,0.000000,0.000000,0.000000,384.270788,149.000000,0.783950,1.000000,0.000000,0.000000,0.000000,52.700020,155.000000,80.000000,0.500000,-0.500000,0.500000,0.500000,4.167
712,25.345829,52.540020,155.000000,0.783950,0.000000,0.000000,0.000000,1.000000,371.124959,161.000000,0.783950,1.000000,0.000000,0.000000,0.000000,384.637455,149.000000,0.783950,1.000000,0.000000,0.000000,0.000000,52.540020,155.000000,80.000000,0.500000,-0.500000,0.500000,0.500000,0.000
713,25.379163,52.380020,155.000000,0.783950,0.000000,0.000000,0.000000,1.000000,371.458292,161.000000,0.783950,1.000000,0.000000,0.000000,0.000000,385.004122,149.000000,0.783950,1.000000,0.000000,0.000000,0.000000,52.380020,155.000000,80.000000,0.500000,-0.500000,0.500000,0.500000,4.167
714,25.412496,52.220020,155.000000,0.783950,0.000000,0.000000,0.000000,1.000000,371.791626,161.000000,0.783950,1.000000,0.000000,0.000000,0.000000,385.370788,149.000000,0.783950,1.000000,0.000000,0.000000,0.000000,52.220020,155.000000,80.000000,0.500000,-0.500000,0.500000,0.500000,4.167
715,25.445829,52.060020,155.000000,0.783950,0.000000,0.000000,0.000000,1.000000,372.124959,161.000000,0.783950,1.000000,0.000000,0.000000,0.000000,385.737455,149.000000,0.783950,1.000000,0.000000,0.000000,0.000000,52.060020,155.000000,80.000000,0.500000,-0.500000,0.500000,0.500000,0.000
716,25.474996,51.920020,155.000000,0.783950,0.000000,0.000000,0.000000,1.000000,372.416626,161.000000,0.783950,1.000000,0.000000,0.000000,0.000000,386.058288,149.000000,0.783950,1.000000,0.000000,0.000000,0.000000,51.920020,155.000000,80.000000,0.500000,-0.500000,0.500000,0.500000,4.167
717,25.508329,51.760020,155.000000,0.783950,0.000000,0.000000,0.000000,1.000000,372.749959,161.000000,0.783950,1.000000,0.000000,0.000000,0.000000,386.424955,149.000000,0.783950,1.000000,0.000000,0.000000,0.000000,51.760020,155.000000,80.000000,0.500000,-0.500000,0.500000,0.500000,0.000
718,25.541663,51.600020,155.000000,0.783950,0.000000,0.000000,0.000000,1.000000,373.083292,161.000000,0.783950,1.000000,0.000000,0.000000,0.000000,386.791621,149.000000,0.783950,1.000000,0.000000,0.000000,0.000000,51.600020,155.000000,80.000000,0.500000,-0.500000,0.500000,0.500000,4.167
719,25.574996,51.440020,155.000000,0.783950,0.000000,0.000000,0.000000,1.000000,373.416625,161.000000,0.783950,1.000000,0.000000,0.000000,0.000000,387.158288,149.000000,0.783950,1.000000,0.000000,0.000000,0.000000,51.440020,155.000000,80.000000,0.500000,-0.500000,0.500000,0.500000,4.167
720,25.608329,51.280020,155.000000,0.783950,0.000000,0.000000,0.000000,1.000000,373.749959,161.000000,0.783950,1.000000,0.000000,0.000000,0.000000,387.524955,149.000000,0.783950,1.000000,0.000000,0.000000,0.000000,51.280020,155.000000,80.000000,0.500000,-0.500000,0.500000,0.500000,0.000
721,25.641663,51.120020,155.000000,0.783950,0.000000,0.000000,0.000000,1.000000,374.083292,161.000000,0.783950,1.000000,0.000000,0.000000,0.000000,387.891621,149.000000,0.783950,1.000000,0.000000,0.000000,0.000000,51.120020,155.000000,80.000000,0.500000,-0.500000,0.500000,0.500000,4.167
722,25.674996,50.960020,155.000000,0.783950,0.000000,0.000000,0.000000,1.000000,374.416625,161.000000,0.783950,1.000000,0.000000,0.000000,0.000000,388.258288,149.000000,0.783950,1.000000,0.000000,0.000000,0.000000,50.960020,155.000000,80.000000,0.500000,-0.500000,0.500000,0.500000,4.167
723,25.708329,50.800020,155.000000,0.783950,0.000000,0.000000,0.000000,1.000000,374.749959,161.000000,0.783950,1.000000,0.000000,0.000000,0.000000,388.624954,149.000000,0.783950,1.000000,0.000000,0.000000,0.000000,50.800020,155.000000,80.000000,0.500000,-0.500000,0.500000,0.500000,0.000
724,25.741663,50.640020,155.000000,0.783950,0.000000,0.000000,0.000000,1.000000,375.083292,161.000000,0.783950,1.000000,0.000000,0.000000,0.000000,388.991621,149.000000,0.783950,1.000000,0.000000,0.000000,0.000000,50.640020,155.000000,80.000000,0.500000,-0.500000,0.500000,0.500000,4.167
725,25.774996,50.480020,155.000000,0.783950,0.000000,0.000000,0.000000,1.000000,375.416625,161.000000,0.783950,1.000000,0.000000,0.000000,0.000000,389.358288,149.000000,0.783950,1.000000,0.000000,0.000000,0.000000,50.480020,155.000000,80.000000,0.500000,-0.500000,0.500000,0.500000,4.167
726,25.808329,50.320020,155.000000,0.783950,0.000000,0.000000,0.000000,1.000000,375.749958,161.000000,0.783950,1.000000,0.000000,0.000000,0.000000,389.724954,149.000000,0.783950,1.000000,0.000000,0.000000,0.000000,50.320020,155.000000,80.000000,0.500000,-0.500000,0.500000,0.500000,0.000
727,25.841663,50.160020,155.000000,0.783950,0.000000,0.000000,0.000000,1.000000,376.083292,161.000000,0.783950,1.000000,0.000000,0.000000,0.000000,390.091621,149.000000,0.783950,1.000000,0.000000,0.000000,0.000000,50.160020,155.000000,80.000000,0.500000,-0.500000,0.500000,0.500000,4.167
728,25.870829,50.020020,155.000000,0.783950,0.000000,0.000000,0.000000,1.000000,376.374958,161.000000,0.783950,1.000000,0.000000,0.000000,0.000000,390.412454,149.000000,0.783950,1.000000,0.000000,0.000000,0.000000,50.020020,155.000000,80.000000,0.500000,-0.500000,0.500000,0.500000,0.000
729,25.904163,49.860020,155.000000,0.783950,0.000000,0.000000,0.000000,1.000000,376.708292,161.000000,0.783950,1.000000,0.000000,0.000000,0.000000,390.779121,149.000000,0.783950,1.000000,0.000000,0.000000,0.000000,49.860020,155.000000,80.000000,0.500000,-0.500000,0.500000,0.500000,4.167
730,25.937496,49.700020,155.000000,0.783950,0.000000,0.000000,0.000000,1.000000,377.041625,161.000000,0.783950,1.000000,0.000000,0.000000,0.000000,391.145787,149.000000,0.783950,1.000000,0.000000,0.000000,0.000000,49.700020,155.000000,80.000000,0.500000,-0.500000,0.500000,0.500000,4.167
731,25.970829,49.540020,155.000000,0.783950,0.000000,0.000000,0.000000,1.000000,377.374958,161.000000,0.783950,1.000000,0.000000,0.000000,0.000000,391.512454,149.000000,0.783950,1.000000,0.000000,0.000000,0.000000,49.540020,155.000000,80.000000,0.500000,-0.500000,0.500000,0.500000,0.000
732,26.004163,49.380020,155.000000,0.783950,0.000000,0.000000,0.000000,1.000000,377.708291,161.000000,0.783950,1.000000,0.000000,0.000000,0.000000,391.879121,149.000000,0.783950,1.000000,0.000000,0.000000,0.000000,49.380020,155.000000,80.000000,0.500000,-0.500000,0.500000,0.500000,4.167
733,26.037496,49.220020,155.000000,0.783950,0.000000,0.000000,0.000000,1.000000,378.041625,161.000000,0.783950,1.000000,0.000000,0.000000,0.000000,392.245787,149.000000,0.783950,1.000000,0.000000,0.000000,0.000000,49.220020,155.000000,80.000000,0.500000,-0.500000,0.500000,0.500000,4.167
734,26.070829,49.060020,155.000000,0.783950,0.000000,0.000000,0.000000,1.000000,378.374958,161.000000,0.783950,1.000000,0.000000,0.000000,0.000000,392.612454,149.000000,0.783950,1.000000,0.000000,0.000000,0.000000,49.060020,155.000000,80.000000,0.500000,-0.500000,0.500000,0.500000,0.000
735,26.104162,48.900020,155.000000,0.783950,0.000000,0.000000,0.000000,1.000000,378.708291,161.000000,0.783950,1.000000,0.000000,0.000000,0.000000,392.979120,149.000000,0.783950,1.000000,0.000000,0.000000,0.000000,48.900020,155.000000,80.000000,0.500000,-0.500000,0.500000,0.500000,4.167
736,26.137496,48.740020,155.000000,0.783950,0.000000,0.000000,0.000000,1.000000,379.041625,161.000000,0.783950,1.000000,0.000000,0.000000,0.000000,393.345787,149.000000,0.783950,1.000000,0.000000,0.000000,0.000000,48.740020,155.000000,80.000000,0.500000,-0.500000,0.500000,0.500000,4.167
737,26.170829,48.580020,155.000000,0.783950,0.000000,0.000000,0.000000,1.000000,379.374958,161.000000,0.783950,1.000000,0.000000,0.000000,0.000000,393.712454,149.000000,0.783950,1.000000,0.000000,0.000000,0.000000,48.580020,155.000000,80.000000,0.500000,-0.500000,0.500000,0.500000,0.000
738,26.204162,48.420020,155.000000,0.783950,0.000000,0.000000,0.000000,1.000000,379.708291,161.000000,0.783950,1.000000,0.000000,0.000000,0.000000,394.079120,149.000000,0.783950,1.000000,0.000000,0.000000,0.000000,48.420020,155.000000,80.000000,0.500000,-0.500000,0.500000,0.500000,4.167
739,26.237496,48.260020,155.000000,0.783950,0.000000,0.000000,0.000000,1.000000,380.041624,161.000000,0.783950,1.000000,0.000000,0.000000,0.000000,394.445787,149.000000,0.783950,1.000000,0.000000,0.000000,0.000000,48.260020,155.000000,80.000000,0.500000,-0.500000,0.500000,0.500000,4.167
740,26.270829,48.100020,155.000000,0.783950,0.000000,0.000000,0.000000,1.000000,380.374958,161.000000,0.783950,1.000000,0.000000,0.000000,0.000000,394.812453,149.000000,0.783950,1.000000,0.000000,0.000000,0.000000,48.100020,155.000000,80.000000,0.500000,-0.500000,0.500000,0.500000,0.000
741,26.299996,47.960020,155.000000,0.783950,0.000000,0.000000,0.000000,1.000000,380.666624,161.000000,0.783950,1.000000,0.000000,0.000000,0.000000,395.133287,149.000000,0.783950,1.000000,0.000000,0.000000,0.000000,47.960020,155.000000,80.000000,0.500000,-0.500000,0.500000,0.500000,4.167
742,26.333329,47.800020,155.000000,0.783950,0.000000,0.000000,0.000000,1.000000,380.999958,161.000000,0.783950,1.000000,0.000000,0.000000,0.000000,395.499953,149.000000,0.783950,1.000000,0.000000,0.000000,0.000000,47.800020,155.000000,80.000000,0.500000,-0.500000,0.500000,0.500000,0.000
743,26.366662,47.640020,155.000000,0.783950,0.000000,0.000000,0.000000,1.000000,381.333291,161.000000,0.783950,1.000000,0.000000,0.000000,0.000000,395.866620,149.000000,0.783950,1.000000,0.000000,0.000000,0.000000,47.640020,155.000000,80.000000,0.500000,-0.500000,0.500000,0.500000,4.167
744,26.399996,47.480020,155.000000,0.783950,0.000000,0.000000,0.000000,1.000000,381.666624,161.000000,0.783950,1.000000,0.000000,0.000000,0.000000,396.233287,149.000000,0.783950,1.000000,0.000000,0.000000,0.000000,47.480020,155.000000,80.000000,0.500000,-0.500000,0.500000,0.500000,4.167
745,26.433329,47.320020,155.000000,0.783950,0.000000,0.000000,0.000000,1.000000,381.999957,161.000000,0.783950,1.000000,0.000000,0.000000,0.000000,396.599953,149.000000,0.783950,1.000000,0.000000,0.000000,0.000000,47.320020,155.000000,80.000000,0.500000,-0.500000,0.500000,0.500000,0.000
746,26.466662,47.160020,155.000000,0.783950,0.000000,0.000000,0.000000,1.000000,382.333291,161.000000,0.783950,1.000000,0.000000,0.000000,0.000000,396.966620,149.000000,0.783950,1.000000,0.000000,0.000000,0.000000,47.160020,155.000000,80.000000,0.500000,-0.500000,0.500000,0.500000,4.167
747,26.499996,47.000020,155.000000,0.783950,0.000000,0.000000,0.000000,1.000000,382.666624,161.000000,0.783950,1.000000,0.000000,0.000000,0.000000,397.333286,149.000000,0.783950,1.000000,0.000000,0.000000,0.000000,47.000020,155.000000,80.000000,0.500000,-0.500000,0.500000,0.500000,4.167
748,26.533329,46.840021,155.000000,0.783950,0.000000,0.000000,0.000000,1.000000,382.999957,161.000000,0.783950,1.000000,0.000000,0.000000,0.000000,397.699953,149.000000,0.783950,1.000000,0.000000,0.000000,0.000000,46.840021,155.000000,80.000000,0.500000,-0.500000,0.500000,0.500000,0.000
749,26.566662,46.680021,155.000000,0.783950,0.000000,0.000000,0.000000,1.000000,383.333291,161.000000,0.783950,1.000000,0.000000,0.000000,0.000000,398.066620,149.000000,0.783950,1.000000,0.000000,0.000000,0.000000,46.680021,155.000000,80.000000,0.500000,-0.500000,0.500000,0.500000,4.167
750,26.599996,46.520021,155.000000,0.783950,0.000000,0.000000,0.000000,1.000000,383.666624,161.000000,0.783950,1.000000,0.000000,0.000000,0.000000,398.433286,149.000000,0.783950,1.000000,0.000000,0.000000,0.000000,46.520021,155.000000,80.000000,0.500000,-0.500000,0.500000,0.500000,4.167
751,26.633329,46.360021,155.000000,0.783950,0.000000,0.000000,0.000000,1.000000,383.999957,161.000000,0.783950,1.000000,0.000000,0.000000,0.000000,398.799953,149.000000,0.783950,1.000000,0.000000,0.000000,0.000000,46.360021,155.000000,80.000000,0.500000,-0.500000,0.500000,0.500000,0.000
752,26.666662,46.200021,155.000000,0.783950,0.000000,0.000000,0.000000,1.000000,384.333290,161.000000,0.783950,1.000000,0.000000,0.000000,0.000000,399.166619,149.000000,0.783950,1.000000,0.000000,0.000000,0.000000,46.200021,155.000000,80.000000,0.500000,-0.500000,0.500000,0.500000,4.167
753,26.695829,46.060021,155.000000,0.783950,0.000000,0.000000,0.000000,1.000000,384.624957,161.000000,0.783950,1.000000,0.000000,0.000000,0.000000,399.487453,149.000000,0.783950,1.000000,0.000000,0.000000,0.000000,46.060021,155.000000,80.000000,0.500000,-0.500000,0.500000,0.500000,0.000
754,26.729162,45.900021,155.000000,0.783950,0.000000,0.000000,0.000000,1.000000,384.958290,161.000000,0.783950,1.000000,0.000000,0.000000,0.000000,399.854119,149.000000,0.783950,1.000000,0.000000,0.000000,0.000000,45.900021,155.000000,80.000000,0.500000,-0.500000,0.500000,0.500000,4.167
755,26.762496,45.740021,155.000000,0.783950,0.000000,0.000000,0.000000,1.000000,385.291624,161.000000,0.783950,1.000000,0.000000,0.000000,0.000000,400.220786,149.000000,0.783950,1.000000,0.000000,0.000000,0.000000,45.740021,155.000000,80.000000,0.500000,-0.500000,0.500000,0.500000,4.167
756,26.795829,45.580021,155.000000,0.783950,0.000000,0.000000,0.000000,1.000000,385.624957,161.000000,0.783950,1.000000,0.000000,0.000000,0.000000,400.587453,149.000000,0.783950,1.000000,0.000000,0.000000,0.000000,45.580021,155.000000,80.000000,0.500000,-0.500000,0.500000,0.500000,0.000
757,26.829162,45.420021,155.000000,0.783950,0.000000,0.000000,0.000000,1.000000,385.958290,161.000000,0.783950,1.000000,0.000000,0.000000,0.000000,400.954119,149.000000,0.783950,1.000000,0.000000,0.000000,0.000000,45.420021,155.000000,80.000000,0.500000,-0.500000,0.500000,0.500000,4.167
758,26.862496,45.260021,155.000000,0.783950,0.000000,0.000000,0.000000,1.000000,386.291623,161.000000,0.783950,1.000000,0.000000,0.000000,0.000000,401.320786,149.000000,0.783950,1.000000,0.000000,0.000000,0.000000,45.260021,155.000000,80.000000,0.500000,-0.500000,0.500000,0.500000,4.167
759,26.895829,45.100021,155.000000,0.783950,0.000000,0.000000,0.000000,1.000000,386.624957,161.000000,0.783950,1.000000,0.000000,0.000000,0.000000,401.687452,149.000000,0.783950,1.000000,0.000000,0.000000,0.000000,45.100021,155.000000,80.000000,0.500000,-0.500000,0.500000,0.500000,0.000
760,26.929162,44.940021,155.000000,0.783950,0.000000,0.000000,0.000000,1.000000,386.958290,161.000000,0.783950,1.000000,0.000000,0.000000,0.000000,402.054119,149.000000,0.783950,1.000000,0.000000,0.000000,0.000000,44.940021,155.000000,80.000000,0.500000,-0.500000,0.500000,0.500000,4.167
761,26.962496,44.780021,155.000000,0.783950,0.000000,0.000000,0.000000,1.000000,387.291623,161.000000,0.783950,1.000000,0.000000,0.000000,0.000000,402.420786,149.000000,0.783950,1.000000,0.000000,0.000000,0.000000,44.780021,155.000000,80.000000,0.500000,-0.500000,0.500000,0.500000,4.167
762,26.995829,44.620021,155.000000,0.783950,0.000000,0.000000,0.000000,1.000000,387.624957,161.000000,0.783950,1.000000,0.000000,0.000000,0.000000,402.787452,149.000000,0.783950,1.000000,0.000000,0.000000,0.000000,44.620021,155.000000,80.000000,0.500000,-0.500000,0.500000,0.500000,0.000
763,27.029162,44.460021,155.000000,0.783950,0.000000,0.000000,0.000000,1.000000,387.958290,161.000000,0.783950,1.000000,0.000000,0.000000,0.000000,403.154119,149.000000,0.783950,1.000000,0.000000,0.000000,0.000000,44.460021,155.000000,80.000000,0.500000,-0.500000,0.500000,0.500000,4.167
764,27.062496,44.300021,155.000000,0.783950,0.000000,0.000000,0.000000,1.000000,388.291623,161.000000,0.783950,1.000000,0.000000,0.000000,0.000000,403.520785,149.000000,0.783950,1.000000,0.000000,0.000000,0.000000,44.300021,155.000000,80.000000,0.500000,-0.500000,0.500000,0.500000,4.167
765,27.095829,44.140021,155.000000,0.783950,0.000000,0.000000,0.000000,1.000000,388.624956,161.000000,0.783950,1.000000,0.000000,0.000000,0.000000,403.887452,149.000000,0.783950,1.000000,0.000000,0.000000,0.000000,44.140021,155.000000,80.000000,0.500000,-0.500000,0.500000,0.500000,0.000
766,27.124996,44.000021,155.000000,0.783950,0.000000,0.000000,0.000000,1.000000,388.916623,161.000000,0.783950,1.000000,0.000000,0.000000,0.000000,404.208285,149.000000,0.783950,1.000000,0.000000,0.000000,0.000000,44.000021,155.000000,80.000000,0.500000,-0.500000,0.500000,0.500000,4.167
767,27.158329,43.840021,155.000000,0.783950,0.000000,0.000000,0.000000,1.000000,389.249956,161.000000,0.783950,1.000000,0.000000,0.000000,0.000000,404.574952,149.000000,0.783950,1.000000,0.000000,0.000000,0.000000,43.840021,155.000000,80.000000,0.500000,-0.500000,0.500000,0.500000,0.000
768,27.191662,43.680021,155.000000,0.783950,0.000000,0.000000,0.000000,1.000000,389.583290,161.000000,0.783950,1.000000,0.000000,0.000000,0.000000,404.941619,149.000000,0.783950,1.000000,0.000000,0.000000,0.000000,43.680021,155.000000,80.000000,0.500000,-0.500000,0.500000,0.500000,4.167
769,27.224996,43.520021,155.000000,0.783950,0.000000,0.000000,0.000000,1.000000,389.916623,161.000000,0.783950,1.000000,0.000000,0.000000,0.000000,405.308285,149.000000,0.783950,1.000000,0.000000,0.000000,0.000000,43.520021,155.000000,80.000000,0.500000,-0.500000,0.500000,0.500000,4.167
770,27.258329,43.360021,155.000000,0.783950,0.000000,0.000000,0.000000,1.000000,390.249956,161.000000,0.783950,1.000000,0.000000,0.000000,0.000000,405.674952,149.000000,0.783950,1.000000,0.000000,0.000000,0.000000,43.360021,155.000000,80.000000,0.500000,-0.500000,0.500000,0.500000,0.000
771,27.291662,43.200021,155.000000,0.783950,0.000000,0.000000,0.000000,1.000000,390.583289,161.000000,0.783950,1.000000,0.000000,0.000000,0.000000,406.041618,149.000000,0.783950,1.000000,0.000000,0.000000,0.000000,43.200021,155.000000,80.000000,0.500000,-0.500000,0.500000,0.500000,4.167
772,27.324996,43.040021,155.000000,0.783950,0.000000,0.000000,0.000000,1.000000,390.916623,161.000000,0.783950,1.000000,0.000000,0.000000,0.000000,406.408285,149.000000,0.783950,1.000000,0.000000,0.000000,0.000000,43.040021,155.000000,80.000000,0.500000,-0.500000,0.500000,0.500000,4.167
773,27.358329,42.880021,155.000000,0.783950,0.000000,0.000000,0.000000,1.000000,391.249956,161.000000,0.783950,1.000000,0.000000,0.000000,0.000000,406.774952,149.000000,0.783950,1.000000,0.000000,0.000000,0.000000,42.880021,155.000000,80.000000,0.500000,-0.500000,0.500000,0.500000,0.000
774,27.391662,42.720021,155.000000,0.783950,0.000000,0.000000,0.000000,1.000000,391.583289,161.000000,0.783950,1.000000,0.000000,0.000000,0.000000,407.141618,149.000000,0.783950,1.000000,0.000000,0.000000,0.000000,42.720021,155.000000,80.000000,0.500000,-0.500000,0.500000,0.500000,4.167
775,27.424996,42.560021,155.000000,0.783950,0.000000,0.000000,0.000000,1.000000,391.916623,161.000000,0.783950,1.000000,0.000000,0.000000,0.000000,407.508285,149.000000,0.783950,1.000000,0.000000,0.000000,0.000000,42.560021,155.000000,80.000000,0.500000,-0.500000,0.500000,0.500000,4.167
776,27.458329,42.400021,155.000000,0.783950,0.000000,0.000000,0.000000,1.000000,392.249956,161.000000,0.783950,1.000000,0.000000,0.000000,0.000000,407.874951,149.000000,0.783950,1.000000,0.000000,0.000000,0.000000,42.400021,155.000000,80.000000,0.500000,-0.500000,0.500000,0.500000,0.000
777,27.491662,42.240021,155.000000,0.783950,0.000000,0.000000,0.000000,1.000000,392.583289,161.000000,0.783950,1.000000,0.000000,0.000000,0.000000,408.241618,149.000000,0.783950,1.000000,0.000000,0.000000,0.000000,42.240021,155.000000,80.000000,0.500000,-0.500000,0.500000,0.500000,4.167
778,27.520829,42.100021,155.000000,0.783950,0.000000,0.000000,0.000000,1.000000,392.874956,161.000000,0.783950,1.000000,0.000000,0.000000,0.000000,408.562451,149.000000,0.783950,1.000000,0.000000,0.000000,0.000000,42.100021,155.000000,80.000000,0.500000,-0.500000,0.500000,0.500000,0.000
779,27.554162,41.940021,155.000000,0.783950,0.000000,0.000000,0.000000,1.000000,393.208289,161.000000,0.783950,1.000000,0.000000,0.000000,0.000000,408.929118,149.000000,0.783950,1.000000,0.000000,0.000000,0.000000,41.940021,155.000000,80.000000,0.500000,-0.500000,0.500000,0.500000,4.167
780,27.587496,41.780021,155.000000,0.783950,0.000000,0.000000,0.000000,1.000000,393.541622,161.000000,0.783950,1.000000,0.000000,0.000000,0.000000,409.295784,149.000000,0.783950,1.000000,0.000000,0.000000,0.000000,41.780021,155.000000,80.000000,0.500000,-0.500000,0.500000,0.500000,4.167
781,27.620829,41.620021,155.000000,0.783950,0.000000,0.000000,0.000000,1.000000,393.874956,161.000000,0.783950,1.000000,0.000000,0.000000,0.000000,409.662451,149.000000,0.783950,1.000000,0.000000,0.000000,0.000000,41.620021,155.000000,80.000000,0.500000,-0.500000,0.500000,0.500000,0.000
782,27.654162,41.460021,155.000000,0.783950,0.000000,0.000000,0.000000,1.000000,394.208289,161.000000,0.783950,1.000000,0.000000,0.000000,0.000000,410.029118,149.000000,0.783950,1.000000,0.000000,0.000000,0.000000,41.460021,155.000000,80.000000,0.500000,-0.500000,0.500000,0.500000,4.167
783,27.687496,41.300021,155.000000,0.783950,0.000000,0.000000,0.000000,1.000000,394.541622,161.000000,0.783950,1.000000,0.000000,0.000000,0.000000,410.395784,149.000000,0.783950,1.000000,0.000000,0.000000,0.000000,41.300021,155.000000,80.000000,0.500000,-0.500000,0.500000,0.500000,4.167
784,27.720829,41.140021,155.000000,0.783950,0.000000,0.000000,0.000000,1.000000,394.874955,161.000000,0.783950,1.000000,0.000000,0.000000,0.000000,410.762451,149.000000,0.783950,1.000000,0.000000,0.000000,0.000000,41.140021,155.000000,80.000000,0.500000,-0.500000,0.500000,0.500000,0.000
785,27.754162,40.980021,155.000000,0.783950,0.000000,0.000000,0.000000,1.000000,395.208289,161.000000,0.783950,1.000000,0.000000,0.000000,0.000000,411.129118,149.000000,0.783950,1.000000,0.000000,0.000000,0.000000,40.980021,155.000000,80.000000,0.500000,-0.500000,0.500000,0.500000,4.167
786,27.787496,40.820021,155.000000,0.783950,0.000000,0.000000,0.000000,1.000000,395.541622,161.000000,0.783950,1.000000,0.000000,0.000000,0.000000,411.495784,149.000000,0.783950,1.000000,0.000000,0.000000,0.000000,40.820021,155.000000,80.000000,0.500000,-0.500000,0.500000,0.500000,4.167
787,27.820829,40.660021,155.000000,0.783950,0.000000,0.000000,0.000000,1.000000,395.874955,161.000000,0.783950,1.000000,0.000000,0.000000,0.000000,411.862451,149.000000,0.783950,1.000000,0.000000,0.000000,0.000000,40.660021,155.000000,80.000000,0.500000,-0.500000,0.500000,0.500000,0.000
788,27.854162,40.500022,155.000000,0.783950,0.000000,0.000000,0.000000,1.000000,396.208288,161.000000,0.783950,1.000000,0.000000,0.000000,0.000000,412.229117,149.000000,0.783950,1.000000,0.000000,0.000000,0.000000,40.500022,155.000000,80.000000,0.500000,-0.500000,0.500000,0.500000,4.167
789,27.887496,40.340022,155.000000,0.783950,0.000000,0.000000,0.000000,1.000000,396.541622,161.000000,0.783950,1.000000,0.000000,0.000000,0.000000,412.595784,149.000000,0.783950,1.000000,0.000000,0.000000,0.000000,40.340022,155.000000,80.000000,0.500000,-0.500000,0.500000,0.500000,4.167
790,27.920829,40.180022,155.000000,0.783950,0.000000,0.000000,0.000000,1.000000,396.874955,161.000000,0.783950,1.000000,0.000000,0.000000,0.000000,412.962451,149.000000,0.783950,1.000000,0.000000,0.000000,0.000000,40.180022,155.000000,80.000000,0.500000,-0.500000,0.500000,0.500000,0.000
791,27.949996,40.040022,155.000000,0.783950,0.000000,0.000000,0.000000,1.000000,397.166622,161.000000,0.783950,1.000000,0.000000,0.000000,0.000000,413.283284,149.000000,0.783950,1.000000,0.000000,0.000000,0.000000,40.040022,155.000000,80.000000,0.500000,-0.500000,0.500000,0.500000,4.167
792,27.983329,39.880022,155.000000,0.783950,0.000000,0.000000,0.000000,1.000000,397.499955,161.000000,0.783950,1.000000,0.000000,0.000000,0.000000,413.649950,149.000000,0.783950,1.000000,0.000000,0.000000,0.000000,39.880022,155.000000,80.000000,0.500000,-0.500000,0.500000,0.500000,0.000
793,28.016662,39.720022,155.000000,0.783950,0.000000,0.000000,0.000000,1.000000,397.833288,161.000000,0.783950,1.000000,0.000000,0.000000,0.000000,414.016617,149.000000,0.783950,1.000000,0.000000,0.000000,0.000000,39.720022,155.000000,80.000000,0.500000,-0.500000,0.500000,0.500000,4.167
794,28.049996,39.560022,155.000000,0.783950,0.000000,0.000000,0.000000,1.000000,398.166622,161.000000,0.783950,1.000000,0.000000,0.000000,0.000000,414.383284,149.000000,0.783950,1.000000,0.000000,0.000000,0.000000,39.560022,155.000000,80.000000,0.500000,-0.500000,0.500000,0.500000,4.167
795,28.083329,39.400022,155.000000,0.783950,0.000000,0.000000,0.000000,1.000000,398.499955,161.000000,0.783950,1.000000,0.000000,0.000000,0.000000,414.749950,149.000000,0.783950,1.000000,0.000000,0.000000,0.000000,39.400022,155.000000,80.000000,0.500000,-0.500000,0.500000,0.500000,0.000
796,28.116662,39.240022,155.000000,0.783950,0.000000,0.000000,0.000000,1.000000,398.833288,161.000000,0.783950,1.000000,0.000000,0.000000,0.000000,415.116617,149.000000,0.783950,1.000000,0.000000,0.000000,0.000000,39.240022,155.000000,80.000000,0.500000,-0.500000,0.500000,0.500000,4.167
797,28.149995,39.080022,155.000000,0.783950,0.000000,0.000000,0.000000,1.000000,399.166621,161.000000,0.783950,1.000000,0.000000,0.000000,0.000000,415.483283,149.000000,0.783950,1.000000,0.000000,0.000000,0.000000,39.080022,155.000000,80.000000,0.500000,-0.500000,0.500000,0.500000,4.167
798,28.183329,38.920022,155.000000,0.783950,0.000000,0.000000,0.000000,1.000000,399.499955,161.000000,0.783950,1.000000,0.000000,0.000000,0.000000,415.849950,149.000000,0.783950,1.000000,0.000000,0.000000,0.000000,38.920022,155.000000,80.000000,0.500000,-0.500000,0.500000,0.500000,0.000
799,28.216662,38.760022,155.000000,0.783950,0.000000,0.000000,0.000000,1.000000,399.833288,161.000000,0.783950,1.000000,0.000000,0.000000,0.000000,416.216617,149.000000,0.783950,1.000000,0.000000,0.000000,0.000000,38.760022,155.000000,80.000000,0.500000,-0.500000,0.500000,0.500000,4.167
800,28.249995,38.600022,155.000000,0.783950,0.000000,0.000000,0.000000,1.000000,400.166621,161.000000,0.783950,1.000000,0.000000,0.000000,0.000000,416.583283,149.000000,0.783950,1.000000,0.000000,0.000000,0.000000,38.600022,155.000000,80.000000,0.500000,-0.500000,0.500000,0.500000,4.167
801,28.283329,38.440022,155.000000,0.783950,0.000000,0.000000,0.000000,1.000000,400.499954,161.000000,0.783950,1.000000,0.000000,0.000000,0.000000,416.949950,149.000000,0.783950,1.000000,0.000000,0.000000,0.000000,38.440022,155.000000,80.000000,0.500000,-0.500000,0.500000,0.500000,0.000
802,28.316662,38.280022,155.000000,0.783950,0.000000,0.000000,0.000000,1.000000,400.833288,161.000000,0.783950,1.000000,0.000000,0.000000,0.000000,417.316617,149.000000,0.783950,1.000000,0.000000,0.000000,0.000000,38.280022,155.000000,80.000000,0.500000,-0.500000,0.500000,0.500000,4.167
803,28.345829,38.140022,155.000000,0.783950,0.000000,0.000000,0.000000,1.000000,401.124954,161.000000,0.783950,1.000000,0.000000,0.000000,0.000000,417.637450,149.000000,0.783950,1.000000,0.000000,0.000000,0.000000,38.140022,155.000000,80.000000,0.500000,-0.500000,0.500000,0.500000,0.000
804,28.379162,37.980022,155.000000,0.783950,0.000000,0.000000,0.000000,1.000000,401.458288,161.000000,0.783950,1.000000,0.000000,0.000000,0.000000,418.004116,149.000000,0.783950,1.000000,0.000000,0.000000,0.000000,37.980022,155.000000,80.000000,0.500000,-0.500000,0.500000,0.500000,4.167
805,28.412495,37.820022,155.000000,0.783950,0.000000,0.000000,0.000000,1.000000,401.791621,161.000000,0.783950,1.000000,0.000000,0.000000,0.000000,418.370783,149.000000,0.783950,1.000000,0.000000,0.000000,0.000000,37.820022,155.000000,80.000000,0.500000,-0.500000,0.500000,0.500000,4.167
806,28.445829,37.660022,155.000000,0.783950,0.000000,0.000000,0.000000,1.000000,402.124954,161.000000,0.783950,1.000000,0.000000,0.000000,0.000000,418.737450,149.000000,0.783950,1.000000,0.000000,0.000000,0.000000,37.660022,155.000000,80.000000,0.500000,-0.500000,0.500000,0.500000,0.000
807,28.479162,37.500022,155.000000,0.783950,0.000000,0.000000,0.000000,1.000000,402.458287,161.000000,0.783950,1.000000,0.000000,0.000000,0.000000,419.104116,149.000000,0.783950,1.000000,0.000000,0.000000,0.000000,37.500022,155.000000,80.000000,0.500000,-0.500000,0.500000,0.500000,4.167
808,28.512495,37.340022,155.000000,0.783950,0.000000,0.000000,0.000000,1.000000,402.791621,161.000000,0.783950,1.000000,0.000000,0.000000,0.000000,419.470783,149.000000,0.783950,1.000000,0.000000,0.000000,0.000000,37.340022,155.000000,80.000000,0.500000,-0.500000,0.500000,0.500000,4.167
809,28.545829,37.180022,155.000000,0.783950,0.000000,0.000000,0.000000,1.000000,403.124954,161.000000,0.783950,1.000000,0.000000,0.000000,0.000000,419.837449,149.000000,0.783950,1.000000,0.000000,0.000000,0.000000,37.180022,155.000000,80.000000,0.500000,-0.500000,0.500000,0.500000,0.000
810,28.579162,37.020022,155.000000,0.783950,0.000000,0.000000,0.000000,1.000000,403.458287,161.000000,0.783950,1.000000,0.000000,0.000000,0.000000,420.204116,149.000000,0.783950,1.000000,0.000000,0.000000,0.000000,37.020022,155.000000,80.000000,0.500000,-0.500000,0.500000,0.500000,4.167
811,28.612495,36.860022,155.000000,0.783950,0.000000,0.000000,0.000000,1.000000,403.791621,161.000000,0.783950,1.000000,0.000000,0.000000,0.000000,420.570783,149.000000,0.783950,1.000000,0.000000,0.000000,0.000000,36.860022,155.000000,80.000000,0.500000,-0.500000,0.500000,0.500000,4.167
812,28.645829,36.700022,155.000000,0.783950,0.000000,0.000000,0.000000,1.000000,404.124954,161.000000,0.783950,1.000000,0.000000,0.000000,0.000000,420.937449,149.000000,0.783950,1.000000,0.000000,0.000000,0.000000,36.700022,155.000000,80.000000,0.500000,-0.500000,0.500000,0.500000,0.000
813,28.679162,36.540022,155.000000,0.783950,0.000000,0.000000,0.000000,1.000000,404.458287,161.000000,0.783950,1.000000,0.000000,0.000000,0.000000,421.304116,149.000000,0.783950,1.000000,0.000000,0.000000,0.000000,36.540022,155.000000,80.000000,0.500000,-0.500000,0.500000,0.500000,4.167
814,28.712495,36.380022,155.000000,0.783950,0.000000,0.000000,0.000000,1.000000,404.791620,161.000000,0.783950,1.000000,0.000000,0.000000,0.000000,421.670783,149.000000,0.783950,1.000000,0.000000,0.000000,0.000000,36.380022,155.000000,80.000000,0.500000,-0.500000,0.500000,0.500000,4.167
815,28.745829,36.220022,155.000000,0.783950,0.000000,0.000000,0.000000,1.000000,405.124954,161.000000,0.783950,1.000000,0.000000,0.000000,0.000000,422.037449,149.000000,0.783950,1.000000,0.000000,0.000000,0.000000,36.220022,155.000000,80.000000,0.500000,-0.500000,0.500000,0.500000,0.000
816,28.774995,36.080022,155.000000,0.783950,0.000000,0.000000,0.000000,1.000000,405.416620,161.000000,0.783950,1.000000,0.000000,0.000000,0.000000,422.358282,149.000000,0.783950,1.000000,0.000000,0.000000,0.000000,36.080022,155.000000,80.000000,0.500000,-0.500000,0.500000,0.500000,4.167
817,28.808329,35.920022,155.000000,0.783950,0.000000,0.000000,0.000000,1.000000,405.749954,161.000000,0.783950,1.000000,0.000000,0.000000,0.000000,422.724949,149.000000,0.783950,1.000000,0.000000,0.000000,0.000000,35.920022,155.000000,80.000000,0.500000,-0.500000,0.500000,0.500000,0.000
818,28.841662,35.760022,155.000000,0.783950,0.000000,0.000000,0.000000,1.000000,406.083287,161.000000,0.783950,1.000000,0.000000,0.000000,0.000000,423.091616,149.000000,0.783950,1.000000,0.000000,0.000000,0.000000,35.760022,155.000000,80.000000,0.500000,-0.500000,0.500000,0.500000,4.167
819,28.874995,35.600022,155.000000,0.783950,0.000000,0.000000,0.000000,1.000000,406.416620,161.000000,0.783950,1.000000,0.000000,0.000000,0.000000,423.458282,149.000000,0.783950,1.000000,0.000000,0.000000,0.000000,35.600022,155.000000,80.000000,0.500000,-0.500000,0.500000,0.500000,4.167
820,28.908329,35.440022,155.000000,0.783950,0.000000,0.000000,0.000000,1.000000,406.749953,161.000000,0.783950,1.000000,0.000000,0.000000,0.000000,423.824949,149.000000,0.783950,1.000000,0.000000,0.000000,0.000000,35.440022,155.000000,80.000000,0.500000,-0.500000,0.500000,0.500000,0.000
821,28.941662,35.280022,155.000000,0.783950,0.000000,0.000000,0.000000,1.000000,407.083287,161.000000,0.783950,1.000000,0.000000,0.000000,0.000000,424.191615,149.000000,0.783950,1.000000,0.000000,0.000000,0.000000,35.280022,155.000000,80.000000,0.500000,-0.500000,0.500000,0.500000,4.167
822,28.974995,35.120022,155.000000,0.783950,0.000000,0.000000,0.000000,1.000000,407.416620,161.000000,0.783950,1.000000,0.000000,0.000000,0.000000,424.558282,149.000000,0.783950,1.000000,0.000000,0.000000,0.000000,35.120022,155.000000,80.000000,0.500000,-0.500000,0.500000,0.500000,4.167
823,29.008329,34.960022,155.000000,0.783950,0.000000,0.000000,0.000000,1.000000,407.749953,161.000000,0.783950,1.000000,0.000000,0.000000,0.000000,424.924949,149.000000,0.783950,1.000000,0.000000,0.000000,0.000000,34.960022,155.000000,80.000000,0.500000,-0.500000,0.500000,0.500000,0.000
824,29.041662,34.800022,155.000000,0.783950,0.000000,0.000000,0.000000,1.000000,408.083287,161.000000,0.783950,1.000000,0.000000,0.000000,0.000000,425.291615,149.000000,0.783950,1.000000,0.000000,0.000000,0.000000,34.800022,155.000000,80.000000,0.500000,-0.500000,0.500000,0.500000,4.167
825,29.074995,34.640022,155.000000,0.783950,0.000000,0.000000,0.000000,1.000000,408.416620,161.000000,0.783950,1.000000,0.000000,0.000000,0.000000,425.658282,149.000000,0.783950,1.000000,0.000000,0.000000,0.000000,34.640022,155.000000,80.000000,0.500000,-0.500000,0.500000,0.500000,4.167
826,29.108329,34.480022,155.000000,0.783950,0.000000,0.000000,0.000000,1.000000,408.749953,161.000000,0.783950,1.000000,0.000000,0.000000,0.000000,426.024948,149.000000,0.783950,1.000000,0.000000,0.000000,0.000000,34.480022,155.000000,80.000000,0.500000,-0.500000,0.500000,0.500000,0.000
827,29.141662,34.320023,155.000000,0.783950,0.000000,0.000000,0.000000,1.000000,409.083286,161.000000,0.783950,1.000000,0.000000,0.000000,0.000000,426.391615,149.000000,0.783950,1.000000,0.000000,0.000000,0.000000,34.320023,155.000000,80.000000,0.500000,-0.500000,0.500000,0.500000,4.167
828,29.170829,34.180023,155.000000,0.783950,0.000000,0.000000,0.000000,1.000000,409.374953,161.000000,0.783950,1.000000,0.000000,0.000000,0.000000,426.712448,149.000000,0.783950,1.000000,0.000000,0.000000,0.000000,34.180023,155.000000,80.000000,0.500000,-0.500000,0.500000,0.500000,0.000
829,29.204162,34.020023,155.000000,0.783950,0.000000,0.000000,0.000000,1.000000,409.708286,161.000000,0.783950,1.000000,0.000000,0.000000,0.000000,427.079115,149.000000,0.783950,1.000000,0.000000,0.000000,0.000000,34.020023,155.000000,80.000000,0.500000,-0.500000,0.500000,0.500000,4.167
830,29.237495,33.860023,155.000000,0.783950,0.000000,0.000000,0.000000,1.000000,410.041620,161.000000,0.783950,1.000000,0.000000,0.000000,0.000000,427.445782,149.000000,0.783950,1.000000,0.000000,0.000000,0.000000,33.860023,155.000000,80.000000,0.500000,-0.500000,0.500000,0.500000,4.167
831,29.270829,33.700023,155.000000,0.783950,0.000000,0.000000,0.000000,1.000000,410.374953,161.000000,0.783950,1.000000,0.000000,0.000000,0.000000,427.812448,149.000000,0.783950,1.000000,0.000000,0.000000,0.000000,33.700023,155.000000,80.000000,0.500000,-0.500000,0.500000,0.500000,0.000
832,29.304162,33.540023,155.000000,0.783950,0.000000,0.000000,0.000000,1.000000,410.708286,161.000000,0.783950,1.000000,0.000000,0.000000,0.000000,428.179115,149.000000,0.783950,1.000000,0.000000,0.000000,0.000000,33.540023,155.000000,80.000000,0.500000,-0.500000,0.500000,0.500000,4.167
833,29.337495,33.380023,155.000000,0.783950,0.000000,0.000000,0.000000,1.000000,411.041619,161.000000,0.783950,1.000000,0.000000,0.000000,0.000000,428.545781,149.000000,0.783950,1.000000,0.000000,0.000000,0.000000,33.380023,155.000000,80.000000,0.500000,-0.500000,0.500000,0.500000,4.167
834,29.370829,33.220023,155.000000,0.783950,0.000000,0.000000,0.000000,1.000000,411.374953,161.000000,0.783950,1.000000,0.000000,0.000000,0.000000,428.912448,149.000000,0.783950,1.000000,0.000000,0.000000,0.000000,33.220023,155.000000,80.000000,0.500000,-0.500000,0.500000,0.500000,0.000
835,29.404162,33.060023,155.000000,0.783950,0.000000,0.000000,0.000000,1.000000,411.708286,161.000000,0.783950,1.000000,0.000000,0.000000,0.000000,429.279115,149.000000,0.783950,1.000000,0.000000,0.000000,0.000000,33.060023,155.000000,80.000000,0.500000,-0.500000,0.500000,0.500000,4.167
836,29.437495,32.900023,155.000000,0.783950,0.000000,0.000000,0.000000,1.000000,412.041619,161.000000,0.783950,1.000000,0.000000,0.000000,0.000000,429.645781,149.000000,0.783950,1.000000,0.000000,0.000000,0.000000,32.900023,155.000000,80.000000,0.500000,-0.500000,0.500000,0.500000,4.167
837,29.470829,32.740023,155.000000,0.783950,0.000000,0.000000,0.000000,1.000000,412.374953,161.000000,0.783950,1.000000,0.000000,0.000000,0.000000,430.012448,149.000000,0.783950,1.000000,0.000000,0.000000,0.000000,32.740023,155.000000,80.000000,0.500000,-0.500000,0.500000,0.500000,0.000
838,29.504162,32.580023,155.000000,0.783950,0.000000,0.000000,0.000000,1.000000,412.708286,161.000000,0.783950,1.000000,0.000000,0.000000,0.000000,430.379114,149.000000,0.783950,1.000000,0.000000,0.000000,0.000000,32.580023,155.000000,80.000000,0.500000,-0.500000,0.500000,0.500000,4.167
839,29.537495,32.420023,155.000000,0.783950,0.000000,0.000000,0.000000,1.000000,413.041619,161.000000,0.783950,1.000000,0.000000,0.000000,0.000000,430.745781,149.000000,0.783950,1.000000,0.000000,0.000000,0.000000,32.420023,155.000000,80.000000,0.500000,-0.500000,0.500000,0.500000,4.167
840,29.570829,32.260023,155.000000,0.783950,0.000000,0.000000,0.000000,1.000000,413.374952,161.000000,0.783950,1.000000,0.000000,0.000000,0.000000,431.112448,149.000000,0.783950,1.000000,0.000000,0.000000,0.000000,32.260023,155.000000,80.000000,0.500000,-0.500000,0.500000,0.500000,0.000
841,29.599995,32.120023,155.000000,0.783950,0.000000,0.000000,0.000000,1.000000,413.666619,161.000000,0.783950,1.000000,0.000000,0.000000,0.000000,431.433281,149.000000,0.783950,1.000000,0.000000,0.000000,0.000000,32.120023,155.000000,80.000000,0.500000,-0.500000,0.500000,0.500000,4.167
842,29.633329,31.960023,155.000000,0.783950,0.000000,0.000000,0.000000,1.000000,413.999952,161.000000,0.783950,1.000000,0.000000,0.000000,0.000000,431.799948,149.000000,0.783950,1.000000,0.000000,0.000000,0.000000,31.960023,155.000000,80.000000,0.500000,-0.500000,0.500000,0.500000,0.000
843,29.666662,31.800023,155.000000,0.783950,0.000000,0.000000,0.000000,1.000000,414.333286,161.000000,0.783950,1.000000,0.000000,0.000000,0.000000,432.166614,149.000000,0.783950,1.000000,0.000000,0.000000,0.000000,31.800023,155.000000,80.000000,0.500000,-0.500000,0.500000,0.500000,4.167
844,29.699995,31.640023,155.000000,0.783950,0.000000,0.000000,0.000000,1.000000,414.666619,161.000000,0.783950,1.000000,0.000000,0.000000,0.000000,432.533281,149.000000,0.783950,1.000000,0.000000,0.000000,0.000000,31.640023,155.000000,80.000000,0.500000,-0.500000,0.500000,0.500000,4.167
845,29.733329,31.480023,155.000000,0.783950,0.000000,0.000000,0.000000,1.000000,414.999952,161.000000,0.783950,1.000000,0.000000,0.000000,0.000000,432.899947,149.000000,0.783950,1.000000,0.000000,0.000000,0.000000,31.480023,155.000000,80.000000,0.500000,-0.500000,0.500000,0.500000,0.000
846,29.766662,31.320023,155.000000,0.783950,0.000000,0.000000,0.000000,1.000000,415.333285,161.000000,0.783950,1.000000,0.000000,0.000000,0.000000,433.266614,149.000000,0.783950,1.000000,0.000000,0.000000,0.000000,31.320023,155.000000,80.000000,0.500000,-0.500000,0.500000,0.500000,4.167
847,29.799995,31.160023,155.000000,0.783950,0.000000,0.000000,0.000000,1.000000,415.666619,161.000000,0.783950,1.000000,0.000000,0.000000,0.000000,433.633281,149.000000,0.783950,1.000000,0.000000,0.000000,0.000000,31.160023,155.000000,80.000000,0.500000,-0.500000,0.500000,0.500000,4.167
848,29.833329,31.000023,155.000000,0.783950,0.000000,0.000000,0.000000,1.000000,415.999952,161.000000,0.783950,1.000000,0.000000,0.000000,0.000000,433.999947,149.000000,0.783950,1.000000,0.000000,0.000000,0.000000,31.000023,155.000000,80.000000,0.500000,-0.500000,0.500000,0.500000,0.000
849,29.866662,30.840023,155.000000,0.783950,0.000000,0.000000,0.000000,1.000000,416.333285,161.000000,0.783950,1.000000,0.000000,0.000000,0.000000,434.366614,149.000000,0.783950,1.000000,0.000000,0.000000,0.000000,30.840023,155.000000,80.000000,0.500000,-0.500000,0.500000,0.500000,4.167
850,29.899995,30.680023,155.000000,0.783950,0.000000,0.000000,0.000000,1.000000,416.666619,161.000000,0.783950,1.000000,0.000000,0.000000,0.000000,434.733280,149.000000,0.783950,1.000000,0.000000,0.000000,0.000000,30.680023,155.000000,80.000000,0.500000,-0.500000,0.500000,0.500000,4.167
851,29.933329,30.520023,155.000000,0.783950,0.000000,0.000000,0.000000,1.000000,416.999952,161.000000,0.783950,1.000000,0.000000,0.000000,0.000000,435.099947,149.000000,0.783950,1.000000,0.000000,0.000000,0.000000,30.520023,155.000000,80.000000,0.500000,-0.500000,0.500000,0.500000,0.000
852,29.966662,30.360023,155.000000,0.783950,0.000000,0.000000,0.000000,1.000000,417.333285,161.000000,0.783950,1.000000,0.000000,0.000000,0.000000,435.466614,149.000000,0.783950,1.000000,0.000000,0.000000,0.000000,30.360023,155.000000,80.000000,0.500000,-0.500000,0.500000,0.500000,4.167
853,29.995829,30.220023,155.000000,0.783950,0.000000,0.000000,0.000000,1.000000,417.624952,161.000000,0.783950,1.000000,0.000000,0.000000,0.000000,435.787447,149.000000,0.783950,1.000000,0.000000,0.000000,0.000000,30.220023,155.000000,80.000000,0.500000,-0.500000,0.500000,0.500000,0.000
854,30.029162,30.060023,155.000000,0.783950,0.000000,0.000000,0.000000,1.000000,417.958285,161.000000,0.783950,1.000000,0.000000,0.000000,0.000000,436.154114,149.000000,0.783950,1.000000,0.000000,0.000000,0.000000,30.060023,155.000000,80.000000,0.500000,-0.500000,0.500000,0.500000,4.167
855,30.062495,29.900023,155.000000,0.783950,0.000000,0.000000,0.000000,1.000000,418.291618,161.000000,0.783950,1.000000,0.000000,0.000000,0.000000,436.520780,149.000000,0.783950,1.000000,0.000000,0.000000,0.000000,29.900023,155.000000,80.000000,0.500000,-0.500000,0.500000,0.500000,4.167
856,30.095829,29.740023,155.000000,0.783950,0.000000,0.000000,0.000000,1.000000,418.624952,161.000000,0.783950,1.000000,0.000000,0.000000,0.000000,436.887447,149.000000,0.783950,1.000000,0.000000,0.000000,0.000000,29.740023,155.000000,80.000000,0.500000,-0.500000,0.500000,0.500000,0.000
857,30.129162,29.580023,155.000000,0.783950,0.000000,0.000000,0.000000,1.000000,418.958285,161.000000,0.783950,1.000000,0.000000,0.000000,0.000000,437.254113,149.000000,0.783950,1.000000,0.000000,0.000000,0.000000,29.580023,155.000000,80.000000,0.500000,-0.500000,0.500000,0.500000,4.167
858,30.162495,29.420023,155.000000,0.783950,0.000000,0.000000,0.000000,1.000000,419.291618,161.000000,0.783950,1.000000,0.000000,0.000000,0.000000,437.620780,149.000000,0.783950,1.000000,0.000000,0.000000,0.000000,29.420023,155.000000,80.000000,0.500000,-0.500000,0.500000,0.500000,4.167
859,30.195829,29.260023,155.000000,0.783950,0.000000,0.000000,0.000000,1.000000,419.624951,161.000000,0.783950,1.000000,0.000000,0.000000,0.000000,437.987447,149.000000,0.783950,1.000000,0.000000,0.000000,0.000000,29.260023,155.000000,80.000000,0.500000,-0.500000,0.500000,0.500000,0.000
860,30.229162,29.100023,155.000000,0.783950,0.000000,0.000000,0.000000,1.000000,419.958285,161.000000,0.783950,1.000000,0.000000,0.000000,0.000000,438.354113,149.000000,0.783950,1.000000,0.000000,0.000000,0.000000,29.100023,155.000000,80.000000,0.500000,-0.500000,0.500000,0.500000,4.167
861,30.262495,28.940023,155.000000,0.783950,0.000000,0.000000,0.000000,1.000000,420.291618,161.000000,0.783950,1.000000,0.000000,0.000000,0.000000,438.720780,149.000000,0.783950,1.000000,0.000000,0.000000,0.000000,28.940023,155.000000,80.000000,0.500000,-0.500000,0.500000,0.500000,4.167
862,30.295828,28.780023,155.000000,0.783950,0.000000,0.000000,0.000000,1.000000,420.624951,161.000000,0.783950,1.000000,0.000000,0.000000,0.000000,439.087446,149.000000,0.783950,1.000000,0.000000,0.000000,0.000000,28.780023,155.000000,80.000000,0.500000,-0.500000,0.500000,0.500000,0.000
863,30.329162,28.620023,155.000000,0.783950,0.000000,0.000000,0.000000,1.000000,420.958285,161.000000,0.783950,1.000000,0.000000,0.000000,0.000000,439.454113,149.000000,0.783950,1.000000,0.000000,0.000000,0.000000,28.620023,155.000000,80.000000,0.500000,-0.500000,0.500000,0.500000,4.167
864,30.362495,28.460023,155.000000,0.783950,0.000000,0.000000,0.000000,1.000000,421.291618,161.000000,0.783950,1.000000,0.000000,0.000000,0.000000,439.820780,149.000000,0.783950,1.000000,0.000000,0.000000,0.000000,28.460023,155.000000,80.000000,0.500000,-0.500000,0.500000,0.500000,4.167
865,30.395828,28.300023,155.000000,0.783950,0.000000,0.000000,0.000000,1.000000,421.624951,161.000000,0.783950,1.000000,0.000000,0.000000,0.000000,440.187446,149.000000,0.783950,1.000000,0.000000,0.000000,0.000000,28.300023,155.000000,80.000000,0.500000,-0.500000,0.500000,0.500000,0.000
866,30.424995,28.160023,155.000000,0.783950,0.000000,0.000000,0.000000,1.000000,421.916618,161.000000,0.783950,1.000000,0.000000,0.000000,0.000000,440.508279,149.000000,0.783950,1.000000,0.000000,0.000000,0.000000,28.160023,155.000000,80.000000,0.500000,-0.500000,0.500000,0.500000,4.167
867,30.458328,28.000024,155.000000,0.783950,0.000000,0.000000,0.000000,1.000000,422.249951,161.000000,0.783950,1.000000,0.000000,0.000000,0.000000,440.874946,149.000000,0.783950,1.000000,0.000000,0.000000,0.000000,28.000024,155.000000,80.000000,0.500000,-0.500000,0.500000,0.500000,0.000
868,30.491662,27.840024,155.000000,0.783950,0.000000,0.000000,0.000000,1.000000,422.583284,161.000000,0.783950,1.000000,0.000000,0.000000,0.000000,441.241613,149.000000,0.783950,1.000000,0.000000,0.000000,0.000000,27.840024,155.000000,80.000000,0.500000,-0.500000,0.500000,0.500000,4.167
869,30.524995,27.680024,155.000000,0.783950,0.000000,0.000000,0.000000,1.000000,422.916618,161.000000,0.783950,1.000000,0.000000,0.000000,0.000000,441.608279,149.000000,0.783950,1.000000,0.000000,0.000000,0.000000,27.680024,155.000000,80.000000,0.500000,-0.500000,0.500000,0.500000,4.167
870,30.558328,27.520024,155.000000,0.783950,0.000000,0.000000,0.000000,1.000000,423.249951,161.000000,0.783950,1.000000,0.000000,0.000000,0.000000,441.974946,149.000000,0.783950,1.000000,0.000000,0.000000,0.000000,27.520024,155.000000,80.000000,0.500000,-0.500000,0.500000,0.500000,0.000
871,30.591662,27.360024,155.000000,0.783950,0.000000,0.000000,0.000000,1.000000,423.583284,161.000000,0.783950,1.000000,0.000000,0.000000,0.000000,442.341613,149.000000,0.783950,1.000000,0.000000,0.000000,0.000000,27.360024,155.000000,80.000000,0.500000,-0.500000,0.500000,0.500000,4.167
872,30.624995,27.200024,155.000000,0.783950,0.000000,0.000000,0.000000,1.000000,423.916617,161.000000,0.783950,1.000000,0.000000,0.000000,0.000000,442.708279,149.000000,0.783950,1.000000,0.000000,0.000000,0.000000,27.200024,155.000000,80.000000,0.500000,-0.500000,0.500000,0.500000,4.167
873,30.658328,27.040024,155.000000,0.783950,0.000000,0.000000,0.000000,1.000000,424.249951,161.000000,0.783950,1.000000,0.000000,0.000000,0.000000,443.074946,149.000000,0.783950,1.000000,0.000000,0.000000,0.000000,27.040024,155.000000,80.000000,0.500000,-0.500000,0.500000,0.500000,0.000
874,30.691662,26.880024,155.000000,0.783950,0.000000,0.000000,0.000000,1.000000,424.583284,161.000000,0.783950,1.000000,0.000000,0.000000,0.000000,443.441612,149.000000,0.783950,1.000000,0.000000,0.000000,0.000000,26.880024,155.000000,80.000000,0.500000,-0.500000,0.500000,0.500000,4.167
875,30.724995,26.720024,155.000000,0.783950,0.000000,0.000000,0.000000,1.000000,424.916617,161.000000,0.783950,1.000000,0.000000,0.000000,0.000000,443.808279,149.000000,0.783950,1.000000,0.000000,0.000000,0.000000,26.720024,155.000000,80.000000,0.500000,-0.500000,0.500000,0.500000,4.167
876,30.758328,26.560024,155.000000,0.783950,0.000000,0.000000,0.000000,1.000000,425.249951,161.000000,0.783950,1.000000,0.000000,0.000000,0.000000,444.174946,149.000000,0.783950,1.000000,0.000000,0.000000,0.000000,26.560024,155.000000,80.000000,0.500000,-0.500000,0.500000,0.500000,0.000
877,30.791662,26.400024,155.000000,0.783950,0.000000,0.000000,0.000000,1.000000,425.583284,161.000000,0.783950,1.000000,0.000000,0.000000,0.000000,444.541612,149.000000,0.783950,1.000000,0.000000,0.000000,0.000000,26.400024,155.000000,80.000000,0.500000,-0.500000,0.500000,0.500000,4.167
878,30.820828,26.260024,155.000000,0.783950,0.000000,0.000000,0.000000,1.000000,425.874950,161.000000,0.783950,1.000000,0.000000,0.000000,0.000000,444.862445,149.000000,0.783950,1.000000,0.000000,0.000000,0.000000,26.260024,155.000000,80.000000,0.500000,-0.500000,0.500000,0.500000,0.000
879,30.854162,26.100024,155.000000,0.783950,0.000000,0.000000,0.000000,1.000000,426.208284,161.000000,0.783950,1.000000,0.000000,0.000000,0.000000,445.229112,149.000000,0.783950,1.000000,0.000000,0.000000,0.000000,26.100024,155.000000,80.000000,0.500000,-0.500000,0.500000,0.500000,4.167
880,30.887495,25.940024,155.000000,0.783950,0.000000,0.000000,0.000000,1.000000,426.541617,161.000000,0.783950,1.000000,0.000000,0.000000,0.000000,445.595779,149.000000,0.783950,1.000000,0.000000,0.000000,0.000000,25.940024,155.000000,80.000000,0.500000,-0.500000,0.500000,0.500000,4.167
881,30.920828,25.780024,155.000000,0.783950,0.000000,0.000000,0.000000,1.000000,426.874950,161.000000,0.783950,1.000000,0.000000,0.000000,0.000000,445.962445,149.000000,0.783950,1.000000,0.000000,0.000000,0.000000,25.780024,155.000000,80.000000,0.500000,-0.500000,0.500000,0.500000,0.000
882,30.954162,25.620024,155.000000,0.783950,0.000000,0.000000,0.000000,1.000000,427.208284,161.000000,0.783950,1.000000,0.000000,0.000000,0.000000,446.329112,149.000000,0.783950,1.000000,0.000000,0.000000,0.000000,25.620024,155.000000,80.000000,0.500000,-0.500000,0.500000,0.500000,4.167
883,30.987495,25.460024,155.000000,0.783950,0.000000,0.000000,0.000000,1.000000,427.541617,161.000000,0.783950,1.000000,0.000000,0.000000,0.000000,446.695779,149.000000,0.783950,1.000000,0.000000,0.000000,0.000000,25.460024,155.000000,80.000000,0.500000,-0.500000,0.500000,0.500000,4.167
884,31.020828,25.300024,155.000000,0.783950,0.000000,0.000000,0.000000,1.000000,427.874950,161.000000,0.783950,1.000000,0.000000,0.000000,0.000000,447.062445,149.000000,0.783950,1.000000,0.000000,0.000000,0.000000,25.300024,155.000000,80.000000,0.500000,-0.500000,0.500000,0.500000,0.000
885,31.054162,25.140024,155.000000,0.783950,0.000000,0.000000,0.000000,1.000000,428.208283,161.000000,0.783950,1.000000,0.000000,0.000000,0.000000,447.429112,149.000000,0.783950,1.000000,0.000000,0.000000,0.000000,25.140024,155.000000,80.000000,0.500000,-0.500000,0.500000,0.500000,4.167
886,31.087495,24.980024,155.000000,0.783950,0.000000,0.000000,0.000000,1.000000,428.541617,161.000000,0.783950,1.000000,0.000000,0.000000,0.000000,447.795778,149.000000,0.783950,1.000000,0.000000,0.000000,0.000000,24.980024,155.000000,80.000000,0.500000,-0.500000,0.500000,0.500000,4.167
887,31.120828,24.820024,155.000000,0.783950,0.000000,0.000000,0.000000,1.000000,428.874950,161.000000,0.783950,1.000000,0.000000,0.000000,0.000000,448.162445,149.000000,0.783950,1.000000,0.000000,0.000000,0.000000,24.820024,155.000000,80.000000,0.500000,-0.500000,0.500000,0.500000,0.000
888,31.154162,24.660024,155.000000,0.783950,0.000000,0.000000,0.000000,1.000000,429.208283,161.000000,0.783950,1.000000,0.000000,0.000000,0.000000,448.529112,149.000000,0.783950,1.000000,0.000000,0.000000,0.000000,24.660024,155.000000,80.000000,0.500000,-0.500000,0.500000,0.500000,4.167
889,31.187495,24.500024,155.000000,0.783950,0.000000,0.000000,0.000000,1.000000,429.541616,161.000000,0.783950,1.000000,0.000000,0.000000,0.000000,448.895778,149.000000,0.783950,1.000000,0.000000,0.000000,0.000000,24.500024,155.000000,80.000000,0.500000,-0.500000,0.500000,0.500000,4.167
890,31.220828,24.340024,155.000000,0.783950,0.000000,0.000000,0.000000,1.000000,429.874950,161.000000,0.783950,1.000000,0.000000,0.000000,0.000000,449.262445,149.000000,0.783950,1.000000,0.000000,0.000000,0.000000,24.340024,155.000000,80.000000,0.500000,-0.500000,0.500000,0.500000,0.000
891,31.249995,24.200024,155.000000,0.783950,0.000000,0.000000,0.000000,1.000000,430.166616,161.000000,0.783950,1.000000,0.000000,0.000000,0.000000,449.583278,149.000000,0.783950,1.000000,0.000000,0.000000,0.000000,24.200024,155.000000,80.000000,0.500000,-0.500000,0.500000,0.500000,4.167
892,31.283328,24.040024,155.000000,0.783950,0.000000,0.000000,0.000000,1.000000,430.499950,161.000000,0.783950,1.000000,0.000000,0.000000,0.000000,449.949945,149.000000,0.783950,1.000000,0.000000,0.000000,0.000000,24.040024,155.000000,80.000000,0.500000,-0.500000,0.500000,0.500000,0.000
893,31.316662,23.880024,155.000000,0.783950,0.000000,0.000000,0.000000,1.000000,430.833283,161.000000,0.783950,1.000000,0.000000,0.000000,0.000000,450.316611,149.000000,0.783950,1.000000,0.000000,0.000000,0.000000,23.880024,155.000000,80.000000,0.500000,-0.500000,0.500000,0.500000,4.167
894,31.349995,23.720024,155.000000,0.783950,0.000000,0.000000,0.000000,1.000000,431.166616,161.000000,0.783950,1.000000,0.000000,0.000000,0.000000,450.683278,149.000000,0.783950,1.000000,0.000000,0.000000,0.000000,23.720024,155.000000,80.000000,0.500000,-0.500000,0.500000,0.500000,4.167
895,31.383328,23.560024,155.000000,0.783950,0.000000,0.000000,0.000000,1.000000,431.499950,161.000000,0.783950,1.000000,0.000000,0.000000,0.000000,451.049944,149.000000,0.783950,1.000000,0.000000,0.000000,0.000000,23.560024,155.000000,80.000000,0.500000,-0.500000,0.500000,0.500000,0.000
896,31.416662,23.400024,155.000000,0.783950,0.000000,0.000000,0.000000,1.000000,431.833283,161.000000,0.783950,1.000000,0.000000,0.000000,0.000000,451.416611,149.000000,0.783950,1.000000,0.000000,0.000000,0.000000,23.400024,155.000000,80.000000,0.500000,-0.500000,0.500000,0.500000,4.167
897,31.449995,23.240024,155.000000,0.783950,0.000000,0.000000,0.000000,1.000000,432.166616,161.000000,0.783950,1.000000,0.000000,0.000000,0.000000,451.783278,149.000000,0.783950,1.000000,0.000000,0.000000,0.000000,23.240024,155.000000,80.000000,0.500000,-0.500000,0.500000,0.500000,4.167
898,31.483328,23.080024,155.000000,0.783950,0.000000,0.000000,0.000000,1.000000,432.499949,161.000000,0.783950,1.000000,0.000000,0.000000,0.000000,452.149944,149.000000,0.783950,1.000000,0.000000,0.000000,0.000000,23.080024,155.000000,80.000000,0.500000,-0.500000,0.500000,0.500000,0.000
899,31.516662,22.920024,155.000000,0.783950,0.000000,0.000000,0.000000,1.000000,432.833283,161.000000,0.783950,1.000000,0.000000,0.000000,0.000000,452.516611,149.000000,0.783950,1.000000,0.000000,0.000000,0.000000,22.920024,155.000000,80.000000,0.500000,-0.500000,0.500000,0.500000,4.167
900,31.549995,22.760024,155.000000,0.783950,0.000000,0.000000,0.000000,1.000000,433.166616,161.000000,0.783950,1.000000,0.000000,0.000000,0.000000,452.883278,149.000000,0.783950,1.000000,0.000000,0.000000,0.000000,22.760024,155.000000,80.000000,0.500000,-0.500000,0.500000,0.500000,4.167
901,31.583328,22.600024,155.000000,0.783950,0.000000,0.000000,0.000000,1.000000,433.499949,161.000000,0.783950,1.000000,0.000000,0.000000,0.000000,453.249944,149.000000,0.783950,1.000000,0.000000,0.000000,0.000000,22.600024,155.000000,80.000000,0.500000,-0.500000,0.500000,0.500000,0.000
902,31.616662,22.440024,155.000000,0.783950,0.000000,0.000000,0.000000,1.000000,433.833282,161.000000,0.783950,1.000000,0.000000,0.000000,0.000000,453.616611,149.000000,0.783950,1.000000,0.000000,0.000000,0.000000,22.440024,155.000000,80.000000,0.500000,-0.500000,0.500000,0.500000,4.167
903,31.645828,22.300024,155.000000,0.783950,0.000000,0.000000,0.000000,1.000000,434.124949,161.000000,0.783950,1.000000,0.000000,0.000000,0.000000,453.937444,149.000000,0.783950,1.000000,0.000000,0.000000,0.000000,22.300024,155.000000,80.000000,0.500000,-0.500000,0.500000,0.500000,0.000
904,31.679162,22.140024,155.000000,0.783950,0.000000,0.000000,0.000000,1.000000,434.458282,161.000000,0.783950,1.000000,0.000000,0.000000,0.000000,454.304111,149.000000,0.783950,1.000000,0.000000,0.000000,0.000000,22.140024,155.000000,80.000000,0.500000,-0.500000,0.500000,0.500000,4.167
905,31.712495,21.980024,155.000000,0.783950,0.000000,0.000000,0.000000,1.000000,434.791616,161.000000,0.783950,1.000000,0.000000,0.000000,0.000000,454.670777,149.000000,0.783950,1.000000,0.000000,0.000000,0.000000,21.980024,155.000000,80.000000,0.500000,-0.500000,0.500000,0.500000,4.167
906,31.745828,21.820025,155.000000,0.783950,0.000000,0.000000,0.000000,1.000000,435.124949,161.000000,0.783950,1.000000,0.000000,0.000000,0.000000,455.037444,149.000000,0.783950,1.000000,0.000000,0.000000,0.000000,21.820025,155.000000,80.000000,0.500000,-0.500000,0.500000,0.500000,0.000
907,31.779162,21.660025,155.000000,0.783950,0.000000,0.000000,0.000000,1.000000,435.458282,161.000000,0.783950,1.000000,0.000000,0.000000,0.000000,455.404110,149.000000,0.783950,1.000000,0.000000,0.000000,0.000000,21.660025,155.000000,80.000000,0.500000,-0.500000,0.500000,0.500000,4.167
908,31.812495,21.500025,155.000000,0.783950,0.000000,0.000000,0.000000,1.000000,435.791615,161.000000,0.783950,1.000000,0.000000,0.000000,0.000000,455.770777,149.000000,0.783950,1.000000,0.000000,0.000000,0.000000,21.500025,155.000000,80.000000,0.500000,-0.500000,0.500000,0.500000,4.167
909,31.845828,21.340025,155.000000,0.783950,0.000000,0.000000,0.000000,1.000000,436.124949,161.000000,0.783950,1.000000,0.000000,0.000000,0.000000,456.137444,149.000000,0.783950,1.000000,0.000000,0.000000,0.000000,21.340025,155.000000,80.000000,0.500000,-0.500000,0.500000,0.500000,0.000
910,31.879162,21.180025,155.000000,0.783950,0.000000,0.000000,0.000000,1.000000,436.458282,161.000000,0.783950,1.000000,0.000000,0.000000,0.000000,456.504110,149.000000,0.783950,1.000000,0.000000,0.000000,0.000000,21.180025,155.000000,80.000000,0.500000,-0.500000,0.500000,0.500000,4.167
911,31.912495,21.020025,155.000000,0.783950,0.000000,0.000000,0.000000,1.000000,436.791615,161.000000,0.783950,1.000000,0.000000,0.000000,0.000000,456.870777,149.000000,0.783950,1.000000,0.000000,0.000000,0.000000,21.020025,155.000000,80.000000,0.500000,-0.500000,0.500000,0.500000,4.167
912,31.945828,20.860025,155.000000,0.783950,0.000000,0.000000,0.000000,1.000000,437.124949,161.000000,0.783950,1.000000,0.000000,0.000000,0.000000,457.237443,149.000000,0.783950,1.000000,0.000000,0.000000,0.000000,20.860025,155.000000,80.000000,0.500000,-0.500000,0.500000,0.500000,0.000
913,31.979162,20.700025,155.000000,0.783950,0.000000,0.000000,0.000000,1.000000,437.458282,161.000000,0.783950,1.000000,0.000000,0.000000,0.000000,457.604110,149.000000,0.783950,1.000000,0.000000,0.000000,0.000000,20.700025,155.000000,80.000000,0.500000,-0.500000,0.500000,0.500000,4.167
914,32.012495,20.540025,155.000000,0.783950,0.000000,0.000000,0.000000,1.000000,437.791615,161.000000,0.783950,1.000000,0.000000,0.000000,0.000000,457.970777,149.000000,0.783950,1.000000,0.000000,0.000000,0.000000,20.540025,155.000000,80.000000,0.500000,-0.500000,0.500000,0.500000,4.167
915,32.045828,20.380025,155.000000,0.783950,0.000000,0.000000,0.000000,1.000000,438.124948,161.000000,0.783950,1.000000,0.000000,0.000000,0.000000,458.337443,149.000000,0.783950,1.000000,0.000000,0.000000,0.000000,20.380025,155.000000,80.000000,0.500000,-0.500000,0.500000,0.500000,0.000
916,32.074995,20.240025,155.000000,0.783950,0.000000,0.000000,0.000000,1.000000,438.416615,161.000000,0.783950,1.000000,0.000000,0.000000,0.000000,458.658277,149.000000,0.783950,1.000000,0.000000,0.000000,0.000000,20.240025,155.000000,80.000000,0.500000,-0.500000,0.500000,0.500000,4.167
917,32.108328,20.080025,155.000000,0.783950,0.000000,0.000000,0.000000,1.000000,438.749948,161.000000,0.783950,1.000000,0.000000,0.000000,0.000000,459.024943,149.000000,0.783950,1.000000,0.000000,0.000000,0.000000,20.080025,155.000000,80.000000,0.500000,-0.500000,0.500000,0.500000,0.000
918,32.141662,19.920025,155.000000,0.783950,0.000000,0.000000,0.000000,1.000000,439.083282,161.000000,0.783950,1.000000,0.000000,0.000000,0.000000,459.391610,149.000000,0.783950,1.000000,0.000000,0.000000,0.000000,19.920025,155.000000,80.000000,0.500000,-0.500000,0.500000,0.500000,4.167
919,32.174995,19.760025,155.000000,0.783950,0.000000,0.000000,0.000000,1.000000,439.416615,161.000000,0.783950,1.000000,0.000000,0.000000,0.000000,459.758276,149.000000,0.783950,1.000000,0.000000,0.000000,0.000000,19.760025,155.000000,80.000000,0.500000,-0.500000,0.500000,0.500000,4.167
920,32.208328,19.600025,155.000000,0.783950,0.000000,0.000000,0.000000,1.000000,439.749948,161.000000,0.783950,1.000000,0.000000,0.000000,0.000000,460.124943,149.000000,0.783950,1.000000,0.000000,0.000000,0.000000,19.600025,155.000000,80.000000,0.500000,-0.500000,0.500000,0.500000,0.000
921,32.241662,19.440025,155.000000,0.783950,0.000000,0.000000,0.000000,1.000000,440.083281,161.000000,0.783950,1.000000,0.000000,0.000000,0.000000,460.491610,149.000000,0.783950,1.000000,0.000000,0.000000,0.000000,19.440025,155.000000,80.000000,0.500000,-0.500000,0.500000,0.500000,4.167
922,32.274995,19.280025,155.000000,0.783950,0.000000,0.000000,0.000000,1.000000,440.416615,161.000000,0.783950,1.000000,0.000000,0.000000,0.000000,460.858276,149.000000,0.783950,1.000000,0.000000,0.000000,0.000000,19.280025,155.000000,80.000000,0.500000,-0.500000,0.500000,0.500000,4.167
923,32.308328,19.120025,155.000000,0.783950,0.000000,0.000000,0.000000,1.000000,440.749948,161.000000,0.783950,1.000000,0.000000,0.000000,0.000000,461.224943,149.000000,0.783950,1.000000,0.000000,0.000000,0.000000,19.120025,155.000000,80.000000,0.500000,-0.500000,0.500000,0.500000,0.000
924,32.341661,18.960025,155.000000,0.783950,0.000000,0.000000,0.000000,1.000000,441.083281,161.000000,0.783950,1.000000,0.000000,0.000000,0.000000,461.591609,149.000000,0.783950,1.000000,0.000000,0.000000,0.000000,18.960025,155.000000,80.000000,0.500000,-0.500000,0.500000,0.500000,4.167
925,32.374995,18.800025,155.000000,0.783950,0.000000,0.000000,0.000000,1.000000,441.416615,161.000000,0.783950,1.000000,0.000000,0.000000,0.000000,461.958276,149.000000,0.783950,1.000000,0.000000,0.000000,0.000000,18.800025,155.000000,80.000000,0.500000,-0.500000,0.500000,0.500000,4.167
926,32.408328,18.640025,155.000000,0.783950,0.000000,0.000000,0.000000,1.000000,441.749948,161.000000,0.783950,1.000000,0.000000,0.000000,0.000000,462.324943,149.000000,0.783950,1.000000,0.000000,0.000000,0.000000,18.640025,155.000000,80.000000,0.500000,-0.500000,0.500000,0.500000,0.000
927,32.441661,18.480025,155.000000,0.783950,0.000000,0.000000,0.000000,1.000000,442.083281,161.000000,0.783950,1.000000,0.000000,0.000000,0.000000,462.691609,149.000000,0.783950,1.000000,0.000000,0.000000,0.000000,18.480025,155.000000,80.000000,0.500000,-0.500000,0.500000,0.500000,4.167
928,32.470828,18.340025,155.000000,0.783950,0.000000,0.000000,0.000000,1.000000,442.374948,161.000000,0.783950,1.000000,0.000000,0.000000,0.000000,463.012443,149.000000,0.783950,1.000000,0.000000,0.000000,0.000000,18.340025,155.000000,80.000000,0.500000,-0.500000,0.500000,0.500000,0.000
929,32.504161,18.180025,155.000000,0.783950,0.000000,0.000000,0.000000,1.000000,442.708281,161.000000,0.783950,1.000000,0.000000,0.000000,0.000000,463.379109,149.000000,0.783950,1.000000,0.000000,0.000000,0.000000,18.180025,155.000000,80.000000,0.500000,-0.500000,0.500000,0.500000,4.167
930,32.537495,18.020025,155.000000,0.783950,0.000000,0.000000,0.000000,1.000000,443.041614,161.000000,0.783950,1.000000,0.000000,0.000000,0.000000,463.745776,149.000000,0.783950,1.000000,0.000000,0.000000,0.000000,18.020025,155.000000,80.000000,0.500000,-0.500000,0.500000,0.500000,4.167
931,32.570828,17.860025,155.000000,0.783950,0.000000,0.000000,0.000000,1.000000,443.374948,161.000000,0.783950,1.000000,0.000000,0.000000,0.000000,464.112442,149.000000,0.783950,1.000000,0.000000,0.000000,0.000000,17.860025,155.000000,80.000000,0.500000,-0.500000,0.500000,0.500000,0.000
932,32.604161,17.700025,155.000000,0.783950,0.000000,0.000000,0.000000,1.000000,443.708281,161.000000,0.783950,1.000000,0.000000,0.000000,0.000000,464.479109,149.000000,0.783950,1.000000,0.000000,0.000000,0.000000,17.700025,155.000000,80.000000,0.500000,-0.500000,0.500000,0.500000,4.167
933,32.637495,17.540025,155.000000,0.783950,0.000000,0.000000,0.000000,1.000000,444.041614,161.000000,0.783950,1.000000,0.000000,0.000000,0.000000,464.845776,149.000000,0.783950,1.000000,0.000000,0.000000,0.000000,17.540025,155.000000,80.000000,0.500000,-0.500000,0.500000,0.500000,4.167
934,32.670828,17.380025,155.000000,0.783950,0.000000,0.000000,0.000000,1.000000,444.374947,161.000000,0.783950,1.000000,0.000000,0.000000,0.000000,465.212442,149.000000,0.783950,1.000000,0.000000,0.000000,0.000000,17.380025,155.000000,80.000000,0.500000,-0.500000,0.500000,0.500000,0.000
935,32.704161,17.220025,155.000000,0.783950,0.000000,0.000000,0.000000,1.000000,444.708281,161.000000,0.783950,1.000000,0.000000,0.000000,0.000000,465.579109,149.000000,0.783950,1.000000,0.000000,0.000000,0.000000,17.220025,155.000000,80.000000,0.500000,-0.500000,0.500000,0.500000,4.167
936,32.737495,17.060025,155.000000,0.783950,0.000000,0.000000,0.000000,1.000000,445.041614,161.000000,0.783950,1.000000,0.000000,0.000000,0.000000,465.945775,149.000000,0.783950,1.000000,0.000000,0.000000,0.000000,17.060025,155.000000,80.000000,0.500000,-0.500000,0.500000,0.500000,4.167
937,32.770828,16.900025,155.000000,0.783950,0.000000,0.000000,0.000000,1.000000,445.374947,161.000000,0.783950,1.000000,0.000000,0.000000,0.000000,466.312442,149.000000,0.783950,1.000000,0.000000,0.000000,0.000000,16.900025,155.000000,80.000000,0.500000,-0.500000,0.500000,0.500000,0.000
938,32.804161,16.740025,155.000000,0.783950,0.000000,0.000000,0.000000,1.000000,445.708281,161.000000,0.783950,1.000000,0.000000,0.000000,0.000000,466.679109,149.000000,0.783950,1.000000,0.000000,0.000000,0.000000,16.740025,155.000000,80.000000,0.500000,-0.500000,0.500000,0.500000,4.167
939,32.837495,16.580025,155.000000,0.783950,0.000000,0.000000,0.000000,1.000000,446.041614,161.000000,0.783950,1.000000,0.000000,0.000000,0.000000,467.045775,149.000000,0.783950,1.000000,0.000000,0.000000,0.000000,16.580025,155.000000,80.000000,0.500000,-0.500000,0.500000,0.500000,4.167
940,32.870828,16.420025,155.000000,0.783950,0.000000,0.000000,0.000000,1.000000,446.374947,161.000000,0.783950,1.000000,0.000000,0.000000,0.000000,467.412442,149.000000,0.783950,1.000000,0.000000,0.000000,0.000000,16.420025,155.000000,80.000000,0.500000,-0.500000,0.500000,0.500000,0.000
941,32.899995,16.280025,155.000000,0.783950,0.000000,0.000000,0.000000,1.000000,446.666614,161.000000,0.783950,1.000000,0.000000,0.000000,0.000000,467.733275,149.000000,0.783950,1.000000,0.000000,0.000000,0.000000,16.280025,155.000000,80.000000,0.500000,-0.500000,0.500000,0.500000,4.167
942,32.933328,16.120025,155.000000,0.783950,0.000000,0.000000,0.000000,1.000000,446.999947,161.000000,0.783950,1.000000,0.000000,0.000000,0.000000,468.099942,149.000000,0.783950,1.000000,0.000000,0.000000,0.000000,16.120025,155.000000,80.000000,0.500000,-0.500000,0.500000,0.500000,0.000
943,32.966661,15.960025,155.000000,0.783950,0.000000,0.000000,0.000000,1.000000,447.333280,161.000000,0.783950,1.000000,0.000000,0.000000,0.000000,468.466608,149.000000,0.783950,1.000000,0.000000,0.000000,0.000000,15.960025,155.000000,80.000000,0.500000,-0.500000,0.500000,0.500000,4.167
944,32.999995,15.800025,155.000000,0.783950,0.000000,0.000000,0.000000,1.000000,447.666614,161.000000,0.783950,1.000000,0.000000,0.000000,0.000000,468.833275,149.000000,0.783950,1.000000,0.000000,0.000000,0.000000,15.800025,155.000000,80.000000,0.500000,-0.500000,0.500000,0.500000,4.167
945,33.033328,15.640025,155.000000,0.783950,0.000000,0.000000,0.000000,1.000000,447.999947,161.000000,0.783950,1.000000,0.000000,0.000000,0.000000,469.199942,149.000000,0.783950,1.000000,0.000000,0.000000,0.000000,15.640025,155.000000,80.000000,0.500000,-0.500000,0.500000,0.500000,0.000
946,33.066661,15.480026,155.000000,0.783950,0.000000,0.000000,0.000000,1.000000,448.333280,161.000000,0.783950,1.000000,0.000000,0.000000,0.000000,469.566608,149.000000,0.783950,1.000000,0.000000,0.000000,0.000000,15.480026,155.000000,80.000000,0.500000,-0.500000,0.500000,0.500000,4.167
947,33.099995,15.320026,155.000000,0.783950,0.000000,0.000000,0.000000,1.000000,448.666613,161.000000,0.783950,1.000000,0.000000,0.000000,0.000000,469.933275,149.000000,0.783950,1.000000,0.000000,0.000000,0.000000,15.320026,155.000000,80.000000,0.500000,-0.500000,0.500000,0.500000,4.167
948,33.133328,15.160026,155.000000,0.783950,0.000000,0.000000,0.000000,1.000000,448.999947,161.000000,0.783950,1.000000,0.000000,0.000000,0.000000,470.299941,149.000000,0.783950,1.000000,0.000000,0.000000,0.000000,15.160026,155.000000,80.000000,0.500000,-0.500000,0.500000,0.500000,0.000
949,33.166661,15.000026,155.000000,0.783950,0.000000,0.000000,0.000000,1.000000,449.333280,161.000000,0.783950,1.000000,0.000000,0.000000,0.000000,470.666608,149.000000,0.783950,1.000000,0.000000,0.000000,0.000000,15.000026,155.000000,80.000000,0.500000,-0.500000,0.500000,0.500000,4.167
950,33.199995,14.840026,155.000000,0.783950,0.000000,0.000000,0.000000,1.000000,449.666613,161.000000,0.783950,1.000000,0.000000,0.000000,0.000000,471.033275,149.000000,0.783950,1.000000,0.000000,0.000000,0.000000,14.840026,155.000000,80.000000,0.500000,-0.500000,0.500000,0.500000,4.167
951,33.233328,14.680026,155.000000,0.783950,0.000000,0.000000,0.000000,1.000000,449.999947,161.000000,0.783950,1.000000,0.000000,0.000000,0.000000,471.399941,149.000000,0.783950,1.000000,0.000000,0.000000,0.000000,14.680026,155.000000,80.000000,0.500000,-0.500000,0.500000,0.500000,0.000
952,33.266661,14.520026,155.000000,0.783950,0.000000,0.000000,0.000000,1.000000,450.333280,161.000000,0.783950,1.000000,0.000000,0.000000,0.000000,471.766608,149.000000,0.783950,1.000000,0.000000,0.000000,0.000000,14.520026,155.000000,80.000000,0.500000,-0.500000,0.500000,0.500000,4.167
953,33.295828,14.380026,155.000000,0.783950,0.000000,0.000000,0.000000,1.000000,450.624946,161.000000,0.783950,1.000000,0.000000,0.000000,0.000000,472.087441,149.000000,0.783950,1.000000,0.000000,0.000000,0.000000,14.380026,155.000000,80.000000,0.500000,-0.500000,0.500000,0.500000,0.000
954,33.329161,14.220026,155.000000,0.783950,0.000000,0.000000,0.000000,1.000000,450.958280,161.000000,0.783950,1.000000,0.000000,0.000000,0.000000,472.454108,149.000000,0.783950,1.000000,0.000000,0.000000,0.000000,14.220026,155.000000,80.000000,0.500000,-0.500000,0.500000,0.500000,4.167
955,33.362495,14.060026,155.000000,0.783950,0.000000,0.000000,0.000000,1.000000,451.291613,161.000000,0.783950,1.000000,0.000000,0.000000,0.000000,472.820774,149.000000,0.783950,1.000000,0.000000,0.000000,0.000000,14.060026,155.000000,80.000000,0.500000,-0.500000,0.500000,0.500000,4.167
956,33.395828,13.900026,155.000000,0.783950,0.000000,0.000000,0.000000,1.000000,451.624946,161.000000,0.783950,1.000000,0.000000,0.000000,0.000000,473.187441,149.000000,0.783950,1.000000,0.000000,0.000000,0.000000,13.900026,155.000000,80.000000,0.500000,-0.500000,0.500000,0.500000,0.000
957,33.429161,13.740026,155.000000,0.783950,0.000000,0.000000,0.000000,1.000000,451.958280,161.000000,0.783950,1.000000,0.000000,0.000000,0.000000,473.554108,149.000000,0.783950,1.000000,0.000000,0.000000,0.000000,13.740026,155.000000,80.000000,0.500000,-0.500000,0.500000,0.500000,4.167
958,33.462495,13.580026,155.000000,0.783950,0.000000,0.000000,0.000000,1.000000,452.291613,161.000000,0.783950,1.000000,0.000000,0.000000,0.000000,473.920774,149.000000,0.783950,1.000000,0.000000,0.000000,0.000000,13.580026,155.000000,80.000000,0.500000,-0.500000,0.500000,0.500000,4.167
959,33.495828,13.420026,155.000000,0.783950,0.000000,0.000000,0.000000,1.000000,452.624946,161.000000,0.783950,1.000000,0.000000,0.000000,0.000000,474.287441,149.000000,0.783950,1.000000,0.000000,0.000000,0.000000,13.420026,155.000000,80.000000,0.500000,-0.500000,0.500000,0.500000,0.000
960,33.529161,13.260026,155.000000,0.783950,0.000000,0.000000,0.000000,1.000000,452.958279,161.000000,0.783950,1.000000,0.000000,0.000000,0.000000,474.654107,149.000000,0.783950,1.000000,0.000000,0.000000,0.000000,13.260026,155.000000,80.000000,0.500000,-0.500000,0.500000,0.500000,4.167
961,33.562495,13.100026,155.000000,0.783950,0.000000,0.000000,0.000000,1.000000,453.291613,161.000000,0.783950,1.000000,0.000000,0.000000,0.000000,475.020774,149.000000,0.783950,1.000000,0.000000,0.000000,0.000000,13.100026,155.000000,80.000000,0.500000,-0.500000,0.500000,0.500000,4.167
962,33.595828,12.940026,155.000000,0.783950,0.000000,0.000000,0.000000,1.000000,453.624946,161.000000,0.783950,1.000000,0.000000,0.000000,0.000000,475.387441,149.000000,0.783950,1.000000,0.000000,0.000000,0.000000,12.940026,155.000000,80.000000,0.500000,-0.500000,0.500000,0.500000,0.000
963,33.629161,12.780026,155.000000,0.783950,0.000000,0.000000,0.000000,1.000000,453.958279,161.000000,0.783950,1.000000,0.000000,0.000000,0.000000,475.754107,149.000000,0.783950,1.000000,0.000000,0.000000,0.000000,12.780026,155.000000,80.000000,0.500000,-0.500000,0.500000,0.500000,4.167
964,33.662495,12.620026,155.000000,0.783950,0.000000,0.000000,0.000000,1.000000,454.291613,161.000000,0.783950,1.000000,0.000000,0.000000,0.000000,476.120774,149.000000,0.783950,1.000000,0.000000,0.000000,0.000000,12.620026,155.000000,80.000000,0.500000,-0.500000,0.500000,0.500000,4.167
965,33.695828,12.460026,155.000000,0.783950,0.000000,0.000000,0.000000,1.000000,454.624946,161.000000,0.783950,1.000000,0.000000,0.000000,0.000000,476.487440,149.000000,0.783950,1.000000,0.000000,0.000000,0.000000,12.460026,155.000000,80.000000,0.500000,-0.500000,0.500000,0.500000,0.000
966,33.724995,12.320026,155.000000,0.783950,0.000000,0.000000,0.000000,1.000000,454.916612,161.000000,0.783950,1.000000,0.000000,0.000000,0.000000,476.808274,149.000000,0.783950,1.000000,0.000000,0.000000,0.000000,12.320026,155.000000,80.000000,0.500000,-0.500000,0.500000,0.500000,4.167
967,33.758328,12.160026,155.000000,0.783950,0.000000,0.000000,0.000000,1.000000,455.249946,161.000000,0.783950,1.000000,0.000000,0.000000,0.000000,477.174940,149.000000,0.783950,1.000000,0.000000,0.000000,0.000000,12.160026,155.000000,80.000000,0.500000,-0.500000,0.500000,0.500000,0.000
968,33.791661,12.000026,155.000000,0.783950,0.000000,0.000000,0.000000,1.000000,455.583279,161.000000,0.783950,1.000000,0.000000,0.000000,0.000000,477.541607,149.000000,0.783950,1.000000,0.000000,0.000000,0.000000,12.000026,155.000000,80.000000,0.500000,-0.500000,0.500000,0.500000,4.167
969,33.824995,11.840026,155.000000,0.783950,0.000000,0.000000,0.000000,1.000000,455.916612,161.000000,0.783950,1.000000,0.000000,0.000000,0.000000,477.908274,149.000000,0.783950,1.000000,0.000000,0.000000,0.000000,11.840026,155.000000,80.000000,0.500000,-0.500000,0.500000,0.500000,4.167
970,33.858328,11.680026,155.000000,0.783950,0.000000,0.000000,0.000000,1.000000,456.249946,161.000000,0.783950,1.000000,0.000000,0.000000,0.000000,478.274940,149.000000,0.783950,1.000000,0.000000,0.000000,0.000000,11.680026,155.000000,80.000000,0.500000,-0.500000,0.500000,0.500000,0.000
971,33.891661,11.520026,155.000000,0.783950,0.000000,0.000000,0.000000,1.000000,456.583279,161.000000,0.783950,1.000000,0.000000,0.000000,0.000000,478.641607,149.000000,0.783950,1.000000,0.000000,0.000000,0.000000,11.520026,155.000000,80.000000,0.500000,-0.500000,0.500000,0.500000,4.167
972,33.924995,11.360026,155.000000,0.783950,0.000000,0.000000,0.000000,1.000000,456.916612,161.000000,0.783950,1.000000,0.000000,0.000000,0.000000,479.008273,149.000000,0.783950,1.000000,0.000000,0.000000,0.000000,11.360026,155.000000,80.000000,0.500000,-0.500000,0.500000,0.500000,4.167
973,33.958328,11.200026,155.000000,0.783950,0.000000,0.000000,0.000000,1.000000,457.249945,161.000000,0.783950,1.000000,0.000000,0.000000,0.000000,479.374940,149.000000,0.783950,1.000000,0.000000,0.000000,0.000000,11.200026,155.000000,80.000000,0.500000,-0.500000,0.500000,0.500000,0.000
974,33.991661,11.040026,155.000000,0.783950,0.000000,0.000000,0.000000,1.000000,457.583279,161.000000,0.783950,1.000000,0.000000,0.000000,0.000000,479.741607,149.000000,0.783950,1.000000,0.000000,0.000000,0.000000,11.040026,155.000000,80.000000,0.500000,-0.500000,0.500000,0.500000,4.167
975,34.024995,10.880026,155.000000,0.783950,0.000000,0.000000,0.000000,1.000000,457.916612,161.000000,0.783950,1.000000,0.000000,0.000000,0.000000,480.108273,149.000000,0.783950,1.000000,0.000000,0.000000,0.000000,10.880026,155.000000,80.000000,0.500000,-0.500000,0.500000,0.500000,4.167
976,34.058328,10.720026,155.000000,0.783950,0.000000,0.000000,0.000000,1.000000,458.249945,161.000000,0.783950,1.000000,0.000000,0.000000,0.000000,480.474940,149.000000,0.783950,1.000000,0.000000,0.000000,0.000000,10.720026,155.000000,80.000000,0.500000,-0.500000,0.500000,0.500000,0.000
977,34.091661,10.560026,155.000000,0.783950,0.000000,0.000000,0.000000,1.000000,458.583279,161.000000,0.783950,1.000000,0.000000,0.000000,0.000000,480.841606,149.000000,0.783950,1.000000,0.000000,0.000000,0.000000,10.560026,155.000000,80.000000,0.500000,-0.500000,0.500000,0.500000,4.167
978,34.120828,10.420026,155.000000,0.783950,0.000000,0.000000,0.000000,1.000000,458.874945,161.000000,0.783950,1.000000,0.000000,0.000000,0.000000,481.162440,149.000000,0.783950,1.000000,0.000000,0.000000,0.000000,10.420026,155.000000,80.000000,0.500000,-0.500000,0.500000,0.500000,0.000
979,34.154161,10.260026,155.000000,0.783950,0.000000,0.000000,0.000000,1.000000,459.208278,161.000000,0.783950,1.000000,0.000000,0.000000,0.000000,481.529106,149.000000,0.783950,1.000000,0.000000,0.000000,0.000000,10.260026,155.000000,80.000000,0.500000,-0.500000,0.500000,0.500000,4.167
980,34.187495,10.100026,155.000000,0.783950,0.000000,0.000000,0.000000,1.000000,459.541612,161.000000,0.783950,1.000000,0.000000,0.000000,0.000000,481.895773,149.000000,0.783950,1.000000,0.000000,0.000000,0.000000,10.100026,155.000000,80.000000,0.500000,-0.500000,0.500000,0.500000,4.167
981,34.220828,9.940026,155.000000,0.783950,0.000000,0.000000,0.000000,1.000000,459.874945,161.000000,0.783950,1.000000,0.000000,0.000000,0.000000,482.262439,149.000000,0.783950,1.000000,0.000000,0.000000,0.000000,9.940026,155.000000,80.000000,0.500000,-0.500000,0.500000,0.500000,0.000
982,34.254161,9.780026,155.000000,0.783950,0.000000,0.000000,0.000000,1.000000,460.208278,161.000000,0.783950,1.000000,0.000000,0.000000,0.000000,482.629106,149.000000,0.783950,1.000000,0.000000,0.000000,0.000000,9.780026,155.000000,80.000000,0.500000,-0.500000,0.500000,0.500000,4.167
983,34.287495,9.620026,155.000000,0.783950,0.000000,0.000000,0.000000,1.000000,460.541612,161.000000,0.783950,1.000000,0.000000,0.000000,0.000000,482.995773,149.000000,0.783950,1.000000,0.000000,0.000000,0.000000,9.620026,155.000000,80.000000,0.500000,-0.500000,0.500000,0.500000,4.167
984,34.320828,9.460026,155.000000,0.783950,0.000000,0.000000,0.000000,1.000000,460.874945,161.000000,0.783950,1.000000,0.000000,0.000000,0.000000,483.362439,149.000000,0.783950,1.000000,0.000000,0.000000,0.000000,9.460026,155.000000,80.000000,0.500000,-0.500000,0.500000,0.500000,0.000
985,34.354161,9.300027,155.000000,0.783950,0.000000,0.000000,0.000000,1.000000,461.208278,161.000000,0.783950,1.000000,0.000000,0.000000,0.000000,483.729106,149.000000,0.783950,1.000000,0.000000,0.000000,0.000000,9.300027,155.000000,80.000000,0.500000,-0.500000,0.500000,0.500000,4.167
986,34.387494,9.140027,155.000000,0.783950,0.000000,0.000000,0.000000,1.000000,461.541611,161.000000,0.783950,1.000000,0.000000,0.000000,0.000000,484.095773,149.000000,0.783950,1.000000,0.000000,0.000000,0.000000,9.140027,155.000000,80.000000,0.500000,-0.500000,0.500000,0.500000,4.167
987,34.420828,8.980027,155.000000,0.783950,0.000000,0.000000,0.000000,1.000000,461.874945,161.000000,0.783950,1.000000,0.000000,0.000000,0.000000,484.462439,149.000000,0.783950,1.000000,0.000000,0.000000,0.000000,8.980027,155.000000,80.000000,0.500000,-0.500000,0.500000,0.500000,0.000
988,34.454161,8.820027,155.000000,0.783950,0.000000,0.000000,0.000000,1.000000,462.208278,161.000000,0.783950,1.000000,0.000000,0.000000,0.000000,484.829106,149.000000,0.783950,1.000000,0.000000,0.000000,0.000000,8.820027,155.000000,80.000000,0.500000,-0.500000,0.500000,0.500000,4.167
989,34.487494,8.660027,155.000000,0.783950,0.000000,0.000000,0.000000,1.000000,462.541611,161.000000,0.783950,1.000000,0.000000,0.000000,0.000000,485.195772,149.000000,0.783950,1.000000,0.000000,0.000000,0.000000,8.660027,155.000000,80.000000,0.500000,-0.500000,0.500000,0.500000,4.167
990,34.520828,8.500027,155.000000,0.783950,0.000000,0.000000,0.000000,1.000000,462.874944,161.000000,0.783950,1.000000,0.000000,0.000000,0.000000,485.562439,149.000000,0.783950,1.000000,0.000000,0.000000,0.000000,8.500027,155.000000,80.000000,0.500000,-0.500000,0.500000,0.500000,0.000
991,34.549994,8.360027,155.000000,0.783950,0.000000,0.000000,0.000000,1.000000,463.166611,161.000000,0.783950,1.000000,0.000000,0.000000,0.000000,485.883272,149.000000,0.783950,1.000000,0.000000,0.000000,0.000000,8.360027,155.000000,80.000000,0.500000,-0.500000,0.500000,0.500000,4.167
992,34.583328,8.200027,155.000000,0.783950,0.000000,0.000000,0.000000,1.000000,463.499944,161.000000,0.783950,1.000000,0.000000,0.000000,0.000000,486.249939,149.000000,0.783950,1.000000,0.000000,0.000000,0.000000,8.200027,155.000000,80.000000,0.500000,-0.500000,0.500000,0.500000,0.000
993,34.616661,8.040027,155.000000,0.783950,0.000000,0.000000,0.000000,1.000000,463.833278,161.000000,0.783950,1.000000,0.000000,0.000000,0.000000,486.616605,149.000000,0.783950,1.000000,0.000000,0.000000,0.000000,8.040027,155.000000,80.000000,0.500000,-0.500000,0.500000,0.500000,4.167
994,34.649994,7.880027,155.000000,0.783950,0.000000,0.000000,0.000000,1.000000,464.166611,161.000000,0.783950,1.000000,0.000000,0.000000,0.000000,486.983272,149.000000,0.783950,1.000000,0.000000,0.000000,0.000000,7.880027,155.000000,80.000000,0.500000,-0.500000,0.500000,0.500000,4.167
995,34.683328,7.720027,155.000000,0.783950,0.000000,0.000000,0.000000,1.000000,464.499944,161.000000,0.783950,1.000000,0.000000,0.000000,0.000000,487.349939,149.000000,0.783950,1.000000,0.000000,0.000000,0.000000,7.720027,155.000000,80.000000,0.500000,-0.500000,0.500000,0.500000,0.000
996,34.716661,7.560027,155.000000,0.783950,0.000000,0.000000,0.000000,1.000000,464.833278,161.000000,0.783950,1.000000,0.000000,0.000000,0.000000,487.716605,149.000000,0.783950,1.000000,0.000000,0.000000,0.000000,7.560027,155.000000,80.000000,0.500000,-0.500000,0.500000,0.500000,4.167
997,34.749994,7.400027,155.000000,0.783950,0.000000,0.000000,0.000000,1.000000,465.166611,161.000000,0.783950,1.000000,0.000000,0.000000,0.000000,488.083272,149.000000,0.783950,1.000000,0.000000,0.000000,0.000000,7.400027,155.000000,80.000000,0.500000,-0.500000,0.500000,0.500000,4.167
998,34.783328,7.240027,155.000000,0.783950,0.000000,0.000000,0.000000,1.000000,465.499944,161.000000,0.783950,1.000000,0.000000,0.000000,0.000000,488.449938,149.000000,0.783950,1.000000,0.000000,0.000000,0.000000,7.240027,155.000000,80.000000,0.500000,-0.500000,0.500000,0.500000,0.000
999,34.816661,7.080027,155.000000,0.783950,0.000000,0.000000,0.000000,1.000000,465.833277,161.000000,0.783950,1.000000,0.000000,0.000000,0.000000,488.816605,149.000000,0.783950,1.000000,0.000000,0.000000,0.000000,7.080027,155.000000,80.000000,0.500000,-0.500000,0.500000,0.500000,4.167
1000,34.849994,6.920027,155.000000,0.783950,0.000000,0.000000,0.000000,1.000000,466.166611,161.000000,0.783950,1.000000,0.000000,0.000000,0.000000,489.183272,149.000000,0.783950,1.000000,0.000000,0.000000,0.000000,6.920027,155.000000,80.000000,0.500000,-0.500000,0.500000,0.500000,4.167
1001,34.883328,6.760027,155.000000,0.783950,0.000000,0.000000,0.000000,1.000000,466.499944,161.000000,0.783950,1.000000,0.000000,0.000000,0.000000,489.549938,149.000000,0.783950,1.000000,0.000000,0.000000,0.000000,6.760027,155.000000,80.000000,0.500000,-0.500000,0.500000,0.500000,0.000
1002,34.916661,6.600027,155.000000,0.783950,0.000000,0.000000,0.000000,1.000000,466.833277,161.000000,0.783950,1.000000,0.000000,0.000000,0.000000,489.916605,149.000000,0.783950,1.000000,0.000000,0.000000,0.000000,6.600027,155.000000,80.000000,0.500000,-0.500000,0.500000,0.500000,4.167
1003,34.945828,6.460027,155.000000,0.783950,0.000000,0.000000,0.000000,1.000000,467.124944,161.000000,0.783950,1.000000,0.000000,0.000000,0.000000,490.237438,149.000000,0.783950,1.000000,0.000000,0.000000,0.000000,6.460027,155.000000,80.000000,0.500000,-0.500000,0.500000,0.500000,0.000
1004,34.979161,6.300027,155.000000,0.783950,0.000000,0.000000,0.000000,1.000000,467.458277,161.000000,0.783950,1.000000,0.000000,0.000000,0.000000,490.604105,149.000000,0.783950,1.000000,0.000000,0.000000,0.000000,6.300027,155.000000,80.000000,0.500000,-0.500000,0.500000,0.500000,4.167
1005,35.012494,6.140027,155.000000,0.783950,0.000000,0.000000,0.000000,1.000000,467.791610,161.000000,0.783950,1.000000,0.000000,0.000000,0.000000,490.970771,149.000000,0.783950,1.000000,0.000000,0.000000,0.000000,6.140027,155.000000,80.000000,0.500000,-0.500000,0.500000,0.500000,4.167
1006,35.045828,5.980027,155.000000,0.783950,0.000000,0.000000,0.000000,1.000000,468.124944,161.000000,0.783950,1.000000,0.000000,0.000000,0.000000,491.337438,149.000000,0.783950,1.000000,0.000000,0.000000,0.000000,5.980027,155.000000,80.000000,0.500000,-0.500000,0.500000,0.500000,0.000
1007,35.079161,5.820027,155.000000,0.783950,0.000000,0.000000,0.000000,1.000000,468.458277,161.000000,0.783950,1.000000,0.000000,0.000000,0.000000,491.704105,149.000000,0.783950,1.000000,0.000000,0.000000,0.000000,5.820027,155.000000,80.000000,0.500000,-0.500000,0.500000,0.500000,4.167
1008,35.112494,5.660027,155.000000,0.783950,0.000000,0.000000,0.000000,1.000000,468.791610,161.000000,0.783950,1.000000,0.000000,0.000000,0.000000,492.070771,149.000000,0.783950,1.000000,0.000000,0.000000,0.000000,5.660027,155.000000,80.000000,0.500000,-0.500000,0.500000,0.500000,4.167
1009,35.145828,5.500027,155.000000,0.783950,0.000000,0.000000,0.000000,1.000000,469.124943,161.000000,0.783950,1.000000,0.000000,0.000000,0.000000,492.437438,149.000000,0.783950,1.000000,0.000000,0.000000,0.000000,5.500027,155.000000,80.000000,0.500000,-0.500000,0.500000,0.500000,0.000
1010,35.179161,5.340027,155.000000,0.783950,0.000000,0.000000,0.000000,1.000000,469.458277,161.000000,0.783950,1.000000,0.000000,0.000000,0.000000,492.804104,149.000000,0.783950,1.000000,0.000000,0.000000,0.000000,5.340027,155.000000,80.000000,0.500000,-0.500000,0.500000,0.500000,4.167
1011,35.212494,5.180027,155.000000,0.783950,0.000000,0.000000,0.000000,1.000000,469.791610,161.000000,0.783950,1.000000,0.000000,0.000000,0.000000,493.170771,149.000000,0.783950,1.000000,0.000000,0.000000,0.000000,5.180027,155.000000,80.000000,0.500000,-0.500000,0.500000,0.500000,4.167
1012,35.245828,5.020027,155.000000,0.783950,0.000000,0.000000,0.000000,1.000000,470.124943,161.000000,0.783950,1.000000,0.000000,0.000000,0.000000,493.537438,149.000000,0.783950,1.000000,0.000000,0.000000,0.000000,5.020027,155.000000,80.000000,0.500000,-0.500000,0.500000,0.500000,0.000
1013,35.279161,4.860027,155.000000,0.783950,0.000000,0.000000,0.000000,1.000000,470.458277,161.000000,0.783950,1.000000,0.000000,0.000000,0.000000,493.904104,149.000000,0.783950,1.000000,0.000000,0.000000,0.000000,4.860027,155.000000,80.000000,0.500000,-0.500000,0.500000,0.500000,4.167
1014,35.312494,4.700027,155.000000,0.783950,0.000000,0.000000,0.000000,1.000000,470.791610,161.000000,0.783950,1.000000,0.000000,0.000000,0.000000,494.270771,149.000000,0.783950,1.000000,0.000000,0.000000,0.000000,4.700027,155.000000,80.000000,0.500000,-0.500000,0.500000,0.500000,4.167
1015,35.345828,4.540027,155.000000,0.783950,0.000000,0.000000,0.000000,1.000000,471.124943,161.000000,0.783950,1.000000,0.000000,0.000000,0.000000,494.637437,149.000000,0.783950,1.000000,0.000000,0.000000,0.000000,4.540027,155.000000,80.000000,0.500000,-0.500000,0.500000,0.500000,0.000
1016,35.374994,4.400027,155.000000,0.783950,0.000000,0.000000,0.000000,1.000000,471.416610,161.000000,0.783950,1.000000,0.000000,0.000000,0.000000,494.958271,149.000000,0.783950,1.000000,0.000000,0.000000,0.000000,4.400027,155.000000,80.000000,0.500000,-0.500000,0.500000,0.500000,4.167
1017,35.408328,4.240027,155.000000,0.783950,0.000000,0.000000,0.000000,1.000000,471.749943,161.000000,0.783950,1.000000,0.000000,0.000000,0.000000,495.324937,149.000000,0.783950,1.000000,0.000000,0.000000,0.000000,4.240027,155.000000,80.000000,0.500000,-0.500000,0.500000,0.500000,0.000
1018,35.441661,4.080027,155.000000,0.783950,0.000000,0.000000,0.000000,1.000000,472.083276,161.000000,0.783950,1.000000,0.000000,0.000000,0.000000,495.691604,149.000000,0.783950,1.000000,0.000000,0.000000,0.000000,4.080027,155.000000,80.000000,0.500000,-0.500000,0.500000,0.500000,4.167
1019,35.474994,3.920027,155.000000,0.783950,0.000000,0.000000,0.000000,1.000000,472.416610,161.000000,0.783950,1.000000,0.000000,0.000000,0.000000,496.058271,149.000000,0.783950,1.000000,0.000000,0.000000,0.000000,3.920027,155.000000,80.000000,0.500000,-0.500000,0.500000,0.500000,4.167
1020,35.508328,3.760027,155.000000,0.783950,0.000000,0.000000,0.000000,1.000000,472.749943,161.000000,0.783950,1.000000,0.000000,0.000000,0.000000,496.424937,149.000000,0.783950,1.000000,0.000000,0.000000,0.000000,3.760027,155.000000,80.000000,0.500000,-0.500000,0.500000,0.500000,0.000
1021,35.541661,3.600027,155.000000,0.783950,0.000000,0.000000,0.000000,1.000000,473.083276,161.000000,0.783950,1.000000,0.000000,0.000000,0.000000,496.791604,149.000000,0.783950,1.000000,0.000000,0.000000,0.000000,3.600027,155.000000,80.000000,0.500000,-0.500000,0.500000,0.500000,4.167
1022,35.574994,3.440027,155.000000,0.783950,0.000000,0.000000,0.000000,1.000000,473.416609,161.000000,0.783950,1.000000,0.000000,0.000000,0.000000,497.158270,149.000000,0.783950,1.000000,0.000000,0.000000,0.000000,3.440027,155.000000,80.000000,0.500000,-0.500000,0.500000,0.500000,4.167
1023,35.608328,3.280027,155.000000,0.783950,0.000000,0.000000,0.000000,1.000000,473.749943,161.000000,0.783950,1.000000,0.000000,0.000000,0.000000,497.524937,149.000000,0.783950,1.000000,0.000000,0.000000,0.000000,3.280027,155.000000,80.000000,0.500000,-0.500000,0.500000,0.500000,0.000
1024,35.641661,3.120028,155.000000,0.783950,0.000000,0.000000,0.000000,1.000000,474.083276,161.000000,0.783950,1.000000,0.000000,0.000000,0.000000,497.891604,149.000000,0.783950,1.000000,0.000000,0.000000,0.000000,3.120028,155.000000,80.000000,0.500000,-0.500000,0.500000,0.500000,4.167
1025,35.674994,2.960028,155.000000,0.783950,0.000000,0.000000,0.000000,1.000000,474.416609,161.000000,0.783950,1.000000,0.000000,0.000000,0.000000,498.258270,149.000000,0.783950,1.000000,0.000000,0.000000,0.000000,2.960028,155.000000,80.000000,0.500000,-0.500000,0.500000,0.500000,4.167
1026,35.708328,2.800028,155.000000,0.783950,0.000000,0.000000,0.000000,1.000000,474.749943,161.000000,0.783950,1.000000,0.000000,0.000000,0.000000,498.624937,149.000000,0.783950,1.000000,0.000000,0.000000,0.000000,2.800028,155.000000,80.000000,0.500000,-0.500000,0.500000,0.500000,0.000
1027,35.741661,2.640028,155.000000,0.783950,0.000000,0.000000,0.000000,1.000000,475.083276,161.000000,0.783950,1.000000,0.000000,0.000000,0.000000,498.991603,149.000000,0.783950,1.000000,0.000000,0.000000,0.000000,2.640028,155.000000,80.000000,0.500000,-0.500000,0.500000,0.500000,4.167
1028,35.770828,2.500028,155.000000,0.783950,0.000000,0.000000,0.000000,1.000000,475.374942,161.000000,0.783950,1.000000,0.000000,0.000000,0.000000,499.312437,149.000000,0.783950,1.000000,0.000000,0.000000,0.000000,2.500028,155.000000,80.000000,0.500000,-0.500000,0.500000,0.500000,0.000
1029,35.804161,2.340028,155.000000,0.783950,0.000000,0.000000,0.000000,1.000000,475.708276,161.000000,0.783950,1.000000,0.000000,0.000000,0.000000,499.679103,149.000000,0.783950,1.000000,0.000000,0.000000,0.000000,2.340028,155.000000,80.000000,0.500000,-0.500000,0.500000,0.500000,4.167
1030,35.837494,2.180028,155.000000,0.783950,0.000000,0.000000,0.000000,1.000000,476.041609,161.000000,0.783950,1.000000,0.000000,0.000000,0.000000,500.045770,149.000000,0.783950,1.000000,0.000000,0.000000,0.000000,2.180028,155.000000,80.000000,0.500000,-0.500000,0.500000,0.500000,4.167
1031,35.870828,2.020028,155.000000,0.783950,0.000000,0.000000,0.000000,1.000000,476.374942,161.000000,0.783950,1.000000,0.000000,0.000000,0.000000,500.412437,149.000000,0.783950,1.000000,0.000000,0.000000,0.000000,2.020028,155.000000,80.000000,0.500000,-0.500000,0.500000,0.500000,0.000
1032,35.904161,1.860028,155.000000,0.783950,0.000000,0.000000,0.000000,1.000000,476.708276,161.000000,0.783950,1.000000,0.000000,0.000000,0.000000,500.779103,149.000000,0.783950,1.000000,0.000000,0.000000,0.000000,1.860028,155.000000,80.000000,0.500000,-0.500000,0.500000,0.500000,4.167
1033,35.937494,1.700028,155.000000,0.783950,0.000000,0.000000,0.000000,1.000000,477.041609,161.000000,0.783950,1.000000,0.000000,0.000000,0.000000,501.145770,149.000000,0.783950,1.000000,0.000000,0.000000,0.000000,1.700028,155.000000,80.000000,0.500000,-0.500000,0.500000,0.500000,4.167
1034,35.970828,1.540028,155.000000,0.783950,0.000000,0.000000,0.000000,1.000000,477.374942,161.000000,0.783950,1.000000,0.000000,0.000000,0.000000,501.512436,149.000000,0.783950,1.000000,0.000000,0.000000,0.000000,1.540028,155.000000,80.000000,0.500000,-0.500000,0.500000,0.500000,0.000
1035,36.004161,1.380028,155.000000,0.783950,0.000000,0.000000,0.000000,1.000000,477.708275,161.000000,0.783950,1.000000,0.000000,0.000000,0.000000,501.879103,149.000000,0.783950,1.000000,0.000000,0.000000,0.000000,1.380028,155.000000,80.000000,0.500000,-0.500000,0.500000,0.500000,4.167
1036,36.037494,1.220028,155.000000,0.783950,0.000000,0.000000,0.000000,1.000000,478.041609,161.000000,0.783950,1.000000,0.000000,0.000000,0.000000,502.245770,149.000000,0.783950,1.000000,0.000000,0.000000,0.000000,1.220028,155.000000,80.000000,0.500000,-0.500000,0.500000,0.500000,4.167
1037,36.070828,1.060028,155.000000,0.783950,0.000000,0.000000,0.000000,1.000000,478.374942,161.000000,0.783950,1.000000,0.000000,0.000000,0.000000,502.612436,149.000000,0.783950,1.000000,0.000000,0.000000,0.000000,1.060028,155.000000,80.000000,0.500000,-0.500000,0.500000,0.500000,0.000
1038,36.104161,0.900028,155.000000,0.783950,0.000000,0.000000,0.000000,1.000000,478.708275,161.000000,0.783950,1.000000,0.000000,0.000000,0.000000,502.979103,149.000000,0.783950,1.000000,0.000000,0.000000,0.000000,0.900028,155.000000,80.000000,0.500000,-0.500000,0.500000,0.500000,4.167
1039,36.137494,0.740028,155.000000,0.783950,0.000000,0.000000,0.000000,1.000000,479.041609,161.000000,0.783950,1.000000,0.000000,0.000000,0.000000,503.345769,149.000000,0.783950,1.000000,0.000000,0.000000,0.000000,0.740028,155.000000,80.000000,0.500000,-0.500000,0.500000,0.500000,4.167
1040,36.170828,0.580028,155.000000,0.783950,0.000000,0.000000,0.000000,1.000000,479.374942,161.000000,0.783950,1.000000,0.000000,0.000000,0.000000,503.712436,149.000000,0.783950,1.000000,0.000000,0.000000,0.000000,0.580028,155.000000,80.000000,0.500000,-0.500000,0.500000,0.500000,0.000
1041,36.199994,0.440028,155.000000,0.783950,0.000000,0.000000,0.000000,1.000000,479.666608,161.000000,0.783950,1.000000,0.000000,0.000000,0.000000,504.033269,149.000000,0.783950,1.000000,0.000000,0.000000,0.000000,0.440028,155.000000,80.000000,0.500000,-0.500000,0.500000,0.500000,4.167
1042,36.233328,0.280028,155.000000,0.783950,0.000000,0.000000,0.000000,1.000000,479.999942,161.000000,0.783950,1.000000,0.000000,0.000000,0.000000,504.399936,149.000000,0.783950,1.000000,0.000000,0.000000,0.000000,0.280028,155.000000,80.000000,0.500000,-0.500000,0.500000,0.500000,0.000
1043,36.266661,0.120028,155.000000,0.783950,0.000000,0.000000,0.000000,1.000000,480.333275,161.000000,0.783950,1.000000,0.000000,0.000000,0.000000,504.766603,149.000000,0.783950,1.000000,0.000000,0.000000,0.000000,0.120028,155.000000,80.000000,0.500000,-0.500000,0.500000,0.500000,4.167
1044,36.299994,-0.039972,155.000000,0.783950,0.000000,0.000000,0.000000,1.000000,480.666608,161.000000,0.783950,1.000000,0.000000,0.000000,0.000000,505.133269,149.000000,0.783950,1.000000,0.000000,0.000000,0.000000,-0.039972,155.000000,80.000000,0.500000,-0.500000,0.500000,0.500000,4.167
1045,36.333328,-0.199972,155.000000,0.783950,0.000000,0.000000,0.000000,1.000000,480.999942,161.000000,0.783950,1.000000,0.000000,0.000000,0.000000,505.499936,149.000000,0.783950,1.000000,0.000000,0.000000,0.000000,-0.199972,155.000000,80.000000,0.500000,-0.500000,0.500000,0.500000,0.000
1046,36.366661,-0.359972,155.000000,0.783950,0.000000,0.000000,0.000000,1.000000,481.333275,161.000000,0.783950,1.000000,0.000000,0.000000,0.000000,505.866602,149.000000,0.783950,1.000000,0.000000,0.000000,0.000000,-0.359972,155.000000,80.000000,0.500000,-0.500000,0.500000,0.500000,4.167
1047,36.399994,-0.519972,155.000000,0.783950,0.000000,0.000000,0.000000,1.000000,481.666608,161.000000,0.783950,1.000000,0.000000,0.000000,0.000000,506.233269,149.000000,0.783950,1.000000,0.000000,0.000000,0.000000,-0.519972,155.000000,80.000000,0.500000,-0.500000,0.500000,0.500000,4.167
1048,36.433328,-0.679972,155.000000,0.783950,0.000000,0.000000,0.000000,1.000000,481.999941,161.000000,0.783950,1.000000,0.000000,0.000000,0.000000,506.599936,149.000000,0.783950,1.000000,0.000000,0.000000,0.000000,-0.679972,155.000000,80.000000,0.500000,-0.500000,0.500000,0.500000,0.000
1049,36.466661,-0.839972,155.000000,0.783950,0.000000,0.000000,0.000000,1.000000,482.333275,161.000000,0.783950,1.000000,0.000000,0.000000,0.000000,506.966602,149.000000,0.783950,1.000000,0.000000,0.000000,0.000000,-0.839972,155.000000,80.000000,0.500000,-0.500000,0.500000,0.500000,4.167
1050,36.499994,-0.999972,155.000000,0.783950,0.000000,0.000000,0.000000,1.000000,482.666608,161.000000,0.783950,1.000000,0.000000,0.000000,0.000000,507.333269,149.000000,0.783950,1.000000,0.000000,0.000000,0.000000,-0.999972,155.000000,80.000000,0.500000,-0.500000,0.500000,0.500000,4.167
1051,36.533327,-1.159972,155.000000,0.783950,0.000000,0.000000,0.000000,1.000000,482.999941,161.000000,0.783950,1.000000,0.000000,0.000000,0.000000,507.699935,149.000000,0.783950,1.000000,0.000000,0.000000,0.000000,-1.159972,155.000000,80.000000,0.500000,-0.500000,0.500000,0.500000,0.000
1052,36.566661,-1.319972,155.000000,0.783950,0.000000,0.000000,0.000000,1.000000,483.333275,161.000000,0.783950,1.000000,0.000000,0.000000,0.000000,508.066602,149.000000,0.783950,1.000000,0.000000,0.000000,0.000000,-1.319972,155.000000,80.000000,0.500000,-0.500000,0.500000,0.500000,4.167
1053,36.595827,-1.459972,155.000000,0.783950,0.000000,0.000000,0.000000,1.000000,483.624941,161.000000,0.783950,1.000000,0.000000,0.000000,0.000000,508.387435,149.000000,0.783950,1.000000,0.000000,0.000000,0.000000,-1.459972,155.000000,80.000000,0.500000,-0.500000,0.500000,0.500000,0.000
1054,36.629161,-1.619972,155.000000,0.783950,0.000000,0.000000,0.000000,1.000000,483.958274,161.000000,0.783950,1.000000,0.000000,0.000000,0.000000,508.754102,149.000000,0.783950,1.000000,0.000000,0.000000,0.000000,-1.619972,155.000000,80.000000,0.500000,-0.500000,0.500000,0.500000,4.167
1055,36.662494,-1.779972,155.000000,0.783950,0.000000,0.000000,0.000000,1.000000,484.291608,161.000000,0.783950,1.000000,0.000000,0.000000,0.000000,509.120769,149.000000,0.783950,1.000000,0.000000,0.000000,0.000000,-1.779972,155.000000,80.000000,0.500000,-0.500000,0.500000,0.500000,4.167
1056,36.695827,-1.939972,155.000000,0.783950,0.000000,0.000000,0.000000,1.000000,484.624941,161.000000,0.783950,1.000000,0.000000,0.000000,0.000000,509.487435,149.000000,0.783950,1.000000,0.000000,0.000000,0.000000,-1.939972,155.000000,80.000000,0.500000,-0.500000,0.500000,0.500000,0.000
1057,36.729161,-2.099972,155.000000,0.783950,0.000000,0.000000,0.000000,1.000000,484.958274,161.000000,0.783950,1.000000,0.000000,0.000000,0.000000,509.854102,149.000000,0.783950,1.000000,0.000000,0.000000,0.000000,-2.099972,155.000000,80.000000,0.500000,-0.500000,0.500000,0.500000,4.167
1058,36.762494,-2.259972,155.000000,0.783950,0.000000,0.000000,0.000000,1.000000,485.291608,161.000000,0.783950,1.000000,0.000000,0.000000,0.000000,510.220768,149.000000,0.783950,1.000000,0.000000,0.000000,0.000000,-2.259972,155.000000,80.000000,0.500000,-0.500000,0.500000,0.500000,4.167
1059,36.795827,-2.419972,155.000000,0.783950,0.000000,0.000000,0.000000,1.000000,485.624941,161.000000,0.783950,1.000000,0.000000,0.000000,0.000000,510.587435,149.000000,0.783950,1.000000,0.000000,0.000000,0.000000,-2.419972,155.000000,80.000000,0.500000,-0.500000,0.500000,0.500000,0.000
1060,36.829161,-2.579972,155.000000,0.783950,0.000000,0.000000,0.000000,1.000000,485.958274,161.000000,0.783950,1.000000,0.000000,0.000000,0.000000,510.954102,149.000000,0.783950,1.000000,0.000000,0.000000,0.000000,-2.579972,155.000000,80.000000,0.500000,-0.500000,0.500000,0.500000,4.167
1061,36.862494,-2.739972,155.000000,0.783950,0.000000,0.000000,0.000000,1.000000,486.291607,161.000000,0.783950,1.000000,0.000000,0.000000,0.000000,511.320768,149.000000,0.783950,1.000000,0.000000,0.000000,0.000000,-2.739972,155.000000,80.000000,0.500000,-0.500000,0.500000,0.500000,4.167
1062,36.895827,-2.899972,155.000000,0.783950,0.000000,0.000000,0.000000,1.000000,486.624941,161.000000,0.783950,1.000000,0.000000,0.000000,0.000000,511.687435,149.000000,0.783950,1.000000,0.000000,0.000000,0.000000,-2.899972,155.000000,80.000000,0.500000,-0.500000,0.500000,0.500000,0.000
1063,36.929161,-3.059972,155.000000,0.783950,0.000000,0.000000,0.000000,1.000000,486.958274,161.000000,0.783950,1.000000,0.000000,0.000000,0.000000,512.054101,149.000000,0.783950,1.000000,0.000000,0.000000,0.000000,-3.059972,155.000000,80.000000,0.500000,-0.500000,0.500000,0.500000,4.167
1064,36.962494,-3.219971,155.000000,0.783950,0.000000,0.000000,0.000000,1.000000,487.291607,161.000000,0.783950,1.000000,0.000000,0.000000,0.000000,512.420768,149.000000,0.783950,1.000000,0.000000,0.000000,0.000000,-3.219971,155.000000,80.000000,0.500000,-0.500000,0.500000,0.500000,4.167
1065,36.995827,-3.379971,155.000000,0.783950,0.000000,0.000000,0.000000,1.000000,487.624941,161.000000,0.783950,1.000000,0.000000,0.000000,0.000000,512.787435,149.000000,0.783950,1.000000,0.000000,0.000000,0.000000,-3.379971,155.000000,80.000000,0.500000,-0.500000,0.500000,0.500000,0.000
1066,37.024994,-3.519971,155.000000,0.783950,0.000000,0.000000,0.000000,1.000000,487.916607,161.000000,0.783950,1.000000,0.000000,0.000000,0.000000,513.108268,149.000000,0.783950,1.000000,0.000000,0.000000,0.000000,-3.519971,155.000000,80.000000,0.500000,-0.500000,0.500000,0.500000,4.167
1067,37.058327,-3.679971,155.000000,0.783950,0.000000,0.000000,0.000000,1.000000,488.249940,161.000000,0.783950,1.000000,0.000000,0.000000,0.000000,513.474934,149.000000,0.783950,1.000000,0.000000,0.000000,0.000000,-3.679971,155.000000,80.000000,0.500000,-0.500000,0.500000,0.500000,0.000
1068,37.091661,-3.839971,155.000000,0.783950,0.000000,0.000000,0.000000,1.000000,488.583274,161.000000,0.783950,1.000000,0.000000,0.000000,0.000000,513.841601,149.000000,0.783950,1.000000,0.000000,0.000000,0.000000,-3.839971,155.000000,80.000000,0.500000,-0.500000,0.500000,0.500000,4.167
1069,37.124994,-3.999971,155.000000,0.783950,0.000000,0.000000,0.000000,1.000000,488.916607,161.000000,0.783950,1.000000,0.000000,0.000000,0.000000,514.208268,149.000000,0.783950,1.000000,0.000000,0.000000,0.000000,-3.999971,155.000000,80.000000,0.500000,-0.500000,0.500000,0.500000,4.167
1070,37.158327,-4.159971,155.000000,0.783950,0.000000,0.000000,0.000000,1.000000,489.249940,161.000000,0.783950,1.000000,0.000000,0.000000,0.000000,514.574934,149.000000,0.783950,1.000000,0.000000,0.000000,0.000000,-4.159971,155.000000,80.000000,0.500000,-0.500000,0.500000,0.500000,0.000
1071,37.191661,-4.319971,155.000000,0.783950,0.000000,0.000000,0.000000,1.000000,489.583274,161.000000,0.783950,1.000000,0.000000,0.000000,0.000000,514.941601,149.000000,0.783950,1.000000,0.000000,0.000000,0.000000,-4.319971,155.000000,80.000000,0.500000,-0.500000,0.500000,0.500000,4.167
1072,37.224994,-4.479971,155.000000,0.783950,0.000000,0.000000,0.000000,1.000000,489.916607,161.000000,0.783950,1.000000,0.000000,0.000000,0.000000,515.308268,149.000000,0.783950,1.000000,0.000000,0.000000,0.000000,-4.479971,155.000000,80.000000,0.500000,-0.500000,0.500000,0.500000,4.167
1073,37.258327,-4.639971,155.000000,0.783950,0.000000,0.000000,0.000000,1.000000,490.249940,161.000000,0.783950,1.000000,0.000000,0.000000,0.000000,515.674934,149.000000,0.783950,1.000000,0.000000,0.000000,0.000000,-4.639971,155.000000,80.000000,0.500000,-0.500000,0.500000,0.500000,0.000
1074,37.291661,-4.799971,155.000000,0.783950,0.000000,0.000000,0.000000,1.000000,490.583273,161.000000,0.783950,1.000000,0.000000,0.000000,0.000000,516.041601,149.000000,0.783950,1.000000,0.000000,0.000000,0.000000,-4.799971,155.000000,80.000000,0.500000,-0.500000,0.500000,0.500000,4.167
1075,37.324994,-4.959971,155.000000,0.783950,0.000000,0.000000,0.000000,1.000000,490.916607,161.000000,0.783950,1.000000,0.000000,0.000000,0.000000,516.408267,149.000000,0.783950,1.000000,0.000000,0.000000,0.000000,-4.959971,155.000000,80.000000,0.500000,-0.500000,0.500000,0.500000,4.167
1076,37.358327,-5.119971,155.000000,0.783950,0.000000,0.000000,0.000000,1.000000,491.249940,161.000000,0.783950,1.000000,0.000000,0.000000,0.000000,516.774934,149.000000,0.783950,1.000000,0.000000,0.000000,0.000000,-5.119971,155.000000,80.000000,0.500000,-0.500000,0.500000,0.500000,0.000
1077,37.391661,-5.279971,155.000000,0.783950,0.000000,0.000000,0.000000,1.000000,491.583273,161.000000,0.783950,1.000000,0.000000,0.000000,0.000000,517.141601,149.000000,0.783950,1.000000,0.000000,0.000000,0.000000,-5.279971,155.000000,80.000000,0.500000,-0.500000,0.500000,0.500000,4.167
1078,37.420827,-5.419971,155.000000,0.783950,0.000000,0.000000,0.000000,1.000000,491.874940,161.000000,0.783950,1.000000,0.000000,0.000000,0.000000,517.462434,149.000000,0.783950,1.000000,0.000000,0.000000,0.000000,-5.419971,155.000000,80.000000,0.500000,-0.500000,0.500000,0.500000,0.000
1079,37.454161,-5.579971,155.000000,0.783950,0.000000,0.000000,0.000000,1.000000,492.208273,161.000000,0.783950,1.000000,0.000000,0.000000,0.000000,517.829100,149.000000,0.783950,1.000000,0.000000,0.000000,0.000000,-5.579971,155.000000,80.000000,0.500000,-0.500000,0.500000,0.500000,4.167
1080,37.487494,-5.739971,155.000000,0.783950,0.000000,0.000000,0.000000,1.000000,492.541606,161.000000,0.783950,1.000000,0.000000,0.000000,0.000000,518.195767,149.000000,0.783950,1.000000,0.000000,0.000000,0.000000,-5.739971,155.000000,80.000000,0.500000,-0.500000,0.500000,0.500000,4.167
1081,37.520827,-5.899971,155.000000,0.783950,0.000000,0.000000,0.000000,1.000000,492.874940,161.000000,0.783950,1.000000,0.000000,0.000000,0.000000,518.562434,149.000000,0.783950,1.000000,0.000000,0.000000,0.000000,-5.899971,155.000000,80.000000,0.500000,-0.500000,0.500000,0.500000,0.000
1082,37.554161,-6.059971,155.000000,0.783950,0.000000,0.000000,0.000000,1.000000,493.208273,161.000000,0.783950,1.000000,0.000000,0.000000,0.000000,518.929100,149.000000,0.783950,1.000000,0.000000,0.000000,0.000000,-6.059971,155.000000,80.000000,0.500000,-0.500000,0.500000,0.500000,4.167
1083,37.587494,-6.219971,155.000000,0.783950,0.000000,0.000000,0.000000,1.000000,493.541606,161.000000,0.783950,1.000000,0.000000,0.000000,0.000000,519.295767,149.000000,0.783950,1.000000,0.000000,0.000000,0.000000,-6.219971,155.000000,80.000000,0.500000,-0.500000,0.500000,0.500000,4.167
1084,37.620827,-6.379971,155.000000,0.783950,0.000000,0.000000,0.000000,1.000000,493.874940,161.000000,0.783950,1.000000,0.000000,0.000000,0.000000,519.662433,149.000000,0.783950,1.000000,0.000000,0.000000,0.000000,-6.379971,155.000000,80.000000,0.500000,-0.500000,0.500000,0.500000,0.000
1085,37.654161,-6.539971,155.000000,0.783950,0.000000,0.000000,0.000000,1.000000,494.208273,161.000000,0.783950,1.000000,0.000000,0.000000,0.000000,520.029100,149.000000,0.783950,1.000000,0.000000,0.000000,0.000000,-6.539971,155.000000,80.000000,0.500000,-0.500000,0.500000,0.500000,4.167
1086,37.687494,-6.699971,155.000000,0.783950,0.000000,0.000000,0.000000,1.000000,494.541606,161.000000,0.783950,1.000000,0.000000,0.000000,0.000000,520.395767,149.000000,0.783950,1.000000,0.000000,0.000000,0.000000,-6.699971,155.000000,80.000000,0.500000,-0.500000,0.500000,0.500000,4.167
1087,37.720827,-6.859971,155.000000,0.783950,0.000000,0.000000,0.000000,1.000000,494.874939,161.000000,0.783950,1.000000,0.000000,0.000000,0.000000,520.762433,149.000000,0.783950,1.000000,0.000000,0.000000,0.000000,-6.859971,155.000000,80.000000,0.500000,-0.500000,0.500000,0.500000,0.000
1088,37.754161,-7.019971,155.000000,0.783950,0.000000,0.000000,0.000000,1.000000,495.208273,161.000000,0.783950,1.000000,0.000000,0.000000,0.000000,521.129100,149.000000,0.783950,1.000000,0.000000,0.000000,0.000000,-7.019971,155.000000,80.000000,0.500000,-0.500000,0.500000,0.500000,4.167
1089,37.787494,-7.179971,155.000000,0.783950,0.000000,0.000000,0.000000,1.000000,495.541606,161.000000,0.783950,1.000000,0.000000,0.000000,0.000000,521.495767,149.000000,0.783950,1.000000,0.000000,0.000000,0.000000,-7.179971,155.000000,80.000000,0.500000,-0.500000,0.500000,0.500000,4.167
1090,37.820827,-7.339971,155.000000,0.783950,0.000000,0.000000,0.000000,1.000000,495.874939,161.000000,0.783950,1.000000,0.000000,0.000000,0.000000,521.862433,149.000000,0.783950,1.000000,0.000000,0.000000,0.000000,-7.339971,155.000000,80.000000,0.500000,-0.500000,0.500000,0.500000,0.000
1091,37.849994,-7.479971,155.000000,0.783950,0.000000,0.000000,0.000000,1.000000,496.166606,161.000000,0.783950,1.000000,0.000000,0.000000,0.000000,522.183266,149.000000,0.783950,1.000000,0.000000,0.000000,0.000000,-7.479971,155.000000,80.000000,0.500000,-0.500000,0.500000,0.500000,4.167
1092,37.883327,-7.639971,155.000000,0.783950,0.000000,0.000000,0.000000,1.000000,496.499939,161.000000,0.783950,1.000000,0.000000,0.000000,0.000000,522.549933,149.000000,0.783950,1.000000,0.000000,0.000000,0.000000,-7.639971,155.000000,80.000000,0.500000,-0.500000,0.500000,0.500000,0.000
1093,37.916661,-7.799971,155.000000,0.783950,0.000000,0.000000,0.000000,1.000000,496.833272,161.000000,0.783950,1.000000,0.000000,0.000000,0.000000,522.916600,149.000000,0.783950,1.000000,0.000000,0.000000,0.000000,-7.799971,155.000000,80.000000,0.500000,-0.500000,0.500000,0.500000,4.167
1094,37.949994,-7.959971,155.000000,0.783950,0.000000,0.000000,0.000000,1.000000,497.166606,161.000000,0.783950,1.000000,0.000000,0.000000,0.000000,523.283266,149.000000,0.783950,1.000000,0.000000,0.000000,0.000000,-7.959971,155.000000,80.000000,0.500000,-0.500000,0.500000,0.500000,4.167
1095,37.983327,-8.119971,155.000000,0.783950,0.000000,0.000000,0.000000,1.000000,497.499939,161.000000,0.783950,1.000000,0.000000,0.000000,0.000000,523.649933,149.000000,0.783950,1.000000,0.000000,0.000000,0.000000,-8.119971,155.000000,80.000000,0.500000,-0.500000,0.500000,0.500000,0.000
1096,38.016661,-8.279971,155.000000,0.783950,0.000000,0.000000,0.000000,1.000000,497.833272,161.000000,0.783950,1.000000,0.000000,0.000000,0.000000,524.016599,149.000000,0.783950,1.000000,0.000000,0.000000,0.000000,-8.279971,155.000000,80.000000,0.500000,-0.500000,0.500000,0.500000,4.167
1097,38.049994,-8.439971,155.000000,0.783950,0.000000,0.000000,0.000000,1.000000,498.166606,161.000000,0.783950,1.000000,0.000000,0.000000,0.000000,524.383266,149.000000,0.783950,1.000000,0.000000,0.000000,0.000000,-8.439971,155.000000,80.000000,0.500000,-0.500000,0.500000,0.500000,4.167
1098,38.083327,-8.599971,155.000000,0.783950,0.000000,0.000000,0.000000,1.000000,498.499939,161.000000,0.783950,1.000000,0.000000,0.000000,0.000000,524.749933,149.000000,0.783950,1.000000,0.000000,0.000000,0.000000,-8.599971,155.000000,80.000000,0.500000,-0.500000,0.500000,0.500000,0.000
1099,38.116661,-8.759971,155.000000,0.783950,0.000000,0.000000,0.000000,1.000000,498.833272,161.000000,0.783950,1.000000,0.000000,0.000000,0.000000,525.116599,149.000000,0.783950,1.000000,0.000000,0.000000,0.000000,-8.759971,155.000000,80.000000,0.500000,-0.500000,0.500000,0.500000,4.167
1100,38.149994,-8.919971,155.000000,0.783950,0.000000,0.000000,0.000000,1.000000,499.166605,161.000000,0.783950,1.000000,0.000000,0.000000,0.000000,525.483266,149.000000,0.783950,1.000000,0.000000,0.000000,0.000000,-8.919971,155.000000,80.000000,0.500000,-0.500000,0.500000,0.500000,4.167
1101,38.183327,-9.079971,155.000000,0.783950,0.000000,0.000000,0.000000,1.000000,499.499939,161.000000,0.783950,1.000000,0.000000,0.000000,0.000000,525.849933,149.000000,0.783950,1.000000,0.000000,0.000000,0.000000,-9.079971,155.000000,80.000000,0.500000,-0.500000,0.500000,0.500000,0.000
1102,38.216661,-9.239971,155.000000,0.783950,0.000000,0.000000,0.000000,1.000000,499.833272,161.000000,0.783950,1.000000,0.000000,0.000000,0.000000,526.216599,149.000000,0.783950,1.000000,0.000000,0.000000,0.000000,-9.239971,155.000000,80.000000,0.500000,-0.500000,0.500000,0.500000,4.167
1103,38.245827,-9.379970,155.000000,0.783950,0.000000,0.000000,0.000000,1.000000,500.124939,161.000000,0.783950,1.000000,0.000000,0.000000,0.000000,526.537432,149.000000,0.783950,1.000000,0.000000,0.000000,0.000000,-9.379970,155.000000,80.000000,0.500000,-0.500000,0.500000,0.500000,0.000
1104,38.279161,-9.539970,155.000000,0.783950,0.000000,0.000000,0.000000,1.000000,500.458272,161.000000,0.783950,1.000000,0.000000,0.000000,0.000000,526.904099,149.000000,0.783950,1.000000,0.000000,0.000000,0.000000,-9.539970,155.000000,80.000000,0.500000,-0.500000,0.500000,0.500000,4.167
1105,38.312494,-9.699970,155.000000,0.783950,0.000000,0.000000,0.000000,1.000000,500.791605,161.000000,0.783950,1.000000,0.000000,0.000000,0.000000,527.270766,149.000000,0.783950,1.000000,0.000000,0.000000,0.000000,-9.699970,155.000000,80.000000,0.500000,-0.500000,0.500000,0.500000,4.167
1106,38.345827,-9.859970,155.000000,0.783950,0.000000,0.000000,0.000000,1.000000,501.124938,161.000000,0.783950,1.000000,0.000000,0.000000,0.000000,527.637432,149.000000,0.783950,1.000000,0.000000,0.000000,0.000000,-9.859970,155.000000,80.000000,0.500000,-0.500000,0.500000,0.500000,0.000
1107,38.379161,-10.019970,155.000000,0.783950,0.000000,0.000000,0.000000,1.000000,501.458272,161.000000,0.783950,1.000000,0.000000,0.000000,0.000000,528.004099,149.000000,0.783950,1.000000,0.000000,0.000000,0.000000,-10.019970,155.000000,80.000000,0.500000,-0.500000,0.500000,0.500000,4.167
1108,38.412494,-10.179970,155.000000,0.783950,0.000000,0.000000,0.000000,1.000000,501.791605,161.000000,0.783950,1.000000,0.000000,0.000000,0.000000,528.370765,149.000000,0.783950,1.000000,0.000000,0.000000,0.000000,-10.179970,155.000000,80.000000,0.500000,-0.500000,0.500000,0.500000,4.167
1109,38.445827,-10.339970,155.000000,0.783950,0.000000,0.000000,0.000000,1.000000,502.124938,161.000000,0.783950,1.000000,0.000000,0.000000,0.000000,528.737432,149.000000,0.783950,1.000000,0.000000,0.000000,0.000000,-10.339970,155.000000,80.000000,0.500000,-0.500000,0.500000,0.500000,0.000
1110,38.479161,-10.499970,155.000000,0.783950,0.000000,0.000000,0.000000,1.000000,502.458271,161.000000,0.783950,1.000000,0.000000,0.000000,0.000000,529.104099,149.000000,0.783950,1.000000,0.000000,0.000000,0.000000,-10.499970,155.000000,80.000000,0.500000,-0.500000,0.500000,0.500000,4.167
1111,38.512494,-10.659970,155.000000,0.783950,0.000000,0.000000,0.000000,1.000000,502.791605,161.000000,0.783950,1.000000,0.000000,0.000000,0.000000,529.470765,149.000000,0.783950,1.000000,0.000000,0.000000,0.000000,-10.659970,155.000000,80.000000,0.500000,-0.500000,0.500000,0.500000,4.167
1112,38.545827,-10.819970,155.000000,0.783950,0.000000,0.000000,0.000000,1.000000,503.124938,161.000000,0.783950,1.000000,0.000000,0.000000,0.000000,529.837432,149.000000,0.783950,1.000000,0.000000,0.000000,0.000000,-10.819970,155.000000,80.000000,0.500000,-0.500000,0.500000,0.500000,0.000
1113,38.579160,-10.979970,155.000000,0.783950,0.000000,0.000000,0.000000,1.000000,503.458271,161.000000,0.783950,1.000000,0.000000,0.000000,0.000000,530.204098,149.000000,0.783950,1.000000,0.000000,0.000000,0.000000,-10.979970,155.000000,80.000000,0.500000,-0.500000,0.500000,0.500000,4.167
1114,38.612494,-11.139970,155.000000,0.783950,0.000000,0.000000,0.000000,1.000000,503.791605,161.000000,0.783950,1.000000,0.000000,0.000000,0.000000,530.570765,149.000000,0.783950,1.000000,0.000000,0.000000,0.000000,-11.139970,155.000000,80.000000,0.500000,-0.500000,0.500000,0.500000,4.167
1115,38.645827,-11.299970,155.000000,0.783950,0.000000,0.000000,0.000000,1.000000,504.124938,161.000000,0.783950,1.000000,0.000000,0.000000,0.000000,530.937432,149.000000,0.783950,1.000000,0.000000,0.000000,0.000000,-11.299970,155.000000,80.000000,0.500000,-0.500000,0.500000,0.500000,0.000
1116,38.674994,-11.439970,155.000000,0.783950,0.000000,0.000000,0.000000,1.000000,504.416605,161.000000,0.783950,1.000000,0.000000,0.000000,0.000000,531.258265,149.000000,0.783950,1.000000,0.000000,0.000000,0.000000,-11.439970,155.000000,80.000000,0.500000,-0.500000,0.500000,0.500000,4.167
1117,38.708327,-11.599970,155.000000,0.783950,0.000000,0.000000,0.000000,1.000000,504.749938,161.000000,0.783950,1.000000,0.000000,0.000000,0.000000,531.624932,149.000000,0.783950,1.000000,0.000000,0.000000,0.000000,-11.599970,155.000000,80.000000,0.500000,-0.500000,0.500000,0.500000,0.000
1118,38.741660,-11.759970,155.000000,0.783950,0.000000,0.000000,0.000000,1.000000,505.083271,161.000000,0.783950,1.000000,0.000000,0.000000,0.000000,531.991598,149.000000,0.783950,1.000000,0.000000,0.000000,0.000000,-11.759970,155.000000,80.000000,0.500000,-0.500000,0.500000,0.500000,4.167
1119,38.774994,-11.919970,155.000000,0.783950,0.000000,0.000000,0.000000,1.000000,505.416604,161.000000,0.783950,1.000000,0.000000,0.000000,0.000000,532.358265,149.000000,0.783950,1.000000,0.000000,0.000000,0.000000,-11.919970,155.000000,80.000000,0.500000,-0.500000,0.500000,0.500000,4.167
1120,38.808327,-12.079970,155.000000,0.783950,0.000000,0.000000,0.000000,1.000000,505.749938,161.000000,0.783950,1.000000,0.000000,0.000000,0.000000,532.724931,149.000000,0.783950,1.000000,0.000000,0.000000,0.000000,-12.079970,155.000000,80.000000,0.500000,-0.500000,0.500000,0.500000,0.000
1121,38.841660,-12.239970,155.000000,0.783950,0.000000,0.000000,0.000000,1.000000,506.083271,161.000000,0.783950,1.000000,0.000000,0.000000,0.000000,533.091598,149.000000,0.783950,1.000000,0.000000,0.000000,0.000000,-12.239970,155.000000,80.000000,0.500000,-0.500000,0.500000,0.500000,4.167
1122,38.874994,-12.399970,155.000000,0.783950,0.000000,0.000000,0.000000,1.000000,506.416604,161.000000,0.783950,1.000000,0.000000,0.000000,0.000000,533.458265,149.000000,0.783950,1.000000,0.000000,0.000000,0.000000,-12.399970,155.000000,80.000000,0.500000,-0.500000,0.500000,0.500000,4.167
1123,38.908327,-12.559970,155.000000,0.783950,0.000000,0.000000,0.000000,1.000000,506.749937,161.000000,0.783950,1.000000,0.000000,0.000000,0.000000,533.824931,149.000000,0.783950,1.000000,0.000000,0.000000,0.000000,-12.559970,155.000000,80.000000,0.500000,-0.500000,0.500000,0.500000,0.000
1124,38.941660,-12.719970,155.000000,0.783950,0.000000,0.000000,0.000000,1.000000,507.083271,161.000000,0.783950,1.000000,0.000000,0.000000,0.000000,534.191598,149.000000,0.783950,1.000000,0.000000,0.000000,0.000000,-12.719970,155.000000,80.000000,0.500000,-0.500000,0.500000,0.500000,4.167
1125,38.974994,-12.879970,155.000000,0.783950,0.000000,0.000000,0.000000,1.000000,507.416604,161.000000,0.783950,1.000000,0.000000,0.000000,0.000000,534.558264,149.000000,0.783950,1.000000,0.000000,0.000000,0.000000,-12.879970,155.000000,80.000000,0.500000,-0.500000,0.500000,0.500000,4.167
1126,39.008327,-13.039970,155.000000,0.783950,0.000000,0.000000,0.000000,1.000000,507.749937,161.000000,0.783950,1.000000,0.000000,0.000000,0.000000,534.924931,149.000000,0.783950,1.000000,0.000000,0.000000,0.000000,-13.039970,155.000000,80.000000,0.500000,-0.500000,0.500000,0.500000,0.000
1127,39.041660,-13.199970,155.000000,0.783950,0.000000,0.000000,0.000000,1.000000,508.083271,161.000000,0.783950,1.000000,0.000000,0.000000,0.000000,535.291598,149.000000,0.783950,1.000000,0.000000,0.000000,0.000000,-13.199970,155.000000,80.000000,0.500000,-0.500000,0.500000,0.500000,4.167
1128,39.070827,-13.339970,155.000000,0.783950,0.000000,0.000000,0.000000,1.000000,508.374937,161.000000,0.783950,1.000000,0.000000,0.000000,0.000000,535.612431,149.000000,0.783950,1.000000,0.000000,0.000000,0.000000,-13.339970,155.000000,80.000000,0.500000,-0.500000,0.500000,0.500000,0.000
1129,39.104160,-13.499970,155.000000,0.783950,0.000000,0.000000,0.000000,1.000000,508.708270,161.000000,0.783950,1.000000,0.000000,0.000000,0.000000,535.979098,149.000000,0.783950,1.000000,0.000000,0.000000,0.000000,-13.499970,155.000000,80.000000,0.500000,-0.500000,0.500000,0.500000,4.167
1130,39.137494,-13.659970,155.000000,0.783950,0.000000,0.000000,0.000000,1.000000,509.041604,161.000000,0.783950,1.000000,0.000000,0.000000,0.000000,536.345764,149.000000,0.783950,1.000000,0.000000,0.000000,0.000000,-13.659970,155.000000,80.000000,0.500000,-0.500000,0.500000,0.500000,4.167
1131,39.170827,-13.819970,155.000000,0.783950,0.000000,0.000000,0.000000,1.000000,509.374937,161.000000,0.783950,1.000000,0.000000,0.000000,0.000000,536.712431,149.000000,0.783950,1.000000,0.000000,0.000000,0.000000,-13.819970,155.000000,80.000000,0.500000,-0.500000,0.500000,0.500000,0.000
1132,39.204160,-13.979970,155.000000,0.783950,0.000000,0.000000,0.000000,1.000000,509.708270,161.000000,0.783950,1.000000,0.000000,0.000000,0.000000,537.079097,149.000000,0.783950,1.000000,0.000000,0.000000,0.000000,-13.979970,155.000000,80.000000,0.500000,-0.500000,0.500000,0.500000,4.167
1133,39.237494,-14.139970,155.000000,0.783950,0.000000,0.000000,0.000000,1.000000,510.041604,161.000000,0.783950,1.000000,0.000000,0.000000,0.000000,537.445764,149.000000,0.783950,1.000000,0.000000,0.000000,0.000000,-14.139970,155.000000,80.000000,0.500000,-0.500000,0.500000,0.500000,4.167
1134,39.270827,-14.299970,155.000000,0.783950,0.000000,0.000000,0.000000,1.000000,510.374937,161.000000,0.783950,1.000000,0.000000,0.000000,0.000000,537.812431,149.000000,0.783950,1.000000,0.000000,0.000000,0.000000,-14.299970,155.000000,80.000000,0.500000,-0.500000,0.500000,0.500000,0.000
1135,39.304160,-14.459970,155.000000,0.783950,0.000000,0.000000,0.000000,1.000000,510.708270,161.000000,0.783950,1.000000,0.000000,0.000000,0.000000,538.179097,149.000000,0.783950,1.000000,0.000000,0.000000,0.000000,-14.459970,155.000000,80.000000,0.500000,-0.500000,0.500000,0.500000,4.167
1136,39.337494,-14.619970,155.000000,0.783950,0.000000,0.000000,0.000000,1.000000,511.041603,161.000000,0.783950,1.000000,0.000000,0.000000,0.000000,538.545764,149.000000,0.783950,1.000000,0.000000,0.000000,0.000000,-14.619970,155.000000,80.000000,0.500000,-0.500000,0.500000,0.500000,4.167
1137,39.370827,-14.779970,155.000000,0.783950,0.000000,0.000000,0.000000,1.000000,511.374937,161.000000,0.783950,1.000000,0.000000,0.000000,0.000000,538.912430,149.000000,0.783950,1.000000,0.000000,0.000000,0.000000,-14.779970,155.000000,80.000000,0.500000,-0.500000,0.500000,0.500000,0.000
1138,39.404160,-14.939970,155.000000,0.783950,0.000000,0.000000,0.000000,1.000000,511.708270,161.000000,0.783950,1.000000,0.000000,0.000000,0.000000,539.279097,149.000000,0.783950,1.000000,0.000000,0.000000,0.000000,-14.939970,155.000000,80.000000,0.500000,-0.500000,0.500000,0.500000,4.167
1139,39.437494,-15.099970,155.000000,0.783950,0.000000,0.000000,0.000000,1.000000,512.041603,161.000000,0.783950,1.000000,0.000000,0.000000,0.000000,539.645764,149.000000,0.783950,1.000000,0.000000,0.000000,0.000000,-15.099970,155.000000,80.000000,0.500000,-0.500000,0.500000,0.500000,4.167
1140,39.470827,-15.259970,155.000000,0.783950,0.000000,0.000000,0.000000,1.000000,512.374937,161.000000,0.783950,1.000000,0.000000,0.000000,0.000000,540.012430,149.000000,0.783950,1.000000,0.000000,0.000000,0.000000,-15.259970,155.000000,80.000000,0.500000,-0.500000,0.500000,0.500000,0.000
1141,39.499994,-15.399970,155.000000,0.783950,0.000000,0.000000,0.000000,1.000000,512.666603,161.000000,0.783950,1.000000,0.000000,0.000000,0.000000,540.333264,149.000000,0.783950,1.000000,0.000000,0.000000,0.000000,-15.399970,155.000000,80.000000,0.500000,-0.500000,0.500000,0.500000,4.167
1142,39.533327,-15.559970,155.000000,0.783950,0.000000,0.000000,0.000000,1.000000,512.999936,161.000000,0.783950,1.000000,0.000000,0.000000,0.000000,540.699930,149.000000,0.783950,1.000000,0.000000,0.000000,0.000000,-15.559970,155.000000,80.000000,0.500000,-0.500000,0.500000,0.500000,0.000
1143,39.566660,-15.719969,155.000000,0.783950,0.000000,0.000000,0.000000,1.000000,513.333270,161.000000,0.783950,1.000000,0.000000,0.000000,0.000000,541.066597,149.000000,0.783950,1.000000,0.000000,0.000000,0.000000,-15.719969,155.000000,80.000000,0.500000,-0.500000,0.500000,0.500000,4.167
1144,39.599994,-15.879969,155.000000,0.783950,0.000000,0.000000,0.000000,1.000000,513.666603,161.000000,0.783950,1.000000,0.000000,0.000000,0.000000,541.433263,149.000000,0.783950,1.000000,0.000000,0.000000,0.000000,-15.879969,155.000000,80.000000,0.500000,-0.500000,0.500000,0.500000,4.167
1145,39.633327,-16.039969,155.000000,0.783950,0.000000,0.000000,0.000000,1.000000,513.999936,161.000000,0.783950,1.000000,0.000000,0.000000,0.000000,541.799930,149.000000,0.783950,1.000000,0.000000,0.000000,0.000000,-16.039969,155.000000,80.000000,0.500000,-0.500000,0.500000,0.500000,0.000
1146,39.666660,-16.199969,155.000000,0.783950,0.000000,0.000000,0.000000,1.000000,514.333270,161.000000,0.783950,1.000000,0.000000,0.000000,0.000000,542.166597,149.000000,0.783950,1.000000,0.000000,0.000000,0.000000,-16.199969,155.000000,80.000000,0.500000,-0.500000,0.500000,0.500000,4.167
1147,39.699994,-16.359969,155.000000,0.783950,0.000000,0.000000,0.000000,1.000000,514.666603,161.000000,0.783950,1.000000,0.000000,0.000000,0.000000,542.533263,149.000000,0.783950,1.000000,0.000000,0.000000,0.000000,-16.359969,155.000000,80.000000,0.500000,-0.500000,0.500000,0.500000,4.167
1148,39.733327,-16.519969,155.000000,0.783950,0.000000,0.000000,0.000000,1.000000,514.999936,161.000000,0.783950,1.000000,0.000000,0.000000,0.000000,542.899930,149.000000,0.783950,1.000000,0.000000,0.000000,0.000000,-16.519969,155.000000,80.000000,0.500000,-0.500000,0.500000,0.500000,0.000
1149,39.766660,-16.679969,155.000000,0.783950,0.000000,0.000000,0.000000,1.000000,515.333269,161.000000,0.783950,1.000000,0.000000,0.000000,0.000000,543.266596,149.000000,0.783950,1.000000,0.000000,0.000000,0.000000,-16.679969,155.000000,80.000000,0.500000,-0.500000,0.500000,0.500000,4.167
1150,39.799994,-16.839969,155.000000,0.783950,0.000000,0.000000,0.000000,1.000000,515.666603,161.000000,0.783950,1.000000,0.000000,0.000000,0.000000,543.633263,149.000000,0.783950,1.000000,0.000000,0.000000,0.000000,-16.839969,155.000000,80.000000,0.500000,-0.500000,0.500000,0.500000,4.167
1151,39.833327,-16.999969,155.000000,0.783950,0.000000,0.000000,0.000000,1.000000,515.999936,161.000000,0.783950,1.000000,0.000000,0.000000,0.000000,543.999930,149.000000,0.783950,1.000000,0.000000,0.000000,0.000000,-16.999969,155.000000,80.000000,0.500000,-0.500000,0.500000,0.500000,0.000
1152,39.866660,-17.159969,155.000000,0.783950,0.000000,0.000000,0.000000,1.000000,516.333269,161.000000,0.783950,1.000000,0.000000,0.000000,0.000000,544.366596,149.000000,0.783950,1.000000,0.000000,0.000000,0.000000,-17.159969,155.000000,80.000000,0.500000,-0.500000,0.500000,0.500000,4.167
1153,39.895827,-17.299969,155.000000,0.783950,0.000000,0.000000,0.000000,1.000000,516.624936,161.000000,0.783950,1.000000,0.000000,0.000000,0.000000,544.687429,149.000000,0.783950,1.000000,0.000000,0.000000,0.000000,-17.299969,155.000000,80.000000,0.500000,-0.500000,0.500000,0.500000,0.000
1154,39.929160,-17.459969,155.000000,0.783950,0.000000,0.000000,0.000000,1.000000,516.958269,161.000000,0.783950,1.000000,0.000000,0.000000,0.000000,545.054096,149.000000,0.783950,1.000000,0.000000,0.000000,0.000000,-17.459969,155.000000,80.000000,0.500000,-0.500000,0.500000,0.500000,4.167
1155,39.962494,-17.619969,155.000000,0.783950,0.000000,0.000000,0.000000,1.000000,517.291602,161.000000,0.783950,1.000000,0.000000,0.000000,0.000000,545.420763,149.000000,0.783950,1.000000,0.000000,0.000000,0.000000,-17.619969,155.000000,80.000000,0.500000,-0.500000,0.500000,0.500000,4.167
1156,39.995827,-17.779969,155.000000,0.783950,0.000000,0.000000,0.000000,1.000000,517.624936,161.000000,0.783950,1.000000,0.000000,0.000000,0.000000,545.787429,149.000000,0.783950,1.000000,0.000000,0.000000,0.000000,-17.779969,155.000000,80.000000,0.500000,-0.500000,0.500000,0.500000,0.000
1157,40.029160,-17.939969,155.000000,0.783950,0.000000,0.000000,0.000000,1.000000,517.958269,161.000000,0.783950,1.000000,0.000000,0.000000,0.000000,546.154096,149.000000,0.783950,1.000000,0.000000,0.000000,0.000000,-17.939969,155.000000,80.000000,0.500000,-0.500000,0.500000,0.500000,4.167
1158,40.062494,-18.099969,155.000000,0.783950,0.000000,0.000000,0.000000,1.000000,518.291602,161.000000,0.783950,1.000000,0.000000,0.000000,0.000000,546.520763,149.000000,0.783950,1.000000,0.000000,0.000000,0.000000,-18.099969,155.000000,80.000000,0.500000,-0.500000,0.500000,0.500000,4.167
1159,40.095827,-18.259969,155.000000,0.783950,0.000000,0.000000,0.000000,1.000000,518.624936,161.000000,0.783950,1.000000,0.000000,0.000000,0.000000,546.887429,149.000000,0.783950,1.000000,0.000000,0.000000,0.000000,-18.259969,155.000000,80.000000,0.500000,-0.500000,0.500000,0.500000,0.000
1160,40.129160,-18.419969,155.000000,0.783950,0.000000,0.000000,0.000000,1.000000,518.958269,161.000000,0.783950,1.000000,0.000000,0.000000,0.000000,547.254096,149.000000,0.783950,1.000000,0.000000,0.000000,0.000000,-18.419969,155.000000,80.000000,0.500000,-0.500000,0.500000,0.500000,4.167
1161,40.162494,-18.579969,155.000000,0.783950,0.000000,0.000000,0.000000,1.000000,519.291602,161.000000,0.783950,1.000000,0.000000,0.000000,0.000000,547.620762,149.000000,0.783950,1.000000,0.000000,0.000000,0.000000,-18.579969,155.000000,80.000000,0.500000,-0.500000,0.500000,0.500000,4.167
1162,40.195827,-18.739969,155.000000,0.783950,0.000000,0.000000,0.000000,1.000000,519.624935,161.000000,0.783950,1.000000,0.000000,0.000000,0.000000,547.987429,149.000000,0.783950,1.000000,0.000000,0.000000,0.000000,-18.739969,155.000000,80.000000,0.500000,-0.500000,0.500000,0.500000,0.000
1163,40.229160,-18.899969,155.000000,0.783950,0.000000,0.000000,0.000000,1.000000,519.958269,161.000000,0.783950,1.000000,0.000000,0.000000,0.000000,548.354096,149.000000,0.783950,1.000000,0.000000,0.000000,0.000000,-18.899969,155.000000,80.000000,0.500000,-0.500000,0.500000,0.500000,4.167
1164,40.262494,-19.059969,155.000000,0.783950,0.000000,0.000000,0.000000,1.000000,520.291602,161.000000,0.783950,1.000000,0.000000,0.000000,0.000000,548.720762,149.000000,0.783950,1.000000,0.000000,0.000000,0.000000,-19.059969,155.000000,80.000000,0.500000,-0.500000,0.500000,0.500000,4.167
1165,40.295827,-19.219969,155.000000,0.783950,0.000000,0.000000,0.000000,1.000000,520.624935,161.000000,0.783950,1.000000,0.000000,0.000000,0.000000,549.087429,149.000000,0.783950,1.000000,0.000000,0.000000,0.000000,-19.219969,155.000000,80.000000,0.500000,-0.500000,0.500000,0.500000,0.000
1166,40.324994,-19.359969,155.000000,0.783950,0.000000,0.000000,0.000000,1.000000,520.916602,161.000000,0.783950,1.000000,0.000000,0.000000,0.000000,549.408262,149.000000,0.783950,1.000000,0.000000,0.000000,0.000000,-19.359969,155.000000,80.000000,0.500000,-0.500000,0.500000,0.500000,4.167
1167,40.358327,-19.519969,155.000000,0.783950,0.000000,0.000000,0.000000,1.000000,521.249935,161.000000,0.783950,1.000000,0.000000,0.000000,0.000000,549.774929,149.000000,0.783950,1.000000,0.000000,0.000000,0.000000,-19.519969,155.000000,80.000000,0.500000,-0.500000,0.500000,0.500000,0.000
1168,40.391660,-19.679969,155.000000,0.783950,0.000000,0.000000,0.000000,1.000000,521.583268,161.000000,0.783950,1.000000,0.000000,0.000000,0.000000,550.141595,149.000000,0.783950,1.000000,0.000000,0.000000,0.000000,-19.679969,155.000000,80.000000,0.500000,-0.500000,0.500000,0.500000,4.167
1169,40.424994,-19.839969,155.000000,0.783950,0.000000,0.000000,0.000000,1.000000,521.916602,161.000000,0.783950,1.000000,0.000000,0.000000,0.000000,550.508262,149.000000,0.783950,1.000000,0.000000,0.000000,0.000000,-19.839969,155.000000,80.000000,0.500000,-0.500000,0.500000,0.500000,4.167
1170,40.458327,-19.999969,155.000000,0.783950,0.000000,0.000000,0.000000,1.000000,522.249935,161.000000,0.783950,1.000000,0.000000,0.000000,0.000000,550.874928,149.000000,0.783950,1.000000,0.000000,0.000000,0.000000,-19.999969,155.000000,80.000000,0.500000,-0.500000,0.500000,0.500000,0.000
1171,40.491660,-20.159969,155.000000,0.783950,0.000000,0.000000,0.000000,1.000000,522.583268,161.000000,0.783950,1.000000,0.000000,0.000000,0.000000,551.241595,149.000000,0.783950,1.000000,0.000000,0.000000,0.000000,-20.159969,155.000000,80.000000,0.500000,-0.500000,0.500000,0.500000,4.167
1172,40.524994,-20.319969,155.000000,0.783950,0.000000,0.000000,0.000000,1.000000,522.916602,161.000000,0.783950,1.000000,0.000000,0.000000,0.000000,551.608262,149.000000,0.783950,1.000000,0.000000,0.000000,0.000000,-20.319969,155.000000,80.000000,0.500000,-0.500000,0.500000,0.500000,4.167
1173,40.558327,-20.479969,155.000000,0.783950,0.000000,0.000000,0.000000,1.000000,523.249935,161.000000,0.783950,1.000000,0.000000,0.000000,0.000000,551.974928,149.000000,0.783950,1.000000,0.000000,0.000000,0.000000,-20.479969,155.000000,80.000000,0.500000,-0.500000,0.500000,0.500000,0.000
1174,40.591660,-20.639969,155.000000,0.783950,0.000000,0.000000,0.000000,1.000000,523.583268,161.000000,0.783950,1.000000,0.000000,0.000000,0.000000,552.341595,149.000000,0.783950,1.000000,0.000000,0.000000,0.000000,-20.639969,155.000000,80.000000,0.500000,-0.500000,0.500000,0.500000,4.167
1175,40.624993,-20.799969,155.000000,0.783950,0.000000,0.000000,0.000000,1.000000,523.916601,161.000000,0.783950,1.000000,0.000000,0.000000,0.000000,552.708262,149.000000,0.783950,1.000000,0.000000,0.000000,0.000000,-20.799969,155.000000,80.000000,0.500000,-0.500000,0.500000,0.500000,4.167
1176,40.658327,-20.959969,155.000000,0.783950,0.000000,0.000000,0.000000,1.000000,524.249935,161.000000,0.783950,1.000000,0.000000,0.000000,0.000000,553.074928,149.000000,0.783950,1.000000,0.000000,0.000000,0.000000,-20.959969,155.000000,80.000000,0.500000,-0.500000,0.500000,0.500000,0.000
1177,40.691660,-21.119969,155.000000,0.783950,0.000000,0.000000,0.000000,1.000000,524.583268,161.000000,0.783950,1.000000,0.000000,0.000000,0.000000,553.441595,149.000000,0.783950,1.000000,0.000000,0.000000,0.000000,-21.119969,155.000000,80.000000,0.500000,-0.500000,0.500000,0.500000,4.167
1178,40.720827,-21.259969,155.000000,0.783950,0.000000,0.000000,0.000000,1.000000,524.874935,161.000000,0.783950,1.000000,0.000000,0.000000,0.000000,553.762428,149.000000,0.783950,1.000000,0.000000,0.000000,0.000000,-21.259969,155.000000,80.000000,0.500000,-0.500000,0.500000,0.500000,0.000
1179,40.754160,-21.419969,155.000000,0.783950,0.000000,0.000000,0.000000,1.000000,525.208268,161.000000,0.783950,1.000000,0.000000,0.000000,0.000000,554.129095,149.000000,0.783950,1.000000,0.000000,0.000000,0.000000,-21.419969,155.000000,80.000000,0.500000,-0.500000,0.500000,0.500000,4.167
1180,40.787493,-21.579969,155.000000,0.783950,0.000000,0.000000,0.000000,1.000000,525.541601,161.000000,0.783950,1.000000,0.000000,0.000000,0.000000,554.495761,149.000000,0.783950,1.000000,0.000000,0.000000,0.000000,-21.579969,155.000000,80.000000,0.500000,-0.500000,0.500000,0.500000,4.167
1181,40.820827,-21.739969,155.000000,0.783950,0.000000,0.000000,0.000000,1.000000,525.874934,161.000000,0.783950,1.000000,0.000000,0.000000,0.000000,554.862428,149.000000,0.783950,1.000000,0.000000,0.000000,0.000000,-21.739969,155.000000,80.000000,0.500000,-0.500000,0.500000,0.500000,0.000
1182,40.854160,-21.899968,155.000000,0.783950,0.000000,0.000000,0.000000,1.000000,526.208268,161.000000,0.783950,1.000000,0.000000,0.000000,0.000000,555.229094,149.000000,0.783950,1.000000,0.000000,0.000000,0.000000,-21.899968,155.000000,80.000000,0.500000,-0.500000,0.500000,0.500000,4.167
1183,40.887493,-22.059968,155.000000,0.783950,0.000000,0.000000,0.000000,1.000000,526.541601,161.000000,0.783950,1.000000,0.000000,0.000000,0.000000,555.595761,149.000000,0.783950,1.000000,0.000000,0.000000,0.000000,-22.059968,155.000000,80.000000,0.500000,-0.500000,0.500000,0.500000,4.167
1184,40.920827,-22.219968,155.000000,0.783950,0.000000,0.000000,0.000000,1.000000,526.874934,161.000000,0.783950,1.000000,0.000000,0.000000,0.000000,555.962428,149.000000,0.783950,1.000000,0.000000,0.000000,0.000000,-22.219968,155.000000,80.000000,0.500000,-0.500000,0.500000,0.500000,0.000
1185,40.954160,-22.379968,155.000000,0.783950,0.000000,0.000000,0.000000,1.000000,527.208268,161.000000,0.783950,1.000000,0.000000,0.000000,0.000000,556.329094,149.000000,0.783950,1.000000,0.000000,0.000000,0.000000,-22.379968,155.000000,80.000000,0.500000,-0.500000,0.500000,0.500000,4.167
1186,40.987493,-22.539968,155.000000,0.783950,0.000000,0.000000,0.000000,1.000000,527.541601,161.000000,0.783950,1.000000,0.000000,0.000000,0.000000,556.695761,149.000000,0.783950,1.000000,0.000000,0.000000,0.000000,-22.539968,155.000000,80.000000,0.500000,-0.500000,0.500000,0.500000,4.167
1187,41.020827,-22.699968,155.000000,0.783950,0.000000,0.000000,0.000000,1.000000,527.874934,161.000000,0.783950,1.000000,0.000000,0.000000,0.000000,557.062428,149.000000,0.783950,1.000000,0.000000,0.000000,0.000000,-22.699968,155.000000,80.000000,0.500000,-0.500000,0.500000,0.500000,0.000
1188,41.054160,-22.859968,155.000000,0.783950,0.000000,0.000000,0.000000,1.000000,528.208267,161.000000,0.783950,1.000000,0.000000,0.000000,0.000000,557.429094,149.000000,0.783950,1.000000,0.000000,0.000000,0.000000,-22.859968,155.000000,80.000000,0.500000,-0.500000,0.500000,0.500000,4.167
1189,41.087493,-23.019968,155.000000,0.783950,0.000000,0.000000,0.000000,1.000000,528.541601,161.000000,0.783950,1.000000,0.000000,0.000000,0.000000,557.795761,149.000000,0.783950,1.000000,0.000000,0.000000,0.000000,-23.019968,155.000000,80.000000,0.500000,-0.500000,0.500000,0.500000,4.167
1190,41.120827,-23.179968,155.000000,0.783950,0.000000,0.000000,0.000000,1.000000,528.874934,161.000000,0.783950,1.000000,0.000000,0.000000,0.000000,558.162427,149.000000,0.783950,1.000000,0.000000,0.000000,0.000000,-23.179968,155.000000,80.000000,0.500000,-0.500000,0.500000,0.500000,0.000
1191,41.149993,-23.319968,155.000000,0.783950,0.000000,0.000000,0.000000,1.000000,529.166601,161.000000,0.783950,1.000000,0.000000,0.000000,0.000000,558.483261,149.000000,0.783950,1.000000,0.000000,0.000000,0.000000,-23.319968,155.000000,80.000000,0.500000,-0.500000,0.500000,0.500000,4.167
1192,41.183327,-23.479968,155.000000,0.783950,0.000000,0.000000,0.000000,1.000000,529.499934,161.000000,0.783950,1.000000,0.000000,0.000000,0.000000,558.849927,149.000000,0.783950,1.000000,0.000000,0.000000,0.000000,-23.479968,155.000000,80.000000,0.500000,-0.500000,0.500000,0.500000,0.000
1193,41.216660,-23.639968,155.000000,0.783950,0.000000,0.000000,0.000000,1.000000,529.833267,161.000000,0.783950,1.000000,0.000000,0.000000,0.000000,559.216594,149.000000,0.783950,1.000000,0.000000,0.000000,0.000000,-23.639968,155.000000,80.000000,0.500000,-0.500000,0.500000,0.500000,4.167
1194,41.249993,-23.799968,155.000000,0.783950,0.000000,0.000000,0.000000,1.000000,530.166600,161.000000,0.783950,1.000000,0.000000,0.000000,0.000000,559.583260,149.000000,0.783950,1.000000,0.000000,0.000000,0.000000,-23.799968,155.000000,80.000000,0.500000,-0.500000,0.500000,0.500000,4.167
1195,41.283327,-23.959968,155.000000,0.783950,0.000000,0.000000,0.000000,1.000000,530.499934,161.000000,0.783950,1.000000,0.000000,0.000000,0.000000,559.949927,149.000000,0.783950,1.000000,0.000000,0.000000,0.000000,-23.959968,155.000000,80.000000,0.500000,-0.500000,0.500000,0.500000,0.000
1196,41.316660,-24.119968,155.000000,0.783950,0.000000,0.000000,0.000000,1.000000,530.833267,161.000000,0.783950,1.000000,0.000000,0.000000,0.000000,560.316594,149.000000,0.783950,1.000000,0.000000,0.000000,0.000000,-24.119968,155.000000,80.000000,0.500000,-0.500000,0.500000,0.500000,4.167
1197,41.349993,-24.279968,155.000000,0.783950,0.000000,0.000000,0.000000,1.000000,531.166600,161.000000,0.783950,1.000000,0.000000,0.000000,0.000000,560.683260,149.000000,0.783950,1.000000,0.000000,0.000000,0.000000,-24.279968,155.000000,80.000000,0.500000,-0.500000,0.500000,0.500000,4.167
1198,41.383327,-24.439968,155.000000,0.783950,0.000000,0.000000,0.000000,1.000000,531.499934,161.000000,0.783950,1.000000,0.000000,0.000000,0.000000,561.049927,149.000000,0.783950,1.000000,0.000000,0.000000,0.000000,-24.439968,155.000000,80.000000,0.500000,-0.500000,0.500000,0.500000,0.000
1199,41.416660,-24.599968,155.000000,0.783950,0.000000,0.000000,0.000000,1.000000,531.833267,161.000000,0.783950,1.000000,0.000000,0.000000,0.000000,561.416593,149.000000,0.783950,1.000000,0.000000,0.000000,0.000000,-24.599968,155.000000,80.000000,0.500000,-0.500000,0.500000,0.500000,4.167
1200,41.449993,-24.759968,155.000000,0.783950,0.000000,0.000000,0.000000,1.000000,532.166600,161.000000,0.783950,1.000000,0.000000,0.000000,0.000000,561.783260,149.000000,0.783950,1.000000,0.000000,0.000000,0.000000,-24.759968,155.000000,80.000000,0.500000,-0.500000,0.500000,0.500000,4.167
1201,41.483327,-24.919968,155.000000,0.783950,0.000000,0.000000,0.000000,1.000000,532.499933,161.000000,0.783950,1.000000,0.000000,0.000000,0.000000,562.149927,149.000000,0.783950,1.000000,0.000000,0.000000,0.000000,-24.919968,155.000000,80.000000,0.500000,-0.500000,0.500000,0.500000,0.000
1202,41.516660,-25.079968,155.000000,0.783950,0.000000,0.000000,0.000000,1.000000,532.833267,161.000000,0.783950,1.000000,0.000000,0.000000,0.000000,562.516593,149.000000,0.783950,1.000000,0.000000,0.000000,0.000000,-25.079968,155.000000,80.000000,0.500000,-0.500000,0.500000,0.500000,4.167
1203,41.545827,-25.219968,155.000000,0.783950,0.000000,0.000000,0.000000,1.000000,533.124933,161.000000,0.783950,1.000000,0.000000,0.000000,0.000000,562.837427,149.000000,0.783950,1.000000,0.000000,0.000000,0.000000,-25.219968,155.000000,80.000000,0.500000,-0.500000,0.500000,0.500000,0.000
1204,41.579160,-25.379968,155.000000,0.783950,0.000000,0.000000,0.000000,1.000000,533.458267,161.000000,0.783950,1.000000,0.000000,0.000000,0.000000,563.204093,149.000000,0.783950,1.000000,0.000000,0.000000,0.000000,-25.379968,155.000000,80.000000,0.500000,-0.500000,0.500000,0.500000,4.167
1205,41.612493,-25.539968,155.000000,0.783950,0.000000,0.000000,0.000000,1.000000,533.791600,161.000000,0.783950,1.000000,0.000000,0.000000,0.000000,563.570760,149.000000,0.783950,1.000000,0.000000,0.000000,0.000000,-25.539968,155.000000,80.000000,0.500000,-0.500000,0.500000,0.500000,4.167
1206,41.645827,-25.699968,155.000000,0.783950,0.000000,0.000000,0.000000,1.000000,534.124933,161.000000,0.783950,1.000000,0.000000,0.000000,0.000000,563.937426,149.000000,0.783950,1.000000,0.000000,0.000000,0.000000,-25.699968,155.000000,80.000000,0.500000,-0.500000,0.500000,0.500000,0.000
1207,41.679160,-25.859968,155.000000,0.783950,0.000000,0.000000,0.000000,1.000000,534.458266,161.000000,0.783950,1.000000,0.000000,0.000000,0.000000,564.304093,149.000000,0.783950,1.000000,0.000000,0.000000,0.000000,-25.859968,155.000000,80.000000,0.500000,-0.500000,0.500000,0.500000,4.167
1208,41.712493,-26.019968,155.000000,0.783950,0.000000,0.000000,0.000000,1.000000,534.791600,161.000000,0.783950,1.000000,0.000000,0.000000,0.000000,564.670760,149.000000,0.783950,1.000000,0.000000,0.000000,0.000000,-26.019968,155.000000,80.000000,0.500000,-0.500000,0.500000,0.500000,4.167
1209,41.745827,-26.179968,155.000000,0.783950,0.000000,0.000000,0.000000,1.000000,535.124933,161.000000,0.783950,1.000000,0.000000,0.000000,0.000000,565.037426,149.000000,0.783950,1.000000,0.000000,0.000000,0.000000,-26.179968,155.000000,80.000000,0.500000,-0.500000,0.500000,0.500000,0.000
1210,41.779160,-26.339968,155.000000,0.783950,0.000000,0.000000,0.000000,1.000000,535.458266,161.000000,0.783950,1.000000,0.000000,0.000000,0.000000,565.404093,149.000000,0.783950,1.000000,0.000000,0.000000,0.000000,-26.339968,155.000000,80.000000,0.500000,-0.500000,0.500000,0.500000,4.167
1211,41.812493,-26.499968,155.000000,0.783950,0.000000,0.000000,0.000000,1.000000,535.791599,161.000000,0.783950,1.000000,0.000000,0.000000,0.000000,565.770759,149.000000,0.783950,1.000000,0.000000,0.000000,0.000000,-26.499968,155.000000,80.000000,0.500000,-0.500000,0.500000,0.500000,4.167
1212,41.845827,-26.659968,155.000000,0.783950,0.000000,0.000000,0.000000,1.000000,536.124933,161.000000,0.783950,1.000000,0.000000,0.000000,0.000000,566.137426,149.000000,0.783950,1.000000,0.000000,0.000000,0.000000,-26.659968,155.000000,80.000000,0.500000,-0.500000,0.500000,0.500000,0.000
1213,41.879160,-26.819968,155.000000,0.783950,0.000000,0.000000,0.000000,1.000000,536.458266,161.000000,0.783950,1.000000,0.000000,0.000000,0.000000,566.504093,149.000000,0.783950,1.000000,0.000000,0.000000,0.000000,-26.819968,155.000000,80.000000,0.500000,-0.500000,0.500000,0.500000,4.167
1214,41.912493,-26.979968,155.000000,0.783950,0.000000,0.000000,0.000000,1.000000,536.791599,161.000000,0.783950,1.000000,0.000000,0.000000,0.000000,566.870759,149.000000,0.783950,1.000000,0.000000,0.000000,0.000000,-26.979968,155.000000,80.000000,0.500000,-0.500000,0.500000,0.500000,4.167
1215,41.945827,-27.139968,155.000000,0.783950,0.000000,0.000000,0.000000,1.000000,537.124933,161.000000,0.783950,1.000000,0.000000,0.000000,0.000000,567.237426,149.000000,0.783950,1.000000,0.000000,0.000000,0.000000,-27.139968,155.000000,80.000000,0.500000,-0.500000,0.500000,0.500000,0.000
1216,41.974993,-27.279968,155.000000,0.783950,0.000000,0.000000,0.000000,1.000000,537.416599,161.000000,0.783950,1.000000,0.000000,0.000000,0.000000,567.558259,149.000000,0.783950,1.000000,0.000000,0.000000,0.000000,-27.279968,155.000000,80.000000,0.500000,-0.500000,0.500000,0.500000,4.167
1217,42.008327,-27.439968,155.000000,0.783950,0.000000,0.000000,0.000000,1.000000,537.749933,161.000000,0.783950,1.000000,0.000000,0.000000,0.000000,567.924926,149.000000,0.783950,1.000000,0.000000,0.000000,0.000000,-27.439968,155.000000,80.000000,0.500000,-0.500000,0.500000,0.500000,0.000
1218,42.041660,-27.599968,155.000000,0.783950,0.000000,0.000000,0.000000,1.000000,538.083266,161.000000,0.783950,1.000000,0.000000,0.000000,0.000000,568.291592,149.000000,0.783950,1.000000,0.000000,0.000000,0.000000,-27.599968,155.000000,80.000000,0.500000,-0.500000,0.500000,0.500000,4.167
1219,42.074993,-27.759968,155.000000,0.783950,0.000000,0.000000,0.000000,1.000000,538.416599,161.000000,0.783950,1.000000,0.000000,0.000000,0.000000,568.658259,149.000000,0.783950,1.000000,0.000000,0.000000,0.000000,-27.759968,155.000000,80.000000,0.500000,-0.500000,0.500000,0.500000,4.167
1220,42.108327,-27.919968,155.000000,0.783950,0.000000,0.000000,0.000000,1.000000,538.749932,161.000000,0.783950,1.000000,0.000000,0.000000,0.000000,569.024926,149.000000,0.783950,1.000000,0.000000,0.000000,0.000000,-27.919968,155.000000,80.000000,0.500000,-0.500000,0.500000,0.500000,0.000
1221,42.141660,-28.079968,155.000000,0.783950,0.000000,0.000000,0.000000,1.000000,539.083266,161.000000,0.783950,1.000000,0.000000,0.000000,0.000000,569.391592,149.000000,0.783950,1.000000,0.000000,0.000000,0.000000,-28.079968,155.000000,80.000000,0.500000,-0.500000,0.500000,0.500000,4.167
1222,42.174993,-28.239967,155.000000,0.783950,0.000000,0.000000,0.000000,1.000000,539.416599,161.000000,0.783950,1.000000,0.000000,0.000000,0.000000,569.758259,149.000000,0.783950,1.000000,0.000000,0.000000,0.000000,-28.239967,155.000000,80.000000,0.500000,-0.500000,0.500000,0.500000,4.167
1223,42.208327,-28.399967,155.000000,0.783950,0.000000,0.000000,0.000000,1.000000,539.749932,161.000000,0.783950,1.000000,0.000000,0.000000,0.000000,570.124925,149.000000,0.783950,1.000000,0.000000,0.000000,0.000000,-28.399967,155.000000,80.000000,0.500000,-0.500000,0.500000,0.500000,0.000
1224,42.241660,-28.559967,155.000000,0.783950,0.000000,0.000000,0.000000,1.000000,540.083265,161.000000,0.783950,1.000000,0.000000,0.000000,0.000000,570.491592,149.000000,0.783950,1.000000,0.000000,0.000000,0.000000,-28.559967,155.000000,80.000000,0.500000,-0.500000,0.500000,0.500000,4.167
1225,42.274993,-28.719967,155.000000,0.783950,0.000000,0.000000,0.000000,1.000000,540.416599,161.000000,0.783950,1.000000,0.000000,0.000000,0.000000,570.858259,149.000000,0.783950,1.000000,0.000000,0.000000,0.000000,-28.719967,155.000000,80.000000,0.500000,-0.500000,0.500000,0.500000,4.167
1226,42.308327,-28.879967,155.000000,0.783950,0.000000,0.000000,0.000000,1.000000,540.749932,161.000000,0.783950,1.000000,0.000000,0.000000,0.000000,571.224925,149.000000,0.783950,1.000000,0.000000,0.000000,0.000000,-28.879967,155.000000,80.000000,0.500000,-0.500000,0.500000,0.500000,0.000
1227,42.341660,-29.039967,155.000000,0.783950,0.000000,0.000000,0.000000,1.000000,541.083265,161.000000,0.783950,1.000000,0.000000,0.000000,0.000000,571.591592,149.000000,0.783950,1.000000,0.000000,0.000000,0.000000,-29.039967,155.000000,80.000000,0.500000,-0.500000,0.500000,0.500000,4.167
1228,42.370827,-29.179967,155.000000,0.783950,0.000000,0.000000,0.000000,1.000000,541.374932,161.000000,0.783950,1.000000,0.000000,0.000000,0.000000,571.912425,149.000000,0.783950,1.000000,0.000000,0.000000,0.000000,-29.179967,155.000000,80.000000,0.500000,-0.500000,0.500000,0.500000,0.000
1229,42.404160,-29.339967,155.000000,0.783950,0.000000,0.000000,0.000000,1.000000,541.708265,161.000000,0.783950,1.000000,0.000000,0.000000,0.000000,572.279092,149.000000,0.783950,1.000000,0.000000,0.000000,0.000000,-29.339967,155.000000,80.000000,0.500000,-0.500000,0.500000,0.500000,4.167
1230,42.437493,-29.499967,155.000000,0.783950,0.000000,0.000000,0.000000,1.000000,542.041598,161.000000,0.783950,1.000000,0.000000,0.000000,0.000000,572.645758,149.000000,0.783950,1.000000,0.000000,0.000000,0.000000,-29.499967,155.000000,80.000000,0.500000,-0.500000,0.500000,0.500000,4.167
1231,42.470827,-29.659967,155.000000,0.783950,0.000000,0.000000,0.000000,1.000000,542.374932,161.000000,0.783950,1.000000,0.000000,0.000000,0.000000,573.012425,149.000000,0.783950,1.000000,0.000000,0.000000,0.000000,-29.659967,155.000000,80.000000,0.500000,-0.500000,0.500000,0.500000,0.000
1232,42.504160,-29.819967,155.000000,0.783950,0.000000,0.000000,0.000000,1.000000,542.708265,161.000000,0.783950,1.000000,0.000000,0.000000,0.000000,573.379092,149.000000,0.783950,1.000000,0.000000,0.000000,0.000000,-29.819967,155.000000,80.000000,0.500000,-0.500000,0.500000,0.500000,4.167
1233,42.537493,-29.979967,155.000000,0.783950,0.000000,0.000000,0.000000,1.000000,543.041598,161.000000,0.783950,1.000000,0.000000,0.000000,0.000000,573.745758,149.000000,0.783950,1.000000,0.000000,0.000000,0.000000,-29.979967,155.000000,80.000000,0.500000,-0.500000,0.500000,0.500000,4.167
1234,42.570827,-30.139967,155.000000,0.783950,0.000000,0.000000,0.000000,1.000000,543.374932,161.000000,0.783950,1.000000,0.000000,0.000000,0.000000,574.112425,149.000000,0.783950,1.000000,0.000000,0.000000,0.000000,-30.139967,155.000000,80.000000,0.500000,-0.500000,0.500000,0.500000,0.000
1235,42.604160,-30.299967,155.000000,0.783950,0.000000,0.000000,0.000000,1.000000,543.708265,161.000000,0.783950,1.000000,0.000000,0.000000,0.000000,574.479091,149.000000,0.783950,1.000000,0.000000,0.000000,0.000000,-30.299967,155.000000,80.000000,0.500000,-0.500000,0.500000,0.500000,4.167
1236,42.637493,-30.459967,155.000000,0.783950,0.000000,0.000000,0.000000,1.000000,544.041598,161.000000,0.783950,1.000000,0.000000,0.000000,0.000000,574.845758,149.000000,0.783950,1.000000,0.000000,0.000000,0.000000,-30.459967,155.000000,80.000000,0.500000,-0.500000,0.500000,0.500000,4.167
1237,42.670827,-30.619967,155.000000,0.783950,0.000000,0.000000,0.000000,1.000000,544.374931,161.000000,0.783950,1.000000,0.000000,0.000000,0.000000,575.212425,149.000000,0.783950,1.000000,0.000000,0.000000,0.000000,-30.619967,155.000000,80.000000,0.500000,-0.500000,0.500000,0.500000,0.000
1238,42.704160,-30.779967,155.000000,0.783950,0.000000,0.000000,0.000000,1.000000,544.708265,161.000000,0.783950,1.000000,0.000000,0.000000,0.000000,575.579091,149.000000,0.783950,1.000000,0.000000,0.000000,0.000000,-30.779967,155.000000,80.000000,0.500000,-0.500000,0.500000,0.500000,4.167
1239,42.737493,-30.939967,155.000000,0.783950,0.000000,0.000000,0.000000,1.000000,545.041598,161.000000,0.783950,1.000000,0.000000,0.000000,0.000000,575.945758,149.000000,0.783950,1.000000,0.000000,0.000000,0.000000,-30.939967,155.000000,80.000000,0.500000,-0.500000,0.500000,0.500000,4.167
1240,42.770826,-31.099967,155.000000,0.783950,0.000000,0.000000,0.000000,1.000000,545.374931,161.000000,0.783950,1.000000,0.000000,0.000000,0.000000,576.312424,149.000000,0.783950,1.000000,0.000000,0.000000,0.000000,-31.099967,155.000000,80.000000,0.500000,-0.500000,0.500000,0.500000,0.000
1241,42.799993,-31.239967,155.000000,0.783950,0.000000,0.000000,0.000000,1.000000,545.666598,161.000000,0.783950,1.000000,0.000000,0.000000,0.000000,576.633258,149.000000,0.783950,1.000000,0.000000,0.000000,0.000000,-31.239967,155.000000,80.000000,0.500000,-0.500000,0.500000,0.500000,4.167
1242,42.833326,-31.399967,155.000000,0.783950,0.000000,0.000000,0.000000,1.000000,545.999931,161.000000,0.783950,1.000000,0.000000,0.000000,0.000000,576.999924,149.000000,0.783950,1.000000,0.000000,0.000000,0.000000,-31.399967,155.000000,80.000000,0.500000,-0.500000,0.500000,0.500000,0.000
1243,42.866660,-31.559967,155.000000,0.783950,0.000000,0.000000,0.000000,1.000000,546.333264,161.000000,0.783950,1.000000,0.000000,0.000000,0.000000,577.366591,149.000000,0.783950,1.000000,0.000000,0.000000,0.000000,-31.559967,155.000000,80.000000,0.500000,-0.500000,0.500000,0.500000,4.167
1244,42.899993,-31.719967,155.000000,0.783950,0.000000,0.000000,0.000000,1.000000,546.666598,161.000000,0.783950,1.000000,0.000000,0.000000,0.000000,577.733258,149.000000,0.783950,1.000000,0.000000,0.000000,0.000000,-31.719967,155.000000,80.000000,0.500000,-0.500000,0.500000,0.500000,4.167
1245,42.933326,-31.879967,155.000000,0.783950,0.000000,0.000000,0.000000,1.000000,546.999931,161.000000,0.783950,1.000000,0.000000,0.000000,0.000000,578.099924,149.000000,0.783950,1.000000,0.000000,0.000000,0.000000,-31.879967,155.000000,80.000000,0.500000,-0.500000,0.500000,0.500000,0.000
1246,42.966660,-32.039967,155.000000,0.783950,0.000000,0.000000,0.000000,1.000000,547.333264,161.000000,0.783950,1.000000,0.000000,0.000000,0.000000,578.466591,149.000000,0.783950,1.000000,0.000000,0.000000,0.000000,-32.039967,155.000000,80.000000,0.500000,-0.500000,0.500000,0.500000,4.167
1247,42.999993,-32.199967,155.000000,0.783950,0.000000,0.000000,0.000000,1.000000,547.666598,161.000000,0.783950,1.000000,0.000000,0.000000,0.000000,578.833257,149.000000,0.783950,1.000000,0.000000,0.000000,0.000000,-32.199967,155.000000,80.000000,0.500000,-0.500000,0.500000,0.500000,4.167
1248,43.033326,-32.359967,155.000000,0.783950,0.000000,0.000000,0.000000,1.000000,547.999931,161.000000,0.783950,1.000000,0.000000,0.000000,0.000000,579.199924,149.000000,0.783950,1.000000,0.000000,0.000000,0.000000,-32.359967,155.000000,80.000000,0.500000,-0.500000,0.500000,0.500000,0.000
1249,43.066660,-32.519967,155.000000,0.783950,0.000000,0.000000,0.000000,1.000000,548.333264,161.000000,0.783950,1.000000,0.000000,0.000000,0.000000,579.566591,149.000000,0.783950,1.000000,0.000000,0.000000,0.000000,-32.519967,155.000000,80.000000,0.500000,-0.500000,0.500000,0.500000,4.167
1250,43.099993,-32.679967,155.000000,0.783950,0.000000,0.000000,0.000000,1.000000,548.666597,161.000000,0.783950,1.000000,0.000000,0.000000,0.000000,579.933257,149.000000,0.783950,1.000000,0.000000,0.000000,0.000000,-32.679967,155.000000,80.000000,0.500000,-0.500000,0.500000,0.500000,4.167
1251,43.133326,-32.839967,155.000000,0.783950,0.000000,0.000000,0.000000,1.000000,548.999931,161.000000,0.783950,1.000000,0.000000,0.000000,0.000000,580.299924,149.000000,0.783950,1.000000,0.000000,0.000000,0.000000,-32.839967,155.000000,80.000000,0.500000,-0.500000,0.500000,0.500000,0.000
1252,43.166660,-32.999967,155.000000,0.783950,0.000000,0.000000,0.000000,1.000000,549.333264,161.000000,0.783950,1.000000,0.000000,0.000000,0.000000,580.666590,149.000000,0.783950,1.000000,0.000000,0.000000,0.000000,-32.999967,155.000000,80.000000,0.500000,-0.500000,0.500000,0.500000,4.167
1253,43.195826,-33.139967,155.000000,0.783950,0.000000,0.000000,0.000000,1.000000,549.624931,161.000000,0.783950,1.000000,0.000000,0.000000,0.000000,580.987424,149.000000,0.783950,1.000000,0.000000,0.000000,0.000000,-33.139967,155.000000,80.000000,0.500000,-0.500000,0.500000,0.500000,0.000
1254,43.229160,-33.299967,155.000000,0.783950,0.000000,0.000000,0.000000,1.000000,549.958264,161.000000,0.783950,1.000000,0.000000,0.000000,0.000000,581.354090,149.000000,0.783950,1.000000,0.000000,0.000000,0.000000,-33.299967,155.000000,80.000000,0.500000,-0.500000,0.500000,0.500000,4.167
1255,43.262493,-33.459967,155.000000,0.783950,0.000000,0.000000,0.000000,1.000000,550.291597,161.000000,0.783950,1.000000,0.000000,0.000000,0.000000,581.720757,149.000000,0.783950,1.000000,0.000000,0.000000,0.000000,-33.459967,155.000000,80.000000,0.500000,-0.500000,0.500000,0.500000,4.167
1256,43.295826,-33.619967,155.000000,0.783950,0.000000,0.000000,0.000000,1.000000,550.624930,161.000000,0.783950,1.000000,0.000000,0.000000,0.000000,582.087424,149.000000,0.783950,1.000000,0.000000,0.000000,0.000000,-33.619967,155.000000,80.000000,0.500000,-0.500000,0.500000,0.500000,0.000
1257,43.329160,-33.779967,155.000000,0.783950,0.000000,0.000000,0.000000,1.000000,550.958264,161.000000,0.783950,1.000000,0.000000,0.000000,0.000000,582.454090,149.000000,0.783950,1.000000,0.000000,0.000000,0.000000,-33.779967,155.000000,80.000000,0.500000,-0.500000,0.500000,0.500000,4.167
1258,43.362493,-33.939967,155.000000,0.783950,0.000000,0.000000,0.000000,1.000000,551.291597,161.000000,0.783950,1.000000,0.000000,0.000000,0.000000,582.820757,149.000000,0.783950,1.000000,0.000000,0.000000,0.000000,-33.939967,155.000000,80.000000,0.500000,-0.500000,0.500000,0.500000,4.167
1259,43.395826,-34.099967,155.000000,0.783950,0.000000,0.000000,0.000000,1.000000,551.624930,161.000000,0.783950,1.000000,0.000000,0.000000,0.000000,583.187423,149.000000,0.783950,1.000000,0.000000,0.000000,0.000000,-34.099967,155.000000,80.000000,0.500000,-0.500000,0.500000,0.500000,0.000
1260,43.429160,-34.259967,155.000000,0.783950,0.000000,0.000000,0.000000,1.000000,551.958264,161.000000,0.783950,1.000000,0.000000,0.000000,0.000000,583.554090,149.000000,0.783950,1.000000,0.000000,0.000000,0.000000,-34.259967,155.000000,80.000000,0.500000,-0.500000,0.500000,0.500000,4.167
1261,43.462493,-34.419966,155.000000,0.783950,0.000000,0.000000,0.000000,1.000000,552.291597,161.000000,0.783950,1.000000,0.000000,0.000000,0.000000,583.920757,149.000000,0.783950,1.000000,0.000000,0.000000,0.000000,-34.419966,155.000000,80.000000,0.500000,-0.500000,0.500000,0.500000,4.167
1262,43.495826,-34.579966,155.000000,0.783950,0.000000,0.000000,0.000000,1.000000,552.624930,161.000000,0.783950,1.000000,0.000000,0.000000,0.000000,584.287423,149.000000,0.783950,1.000000,0.000000,0.000000,0.000000,-34.579966,155.000000,80.000000,0.500000,-0.500000,0.500000,0.500000,0.000
1263,43.529160,-34.739966,155.000000,0.783950,0.000000,0.000000,0.000000,1.000000,552.958263,161.000000,0.783950,1.000000,0.000000,0.000000,0.000000,584.654090,149.000000,0.783950,1.000000,0.000000,0.000000,0.000000,-34.739966,155.000000,80.000000,0.500000,-0.500000,0.500000,0.500000,4.167
1264,43.562493,-34.899966,155.000000,0.783950,0.000000,0.000000,0.000000,1.000000,553.291597,161.000000,0.783950,1.000000,0.000000,0.000000,0.000000,585.020756,149.000000,0.783950,1.000000,0.000000,0.000000,0.000000,-34.899966,155.000000,80.000000,0.500000,-0.500000,0.500000,0.500000,4.167
1265,43.595826,-35.059966,155.000000,0.783950,0.000000,0.000000,0.000000,1.000000,553.624930,161.000000,0.783950,1.000000,0.000000,0.000000,0.000000,585.387423,149.000000,0.783950,1.000000,0.000000,0.000000,0.000000,-35.059966,155.000000,80.000000,0.500000,-0.500000,0.500000,0.500000,0.000
1266,43.624993,-35.199966,155.000000,0.783950,0.000000,0.000000,0.000000,1.000000,553.916597,161.000000,0.783950,1.000000,0.000000,0.000000,0.000000,585.708256,149.000000,0.783950,1.000000,0.000000,0.000000,0.000000,-35.199966,155.000000,80.000000,0.500000,-0.500000,0.500000,0.500000,4.167
1267,43.658326,-35.359966,155.000000,0.783950,0.000000,0.000000,0.000000,1.000000,554.249930,161.000000,0.783950,1.000000,0.000000,0.000000,0.000000,586.074923,149.000000,0.783950,1.000000,0.000000,0.000000,0.000000,-35.359966,155.000000,80.000000,0.500000,-0.500000,0.500000,0.500000,0.000
1268,43.691660,-35.519966,155.000000,0.783950,0.000000,0.000000,0.000000,1.000000,554.583263,161.000000,0.783950,1.000000,0.000000,0.000000,0.000000,586.441589,149.000000,0.783950,1.000000,0.000000,0.000000,0.000000,-35.519966,155.000000,80.000000,0.500000,-0.500000,0.500000,0.500000,4.167
1269,43.724993,-35.679966,155.000000,0.783950,0.000000,0.000000,0.000000,1.000000,554.916596,161.000000,0.783950,1.000000,0.000000,0.000000,0.000000,586.808256,149.000000,0.783950,1.000000,0.000000,0.000000,0.000000,-35.679966,155.000000,80.000000,0.500000,-0.500000,0.500000,0.500000,4.167
1270,43.758326,-35.839966,155.000000,0.783950,0.000000,0.000000,0.000000,1.000000,555.249930,161.000000,0.783950,1.000000,0.000000,0.000000,0.000000,587.174923,149.000000,0.783950,1.000000,0.000000,0.000000,0.000000,-35.839966,155.000000,80.000000,0.500000,-0.500000,0.500000,0.500000,0.000
1271,43.791660,-35.999966,155.000000,0.783950,0.000000,0.000000,0.000000,1.000000,555.583263,161.000000,0.783950,1.000000,0.000000,0.000000,0.000000,587.541589,149.000000,0.783950,1.000000,0.000000,0.000000,0.000000,-35.999966,155.000000,80.000000,0.500000,-0.500000,0.500000,0.500000,4.167
1272,43.824993,-36.159966,155.000000,0.783950,0.000000,0.000000,0.000000,1.000000,555.916596,161.000000,0.783950,1.000000,0.000000,0.000000,0.000000,587.908256,149.000000,0.783950,1.000000,0.000000,0.000000,0.000000,-36.159966,155.000000,80.000000,0.500000,-0.500000,0.500000,0.500000,4.167
1273,43.858326,-36.319966,155.000000,0.783950,0.000000,0.000000,0.000000,1.000000,556.249930,161.000000,0.783950,1.000000,0.000000,0.000000,0.000000,588.274923,149.000000,0.783950,1.000000,0.000000,0.000000,0.000000,-36.319966,155.000000,80.000000,0.500000,-0.500000,0.500000,0.500000,0.000
1274,43.891660,-36.479966,155.000000,0.783950,0.000000,0.000000,0.000000,1.000000,556.583263,161.000000,0.783950,1.000000,0.000000,0.000000,0.000000,588.641589,149.000000,0.783950,1.000000,0.000000,0.000000,0.000000,-36.479966,155.000000,80.000000,0.500000,-0.500000,0.500000,0.500000,4.167
1275,43.924993,-36.639966,155.000000,0.783950,0.000000,0.000000,0.000000,1.000000,556.916596,161.000000,0.783950,1.000000,0.000000,0.000000,0.000000,589.008256,149.000000,0.783950,1.000000,0.000000,0.000000,0.000000,-36.639966,155.000000,80.000000,0.500000,-0.500000,0.500000,0.500000,4.167
1276,43.958326,-36.799966,155.000000,0.783950,0.000000,0.000000,0.000000,1.000000,557.249929,161.000000,0.783950,1.000000,0.000000,0.000000,0.000000,589.374922,149.000000,0.783950,1.000000,0.000000,0.000000,0.000000,-36.799966,155.000000,80.000000,0.500000,-0.500000,0.500000,0.500000,0.000
1277,43.991660,-36.959966,155.000000,0.783950,0.000000,0.000000,0.000000,1.000000,557.583263,161.000000,0.783950,1.000000,0.000000,0.000000,0.000000,589.741589,149.000000,0.783950,1.000000,0.000000,0.000000,0.000000,-36.959966,155.000000,80.000000,0.500000,-0.500000,0.500000,0.500000,4.167
1278,44.020826,-37.099966,155.000000,0.783950,0.000000,0.000000,0.000000,1.000000,557.874929,161.000000,0.783950,1.000000,0.000000,0.000000,0.000000,590.062422,149.000000,0.783950,1.000000,0.000000,0.000000,0.000000,-37.099966,155.000000,80.000000,0.500000,-0.500000,0.500000,0.500000,0.000
1279,44.054160,-37.259966,155.000000,0.783950,0.000000,0.000000,0.000000,1.000000,558.208263,161.000000,0.783950,1.000000,0.000000,0.000000,0.000000,590.429089,149.000000,0.783950,1.000000,0.000000,0.000000,0.000000,-37.259966,155.000000,80.000000,0.500000,-0.500000,0.500000,0.500000,4.167
1280,44.087493,-37.419966,155.000000,0.783950,0.000000,0.000000,0.000000,1.000000,558.541596,161.000000,0.783950,1.000000,0.000000,0.000000,0.000000,590.795755,149.000000,0.783950,1.000000,0.000000,0.000000,0.000000,-37.419966,155.000000,80.000000,0.500000,-0.500000,0.500000,0.500000,4.167
1281,44.120826,-37.579966,155.000000,0.783950,0.000000,0.000000,0.000000,1.000000,558.874929,161.000000,0.783950,1.000000,0.000000,0.000000,0.000000,591.162422,149.000000,0.783950,1.000000,0.000000,0.000000,0.000000,-37.579966,155.000000,80.000000,0.500000,-0.500000,0.500000,0.500000,0.000
1282,44.154160,-37.739966,155.000000,0.783950,0.000000,0.000000,0.000000,1.000000,559.208262,161.000000,0.783950,1.000000,0.000000,0.000000,0.000000,591.529089,149.000000,0.783950,1.000000,0.000000,0.000000,0.000000,-37.739966,155.000000,80.000000,0.500000,-0.500000,0.500000,0.500000,4.167
1283,44.187493,-37.899966,155.000000,0.783950,0.000000,0.000000,0.000000,1.000000,559.541596,161.000000,0.783950,1.000000,0.000000,0.000000,0.000000,591.895755,149.000000,0.783950,1.000000,0.000000,0.000000,0.000000,-37.899966,155.000000,80.000000,0.500000,-0.500000,0.500000,0.500000,4.167
1284,44.220826,-38.059966,155.000000,0.783950,0.000000,0.000000,0.000000,1.000000,559.874929,161.000000,0.783950,1.000000,0.000000,0.000000,0.000000,592.262422,149.000000,0.783950,1.000000,0.000000,0.000000,0.000000,-38.059966,155.000000,80.000000,0.500000,-0.500000,0.500000,0.500000,0.000
1285,44.254160,-38.219966,155.000000,0.783950,0.000000,0.000000,0.000000,1.000000,560.208262,161.000000,0.783950,1.000000,0.000000,0.000000,0.000000,592.629088,149.000000,0.783950,1.000000,0.000000,0.000000,0.000000,-38.219966,155.000000,80.000000,0.500000,-0.500000,0.500000,0.500000,4.167
1286,44.287493,-38.379966,155.000000,0.783950,0.000000,0.000000,0.000000,1.000000,560.541596,161.000000,0.783950,1.000000,0.000000,0.000000,0.000000,592.995755,149.000000,0.783950,1.000000,0.000000,0.000000,0.000000,-38.379966,155.000000,80.000000,0.500000,-0.500000,0.500000,0.500000,4.167
1287,44.320826,-38.539966,155.000000,0.783950,0.000000,0.000000,0.000000,1.000000,560.874929,161.000000,0.783950,1.000000,0.000000,0.000000,0.000000,593.362422,149.000000,0.783950,1.000000,0.000000,0.000000,0.000000,-38.539966,155.000000,80.000000,0.500000,-0.500000,0.500000,0.500000,0.000
1288,44.354160,-38.699966,155.000000,0.783950,0.000000,0.000000,0.000000,1.000000,561.208262,161.000000,0.783950,1.000000,0.000000,0.000000,0.000000,593.729088,149.000000,0.783950,1.000000,0.000000,0.000000,0.000000,-38.699966,155.000000,80.000000,0.500000,-0.500000,0.500000,0.500000,4.167
1289,44.387493,-38.859966,155.000000,0.783950,0.000000,0.000000,0.000000,1.000000,561.541595,161.000000,0.783950,1.000000,0.000000,0.000000,0.000000,594.095755,149.000000,0.783950,1.000000,0.000000,0.000000,0.000000,-38.859966,155.000000,80.000000,0.500000,-0.500000,0.500000,0.500000,4.167
1290,44.420826,-39.019966,155.000000,0.783950,0.000000,0.000000,0.000000,1.000000,561.874929,161.000000,0.783950,1.000000,0.000000,0.000000,0.000000,594.462422,149.000000,0.783950,1.000000,0.000000,0.000000,0.000000,-39.019966,155.000000,80.000000,0.500000,-0.500000,0.500000,0.500000,0.000
1291,44.449993,-39.159966,155.000000,0.783950,0.000000,0.000000,0.000000,1.000000,562.166595,161.000000,0.783950,1.000000,0.000000,0.000000,0.000000,594.783255,149.000000,0.783950,1.000000,0.000000,0.000000,0.000000,-39.159966,155.000000,80.000000,0.500000,-0.500000,0.500000,0.500000,4.167
1292,44.483326,-39.319966,155.000000,0.783950,0.000000,0.000000,0.000000,1.000000,562.499929,161.000000,0.783950,1.000000,0.000000,0.000000,0.000000,595.149921,149.000000,0.783950,1.000000,0.000000,0.000000,0.000000,-39.319966,155.000000,80.000000,0.500000,-0.500000,0.500000,0.500000,0.000
1293,44.516660,-39.479966,155.000000,0.783950,0.000000,0.000000,0.000000,1.000000,562.833262,161.000000,0.783950,1.000000,0.000000,0.000000,0.000000,595.516588,149.000000,0.783950,1.000000,0.000000,0.000000,0.000000,-39.479966,155.000000,80.000000,0.500000,-0.500000,0.500000,0.500000,4.167
1294,44.549993,-39.639966,155.000000,0.783950,0.000000,0.000000,0.000000,1.000000,563.166595,161.000000,0.783950,1.000000,0.000000,0.000000,0.000000,595.883255,149.000000,0.783950,1.000000,0.000000,0.000000,0.000000,-39.639966,155.000000,80.000000,0.500000,-0.500000,0.500000,0.500000,4.167
1295,44.583326,-39.799966,155.000000,0.783950,0.000000,0.000000,0.000000,1.000000,563.499928,161.000000,0.783950,1.000000,0.000000,0.000000,0.000000,596.249921,149.000000,0.783950,1.000000,0.000000,0.000000,0.000000,-39.799966,155.000000,80.000000,0.500000,-0.500000,0.500000,0.500000,0.000
1296,44.616660,-39.959966,155.000000,0.783950,0.000000,0.000000,0.000000,1.000000,563.833262,161.000000,0.783950,1.000000,0.000000,0.000000,0.000000,596.616588,149.000000,0.783950,1.000000,0.000000,0.000000,0.000000,-39.959966,155.000000,80.000000,0.500000,-0.500000,0.500000,0.500000,4.167
1297,44.649993,-40.119966,155.000000,0.783950,0.000000,0.000000,0.000000,1.000000,564.166595,161.000000,0.783950,1.000000,0.000000,0.000000,0.000000,596.983254,149.000000,0.783950,1.000000,0.000000,0.000000,0.000000,-40.119966,155.000000,80.000000,0.500000,-0.500000,0.500000,0.500000,4.167
1298,44.683326,-40.279966,155.000000,0.783950,0.000000,0.000000,0.000000,1.000000,564.499928,161.000000,0.783950,1.000000,0.000000,0.000000,0.000000,597.349921,149.000000,0.783950,1.000000,0.000000,0.000000,0.000000,-40.279966,155.000000,80.000000,0.500000,-0.500000,0.500000,0.500000,0.000
1299,44.716660,-40.439966,155.000000,0.783950,0.000000,0.000000,0.000000,1.000000,564.833262,161.000000,0.783950,1.000000,0.000000,0.000000,0.000000,597.716588,149.000000,0.783950,1.000000,0.000000,0.000000,0.000000,-40.439966,155.000000,80.000000,0.500000,-0.500000,0.500000,0.500000,4.167
1300,44.749993,-40.599966,155.000000,0.783950,0.000000,0.000000,0.000000,1.000000,565.166595,161.000000,0.783950,1.000000,0.000000,0.000000,0.000000,598.083254,149.000000,0.783950,1.000000,0.000000,0.000000,0.000000,-40.599966,155.000000,80.000000,0.500000,-0.500000,0.500000,0.500000,4.167
1301,44.783326,-40.759965,155.000000,0.783950,0.000000,0.000000,0.000000,1.000000,565.499928,161.000000,0.783950,1.000000,0.000000,0.000000,0.000000,598.449921,149.000000,0.783950,1.000000,0.000000,0.000000,0.000000,-40.759965,155.000000,80.000000,0.500000,-0.500000,0.500000,0.500000,0.000
1302,44.816659,-40.919965,155.000000,0.783950,0.000000,0.000000,0.000000,1.000000,565.833261,161.000000,0.783950,1.000000,0.000000,0.000000,0.000000,598.816587,149.000000,0.783950,1.000000,0.000000,0.000000,0.000000,-40.919965,155.000000,80.000000,0.500000,-0.500000,0.500000,0.500000,4.167
1303,44.845826,-41.059965,155.000000,0.783950,0.000000,0.000000,0.000000,1.000000,566.124928,161.000000,0.783950,1.000000,0.000000,0.000000,0.000000,599.137421,149.000000,0.783950,1.000000,0.000000,0.000000,0.000000,-41.059965,155.000000,80.000000,0.500000,-0.500000,0.500000,0.500000,0.000
1304,44.879159,-41.219965,155.000000,0.783950,0.000000,0.000000,0.000000,1.000000,566.458261,161.000000,0.783950,1.000000,0.000000,0.000000,0.000000,599.504087,149.000000,0.783950,1.000000,0.000000,0.000000,0.000000,-41.219965,155.000000,80.000000,0.500000,-0.500000,0.500000,0.500000,4.167
1305,44.912493,-41.379965,155.000000,0.783950,0.000000,0.000000,0.000000,1.000000,566.791595,161.000000,0.783950,1.000000,0.000000,0.000000,0.000000,599.870754,149.000000,0.783950,1.000000,0.000000,0.000000,0.000000,-41.379965,155.000000,80.000000,0.500000,-0.500000,0.500000,0.500000,4.167
1306,44.945826,-41.539965,155.000000,0.783950,0.000000,0.000000,0.000000,1.000000,567.124928,161.000000,0.783950,1.000000,0.000000,0.000000,0.000000,600.237421,149.000000,0.783950,1.000000,0.000000,0.000000,0.000000,-41.539965,155.000000,80.000000,0.500000,-0.500000,0.500000,0.500000,0.000
1307,44.979159,-41.699965,155.000000,0.783950,0.000000,0.000000,0.000000,1.000000,567.458261,161.000000,0.783950,1.000000,0.000000,0.000000,0.000000,600.604087,149.000000,0.783950,1.000000,0.000000,0.000000,0.000000,-41.699965,155.000000,80.000000,0.500000,-0.500000,0.500000,0.500000,4.167
1308,45.012493,-41.859965,155.000000,0.783950,0.000000,0.000000,0.000000,1.000000,567.791594,161.000000,0.783950,1.000000,0.000000,0.000000,0.000000,600.970754,149.000000,0.783950,1.000000,0.000000,0.000000,0.000000,-41.859965,155.000000,80.000000,0.500000,-0.500000,0.500000,0.500000,4.167
1309,45.045826,-42.019965,155.000000,0.783950,0.000000,0.000000,0.000000,1.000000,568.124928,161.000000,0.783950,1.000000,0.000000,0.000000,0.000000,601.337420,149.000000,0.783950,1.000000,0.000000,0.000000,0.000000,-42.019965,155.000000,80.000000,0.500000,-0.500000,0.500000,0.500000,0.000
1310,45.079159,-42.179965,155.000000,0.783950,0.000000,0.000000,0.000000,1.000000,568.458261,161.000000,0.783950,1.000000,0.000000,0.000000,0.000000,601.704087,149.000000,0.783950,1.000000,0.000000,0.000000,0.000000,-42.179965,155.000000,80.000000,0.500000,-0.500000,0.500000,0.500000,4.167
1311,45.112493,-42.339965,155.000000,0.783950,0.000000,0.000000,0.000000,1.000000,568.791594,161.000000,0.783950,1.000000,0.000000,0.000000,0.000000,602.070754,149.000000,0.783950,1.000000,0.000000,0.000000,0.000000,-42.339965,155.000000,80.000000,0.500000,-0.500000,0.500000,0.500000,4.167
1312,45.145826,-42.499965,155.000000,0.783950,0.000000,0.000000,0.000000,1.000000,569.124927,161.000000,0.783950,1.000000,0.000000,0.000000,0.000000,602.437420,149.000000,0.783950,1.000000,0.000000,0.000000,0.000000,-42.499965,155.000000,80.000000,0.500000,-0.500000,0.500000,0.500000,0.000
1313,45.179159,-42.659965,155.000000,0.783950,0.000000,0.000000,0.000000,1.000000,569.458261,161.000000,0.783950,1.000000,0.000000,0.000000,0.000000,602.804087,149.000000,0.783950,1.000000,0.000000,0.000000,0.000000,-42.659965,155.000000,80.000000,0.500000,-0.500000,0.500000,0.500000,4.167
1314,45.212493,-42.819965,155.000000,0.783950,0.000000,0.000000,0.000000,1.000000,569.791594,161.000000,0.783950,1.000000,0.000000,0.000000,0.000000,603.170753,149.000000,0.783950,1.000000,0.000000,0.000000,0.000000,-42.819965,155.000000,80.000000,0.500000,-0.500000,0.500000,0.500000,4.167
1315,45.245826,-42.979965,155.000000,0.783950,0.000000,0.000000,0.000000,1.000000,570.124927,161.000000,0.783950,1.000000,0.000000,0.000000,0.000000,603.537420,149.000000,0.783950,1.000000,0.000000,0.000000,0.000000,-42.979965,155.000000,80.000000,0.500000,-0.500000,0.500000,0.500000,0.000
1316,45.274993,-43.119965,155.000000,0.783950,0.000000,0.000000,0.000000,1.000000,570.416594,161.000000,0.783950,1.000000,0.000000,0.000000,0.000000,603.858253,149.000000,0.783950,1.000000,0.000000,0.000000,0.000000,-43.119965,155.000000,80.000000,0.500000,-0.500000,0.500000,0.500000,4.167
1317,45.308326,-43.279965,155.000000,0.783950,0.000000,0.000000,0.000000,1.000000,570.749927,161.000000,0.783950,1.000000,0.000000,0.000000,0.000000,604.224920,149.000000,0.783950,1.000000,0.000000,0.000000,0.000000,-43.279965,155.000000,80.000000,0.500000,-0.500000,0.500000,0.500000,0.000
1318,45.341659,-43.439965,155.000000,0.783950,0.000000,0.000000,0.000000,1.000000,571.083261,161.000000,0.783950,1.000000,0.000000,0.000000,0.000000,604.591587,149.000000,0.783950,1.000000,0.000000,0.000000,0.000000,-43.439965,155.000000,80.000000,0.500000,-0.500000,0.500000,0.500000,4.167
1319,45.374993,-43.599965,155.000000,0.783950,0.000000,0.000000,0.000000,1.000000,571.416594,161.000000,0.783950,1.000000,0.000000,0.000000,0.000000,604.958253,149.000000,0.783950,1.000000,0.000000,0.000000,0.000000,-43.599965,155.000000,80.000000,0.500000,-0.500000,0.500000,0.500000,4.167
1320,45.408326,-43.759965,155.000000,0.783950,0.000000,0.000000,0.000000,1.000000,571.749927,161.000000,0.783950,1.000000,0.000000,0.000000,0.000000,605.324920,149.000000,0.783950,1.000000,0.000000,0.000000,0.000000,-43.759965,155.000000,80.000000,0.500000,-0.500000,0.500000,0.500000,0.000
1321,45.441659,-43.919965,155.000000,0.783950,0.000000,0.000000,0.000000,1.000000,572.083260,161.000000,0.783950,1.000000,0.000000,0.000000,0.000000,605.691586,149.000000,0.783950,1.000000,0.000000,0.000000,0.000000,-43.919965,155.000000,80.000000,0.500000,-0.500000,0.500000,0.500000,4.167
1322,45.474993,-44.079965,155.000000,0.783950,0.000000,0.000000,0.000000,1.000000,572.416594,161.000000,0.783950,1.000000,0.000000,0.000000,0.000000,606.058253,149.000000,0.783950,1.000000,0.000000,0.000000,0.000000,-44.079965,155.000000,80.000000,0.500000,-0.500000,0.500000,0.500000,4.167
1323,45.508326,-44.239965,155.000000,0.783950,0.000000,0.000000,0.000000,1.000000,572.749927,161.000000,0.783950,1.000000,0.000000,0.000000,0.000000,606.424920,149.000000,0.783950,1.000000,0.000000,0.000000,0.000000,-44.239965,155.000000,80.000000,0.500000,-0.500000,0.500000,0.500000,0.000
1324,45.541659,-44.399965,155.000000,0.783950,0.000000,0.000000,0.000000,1.000000,573.083260,161.000000,0.783950,1.000000,0.000000,0.000000,0.000000,606.791586,149.000000,0.783950,1.000000,0.000000,0.000000,0.000000,-44.399965,155.000000,80.000000,0.500000,-0.500000,0.500000,0.500000,4.167
1325,45.574993,-44.559965,155.000000,0.783950,0.000000,0.000000,0.000000,1.000000,573.416593,161.000000,0.783950,1.000000,0.000000,0.000000,0.000000,607.158253,149.000000,0.783950,1.000000,0.000000,0.000000,0.000000,-44.559965,155.000000,80.000000,0.500000,-0.500000,0.500000,0.500000,4.167
1326,45.608326,-44.719965,155.000000,0.783950,0.000000,0.000000,0.000000,1.000000,573.749927,161.000000,0.783950,1.000000,0.000000,0.000000,0.000000,607.524919,149.000000,0.783950,1.000000,0.000000,0.000000,0.000000,-44.719965,155.000000,80.000000,0.500000,-0.500000,0.500000,0.500000,0.000
1327,45.641659,-44.879965,155.000000,0.783950,0.000000,0.000000,0.000000,1.000000,574.083260,161.000000,0.783950,1.000000,0.000000,0.000000,0.000000,607.891586,149.000000,0.783950,1.000000,0.000000,0.000000,0.000000,-44.879965,155.000000,80.000000,0.500000,-0.500000,0.500000,0.500000,4.167
1328,45.670826,-45.019965,155.000000,0.783950,0.000000,0.000000,0.000000,1.000000,574.374927,161.000000,0.783950,1.000000,0.000000,0.000000,0.000000,608.212419,149.000000,0.783950,1.000000,0.000000,0.000000,0.000000,-45.019965,155.000000,80.000000,0.500000,-0.500000,0.500000,0.500000,0.000
1329,45.704159,-45.179965,155.000000,0.783950,0.000000,0.000000,0.000000,1.000000,574.708260,161.000000,0.783950,1.000000,0.000000,0.000000,0.000000,608.579086,149.000000,0.783950,1.000000,0.000000,0.000000,0.000000,-45.179965,155.000000,80.000000,0.500000,-0.500000,0.500000,0.500000,4.167
1330,45.737493,-45.339965,155.000000,0.783950,0.000000,0.000000,0.000000,1.000000,575.041593,161.000000,0.783950,1.000000,0.000000,0.000000,0.000000,608.945753,149.000000,0.783950,1.000000,0.000000,0.000000,0.000000,-45.339965,155.000000,80.000000,0.500000,-0.500000,0.500000,0.500000,4.167
1331,45.770826,-45.499965,155.000000,0.783950,0.000000,0.000000,0.000000,1.000000,575.374926,161.000000,0.783950,1.000000,0.000000,0.000000,0.000000,609.312419,149.000000,0.783950,1.000000,0.000000,0.000000,0.000000,-45.499965,155.000000,80.000000,0.500000,-0.500000,0.500000,0.500000,0.000
1332,45.804159,-45.659965,155.000000,0.783950,0.000000,0.000000,0.000000,1.000000,575.708260,161.000000,0.783950,1.000000,0.000000,0.000000,0.000000,609.679086,149.000000,0.783950,1.000000,0.000000,0.000000,0.000000,-45.659965,155.000000,80.000000,0.500000,-0.500000,0.500000,0.500000,4.167
1333,45.837493,-45.819965,155.000000,0.783950,0.000000,0.000000,0.000000,1.000000,576.041593,161.000000,0.783950,1.000000,0.000000,0.000000,0.000000,610.045752,149.000000,0.783950,1.000000,0.000000,0.000000,0.000000,-45.819965,155.000000,80.000000,0.500000,-0.500000,0.500000,0.500000,4.167
1334,45.870826,-45.979965,155.000000,0.783950,0.000000,0.000000,0.000000,1.000000,576.374926,161.000000,0.783950,1.000000,0.000000,0.000000,0.000000,610.412419,149.000000,0.783950,1.000000,0.000000,0.000000,0.000000,-45.979965,155.000000,80.000000,0.500000,-0.500000,0.500000,0.500000,0.000
1335,45.904159,-46.139965,155.000000,0.783950,0.000000,0.000000,0.000000,1.000000,576.708260,161.000000,0.783950,1.000000,0.000000,0.000000,0.000000,610.779086,149.000000,0.783950,1.000000,0.000000,0.000000,0.000000,-46.139965,155.000000,80.000000,0.500000,-0.500000,0.500000,0.500000,4.167
1336,45.937493,-46.299965,155.000000,0.783950,0.000000,0.000000,0.000000,1.000000,577.041593,161.000000,0.783950,1.000000,0.000000,0.000000,0.000000,611.145752,149.000000,0.783950,1.000000,0.000000,0.000000,0.000000,-46.299965,155.000000,80.000000,0.500000,-0.500000,0.500000,0.500000,4.167
1337,45.970826,-46.459965,155.000000,0.783950,0.000000,0.000000,0.000000,1.000000,577.374926,161.000000,0.783950,1.000000,0.000000,0.000000,0.000000,611.512419,149.000000,0.783950,1.000000,0.000000,0.000000,0.000000,-46.459965,155.000000,80.000000,0.500000,-0.500000,0.500000,0.500000,0.000
1338,46.004159,-46.619965,155.000000,0.783950,0.000000,0.000000,0.000000,1.000000,577.708259,161.000000,0.783950,1.000000,0.000000,0.000000,0.000000,611.879085,149.000000,0.783950,1.000000,0.000000,0.000000,0.000000,-46.619965,155.000000,80.000000,0.500000,-0.500000,0.500000,0.500000,4.167
1339,46.037493,-46.779965,155.000000,0.783950,0.000000,0.000000,0.000000,1.000000,578.041593,161.000000,0.783950,1.000000,0.000000,0.000000,0.000000,612.245752,149.000000,0.783950,1.000000,0.000000,0.000000,0.000000,-46.779965,155.000000,80.000000,0.500000,-0.500000,0.500000,0.500000,4.167
1340,46.070826,-46.939964,155.000000,0.783950,0.000000,0.000000,0.000000,1.000000,578.374926,161.000000,0.783950,1.000000,0.000000,0.000000,0.000000,612.612419,149.000000,0.783950,1.000000,0.000000,0.000000,0.000000,-46.939964,155.000000,80.000000,0.500000,-0.500000,0.500000,0.500000,0.000
1341,46.099993,-47.079964,155.000000,0.783950,0.000000,0.000000,0.000000,1.000000,578.666593,161.000000,0.783950,1.000000,0.000000,0.000000,0.000000,612.933252,149.000000,0.783950,1.000000,0.000000,0.000000,0.000000,-47.079964,155.000000,80.000000,0.500000,-0.500000,0.500000,0.500000,4.167
1342,46.133326,-47.239964,155.000000,0.783950,0.000000,0.000000,0.000000,1.000000,578.999926,161.000000,0.783950,1.000000,0.000000,0.000000,0.000000,613.299919,149.000000,0.783950,1.000000,0.000000,0.000000,0.000000,-47.239964,155.000000,80.000000,0.500000,-0.500000,0.500000,0.500000,0.000
1343,46.166659,-47.399964,155.000000,0.783950,0.000000,0.000000,0.000000,1.000000,579.333259,161.000000,0.783950,1.000000,0.000000,0.000000,0.000000,613.666585,149.000000,0.783950,1.000000,0.000000,0.000000,0.000000,-47.399964,155.000000,80.000000,0.500000,-0.500000,0.500000,0.500000,4.167
1344,46.199993,-47.559964,155.000000,0.783950,0.000000,0.000000,0.000000,1.000000,579.666592,161.000000,0.783950,1.000000,0.000000,0.000000,0.000000,614.033252,149.000000,0.783950,1.000000,0.000000,0.000000,0.000000,-47.559964,155.000000,80.000000,0.500000,-0.500000,0.500000,0.500000,4.167
1345,46.233326,-47.719964,155.000000,0.783950,0.000000,0.000000,0.000000,1.000000,579.999926,161.000000,0.783950,1.000000,0.000000,0.000000,0.000000,614.399918,149.000000,0.783950,1.000000,0.000000,0.000000,0.000000,-47.719964,155.000000,80.000000,0.500000,-0.500000,0.500000,0.500000,0.000
1346,46.266659,-47.879964,155.000000,0.783950,0.000000,0.000000,0.000000,1.000000,580.333259,161.000000,0.783950,1.000000,0.000000,0.000000,0.000000,614.766585,149.000000,0.783950,1.000000,0.000000,0.000000,0.000000,-47.879964,155.000000,80.000000,0.500000,-0.500000,0.500000,0.500000,4.167
1347,46.299993,-48.039964,155.000000,0.783950,0.000000,0.000000,0.000000,1.000000,580.666592,161.000000,0.783950,1.000000,0.000000,0.000000,0.000000,615.133252,149.000000,0.783950,1.000000,0.000000,0.000000,0.000000,-48.039964,155.000000,80.000000,0.500000,-0.500000,0.500000,0.500000,4.167
1348,46.333326,-48.199964,155.000000,0.783950,0.000000,0.000000,0.000000,1.000000,580.999926,161.000000,0.783950,1.000000,0.000000,0.000000,0.000000,615.499918,149.000000,0.783950,1.000000,0.000000,0.000000,0.000000,-48.199964,155.000000,80.000000,0.500000,-0.500000,0.500000,0.500000,0.000
1349,46.366659,-48.359964,155.000000,0.783950,0.000000,0.000000,0.000000,1.000000,581.333259,161.000000,0.783950,1.000000,0.000000,0.000000,0.000000,615.866585,149.000000,0.783950,1.000000,0.000000,0.000000,0.000000,-48.359964,155.000000,80.000000,0.500000,-0.500000,0.500000,0.500000,4.167
1350,46.399993,-48.519964,155.000000,0.783950,0.000000,0.000000,0.000000,1.000000,581.666592,161.000000,0.783950,1.000000,0.000000,0.000000,0.000000,616.233251,149.000000,0.783950,1.000000,0.000000,0.000000,0.000000,-48.519964,155.000000,80.000000,0.500000,-0.500000,0.500000,0.500000,4.167
1351,46.433326,-48.679964,155.000000,0.783950,0.000000,0.000000,0.000000,1.000000,581.999925,161.000000,0.783950,1.000000,0.000000,0.000000,0.000000,616.599918,149.000000,0.783950,1.000000,0.000000,0.000000,0.000000,-48.679964,155.000000,80.000000,0.500000,-0.500000,0.500000,0.500000,0.000
1352,46.466659,-48.839964,155.000000,0.783950,0.000000,0.000000,0.000000,1.000000,582.333259,161.000000,0.783950,1.000000,0.000000,0.000000,0.000000,616.966585,149.000000,0.783950,1.000000,0.000000,0.000000,0.000000,-48.839964,155.000000,80.000000,0.500000,-0.500000,0.500000,0.500000,4.167
1353,46.495826,-48.979964,155.000000,0.783950,0.000000,0.000000,0.000000,1.000000,582.624925,161.000000,0.783950,1.000000,0.000000,0.000000,0.000000,617.287418,149.000000,0.783950,1.000000,0.000000,0.000000,0.000000,-48.979964,155.000000,80.000000,0.500000,-0.500000,0.500000,0.500000,0.000
1354,46.529159,-49.139964,155.000000,0.783950,0.000000,0.000000,0.000000,1.000000,582.958259,161.000000,0.783950,1.000000,0.000000,0.000000,0.000000,617.654084,149.000000,0.783950,1.000000,0.000000,0.000000,0.000000,-49.139964,155.000000,80.000000,0.500000,-0.500000,0.500000,0.500000,4.167
1355,46.562493,-49.299964,155.000000,0.783950,0.000000,0.000000,0.000000,1.000000,583.291592,161.000000,0.783950,1.000000,0.000000,0.000000,0.000000,618.020751,149.000000,0.783950,1.000000,0.000000,0.000000,0.000000,-49.299964,155.000000,80.000000,0.500000,-0.500000,0.500000,0.500000,4.167
1356,46.595826,-49.459964,155.000000,0.783950,0.000000,0.000000,0.000000,1.000000,583.624925,161.000000,0.783950,1.000000,0.000000,0.000000,0.000000,618.387418,149.000000,0.783950,1.000000,0.000000,0.000000,0.000000,-49.459964,155.000000,80.000000,0.500000,-0.500000,0.500000,0.500000,0.000
1357,46.629159,-49.619964,155.000000,0.783950,0.000000,0.000000,0.000000,1.000000,583.958258,161.000000,0.783950,1.000000,0.000000,0.000000,0.000000,618.754084,149.000000,0.783950,1.000000,0.000000,0.000000,0.000000,-49.619964,155.000000,80.000000,0.500000,-0.500000,0.500000,0.500000,4.167
1358,46.662493,-49.779964,155.000000,0.783950,0.000000,0.000000,0.000000,1.000000,584.291592,161.000000,0.783950,1.000000,0.000000,0.000000,0.000000,619.120751,149.000000,0.783950,1.000000,0.000000,0.000000,0.000000,-49.779964,155.000000,80.000000,0.500000,-0.500000,0.500000,0.500000,4.167
1359,46.695826,-49.939964,155.000000,0.783950,0.000000,0.000000,0.000000,1.000000,584.624925,161.000000,0.783950,1.000000,0.000000,0.000000,0.000000,619.487418,149.000000,0.783950,1.000000,0.000000,0.000000,0.000000,-49.939964,155.000000,80.000000,0.500000,-0.500000,0.500000,0.500000,0.000
1360,46.729159,-50.099964,155.000000,0.783950,0.000000,0.000000,0.000000,1.000000,584.958258,161.000000,0.783950,1.000000,0.000000,0.000000,0.000000,619.854084,149.000000,0.783950,1.000000,0.000000,0.000000,0.000000,-50.099964,155.000000,80.000000,0.500000,-0.500000,0.500000,0.500000,4.167
1361,46.762493,-50.259964,155.000000,0.783950,0.000000,0.000000,0.000000,1.000000,585.291592,161.000000,0.783950,1.000000,0.000000,0.000000,0.000000,620.220751,149.000000,0.783950,1.000000,0.000000,0.000000,0.000000,-50.259964,155.000000,80.000000,0.500000,-0.500000,0.500000,0.500000,4.167
1362,46.795826,-50.419964,155.000000,0.783950,0.000000,0.000000,0.000000,1.000000,585.624925,161.000000,0.783950,1.000000,0.000000,0.000000,0.000000,620.587417,149.000000,0.783950,1.000000,0.000000,0.000000,0.000000,-50.419964,155.000000,80.000000,0.500000,-0.500000,0.500000,0.500000,0.000
1363,46.829159,-50.579964,155.000000,0.783950,0.000000,0.000000,0.000000,1.000000,585.958258,161.000000,0.783950,1.000000,0.000000,0.000000,0.000000,620.954084,149.000000,0.783950,1.000000,0.000000,0.000000,0.000000,-50.579964,155.000000,80.000000,0.500000,-0.500000,0.500000,0.500000,4.167
1364,46.862493,-50.739964,155.000000,0.783950,0.000000,0.000000,0.000000,1.000000,586.291591,161.000000,0.783950,1.000000,0.000000,0.000000,0.000000,621.320751,149.000000,0.783950,1.000000,0.000000,0.000000,0.000000,-50.739964,155.000000,80.000000,0.500000,-0.500000,0.500000,0.500000,4.167
1365,46.895826,-50.899964,155.000000,0.783950,0.000000,0.000000,0.000000,1.000000,586.624925,161.000000,0.783950,1.000000,0.000000,0.000000,0.000000,621.687417,149.000000,0.783950,1.000000,0.000000,0.000000,0.000000,-50.899964,155.000000,80.000000,0.500000,-0.500000,0.500000,0.500000,0.000
1366,46.924992,-51.039964,155.000000,0.783950,0.000000,0.000000,0.000000,1.000000,586.916591,161.000000,0.783950,1.000000,0.000000,0.000000,0.000000,622.008250,149.000000,0.783950,1.000000,0.000000,0.000000,0.000000,-51.039964,155.000000,80.000000,0.500000,-0.500000,0.500000,0.500000,4.167
1367,46.958326,-51.199964,155.000000,0.783950,0.000000,0.000000,0.000000,1.000000,587.249925,161.000000,0.783950,1.000000,0.000000,0.000000,0.000000,622.374917,149.000000,0.783950,1.000000,0.000000,0.000000,0.000000,-51.199964,155.000000,80.000000,0.500000,-0.500000,0.500000,0.500000,0.000
1368,46.991659,-51.359964,155.000000,0.783950,0.000000,0.000000,0.000000,1.000000,587.583258,161.000000,0.783950,1.000000,0.000000,0.000000,0.000000,622.741584,149.000000,0.783950,1.000000,0.000000,0.000000,0.000000,-51.359964,155.000000,80.000000,0.500000,-0.500000,0.500000,0.500000,4.167
1369,47.024992,-51.519964,155.000000,0.783950,0.000000,0.000000,0.000000,1.000000,587.916591,161.000000,0.783950,1.000000,0.000000,0.000000,0.000000,623.108250,149.000000,0.783950,1.000000,0.000000,0.000000,0.000000,-51.519964,155.000000,80.000000,0.500000,-0.500000,0.500000,0.500000,4.167
1370,47.058326,-51.679964,155.000000,0.783950,0.000000,0.000000,0.000000,1.000000,588.249924,161.000000,0.783950,1.000000,0.000000,0.000000,0.000000,623.474917,149.000000,0.783950,1.000000,0.000000,0.000000,0.000000,-51.679964,155.000000,80.000000,0.500000,-0.500000,0.500000,0.500000,0.000
1371,47.091659,-51.839964,155.000000,0.783950,0.000000,0.000000,0.000000,1.000000,588.583258,161.000000,0.783950,1.000000,0.000000,0.000000,0.000000,623.841583,149.000000,0.783950,1.000000,0.000000,0.000000,0.000000,-51.839964,155.000000,80.000000,0.500000,-0.500000,0.500000,0.500000,4.167
1372,47.124992,-51.999964,155.000000,0.783950,0.000000,0.000000,0.000000,1.000000,588.916591,161.000000,0.783950,1.000000,0.000000,0.000000,0.000000,624.208250,149.000000,0.783950,1.000000,0.000000,0.000000,0.000000,-51.999964,155.000000,80.000000,0.500000,-0.500000,0.500000,0.500000,4.167
1373,47.158326,-52.159964,155.000000,0.783950,0.000000,0.000000,0.000000,1.000000,589.249924,161.000000,0.783950,1.000000,0.000000,0.000000,0.000000,624.574917,149.000000,0.783950,1.000000,0.000000,0.000000,0.000000,-52.159964,155.000000,80.000000,0.500000,-0.500000,0.500000,0.500000,0.000
1374,47.191659,-52.319964,155.000000,0.783950,0.000000,0.000000,0.000000,1.000000,589.583258,161.000000,0.783950,1.000000,0.000000,0.000000,0.000000,624.941583,149.000000,0.783950,1.000000,0.000000,0.000000,0.000000,-52.319964,155.000000,80.000000,0.500000,-0.500000,0.500000,0.500000,4.167
1375,47.224992,-52.479964,155.000000,0.783950,0.000000,0.000000,0.000000,1.000000,589.916591,161.000000,0.783950,1.000000,0.000000,0.000000,0.000000,625.308250,149.000000,0.783950,1.000000,0.000000,0.000000,0.000000,-52.479964,155.000000,80.000000,0.500000,-0.500000,0.500000,0.500000,4.167
1376,47.258326,-52.639964,155.000000,0.783950,0.000000,0.000000,0.000000,1.000000,590.249924,161.000000,0.783950,1.000000,0.000000,0.000000,0.000000,625.674917,149.000000,0.783950,1.000000,0.000000,0.000000,0.000000,-52.639964,155.000000,80.000000,0.500000,-0.500000,0.500000,0.500000,0.000
1377,47.291659,-52.799964,155.000000,0.783950,0.000000,0.000000,0.000000,1.000000,590.583257,161.000000,0.783950,1.000000,0.000000,0.000000,0.000000,626.041583,149.000000,0.783950,1.000000,0.000000,0.000000,0.000000,-52.799964,155.000000,80.000000,0.500000,-0.500000,0.500000,0.500000,4.167
1378,47.320826,-52.939964,155.000000,0.783950,0.000000,0.000000,0.000000,1.000000,590.874924,161.000000,0.783950,1.000000,0.000000,0.000000,0.000000,626.362416,149.000000,0.783950,1.000000,0.000000,0.000000,0.000000,-52.939964,155.000000,80.000000,0.500000,-0.500000,0.500000,0.500000,0.000
1379,47.354159,-53.099964,155.000000,0.783950,0.000000,0.000000,0.000000,1.000000,591.208257,161.000000,0.783950,1.000000,0.000000,0.000000,0.000000,626.729083,149.000000,0.783950,1.000000,0.000000,0.000000,0.000000,-53.099964,155.000000,80.000000,0.500000,-0.500000,0.500000,0.500000,4.167
1380,47.387492,-53.259963,155.000000,0.783950,0.000000,0.000000,0.000000,1.000000,591.541591,161.000000,0.783950,1.000000,0.000000,0.000000,0.000000,627.095750,149.000000,0.783950,1.000000,0.000000,0.000000,0.000000,-53.259963,155.000000,80.000000,0.500000,-0.500000,0.500000,0.500000,4.167
1381,47.420826,-53.419963,155.000000,0.783950,0.000000,0.000000,0.000000,1.000000,591.874924,161.000000,0.783950,1.000000,0.000000,0.000000,0.000000,627.462416,149.000000,0.783950,1.000000,0.000000,0.000000,0.000000,-53.419963,155.000000,80.000000,0.500000,-0.500000,0.500000,0.500000,0.000
1382,47.454159,-53.579963,155.000000,0.783950,0.000000,0.000000,0.000000,1.000000,592.208257,161.000000,0.783950,1.000000,0.000000,0.000000,0.000000,627.829083,149.000000,0.783950,1.000000,0.000000,0.000000,0.000000,-53.579963,155.000000,80.000000,0.500000,-0.500000,0.500000,0.500000,4.167
1383,47.487492,-53.739963,155.000000,0.783950,0.000000,0.000000,0.000000,1.000000,592.541590,161.000000,0.783950,1.000000,0.000000,0.000000,0.000000,628.195749,149.000000,0.783950,1.000000,0.000000,0.000000,0.000000,-53.739963,155.000000,80.000000,0.500000,-0.500000,0.500000,0.500000,4.167
1384,47.520826,-53.899963,155.000000,0.783950,0.000000,0.000000,0.000000,1.000000,592.874924,161.000000,0.783950,1.000000,0.000000,0.000000,0.000000,628.562416,149.000000,0.783950,1.000000,0.000000,0.000000,0.000000,-53.899963,155.000000,80.000000,0.500000,-0.500000,0.500000,0.500000,0.000
1385,47.554159,-54.059963,155.000000,0.783950,0.000000,0.000000,0.000000,1.000000,593.208257,161.000000,0.783950,1.000000,0.000000,0.000000,0.000000,628.929083,149.000000,0.783950,1.000000,0.000000,0.000000,0.000000,-54.059963,155.000000,80.000000,0.500000,-0.500000,0.500000,0.500000,4.167
1386,47.587492,-54.219963,155.000000,0.783950,0.000000,0.000000,0.000000,1.000000,593.541590,161.000000,0.783950,1.000000,0.000000,0.000000,0.000000,629.295749,149.000000,0.783950,1.000000,0.000000,0.000000,0.000000,-54.219963,155.000000,80.000000,0.500000,-0.500000,0.500000,0.500000,4.167
1387,47.620826,-54.379963,155.000000,0.783950,0.000000,0.000000,0.000000,1.000000,593.874924,161.000000,0.783950,1.000000,0.000000,0.000000,0.000000,629.662416,149.000000,0.783950,1.000000,0.000000,0.000000,0.000000,-54.379963,155.000000,80.000000,0.500000,-0.500000,0.500000,0.500000,0.000
1388,47.654159,-54.539963,155.000000,0.783950,0.000000,0.000000,0.000000,1.000000,594.208257,161.000000,0.783950,1.000000,0.000000,0.000000,0.000000,630.029083,149.000000,0.783950,1.000000,0.000000,0.000000,0.000000,-54.539963,155.000000,80.000000,0.500000,-0.500000,0.500000,0.500000,4.167
1389,47.687492,-54.699963,155.000000,0.783950,0.000000,0.000000,0.000000,1.000000,594.541590,161.000000,0.783950,1.000000,0.000000,0.000000,0.000000,630.395749,149.000000,0.783950,1.000000,0.000000,0.000000,0.000000,-54.699963,155.000000,80.000000,0.500000,-0.500000,0.500000,0.500000,4.167
1390,47.720826,-54.859963,155.000000,0.783950,0.000000,0.000000,0.000000,1.000000,594.874923,161.000000,0.783950,1.000000,0.000000,0.000000,0.000000,630.762416,149.000000,0.783950,1.000000,0.000000,0.000000,0.000000,-54.859963,155.000000,80.000000,0.500000,-0.500000,0.500000,0.500000,0.000
1391,47.749992,-54.999963,155.000000,0.783950,0.000000,0.000000,0.000000,1.000000,595.166590,161.000000,0.783950,1.000000,0.000000,0.000000,0.000000,631.083249,149.000000,0.783950,1.000000,0.000000,0.000000,0.000000,-54.999963,155.000000,80.000000,0.500000,-0.500000,0.500000,0.500000,4.167
1392,47.783326,-55.159963,155.000000,0.783950,0.000000,0.000000,0.000000,1.000000,595.499923,161.000000,0.783950,1.000000,0.000000,0.000000,0.000000,631.449916,149.000000,0.783950,1.000000,0.000000,0.000000,0.000000,-55.159963,155.000000,80.000000,0.500000,-0.500000,0.500000,0.500000,0.000
1393,47.816659,-55.319963,155.000000,0.783950,0.000000,0.000000,0.000000,1.000000,595.833257,161.000000,0.783950,1.000000,0.000000,0.000000,0.000000,631.816582,149.000000,0.783950,1.000000,0.000000,0.000000,0.000000,-55.319963,155.000000,80.000000,0.500000,-0.500000,0.500000,0.500000,4.167
1394,47.849992,-55.479963,155.000000,0.783950,0.000000,0.000000,0.000000,1.000000,596.166590,161.000000,0.783950,1.000000,0.000000,0.000000,0.000000,632.183249,149.000000,0.783950,1.000000,0.000000,0.000000,0.000000,-55.479963,155.000000,80.000000,0.500000,-0.500000,0.500000,0.500000,4.167
1395,47.883326,-55.639963,155.000000,0.783950,0.000000,0.000000,0.000000,1.000000,596.499923,161.000000,0.783950,1.000000,0.000000,0.000000,0.000000,632.549915,149.000000,0.783950,1.000000,0.000000,0.000000,0.000000,-55.639963,155.000000,80.000000,0.500000,-0.500000,0.500000,0.500000,0.000
1396,47.916659,-55.799963,155.000000,0.783950,0.000000,0.000000,0.000000,1.000000,596.833256,161.000000,0.783950,1.000000,0.000000,0.000000,0.000000,632.916582,149.000000,0.783950,1.000000,0.000000,0.000000,0.000000,-55.799963,155.000000,80.000000,0.500000,-0.500000,0.500000,0.500000,4.167
1397,47.949992,-55.959963,155.000000,0.783950,0.000000,0.000000,0.000000,1.000000,597.166590,161.000000,0.783950,1.000000,0.000000,0.000000,0.000000,633.283249,149.000000,0.783950,1.000000,0.000000,0.000000,0.000000,-55.959963,155.000000,80.000000,0.500000,-0.500000,0.500000,0.500000,4.167
1398,47.983326,-56.119963,155.000000,0.783950,0.000000,0.000000,0.000000,1.000000,597.499923,161.000000,0.783950,1.000000,0.000000,0.000000,0.000000,633.649915,149.000000,0.783950,1.000000,0.000000,0.000000,0.000000,-56.119963,155.000000,80.000000,0.500000,-0.500000,0.500000,0.500000,0.000
1399,48.016659,-56.279963,155.000000,0.783950,0.000000,0.000000,0.000000,1.000000,597.833256,161.000000,0.783950,1.000000,0.000000,0.000000,0.000000,634.016582,149.000000,0.783950,1.000000,0.000000,0.000000,0.000000,-56.279963,155.000000,80.000000,0.500000,-0.500000,0.500000,0.500000,4.167
1400,48.049992,-56.439963,155.000000,0.783950,0.000000,0.000000,0.000000,1.000000,598.166590,161.000000,0.783950,1.000000,0.000000,0.000000,0.000000,634.383248,149.000000,0.783950,1.000000,0.000000,0.000000,0.000000,-56.439963,155.000000,80.000000,0.500000,-0.500000,0.500000,0.500000,4.167
1401,48.083326,-56.599963,155.000000,0.783950,0.000000,0.000000,0.000000,1.000000,598.499923,161.000000,0.783950,1.000000,0.000000,0.000000,0.000000,634.749915,149.000000,0.783950,1.000000,0.000000,0.000000,0.000000,-56.599963,155.000000,80.000000,0.500000,-0.500000,0.500000,0.500000,0.000
1402,48.116659,-56.759963,155.000000,0.783950,0.000000,0.000000,0.000000,1.000000,598.833256,161.000000,0.783950,1.000000,0.000000,0.000000,0.000000,635.116582,149.000000,0.783950,1.000000,0.000000,0.000000,0.000000,-56.759963,155.000000,80.000000,0.500000,-0.500000,0.500000,0.500000,4.167
1403,48.145826,-56.899963,155.000000,0.783950,0.000000,0.000000,0.000000,1.000000,599.124923,161.000000,0.783950,1.000000,0.000000,0.000000,0.000000,635.437415,149.000000,0.783950,1.000000,0.000000,0.000000,0.000000,-56.899963,155.000000,80.000000,0.500000,-0.500000,0.500000,0.500000,0.000
1404,48.179159,-57.059963,155.000000,0.783950,0.000000,0.000000,0.000000,1.000000,599.458256,161.000000,0.783950,1.000000,0.000000,0.000000,0.000000,635.804082,149.000000,0.783950,1.000000,0.000000,0.000000,0.000000,-57.059963,155.000000,80.000000,0.500000,-0.500000,0.500000,0.500000,4.167
1405,48.212492,-57.219963,155.000000,0.783950,0.000000,0.000000,0.000000,1.000000,599.791589,161.000000,0.783950,1.000000,0.000000,0.000000,0.000000,636.170748,149.000000,0.783950,1.000000,0.000000,0.000000,0.000000,-57.219963,155.000000,80.000000,0.500000,-0.500000,0.500000,0.500000,4.167
1406,48.245826,-57.379963,155.000000,0.783950,0.000000,0.000000,0.000000,1.000000,600.124923,161.000000,0.783950,1.000000,0.000000,0.000000,0.000000,636.537415,149.000000,0.783950,1.000000,0.000000,0.000000,0.000000,-57.379963,155.000000,80.000000,0.500000,-0.500000,0.500000,0.500000,0.000
1407,48.279159,-57.539963,155.000000,0.783950,0.000000,0.000000,0.000000,1.000000,600.458256,161.000000,0.783950,1.000000,0.000000,0.000000,0.000000,636.904081,149.000000,0.783950,1.000000,0.000000,0.000000,0.000000,-57.539963,155.000000,80.000000,0.500000,-0.500000,0.500000,0.500000,4.167
1408,48.312492,-57.699963,155.000000,0.783950,0.000000,0.000000,0.000000,1.000000,600.791589,161.000000,0.783950,1.000000,0.000000,0.000000,0.000000,637.270748,149.000000,0.783950,1.000000,0.000000,0.000000,0.000000,-57.699963,155.000000,80.000000,0.500000,-0.500000,0.500000,0.500000,4.167
1409,48.345826,-57.859963,155.000000,0.783950,0.000000,0.000000,0.000000,1.000000,601.124922,161.000000,0.783950,1.000000,0.000000,0.000000,0.000000,637.637415,149.000000,0.783950,1.000000,0.000000,0.000000,0.000000,-57.859963,155.000000,80.000000,0.500000,-0.500000,0.500000,0.500000,0.000
1410,48.379159,-58.019963,155.000000,0.783950,0.000000,0.000000,0.000000,1.000000,601.458256,161.000000,0.783950,1.000000,0.000000,0.000000,0.000000,638.004081,149.000000,0.783950,1.000000,0.000000,0.000000,0.000000,-58.019963,155.000000,80.000000,0.500000,-0.500000,0.500000,0.500000,4.167
1411,48.412492,-58.179963,155.000000,0.783950,0.000000,0.000000,0.000000,1.000000,601.791589,161.000000,0.783950,1.000000,0.000000,0.000000,0.000000,638.370748,149.000000,0.783950,1.000000,0.000000,0.000000,0.000000,-58.179963,155.000000,80.000000,0.500000,-0.500000,0.500000,0.500000,4.167
1412,48.445826,-58.339963,155.000000,0.783950,0.000000,0.000000,0.000000,1.000000,602.124922,161.000000,0.783950,1.000000,0.000000,0.000000,0.000000,638.737414,149.000000,0.783950,1.000000,0.000000,0.000000,0.000000,-58.339963,155.000000,80.000000,0.500000,-0.500000,0.500000,0.500000,0.000
1413,48.479159,-58.499963,155.000000,0.783950,0.000000,0.000000,0.000000,1.000000,602.458255,161.000000,0.783950,1.000000,0.000000,0.000000,0.000000,639.104081,149.000000,0.783950,1.000000,0.000000,0.000000,0.000000,-58.499963,155.000000,80.000000,0.500000,-0.500000,0.500000,0.500000,4.167
1414,48.512492,-58.659963,155.000000,0.783950,0.000000,0.000000,0.000000,1.000000,602.791589,161.000000,0.783950,1.000000,0.000000,0.000000,0.000000,639.470748,149.000000,0.783950,1.000000,0.000000,0.000000,0.000000,-58.659963,155.000000,80.000000,0.500000,-0.500000,0.500000,0.500000,4.167
1415,48.545826,-58.819963,155.000000,0.783950,0.000000,0.000000,0.000000,1.000000,603.124922,161.000000,0.783950,1.000000,0.000000,0.000000,0.000000,639.837414,149.000000,0.783950,1.000000,0.000000,0.000000,0.000000,-58.819963,155.000000,80.000000,0.500000,-0.500000,0.500000,0.500000,0.000
1416,48.574992,-58.959963,155.000000,0.783950,0.000000,0.000000,0.000000,1.000000,603.416589,161.000000,0.783950,1.000000,0.000000,0.000000,0.000000,640.158248,149.000000,0.783950,1.000000,0.000000,0.000000,0.000000,-58.959963,155.000000,80.000000,0.500000,-0.500000,0.500000,0.500000,4.167
1417,48.608326,-59.119963,155.000000,0.783950,0.000000,0.000000,0.000000,1.000000,603.749922,161.000000,0.783950,1.000000,0.000000,0.000000,0.000000,640.524914,149.000000,0.783950,1.000000,0.000000,0.000000,0.000000,-59.119963,155.000000,80.000000,0.500000,-0.500000,0.500000,0.500000,0.000
1418,48.641659,-59.279963,155.000000,0.783950,0.000000,0.000000,0.000000,1.000000,604.083255,161.000000,0.783950,1.000000,0.000000,0.000000,0.000000,640.891581,149.000000,0.783950,1.000000,0.000000,0.000000,0.000000,-59.279963,155.000000,80.000000,0.500000,-0.500000,0.500000,0.500000,4.167
1419,48.674992,-59.439962,155.000000,0.783950,0.000000,0.000000,0.000000,1.000000,604.416589,161.000000,0.783950,1.000000,0.000000,0.000000,0.000000,641.258247,149.000000,0.783950,1.000000,0.000000,0.000000,0.000000,-59.439962,155.000000,80.000000,0.500000,-0.500000,0.500000,0.500000,4.167
1420,48.708326,-59.599962,155.000000,0.783950,0.000000,0.000000,0.000000,1.000000,604.749922,161.000000,0.783950,1.000000,0.000000,0.000000,0.000000,641.624914,149.000000,0.783950,1.000000,0.000000,0.000000,0.000000,-59.599962,155.000000,80.000000,0.500000,-0.500000,0.500000,0.500000,0.000
1421,48.741659,-59.759962,155.000000,0.783950,0.000000,0.000000,0.000000,1.000000,605.083255,161.000000,0.783950,1.000000,0.000000,0.000000,0.000000,641.991581,149.000000,0.783950,1.000000,0.000000,0.000000,0.000000,-59.759962,155.000000,80.000000,0.500000,-0.500000,0.500000,0.500000,4.167
1422,48.774992,-59.919962,155.000000,0.783950,0.000000,0.000000,0.000000,1.000000,605.416588,161.000000,0.783950,1.000000,0.000000,0.000000,0.000000,642.358247,149.000000,0.783950,1.000000,0.000000,0.000000,0.000000,-59.919962,155.000000,80.000000,0.500000,-0.500000,0.500000,0.500000,4.167
1423,48.808326,-60.079962,155.000000,0.783950,0.000000,0.000000,0.000000,1.000000,605.749922,161.000000,0.783950,1.000000,0.000000,0.000000,0.000000,642.724914,149.000000,0.783950,1.000000,0.000000,0.000000,0.000000,-60.079962,155.000000,80.000000,0.500000,-0.500000,0.500000,0.500000,0.000
1424,48.841659,-60.239962,155.000000,0.783950,0.000000,0.000000,0.000000,1.000000,606.083255,161.000000,0.783950,1.000000,0.000000,0.000000,0.000000,643.091580,149.000000,0.783950,1.000000,0.000000,0.000000,0.000000,-60.239962,155.000000,80.000000,0.500000,-0.500000,0.500000,0.500000,4.167
1425,48.874992,-60.399962,155.000000,0.783950,0.000000,0.000000,0.000000,1.000000,606.416588,161.000000,0.783950,1.000000,0.000000,0.000000,0.000000,643.458247,149.000000,0.783950,1.000000,0.000000,0.000000,0.000000,-60.399962,155.000000,80.000000,0.500000,-0.500000,0.500000,0.500000,4.167
1426,48.908326,-60.559962,155.000000,0.783950,0.000000,0.000000,0.000000,1.000000,606.749921,161.000000,0.783950,1.000000,0.000000,0.000000,0.000000,643.824914,149.000000,0.783950,1.000000,0.000000,0.000000,0.000000,-60.559962,155.000000,80.000000,0.500000,-0.500000,0.500000,0.500000,0.000
1427,48.941659,-60.719962,155.000000,0.783950,0.000000,0.000000,0.000000,1.000000,607.083255,161.000000,0.783950,1.000000,0.000000,0.000000,0.000000,644.191580,149.000000,0.783950,1.000000,0.000000,0.000000,0.000000,-60.719962,155.000000,80.000000,0.500000,-0.500000,0.500000,0.500000,4.167
1428,48.970825,-60.859962,155.000000,0.783950,0.000000,0.000000,0.000000,1.000000,607.374921,161.000000,0.783950,1.000000,0.000000,0.000000,0.000000,644.512414,149.000000,0.783950,1.000000,0.000000,0.000000,0.000000,-60.859962,155.000000,80.000000,0.500000,-0.500000,0.500000,0.500000,0.000
1429,49.004159,-61.019962,155.000000,0.783950,0.000000,0.000000,0.000000,1.000000,607.708255,161.000000,0.783950,1.000000,0.000000,0.000000,0.000000,644.879080,149.000000,0.783950,1.000000,0.000000,0.000000,0.000000,-61.019962,155.000000,80.000000,0.500000,-0.500000,0.500000,0.500000,4.167
1430,49.037492,-61.179962,155.000000,0.783950,0.000000,0.000000,0.000000,1.000000,608.041588,161.000000,0.783950,1.000000,0.000000,0.000000,0.000000,645.245747,149.000000,0.783950,1.000000,0.000000,0.000000,0.000000,-61.179962,155.000000,80.000000,0.500000,-0.500000,0.500000,0.500000,4.167
1431,49.070825,-61.339962,155.000000,0.783950,0.000000,0.000000,0.000000,1.000000,608.374921,161.000000,0.783950,1.000000,0.000000,0.000000,0.000000,645.612413,149.000000,0.783950,1.000000,0.000000,0.000000,0.000000,-61.339962,155.000000,80.000000,0.500000,-0.500000,0.500000,0.500000,0.000
1432,49.104159,-61.499962,155.000000,0.783950,0.000000,0.000000,0.000000,1.000000,608.708254,161.000000,0.783950,1.000000,0.000000,0.000000,0.000000,645.979080,149.000000,0.783950,1.000000,0.000000,0.000000,0.000000,-61.499962,155.000000,80.000000,0.500000,-0.500000,0.500000,0.500000,4.167
1433,49.137492,-61.659962,155.000000,0.783950,0.000000,0.000000,0.000000,1.000000,609.041588,161.000000,0.783950,1.000000,0.000000,0.000000,0.000000,646.345747,149.000000,0.783950,1.000000,0.000000,0.000000,0.000000,-61.659962,155.000000,80.000000,0.500000,-0.500000,0.500000,0.500000,4.167
1434,49.170825,-61.819962,155.000000,0.783950,0.000000,0.000000,0.000000,1.000000,609.374921,161.000000,0.783950,1.000000,0.000000,0.000000,0.000000,646.712413,149.000000,0.783950,1.000000,0.000000,0.000000,0.000000,-61.819962,155.000000,80.000000,0.500000,-0.500000,0.500000,0.500000,0.000
1435,49.204159,-61.979962,155.000000,0.783950,0.000000,0.000000,0.000000,1.000000,609.708254,161.000000,0.783950,1.000000,0.000000,0.000000,0.000000,647.079080,149.000000,0.783950,1.000000,0.000000,0.000000,0.000000,-61.979962,155.000000,80.000000,0.500000,-0.500000,0.500000,0.500000,4.167
1436,49.237492,-62.139962,155.000000,0.783950,0.000000,0.000000,0.000000,1.000000,610.041588,161.000000,0.783950,1.000000,0.000000,0.000000,0.000000,647.445746,149.000000,0.783950,1.000000,0.000000,0.000000,0.000000,-62.139962,155.000000,80.000000,0.500000,-0.500000,0.500000,0.500000,4.167
1437,49.270825,-62.299962,155.000000,0.783950,0.000000,0.000000,0.000000,1.000000,610.374921,161.000000,0.783950,1.000000,0.000000,0.000000,0.000000,647.812413,149.000000,0.783950,1.000000,0.000000,0.000000,0.000000,-62.299962,155.000000,80.000000,0.500000,-0.500000,0.500000,0.500000,0.000
1438,49.304159,-62.459962,155.000000,0.783950,0.000000,0.000000,0.000000,1.000000,610.708254,161.000000,0.783950,1.000000,0.000000,0.000000,0.000000,648.179080,149.000000,0.783950,1.000000,0.000000,0.000000,0.000000,-62.459962,155.000000,80.000000,0.500000,-0.500000,0.500000,0.500000,4.167
1439,49.337492,-62.619962,155.000000,0.783950,0.000000,0.000000,0.000000,1.000000,611.041587,161.000000,0.783950,1.000000,0.000000,0.000000,0.000000,648.545746,149.000000,0.783950,1.000000,0.000000,0.000000,0.000000,-62.619962,155.000000,80.000000,0.500000,-0.500000,0.500000,0.500000,4.167
1440,49.370825,-62.779962,155.000000,0.783950,0.000000,0.000000,0.000000,1.000000,611.374921,161.000000,0.783950,1.000000,0.000000,0.000000,0.000000,648.912413,149.000000,0.783950,1.000000,0.000000,0.000000,0.000000,-62.779962,155.000000,80.000000,0.500000,-0.500000,0.500000,0.500000,0.000
1441,49.399992,-62.919962,155.000000,0.783950,0.000000,0.000000,0.000000,1.000000,611.666587,161.000000,0.783950,1.000000,0.000000,0.000000,0.000000,649.233246,149.000000,0.783950,1.000000,0.000000,0.000000,0.000000,-62.919962,155.000000,80.000000,0.500000,-0.500000,0.500000,0.500000,4.167
1442,49.433325,-63.079962,155.000000,0.783950,0.000000,0.000000,0.000000,1.000000,611.999921,161.000000,0.783950,1.000000,0.000000,0.000000,0.000000,649.599913,149.000000,0.783950,1.000000,0.000000,0.000000,0.000000,-63.079962,155.000000,80.000000,0.500000,-0.500000,0.500000,0.500000,0.000
1443,49.466659,-63.239962,155.000000,0.783950,0.000000,0.000000,0.000000,1.000000,612.333254,161.000000,0.783950,1.000000,0.000000,0.000000,0.000000,649.966579,149.000000,0.783950,1.000000,0.000000,0.000000,0.000000,-63.239962,155.000000,80.000000,0.500000,-0.500000,0.500000,0.500000,4.167
1444,49.499992,-63.399962,155.000000,0.783950,0.000000,0.000000,0.000000,1.000000,612.666587,161.000000,0.783950,1.000000,0.000000,0.000000,0.000000,650.333246,149.000000,0.783950,1.000000,0.000000,0.000000,0.000000,-63.399962,155.000000,80.000000,0.500000,-0.500000,0.500000,0.500000,4.167
1445,49.533325,-63.559962,155.000000,0.783950,0.000000,0.000000,0.000000,1.000000,612.999920,161.000000,0.783950,1.000000,0.000000,0.000000,0.000000,650.699913,149.000000,0.783950,1.000000,0.000000,0.000000,0.000000,-63.559962,155.000000,80.000000,0.500000,-0.500000,0.500000,0.500000,0.000
1446,49.566659,-63.719962,155.000000,0.783950,0.000000,0.000000,0.000000,1.000000,613.333254,161.000000,0.783950,1.000000,0.000000,0.000000,0.000000,651.066579,149.000000,0.783950,1.000000,0.000000,0.000000,0.000000,-63.719962,155.000000,80.000000,0.500000,-0.500000,0.500000,0.500000,4.167
1447,49.599992,-63.879962,155.000000,0.783950,0.000000,0.000000,0.000000,1.000000,613.666587,161.000000,0.783950,1.000000,0.000000,0.000000,0.000000,651.433246,149.000000,0.783950,1.000000,0.000000,0.000000,0.000000,-63.879962,155.000000,80.000000,0.500000,-0.500000,0.500000,0.500000,4.167
1448,49.633325,-64.039962,155.000000,0.783950,0.000000,0.000000,0.000000,1.000000,613.999920,161.000000,0.783950,1.000000,0.000000,0.000000,0.000000,651.799912,149.000000,0.783950,1.000000,0.000000,0.000000,0.000000,-64.039962,155.000000,80.000000,0.500000,-0.500000,0.500000,0.500000,0.000
1449,49.666659,-64.199962,155.000000,0.783950,0.000000,0.000000,0.000000,1.000000,614.333254,161.000000,0.783950,1.000000,0.000000,0.000000,0.000000,652.166579,149.000000,0.783950,1.000000,0.000000,0.000000,0.000000,-64.199962,155.000000,80.000000,0.500000,-0.500000,0.500000,0.500000,4.167
1450,49.699992,-64.359962,155.000000,0.783950,0.000000,0.000000,0.000000,1.000000,614.666587,161.000000,0.783950,1.000000,0.000000,0.000000,0.000000,652.533246,149.000000,0.783950,1.000000,0.000000,0.000000,0.000000,-64.359962,155.000000,80.000000,0.500000,-0.500000,0.500000,0.500000,4.167
1451,49.733325,-64.519962,155.000000,0.783950,0.000000,0.000000,0.000000,1.000000,614.999920,161.000000,0.783950,1.000000,0.000000,0.000000,0.000000,652.899912,149.000000,0.783950,1.000000,0.000000,0.000000,0.000000,-64.519962,155.000000,80.000000,0.500000,-0.500000,0.500000,0.500000,0.000
1452,49.766659,-64.679962,155.000000,0.783950,0.000000,0.000000,0.000000,1.000000,615.333253,161.000000,0.783950,1.000000,0.000000,0.000000,0.000000,653.266579,149.000000,0.783950,1.000000,0.000000,0.000000,0.000000,-64.679962,155.000000,80.000000,0.500000,-0.500000,0.500000,0.500000,4.167
1453,49.795825,-64.819962,155.000000,0.783950,0.000000,0.000000,0.000000,1.000000,615.624920,161.000000,0.783950,1.000000,0.000000,0.000000,0.000000,653.587412,149.000000,0.783950,1.000000,0.000000,0.000000,0.000000,-64.819962,155.000000,80.000000,0.500000,-0.500000,0.500000,0.500000,0.000
1454,49.829159,-64.979962,155.000000,0.783950,0.000000,0.000000,0.000000,1.000000,615.958253,161.000000,0.783950,1.000000,0.000000,0.000000,0.000000,653.954079,149.000000,0.783950,1.000000,0.000000,0.000000,0.000000,-64.979962,155.000000,80.000000,0.500000,-0.500000,0.500000,0.500000,4.167
1455,49.862492,-65.139962,155.000000,0.783950,0.000000,0.000000,0.000000,1.000000,616.291587,161.000000,0.783950,1.000000,0.000000,0.000000,0.000000,654.320745,149.000000,0.783950,1.000000,0.000000,0.000000,0.000000,-65.139962,155.000000,80.000000,0.500000,-0.500000,0.500000,0.500000,4.167
1456,49.895825,-65.299962,155.000000,0.783950,0.000000,0.000000,0.000000,1.000000,616.624920,161.000000,0.783950,1.000000,0.000000,0.000000,0.000000,654.687412,149.000000,0.783950,1.000000,0.000000,0.000000,0.000000,-65.299962,155.000000,80.000000,0.500000,-0.500000,0.500000,0.500000,0.000
1457,49.929159,-65.459962,155.000000,0.783950,0.000000,0.000000,0.000000,1.000000,616.958253,161.000000,0.783950,1.000000,0.000000,0.000000,0.000000,655.054078,149.000000,0.783950,1.000000,0.000000,0.000000,0.000000,-65.459962,155.000000,80.000000,0.500000,-0.500000,0.500000,0.500000,4.167
1458,49.962492,-65.619962,155.000000,0.783950,0.000000,0.000000,0.000000,1.000000,617.291586,161.000000,0.783950,1.000000,0.000000,0.000000,0.000000,655.420745,149.000000,0.783950,1.000000,0.000000,0.000000,0.000000,-65.619962,155.000000,80.000000,0.500000,-0.500000,0.500000,0.500000,4.167
1459,49.995825,-65.779961,155.000000,0.783950,0.000000,0.000000,0.000000,1.000000,617.624920,161.000000,0.783950,1.000000,0.000000,0.000000,0.000000,655.787412,149.000000,0.783950,1.000000,0.000000,0.000000,0.000000,-65.779961,155.000000,80.000000,0.500000,-0.500000,0.500000,0.500000,0.000
1460,50.029159,-65.939961,155.000000,0.783950,0.000000,0.000000,0.000000,1.000000,617.958253,161.000000,0.783950,1.000000,0.000000,0.000000,0.000000,656.154078,149.000000,0.783950,1.000000,0.000000,0.000000,0.000000,-65.939961,155.000000,80.000000,0.500000,-0.500000,0.500000,0.500000,4.167
1461,50.062492,-66.099961,155.000000,0.783950,0.000000,0.000000,0.000000,1.000000,618.291586,161.000000,0.783950,1.000000,0.000000,0.000000,0.000000,656.520745,149.000000,0.783950,1.000000,0.000000,0.000000,0.000000,-66.099961,155.000000,80.000000,0.500000,-0.500000,0.500000,0.500000,4.167
1462,50.095825,-66.259961,155.000000,0.783950,0.000000,0.000000,0.000000,1.000000,618.624920,161.000000,0.783950,1.000000,0.000000,0.000000,0.000000,656.887412,149.000000,0.783950,1.000000,0.000000,0.000000,0.000000,-66.259961,155.000000,80.000000,0.500000,-0.500000,0.500000,0.500000,0.000
1463,50.129159,-66.419961,155.000000,0.783950,0.000000,0.000000,0.000000,1.000000,618.958253,161.000000,0.783950,1.000000,0.000000,0.000000,0.000000,657.254078,149.000000,0.783950,1.000000,0.000000,0.000000,0.000000,-66.419961,155.000000,80.000000,0.500000,-0.500000,0.500000,0.500000,4.167
1464,50.162492,-66.579961,155.000000,0.783950,0.000000,0.000000,0.000000,1.000000,619.291586,161.000000,0.783950,1.000000,0.000000,0.000000,0.000000,657.620745,149.000000,0.783950,1.000000,0.000000,0.000000,0.000000,-66.579961,155.000000,80.000000,0.500000,-0.500000,0.500000,0.500000,4.167
1465,50.195825,-66.739961,155.000000,0.783950,0.000000,0.000000,0.000000,1.000000,619.624919,161.000000,0.783950,1.000000,0.000000,0.000000,0.000000,657.987411,149.000000,0.783950,1.000000,0.000000,0.000000,0.000000,-66.739961,155.000000,80.000000,0.500000,-0.500000,0.500000,0.500000,0.000
1466,50.224992,-66.879961,155.000000,0.783950,0.000000,0.000000,0.000000,1.000000,619.916586,161.000000,0.783950,1.000000,0.000000,0.000000,0.000000,658.308245,149.000000,0.783950,1.000000,0.000000,0.000000,0.000000,-66.879961,155.000000,80.000000,0.500000,-0.500000,0.500000,0.500000,4.167
1467,50.258325,-67.039961,155.000000,0.783950,0.000000,0.000000,0.000000,1.000000,620.249919,161.000000,0.783950,1.000000,0.000000,0.000000,0.000000,658.674911,149.000000,0.783950,1.000000,0.000000,0.000000,0.000000,-67.039961,155.000000,80.000000,0.500000,-0.500000,0.500000,0.500000,0.000
1468,50.291659,-67.199961,155.000000,0.783950,0.000000,0.000000,0.000000,1.000000,620.583253,161.000000,0.783950,1.000000,0.000000,0.000000,0.000000,659.041578,149.000000,0.783950,1.000000,0.000000,0.000000,0.000000,-67.199961,155.000000,80.000000,0.500000,-0.500000,0.500000,0.500000,4.167
1469,50.324992,-67.359961,155.000000,0.783950,0.000000,0.000000,0.000000,1.000000,620.916586,161.000000,0.783950,1.000000,0.000000,0.000000,0.000000,659.408244,149.000000,0.783950,1.000000,0.000000,0.000000,0.000000,-67.359961,155.000000,80.000000,0.500000,-0.500000,0.500000,0.500000,4.167
1470,50.358325,-67.519961,155.000000,0.783950,0.000000,0.000000,0.000000,1.000000,621.249919,161.000000,0.783950,1.000000,0.000000,0.000000,0.000000,659.774911,149.000000,0.783950,1.000000,0.000000,0.000000,0.000000,-67.519961,155.000000,80.000000,0.500000,-0.500000,0.500000,0.500000,0.000
1471,50.391659,-67.679961,155.000000,0.783950,0.000000,0.000000,0.000000,1.000000,621.583252,161.000000,0.783950,1.000000,0.000000,0.000000,0.000000,660.141578,149.000000,0.783950,1.000000,0.000000,0.000000,0.000000,-67.679961,155.000000,80.000000,0.500000,-0.500000,0.500000,0.500000,4.167
1472,50.424992,-67.839961,155.000000,0.783950,0.000000,0.000000,0.000000,1.000000,621.916586,161.000000,0.783950,1.000000,0.000000,0.000000,0.000000,660.508244,149.000000,0.783950,1.000000,0.000000,0.000000,0.000000,-67.839961,155.000000,80.000000,0.500000,-0.500000,0.500000,0.500000,4.167
1473,50.458325,-67.999961,155.000000,0.783950,0.000000,0.000000,0.000000,1.000000,622.249919,161.000000,0.783950,1.000000,0.000000,0.000000,0.000000,660.874911,149.000000,0.783950,1.000000,0.000000,0.000000,0.000000,-67.999961,155.000000,80.000000,0.500000,-0.500000,0.500000,0.500000,0.000
1474,50.491659,-68.159961,155.000000,0.783950,0.000000,0.000000,0.000000,1.000000,622.583252,161.000000,0.783950,1.000000,0.000000,0.000000,0.000000,661.241578,149.000000,0.783950,1.000000,0.000000,0.000000,0.000000,-68.159961,155.000000,80.000000,0.500000,-0.500000,0.500000,0.500000,4.167
1475,50.524992,-68.319961,155.000000,0.783950,0.000000,0.000000,0.000000,1.000000,622.916586,161.000000,0.783950,1.000000,0.000000,0.000000,0.000000,661.608244,149.000000,0.783950,1.000000,0.000000,0.000000,0.000000,-68.319961,155.000000,80.000000,0.500000,-0.500000,0.500000,0.500000,4.167
1476,50.558325,-68.479961,155.000000,0.783950,0.000000,0.000000,0.000000,1.000000,623.249919,161.000000,0.783950,1.000000,0.000000,0.000000,0.000000,661.974911,149.000000,0.783950,1.000000,0.000000,0.000000,0.000000,-68.479961,155.000000,80.000000,0.500000,-0.500000,0.500000,0.500000,0.000
1477,50.591659,-68.639961,155.000000,0.783950,0.000000,0.000000,0.000000,1.000000,623.583252,161.000000,0.783950,1.000000,0.000000,0.000000,0.000000,662.341577,149.000000,0.783950,1.000000,0.000000,0.000000,0.000000,-68.639961,155.000000,80.000000,0.500000,-0.500000,0.500000,0.500000,4.167
1478,50.620825,-68.779961,155.000000,0.783950,0.000000,0.000000,0.000000,1.000000,623.874919,161.000000,0.783950,1.000000,0.000000,0.000000,0.000000,662.662411,149.000000,0.783950,1.000000,0.000000,0.000000,0.000000,-68.779961,155.000000,80.000000,0.500000,-0.500000,0.500000,0.500000,0.000
1479,50.654159,-68.939961,155.000000,0.783950,0.000000,0.000000,0.000000,1.000000,624.208252,161.000000,0.783950,1.000000,0.000000,0.000000,0.000000,663.029077,149.000000,0.783950,1.000000,0.000000,0.000000,0.000000,-68.939961,155.000000,80.000000,0.500000,-0.500000,0.500000,0.500000,4.167
1480,50.687492,-69.099961,155.000000,0.783950,0.000000,0.000000,0.000000,1.000000,624.541585,161.000000,0.783950,1.000000,0.000000,0.000000,0.000000,663.395744,149.000000,0.783950,1.000000,0.000000,0.000000,0.000000,-69.099961,155.000000,80.000000,0.500000,-0.500000,0.500000,0.500000,4.167
1481,50.720825,-69.259961,155.000000,0.783950,0.000000,0.000000,0.000000,1.000000,624.874919,161.000000,0.783950,1.000000,0.000000,0.000000,0.000000,663.762410,149.000000,0.783950,1.000000,0.000000,0.000000,0.000000,-69.259961,155.000000,80.000000,0.500000,-0.500000,0.500000,0.500000,0.000
1482,50.754159,-69.419961,155.000000,0.783950,0.000000,0.000000,0.000000,1.000000,625.208252,161.000000,0.783950,1.000000,0.000000,0.000000,0.000000,664.129077,149.000000,0.783950,1.000000,0.000000,0.000000,0.000000,-69.419961,155.000000,80.000000,0.500000,-0.500000,0.500000,0.500000,4.167
1483,50.787492,-69.579961,155.000000,0.783950,0.000000,0.000000,0.000000,1.000000,625.541585,161.000000,0.783950,1.000000,0.000000,0.000000,0.000000,664.495744,149.000000,0.783950,1.000000,0.000000,0.000000,0.000000,-69.579961,155.000000,80.000000,0.500000,-0.500000,0.500000,0.500000,4.167
1484,50.820825,-69.739961,155.000000,0.783950,0.000000,0.000000,0.000000,1.000000,625.874918,161.000000,0.783950,1.000000,0.000000,0.000000,0.000000,664.862410,149.000000,0.783950,1.000000,0.000000,0.000000,0.000000,-69.739961,155.000000,80.000000,0.500000,-0.500000,0.500000,0.500000,0.000
1485,50.854159,-69.899961,155.000000,0.783950,0.000000,0.000000,0.000000,1.000000,626.208252,161.000000,0.783950,1.000000,0.000000,0.000000,0.000000,665.229077,149.000000,0.783950,1.000000,0.000000,0.000000,0.000000,-69.899961,155.000000,80.000000,0.500000,-0.500000,0.500000,0.500000,4.167
1486,50.887492,-70.059961,155.000000,0.783950,0.000000,0.000000,0.000000,1.000000,626.541585,161.000000,0.783950,1.000000,0.000000,0.000000,0.000000,665.595743,149.000000,0.783950,1.000000,0.000000,0.000000,0.000000,-70.059961,155.000000,80.000000,0.500000,-0.500000,0.500000,0.500000,4.167
1487,50.920825,-70.219961,155.000000,0.783950,0.000000,0.000000,0.000000,1.000000,626.874918,161.000000,0.783950,1.000000,0.000000,0.000000,0.000000,665.962410,149.000000,0.783950,1.000000,0.000000,0.000000,0.000000,-70.219961,155.000000,80.000000,0.500000,-0.500000,0.500000,0.500000,0.000
1488,50.954159,-70.379961,155.000000,0.783950,0.000000,0.000000,0.000000,1.000000,627.208252,161.000000,0.783950,1.000000,0.000000,0.000000,0.000000,666.329077,149.000000,0.783950,1.000000,0.000000,0.000000,0.000000,-70.379961,155.000000,80.000000,0.500000,-0.500000,0.500000,0.500000,4.167
1489,50.987492,-70.539961,155.000000,0.783950,0.000000,0.000000,0.000000,1.000000,627.541585,161.000000,0.783950,1.000000,0.000000,0.000000,0.000000,666.695743,149.000000,0.783950,1.000000,0.000000,0.000000,0.000000,-70.539961,155.000000,80.000000,0.500000,-0.500000,0.500000,0.500000,4.167
1490,51.020825,-70.699961,155.000000,0.783950,0.000000,0.000000,0.000000,1.000000,627.874918,161.000000,0.783950,1.000000,0.000000,0.000000,0.000000,667.062410,149.000000,0.783950,1.000000,0.000000,0.000000,0.000000,-70.699961,155.000000,80.000000,0.500000,-0.500000,0.500000,0.500000,0.000
1491,51.049992,-70.839961,155.000000,0.783950,0.000000,0.000000,0.000000,1.000000,628.166585,161.000000,0.783950,1.000000,0.000000,0.000000,0.000000,667.383243,149.000000,0.783950,1.000000,0.000000,0.000000,0.000000,-70.839961,155.000000,80.000000,0.500000,-0.500000,0.500000,0.500000,4.167
1492,51.083325,-70.999961,155.000000,0.783950,0.000000,0.000000,0.000000,1.000000,628.499918,161.000000,0.783950,1.000000,0.000000,0.000000,0.000000,667.749910,149.000000,0.783950,1.000000,0.000000,0.000000,0.000000,-70.999961,155.000000,80.000000,0.500000,-0.500000,0.500000,0.500000,0.000
1493,51.116658,-71.159961,155.000000,0.783950,0.000000,0.000000,0.000000,1.000000,628.833251,161.000000,0.783950,1.000000,0.000000,0.000000,0.000000,668.116576,149.000000,0.783950,1.000000,0.000000,0.000000,0.000000,-71.159961,155.000000,80.000000,0.500000,-0.500000,0.500000,0.500000,4.167
1494,51.149992,-71.319961,155.000000,0.783950,0.000000,0.000000,0.000000,1.000000,629.166585,161.000000,0.783950,1.000000,0.000000,0.000000,0.000000,668.483243,149.000000,0.783950,1.000000,0.000000,0.000000,0.000000,-71.319961,155.000000,80.000000,0.500000,-0.500000,0.500000,0.500000,4.167
1495,51.183325,-71.479961,155.000000,0.783950,0.000000,0.000000,0.000000,1.000000,629.499918,161.000000,0.783950,1.000000,0.000000,0.000000,0.000000,668.849910,149.000000,0.783950,1.000000,0.000000,0.000000,0.000000,-71.479961,155.000000,80.000000,0.500000,-0.500000,0.500000,0.500000,0.000
1496,51.216658,-71.639961,155.000000,0.783950,0.000000,0.000000,0.000000,1.000000,629.833251,161.000000,0.783950,1.000000,0.000000,0.000000,0.000000,669.216576,149.000000,0.783950,1.000000,0.000000,0.000000,0.000000,-71.639961,155.000000,80.000000,0.500000,-0.500000,0.500000,0.500000,4.167
1497,51.249992,-71.799961,155.000000,0.783950,0.000000,0.000000,0.000000,1.000000,630.166584,161.000000,0.783950,1.000000,0.000000,0.000000,0.000000,669.583243,149.000000,0.783950,1.000000,0.000000,0.000000,0.000000,-71.799961,155.000000,80.000000,0.500000,-0.500000,0.500000,0.500000,4.167
1498,51.283325,-71.959960,155.000000,0.783950,0.000000,0.000000,0.000000,1.000000,630.499918,161.000000,0.783950,1.000000,0.000000,0.000000,0.000000,669.949909,149.000000,0.783950,1.000000,0.000000,0.000000,0.000000,-71.959960,155.000000,80.000000,0.500000,-0.500000,0.500000,0.500000,0.000
1499,51.316658,-72.119960,155.000000,0.783950,0.000000,0.000000,0.000000,1.000000,630.833251,161.000000,0.783950,1.000000,0.000000,0.000000,0.000000,670.316576,149.000000,0.783950,1.000000,0.000000,0.000000,0.000000,-72.119960,155.000000,80.000000,0.500000,-0.500000,0.500000,0.500000,4.167
1500,51.349992,-72.279960,155.000000,0.783950,0.000000,0.000000,0.000000,1.000000,631.166584,161.000000,0.783950,1.000000,0.000000,0.000000,0.000000,670.683243,149.000000,0.783950,1.000000,0.000000,0.000000,0.000000,-72.279960,155.000000,80.000000,0.500000,-0.500000,0.500000,0.500000,4.167
1501,51.383325,-72.439960,155.000000,0.783950,0.000000,0.000000,0.000000,1.000000,631.499918,161.000000,0.783950,1.000000,0.000000,0.000000,0.000000,671.049909,149.000000,0.783950,1.000000,0.000000,0.000000,0.000000,-72.439960,155.000000,80.000000,0.500000,-0.500000,0.500000,0.500000,0.000
1502,51.416658,-72.599960,155.000000,0.783950,0.000000,0.000000,0.000000,1.000000,631.833251,161.000000,0.783950,1.000000,0.000000,0.000000,0.000000,671.416576,149.000000,0.783950,1.000000,0.000000,0.000000,0.000000,-72.599960,155.000000,80.000000,0.500000,-0.500000,0.500000,0.500000,4.167
1503,51.445825,-72.739960,155.000000,0.783950,0.000000,0.000000,0.000000,1.000000,632.124917,161.000000,0.783950,1.000000,0.000000,0.000000,0.000000,671.737409,149.000000,0.783950,1.000000,0.000000,0.000000,0.000000,-72.739960,155.000000,80.000000,0.500000,-0.500000,0.500000,0.500000,0.000
1504,51.479158,-72.899960,155.000000,0.783950,0.000000,0.000000,0.000000,1.000000,632.458251,161.000000,0.783950,1.000000,0.000000,0.000000,0.000000,672.104076,149.000000,0.783950,1.000000,0.000000,0.000000,0.000000,-72.899960,155.000000,80.000000,0.500000,-0.500000,0.500000,0.500000,4.167
1505,51.512492,-73.059960,155.000000,0.783950,0.000000,0.000000,0.000000,1.000000,632.791584,161.000000,0.783950,1.000000,0.000000,0.000000,0.000000,672.470742,149.000000,0.783950,1.000000,0.000000,0.000000,0.000000,-73.059960,155.000000,80.000000,0.500000,-0.500000,0.500000,0.500000,4.167
1506,51.545825,-73.219960,155.000000,0.783950,0.000000,0.000000,0.000000,1.000000,633.124917,161.000000,0.783950,1.000000,0.000000,0.000000,0.000000,672.837409,149.000000,0.783950,1.000000,0.000000,0.000000,0.000000,-73.219960,155.000000,80.000000,0.500000,-0.500000,0.500000,0.500000,0.000
1507,51.579158,-73.379960,155.000000,0.783950,0.000000,0.000000,0.000000,1.000000,633.458251,161.000000,0.783950,1.000000,0.000000,0.000000,0.000000,673.204076,149.000000,0.783950,1.000000,0.000000,0.000000,0.000000,-73.379960,155.000000,80.000000,0.500000,-0.500000,0.500000,0.500000,4.167
1508,51.612492,-73.539960,155.000000,0.783950,0.000000,0.000000,0.000000,1.000000,633.791584,161.000000,0.783950,1.000000,0.000000,0.000000,0.000000,673.570742,149.000000,0.783950,1.000000,0.000000,0.000000,0.000000,-73.539960,155.000000,80.000000,0.500000,-0.500000,0.500000,0.500000,4.167
1509,51.645825,-73.699960,155.000000,0.783950,0.000000,0.000000,0.000000,1.000000,634.124917,161.000000,0.783950,1.000000,0.000000,0.000000,0.000000,673.937409,149.000000,0.783950,1.000000,0.000000,0.000000,0.000000,-73.699960,155.000000,80.000000,0.500000,-0.500000,0.500000,0.500000,0.000
1510,51.679158,-73.859960,155.000000,0.783950,0.000000,0.000000,0.000000,1.000000,634.458250,161.000000,0.783950,1.000000,0.000000,0.000000,0.000000,674.304075,149.000000,0.783950,1.000000,0.000000,0.000000,0.000000,-73.859960,155.000000,80.000000,0.500000,-0.500000,0.500000,0.500000,4.167
1511,51.712492,-74.019960,155.000000,0.783950,0.000000,0.000000,0.000000,1.000000,634.791584,161.000000,0.783950,1.000000,0.000000,0.000000,0.000000,674.670742,149.000000,0.783950,1.000000,0.000000,0.000000,0.000000,-74.019960,155.000000,80.000000,0.500000,-0.500000,0.500000,0.500000,4.167
1512,51.745825,-74.179960,155.000000,0.783950,0.000000,0.000000,0.000000,1.000000,635.124917,161.000000,0.783950,1.000000,0.000000,0.000000,0.000000,675.037409,149.000000,0.783950,1.000000,0.000000,0.000000,0.000000,-74.179960,155.000000,80.000000,0.500000,-0.500000,0.500000,0.500000,0.000
1513,51.779158,-74.339960,155.000000,0.783950,0.000000,0.000000,0.000000,1.000000,635.458250,161.000000,0.783950,1.000000,0.000000,0.000000,0.000000,675.404075,149.000000,0.783950,1.000000,0.000000,0.000000,0.000000,-74.339960,155.000000,80.000000,0.500000,-0.500000,0.500000,0.500000,4.167
1514,51.812492,-74.499960,155.000000,0.783950,0.000000,0.000000,0.000000,1.000000,635.791583,161.000000,0.783950,1.000000,0.000000,0.000000,0.000000,675.770742,149.000000,0.783950,1.000000,0.000000,0.000000,0.000000,-74.499960,155.000000,80.000000,0.500000,-0.500000,0.500000,0.500000,4.167
1515,51.845825,-74.659960,155.000000,0.783950,0.000000,0.000000,0.000000,1.000000,636.124917,161.000000,0.783950,1.000000,0.000000,0.000000,0.000000,676.137408,149.000000,0.783950,1.000000,0.000000,0.000000,0.000000,-74.659960,155.000000,80.000000,0.500000,-0.500000,0.500000,0.500000,0.000
1516,51.874992,-74.799960,155.000000,0.783950,0.000000,0.000000,0.000000,1.000000,636.416583,161.000000,0.783950,1.000000,0.000000,0.000000,0.000000,676.458242,149.000000,0.783950,1.000000,0.000000,0.000000,0.000000,-74.799960,155.000000,80.000000,0.500000,-0.500000,0.500000,0.500000,4.167
1517,51.908325,-74.959960,155.000000,0.783950,0.000000,0.000000,0.000000,1.000000,636.749917,161.000000,0.783950,1.000000,0.000000,0.000000,0.000000,676.824908,149.000000,0.783950,1.000000,0.000000,0.000000,0.000000,-74.959960,155.000000,80.000000,0.500000,-0.500000,0.500000,0.500000,0.000
1518,51.941658,-75.119960,155.000000,0.783950,0.000000,0.000000,0.000000,1.000000,637.083250,161.000000,0.783950,1.000000,0.000000,0.000000,0.000000,677.191575,149.000000,0.783950,1.000000,0.000000,0.000000,0.000000,-75.119960,155.000000,80.000000,0.500000,-0.500000,0.500000,0.500000,4.167
1519,51.974992,-75.279960,155.000000,0.783950,0.000000,0.000000,0.000000,1.000000,637.416583,161.000000,0.783950,1.000000,0.000000,0.000000,0.000000,677.558242,149.000000,0.783950,1.000000,0.000000,0.000000,0.000000,-75.279960,155.000000,80.000000,0.500000,-0.500000,0.500000,0.500000,4.167
1520,52.008325,-75.439960,155.000000,0.783950,0.000000,0.000000,0.000000,1.000000,637.749917,161.000000,0.783950,1.000000,0.000000,0.000000,0.000000,677.924908,149.000000,0.783950,1.000000,0.000000,0.000000,0.000000,-75.439960,155.000000,80.000000,0.500000,-0.500000,0.500000,0.500000,0.000
1521,52.041658,-75.599960,155.000000,0.783950,0.000000,0.000000,0.000000,1.000000,638.083250,161.000000,0.783950,1.000000,0.000000,0.000000,0.000000,678.291575,149.000000,0.783950,1.000000,0.000000,0.000000,0.000000,-75.599960,155.000000,80.000000,0.500000,-0.500000,0.500000,0.500000,4.167
1522,52.074992,-75.759960,155.000000,0.783950,0.000000,0.000000,0.000000,1.000000,638.416583,161.000000,0.783950,1.000000,0.000000,0.000000,0.000000,678.658241,149.000000,0.783950,1.000000,0.000000,0.000000,0.000000,-75.759960,155.000000,80.000000,0.500000,-0.500000,0.500000,0.500000,4.167
1523,52.108325,-75.919960,155.000000,0.783950,0.000000,0.000000,0.000000,1.000000,638.749916,161.000000,0.783950,1.000000,0.000000,0.000000,0.000000,679.024908,149.000000,0.783950,1.000000,0.000000,0.000000,0.000000,-75.919960,155.000000,80.000000,0.500000,-0.500000,0.500000,0.500000,0.000
1524,52.141658,-76.079960,155.000000,0.783950,0.000000,0.000000,0.000000,1.000000,639.083250,161.000000,0.783950,1.000000,0.000000,0.000000,0.000000,679.391575,149.000000,0.783950,1.000000,0.000000,0.000000,0.000000,-76.079960,155.000000,80.000000,0.500000,-0.500000,0.500000,0.500000,4.167
1525,52.174992,-76.239960,155.000000,0.783950,0.000000,0.000000,0.000000,1.000000,639.416583,161.000000,0.783950,1.000000,0.000000,0.000000,0.000000,679.758241,149.000000,0.783950,1.000000,0.000000,0.000000,0.000000,-76.239960,155.000000,80.000000,0.500000,-0.500000,0.500000,0.500000,4.167
1526,52.208325,-76.399960,155.000000,0.783950,0.000000,0.000000,0.000000,1.000000,639.749916,161.000000,0.783950,1.000000,0.000000,0.000000,0.000000,680.124908,149.000000,0.783950,1.000000,0.000000,0.000000,0.000000,-76.399960,155.000000,80.000000,0.500000,-0.500000,0.500000,0.500000,0.000
1527,52.241658,-76.559960,155.000000,0.783950,0.000000,0.000000,0.000000,1.000000,640.083249,161.000000,0.783950,1.000000,0.000000,0.000000,0.000000,680.491574,149.000000,0.783950,1.000000,0.000000,0.000000,0.000000,-76.559960,155.000000,80.000000,0.500000,-0.500000,0.500000,0.500000,4.167
1528,52.270825,-76.699960,155.000000,0.783950,0.000000,0.000000,0.000000,1.000000,640.374916,161.000000,0.783950,1.000000,0.000000,0.000000,0.000000,680.812408,149.000000,0.783950,1.000000,0.000000,0.000000,0.000000,-76.699960,155.000000,80.000000,0.500000,-0.500000,0.500000,0.500000,0.000
1529,52.304158,-76.859960,155.000000,0.783950,0.000000,0.000000,0.000000,1.000000,640.708249,161.000000,0.783950,1.000000,0.000000,0.000000,0.000000,681.179074,149.000000,0.783950,1.000000,0.000000,0.000000,0.000000,-76.859960,155.000000,80.000000,0.500000,-0.500000,0.500000,0.500000,4.167
1530,52.337492,-77.019960,155.000000,0.783950,0.000000,0.000000,0.000000,1.000000,641.041583,161.000000,0.783950,1.000000,0.000000,0.000000,0.000000,681.545741,149.000000,0.783950,1.000000,0.000000,0.000000,0.000000,-77.019960,155.000000,80.000000,0.500000,-0.500000,0.500000,0.500000,4.167
1531,52.370825,-77.179960,155.000000,0.783950,0.000000,0.000000,0.000000,1.000000,641.374916,161.000000,0.783950,1.000000,0.000000,0.000000,0.000000,681.912408,149.000000,0.783950,1.000000,0.000000,0.000000,0.000000,-77.179960,155.000000,80.000000,0.500000,-0.500000,0.500000,0.500000,0.000
1532,52.404158,-77.339960,155.000000,0.783950,0.000000,0.000000,0.000000,1.000000,641.708249,161.000000,0.783950,1.000000,0.000000,0.000000,0.000000,682.279074,149.000000,0.783950,1.000000,0.000000,0.000000,0.000000,-77.339960,155.000000,80.000000,0.500000,-0.500000,0.500000,0.500000,4.167
1533,52.437492,-77.499960,155.000000,0.783950,0.000000,0.000000,0.000000,1.000000,642.041582,161.000000,0.783950,1.000000,0.000000,0.000000,0.000000,682.645741,149.000000,0.783950,1.000000,0.000000,0.000000,0.000000,-77.499960,155.000000,80.000000,0.500000,-0.500000,0.500000,0.500000,4.167
1534,52.470825,-77.659960,155.000000,0.783950,0.000000,0.000000,0.000000,1.000000,642.374916,161.000000,0.783950,1.000000,0.000000,0.000000,0.000000,683.012407,149.000000,0.783950,1.000000,0.000000,0.000000,0.000000,-77.659960,155.000000,80.000000,0.500000,-0.500000,0.500000,0.500000,0.000
1535,52.504158,-77.819960,155.000000,0.783950,0.000000,0.000000,0.000000,1.000000,642.708249,161.000000,0.783950,1.000000,0.000000,0.000000,0.000000,683.379074,149.000000,0.783950,1.000000,0.000000,0.000000,0.000000,-77.819960,155.000000,80.000000,0.500000,-0.500000,0.500000,0.500000,4.167
1536,52.537492,-77.979960,155.000000,0.783950,0.000000,0.000000,0.000000,1.000000,643.041582,161.000000,0.783950,1.000000,0.000000,0.000000,0.000000,683.745741,149.000000,0.783950,1.000000,0.000000,0.000000,0.000000,-77.979960,155.000000,80.000000,0.500000,-0.500000,0.500000,0.500000,4.167
1537,52.570825,-78.139959,155.000000,0.783950,0.000000,0.000000,0.000000,1.000000,643.374916,161.000000,0.783950,1.000000,0.000000,0.000000,0.000000,684.112407,149.000000,0.783950,1.000000,0.000000,0.000000,0.000000,-78.139959,155.000000,80.000000,0.500000,-0.500000,0.500000,0.500000,0.000
1538,52.604158,-78.299959,155.000000,0.783950,0.000000,0.000000,0.000000,1.000000,643.708249,161.000000,0.783950,1.000000,0.000000,0.000000,0.000000,684.479074,149.000000,0.783950,1.000000,0.000000,0.000000,0.000000,-78.299959,155.000000,80.000000,0.500000,-0.500000,0.500000,0.500000,4.167
1539,52.637492,-78.459959,155.000000,0.783950,0.000000,0.000000,0.000000,1.000000,644.041582,161.000000,0.783950,1.000000,0.000000,0.000000,0.000000,684.845740,149.000000,0.783950,1.000000,0.000000,0.000000,0.000000,-78.459959,155.000000,80.000000,0.500000,-0.500000,0.500000,0.500000,4.167
1540,52.670825,-78.619959,155.000000,0.783950,0.000000,0.000000,0.000000,1.000000,644.374915,161.000000,0.783950,1.000000,0.000000,0.000000,0.000000,685.212407,149.000000,0.783950,1.000000,0.000000,0.000000,0.000000,-78.619959,155.000000,80.000000,0.500000,-0.500000,0.500000,0.500000,0.000
1541,52.699992,-78.759959,155.000000,0.783950,0.000000,0.000000,0.000000,1.000000,644.666582,161.000000,0.783950,1.000000,0.000000,0.000000,0.000000,685.533240,149.000000,0.783950,1.000000,0.000000,0.000000,0.000000,-78.759959,155.000000,80.000000,0.500000,-0.500000,0.500000,0.500000,4.167
1542,52.733325,-78.919959,155.000000,0.783950,0.000000,0.000000,0.000000,1.000000,644.999915,161.000000,0.783950,1.000000,0.000000,0.000000,0.000000,685.899907,149.000000,0.783950,1.000000,0.000000,0.000000,0.000000,-78.919959,155.000000,80.000000,0.500000,-0.500000,0.500000,0.500000,0.000
1543,52.766658,-79.079959,155.000000,0.783950,0.000000,0.000000,0.000000,1.000000,645.333249,161.000000,0.783950,1.000000,0.000000,0.000000,0.000000,686.266574,149.000000,0.783950,1.000000,0.000000,0.000000,0.000000,-79.079959,155.000000,80.000000,0.500000,-0.500000,0.500000,0.500000,4.167
1544,52.799992,-79.239959,155.000000,0.783950,0.000000,0.000000,0.000000,1.000000,645.666582,161.000000,0.783950,1.000000,0.000000,0.000000,0.000000,686.633240,149.000000,0.783950,1.000000,0.000000,0.000000,0.000000,-79.239959,155.000000,80.000000,0.500000,-0.500000,0.500000,0.500000,4.167
1545,52.833325,-79.399959,155.000000,0.783950,0.000000,0.000000,0.000000,1.000000,645.999915,161.000000,0.783950,1.000000,0.000000,0.000000,0.000000,686.999907,149.000000,0.783950,1.000000,0.000000,0.000000,0.000000,-79.399959,155.000000,80.000000,0.500000,-0.500000,0.500000,0.500000,0.000
1546,52.866658,-79.559959,155.000000,0.783950,0.000000,0.000000,0.000000,1.000000,646.333248,161.000000,0.783950,1.000000,0.000000,0.000000,0.000000,687.366573,149.000000,0.783950,1.000000,0.000000,0.000000,0.000000,-79.559959,155.000000,80.000000,0.500000,-0.500000,0.500000,0.500000,4.167
1547,52.899992,-79.719959,155.000000,0.783950,0.000000,0.000000,0.000000,1.000000,646.666582,161.000000,0.783950,1.000000,0.000000,0.000000,0.000000,687.733240,149.000000,0.783950,1.000000,0.000000,0.000000,0.000000,-79.719959,155.000000,80.000000,0.500000,-0.500000,0.500000,0.500000,4.167
1548,52.933325,-79.879959,155.000000,0.783950,0.000000,0.000000,0.000000,1.000000,646.999915,161.000000,0.783950,1.000000,0.000000,0.000000,0.000000,688.099907,149.000000,0.783950,1.000000,0.000000,0.000000,0.000000,-79.879959,155.000000,80.000000,0.500000,-0.500000,0.500000,0.500000,0.000
1549,52.966658,-80.039959,155.000000,0.783950,0.000000,0.000000,0.000000,1.000000,647.333248,161.000000,0.783950,1.000000,0.000000,0.000000,0.000000,688.466573,149.000000,0.783950,1.000000,0.000000,0.000000,0.000000,-80.039959,155.000000,80.000000,0.500000,-0.500000,0.500000,0.500000,4.167
1550,52.999992,-80.199959,155.000000,0.783950,0.000000,0.000000,0.000000,1.000000,647.666582,161.000000,0.783950,1.000000,0.000000,0.000000,0.000000,688.833240,149.000000,0.783950,1.000000,0.000000,0.000000,0.000000,-80.199959,155.000000,80.000000,0.500000,-0.500000,0.500000,0.500000,4.167
1551,53.033325,-80.359959,155.000000,0.783950,0.000000,0.000000,0.000000,1.000000,647.999915,161.000000,0.783950,1.000000,0.000000,0.000000,0.000000,689.199906,149.000000,0.783950,1.000000,0.000000,0.000000,0.000000,-80.359959,155.000000,80.000000,0.500000,-0.500000,0.500000,0.500000,0.000
1552,53.066658,-80.519959,155.000000,0.783950,0.000000,0.000000,0.000000,1.000000,648.333248,161.000000,0.783950,1.000000,0.000000,0.000000,0.000000,689.566573,149.000000,0.783950,1.000000,0.000000,0.000000,0.000000,-80.519959,155.000000,80.000000,0.500000,-0.500000,0.500000,0.500000,4.167
1553,53.095825,-80.659959,155.000000,0.783950,0.000000,0.000000,0.000000,1.000000,648.624915,161.000000,0.783950,1.000000,0.000000,0.000000,0.000000,689.887406,149.000000,0.783950,1.000000,0.000000,0.000000,0.000000,-80.659959,155.000000,80.000000,0.500000,-0.500000,0.500000,0.500000,0.000
1554,53.129158,-80.819959,155.000000,0.783950,0.000000,0.000000,0.000000,1.000000,648.958248,161.000000,0.783950,1.000000,0.000000,0.000000,0.000000,690.254073,149.000000,0.783950,1.000000,0.000000,0.000000,0.000000,-80.819959,155.000000,80.000000,0.500000,-0.500000,0.500000,0.500000,4.167
1555,53.162491,-80.979959,155.000000,0.783950,0.000000,0.000000,0.000000,1.000000,649.291581,161.000000,0.783950,1.000000,0.000000,0.000000,0.000000,690.620739,149.000000,0.783950,1.000000,0.000000,0.000000,0.000000,-80.979959,155.000000,80.000000,0.500000,-0.500000,0.500000,0.500000,4.167
1556,53.195825,-81.139959,155.000000,0.783950,0.000000,0.000000,0.000000,1.000000,649.624915,161.000000,0.783950,1.000000,0.000000,0.000000,0.000000,690.987406,149.000000,0.783950,1.000000,0.000000,0.000000,0.000000,-81.139959,155.000000,80.000000,0.500000,-0.500000,0.500000,0.500000,0.000
1557,53.229158,-81.299959,155.000000,0.783950,0.000000,0.000000,0.000000,1.000000,649.958248,161.000000,0.783950,1.000000,0.000000,0.000000,0.000000,691.354073,149.000000,0.783950,1.000000,0.000000,0.000000,0.000000,-81.299959,155.000000,80.000000,0.500000,-0.500000,0.500000,0.500000,4.167
1558,53.262491,-81.459959,155.000000,0.783950,0.000000,0.000000,0.000000,1.000000,650.291581,161.000000,0.783950,1.000000,0.000000,0.000000,0.000000,691.720739,149.000000,0.783950,1.000000,0.000000,0.000000,0.000000,-81.459959,155.000000,80.000000,0.500000,-0.500000,0.500000,0.500000,4.167
1559,53.295825,-81.619959,155.000000,0.783950,0.000000,0.000000,0.000000,1.000000,650.624914,161.000000,0.783950,1.000000,0.000000,0.000000,0.000000,692.087406,149.000000,0.783950,1.000000,0.000000,0.000000,0.000000,-81.619959,155.000000,80.000000,0.500000,-0.500000,0.500000,0.500000,0.000
1560,53.329158,-81.779959,155.000000,0.783950,0.000000,0.000000,0.000000,1.000000,650.958248,161.000000,0.783950,1.000000,0.000000,0.000000,0.000000,692.454073,149.000000,0.783950,1.000000,0.000000,0.000000,0.000000,-81.779959,155.000000,80.000000,0.500000,-0.500000,0.500000,0.500000,4.167
1561,53.362491,-81.939959,155.000000,0.783950,0.000000,0.000000,0.000000,1.000000,651.291581,161.000000,0.783950,1.000000,0.000000,0.000000,0.000000,692.820739,149.000000,0.783950,1.000000,0.000000,0.000000,0.000000,-81.939959,155.000000,80.000000,0.500000,-0.500000,0.500000,0.500000,4.167
1562,53.395825,-82.099959,155.000000,0.783950,0.000000,0.000000,0.000000,1.000000,651.624914,161.000000,0.783950,1.000000,0.000000,0.000000,0.000000,693.187406,149.000000,0.783950,1.000000,0.000000,0.000000,0.000000,-82.099959,155.000000,80.000000,0.500000,-0.500000,0.500000,0.500000,0.000
1563,53.429158,-82.259959,155.000000,0.783950,0.000000,0.000000,0.000000,1.000000,651.958248,161.000000,0.783950,1.000000,0.000000,0.000000,0.000000,693.554072,149.000000,0.783950,1.000000,0.000000,0.000000,0.000000,-82.259959,155.000000,80.000000,0.500000,-0.500000,0.500000,0.500000,4.167
1564,53.462491,-82.419959,155.000000,0.783950,0.000000,0.000000,0.000000,1.000000,652.291581,161.000000,0.783950,1.000000,0.000000,0.000000,0.000000,693.920739,149.000000,0.783950,1.000000,0.000000,0.000000,0.000000,-82.419959,155.000000,80.000000,0.500000,-0.500000,0.500000,0.500000,4.167
1565,53.495825,-82.579959,155.000000,0.783950,0.000000,0.000000,0.000000,1.000000,652.624914,161.000000,0.783950,1.000000,0.000000,0.000000,0.000000,694.287406,149.000000,0.783950,1.000000,0.000000,0.000000,0.000000,-82.579959,155.000000,80.000000,0.500000,-0.500000,0.500000,0.500000,0.000
1566,53.524991,-82.719959,155.000000,0.783950,0.000000,0.000000,0.000000,1.000000,652.916581,161.000000,0.783950,1.000000,0.000000,0.000000,0.000000,694.608239,149.000000,0.783950,1.000000,0.000000,0.000000,0.000000,-82.719959,155.000000,80.000000,0.500000,-0.500000,0.500000,0.500000,4.167
1567,53.558325,-82.879959,155.000000,0.783950,0.000000,0.000000,0.000000,1.000000,653.249914,161.000000,0.783950,1.000000,0.000000,0.000000,0.000000,694.974905,149.000000,0.783950,1.000000,0.000000,0.000000,0.000000,-82.879959,155.000000,80.000000,0.500000,-0.500000,0.500000,0.500000,0.000
1568,53.591658,-83.039959,155.000000,0.783950,0.000000,0.000000,0.000000,1.000000,653.583247,161.000000,0.783950,1.000000,0.000000,0.000000,0.000000,695.341572,149.000000,0.783950,1.000000,0.000000,0.000000,0.000000,-83.039959,155.000000,80.000000,0.500000,-0.500000,0.500000,0.500000,4.167
1569,53.624991,-83.199959,155.000000,0.783950,0.000000,0.000000,0.000000,1.000000,653.916581,161.000000,0.783950,1.000000,0.000000,0.000000,0.000000,695.708239,149.000000,0.783950,1.000000,0.000000,0.000000,0.000000,-83.199959,155.000000,80.000000,0.500000,-0.500000,0.500000,0.500000,4.167
1570,53.658325,-83.359959,155.000000,0.783950,0.000000,0.000000,0.000000,1.000000,654.249914,161.000000,0.783950,1.000000,0.000000,0.000000,0.000000,696.074905,149.000000,0.783950,1.000000,0.000000,0.000000,0.000000,-83.359959,155.000000,80.000000,0.500000,-0.500000,0.500000,0.500000,0.000
1571,53.691658,-83.519959,155.000000,0.783950,0.000000,0.000000,0.000000,1.000000,654.583247,161.000000,0.783950,1.000000,0.000000,0.000000,0.000000,696.441572,149.000000,0.783950,1.000000,0.000000,0.000000,0.000000,-83.519959,155.000000,80.000000,0.500000,-0.500000,0.500000,0.500000,4.167
1572,53.724991,-83.679959,155.000000,0.783950,0.000000,0.000000,0.000000,1.000000,654.916580,161.000000,0.783950,1.000000,0.000000,0.000000,0.000000,696.808238,149.000000,0.783950,1.000000,0.000000,0.000000,0.000000,-83.679959,155.000000,80.000000,0.500000,-0.500000,0.500000,0.500000,4.167
1573,53.758325,-83.839959,155.000000,0.783950,0.000000,0.000000,0.000000,1.000000,655.249914,161.000000,0.783950,1.000000,0.000000,0.000000,0.000000,697.174905,149.000000,0.783950,1.000000,0.000000,0.000000,0.000000,-83.839959,155.000000,80.000000,0.500000,-0.500000,0.500000,0.500000,0.000
1574,53.791658,-83.999959,155.000000,0.783950,0.000000,0.000000,0.000000,1.000000,655.583247,161.000000,0.783950,1.000000,0.000000,0.000000,0.000000,697.541572,149.000000,0.783950,1.000000,0.000000,0.000000,0.000000,-83.999959,155.000000,80.000000,0.500000,-0.500000,0.500000,0.500000,4.167
1575,53.824991,-84.159959,155.000000,0.783950,0.000000,0.000000,0.000000,1.000000,655.916580,161.000000,0.783950,1.000000,0.000000,0.000000,0.000000,697.908238,149.000000,0.783950,1.000000,0.000000,0.000000,0.000000,-84.159959,155.000000,80.000000,0.500000,-0.500000,0.500000,0.500000,4.167
1576,53.858325,-84.319959,155.000000,0.783950,0.000000,0.000000,0.000000,1.000000,656.249914,161.000000,0.783950,1.000000,0.000000,0.000000,0.000000,698.274905,149.000000,0.783950,1.000000,0.000000,0.000000,0.000000,-84.319959,155.000000,80.000000,0.500000,-0.500000,0.500000,0.500000,0.000
1577,53.891658,-84.479958,155.000000,0.783950,0.000000,0.000000,0.000000,1.000000,656.583247,161.000000,0.783950,1.000000,0.000000,0.000000,0.000000,698.641572,149.000000,0.783950,1.000000,0.000000,0.000000,0.000000,-84.479958,155.000000,80.000000,0.500000,-0.500000,0.500000,0.500000,4.167
1578,53.920825,-84.619958,155.000000,0.783950,0.000000,0.000000,0.000000,1.000000,656.874913,161.000000,0.783950,1.000000,0.000000,0.000000,0.000000,698.962405,149.000000,0.783950,1.000000,0.000000,0.000000,0.000000,-84.619958,155.000000,80.000000,0.500000,-0.500000,0.500000,0.500000,0.000
1579,53.954158,-84.779958,155.000000,0.783950,0.000000,0.000000,0.000000,1.000000,657.208247,161.000000,0.783950,1.000000,0.000000,0.000000,0.000000,699.329071,149.000000,0.783950,1.000000,0.000000,0.000000,0.000000,-84.779958,155.000000,80.000000,0.500000,-0.500000,0.500000,0.500000,4.167
1580,53.987491,-84.939958,155.000000,0.783950,0.000000,0.000000,0.000000,1.000000,657.541580,161.000000,0.783950,1.000000,0.000000,0.000000,0.000000,699.695738,149.000000,0.783950,1.000000,0.000000,0.000000,0.000000,-84.939958,155.000000,80.000000,0.500000,-0.500000,0.500000,0.500000,4.167
1581,54.020825,-85.099958,155.000000,0.783950,0.000000,0.000000,0.000000,1.000000,657.874913,161.000000,0.783950,1.000000,0.000000,0.000000,0.000000,700.062405,149.000000,0.783950,1.000000,0.000000,0.000000,0.000000,-85.099958,155.000000,80.000000,0.500000,-0.500000,0.500000,0.500000,0.000
1582,54.054158,-85.259958,155.000000,0.783950,0.000000,0.000000,0.000000,1.000000,658.208247,161.000000,0.783950,1.000000,0.000000,0.000000,0.000000,700.429071,149.000000,0.783950,1.000000,0.000000,0.000000,0.000000,-85.259958,155.000000,80.000000,0.500000,-0.500000,0.500000,0.500000,4.167
1583,54.087491,-85.419958,155.000000,0.783950,0.000000,0.000000,0.000000,1.000000,658.541580,161.000000,0.783950,1.000000,0.000000,0.000000,0.000000,700.795738,149.000000,0.783950,1.000000,0.000000,0.000000,0.000000,-85.419958,155.000000,80.000000,0.500000,-0.500000,0.500000,0.500000,4.167
1584,54.120825,-85.579958,155.000000,0.783950,0.000000,0.000000,0.000000,1.000000,658.874913,161.000000,0.783950,1.000000,0.000000,0.000000,0.000000,701.162404,149.000000,0.783950,1.000000,0.000000,0.000000,0.000000,-85.579958,155.000000,80.000000,0.500000,-0.500000,0.500000,0.500000,0.000
1585,54.154158,-85.739958,155.000000,0.783950,0.000000,0.000000,0.000000,1.000000,659.208246,161.000000,0.783950,1.000000,0.000000,0.000000,0.000000,701.529071,149.000000,0.783950,1.000000,0.000000,0.000000,0.000000,-85.739958,155.000000,80.000000,0.500000,-0.500000,0.500000,0.500000,4.167
1586,54.187491,-85.899958,155.000000,0.783950,0.000000,0.000000,0.000000,1.000000,659.541580,161.000000,0.783950,1.000000,0.000000,0.000000,0.000000,701.895738,149.000000,0.783950,1.000000,0.000000,0.000000,0.000000,-85.899958,155.000000,80.000000,0.500000,-0.500000,0.500000,0.500000,4.167
1587,54.220825,-86.059958,155.000000,0.783950,0.000000,0.000000,0.000000,1.000000,659.874913,161.000000,0.783950,1.000000,0.000000,0.000000,0.000000,702.262404,149.000000,0.783950,1.000000,0.000000,0.000000,0.000000,-86.059958,155.000000,80.000000,0.500000,-0.500000,0.500000,0.500000,0.000
1588,54.254158,-86.219958,155.000000,0.783950,0.000000,0.000000,0.000000,1.000000,660.208246,161.000000,0.783950,1.000000,0.000000,0.000000,0.000000,702.629071,149.000000,0.783950,1.000000,0.000000,0.000000,0.000000,-86.219958,155.000000,80.000000,0.500000,-0.500000,0.500000,0.500000,4.167
1589,54.287491,-86.379958,155.000000,0.783950,0.000000,0.000000,0.000000,1.000000,660.541580,161.000000,0.783950,1.000000,0.000000,0.000000,0.000000,702.995737,149.000000,0.783950,1.000000,0.000000,0.000000,0.000000,-86.379958,155.000000,80.000000,0.500000,-0.500000,0.500000,0.500000,4.167
1590,54.320825,-86.539958,155.000000,0.783950,0.000000,0.000000,0.000000,1.000000,660.874913,161.000000,0.783950,1.000000,0.000000,0.000000,0.000000,703.362404,149.000000,0.783950,1.000000,0.000000,0.000000,0.000000,-86.539958,155.000000,80.000000,0.500000,-0.500000,0.500000,0.500000,0.000
1591,54.349991,-86.679958,155.000000,0.783950,0.000000,0.000000,0.000000,1.000000,661.166579,161.000000,0.783950,1.000000,0.000000,0.000000,0.000000,703.683237,149.000000,0.783950,1.000000,0.000000,0.000000,0.000000,-86.679958,155.000000,80.000000,0.500000,-0.500000,0.500000,0.500000,4.167
1592,54.383325,-86.839958,155.000000,0.783950,0.000000,0.000000,0.000000,1.000000,661.499913,161.000000,0.783950,1.000000,0.000000,0.000000,0.000000,704.049904,149.000000,0.783950,1.000000,0.000000,0.000000,0.000000,-86.839958,155.000000,80.000000,0.500000,-0.500000,0.500000,0.500000,0.000
1593,54.416658,-86.999958,155.000000,0.783950,0.000000,0.000000,0.000000,1.000000,661.833246,161.000000,0.783950,1.000000,0.000000,0.000000,0.000000,704.416571,149.000000,0.783950,1.000000,0.000000,0.000000,0.000000,-86.999958,155.000000,80.000000,0.500000,-0.500000,0.500000,0.500000,4.167
1594,54.449991,-87.159958,155.000000,0.783950,0.000000,0.000000,0.000000,1.000000,662.166579,161.000000,0.783950,1.000000,0.000000,0.000000,0.000000,704.783237,149.000000,0.783950,1.000000,0.000000,0.000000,0.000000,-87.159958,155.000000,80.000000,0.500000,-0.500000,0.500000,0.500000,4.167
1595,54.483325,-87.319958,155.000000,0.783950,0.000000,0.000000,0.000000,1.000000,662.499913,161.000000,0.783950,1.000000,0.000000,0.000000,0.000000,705.149904,149.000000,0.783950,1.000000,0.000000,0.000000,0.000000,-87.319958,155.000000,80.000000,0.500000,-0.500000,0.500000,0.500000,0.000
1596,54.516658,-87.479958,155.000000,0.783950,0.000000,0.000000,0.000000,1.000000,662.833246,161.000000,0.783950,1.000000,0.000000,0.000000,0.000000,705.516570,149.000000,0.783950,1.000000,0.000000,0.000000,0.000000,-87.479958,155.000000,80.000000,0.500000,-0.500000,0.500000,0.500000,4.167
1597,54.549991,-87.639958,155.000000,0.783950,0.000000,0.000000,0.000000,1.000000,663.166579,161.000000,0.783950,1.000000,0.000000,0.000000,0.000000,705.883237,149.000000,0.783950,1.000000,0.000000,0.000000,0.000000,-87.639958,155.000000,80.000000,0.500000,-0.500000,0.500000,0.500000,4.167
1598,54.583325,-87.799958,155.000000,0.783950,0.000000,0.000000,0.000000,1.000000,663.499912,161.000000,0.783950,1.000000,0.000000,0.000000,0.000000,706.249904,149.000000,0.783950,1.000000,0.000000,0.000000,0.000000,-87.799958,155.000000,80.000000,0.500000,-0.500000,0.500000,0.500000,0.000
1599,54.616658,-87.959958,155.000000,0.783950,0.000000,0.000000,0.000000,1.000000,663.833246,161.000000,0.783950,1.000000,0.000000,0.000000,0.000000,706.616570,149.000000,0.783950,1.000000,0.000000,0.000000,0.000000,-87.959958,155.000000,80.000000,0.500000,-0.500000,0.500000,0.500000,4.167
1600,54.649991,-88.119958,155.000000,0.783950,0.000000,0.000000,0.000000,1.000000,664.166579,161.000000,0.783950,1.000000,0.000000,0.000000,0.000000,706.983237,149.000000,0.783950,1.000000,0.000000,0.000000,0.000000,-88.119958,155.000000,80.000000,0.500000,-0.500000,0.500000,0.500000,4.167
1601,54.683325,-88.279958,155.000000,0.783950,0.000000,0.000000,0.000000,1.000000,664.499912,161.000000,0.783950,1.000000,0.000000,0.000000,0.000000,707.349903,149.000000,0.783950,1.000000,0.000000,0.000000,0.000000,-88.279958,155.000000,80.000000,0.500000,-0.500000,0.500000,0.500000,0.000
1602,54.716658,-88.439958,155.000000,0.783950,0.000000,0.000000,0.000000,1.000000,664.833246,161.000000,0.783950,1.000000,0.000000,0.000000,0.000000,707.716570,149.000000,0.783950,1.000000,0.000000,0.000000,0.000000,-88.439958,155.000000,80.000000,0.500000,-0.500000,0.500000,0.500000,4.167
1603,54.745825,-88.579958,155.000000,0.783950,0.000000,0.000000,0.000000,1.000000,665.124912,161.000000,0.783950,1.000000,0.000000,0.000000,0.000000,708.037403,149.000000,0.783950,1.000000,0.000000,0.000000,0.000000,-88.579958,155.000000,80.000000,0.500000,-0.500000,0.500000,0.500000,0.000
1604,54.779158,-88.739958,155.000000,0.783950,0.000000,0.000000,0.000000,1.000000,665.458245,161.000000,0.783950,1.000000,0.000000,0.000000,0.000000,708.404070,149.000000,0.783950,1.000000,0.000000,0.000000,0.000000,-88.739958,155.000000,80.000000,0.500000,-0.500000,0.500000,0.500000,4.167
1605,54.812491,-88.899958,155.000000,0.783950,0.000000,0.000000,0.000000,1.000000,665.791579,161.000000,0.783950,1.000000,0.000000,0.000000,0.000000,708.770737,149.000000,0.783950,1.000000,0.000000,0.000000,0.000000,-88.899958,155.000000,80.000000,0.500000,-0.500000,0.500000,0.500000,4.167
1606,54.845825,-89.059958,155.000000,0.783950,0.000000,0.000000,0.000000,1.000000,666.124912,161.000000,0.783950,1.000000,0.000000,0.000000,0.000000,709.137403,149.000000,0.783950,1.000000,0.000000,0.000000,0.000000,-89.059958,155.000000,80.000000,0.500000,-0.500000,0.500000,0.500000,0.000
1607,54.879158,-89.219958,155.000000,0.783950,0.000000,0.000000,0.000000,1.000000,666.458245,161.000000,0.783950,1.000000,0.000000,0.000000,0.000000,709.504070,149.000000,0.783950,1.000000,0.000000,0.000000,0.000000,-89.219958,155.000000,80.000000,0.500000,-0.500000,0.500000,0.500000,4.167
1608,54.912491,-89.379958,155.000000,0.783950,0.000000,0.000000,0.000000,1.000000,666.791579,161.000000,0.783950,1.000000,0.000000,0.000000,0.000000,709.870736,149.000000,0.783950,1.000000,0.000000,0.000000,0.000000,-89.379958,155.000000,80.000000,0.500000,-0.500000,0.500000,0.500000,4.167
1609,54.945825,-89.539958,155.000000,0.783950,0.000000,0.000000,0.000000,1.000000,667.124912,161.000000,0.783950,1.000000,0.000000,0.000000,0.000000,710.237403,149.000000,0.783950,1.000000,0.000000,0.000000,0.000000,-89.539958,155.000000,80.000000,0.500000,-0.500000,0.500000,0.500000,0.000
1610,54.979158,-89.699958,155.000000,0.783950,0.000000,0.000000,0.000000,1.000000,667.458245,161.000000,0.783950,1.000000,0.000000,0.000000,0.000000,710.604070,149.000000,0.783950,1.000000,0.000000,0.000000,0.000000,-89.699958,155.000000,80.000000,0.500000,-0.500000,0.500000,0.500000,4.167
1611,55.012491,-89.859958,155.000000,0.783950,0.000000,0.000000,0.000000,1.000000,667.791578,161.000000,0.783950,1.000000,0.000000,0.000000,0.000000,710.970736,149.000000,0.783950,1.000000,0.000000,0.000000,0.000000,-89.859958,155.000000,80.000000,0.500000,-0.500000,0.500000,0.500000,4.167
1612,55.045825,-90.019958,155.000000,0.783950,0.000000,0.000000,0.000000,1.000000,668.124912,161.000000,0.783950,1.000000,0.000000,0.000000,0.000000,711.337403,149.000000,0.783950,1.000000,0.000000,0.000000,0.000000,-90.019958,155.000000,80.000000,0.500000,-0.500000,0.500000,0.500000,0.000
1613,55.079158,-90.179958,155.000000,0.783950,0.000000,0.000000,0.000000,1.000000,668.458245,161.000000,0.783950,1.000000,0.000000,0.000000,0.000000,711.704069,149.000000,0.783950,1.000000,0.000000,0.000000,0.000000,-90.179958,155.000000,80.000000,0.500000,-0.500000,0.500000,0.500000,4.167
1614,55.112491,-90.339958,155.000000,0.783950,0.000000,0.000000,0.000000,1.000000,668.791578,161.000000,0.783950,1.000000,0.000000,0.000000,0.000000,712.070736,149.000000,0.783950,1.000000,0.000000,0.000000,0.000000,-90.339958,155.000000,80.000000,0.500000,-0.500000,0.500000,0.500000,4.167
1615,55.145825,-90.499958,155.000000,0.783950,0.000000,0.000000,0.000000,1.000000,669.124911,161.000000,0.783950,1.000000,0.000000,0.000000,0.000000,712.437403,149.000000,0.783950,1.000000,0.000000,0.000000,0.000000,-90.499958,155.000000,80.000000,0.500000,-0.500000,0.500000,0.500000,0.000
1616,55.174991,-90.639957,155.000000,0.783950,0.000000,0.000000,0.000000,1.000000,669.416578,161.000000,0.783950,1.000000,0.000000,0.000000,0.000000,712.758236,149.000000,0.783950,1.000000,0.000000,0.000000,0.000000,-90.639957,155.000000,80.000000,0.500000,-0.500000,0.500000,0.500000,4.167
1617,55.208324,-90.799957,155.000000,0.783950,0.000000,0.000000,0.000000,1.000000,669.749911,161.000000,0.783950,1.000000,0.000000,0.000000,0.000000,713.124903,149.000000,0.783950,1.000000,0.000000,0.000000,0.000000,-90.799957,155.000000,80.000000,0.500000,-0.500000,0.500000,0.500000,0.000
1618,55.241658,-90.959957,155.000000,0.783950,0.000000,0.000000,0.000000,1.000000,670.083245,161.000000,0.783950,1.000000,0.000000,0.000000,0.000000,713.491569,149.000000,0.783950,1.000000,0.000000,0.000000,0.000000,-90.959957,155.000000,80.000000,0.500000,-0.500000,0.500000,0.500000,4.167
1619,55.274991,-91.119957,155.000000,0.783950,0.000000,0.000000,0.000000,1.000000,670.416578,161.000000,0.783950,1.000000,0.000000,0.000000,0.000000,713.858236,149.000000,0.783950,1.000000,0.000000,0.000000,0.000000,-91.119957,155.000000,80.000000,0.500000,-0.500000,0.500000,0.500000,4.167
1620,55.308324,-91.279957,155.000000,0.783950,0.000000,0.000000,0.000000,1.000000,670.749911,161.000000,0.783950,1.000000,0.000000,0.000000,0.000000,714.224902,149.000000,0.783950,1.000000,0.000000,0.000000,0.000000,-91.279957,155.000000,80.000000,0.500000,-0.500000,0.500000,0.500000,0.000
1621,55.341658,-91.439957,155.000000,0.783950,0.000000,0.000000,0.000000,1.000000,671.083245,161.000000,0.783950,1.000000,0.000000,0.000000,0.000000,714.591569,149.000000,0.783950,1.000000,0.000000,0.000000,0.000000,-91.439957,155.000000,80.000000,0.500000,-0.500000,0.500000,0.500000,4.167
1622,55.374991,-91.599957,155.000000,0.783950,0.000000,0.000000,0.000000,1.000000,671.416578,161.000000,0.783950,1.000000,0.000000,0.000000,0.000000,714.958236,149.000000,0.783950,1.000000,0.000000,0.000000,0.000000,-91.599957,155.000000,80.000000,0.500000,-0.500000,0.500000,0.500000,4.167
1623,55.408324,-91.759957,155.000000,0.783950,0.000000,0.000000,0.000000,1.000000,671.749911,161.000000,0.783950,1.000000,0.000000,0.000000,0.000000,715.324902,149.000000,0.783950,1.000000,0.000000,0.000000,0.000000,-91.759957,155.000000,80.000000,0.500000,-0.500000,0.500000,0.500000,0.000
1624,55.441658,-91.919957,155.000000,0.783950,0.000000,0.000000,0.000000,1.000000,672.083244,161.000000,0.783950,1.000000,0.000000,0.000000,0.000000,715.691569,149.000000,0.783950,1.000000,0.000000,0.000000,0.000000,-91.919957,155.000000,80.000000,0.500000,-0.500000,0.500000,0.500000,4.167
1625,55.474991,-92.079957,155.000000,0.783950,0.000000,0.000000,0.000000,1.000000,672.416578,161.000000,0.783950,1.000000,0.000000,0.000000,0.000000,716.058235,149.000000,0.783950,1.000000,0.000000,0.000000,0.000000,-92.079957,155.000000,80.000000,0.500000,-0.500000,0.500000,0.500000,4.167
1626,55.508324,-92.239957,155.000000,0.783950,0.000000,0.000000,0.000000,1.000000,672.749911,161.000000,0.783950,1.000000,0.000000,0.000000,0.000000,716.424902,149.000000,0.783950,1.000000,0.000000,0.000000,0.000000,-92.239957,155.000000,80.000000,0.500000,-0.500000,0.500000,0.500000,0.000
1627,55.541658,-92.399957,155.000000,0.783950,0.000000,0.000000,0.000000,1.000000,673.083244,161.000000,0.783950,1.000000,0.000000,0.000000,0.000000,716.791569,149.000000,0.783950,1.000000,0.000000,0.000000,0.000000,-92.399957,155.000000,80.000000,0.500000,-0.500000,0.500000,0.500000,4.167
1628,55.570824,-92.539957,155.000000,0.783950,0.000000,0.000000,0.000000,1.000000,673.374911,161.000000,0.783950,1.000000,0.000000,0.000000,0.000000,717.112402,149.000000,0.783950,1.000000,0.000000,0.000000,0.000000,-92.539957,155.000000,80.000000,0.500000,-0.500000,0.500000,0.500000,0.000
1629,55.604158,-92.699957,155.000000,0.783950,0.000000,0.000000,0.000000,1.000000,673.708244,161.000000,0.783950,1.000000,0.000000,0.000000,0.000000,717.479069,149.000000,0.783950,1.000000,0.000000,0.000000,0.000000,-92.699957,155.000000,80.000000,0.500000,-0.500000,0.500000,0.500000,4.167
1630,55.637491,-92.859957,155.000000,0.783950,0.000000,0.000000,0.000000,1.000000,674.041577,161.000000,0.783950,1.000000,0.000000,0.000000,0.000000,717.845735,149.000000,0.783950,1.000000,0.000000,0.000000,0.000000,-92.859957,155.000000,80.000000,0.500000,-0.500000,0.500000,0.500000,4.167
1631,55.670824,-93.019957,155.000000,0.783950,0.000000,0.000000,0.000000,1.000000,674.374911,161.000000,0.783950,1.000000,0.000000,0.000000,0.000000,718.212402,149.000000,0.783950,1.000000,0.000000,0.000000,0.000000,-93.019957,155.000000,80.000000,0.500000,-0.500000,0.500000,0.500000,0.000
1632,55.704158,-93.179957,155.000000,0.783950,0.000000,0.000000,0.000000,1.000000,674.708244,161.000000,0.783950,1.000000,0.000000,0.000000,0.000000,718.579068,149.000000,0.783950,1.000000,0.000000,0.000000,0.000000,-93.179957,155.000000,80.000000,0.500000,-0.500000,0.500000,0.500000,4.167
1633,55.737491,-93.339957,155.000000,0.783950,0.000000,0.000000,0.000000,1.000000,675.041577,161.000000,0.783950,1.000000,0.000000,0.000000,0.000000,718.945735,149.000000,0.783950,1.000000,0.000000,0.000000,0.000000,-93.339957,155.000000,80.000000,0.500000,-0.500000,0.500000,0.500000,4.167
1634,55.770824,-93.499957,155.000000,0.783950,0.000000,0.000000,0.000000,1.000000,675.374910,161.000000,0.783950,1.000000,0.000000,0.000000,0.000000,719.312402,149.000000,0.783950,1.000000,0.000000,0.000000,0.000000,-93.499957,155.000000,80.000000,0.500000,-0.500000,0.500000,0.500000,0.000
1635,55.804158,-93.659957,155.000000,0.783950,0.000000,0.000000,0.000000,1.000000,675.708244,161.000000,0.783950,1.000000,0.000000,0.000000,0.000000,719.679068,149.000000,0.783950,1.000000,0.000000,0.000000,0.000000,-93.659957,155.000000,80.000000,0.500000,-0.500000,0.500000,0.500000,4.167
1636,55.837491,-93.819957,155.000000,0.783950,0.000000,0.000000,0.000000,1.000000,676.041577,161.000000,0.783950,1.000000,0.000000,0.000000,0.000000,720.045735,149.000000,0.783950,1.000000,0.000000,0.000000,0.000000,-93.819957,155.000000,80.000000,0.500000,-0.500000,0.500000,0.500000,4.167
1637,55.870824,-93.979957,155.000000,0.783950,0.000000,0.000000,0.000000,1.000000,676.374910,161.000000,0.783950,1.000000,0.000000,0.000000,0.000000,720.412401,149.000000,0.783950,1.000000,0.000000,0.000000,0.000000,-93.979957,155.000000,80.000000,0.500000,-0.500000,0.500000,0.500000,0.000
1638,55.904158,-94.139957,155.000000,0.783950,0.000000,0.000000,0.000000,1.000000,676.708244,161.000000,0.783950,1.000000,0.000000,0.000000,0.000000,720.779068,149.000000,0.783950,1.000000,0.000000,0.000000,0.000000,-94.139957,155.000000,80.000000,0.500000,-0.500000,0.500000,0.500000,4.167
1639,55.937491,-94.299957,155.000000,0.783950,0.000000,0.000000,0.000000,1.000000,677.041577,161.000000,0.783950,1.000000,0.000000,0.000000,0.000000,721.145735,149.000000,0.783950,1.000000,0.000000,0.000000,0.000000,-94.299957,155.000000,80.000000,0.500000,-0.500000,0.500000,0.500000,4.167
1640,55.970824,-94.459957,155.000000,0.783950,0.000000,0.000000,0.000000,1.000000,677.374910,161.000000,0.783950,1.000000,0.000000,0.000000,0.000000,721.512401,149.000000,0.783950,1.000000,0.000000,0.000000,0.000000,-94.459957,155.000000,80.000000,0.500000,-0.500000,0.500000,0.500000,0.000
1641,55.999991,-94.599957,155.000000,0.783950,0.000000,0.000000,0.000000,1.000000,677.666577,161.000000,0.783950,1.000000,0.000000,0.000000,0.000000,721.833234,149.000000,0.783950,1.000000,0.000000,0.000000,0.000000,-94.599957,155.000000,80.000000,0.500000,-0.500000,0.500000,0.500000,4.167
1642,56.033324,-94.759957,155.000000,0.783950,0.000000,0.000000,0.000000,1.000000,677.999910,161.000000,0.783950,1.000000,0.000000,0.000000,0.000000,722.199901,149.000000,0.783950,1.000000,0.000000,0.000000,0.000000,-94.759957,155.000000,80.000000,0.500000,-0.500000,0.500000,0.500000,0.000
1643,56.066658,-94.919957,155.000000,0.783950,0.000000,0.000000,0.000000,1.000000,678.333243,161.000000,0.783950,1.000000,0.000000,0.000000,0.000000,722.566568,149.000000,0.783950,1.000000,0.000000,0.000000,0.000000,-94.919957,155.000000,80.000000,0.500000,-0.500000,0.500000,0.500000,4.167
1644,56.099991,-95.079957,155.000000,0.783950,0.000000,0.000000,0.000000,1.000000,678.666577,161.000000,0.783950,1.000000,0.000000,0.000000,0.000000,722.933234,149.000000,0.783950,1.000000,0.000000,0.000000,0.000000,-95.079957,155.000000,80.000000,0.500000,-0.500000,0.500000,0.500000,4.167
1645,56.133324,-95.239957,155.000000,0.783950,0.000000,0.000000,0.000000,1.000000,678.999910,161.000000,0.783950,1.000000,0.000000,0.000000,0.000000,723.299901,149.000000,0.783950,1.000000,0.000000,0.000000,0.000000,-95.239957,155.000000,80.000000,0.500000,-0.500000,0.500000,0.500000,0.000
1646,56.166658,-95.399957,155.000000,0.783950,0.000000,0.000000,0.000000,1.000000,679.333243,161.000000,0.783950,1.000000,0.000000,0.000000,0.000000,723.666568,149.000000,0.783950,1.000000,0.000000,0.000000,0.000000,-95.399957,155.000000,80.000000,0.500000,-0.500000,0.500000,0.500000,4.167
1647,56.199991,-95.559957,155.000000,0.783950,0.000000,0.000000,0.000000,1.000000,679.666576,161.000000,0.783950,1.000000,0.000000,0.000000,0.000000,724.033234,149.000000,0.783950,1.000000,0.000000,0.000000,0.000000,-95.559957,155.000000,80.000000,0.500000,-0.500000,0.500000,0.500000,4.167
1648,56.233324,-95.719957,155.000000,0.783950,0.000000,0.000000,0.000000,1.000000,679.999910,161.000000,0.783950,1.000000,0.000000,0.000000,0.000000,724.399901,149.000000,0.783950,1.000000,0.000000,0.000000,0.000000,-95.719957,155.000000,80.000000,0.500000,-0.500000,0.500000,0.500000,0.000
1649,56.266658,-95.879957,155.000000,0.783950,0.000000,0.000000,0.000000,1.000000,680.333243,161.000000,0.783950,1.000000,0.000000,0.000000,0.000000,724.766567,149.000000,0.783950,1.000000,0.000000,0.000000,0.000000,-95.879957,155.000000,80.000000,0.500000,-0.500000,0.500000,0.500000,4.167
1650,56.299991,-96.039957,155.000000,0.783950,0.000000,0.000000,0.000000,1.000000,680.666576,161.000000,0.783950,1.000000,0.000000,0.000000,0.000000,725.133234,149.000000,0.783950,1.000000,0.000000,0.000000,0.000000,-96.039957,155.000000,80.000000,0.500000,-0.500000,0.500000,0.500000,4.167
1651,56.333324,-96.199957,155.000000,0.783950,0.000000,0.000000,0.000000,1.000000,680.999910,161.000000,0.783950,1.000000,0.000000,0.000000,0.000000,725.499901,149.000000,0.783950,1.000000,0.000000,0.000000,0.000000,-96.199957,155.000000,80.000000,0.500000,-0.500000,0.500000,0.500000,0.000
1652,56.366658,-96.359957,155.000000,0.783950,0.000000,0.000000,0.000000,1.000000,681.333243,161.000000,0.783950,1.000000,0.000000,0.000000,0.000000,725.866567,149.000000,0.783950,1.000000,0.000000,0.000000,0.000000,-96.359957,155.000000,80.000000,0.500000,-0.500000,0.500000,0.500000,4.167
1653,56.395824,-96.499957,155.000000,0.783950,0.000000,0.000000,0.000000,1.000000,681.624909,161.000000,0.783950,1.000000,0.000000,0.000000,0.000000,726.187400,149.000000,0.783950,1.000000,0.000000,0.000000,0.000000,-96.499957,155.000000,80.000000,0.500000,-0.500000,0.500000,0.500000,0.000
1654,56.429158,-96.659957,155.000000,0.783950,0.000000,0.000000,0.000000,1.000000,681.958243,161.000000,0.783950,1.000000,0.000000,0.000000,0.000000,726.554067,149.000000,0.783950,1.000000,0.000000,0.000000,0.000000,-96.659957,155.000000,80.000000,0.500000,-0.500000,0.500000,0.500000,4.167
1655,56.462491,-96.819957,155.000000,0.783950,0.000000,0.000000,0.000000,1.000000,682.291576,161.000000,0.783950,1.000000,0.000000,0.000000,0.000000,726.920734,149.000000,0.783950,1.000000,0.000000,0.000000,0.000000,-96.819957,155.000000,80.000000,0.500000,-0.500000,0.500000,0.500000,4.167
1656,56.495824,-96.979956,155.000000,0.783950,0.000000,0.000000,0.000000,1.000000,682.624909,161.000000,0.783950,1.000000,0.000000,0.000000,0.000000,727.287400,149.000000,0.783950,1.000000,0.000000,0.000000,0.000000,-96.979956,155.000000,80.000000,0.500000,-0.500000,0.500000,0.500000,0.000
1657,56.529158,-97.139956,155.000000,0.783950,0.000000,0.000000,0.000000,1.000000,682.958243,161.000000,0.783950,1.000000,0.000000,0.000000,0.000000,727.654067,149.000000,0.783950,1.000000,0.000000,0.000000,0.000000,-97.139956,155.000000,80.000000,0.500000,-0.500000,0.500000,0.500000,4.167
1658,56.562491,-97.299956,155.000000,0.783950,0.000000,0.000000,0.000000,1.000000,683.291576,161.000000,0.783950,1.000000,0.000000,0.000000,0.000000,728.020733,149.000000,0.783950,1.000000,0.000000,0.000000,0.000000,-97.299956,155.000000,80.000000,0.500000,-0.500000,0.500000,0.500000,4.167
1659,56.595824,-97.459956,155.000000,0.783950,0.000000,0.000000,0.000000,1.000000,683.624909,161.000000,0.783950,1.000000,0.000000,0.000000,0.000000,728.387400,149.000000,0.783950,1.000000,0.000000,0.000000,0.000000,-97.459956,155.000000,80.000000,0.500000,-0.500000,0.500000,0.500000,0.000
1660,56.629158,-97.619956,155.000000,0.783950,0.000000,0.000000,0.000000,1.000000,683.958242,161.000000,0.783950,1.000000,0.000000,0.000000,0.000000,728.754067,149.000000,0.783950,1.000000,0.000000,0.000000,0.000000,-97.619956,155.000000,80.000000,0.500000,-0.500000,0.500000,0.500000,4.167
1661,56.662491,-97.779956,155.000000,0.783950,0.000000,0.000000,0.000000,1.000000,684.291576,161.000000,0.783950,1.000000,0.000000,0.000000,0.000000,729.120733,149.000000,0.783950,1.000000,0.000000,0.000000,0.000000,-97.779956,155.000000,80.000000,0.500000,-0.500000,0.500000,0.500000,4.167
1662,56.695824,-97.939956,155.000000,0.783950,0.000000,0.000000,0.000000,1.000000,684.624909,161.000000,0.783950,1.000000,0.000000,0.000000,0.000000,729.487400,149.000000,0.783950,1.000000,0.000000,0.000000,0.000000,-97.939956,155.000000,80.000000,0.500000,-0.500000,0.500000,0.500000,0.000
1663,56.729158,-98.099956,155.000000,0.783950,0.000000,0.000000,0.000000,1.000000,684.958242,161.000000,0.783950,1.000000,0.000000,0.000000,0.000000,729.854067,149.000000,0.783950,1.000000,0.000000,0.000000,0.000000,-98.099956,155.000000,80.000000,0.500000,-0.500000,0.500000,0.500000,4.167
1664,56.762491,-98.259956,155.000000,0.783950,0.000000,0.000000,0.000000,1.000000,685.291576,161.000000,0.783950,1.000000,0.000000,0.000000,0.000000,730.220733,149.000000,0.783950,1.000000,0.000000,0.000000,0.000000,-98.259956,155.000000,80.000000,0.500000,-0.500000,0.500000,0.500000,4.167
1665,56.795824,-98.419956,155.000000,0.783950,0.000000,0.000000,0.000000,1.000000,685.624909,161.000000,0.783950,1.000000,0.000000,0.000000,0.000000,730.587400,149.000000,0.783950,1.000000,0.000000,0.000000,0.000000,-98.419956,155.000000,80.000000,0.500000,-0.500000,0.500000,0.500000,0.000
1666,56.824991,-98.559956,155.000000,0.783950,0.000000,0.000000,0.000000,1.000000,685.916575,161.000000,0.783950,1.000000,0.000000,0.000000,0.000000,730.908233,149.000000,0.783950,1.000000,0.000000,0.000000,0.000000,-98.559956,155.000000,80.000000,0.500000,-0.500000,0.500000,0.500000,4.167
1667,56.858324,-98.719956,155.000000,0.783950,0.000000,0.000000,0.000000,1.000000,686.249909,161.000000,0.783950,1.000000,0.000000,0.000000,0.000000,731.274900,149.000000,0.783950,1.000000,0.000000,0.000000,0.000000,-98.719956,155.000000,80.000000,0.500000,-0.500000,0.500000,0.500000,0.000
1668,56.891658,-98.879956,155.000000,0.783950,0.000000,0.000000,0.000000,1.000000,686.583242,161.000000,0.783950,1.000000,0.000000,0.000000,0.000000,731.641566,149.000000,0.783950,1.000000,0.000000,0.000000,0.000000,-98.879956,155.000000,80.000000,0.500000,-0.500000,0.500000,0.500000,4.167
1669,56.924991,-99.039956,155.000000,0.783950,0.000000,0.000000,0.000000,1.000000,686.916575,161.000000,0.783950,1.000000,0.000000,0.000000,0.000000,732.008233,149.000000,0.783950,1.000000,0.000000,0.000000,0.000000,-99.039956,155.000000,80.000000,0.500000,-0.500000,0.500000,0.500000,4.167
1670,56.958324,-99.199956,155.000000,0.783950,0.000000,0.000000,0.000000,1.000000,687.249909,161.000000,0.783950,1.000000,0.000000,0.000000,0.000000,732.374899,149.000000,0.783950,1.000000,0.000000,0.000000,0.000000,-99.199956,155.000000,80.000000,0.500000,-0.500000,0.500000,0.500000,0.000
1671,56.991658,-99.359956,155.000000,0.783950,0.000000,0.000000,0.000000,1.000000,687.583242,161.000000,0.783950,1.000000,0.000000,0.000000,0.000000,732.741566,149.000000,0.783950,1.000000,0.000000,0.000000,0.000000,-99.359956,155.000000,80.000000,0.500000,-0.500000,0.500000,0.500000,4.167
1672,57.024991,-99.519956,155.000000,0.783950,0.000000,0.000000,0.000000,1.000000,687.916575,161.000000,0.783950,1.000000,0.000000,0.000000,0.000000,733.108233,149.000000,0.783950,1.000000,0.000000,0.000000,0.000000,-99.519956,155.000000,80.000000,0.500000,-0.500000,0.500000,0.500000,4.167
1673,57.058324,-99.679956,155.000000,0.783950,0.000000,0.000000,0.000000,1.000000,688.249908,161.000000,0.783950,1.000000,0.000000,0.000000,0.000000,733.474899,149.000000,0.783950,1.000000,0.000000,0.000000,0.000000,-99.679956,155.000000,80.000000,0.500000,-0.500000,0.500000,0.500000,0.000
1674,57.091658,-99.839956,155.000000,0.783950,0.000000,0.000000,0.000000,1.000000,688.583242,161.000000,0.783950,1.000000,0.000000,0.000000,0.000000,733.841566,149.000000,0.783950,1.000000,0.000000,0.000000,0.000000,-99.839956,155.000000,80.000000,0.500000,-0.500000,0.500000,0.500000,4.167
1675,57.124991,-99.999956,155.000000,0.783950,0.000000,0.000000,0.000000,1.000000,688.916575,161.000000,0.783950,1.000000,0.000000,0.000000,0.000000,734.208232,149.000000,0.783950,1.000000,0.000000,0.000000,0.000000,-99.999956,155.000000,80.000000,0.500000,-0.500000,0.500000,0.500000,4.167
1676,57.158324,-100.159956,155.000000,0.783950,0.000000,0.000000,0.000000,1.000000,689.249908,161.000000,0.783950,1.000000,0.000000,0.000000,0.000000,734.574899,149.000000,0.783950,1.000000,0.000000,0.000000,0.000000,-100.159956,155.000000,80.000000,0.500000,-0.500000,0.500000,0.500000,0.000
1677,57.191658,-100.319956,155.000000,0.783950,0.000000,0.000000,0.000000,1.000000,689.583242,161.000000,0.783950,1.000000,0.000000,0.000000,0.000000,734.941566,149.000000,0.783950,1.000000,0.000000,0.000000,0.000000,-100.319956,155.000000,80.000000,0.500000,-0.500000,0.500000,0.500000,4.167
1678,57.220824,-100.459956,155.000000,0.783950,0.000000,0.000000,0.000000,1.000000,689.874908,161.000000,0.783950,1.000000,0.000000,0.000000,0.000000,735.262399,149.000000,0.783950,1.000000,0.000000,0.000000,0.000000,-100.459956,155.000000,80.000000,0.500000,-0.500000,0.500000,0.500000,0.000
1679,57.254158,-100.619956,155.000000,0.783950,0.000000,0.000000,0.000000,1.000000,690.208241,161.000000,0.783950,1.000000,0.000000,0.000000,0.000000,735.629066,149.000000,0.783950,1.000000,0.000000,0.000000,0.000000,-100.619956,155.000000,80.000000,0.500000,-0.500000,0.500000,0.500000,4.167
1680,57.287491,-100.779956,155.000000,0.783950,0.000000,0.000000,0.000000,1.000000,690.541575,161.000000,0.783950,1.000000,0.000000,0.000000,0.000000,735.995732,149.000000,0.783950,1.000000,0.000000,0.000000,0.000000,-100.779956,155.000000,80.000000,0.500000,-0.500000,0.500000,0.500000,4.167
1681,57.320824,-100.939956,155.000000,0.783950,0.000000,0.000000,0.000000,1.000000,690.874908,161.000000,0.783950,1.000000,0.000000,0.000000,0.000000,736.362399,149.000000,0.783950,1.000000,0.000000,0.000000,0.000000,-100.939956,155.000000,80.000000,0.500000,-0.500000,0.500000,0.500000,0.000
1682,57.354157,-101.099956,155.000000,0.783950,0.000000,0.000000,0.000000,1.000000,691.208241,161.000000,0.783950,1.000000,0.000000,0.000000,0.000000,736.729065,149.000000,0.783950,1.000000,0.000000,0.000000,0.000000,-101.099956,155.000000,80.000000,0.500000,-0.500000,0.500000,0.500000,4.167
1683,57.387491,-101.259956,155.000000,0.783950,0.000000,0.000000,0.000000,1.000000,691.541575,161.000000,0.783950,1.000000,0.000000,0.000000,0.000000,737.095732,149.000000,0.783950,1.000000,0.000000,0.000000,0.000000,-101.259956,155.000000,80.000000,0.500000,-0.500000,0.500000,0.500000,4.167
1684,57.420824,-101.419956,155.000000,0.783950,0.000000,0.000000,0.000000,1.000000,691.874908,161.000000,0.783950,1.000000,0.000000,0.000000,0.000000,737.462399,149.000000,0.783950,1.000000,0.000000,0.000000,0.000000,-101.419956,155.000000,80.000000,0.500000,-0.500000,0.500000,0.500000,0.000
1685,57.454157,-101.579956,155.000000,0.783950,0.000000,0.000000,0.000000,1.000000,692.208241,161.000000,0.783950,1.000000,0.000000,0.000000,0.000000,737.829065,149.000000,0.783950,1.000000,0.000000,0.000000,0.000000,-101.579956,155.000000,80.000000,0.500000,-0.500000,0.500000,0.500000,4.167
1686,57.487491,-101.739956,155.000000,0.783950,0.000000,0.000000,0.000000,1.000000,692.541574,161.000000,0.783950,1.000000,0.000000,0.000000,0.000000,738.195732,149.000000,0.783950,1.000000,0.000000,0.000000,0.000000,-101.739956,155.000000,80.000000,0.500000,-0.500000,0.500000,0.500000,4.167
1687,57.520824,-101.899956,155.000000,0.783950,0.000000,0.000000,0.000000,1.000000,692.874908,161.000000,0.783950,1.000000,0.000000,0.000000,0.000000,738.562398,149.000000,0.783950,1.000000,0.000000,0.000000,0.000000,-101.899956,155.000000,80.000000,0.500000,-0.500000,0.500000,0.500000,0.000
1688,57.554157,-102.059956,155.000000,0.783950,0.000000,0.000000,0.000000,1.000000,693.208241,161.000000,0.783950,1.000000,0.000000,0.000000,0.000000,738.929065,149.000000,0.783950,1.000000,0.000000,0.000000,0.000000,-102.059956,155.000000,80.000000,0.500000,-0.500000,0.500000,0.500000,4.167
1689,57.587491,-102.219956,155.000000,0.783950,0.000000,0.000000,0.000000,1.000000,693.541574,161.000000,0.783950,1.000000,0.000000,0.000000,0.000000,739.295732,149.000000,0.783950,1.000000,0.000000,0.000000,0.000000,-102.219956,155.000000,80.000000,0.500000,-0.500000,0.500000,0.500000,4.167
1690,57.620824,-102.379956,155.000000,0.783950,0.000000,0.000000,0.000000,1.000000,693.874908,161.000000,0.783950,1.000000,0.000000,0.000000,0.000000,739.662398,149.000000,0.783950,1.000000,0.000000,0.000000,0.000000,-102.379956,155.000000,80.000000,0.500000,-0.500000,0.500000,0.500000,0.000
1691,57.649991,-102.519956,155.000000,0.783950,0.000000,0.000000,0.000000,1.000000,694.166574,161.000000,0.783950,1.000000,0.000000,0.000000,0.000000,739.983232,149.000000,0.783950,1.000000,0.000000,0.000000,0.000000,-102.519956,155.000000,80.000000,0.500000,-0.500000,0.500000,0.500000,4.167
1692,57.683324,-102.679956,155.000000,0.783950,0.000000,0.000000,0.000000,1.000000,694.499907,161.000000,0.783950,1.000000,0.000000,0.000000,0.000000,740.349898,149.000000,0.783950,1.000000,0.000000,0.000000,0.000000,-102.679956,155.000000,80.000000,0.500000,-0.500000,0.500000,0.500000,0.000
1693,57.716657,-102.839956,155.000000,0.783950,0.000000,0.000000,0.000000,1.000000,694.833241,161.000000,0.783950,1.000000,0.000000,0.000000,0.000000,740.716565,149.000000,0.783950,1.000000,0.000000,0.000000,0.000000,-102.839956,155.000000,80.000000,0.500000,-0.500000,0.500000,0.500000,4.167
1694,57.749991,-102.999956,155.000000,0.783950,0.000000,0.000000,0.000000,1.000000,695.166574,161.000000,0.783950,1.000000,0.000000,0.000000,0.000000,741.083231,149.000000,0.783950,1.000000,0.000000,0.000000,0.000000,-102.999956,155.000000,80.000000,0.500000,-0.500000,0.500000,0.500000,4.167
1695,57.783324,-103.159955,155.000000,0.783950,0.000000,0.000000,0.000000,1.000000,695.499907,161.000000,0.783950,1.000000,0.000000,0.000000,0.000000,741.449898,149.000000,0.783950,1.000000,0.000000,0.000000,0.000000,-103.159955,155.000000,80.000000,0.500000,-0.500000,0.500000,0.500000,0.000
1696,57.816657,-103.319955,155.000000,0.783950,0.000000,0.000000,0.000000,1.000000,695.833241,161.000000,0.783950,1.000000,0.000000,0.000000,0.000000,741.816565,149.000000,0.783950,1.000000,0.000000,0.000000,0.000000,-103.319955,155.000000,80.000000,0.500000,-0.500000,0.500000,0.500000,4.167
1697,57.849991,-103.479955,155.000000,0.783950,0.000000,0.000000,0.000000,1.000000,696.166574,161.000000,0.783950,1.000000,0.000000,0.000000,0.000000,742.183231,149.000000,0.783950,1.000000,0.000000,0.000000,0.000000,-103.479955,155.000000,80.000000,0.500000,-0.500000,0.500000,0.500000,4.167
1698,57.883324,-103.639955,155.000000,0.783950,0.000000,0.000000,0.000000,1.000000,696.499907,161.000000,0.783950,1.000000,0.000000,0.000000,0.000000,742.549898,149.000000,0.783950,1.000000,0.000000,0.000000,0.000000,-103.639955,155.000000,80.000000,0.500000,-0.500000,0.500000,0.500000,0.000
1699,57.916657,-103.799955,155.000000,0.783950,0.000000,0.000000,0.000000,1.000000,696.833240,161.000000,0.783950,1.000000,0.000000,0.000000,0.000000,742.916564,149.000000,0.783950,1.000000,0.000000,0.000000,0.000000,-103.799955,155.000000,80.000000,0.500000,-0.500000,0.500000,0.500000,4.167
1700,57.949991,-103.959955,155.000000,0.783950,0.000000,0.000000,0.000000,1.000000,697.166574,161.000000,0.783950,1.000000,0.000000,0.000000,0.000000,743.283231,149.000000,0.783950,1.000000,0.000000,0.000000,0.000000,-103.959955,155.000000,80.000000,0.500000,-0.500000,0.500000,0.500000,4.167
1701,57.983324,-104.119955,155.000000,0.783950,0.000000,0.000000,0.000000,1.000000,697.499907,161.000000,0.783950,1.000000,0.000000,0.000000,0.000000,743.649898,149.000000,0.783950,1.000000,0.000000,0.000000,0.000000,-104.119955,155.000000,80.000000,0.500000,-0.500000,0.500000,0.500000,0.000
1702,58.016657,-104.279955,155.000000,0.783950,0.000000,0.000000,0.000000,1.000000,697.833240,161.000000,0.783950,1.000000,0.000000,0.000000,0.000000,744.016564,149.000000,0.783950,1.000000,0.000000,0.000000,0.000000,-104.279955,155.000000,80.000000,0.500000,-0.500000,0.500000,0.500000,4.167
1703,58.045824,-104.419955,155.000000,0.783950,0.000000,0.000000,0.000000,1.000000,698.124907,161.000000,0.783950,1.000000,0.000000,0.000000,0.000000,744.337398,149.000000,0.783950,1.000000,0.000000,0.000000,0.000000,-104.419955,155.000000,80.000000,0.500000,-0.500000,0.500000,0.500000,0.000
1704,58.079157,-104.579955,155.000000,0.783950,0.000000,0.000000,0.000000,1.000000,698.458240,161.000000,0.783950,1.000000,0.000000,0.000000,0.000000,744.704064,149.000000,0.783950,1.000000,0.000000,0.000000,0.000000,-104.579955,155.000000,80.000000,0.500000,-0.500000,0.500000,0.500000,4.167
1705,58.112491,-104.739955,155.000000,0.783950,0.000000,0.000000,0.000000,1.000000,698.791573,161.000000,0.783950,1.000000,0.000000,0.000000,0.000000,745.070731,149.000000,0.783950,1.000000,0.000000,0.000000,0.000000,-104.739955,155.000000,80.000000,0.500000,-0.500000,0.500000,0.500000,4.167
1706,58.145824,-104.899955,155.000000,0.783950,0.000000,0.000000,0.000000,1.000000,699.124907,161.000000,0.783950,1.000000,0.000000,0.000000,0.000000,745.437397,149.000000,0.783950,1.000000,0.000000,0.000000,0.000000,-104.899955,155.000000,80.000000,0.500000,-0.500000,0.500000,0.500000,0.000
1707,58.179157,-105.059955,155.000000,0.783950,0.000000,0.000000,0.000000,1.000000,699.458240,161.000000,0.783950,1.000000,0.000000,0.000000,0.000000,745.804064,149.000000,0.783950,1.000000,0.000000,0.000000,0.000000,-105.059955,155.000000,80.000000,0.500000,-0.500000,0.500000,0.500000,4.167
1708,58.212491,-105.219955,155.000000,0.783950,0.000000,0.000000,0.000000,1.000000,699.791573,161.000000,0.783950,1.000000,0.000000,0.000000,0.000000,746.170731,149.000000,0.783950,1.000000,0.000000,0.000000,0.000000,-105.219955,155.000000,80.000000,0.500000,-0.500000,0.500000,0.500000,4.167
1709,58.245824,-105.379955,155.000000,0.783950,0.000000,0.000000,0.000000,1.000000,700.124907,161.000000,0.783950,1.000000,0.000000,0.000000,0.000000,746.537397,149.000000,0.783950,1.000000,0.000000,0.000000,0.000000,-105.379955,155.000000,80.000000,0.500000,-0.500000,0.500000,0.500000,0.000
1710,58.279157,-105.539955,155.000000,0.783950,0.000000,0.000000,0.000000,1.000000,700.458240,161.000000,0.783950,1.000000,0.000000,0.000000,0.000000,746.904064,149.000000,0.783950,1.000000,0.000000,0.000000,0.000000,-105.539955,155.000000,80.000000,0.500000,-0.500000,0.500000,0.500000,4.167
1711,58.312491,-105.699955,155.000000,0.783950,0.000000,0.000000,0.000000,1.000000,700.791573,161.000000,0.783950,1.000000,0.000000,0.000000,0.000000,747.270730,149.000000,0.783950,1.000000,0.000000,0.000000,0.000000,-105.699955,155.000000,80.000000,0.500000,-0.500000,0.500000,0.500000,4.167
1712,58.345824,-105.859955,155.000000,0.783950,0.000000,0.000000,0.000000,1.000000,701.124906,161.000000,0.783950,1.000000,0.000000,0.000000,0.000000,747.637397,149.000000,0.783950,1.000000,0.000000,0.000000,0.000000,-105.859955,155.000000,80.000000,0.500000,-0.500000,0.500000,0.500000,0.000
1713,58.379157,-106.019955,155.000000,0.783950,0.000000,0.000000,0.000000,1.000000,701.458240,161.000000,0.783950,1.000000,0.000000,0.000000,0.000000,748.004064,149.000000,0.783950,1.000000,0.000000,0.000000,0.000000,-106.019955,155.000000,80.000000,0.500000,-0.500000,0.500000,0.500000,4.167
1714,58.412491,-106.179955,155.000000,0.783950,0.000000,0.000000,0.000000,1.000000,701.791573,161.000000,0.783950,1.000000,0.000000,0.000000,0.000000,748.370730,149.000000,0.783950,1.000000,0.000000,0.000000,0.000000,-106.179955,155.000000,80.000000,0.500000,-0.500000,0.500000,0.500000,4.167
1715,58.445824,-106.339955,155.000000,0.783950,0.000000,0.000000,0.000000,1.000000,702.124906,161.000000,0.783950,1.000000,0.000000,0.000000,0.000000,748.737397,149.000000,0.783950,1.000000,0.000000,0.000000,0.000000,-106.339955,155.000000,80.000000,0.500000,-0.500000,0.500000,0.500000,0.000
1716,58.474991,-106.479955,155.000000,0.783950,0.000000,0.000000,0.000000,1.000000,702.416573,161.000000,0.783950,1.000000,0.000000,0.000000,0.000000,749.058230,149.000000,0.783950,1.000000,0.000000,0.000000,0.000000,-106.479955,155.000000,80.000000,0.500000,-0.500000,0.500000,0.500000,4.167
1717,58.508324,-106.639955,155.000000,0.783950,0.000000,0.000000,0.000000,1.000000,702.749906,161.000000,0.783950,1.000000,0.000000,0.000000,0.000000,749.424897,149.000000,0.783950,1.000000,0.000000,0.000000,0.000000,-106.639955,155.000000,80.000000,0.500000,-0.500000,0.500000,0.500000,0.000
1718,58.541657,-106.799955,155.000000,0.783950,0.000000,0.000000,0.000000,1.000000,703.083239,161.000000,0.783950,1.000000,0.000000,0.000000,0.000000,749.791563,149.000000,0.783950,1.000000,0.000000,0.000000,0.000000,-106.799955,155.000000,80.000000,0.500000,-0.500000,0.500000,0.500000,4.167
1719,58.574991,-106.959955,155.000000,0.783950,0.000000,0.000000,0.000000,1.000000,703.416573,161.000000,0.783950,1.000000,0.000000,0.000000,0.000000,750.158230,149.000000,0.783950,1.000000,0.000000,0.000000,0.000000,-106.959955,155.000000,80.000000,0.500000,-0.500000,0.500000,0.500000,4.167
1720,58.608324,-107.119955,155.000000,0.783950,0.000000,0.000000,0.000000,1.000000,703.749906,161.000000,0.783950,1.000000,0.000000,0.000000,0.000000,750.524897,149.000000,0.783950,1.000000,0.000000,0.000000,0.000000,-107.119955,155.000000,80.000000,0.500000,-0.500000,0.500000,0.500000,0.000
1721,58.641657,-107.279955,155.000000,0.783950,0.000000,0.000000,0.000000,1.000000,704.083239,161.000000,0.783950,1.000000,0.000000,0.000000,0.000000,750.891563,149.000000,0.783950,1.000000,0.000000,0.000000,0.000000,-107.279955,155.000000,80.000000,0.500000,-0.500000,0.500000,0.500000,4.167
1722,58.674991,-107.439955,155.000000,0.783950,0.000000,0.000000,0.000000,1.000000,704.416573,161.000000,0.783950,1.000000,0.000000,0.000000,0.000000,751.258230,149.000000,0.783950,1.000000,0.000000,0.000000,0.000000,-107.439955,155.000000,80.000000,0.500000,-0.500000,0.500000,0.500000,4.167
1723,58.708324,-107.599955,155.000000,0.783950,0.000000,0.000000,0.000000,1.000000,704.749906,161.000000,0.783950,1.000000,0.000000,0.000000,0.000000,751.624896,149.000000,0.783950,1.000000,0.000000,0.000000,0.000000,-107.599955,155.000000,80.000000,0.500000,-0.500000,0.500000,0.500000,0.000
1724,58.741657,-107.759955,155.000000,0.783950,0.000000,0.000000,0.000000,1.000000,705.083239,161.000000,0.783950,1.000000,0.000000,0.000000,0.000000,751.991563,149.000000,0.783950,1.000000,0.000000,0.000000,0.000000,-107.759955,155.000000,80.000000,0.500000,-0.500000,0.500000,0.500000,4.167
1725,58.774991,-107.919955,155.000000,0.783950,0.000000,0.000000,0.000000,1.000000,705.416572,161.000000,0.783950,1.000000,0.000000,0.000000,0.000000,752.358230,149.000000,0.783950,1.000000,0.000000,0.000000,0.000000,-107.919955,155.000000,80.000000,0.500000,-0.500000,0.500000,0.500000,4.167
1726,58.808324,-108.079955,155.000000,0.783950,0.000000,0.000000,0.000000,1.000000,705.749906,161.000000,0.783950,1.000000,0.000000,0.000000,0.000000,752.724896,149.000000,0.783950,1.000000,0.000000,0.000000,0.000000,-108.079955,155.000000,80.000000,0.500000,-0.500000,0.500000,0.500000,0.000
1727,58.841657,-108.239955,155.000000,0.783950,0.000000,0.000000,0.000000,1.000000,706.083239,161.000000,0.783950,1.000000,0.000000,0.000000,0.000000,753.091563,149.000000,0.783950,1.000000,0.000000,0.000000,0.000000,-108.239955,155.000000,80.000000,0.500000,-0.500000,0.500000,0.500000,4.167
1728,58.870824,-108.379955,155.000000,0.783950,0.000000,0.000000,0.000000,1.000000,706.374906,161.000000,0.783950,1.000000,0.000000,0.000000,0.000000,753.412396,149.000000,0.783950,1.000000,0.000000,0.000000,0.000000,-108.379955,155.000000,80.000000,0.500000,-0.500000,0.500000,0.500000,0.000
1729,58.904157,-108.539955,155.000000,0.783950,0.000000,0.000000,0.000000,1.000000,706.708239,161.000000,0.783950,1.000000,0.000000,0.000000,0.000000,753.779063,149.000000,0.783950,1.000000,0.000000,0.000000,0.000000,-108.539955,155.000000,80.000000,0.500000,-0.500000,0.500000,0.500000,4.167
1730,58.937491,-108.699955,155.000000,0.783950,0.000000,0.000000,0.000000,1.000000,707.041572,161.000000,0.783950,1.000000,0.000000,0.000000,0.000000,754.145729,149.000000,0.783950,1.000000,0.000000,0.000000,0.000000,-108.699955,155.000000,80.000000,0.500000,-0.500000,0.500000,0.500000,4.167
1731,58.970824,-108.859955,155.000000,0.783950,0.000000,0.000000,0.000000,1.000000,707.374905,161.000000,0.783950,1.000000,0.000000,0.000000,0.000000,754.512396,149.000000,0.783950,1.000000,0.000000,0.000000,0.000000,-108.859955,155.000000,80.000000,0.500000,-0.500000,0.500000,0.500000,0.000
1732,59.004157,-109.019955,155.000000,0.783950,0.000000,0.000000,0.000000,1.000000,707.708239,161.000000,0.783950,1.000000,0.000000,0.000000,0.000000,754.879063,149.000000,0.783950,1.000000,0.000000,0.000000,0.000000,-109.019955,155.000000,80.000000,0.500000,-0.500000,0.500000,0.500000,4.167
1733,59.037491,-109.179955,155.000000,0.783950,0.000000,0.000000,0.000000,1.000000,708.041572,161.000000,0.783950,1.000000,0.000000,0.000000,0.000000,755.245729,149.000000,0.783950,1.000000,0.000000,0.000000,0.000000,-109.179955,155.000000,80.000000,0.500000,-0.500000,0.500000,0.500000,4.167
1734,59.070824,-109.339955,155.000000,0.783950,0.000000,0.000000,0.000000,1.000000,708.374905,161.000000,0.783950,1.000000,0.000000,0.000000,0.000000,755.612396,149.000000,0.783950,1.000000,0.000000,0.000000,0.000000,-109.339955,155.000000,80.000000,0.500000,-0.500000,0.500000,0.500000,0.000
1735,59.104157,-109.499954,155.000000,0.783950,0.000000,0.000000,0.000000,1.000000,708.708239,161.000000,0.783950,1.000000,0.000000,0.000000,0.000000,755.979062,149.000000,0.783950,1.000000,0.000000,0.000000,0.000000,-109.499954,155.000000,80.000000,0.500000,-0.500000,0.500000,0.500000,4.167
1736,59.137491,-109.659954,155.000000,0.783950,0.000000,0.000000,0.000000,1.000000,709.041572,161.000000,0.783950,1.000000,0.000000,0.000000,0.000000,756.345729,149.000000,0.783950,1.000000,0.000000,0.000000,0.000000,-109.659954,155.000000,80.000000,0.500000,-0.500000,0.500000,0.500000,4.167
1737,59.170824,-109.819954,155.000000,0.783950,0.000000,0.000000,0.000000,1.000000,709.374905,161.000000,0.783950,1.000000,0.000000,0.000000,0.000000,756.712396,149.000000,0.783950,1.000000,0.000000,0.000000,0.000000,-109.819954,155.000000,80.000000,0.500000,-0.500000,0.500000,0.500000,0.000
1738,59.204157,-109.979954,155.000000,0.783950,0.000000,0.000000,0.000000,1.000000,709.708238,161.000000,0.783950,1.000000,0.000000,0.000000,0.000000,757.079062,149.000000,0.783950,1.000000,0.000000,0.000000,0.000000,-109.979954,155.000000,80.000000,0.500000,-0.500000,0.500000,0.500000,4.167
1739,59.237491,-110.139954,155.000000,0.783950,0.000000,0.000000,0.000000,1.000000,710.041572,161.000000,0.783950,1.000000,0.000000,0.000000,0.000000,757.445729,149.000000,0.783950,1.000000,0.000000,0.000000,0.000000,-110.139954,155.000000,80.000000,0.500000,-0.500000,0.500000,0.500000,4.167
1740,59.270824,-110.299954,155.000000,0.783950,0.000000,0.000000,0.000000,1.000000,710.374905,161.000000,0.783950,1.000000,0.000000,0.000000,0.000000,757.812395,149.000000,0.783950,1.000000,0.000000,0.000000,0.000000,-110.299954,155.000000,80.000000,0.500000,-0.500000,0.500000,0.500000,0.000
1741,59.299991,-110.439954,155.000000,0.783950,0.000000,0.000000,0.000000,1.000000,710.666572,161.000000,0.783950,1.000000,0.000000,0.000000,0.000000,758.133229,149.000000,0.783950,1.000000,0.000000,0.000000,0.000000,-110.439954,155.000000,80.000000,0.500000,-0.500000,0.500000,0.500000,4.167
1742,59.333324,-110.599954,155.000000,0.783950,0.000000,0.000000,0.000000,1.000000,710.999905,161.000000,0.783950,1.000000,0.000000,0.000000,0.000000,758.499895,149.000000,0.783950,1.000000,0.000000,0.000000,0.000000,-110.599954,155.000000,80.000000,0.500000,-0.500000,0.500000,0.500000,0.000
1743,59.366657,-110.759954,155.000000,0.783950,0.000000,0.000000,0.000000,1.000000,711.333238,161.000000,0.783950,1.000000,0.000000,0.000000,0.000000,758.866562,149.000000,0.783950,1.000000,0.000000,0.000000,0.000000,-110.759954,155.000000,80.000000,0.500000,-0.500000,0.500000,0.500000,4.167
1744,59.399990,-110.919954,155.000000,0.783950,0.000000,0.000000,0.000000,1.000000,711.666571,161.000000,0.783950,1.000000,0.000000,0.000000,0.000000,759.233228,149.000000,0.783950,1.000000,0.000000,0.000000,0.000000,-110.919954,155.000000,80.000000,0.500000,-0.500000,0.500000,0.500000,4.167
1745,59.433324,-111.079954,155.000000,0.783950,0.000000,0.000000,0.000000,1.000000,711.999905,161.000000,0.783950,1.000000,0.000000,0.000000,0.000000,759.599895,149.000000,0.783950,1.000000,0.000000,0.000000,0.000000,-111.079954,155.000000,80.000000,0.500000,-0.500000,0.500000,0.500000,0.000
1746,59.466657,-111.239954,155.000000,0.783950,0.000000,0.000000,0.000000,1.000000,712.333238,161.000000,0.783950,1.000000,0.000000,0.000000,0.000000,759.966562,149.000000,0.783950,1.000000,0.000000,0.000000,0.000000,-111.239954,155.000000,80.000000,0.500000,-0.500000,0.500000,0.500000,4.167
1747,59.499990,-111.399954,155.000000,0.783950,0.000000,0.000000,0.000000,1.000000,712.666571,161.000000,0.783950,1.000000,0.000000,0.000000,0.000000,760.333228,149.000000,0.783950,1.000000,0.000000,0.000000,0.000000,-111.399954,155.000000,80.000000,0.500000,-0.500000,0.500000,0.500000,4.167
1748,59.533324,-111.559954,155.000000,0.783950,0.000000,0.000000,0.000000,1.000000,712.999904,161.000000,0.783950,1.000000,0.000000,0.000000,0.000000,760.699895,149.000000,0.783950,1.000000,0.000000,0.000000,0.000000,-111.559954,155.000000,80.000000,0.500000,-0.500000,0.500000,0.500000,0.000
1749,59.566657,-111.719954,155.000000,0.783950,0.000000,0.000000,0.000000,1.000000,713.333238,161.000000,0.783950,1.000000,0.000000,0.000000,0.000000,761.066562,149.000000,0.783950,1.000000,0.000000,0.000000,0.000000,-111.719954,155.000000,80.000000,0.500000,-0.500000,0.500000,0.500000,4.167
1750,59.599990,-111.879954,155.000000,0.783950,0.000000,0.000000,0.000000,1.000000,713.666571,161.000000,0.783950,1.000000,0.000000,0.000000,0.000000,761.433228,149.000000,0.783950,1.000000,0.000000,0.000000,0.000000,-111.879954,155.000000,80.000000,0.500000,-0.500000,0.500000,0.500000,4.167
1751,59.633324,-112.039954,155.000000,0.783950,0.000000,0.000000,0.000000,1.000000,713.999904,161.000000,0.783950,1.000000,0.000000,0.000000,0.000000,761.799895,149.000000,0.783950,1.000000,0.000000,0.000000,0.000000,-112.039954,155.000000,80.000000,0.500000,-0.500000,0.500000,0.500000,0.000
1752,59.666657,-112.199954,155.000000,0.783950,0.000000,0.000000,0.000000,1.000000,714.333238,161.000000,0.783950,1.000000,0.000000,0.000000,0.000000,762.166561,149.000000,0.783950,1.000000,0.000000,0.000000,0.000000,-112.199954,155.000000,80.000000,0.500000,-0.500000,0.500000,0.500000,4.167
1753,59.695824,-112.339954,155.000000,0.783950,0.000000,0.000000,0.000000,1.000000,714.624904,161.000000,0.783950,1.000000,0.000000,0.000000,0.000000,762.487395,149.000000,0.783950,1.000000,0.000000,0.000000,0.000000,-112.339954,155.000000,80.000000,0.500000,-0.500000,0.500000,0.500000,0.000
1754,59.729157,-112.499954,155.000000,0.783950,0.000000,0.000000,0.000000,1.000000,714.958238,161.000000,0.783950,1.000000,0.000000,0.000000,0.000000,762.854061,149.000000,0.783950,1.000000,0.000000,0.000000,0.000000,-112.499954,155.000000,80.000000,0.500000,-0.500000,0.500000,0.500000,4.167
1755,59.762490,-112.659954,155.000000,0.783950,0.000000,0.000000,0.000000,1.000000,715.291571,161.000000,0.783950,1.000000,0.000000,0.000000,0.000000,763.220728,149.000000,0.783950,1.000000,0.000000,0.000000,0.000000,-112.659954,155.000000,80.000000,0.500000,-0.500000,0.500000,0.500000,4.167
1756,59.795824,-112.819954,155.000000,0.783950,0.000000,0.000000,0.000000,1.000000,715.624904,161.000000,0.783950,1.000000,0.000000,0.000000,0.000000,763.587394,149.000000,0.783950,1.000000,0.000000,0.000000,0.000000,-112.819954,155.000000,80.000000,0.500000,-0.500000,0.500000,0.500000,0.000
1757,59.829157,-112.979954,155.000000,0.783950,0.000000,0.000000,0.000000,1.000000,715.958237,161.000000,0.783950,1.000000,0.000000,0.000000,0.000000,763.954061,149.000000,0.783950,1.000000,0.000000,0.000000,0.000000,-112.979954,155.000000,80.000000,0.500000,-0.500000,0.500000,0.500000,4.167
1758,59.862490,-113.139954,155.000000,0.783950,0.000000,0.000000,0.000000,1.000000,716.291571,161.000000,0.783950,1.000000,0.000000,0.000000,0.000000,764.320728,149.000000,0.783950,1.000000,0.000000,0.000000,0.000000,-113.139954,155.000000,80.000000,0.500000,-0.500000,0.500000,0.500000,4.167
1759,59.895824,-113.299954,155.000000,0.783950,0.000000,0.000000,0.000000,1.000000,716.624904,161.000000,0.783950,1.000000,0.000000,0.000000,0.000000,764.687394,149.000000,0.783950,1.000000,0.000000,0.000000,0.000000,-113.299954,155.000000,80.000000,0.500000,-0.500000,0.500000,0.500000,0.000
1760,59.929157,-113.459954,155.000000,0.783950,0.000000,0.000000,0.000000,1.000000,716.958237,161.000000,0.783950,1.000000,0.000000,0.000000,0.000000,765.054061,149.000000,0.783950,1.000000,0.000000,0.000000,0.000000,-113.459954,155.000000,80.000000,0.500000,-0.500000,0.500000,0.500000,4.167
1761,59.962490,-113.619954,155.000000,0.783950,0.000000,0.000000,0.000000,1.000000,717.291570,161.000000,0.783950,1.000000,0.000000,0.000000,0.000000,765.420728,149.000000,0.783950,1.000000,0.000000,0.000000,0.000000,-113.619954,155.000000,80.000000,0.500000,-0.500000,0.500000,0.500000,4.167
1762,59.995824,-113.779954,155.000000,0.783950,0.000000,0.000000,0.000000,1.000000,717.624904,161.000000,0.783950,1.000000,0.000000,0.000000,0.000000,765.787394,149.000000,0.783950,1.000000,0.000000,0.000000,0.000000,-113.779954,155.000000,80.000000,0.500000,-0.500000,0.500000,0.500000,0.000
1763,60.029157,-113.939954,155.000000,0.783950,0.000000,0.000000,0.000000,1.000000,717.958237,161.000000,0.783950,1.000000,0.000000,0.000000,0.000000,766.154061,149.000000,0.783950,1.000000,0.000000,0.000000,0.000000,-113.939954,155.000000,80.000000,0.500000,-0.500000,0.500000,0.500000,4.167
1764,60.062490,-114.099954,155.000000,0.783950,0.000000,0.000000,0.000000,1.000000,718.291570,161.000000,0.783950,1.000000,0.000000,0.000000,0.000000,766.520727,149.000000,0.783950,1.000000,0.000000,0.000000,0.000000,-114.099954,155.000000,80.000000,0.500000,-0.500000,0.500000,0.500000,4.167
1765,60.095824,-114.259954,155.000000,0.783950,0.000000,0.000000,0.000000,1.000000,718.624904,161.000000,0.783950,1.000000,0.000000,0.000000,0.000000,766.887394,149.000000,0.783950,1.000000,0.000000,0.000000,0.000000,-114.259954,155.000000,80.000000,0.500000,-0.500000,0.500000,0.500000,0.000
1766,60.124990,-114.399954,155.000000,0.783950,0.000000,0.000000,0.000000,1.000000,718.916570,161.000000,0.783950,1.000000,0.000000,0.000000,0.000000,767.208227,149.000000,0.783950,1.000000,0.000000,0.000000,0.000000,-114.399954,155.000000,80.000000,0.500000,-0.500000,0.500000,0.500000,4.167
1767,60.158324,-114.559954,155.000000,0.783950,0.000000,0.000000,0.000000,1.000000,719.249903,161.000000,0.783950,1.000000,0.000000,0.000000,0.000000,767.574894,149.000000,0.783950,1.000000,0.000000,0.000000,0.000000,-114.559954,155.000000,80.000000,0.500000,-0.500000,0.500000,0.500000,0.000
1768,60.191657,-114.719954,155.000000,0.783950,0.000000,0.000000,0.000000,1.000000,719.583237,161.000000,0.783950,1.000000,0.000000,0.000000,0.000000,767.941560,149.000000,0.783950,1.000000,0.000000,0.000000,0.000000,-114.719954,155.000000,80.000000,0.500000,-0.500000,0.500000,0.500000,4.167
1769,60.224990,-114.879954,155.000000,0.783950,0.000000,0.000000,0.000000,1.000000,719.916570,161.000000,0.783950,1.000000,0.000000,0.000000,0.000000,768.308227,149.000000,0.783950,1.000000,0.000000,0.000000,0.000000,-114.879954,155.000000,80.000000,0.500000,-0.500000,0.500000,0.500000,4.167
1770,60.258324,-115.039954,155.000000,0.783950,0.000000,0.000000,0.000000,1.000000,720.249903,161.000000,0.783950,1.000000,0.000000,0.000000,0.000000,768.674894,149.000000,0.783950,1.000000,0.000000,0.000000,0.000000,-115.039954,155.000000,80.000000,0.500000,-0.500000,0.500000,0.500000,0.000
1771,60.291657,-115.199954,155.000000,0.783950,0.000000,0.000000,0.000000,1.000000,720.583237,161.000000,0.783950,1.000000,0.000000,0.000000,0.000000,769.041560,149.000000,0.783950,1.000000,0.000000,0.000000,0.000000,-115.199954,155.000000,80.000000,0.500000,-0.500000,0.500000,0.500000,4.167
1772,60.324990,-115.359954,155.000000,0.783950,0.000000,0.000000,0.000000,1.000000,720.916570,161.000000,0.783950,1.000000,0.000000,0.000000,0.000000,769.408227,149.000000,0.783950,1.000000,0.000000,0.000000,0.000000,-115.359954,155.000000,80.000000,0.500000,-0.500000,0.500000,0.500000,4.167
1773,60.358324,-115.519954,155.000000,0.783950,0.000000,0.000000,0.000000,1.000000,721.249903,161.000000,0.783950,1.000000,0.000000,0.000000,0.000000,769.774893,149.000000,0.783950,1.000000,0.000000,0.000000,0.000000,-115.519954,155.000000,80.000000,0.500000,-0.500000,0.500000,0.500000,0.000
1774,60.391657,-115.679953,155.000000,0.783950,0.000000,0.000000,0.000000,1.000000,721.583236,161.000000,0.783950,1.000000,0.000000,0.000000,0.000000,770.141560,149.000000,0.783950,1.000000,0.000000,0.000000,0.000000,-115.679953,155.000000,80.000000,0.500000,-0.500000,0.500000,0.500000,4.167
1775,60.424990,-115.839953,155.000000,0.783950,0.000000,0.000000,0.000000,1.000000,721.916570,161.000000,0.783950,1.000000,0.000000,0.000000,0.000000,770.508227,149.000000,0.783950,1.000000,0.000000,0.000000,0.000000,-115.839953,155.000000,80.000000,0.500000,-0.500000,0.500000,0.500000,4.167
1776,60.458324,-115.999953,155.000000,0.783950,0.000000,0.000000,0.000000,1.000000,722.249903,161.000000,0.783950,1.000000,0.000000,0.000000,0.000000,770.874893,149.000000,0.783950,1.000000,0.000000,0.000000,0.000000,-115.999953,155.000000,80.000000,0.500000,-0.500000,0.500000,0.500000,0.000
1777,60.491657,-116.159953,155.000000,0.783950,0.000000,0.000000,0.000000,1.000000,722.583236,161.000000,0.783950,1.000000,0.000000,0.000000,0.000000,771.241560,149.000000,0.783950,1.000000,0.000000,0.000000,0.000000,-116.159953,155.000000,80.000000,0.500000,-0.500000,0.500000,0.500000,4.167
1778,60.520824,-116.299953,155.000000,0.783950,0.000000,0.000000,0.000000,1.000000,722.874903,161.000000,0.783950,1.000000,0.000000,0.000000,0.000000,771.562393,149.000000,0.783950,1.000000,0.000000,0.000000,0.000000,-116.299953,155.000000,80.000000,0.500000,-0.500000,0.500000,0.500000,0.000
1779,60.554157,-116.459953,155.000000,0.783950,0.000000,0.000000,0.000000,1.000000,723.208236,161.000000,0.783950,1.000000,0.000000,0.000000,0.000000,771.929060,149.000000,0.783950,1.000000,0.000000,0.000000,0.000000,-116.459953,155.000000,80.000000,0.500000,-0.500000,0.500000,0.500000,4.167
1780,60.587490,-116.619953,155.000000,0.783950,0.000000,0.000000,0.000000,1.000000,723.541569,161.000000,0.783950,1.000000,0.000000,0.000000,0.000000,772.295726,149.000000,0.783950,1.000000,0.000000,0.000000,0.000000,-116.619953,155.000000,80.000000,0.500000,-0.500000,0.500000,0.500000,4.167
1781,60.620824,-116.779953,155.000000,0.783950,0.000000,0.000000,0.000000,1.000000,723.874903,161.000000,0.783950,1.000000,0.000000,0.000000,0.000000,772.662393,149.000000,0.783950,1.000000,0.000000,0.000000,0.000000,-116.779953,155.000000,80.000000,0.500000,-0.500000,0.500000,0.500000,0.000
1782,60.654157,-116.939953,155.000000,0.783950,0.000000,0.000000,0.000000,1.000000,724.208236,161.000000,0.783950,1.000000,0.000000,0.000000,0.000000,773.029060,149.000000,0.783950,1.000000,0.000000,0.000000,0.000000,-116.939953,155.000000,80.000000,0.500000,-0.500000,0.500000,0.500000,4.167
1783,60.687490,-117.099953,155.000000,0.783950,0.000000,0.000000,0.000000,1.000000,724.541569,161.000000,0.783950,1.000000,0.000000,0.000000,0.000000,773.395726,149.000000,0.783950,1.000000,0.000000,0.000000,0.000000,-117.099953,155.000000,80.000000,0.500000,-0.500000,0.500000,0.500000,4.167
1784,60.720824,-117.259953,155.000000,0.783950,0.000000,0.000000,0.000000,1.000000,724.874903,161.000000,0.783950,1.000000,0.000000,0.000000,0.000000,773.762393,149.000000,0.783950,1.000000,0.000000,0.000000,0.000000,-117.259953,155.000000,80.000000,0.500000,-0.500000,0.500000,0.500000,0.000
1785,60.754157,-117.419953,155.000000,0.783950,0.000000,0.000000,0.000000,1.000000,725.208236,161.000000,0.783950,1.000000,0.000000,0.000000,0.000000,774.129059,149.000000,0.783950,1.000000,0.000000,0.000000,0.000000,-117.419953,155.000000,80.000000,0.500000,-0.500000,0.500000,0.500000,4.167
1786,60.787490,-117.579953,155.000000,0.783950,0.000000,0.000000,0.000000,1.000000,725.541569,161.000000,0.783950,1.000000,0.000000,0.000000,0.000000,774.495726,149.000000,0.783950,1.000000,0.000000,0.000000,0.000000,-117.579953,155.000000,80.000000,0.500000,-0.500000,0.500000,0.500000,4.167
1787,60.820824,-117.739953,155.000000,0.783950,0.000000,0.000000,0.000000,1.000000,725.874902,161.000000,0.783950,1.000000,0.000000,0.000000,0.000000,774.862393,149.000000,0.783950,1.000000,0.000000,0.000000,0.000000,-117.739953,155.000000,80.000000,0.500000,-0.500000,0.500000,0.500000,0.000
1788,60.854157,-117.899953,155.000000,0.783950,0.000000,0.000000,0.000000,1.000000,726.208236,161.000000,0.783950,1.000000,0.000000,0.000000,0.000000,775.229059,149.000000,0.783950,1.000000,0.000000,0.000000,0.000000,-117.899953,155.000000,80.000000,0.500000,-0.500000,0.500000,0.500000,4.167
1789,60.887490,-118.059953,155.000000,0.783950,0.000000,0.000000,0.000000,1.000000,726.541569,161.000000,0.783950,1.000000,0.000000,0.000000,0.000000,775.595726,149.000000,0.783950,1.000000,0.000000,0.000000,0.000000,-118.059953,155.000000,80.000000,0.500000,-0.500000,0.500000,0.500000,4.167
1790,60.920824,-118.219953,155.000000,0.783950,0.000000,0.000000,0.000000,1.000000,726.874902,161.000000,0.783950,1.000000,0.000000,0.000000,0.000000,775.962392,149.000000,0.783950,1.000000,0.000000,0.000000,0.000000,-118.219953,155.000000,80.000000,0.500000,-0.500000,0.500000,0.500000,0.000
