kare,t,hedef_x,hedef_y,hedef_z,hedef_qw,hedef_qx,hedef_qy,hedef_qz,kam_x,kam_y,kam_z,kam_qw,kam_qx,kam_qy,kam_qz,senkron_bosluk_ms
0,0.000000,-111.300000,137.600000,0.783950,1.000000,0.000000,0.000000,0.000000,-111.300000,137.600000,80.000000,0.500000,-0.500000,0.500000,0.500000,4.167
1,0.033333,-111.040000,137.600000,0.783950,1.000000,0.000000,0.000000,0.000000,-111.040000,137.600000,80.000000,0.500000,-0.500000,0.500000,0.500000,0.000
2,0.066667,-110.780000,137.600000,0.783950,1.000000,0.000000,0.000000,0.000000,-110.780000,137.600000,80.000000,0.500000,-0.500000,0.500000,0.500000,4.167
3,0.100000,-110.520000,137.600000,0.783950,1.000000,0.000000,0.000000,0.000000,-110.520000,137.600000,80.000000,0.500000,-0.500000,0.500000,0.500000,4.167
4,0.133333,-110.260000,137.600000,0.783950,1.000000,0.000000,0.000000,0.000000,-110.260000,137.600000,80.000000,0.500000,-0.500000,0.500000,0.500000,0.000
5,0.166667,-110.000000,137.600000,0.783950,1.000000,0.000000,0.000000,0.000000,-110.000000,137.600000,80.000000,0.500000,-0.500000,0.500000,0.500000,4.167
6,0.200000,-109.740000,137.600000,0.783950,1.000000,0.000000,0.000000,0.000000,-109.740000,137.600000,80.000000,0.500000,-0.500000,0.500000,0.500000,4.167
7,0.233333,-109.480000,137.600000,0.783950,1.000000,0.000000,0.000000,0.000000,-109.480000,137.600000,80.000000,0.500000,-0.500000,0.500000,0.500000,0.000
8,0.266667,-109.220001,137.600000,0.783950,1.000000,0.000000,0.000000,0.000000,-109.220001,137.600000,80.000000,0.500000,-0.500000,0.500000,0.500000,4.167
9,0.295833,-108.992501,137.600000,0.783950,1.000000,0.000000,0.000000,0.000000,-108.992501,137.600000,80.000000,0.500000,-0.500000,0.500000,0.500000,0.000
10,0.329167,-108.732501,137.600000,0.783950,1.000000,0.000000,0.000000,0.000000,-108.732501,137.600000,80.000000,0.500000,-0.500000,0.500000,0.500000,4.167
11,0.362500,-108.472501,137.600000,0.783950,1.000000,0.000000,0.000000,0.000000,-108.472501,137.600000,80.000000,0.500000,-0.500000,0.500000,0.500000,4.167
12,0.395833,-108.212501,137.600000,0.783950,1.000000,0.000000,0.000000,0.000000,-108.212501,137.600000,80.000000,0.500000,-0.500000,0.500000,0.500000,0.000
13,0.429167,-107.952501,137.600000,0.783950,1.000000,0.000000,0.000000,0.000000,-107.952501,137.600000,80.000000,0.500000,-0.500000,0.500000,0.500000,4.167
14,0.462500,-107.692501,137.600000,0.783950,1.000000,0.000000,0.000000,0.000000,-107.692501,137.600000,80.000000,0.500000,-0.500000,0.500000,0.500000,4.167
15,0.495833,-107.432501,137.600000,0.783950,1.000000,0.000000,0.000000,0.000000,-107.432501,137.600000,80.000000,0.500000,-0.500000,0.500000,0.500000,0.000
16,0.529167,-107.172501,137.600000,0.783950,1.000000,0.000000,0.000000,0.000000,-107.172501,137.600000,80.000000,0.500000,-0.500000,0.500000,0.500000,4.167
17,0.562500,-106.912501,137.600000,0.783950,1.000000,0.000000,0.000000,0.000000,-106.912501,137.600000,80.000000,0.500000,-0.500000,0.500000,0.500000,4.167
18,0.595833,-106.652501,137.600000,0.783950,1.000000,0.000000,0.000000,0.000000,-106.652501,137.600000,80.000000,0.500000,-0.500000,0.500000,0.500000,0.000
19,0.629167,-106.392501,137.600000,0.783950,1.000000,0.000000,0.000000,0.000000,-106.392501,137.600000,80.000000,0.500000,-0.500000,0.500000,0.500000,4.167
20,0.662500,-106.132501,137.600000,0.783950,1.000000,0.000000,0.000000,0.000000,-106.132501,137.600000,80.000000,0.500000,-0.500000,0.500000,0.500000,4.167
21,0.695833,-105.872501,137.600000,0.783950,1.000000,0.000000,0.000000,0.000000,-105.872501,137.600000,80.000000,0.500000,-0.500000,0.500000,0.500000,0.000
22,0.725000,-105.645001,137.600000,0.783950,1.000000,0.000000,0.000000,0.000000,-105.645001,137.600000,80.000000,0.500000,-0.500000,0.500000,0.500000,4.167
23,0.758333,-105.385001,137.600000,0.783950,1.000000,0.000000,0.000000,0.000000,-105.385001,137.600000,80.000000,0.500000,-0.500000,0.500000,0.500000,0.000
24,0.791667,-105.125001,137.600000,0.783950,1.000000,0.000000,0.000000,0.000000,-105.125001,137.600000,80.000000,0.500000,-0.500000,0.500000,0.500000,4.167
25,0.825000,-104.865001,137.600000,0.783950,1.000000,0.000000,0.000000,0.000000,-104.865001,137.600000,80.000000,0.500000,-0.500000,0.500000,0.500000,4.167
26,0.858333,-104.605001,137.600000,0.783950,1.000000,0.000000,0.000000,0.000000,-104.605001,137.600000,80.000000,0.500000,-0.500000,0.500000,0.500000,0.000
27,0.891667,-104.345001,137.600000,0.783950,1.000000,0.000000,0.000000,0.000000,-104.345001,137.600000,80.000000,0.500000,-0.500000,0.500000,0.500000,4.167
28,0.925000,-104.085001,137.600000,0.783950,1.000000,0.000000,0.000000,0.000000,-104.085001,137.600000,80.000000,0.500000,-0.500000,0.500000,0.500000,4.167
29,0.958333,-103.825001,137.600000,0.783950,1.000000,0.000000,0.000000,0.000000,-103.825001,137.600000,80.000000,0.500000,-0.500000,0.500000,0.500000,0.000
30,0.991667,-103.565001,137.600000,0.783950,1.000000,0.000000,0.000000,0.000000,-103.565001,137.600000,80.000000,0.500000,-0.500000,0.500000,0.500000,4.167
31,1.025000,-103.305001,137.600000,0.783950,1.000000,0.000000,0.000000,0.000000,-103.305001,137.600000,80.000000,0.500000,-0.500000,0.500000,0.500000,4.167
32,1.058333,-103.045002,137.600000,0.783950,1.000000,0.000000,0.000000,0.000000,-103.045002,137.600000,80.000000,0.500000,-0.500000,0.500000,0.500000,0.000
33,1.091666,-102.785002,137.600000,0.783950,1.000000,0.000000,0.000000,0.000000,-102.785002,137.600000,80.000000,0.500000,-0.500000,0.500000,0.500000,4.167
34,1.120833,-102.557502,137.600000,0.783950,1.000000,0.000000,0.000000,0.000000,-102.557502,137.600000,80.000000,0.500000,-0.500000,0.500000,0.500000,0.000
35,1.154166,-102.297502,137.600000,0.783950,1.000000,0.000000,0.000000,0.000000,-102.297502,137.600000,80.000000,0.500000,-0.500000,0.500000,0.500000,4.167
36,1.187500,-102.037502,137.600000,0.783950,1.000000,0.000000,0.000000,0.000000,-102.037502,137.600000,80.000000,0.500000,-0.500000,0.500000,0.500000,4.167
37,1.220833,-101.777502,137.600000,0.783950,1.000000,0.000000,0.000000,0.000000,-101.777502,137.600000,80.000000,0.500000,-0.500000,0.500000,0.500000,0.000
38,1.254166,-101.517502,137.600000,0.783950,1.000000,0.000000,0.000000,0.000000,-101.517502,137.600000,80.000000,0.500000,-0.500000,0.500000,0.500000,4.167
39,1.287500,-101.257502,137.600000,0.783950,1.000000,0.000000,0.000000,0.000000,-101.257502,137.600000,80.000000,0.500000,-0.500000,0.500000,0.500000,4.167
40,1.320833,-100.997502,137.600000,0.783950,1.000000,0.000000,0.000000,0.000000,-100.997502,137.600000,80.000000,0.500000,-0.500000,0.500000,0.500000,0.000
41,1.354166,-100.737502,137.600000,0.783950,1.000000,0.000000,0.000000,0.000000,-100.737502,137.600000,80.000000,0.500000,-0.500000,0.500000,0.500000,4.167
42,1.387500,-100.477502,137.600000,0.783950,1.000000,0.000000,0.000000,0.000000,-100.477502,137.600000,80.000000,0.500000,-0.500000,0.500000,0.500000,4.167
43,1.420833,-100.217502,137.600000,0.783950,1.000000,0.000000,0.000000,0.000000,-100.217502,137.600000,80.000000,0.500000,-0.500000,0.500000,0.500000,0.000
44,1.454166,-99.957502,137.600000,0.783950,1.000000,0.000000,0.000000,0.000000,-99.957502,137.600000,80.000000,0.500000,-0.500000,0.500000,0.500000,4.167
45,1.487500,-99.697502,137.600000,0.783950,1.000000,0.000000,0.000000,0.000000,-99.697502,137.600000,80.000000,0.500000,-0.500000,0.500000,0.500000,4.167
46,1.520833,-99.437502,137.600000,0.783950,1.000000,0.000000,0.000000,0.000000,-99.437502,137.600000,80.000000,0.500000,-0.500000,0.500000,0.500000,0.000
47,1.550000,-99.210002,137.600000,0.783950,1.000000,0.000000,0.000000,0.000000,-99.210002,137.600000,80.000000,0.500000,-0.500000,0.500000,0.500000,4.167
48,1.583333,-98.950002,137.600000,0.783950,1.000000,0.000000,0.000000,0.000000,-98.950002,137.600000,80.000000,0.500000,-0.500000,0.500000,0.500000,0.000
49,1.616666,-98.690002,137.600000,0.783950,1.000000,0.000000,0.000000,0.000000,-98.690002,137.600000,80.000000,0.500000,-0.500000,0.500000,0.500000,4.167
50,1.650000,-98.430002,137.600000,0.783950,1.000000,0.000000,0.000000,0.000000,-98.430002,137.600000,80.000000,0.500000,-0.500000,0.500000,0.500000,4.167
51,1.683333,-98.170002,137.600000,0.783950,1.000000,0.000000,0.000000,0.000000,-98.170002,137.600000,80.000000,0.500000,-0.500000,0.500000,0.500000,0.000
52,1.716666,-97.910002,137.600000,0.783950,1.000000,0.000000,0.000000,0.000000,-97.910002,137.600000,80.000000,0.500000,-0.500000,0.500000,0.500000,4.167
53,1.750000,-97.650002,137.600000,0.783950,1.000000,0.000000,0.000000,0.000000,-97.650002,137.600000,80.000000,0.500000,-0.500000,0.500000,0.500000,4.167
54,1.783333,-97.390002,137.600000,0.783950,1.000000,0.000000,0.000000,0.000000,-97.390002,137.600000,80.000000,0.500000,-0.500000,0.500000,0.500000,0.000
55,1.816666,-97.130002,137.600000,0.783950,1.000000,0.000000,0.000000,0.000000,-97.130002,137.600000,80.000000,0.500000,-0.500000,0.500000,0.500000,4.167
56,1.850000,-96.870003,137.600000,0.783950,1.000000,0.000000,0.000000,0.000000,-96.870003,137.600000,80.000000,0.500000,-0.500000,0.500000,0.500000,4.167
57,1.883333,-96.610003,137.600000,0.783950,1.000000,0.000000,0.000000,0.000000,-96.610003,137.600000,80.000000,0.500000,-0.500000,0.500000,0.500000,0.000
58,1.916666,-96.350003,137.600000,0.783950,1.000000,0.000000,0.000000,0.000000,-96.350003,137.600000,80.000000,0.500000,-0.500000,0.500000,0.500000,4.167
59,1.945833,-96.122503,137.600000,0.783950,1.000000,0.000000,0.000000,0.000000,-96.122503,137.600000,80.000000,0.500000,-0.500000,0.500000,0.500000,0.000
60,1.979166,-95.862503,137.600000,0.783950,1.000000,0.000000,0.000000,0.000000,-95.862503,137.600000,80.000000,0.500000,-0.500000,0.500000,0.500000,4.167
61,2.012500,-95.602503,137.600000,0.783950,1.000000,0.000000,0.000000,0.000000,-95.602503,137.600000,80.000000,0.500000,-0.500000,0.500000,0.500000,4.167
62,2.045833,-95.342503,137.600000,0.783950,1.000000,0.000000,0.000000,0.000000,-95.342503,137.600000,80.000000,0.500000,-0.500000,0.500000,0.500000,0.000
63,2.079166,-95.082503,137.600000,0.783950,1.000000,0.000000,0.000000,0.000000,-95.082503,137.600000,80.000000,0.500000,-0.500000,0.500000,0.500000,4.167
64,2.112500,-94.822503,137.600000,0.783950,1.000000,0.000000,0.000000,0.000000,-94.822503,137.600000,80.000000,0.500000,-0.500000,0.500000,0.500000,4.167
65,2.145833,-94.562503,137.600000,0.783950,1.000000,0.000000,0.000000,0.000000,-94.562503,137.600000,80.000000,0.500000,-0.500000,0.500000,0.500000,0.000
66,2.179166,-94.302503,137.600000,0.783950,1.000000,0.000000,0.000000,0.000000,-94.302503,137.600000,80.000000,0.500000,-0.500000,0.500000,0.500000,4.167
67,2.212500,-94.042503,137.600000,0.783950,1.000000,0.000000,0.000000,0.000000,-94.042503,137.600000,80.000000,0.500000,-0.500000,0.500000,0.500000,4.167
68,2.245833,-93.782503,137.600000,0.783950,1.000000,0.000000,0.000000,0.000000,-93.782503,137.600000,80.000000,0.500000,-0.500000,0.500000,0.500000,0.000
69,2.279166,-93.522503,137.600000,0.783950,1.000000,0.000000,0.000000,0.000000,-93.522503,137.600000,80.000000,0.500000,-0.500000,0.500000,0.500000,4.167
70,2.312500,-93.262503,137.600000,0.783950,1.000000,0.000000,0.000000,0.000000,-93.262503,137.600000,80.000000,0.500000,-0.500000,0.500000,0.500000,4.167
71,2.345833,-93.002503,137.600000,0.783950,1.000000,0.000000,0.000000,0.000000,-93.002503,137.600000,80.000000,0.500000,-0.500000,0.500000,0.500000,0.000
72,2.375000,-92.775003,137.600000,0.783950,1.000000,0.000000,0.000000,0.000000,-92.775003,137.600000,80.000000,0.500000,-0.500000,0.500000,0.500000,4.167
73,2.408333,-92.515003,137.600000,0.783950,1.000000,0.000000,0.000000,0.000000,-92.515003,137.600000,80.000000,0.500000,-0.500000,0.500000,0.500000,0.000
74,2.441666,-92.255003,137.600000,0.783950,1.000000,0.000000,0.000000,0.000000,-92.255003,137.600000,80.000000,0.500000,-0.500000,0.500000,0.500000,4.167
75,2.475000,-91.995003,137.600000,0.783950,1.000000,0.000000,0.000000,0.000000,-91.995003,137.600000,80.000000,0.500000,-0.500000,0.500000,0.500000,4.167
76,2.508333,-91.735003,137.600000,0.783950,1.000000,0.000000,0.000000,0.000000,-91.735003,137.600000,80.000000,0.500000,-0.500000,0.500000,0.500000,0.000
77,2.541666,-91.475003,137.600000,0.783950,1.000000,0.000000,0.000000,0.000000,-91.475003,137.600000,80.000000,0.500000,-0.500000,0.500000,0.500000,4.167
78,2.575000,-91.215003,137.600000,0.783950,1.000000,0.000000,0.000000,0.000000,-91.215003,137.600000,80.000000,0.500000,-0.500000,0.500000,0.500000,4.167
79,2.608333,-90.955003,137.600000,0.783950,1.000000,0.000000,0.000000,0.000000,-90.955003,137.600000,80.000000,0.500000,-0.500000,0.500000,0.500000,0.000
80,2.641666,-90.695004,137.600000,0.783950,1.000000,0.000000,0.000000,0.000000,-90.695004,137.600000,80.000000,0.500000,-0.500000,0.500000,0.500000,4.167
81,2.675000,-90.435004,137.600000,0.783950,1.000000,0.000000,0.000000,0.000000,-90.435004,137.600000,80.000000,0.500000,-0.500000,0.500000,0.500000,4.167
82,2.708333,-90.175004,137.600000,0.783950,1.000000,0.000000,0.000000,0.000000,-90.175004,137.600000,80.000000,0.500000,-0.500000,0.500000,0.500000,0.000
83,2.741666,-89.915004,137.600000,0.783950,1.000000,0.000000,0.000000,0.000000,-89.915004,137.600000,80.000000,0.500000,-0.500000,0.500000,0.500000,4.167
84,2.770833,-89.687504,137.600000,0.783950,1.000000,0.000000,0.000000,0.000000,-89.687504,137.600000,80.000000,0.500000,-0.500000,0.500000,0.500000,0.000
85,2.804166,-89.427504,137.600000,0.783950,1.000000,0.000000,0.000000,0.000000,-89.427504,137.600000,80.000000,0.500000,-0.500000,0.500000,0.500000,4.167
86,2.837500,-89.167504,137.600000,0.783950,1.000000,0.000000,0.000000,0.000000,-89.167504,137.600000,80.000000,0.500000,-0.500000,0.500000,0.500000,4.167
87,2.870833,-88.907504,137.600000,0.783950,1.000000,0.000000,0.000000,0.000000,-88.907504,137.600000,80.000000,0.500000,-0.500000,0.500000,0.500000,0.000
88,2.904166,-88.647504,137.600000,0.783950,1.000000,0.000000,0.000000,0.000000,-88.647504,137.600000,80.000000,0.500000,-0.500000,0.500000,0.500000,4.167
89,2.937500,-88.387504,137.600000,0.783950,1.000000,0.000000,0.000000,0.000000,-88.387504,137.600000,80.000000,0.500000,-0.500000,0.500000,0.500000,4.167
90,2.970833,-88.127504,137.600000,0.783950,1.000000,0.000000,0.000000,0.000000,-88.127504,137.600000,80.000000,0.500000,-0.500000,0.500000,0.500000,0.000
91,3.004166,-87.867504,137.600000,0.783950,1.000000,0.000000,0.000000,0.000000,-87.867504,137.600000,80.000000,0.500000,-0.500000,0.500000,0.500000,4.167
92,3.037500,-87.607504,137.600000,0.783950,1.000000,0.000000,0.000000,0.000000,-87.607504,137.600000,80.000000,0.500000,-0.500000,0.500000,0.500000,4.167
93,3.070833,-87.347504,137.600000,0.783950,1.000000,0.000000,0.000000,0.000000,-87.347504,137.600000,80.000000,0.500000,-0.500000,0.500000,0.500000,0.000
94,3.104166,-87.087504,137.600000,0.783950,1.000000,0.000000,0.000000,0.000000,-87.087504,137.600000,80.000000,0.500000,-0.500000,0.500000,0.500000,4.167
95,3.137499,-86.827504,137.600000,0.783950,1.000000,0.000000,0.000000,0.000000,-86.827504,137.600000,80.000000,0.500000,-0.500000,0.500000,0.500000,4.167
96,3.170833,-86.567504,137.600000,0.783950,1.000000,0.000000,0.000000,0.000000,-86.567504,137.600000,80.000000,0.500000,-0.500000,0.500000,0.500000,0.000
97,3.199999,-86.340004,137.600000,0.783950,1.000000,0.000000,0.000000,0.000000,-86.340004,137.600000,80.000000,0.500000,-0.500000,0.500000,0.500000,4.167
98,3.233333,-86.080004,137.600000,0.783950,1.000000,0.000000,0.000000,0.000000,-86.080004,137.600000,80.000000,0.500000,-0.500000,0.500000,0.500000,0.000
99,3.266666,-85.820004,137.600000,0.783950,1.000000,0.000000,0.000000,0.000000,-85.820004,137.600000,80.000000,0.500000,-0.500000,0.500000,0.500000,4.167
100,3.299999,-85.560004,137.600000,0.783950,1.000000,0.000000,0.000000,0.000000,-85.560004,137.600000,80.000000,0.500000,-0.500000,0.500000,0.500000,4.167
101,3.333333,-85.300004,137.600000,0.783950,1.000000,0.000000,0.000000,0.000000,-85.300004,137.600000,80.000000,0.500000,-0.500000,0.500000,0.500000,0.000
102,3.366666,-85.040004,137.600000,0.783950,1.000000,0.000000,0.000000,0.000000,-85.040004,137.600000,80.000000,0.500000,-0.500000,0.500000,0.500000,4.167
103,3.399999,-84.780004,137.600000,0.783950,1.000000,0.000000,0.000000,0.000000,-84.780004,137.600000,80.000000,0.500000,-0.500000,0.500000,0.500000,4.167
104,3.433333,-84.520004,137.600000,0.783950,1.000000,0.000000,0.000000,0.000000,-84.520004,137.600000,80.000000,0.500000,-0.500000,0.500000,0.500000,0.000
105,3.466666,-84.260005,137.600000,0.783950,1.000000,0.000000,0.000000,0.000000,-84.260005,137.600000,80.000000,0.500000,-0.500000,0.500000,0.500000,4.167
106,3.499999,-84.000005,137.600000,0.783950,1.000000,0.000000,0.000000,0.000000,-84.000005,137.600000,80.000000,0.500000,-0.500000,0.500000,0.500000,4.167
107,3.533333,-83.740005,137.600000,0.783950,1.000000,0.000000,0.000000,0.000000,-83.740005,137.600000,80.000000,0.500000,-0.500000,0.500000,0.500000,0.000
108,3.566666,-83.480005,137.600000,0.783950,1.000000,0.000000,0.000000,0.000000,-83.480005,137.600000,80.000000,0.500000,-0.500000,0.500000,0.500000,4.167
109,3.595833,-83.252505,137.600000,0.783950,1.000000,0.000000,0.000000,0.000000,-83.252505,137.600000,80.000000,0.500000,-0.500000,0.500000,0.500000,0.000
110,3.629166,-82.992505,137.600000,0.783950,1.000000,0.000000,0.000000,0.000000,-82.992505,137.600000,80.000000,0.500000,-0.500000,0.500000,0.500000,4.167
111,3.662499,-82.732505,137.600000,0.783950,1.000000,0.000000,0.000000,0.000000,-82.732505,137.600000,80.000000,0.500000,-0.500000,0.500000,0.500000,4.167
112,3.695833,-82.472505,137.600000,0.783950,1.000000,0.000000,0.000000,0.000000,-82.472505,137.600000,80.000000,0.500000,-0.500000,0.500000,0.500000,0.000
113,3.729166,-82.212505,137.600000,0.783950,1.000000,0.000000,0.000000,0.000000,-82.212505,137.600000,80.000000,0.500000,-0.500000,0.500000,0.500000,4.167
114,3.762499,-81.952505,137.600000,0.783950,1.000000,0.000000,0.000000,0.000000,-81.952505,137.600000,80.000000,0.500000,-0.500000,0.500000,0.500000,4.167
115,3.795833,-81.692505,137.600000,0.783950,1.000000,0.000000,0.000000,0.000000,-81.692505,137.600000,80.000000,0.500000,-0.500000,0.500000,0.500000,0.000
116,3.829166,-81.432505,137.600000,0.783950,1.000000,0.000000,0.000000,0.000000,-81.432505,137.600000,80.000000,0.500000,-0.500000,0.500000,0.500000,4.167
117,3.862499,-81.172505,137.600000,0.783950,1.000000,0.000000,0.000000,0.000000,-81.172505,137.600000,80.000000,0.500000,-0.500000,0.500000,0.500000,4.167
118,3.895833,-80.912505,137.600000,0.783950,1.000000,0.000000,0.000000,0.000000,-80.912505,137.600000,80.000000,0.500000,-0.500000,0.500000,0.500000,0.000
119,3.929166,-80.652505,137.600000,0.783950,1.000000,0.000000,0.000000,0.000000,-80.652505,137.600000,80.000000,0.500000,-0.500000,0.500000,0.500000,4.167
120,3.962499,-80.392505,137.600000,0.783950,1.000000,0.000000,0.000000,0.000000,-80.392505,137.600000,80.000000,0.500000,-0.500000,0.500000,0.500000,4.167
121,3.995833,-80.132505,137.600000,0.783950,1.000000,0.000000,0.000000,0.000000,-80.132505,137.600000,80.000000,0.500000,-0.500000,0.500000,0.500000,0.000
122,4.024999,-79.905005,137.600000,0.783950,1.000000,0.000000,0.000000,0.000000,-79.905005,137.600000,80.000000,0.500000,-0.500000,0.500000,0.500000,4.167
123,4.058333,-79.645005,137.600000,0.783950,1.000000,0.000000,0.000000,0.000000,-79.645005,137.600000,80.000000,0.500000,-0.500000,0.500000,0.500000,0.000
124,4.091666,-79.385005,137.600000,0.783950,1.000000,0.000000,0.000000,0.000000,-79.385005,137.600000,80.000000,0.500000,-0.500000,0.500000,0.500000,4.167
125,4.124999,-79.125005,137.600000,0.783950,1.000000,0.000000,0.000000,0.000000,-79.125005,137.600000,80.000000,0.500000,-0.500000,0.500000,0.500000,4.167
126,4.158333,-78.865005,137.600000,0.783950,1.000000,0.000000,0.000000,0.000000,-78.865005,137.600000,80.000000,0.500000,-0.500000,0.500000,0.500000,0.000
127,4.191666,-78.605005,137.600000,0.783950,1.000000,0.000000,0.000000,0.000000,-78.605005,137.600000,80.000000,0.500000,-0.500000,0.500000,0.500000,4.167
128,4.224999,-78.345005,137.600000,0.783950,1.000000,0.000000,0.000000,0.000000,-78.345005,137.600000,80.000000,0.500000,-0.500000,0.500000,0.500000,4.167
129,4.258333,-78.085006,137.600000,0.783950,1.000000,0.000000,0.000000,0.000000,-78.085006,137.600000,80.000000,0.500000,-0.500000,0.500000,0.500000,0.000
130,4.291666,-77.825006,137.600000,0.783950,1.000000,0.000000,0.000000,0.000000,-77.825006,137.600000,80.000000,0.500000,-0.500000,0.500000,0.500000,4.167
131,4.324999,-77.565006,137.600000,0.783950,1.000000,0.000000,0.000000,0.000000,-77.565006,137.600000,80.000000,0.500000,-0.500000,0.500000,0.500000,4.167
132,4.358333,-77.305006,137.600000,0.783950,1.000000,0.000000,0.000000,0.000000,-77.305006,137.600000,80.000000,0.500000,-0.500000,0.500000,0.500000,0.000
133,4.391666,-77.045006,137.600000,0.783950,1.000000,0.000000,0.000000,0.000000,-77.045006,137.600000,80.000000,0.500000,-0.500000,0.500000,0.500000,4.167
134,4.420833,-76.817506,137.600000,0.783950,1.000000,0.000000,0.000000,0.000000,-76.817506,137.600000,80.000000,0.500000,-0.500000,0.500000,0.500000,0.000
135,4.454166,-76.557506,137.600000,0.783950,1.000000,0.000000,0.000000,0.000000,-76.557506,137.600000,80.000000,0.500000,-0.500000,0.500000,0.500000,4.167
136,4.487499,-76.297506,137.600000,0.783950,1.000000,0.000000,0.000000,0.000000,-76.297506,137.600000,80.000000,0.500000,-0.500000,0.500000,0.500000,4.167
137,4.520833,-76.037506,137.600000,0.783950,1.000000,0.000000,0.000000,0.000000,-76.037506,137.600000,80.000000,0.500000,-0.500000,0.500000,0.500000,0.000
138,4.554166,-75.777506,137.600000,0.783950,1.000000,0.000000,0.000000,0.000000,-75.777506,137.600000,80.000000,0.500000,-0.500000,0.500000,0.500000,4.167
139,4.587499,-75.517506,137.600000,0.783950,1.000000,0.000000,0.000000,0.000000,-75.517506,137.600000,80.000000,0.500000,-0.500000,0.500000,0.500000,4.167
140,4.620833,-75.257506,137.600000,0.783950,1.000000,0.000000,0.000000,0.000000,-75.257506,137.600000,80.000000,0.500000,-0.500000,0.500000,0.500000,0.000
141,4.654166,-74.997506,137.600000,0.783950,1.000000,0.000000,0.000000,0.000000,-74.997506,137.600000,80.000000,0.500000,-0.500000,0.500000,0.500000,4.167
142,4.687499,-74.737506,137.600000,0.783950,1.000000,0.000000,0.000000,0.000000,-74.737506,137.600000,80.000000,0.500000,-0.500000,0.500000,0.500000,4.167
143,4.720833,-74.477506,137.600000,0.783950,1.000000,0.000000,0.000000,0.000000,-74.477506,137.600000,80.000000,0.500000,-0.500000,0.500000,0.500000,0.000
144,4.754166,-74.217506,137.600000,0.783950,1.000000,0.000000,0.000000,0.000000,-74.217506,137.600000,80.000000,0.500000,-0.500000,0.500000,0.500000,4.167
145,4.787499,-73.957506,137.600000,0.783950,1.000000,0.000000,0.000000,0.000000,-73.957506,137.600000,80.000000,0.500000,-0.500000,0.500000,0.500000,4.167
146,4.820833,-73.697506,137.600000,0.783950,1.000000,0.000000,0.000000,0.000000,-73.697506,137.600000,80.000000,0.500000,-0.500000,0.500000,0.500000,0.000
147,4.849999,-73.470006,137.600000,0.783950,1.000000,0.000000,0.000000,0.000000,-73.470006,137.600000,80.000000,0.500000,-0.500000,0.500000,0.500000,4.167
148,4.883333,-73.210006,137.600000,0.783950,1.000000,0.000000,0.000000,0.000000,-73.210006,137.600000,80.000000,0.500000,-0.500000,0.500000,0.500000,0.000
149,4.916666,-72.950006,137.600000,0.783950,1.000000,0.000000,0.000000,0.000000,-72.950006,137.600000,80.000000,0.500000,-0.500000,0.500000,0.500000,4.167
150,4.949999,-72.690006,137.600000,0.783950,1.000000,0.000000,0.000000,0.000000,-72.690006,137.600000,80.000000,0.500000,-0.500000,0.500000,0.500000,4.167
151,4.983333,-72.430006,137.600000,0.783950,1.000000,0.000000,0.000000,0.000000,-72.430006,137.600000,80.000000,0.500000,-0.500000,0.500000,0.500000,0.000
152,5.016666,-72.170006,137.600000,0.783950,1.000000,0.000000,0.000000,0.000000,-72.170006,137.600000,80.000000,0.500000,-0.500000,0.500000,0.500000,4.167
153,5.049999,-71.910007,137.600000,0.783950,1.000000,0.000000,0.000000,0.000000,-71.910007,137.600000,80.000000,0.500000,-0.500000,0.500000,0.500000,4.167
154,5.083333,-71.650007,137.600000,0.783950,1.000000,0.000000,0.000000,0.000000,-71.650007,137.600000,80.000000,0.500000,-0.500000,0.500000,0.500000,0.000
155,5.116666,-71.390007,137.600000,0.783950,1.000000,0.000000,0.000000,0.000000,-71.390007,137.600000,80.000000,0.500000,-0.500000,0.500000,0.500000,4.167
156,5.149999,-71.130007,137.600000,0.783950,1.000000,0.000000,0.000000,0.000000,-71.130007,137.600000,80.000000,0.500000,-0.500000,0.500000,0.500000,4.167
157,5.183333,-70.870007,137.600000,0.783950,1.000000,0.000000,0.000000,0.000000,-70.870007,137.600000,80.000000,0.500000,-0.500000,0.500000,0.500000,0.000
158,5.216666,-70.610007,137.600000,0.783950,1.000000,0.000000,0.000000,0.000000,-70.610007,137.600000,80.000000,0.500000,-0.500000,0.500000,0.500000,4.167
159,5.245832,-70.382507,137.600000,0.783950,1.000000,0.000000,0.000000,0.000000,-70.382507,137.600000,80.000000,0.500000,-0.500000,0.500000,0.500000,0.000
160,5.279166,-70.122507,137.600000,0.783950,1.000000,0.000000,0.000000,0.000000,-70.122507,137.600000,80.000000,0.500000,-0.500000,0.500000,0.500000,4.167
161,5.312499,-69.862507,137.600000,0.783950,1.000000,0.000000,0.000000,0.000000,-69.862507,137.600000,80.000000,0.500000,-0.500000,0.500000,0.500000,4.167
162,5.345832,-69.602507,137.600000,0.783950,1.000000,0.000000,0.000000,0.000000,-69.602507,137.600000,80.000000,0.500000,-0.500000,0.500000,0.500000,0.000
163,5.379166,-69.342507,137.600000,0.783950,1.000000,0.000000,0.000000,0.000000,-69.342507,137.600000,80.000000,0.500000,-0.500000,0.500000,0.500000,4.167
164,5.412499,-69.082507,137.600000,0.783950,1.000000,0.000000,0.000000,0.000000,-69.082507,137.600000,80.000000,0.500000,-0.500000,0.500000,0.500000,4.167
165,5.445832,-68.822507,137.600000,0.783950,1.000000,0.000000,0.000000,0.000000,-68.822507,137.600000,80.000000,0.500000,-0.500000,0.500000,0.500000,0.000
166,5.479166,-68.562507,137.600000,0.783950,1.000000,0.000000,0.000000,0.000000,-68.562507,137.600000,80.000000,0.500000,-0.500000,0.500000,0.500000,4.167
167,5.512499,-68.302507,137.600000,0.783950,1.000000,0.000000,0.000000,0.000000,-68.302507,137.600000,80.000000,0.500000,-0.500000,0.500000,0.500000,4.167
168,5.545832,-68.042507,137.600000,0.783950,1.000000,0.000000,0.000000,0.000000,-68.042507,137.600000,80.000000,0.500000,-0.500000,0.500000,0.500000,0.000
169,5.579166,-67.782507,137.600000,0.783950,1.000000,0.000000,0.000000,0.000000,-67.782507,137.600000,80.000000,0.500000,-0.500000,0.500000,0.500000,4.167
170,5.612499,-67.522507,137.600000,0.783950,1.000000,0.000000,0.000000,0.000000,-67.522507,137.600000,80.000000,0.500000,-0.500000,0.500000,0.500000,4.167
171,5.645832,-67.262507,137.600000,0.783950,1.000000,0.000000,0.000000,0.000000,-67.262507,137.600000,80.000000,0.500000,-0.500000,0.500000,0.500000,0.000
172,5.674999,-67.035007,137.600000,0.783950,1.000000,0.000000,0.000000,0.000000,-67.035007,137.600000,80.000000,0.500000,-0.500000,0.500000,0.500000,4.167
173,5.708332,-66.775007,137.600000,0.783950,1.000000,0.000000,0.000000,0.000000,-66.775007,137.600000,80.000000,0.500000,-0.500000,0.500000,0.500000,0.000
174,5.741666,-66.515007,137.600000,0.783950,1.000000,0.000000,0.000000,0.000000,-66.515007,137.600000,80.000000,0.500000,-0.500000,0.500000,0.500000,4.167
175,5.774999,-66.255007,137.600000,0.783950,1.000000,0.000000,0.000000,0.000000,-66.255007,137.600000,80.000000,0.500000,-0.500000,0.500000,0.500000,4.167
176,5.808332,-65.995007,137.600000,0.783950,1.000000,0.000000,0.000000,0.000000,-65.995007,137.600000,80.000000,0.500000,-0.500000,0.500000,0.500000,0.000
177,5.841666,-65.735007,137.600000,0.783950,1.000000,0.000000,0.000000,0.000000,-65.735007,137.600000,80.000000,0.500000,-0.500000,0.500000,0.500000,4.167
178,5.874999,-65.475008,137.600000,0.783950,1.000000,0.000000,0.000000,0.000000,-65.475008,137.600000,80.000000,0.500000,-0.500000,0.500000,0.500000,4.167
179,5.908332,-65.215008,137.600000,0.783950,1.000000,0.000000,0.000000,0.000000,-65.215008,137.600000,80.000000,0.500000,-0.500000,0.500000,0.500000,0.000
180,5.941666,-64.955008,137.600000,0.783950,1.000000,0.000000,0.000000,0.000000,-64.955008,137.600000,80.000000,0.500000,-0.500000,0.500000,0.500000,4.167
181,5.974999,-64.695008,137.600000,0.783950,1.000000,0.000000,0.000000,0.000000,-64.695008,137.600000,80.000000,0.500000,-0.500000,0.500000,0.500000,4.167
182,6.008332,-64.435008,137.600000,0.783950,1.000000,0.000000,0.000000,0.000000,-64.435008,137.600000,80.000000,0.500000,-0.500000,0.500000,0.500000,0.000
183,6.041666,-64.175008,137.600000,0.783950,1.000000,0.000000,0.000000,0.000000,-64.175008,137.600000,80.000000,0.500000,-0.500000,0.500000,0.500000,4.167
184,6.070832,-63.947508,137.600000,0.783950,1.000000,0.000000,0.000000,0.000000,-63.947508,137.600000,80.000000,0.500000,-0.500000,0.500000,0.500000,0.000
185,6.104166,-63.687508,137.600000,0.783950,1.000000,0.000000,0.000000,0.000000,-63.687508,137.600000,80.000000,0.500000,-0.500000,0.500000,0.500000,4.167
186,6.137499,-63.427508,137.600000,0.783950,1.000000,0.000000,0.000000,0.000000,-63.427508,137.600000,80.000000,0.500000,-0.500000,0.500000,0.500000,4.167
187,6.170832,-63.167508,137.600000,0.783950,1.000000,0.000000,0.000000,0.000000,-63.167508,137.600000,80.000000,0.500000,-0.500000,0.500000,0.500000,0.000
188,6.204166,-62.907508,137.600000,0.783950,1.000000,0.000000,0.000000,0.000000,-62.907508,137.600000,80.000000,0.500000,-0.500000,0.500000,0.500000,4.167
189,6.237499,-62.647508,137.600000,0.783950,1.000000,0.000000,0.000000,0.000000,-62.647508,137.600000,80.000000,0.500000,-0.500000,0.500000,0.500000,4.167
190,6.270832,-62.387508,137.600000,0.783950,1.000000,0.000000,0.000000,0.000000,-62.387508,137.600000,80.000000,0.500000,-0.500000,0.500000,0.500000,0.000
191,6.304166,-62.127508,137.600000,0.783950,1.000000,0.000000,0.000000,0.000000,-62.127508,137.600000,80.000000,0.500000,-0.500000,0.500000,0.500000,4.167
192,6.337499,-61.867508,137.600000,0.783950,1.000000,0.000000,0.000000,0.000000,-61.867508,137.600000,80.000000,0.500000,-0.500000,0.500000,0.500000,4.167
193,6.370832,-61.607508,137.600000,0.783950,1.000000,0.000000,0.000000,0.000000,-61.607508,137.600000,80.000000,0.500000,-0.500000,0.500000,0.500000,0.000
194,6.404166,-61.347508,137.600000,0.783950,1.000000,0.000000,0.000000,0.000000,-61.347508,137.600000,80.000000,0.500000,-0.500000,0.500000,0.500000,4.167
195,6.437499,-61.087508,137.600000,0.783950,1.000000,0.000000,0.000000,0.000000,-61.087508,137.600000,80.000000,0.500000,-0.500000,0.500000,0.500000,4.167
196,6.470832,-60.827508,137.600000,0.783950,1.000000,0.000000,0.000000,0.000000,-60.827508,137.600000,80.000000,0.500000,-0.500000,0.500000,0.500000,0.000
197,6.499999,-60.600008,137.600000,0.783950,1.000000,0.000000,0.000000,0.000000,-60.600008,137.600000,80.000000,0.500000,-0.500000,0.500000,0.500000,4.167
198,6.533332,-60.340008,137.600000,0.783950,1.000000,0.000000,0.000000,0.000000,-60.340008,137.600000,80.000000,0.500000,-0.500000,0.500000,0.500000,0.000
199,6.566666,-60.080008,137.600000,0.783950,1.000000,0.000000,0.000000,0.000000,-60.080008,137.600000,80.000000,0.500000,-0.500000,0.500000,0.500000,4.167
200,6.599999,-59.820008,137.600000,0.783950,1.000000,0.000000,0.000000,0.000000,-59.820008,137.600000,80.000000,0.500000,-0.500000,0.500000,0.500000,4.167
201,6.633332,-59.560008,137.600000,0.783950,1.000000,0.000000,0.000000,0.000000,-59.560008,137.600000,80.000000,0.500000,-0.500000,0.500000,0.500000,0.000
202,6.666666,-59.300009,137.600000,0.783950,1.000000,0.000000,0.000000,0.000000,-59.300009,137.600000,80.000000,0.500000,-0.500000,0.500000,0.500000,4.167
203,6.699999,-59.040009,137.600000,0.783950,1.000000,0.000000,0.000000,0.000000,-59.040009,137.600000,80.000000,0.500000,-0.500000,0.500000,0.500000,4.167
204,6.733332,-58.780009,137.600000,0.783950,1.000000,0.000000,0.000000,0.000000,-58.780009,137.600000,80.000000,0.500000,-0.500000,0.500000,0.500000,0.000
205,6.766666,-58.520009,137.600000,0.783950,1.000000,0.000000,0.000000,0.000000,-58.520009,137.600000,80.000000,0.500000,-0.500000,0.500000,0.500000,4.167
206,6.799999,-58.260009,137.600000,0.783950,1.000000,0.000000,0.000000,0.000000,-58.260009,137.600000,80.000000,0.500000,-0.500000,0.500000,0.500000,4.167
207,6.833332,-58.000009,137.600000,0.783950,1.000000,0.000000,0.000000,0.000000,-58.000009,137.600000,80.000000,0.500000,-0.500000,0.500000,0.500000,0.000
208,6.866666,-57.740009,137.600000,0.783950,1.000000,0.000000,0.000000,0.000000,-57.740009,137.600000,80.000000,0.500000,-0.500000,0.500000,0.500000,4.167
209,6.895832,-57.512509,137.600000,0.783950,1.000000,0.000000,0.000000,0.000000,-57.512509,137.600000,80.000000,0.500000,-0.500000,0.500000,0.500000,0.000
210,6.929166,-57.252509,137.600000,0.783950,1.000000,0.000000,0.000000,0.000000,-57.252509,137.600000,80.000000,0.500000,-0.500000,0.500000,0.500000,4.167
211,6.962499,-56.992509,137.600000,0.783950,1.000000,0.000000,0.000000,0.000000,-56.992509,137.600000,80.000000,0.500000,-0.500000,0.500000,0.500000,4.167
212,6.995832,-56.732509,137.600000,0.783950,1.000000,0.000000,0.000000,0.000000,-56.732509,137.600000,80.000000,0.500000,-0.500000,0.500000,0.500000,0.000
213,7.029166,-56.472509,137.600000,0.783950,1.000000,0.000000,0.000000,0.000000,-56.472509,137.600000,80.000000,0.500000,-0.500000,0.500000,0.500000,4.167
214,7.062499,-56.212509,137.600000,0.783950,1.000000,0.000000,0.000000,0.000000,-56.212509,137.600000,80.000000,0.500000,-0.500000,0.500000,0.500000,4.167
215,7.095832,-55.952509,137.600000,0.783950,1.000000,0.000000,0.000000,0.000000,-55.952509,137.600000,80.000000,0.500000,-0.500000,0.500000,0.500000,0.000
216,7.129166,-55.692509,137.600000,0.783950,1.000000,0.000000,0.000000,0.000000,-55.692509,137.600000,80.000000,0.500000,-0.500000,0.500000,0.500000,4.167
217,7.162499,-55.432509,137.600000,0.783950,1.000000,0.000000,0.000000,0.000000,-55.432509,137.600000,80.000000,0.500000,-0.500000,0.500000,0.500000,4.167
218,7.195832,-55.172509,137.600000,0.783950,1.000000,0.000000,0.000000,0.000000,-55.172509,137.600000,80.000000,0.500000,-0.500000,0.500000,0.500000,0.000
219,7.229166,-54.912509,137.600000,0.783950,1.000000,0.000000,0.000000,0.000000,-54.912509,137.600000,80.000000,0.500000,-0.500000,0.500000,0.500000,4.167
220,7.262499,-54.652509,137.600000,0.783950,1.000000,0.000000,0.000000,0.000000,-54.652509,137.600000,80.000000,0.500000,-0.500000,0.500000,0.500000,4.167
221,7.295832,-54.392509,137.600000,0.783950,1.000000,0.000000,0.000000,0.000000,-54.392509,137.600000,80.000000,0.500000,-0.500000,0.500000,0.500000,0.000
222,7.324999,-54.165009,137.600000,0.783950,1.000000,0.000000,0.000000,0.000000,-54.165009,137.600000,80.000000,0.500000,-0.500000,0.500000,0.500000,4.167
223,7.358332,-53.905009,137.600000,0.783950,1.000000,0.000000,0.000000,0.000000,-53.905009,137.600000,80.000000,0.500000,-0.500000,0.500000,0.500000,0.000
224,7.391665,-53.645009,137.600000,0.783950,1.000000,0.000000,0.000000,0.000000,-53.645009,137.600000,80.000000,0.500000,-0.500000,0.500000,0.500000,4.167
225,7.424999,-53.385009,137.600000,0.783950,1.000000,0.000000,0.000000,0.000000,-53.385009,137.600000,80.000000,0.500000,-0.500000,0.500000,0.500000,4.167
226,7.458332,-53.125010,137.600000,0.783950,1.000000,0.000000,0.000000,0.000000,-53.125010,137.600000,80.000000,0.500000,-0.500000,0.500000,0.500000,0.000
227,7.491665,-52.865010,137.600000,0.783950,1.000000,0.000000,0.000000,0.000000,-52.865010,137.600000,80.000000,0.500000,-0.500000,0.500000,0.500000,4.167
228,7.524999,-52.605010,137.600000,0.783950,1.000000,0.000000,0.000000,0.000000,-52.605010,137.600000,80.000000,0.500000,-0.500000,0.500000,0.500000,4.167
229,7.558332,-52.345010,137.600000,0.783950,1.000000,0.000000,0.000000,0.000000,-52.345010,137.600000,80.000000,0.500000,-0.500000,0.500000,0.500000,0.000
230,7.591665,-52.085010,137.600000,0.783950,1.000000,0.000000,0.000000,0.000000,-52.085010,137.600000,80.000000,0.500000,-0.500000,0.500000,0.500000,4.167
231,7.624999,-51.825010,137.600000,0.783950,1.000000,0.000000,0.000000,0.000000,-51.825010,137.600000,80.000000,0.500000,-0.500000,0.500000,0.500000,4.167
232,7.658332,-51.565010,137.600000,0.783950,1.000000,0.000000,0.000000,0.000000,-51.565010,137.600000,80.000000,0.500000,-0.500000,0.500000,0.500000,0.000
233,7.691665,-51.305010,137.600000,0.783950,1.000000,0.000000,0.000000,0.000000,-51.305010,137.600000,80.000000,0.500000,-0.500000,0.500000,0.500000,4.167
234,7.720832,-51.077510,137.600000,0.783950,1.000000,0.000000,0.000000,0.000000,-51.077510,137.600000,80.000000,0.500000,-0.500000,0.500000,0.500000,0.000
235,7.754165,-50.817510,137.600000,0.783950,1.000000,0.000000,0.000000,0.000000,-50.817510,137.600000,80.000000,0.500000,-0.500000,0.500000,0.500000,4.167
236,7.787499,-50.557510,137.600000,0.783950,1.000000,0.000000,0.000000,0.000000,-50.557510,137.600000,80.000000,0.500000,-0.500000,0.500000,0.500000,4.167
237,7.820832,-50.297510,137.600000,0.783950,1.000000,0.000000,0.000000,0.000000,-50.297510,137.600000,80.000000,0.500000,-0.500000,0.500000,0.500000,0.000
238,7.854165,-50.037510,137.600000,0.783950,1.000000,0.000000,0.000000,0.000000,-50.037510,137.600000,80.000000,0.500000,-0.500000,0.500000,0.500000,4.167
239,7.887499,-49.777510,137.600000,0.783950,1.000000,0.000000,0.000000,0.000000,-49.777510,137.600000,80.000000,0.500000,-0.500000,0.500000,0.500000,4.167
240,7.920832,-49.517510,137.600000,0.783950,1.000000,0.000000,0.000000,0.000000,-49.517510,137.600000,80.000000,0.500000,-0.500000,0.500000,0.500000,0.000
241,7.954165,-49.257510,137.600000,0.783950,1.000000,0.000000,0.000000,0.000000,-49.257510,137.600000,80.000000,0.500000,-0.500000,0.500000,0.500000,4.167
242,7.987499,-48.997510,137.600000,0.783950,1.000000,0.000000,0.000000,0.000000,-48.997510,137.600000,80.000000,0.500000,-0.500000,0.500000,0.500000,4.167
243,8.020832,-48.737510,137.600000,0.783950,1.000000,0.000000,0.000000,0.000000,-48.737510,137.600000,80.000000,0.500000,-0.500000,0.500000,0.500000,0.000
244,8.054165,-48.477510,137.600000,0.783950,1.000000,0.000000,0.000000,0.000000,-48.477510,137.600000,80.000000,0.500000,-0.500000,0.500000,0.500000,4.167
245,8.087499,-48.217510,137.600000,0.783950,1.000000,0.000000,0.000000,0.000000,-48.217510,137.600000,80.000000,0.500000,-0.500000,0.500000,0.500000,4.167
246,8.120832,-47.957510,137.600000,0.783950,1.000000,0.000000,0.000000,0.000000,-47.957510,137.600000,80.000000,0.500000,-0.500000,0.500000,0.500000,0.000
247,8.149999,-47.730010,137.600000,0.783950,1.000000,0.000000,0.000000,0.000000,-47.730010,137.600000,80.000000,0.500000,-0.500000,0.500000,0.500000,4.167
248,8.183332,-47.470010,137.600000,0.783950,1.000000,0.000000,0.000000,0.000000,-47.470010,137.600000,80.000000,0.500000,-0.500000,0.500000,0.500000,0.000
249,8.216665,-47.210010,137.600000,0.783950,1.000000,0.000000,0.000000,0.000000,-47.210010,137.600000,80.000000,0.500000,-0.500000,0.500000,0.500000,4.167
250,8.249999,-46.950011,137.600000,0.783950,1.000000,0.000000,0.000000,0.000000,-46.950011,137.600000,80.000000,0.500000,-0.500000,0.500000,0.500000,4.167
251,8.283332,-46.690011,137.600000,0.783950,1.000000,0.000000,0.000000,0.000000,-46.690011,137.600000,80.000000,0.500000,-0.500000,0.500000,0.500000,0.000
252,8.316665,-46.430011,137.600000,0.783950,1.000000,0.000000,0.000000,0.000000,-46.430011,137.600000,80.000000,0.500000,-0.500000,0.500000,0.500000,4.167
253,8.349999,-46.170011,137.600000,0.783950,1.000000,0.000000,0.000000,0.000000,-46.170011,137.600000,80.000000,0.500000,-0.500000,0.500000,0.500000,4.167
254,8.383332,-45.910011,137.600000,0.783950,1.000000,0.000000,0.000000,0.000000,-45.910011,137.600000,80.000000,0.500000,-0.500000,0.500000,0.500000,0.000
255,8.416665,-45.650011,137.600000,0.783950,1.000000,0.000000,0.000000,0.000000,-45.650011,137.600000,80.000000,0.500000,-0.500000,0.500000,0.500000,4.167
256,8.449999,-45.390011,137.600000,0.783950,1.000000,0.000000,0.000000,0.000000,-45.390011,137.600000,80.000000,0.500000,-0.500000,0.500000,0.500000,4.167
257,8.483332,-45.130011,137.600000,0.783950,1.000000,0.000000,0.000000,0.000000,-45.130011,137.600000,80.000000,0.500000,-0.500000,0.500000,0.500000,0.000
258,8.516665,-44.870011,137.600000,0.783950,1.000000,0.000000,0.000000,0.000000,-44.870011,137.600000,80.000000,0.500000,-0.500000,0.500000,0.500000,4.167
259,8.545832,-44.642511,137.600000,0.783950,1.000000,0.000000,0.000000,0.000000,-44.642511,137.600000,80.000000,0.500000,-0.500000,0.500000,0.500000,0.000
260,8.579165,-44.382511,137.600000,0.783950,1.000000,0.000000,0.000000,0.000000,-44.382511,137.600000,80.000000,0.500000,-0.500000,0.500000,0.500000,4.167
261,8.612499,-44.122511,137.600000,0.783950,1.000000,0.000000,0.000000,0.000000,-44.122511,137.600000,80.000000,0.500000,-0.500000,0.500000,0.500000,4.167
262,8.645832,-43.862511,137.600000,0.783950,1.000000,0.000000,0.000000,0.000000,-43.862511,137.600000,80.000000,0.500000,-0.500000,0.500000,0.500000,0.000
263,8.679165,-43.602511,137.600000,0.783950,1.000000,0.000000,0.000000,0.000000,-43.602511,137.600000,80.000000,0.500000,-0.500000,0.500000,0.500000,4.167
264,8.712499,-43.342511,137.600000,0.783950,1.000000,0.000000,0.000000,0.000000,-43.342511,137.600000,80.000000,0.500000,-0.500000,0.500000,0.500000,4.167
265,8.745832,-43.082511,137.600000,0.783950,1.000000,0.000000,0.000000,0.000000,-43.082511,137.600000,80.000000,0.500000,-0.500000,0.500000,0.500000,0.000
266,8.779165,-42.822511,137.600000,0.783950,1.000000,0.000000,0.000000,0.000000,-42.822511,137.600000,80.000000,0.500000,-0.500000,0.500000,0.500000,4.167
267,8.812499,-42.562511,137.600000,0.783950,1.000000,0.000000,0.000000,0.000000,-42.562511,137.600000,80.000000,0.500000,-0.500000,0.500000,0.500000,4.167
268,8.845832,-42.302511,137.600000,0.783950,1.000000,0.000000,0.000000,0.000000,-42.302511,137.600000,80.000000,0.500000,-0.500000,0.500000,0.500000,0.000
269,8.879165,-42.042511,137.600000,0.783950,1.000000,0.000000,0.000000,0.000000,-42.042511,137.600000,80.000000,0.500000,-0.500000,0.500000,0.500000,4.167
270,8.912499,-41.782511,137.600000,0.783950,1.000000,0.000000,0.000000,0.000000,-41.782511,137.600000,80.000000,0.500000,-0.500000,0.500000,0.500000,4.167
271,8.945832,-41.522511,137.600000,0.783950,1.000000,0.000000,0.000000,0.000000,-41.522511,137.600000,80.000000,0.500000,-0.500000,0.500000,0.500000,0.000
272,8.974999,-41.295011,137.600000,0.783950,1.000000,0.000000,0.000000,0.000000,-41.295011,137.600000,80.000000,0.500000,-0.500000,0.500000,0.500000,4.167
273,9.008332,-41.035011,137.600000,0.783950,1.000000,0.000000,0.000000,0.000000,-41.035011,137.600000,80.000000,0.500000,-0.500000,0.500000,0.500000,0.000
274,9.041665,-40.775011,137.600000,0.783950,1.000000,0.000000,0.000000,0.000000,-40.775011,137.600000,80.000000,0.500000,-0.500000,0.500000,0.500000,4.167
275,9.074999,-40.515012,137.600000,0.783950,1.000000,0.000000,0.000000,0.000000,-40.515012,137.600000,80.000000,0.500000,-0.500000,0.500000,0.500000,4.167
276,9.108332,-40.255012,137.600000,0.783950,1.000000,0.000000,0.000000,0.000000,-40.255012,137.600000,80.000000,0.500000,-0.500000,0.500000,0.500000,0.000
277,9.141665,-39.995012,137.600000,0.783950,1.000000,0.000000,0.000000,0.000000,-39.995012,137.600000,80.000000,0.500000,-0.500000,0.500000,0.500000,4.167
278,9.174999,-39.735012,137.600000,0.783950,1.000000,0.000000,0.000000,0.000000,-39.735012,137.600000,80.000000,0.500000,-0.500000,0.500000,0.500000,4.167
279,9.208332,-39.475012,137.600000,0.783950,1.000000,0.000000,0.000000,0.000000,-39.475012,137.600000,80.000000,0.500000,-0.500000,0.500000,0.500000,0.000
280,9.241665,-39.215012,137.600000,0.783950,1.000000,0.000000,0.000000,0.000000,-39.215012,137.600000,80.000000,0.500000,-0.500000,0.500000,0.500000,4.167
281,9.274999,-38.955012,137.600000,0.783950,1.000000,0.000000,0.000000,0.000000,-38.955012,137.600000,80.000000,0.500000,-0.500000,0.500000,0.500000,4.167
282,9.308332,-38.695012,137.600000,0.783950,1.000000,0.000000,0.000000,0.000000,-38.695012,137.600000,80.000000,0.500000,-0.500000,0.500000,0.500000,0.000
283,9.341665,-38.435012,137.600000,0.783950,1.000000,0.000000,0.000000,0.000000,-38.435012,137.600000,80.000000,0.500000,-0.500000,0.500000,0.500000,4.167
284,9.370832,-38.207512,137.600000,0.783950,1.000000,0.000000,0.000000,0.000000,-38.207512,137.600000,80.000000,0.500000,-0.500000,0.500000,0.500000,0.000
285,9.404165,-37.947512,137.600000,0.783950,1.000000,0.000000,0.000000,0.000000,-37.947512,137.600000,80.000000,0.500000,-0.500000,0.500000,0.500000,4.167
286,9.437498,-37.687512,137.600000,0.783950,1.000000,0.000000,0.000000,0.000000,-37.687512,137.600000,80.000000,0.500000,-0.500000,0.500000,0.500000,4.167
287,9.470832,-37.427512,137.600000,0.783950,1.000000,0.000000,0.000000,0.000000,-37.427512,137.600000,80.000000,0.500000,-0.500000,0.500000,0.500000,0.000
288,9.504165,-37.167512,137.600000,0.783950,1.000000,0.000000,0.000000,0.000000,-37.167512,137.600000,80.000000,0.500000,-0.500000,0.500000,0.500000,4.167
289,9.537498,-36.907512,137.600000,0.783950,1.000000,0.000000,0.000000,0.000000,-36.907512,137.600000,80.000000,0.500000,-0.500000,0.500000,0.500000,4.167
290,9.570832,-36.647512,137.600000,0.783950,1.000000,0.000000,0.000000,0.000000,-36.647512,137.600000,80.000000,0.500000,-0.500000,0.500000,0.500000,0.000
291,9.604165,-36.387512,137.600000,0.783950,1.000000,0.000000,0.000000,0.000000,-36.387512,137.600000,80.000000,0.500000,-0.500000,0.500000,0.500000,4.167
292,9.637498,-36.127512,137.600000,0.783950,1.000000,0.000000,0.000000,0.000000,-36.127512,137.600000,80.000000,0.500000,-0.500000,0.500000,0.500000,4.167
293,9.670832,-35.867512,137.600000,0.783950,1.000000,0.000000,0.000000,0.000000,-35.867512,137.600000,80.000000,0.500000,-0.500000,0.500000,0.500000,0.000
294,9.704165,-35.607512,137.600000,0.783950,1.000000,0.000000,0.000000,0.000000,-35.607512,137.600000,80.000000,0.500000,-0.500000,0.500000,0.500000,4.167
295,9.737498,-35.347512,137.600000,0.783950,1.000000,0.000000,0.000000,0.000000,-35.347512,137.600000,80.000000,0.500000,-0.500000,0.500000,0.500000,4.167
296,9.770832,-35.087512,137.600000,0.783950,1.000000,0.000000,0.000000,0.000000,-35.087512,137.600000,80.000000,0.500000,-0.500000,0.500000,0.500000,0.000
297,9.799998,-34.860012,137.600000,0.783950,1.000000,0.000000,0.000000,0.000000,-34.860012,137.600000,80.000000,0.500000,-0.500000,0.500000,0.500000,4.167
298,9.833332,-34.600012,137.600000,0.783950,1.000000,0.000000,0.000000,0.000000,-34.600012,137.600000,80.000000,0.500000,-0.500000,0.500000,0.500000,0.000
299,9.866665,-34.340013,137.600000,0.783950,1.000000,0.000000,0.000000,0.000000,-34.340013,137.600000,80.000000,0.500000,-0.500000,0.500000,0.500000,4.167
300,9.899998,-34.080013,137.600000,0.783950,1.000000,0.000000,0.000000,0.000000,-34.080013,137.600000,80.000000,0.500000,-0.500000,0.500000,0.500000,4.167
301,9.933332,-33.820013,137.600000,0.783950,1.000000,0.000000,0.000000,0.000000,-33.820013,137.600000,80.000000,0.500000,-0.500000,0.500000,0.500000,0.000
302,9.966665,-33.560013,137.600000,0.783950,1.000000,0.000000,0.000000,0.000000,-33.560013,137.600000,80.000000,0.500000,-0.500000,0.500000,0.500000,4.167
303,9.999998,-33.300013,137.600000,0.783950,1.000000,0.000000,0.000000,0.000000,-33.300013,137.600000,80.000000,0.500000,-0.500000,0.500000,0.500000,4.167
304,10.033332,-33.040013,137.600000,0.783950,1.000000,0.000000,0.000000,0.000000,-33.040013,137.600000,80.000000,0.500000,-0.500000,0.500000,0.500000,0.000
305,10.066665,-32.780013,137.600000,0.783950,1.000000,0.000000,0.000000,0.000000,-32.780013,137.600000,80.000000,0.500000,-0.500000,0.500000,0.500000,4.167
306,10.099998,-32.520013,137.600000,0.783950,1.000000,0.000000,0.000000,0.000000,-32.520013,137.600000,80.000000,0.500000,-0.500000,0.500000,0.500000,4.167
307,10.133332,-32.260013,137.600000,0.783950,1.000000,0.000000,0.000000,0.000000,-32.260013,137.600000,80.000000,0.500000,-0.500000,0.500000,0.500000,0.000
308,10.166665,-32.000013,137.600000,0.783950,1.000000,0.000000,0.000000,0.000000,-32.000013,137.600000,80.000000,0.500000,-0.500000,0.500000,0.500000,4.167
309,10.195832,-31.772513,137.600000,0.783950,1.000000,0.000000,0.000000,0.000000,-31.772513,137.600000,80.000000,0.500000,-0.500000,0.500000,0.500000,0.000
310,10.229165,-31.512513,137.600000,0.783950,1.000000,0.000000,0.000000,0.000000,-31.512513,137.600000,80.000000,0.500000,-0.500000,0.500000,0.500000,4.167
311,10.262498,-31.252513,137.600000,0.783950,1.000000,0.000000,0.000000,0.000000,-31.252513,137.600000,80.000000,0.500000,-0.500000,0.500000,0.500000,4.167
312,10.295832,-30.992513,137.600000,0.783950,1.000000,0.000000,0.000000,0.000000,-30.992513,137.600000,80.000000,0.500000,-0.500000,0.500000,0.500000,0.000
313,10.329165,-30.732513,137.600000,0.783950,1.000000,0.000000,0.000000,0.000000,-30.732513,137.600000,80.000000,0.500000,-0.500000,0.500000,0.500000,4.167
314,10.362498,-30.472513,137.600000,0.783950,1.000000,0.000000,0.000000,0.000000,-30.472513,137.600000,80.000000,0.500000,-0.500000,0.500000,0.500000,4.167
315,10.395832,-30.212513,137.600000,0.783950,1.000000,0.000000,0.000000,0.000000,-30.212513,137.600000,80.000000,0.500000,-0.500000,0.500000,0.500000,0.000
316,10.429165,-29.952513,137.600000,0.783950,1.000000,0.000000,0.000000,0.000000,-29.952513,137.600000,80.000000,0.500000,-0.500000,0.500000,0.500000,4.167
317,10.462498,-29.692513,137.600000,0.783950,1.000000,0.000000,0.000000,0.000000,-29.692513,137.600000,80.000000,0.500000,-0.500000,0.500000,0.500000,4.167
318,10.495832,-29.432513,137.600000,0.783950,1.000000,0.000000,0.000000,0.000000,-29.432513,137.600000,80.000000,0.500000,-0.500000,0.500000,0.500000,0.000
319,10.529165,-29.172513,137.600000,0.783950,1.000000,0.000000,0.000000,0.000000,-29.172513,137.600000,80.000000,0.500000,-0.500000,0.500000,0.500000,4.167
320,10.562498,-28.912513,137.600000,0.783950,1.000000,0.000000,0.000000,0.000000,-28.912513,137.600000,80.000000,0.500000,-0.500000,0.500000,0.500000,4.167
321,10.595832,-28.652513,137.600000,0.783950,1.000000,0.000000,0.000000,0.000000,-28.652513,137.600000,80.000000,0.500000,-0.500000,0.500000,0.500000,0.000
322,10.624998,-28.425013,137.600000,0.783950,1.000000,0.000000,0.000000,0.000000,-28.425013,137.600000,80.000000,0.500000,-0.500000,0.500000,0.500000,4.167
323,10.658332,-28.165014,137.600000,0.783950,1.000000,0.000000,0.000000,0.000000,-28.165014,137.600000,80.000000,0.500000,-0.500000,0.500000,0.500000,0.000
324,10.691665,-27.905014,137.600000,0.783950,1.000000,0.000000,0.000000,0.000000,-27.905014,137.600000,80.000000,0.500000,-0.500000,0.500000,0.500000,4.167
325,10.724998,-27.645014,137.600000,0.783950,1.000000,0.000000,0.000000,0.000000,-27.645014,137.600000,80.000000,0.500000,-0.500000,0.500000,0.500000,4.167
326,10.758332,-27.385014,137.600000,0.783950,1.000000,0.000000,0.000000,0.000000,-27.385014,137.600000,80.000000,0.500000,-0.500000,0.500000,0.500000,0.000
327,10.791665,-27.125014,137.600000,0.783950,1.000000,0.000000,0.000000,0.000000,-27.125014,137.600000,80.000000,0.500000,-0.500000,0.500000,0.500000,4.167
328,10.824998,-26.865014,137.600000,0.783950,1.000000,0.000000,0.000000,0.000000,-26.865014,137.600000,80.000000,0.500000,-0.500000,0.500000,0.500000,4.167
329,10.858332,-26.605014,137.600000,0.783950,1.000000,0.000000,0.000000,0.000000,-26.605014,137.600000,80.000000,0.500000,-0.500000,0.500000,0.500000,0.000
330,10.891665,-26.345014,137.600000,0.783950,1.000000,0.000000,0.000000,0.000000,-26.345014,137.600000,80.000000,0.500000,-0.500000,0.500000,0.500000,4.167
331,10.924998,-26.085014,137.600000,0.783950,1.000000,0.000000,0.000000,0.000000,-26.085014,137.600000,80.000000,0.500000,-0.500000,0.500000,0.500000,4.167
332,10.958332,-25.825014,137.600000,0.783950,1.000000,0.000000,0.000000,0.000000,-25.825014,137.600000,80.000000,0.500000,-0.500000,0.500000,0.500000,0.000
333,10.991665,-25.565014,137.600000,0.783950,1.000000,0.000000,0.000000,0.000000,-25.565014,137.600000,80.000000,0.500000,-0.500000,0.500000,0.500000,4.167
334,11.020832,-25.337514,137.600000,0.783950,1.000000,0.000000,0.000000,0.000000,-25.337514,137.600000,80.000000,0.500000,-0.500000,0.500000,0.500000,0.000
335,11.054165,-25.077514,137.600000,0.783950,1.000000,0.000000,0.000000,0.000000,-25.077514,137.600000,80.000000,0.500000,-0.500000,0.500000,0.500000,4.167
336,11.087498,-24.817514,137.600000,0.783950,1.000000,0.000000,0.000000,0.000000,-24.817514,137.600000,80.000000,0.500000,-0.500000,0.500000,0.500000,4.167
337,11.120832,-24.557514,137.600000,0.783950,1.000000,0.000000,0.000000,0.000000,-24.557514,137.600000,80.000000,0.500000,-0.500000,0.500000,0.500000,0.000
338,11.154165,-24.297514,137.600000,0.783950,1.000000,0.000000,0.000000,0.000000,-24.297514,137.600000,80.000000,0.500000,-0.500000,0.500000,0.500000,4.167
339,11.187498,-24.037514,137.600000,0.783950,1.000000,0.000000,0.000000,0.000000,-24.037514,137.600000,80.000000,0.500000,-0.500000,0.500000,0.500000,4.167
340,11.220832,-23.777514,137.600000,0.783950,1.000000,0.000000,0.000000,0.000000,-23.777514,137.600000,80.000000,0.500000,-0.500000,0.500000,0.500000,0.000
341,11.254165,-23.517514,137.600000,0.783950,1.000000,0.000000,0.000000,0.000000,-23.517514,137.600000,80.000000,0.500000,-0.500000,0.500000,0.500000,4.167
342,11.287498,-23.257514,137.600000,0.783950,1.000000,0.000000,0.000000,0.000000,-23.257514,137.600000,80.000000,0.500000,-0.500000,0.500000,0.500000,4.167
343,11.320832,-22.997514,137.600000,0.783950,1.000000,0.000000,0.000000,0.000000,-22.997514,137.600000,80.000000,0.500000,-0.500000,0.500000,0.500000,0.000
344,11.354165,-22.737514,137.600000,0.783950,1.000000,0.000000,0.000000,0.000000,-22.737514,137.600000,80.000000,0.500000,-0.500000,0.500000,0.500000,4.167
345,11.387498,-22.477514,137.600000,0.783950,1.000000,0.000000,0.000000,0.000000,-22.477514,137.600000,80.000000,0.500000,-0.500000,0.500000,0.500000,4.167
346,11.420832,-22.217514,137.600000,0.783950,1.000000,0.000000,0.000000,0.000000,-22.217514,137.600000,80.000000,0.500000,-0.500000,0.500000,0.500000,0.000
347,11.449998,-21.990014,137.600000,0.783950,1.000000,0.000000,0.000000,0.000000,-21.990014,137.600000,80.000000,0.500000,-0.500000,0.500000,0.500000,4.167
348,11.483331,-21.730015,137.600000,0.783950,1.000000,0.000000,0.000000,0.000000,-21.730015,137.600000,80.000000,0.500000,-0.500000,0.500000,0.500000,0.000
349,11.516665,-21.470015,137.600000,0.783950,1.000000,0.000000,0.000000,0.000000,-21.470015,137.600000,80.000000,0.500000,-0.500000,0.500000,0.500000,4.167
350,11.549998,-21.210015,137.600000,0.783950,1.000000,0.000000,0.000000,0.000000,-21.210015,137.600000,80.000000,0.500000,-0.500000,0.500000,0.500000,4.167
351,11.583331,-20.950015,137.600000,0.783950,1.000000,0.000000,0.000000,0.000000,-20.950015,137.600000,80.000000,0.500000,-0.500000,0.500000,0.500000,0.000
352,11.616665,-20.690015,137.600000,0.783950,1.000000,0.000000,0.000000,0.000000,-20.690015,137.600000,80.000000,0.500000,-0.500000,0.500000,0.500000,4.167
353,11.649998,-20.430015,137.600000,0.783950,1.000000,0.000000,0.000000,0.000000,-20.430015,137.600000,80.000000,0.500000,-0.500000,0.500000,0.500000,4.167
354,11.683331,-20.170015,137.600000,0.783950,1.000000,0.000000,0.000000,0.000000,-20.170015,137.600000,80.000000,0.500000,-0.500000,0.500000,0.500000,0.000
355,11.716665,-19.910015,137.600000,0.783950,1.000000,0.000000,0.000000,0.000000,-19.910015,137.600000,80.000000,0.500000,-0.500000,0.500000,0.500000,4.167
356,11.749998,-19.650015,137.600000,0.783950,1.000000,0.000000,0.000000,0.000000,-19.650015,137.600000,80.000000,0.500000,-0.500000,0.500000,0.500000,4.167
357,11.783331,-19.390015,137.600000,0.783950,1.000000,0.000000,0.000000,0.000000,-19.390015,137.600000,80.000000,0.500000,-0.500000,0.500000,0.500000,0.000
358,11.816665,-19.130015,137.600000,0.783950,1.000000,0.000000,0.000000,0.000000,-19.130015,137.600000,80.000000,0.500000,-0.500000,0.500000,0.500000,4.167
359,11.845831,-18.902515,137.600000,0.783950,1.000000,0.000000,0.000000,0.000000,-18.902515,137.600000,80.000000,0.500000,-0.500000,0.500000,0.500000,0.000
360,11.879165,-18.642515,137.600000,0.783950,1.000000,0.000000,0.000000,0.000000,-18.642515,137.600000,80.000000,0.500000,-0.500000,0.500000,0.500000,4.167
361,11.912498,-18.382515,137.600000,0.783950,1.000000,0.000000,0.000000,0.000000,-18.382515,137.600000,80.000000,0.500000,-0.500000,0.500000,0.500000,4.167
362,11.945831,-18.122515,137.600000,0.783950,1.000000,0.000000,0.000000,0.000000,-18.122515,137.600000,80.000000,0.500000,-0.500000,0.500000,0.500000,0.000
363,11.979165,-17.862515,137.600000,0.783950,1.000000,0.000000,0.000000,0.000000,-17.862515,137.600000,80.000000,0.500000,-0.500000,0.500000,0.500000,4.167
364,12.012498,-17.602515,137.600000,0.783950,1.000000,0.000000,0.000000,0.000000,-17.602515,137.600000,80.000000,0.500000,-0.500000,0.500000,0.500000,4.167
365,12.045831,-17.342515,137.600000,0.783950,1.000000,0.000000,0.000000,0.000000,-17.342515,137.600000,80.000000,0.500000,-0.500000,0.500000,0.500000,0.000
366,12.079165,-17.082515,137.600000,0.783950,1.000000,0.000000,0.000000,0.000000,-17.082515,137.600000,80.000000,0.500000,-0.500000,0.500000,0.500000,4.167
367,12.112498,-16.822515,137.600000,0.783950,1.000000,0.000000,0.000000,0.000000,-16.822515,137.600000,80.000000,0.500000,-0.500000,0.500000,0.500000,4.167
368,12.145831,-16.562515,137.600000,0.783950,1.000000,0.000000,0.000000,0.000000,-16.562515,137.600000,80.000000,0.500000,-0.500000,0.500000,0.500000,0.000
369,12.179165,-16.302515,137.600000,0.783950,1.000000,0.000000,0.000000,0.000000,-16.302515,137.600000,80.000000,0.500000,-0.500000,0.500000,0.500000,4.167
370,12.212498,-16.042515,137.600000,0.783950,1.000000,0.000000,0.000000,0.000000,-16.042515,137.600000,80.000000,0.500000,-0.500000,0.500000,0.500000,4.167
371,12.245831,-15.782515,137.600000,0.783950,1.000000,0.000000,0.000000,0.000000,-15.782515,137.600000,80.000000,0.500000,-0.500000,0.500000,0.500000,0.000
372,12.274998,-15.555016,137.600000,0.783950,1.000000,0.000000,0.000000,0.000000,-15.555016,137.600000,80.000000,0.500000,-0.500000,0.500000,0.500000,4.167
373,12.308331,-15.295016,137.600000,0.783950,1.000000,0.000000,0.000000,0.000000,-15.295016,137.600000,80.000000,0.500000,-0.500000,0.500000,0.500000,0.000
374,12.341665,-15.035016,137.600000,0.783950,1.000000,0.000000,0.000000,0.000000,-15.035016,137.600000,80.000000,0.500000,-0.500000,0.500000,0.500000,4.167
375,12.374998,-14.775016,137.600000,0.783950,1.000000,0.000000,0.000000,0.000000,-14.775016,137.600000,80.000000,0.500000,-0.500000,0.500000,0.500000,4.167
376,12.408331,-14.515016,137.600000,0.783950,1.000000,0.000000,0.000000,0.000000,-14.515016,137.600000,80.000000,0.500000,-0.500000,0.500000,0.500000,0.000
377,12.441665,-14.255016,137.600000,0.783950,1.000000,0.000000,0.000000,0.000000,-14.255016,137.600000,80.000000,0.500000,-0.500000,0.500000,0.500000,4.167
378,12.474998,-13.995016,137.600000,0.783950,1.000000,0.000000,0.000000,0.000000,-13.995016,137.600000,80.000000,0.500000,-0.500000,0.500000,0.500000,4.167
379,12.508331,-13.735016,137.600000,0.783950,1.000000,0.000000,0.000000,0.000000,-13.735016,137.600000,80.000000,0.500000,-0.500000,0.500000,0.500000,0.000
380,12.541665,-13.475016,137.600000,0.783950,1.000000,0.000000,0.000000,0.000000,-13.475016,137.600000,80.000000,0.500000,-0.500000,0.500000,0.500000,4.167
381,12.574998,-13.215016,137.600000,0.783950,1.000000,0.000000,0.000000,0.000000,-13.215016,137.600000,80.000000,0.500000,-0.500000,0.500000,0.500000,4.167
382,12.608331,-12.955016,137.600000,0.783950,1.000000,0.000000,0.000000,0.000000,-12.955016,137.600000,80.000000,0.500000,-0.500000,0.500000,0.500000,0.000
383,12.641665,-12.695016,137.600000,0.783950,1.000000,0.000000,0.000000,0.000000,-12.695016,137.600000,80.000000,0.500000,-0.500000,0.500000,0.500000,4.167
384,12.670831,-12.467516,137.600000,0.783950,1.000000,0.000000,0.000000,0.000000,-12.467516,137.600000,80.000000,0.500000,-0.500000,0.500000,0.500000,0.000
385,12.704165,-12.207516,137.600000,0.783950,1.000000,0.000000,0.000000,0.000000,-12.207516,137.600000,80.000000,0.500000,-0.500000,0.500000,0.500000,4.167
386,12.737498,-11.947516,137.600000,0.783950,1.000000,0.000000,0.000000,0.000000,-11.947516,137.600000,80.000000,0.500000,-0.500000,0.500000,0.500000,4.167
387,12.770831,-11.687516,137.600000,0.783950,1.000000,0.000000,0.000000,0.000000,-11.687516,137.600000,80.000000,0.500000,-0.500000,0.500000,0.500000,0.000
388,12.804165,-11.427516,137.600000,0.783950,1.000000,0.000000,0.000000,0.000000,-11.427516,137.600000,80.000000,0.500000,-0.500000,0.500000,0.500000,4.167
389,12.837498,-11.167516,137.600000,0.783950,1.000000,0.000000,0.000000,0.000000,-11.167516,137.600000,80.000000,0.500000,-0.500000,0.500000,0.500000,4.167
390,12.870831,-10.907516,137.600000,0.783950,1.000000,0.000000,0.000000,0.000000,-10.907516,137.600000,80.000000,0.500000,-0.500000,0.500000,0.500000,0.000
391,12.904165,-10.647516,137.600000,0.783950,1.000000,0.000000,0.000000,0.000000,-10.647516,137.600000,80.000000,0.500000,-0.500000,0.500000,0.500000,4.167
392,12.937498,-10.387516,137.600000,0.783950,1.000000,0.000000,0.000000,0.000000,-10.387516,137.600000,80.000000,0.500000,-0.500000,0.500000,0.500000,4.167
393,12.970831,-10.127516,137.600000,0.783950,1.000000,0.000000,0.000000,0.000000,-10.127516,137.600000,80.000000,0.500000,-0.500000,0.500000,0.500000,0.000
394,13.004165,-9.867516,137.600000,0.783950,1.000000,0.000000,0.000000,0.000000,-9.867516,137.600000,80.000000,0.500000,-0.500000,0.500000,0.500000,4.167
395,13.037498,-9.607516,137.600000,0.783950,1.000000,0.000000,0.000000,0.000000,-9.607516,137.600000,80.000000,0.500000,-0.500000,0.500000,0.500000,4.167
396,13.070831,-9.347517,137.600000,0.783950,1.000000,0.000000,0.000000,0.000000,-9.347517,137.600000,80.000000,0.500000,-0.500000,0.500000,0.500000,0.000
397,13.099998,-9.120017,137.600000,0.783950,1.000000,0.000000,0.000000,0.000000,-9.120017,137.600000,80.000000,0.500000,-0.500000,0.500000,0.500000,4.167
398,13.133331,-8.860017,137.600000,0.783950,1.000000,0.000000,0.000000,0.000000,-8.860017,137.600000,80.000000,0.500000,-0.500000,0.500000,0.500000,0.000
399,13.166665,-8.600017,137.600000,0.783950,1.000000,0.000000,0.000000,0.000000,-8.600017,137.600000,80.000000,0.500000,-0.500000,0.500000,0.500000,4.167
400,13.199998,-8.340017,137.600000,0.783950,1.000000,0.000000,0.000000,0.000000,-8.340017,137.600000,80.000000,0.500000,-0.500000,0.500000,0.500000,4.167
401,13.233331,-8.080017,137.600000,0.783950,1.000000,0.000000,0.000000,0.000000,-8.080017,137.600000,80.000000,0.500000,-0.500000,0.500000,0.500000,0.000
402,13.266665,-7.820017,137.600000,0.783950,1.000000,0.000000,0.000000,0.000000,-7.820017,137.600000,80.000000,0.500000,-0.500000,0.500000,0.500000,4.167
403,13.299998,-7.560017,137.600000,0.783950,1.000000,0.000000,0.000000,0.000000,-7.560017,137.600000,80.000000,0.500000,-0.500000,0.500000,0.500000,4.167
404,13.333331,-7.300017,137.600000,0.783950,1.000000,0.000000,0.000000,0.000000,-7.300017,137.600000,80.000000,0.500000,-0.500000,0.500000,0.500000,0.000
405,13.366665,-7.040017,137.600000,0.783950,1.000000,0.000000,0.000000,0.000000,-7.040017,137.600000,80.000000,0.500000,-0.500000,0.500000,0.500000,4.167
406,13.399998,-6.780017,137.600000,0.783950,1.000000,0.000000,0.000000,0.000000,-6.780017,137.600000,80.000000,0.500000,-0.500000,0.500000,0.500000,4.167
407,13.433331,-6.520017,137.600000,0.783950,1.000000,0.000000,0.000000,0.000000,-6.520017,137.600000,80.000000,0.500000,-0.500000,0.500000,0.500000,0.000
408,13.466665,-6.260017,137.600000,0.783950,1.000000,0.000000,0.000000,0.000000,-6.260017,137.600000,80.000000,0.500000,-0.500000,0.500000,0.500000,4.167
409,13.495831,-6.032517,137.600000,0.783950,1.000000,0.000000,0.000000,0.000000,-6.032517,137.600000,80.000000,0.500000,-0.500000,0.500000,0.500000,0.000
410,13.529165,-5.772517,137.600000,0.783950,1.000000,0.000000,0.000000,0.000000,-5.772517,137.600000,80.000000,0.500000,-0.500000,0.500000,0.500000,4.167
411,13.562498,-5.512517,137.600000,0.783950,1.000000,0.000000,0.000000,0.000000,-5.512517,137.600000,80.000000,0.500000,-0.500000,0.500000,0.500000,4.167
412,13.595831,-5.252517,137.600000,0.783950,1.000000,0.000000,0.000000,0.000000,-5.252517,137.600000,80.000000,0.500000,-0.500000,0.500000,0.500000,0.000
413,13.629164,-4.992517,137.600000,0.783950,1.000000,0.000000,0.000000,0.000000,-4.992517,137.600000,80.000000,0.500000,-0.500000,0.500000,0.500000,4.167
414,13.662498,-4.732517,137.600000,0.783950,1.000000,0.000000,0.000000,0.000000,-4.732517,137.600000,80.000000,0.500000,-0.500000,0.500000,0.500000,4.167
415,13.695831,-4.472517,137.600000,0.783950,1.000000,0.000000,0.000000,0.000000,-4.472517,137.600000,80.000000,0.500000,-0.500000,0.500000,0.500000,0.000
416,13.729164,-4.212517,137.600000,0.783950,1.000000,0.000000,0.000000,0.000000,-4.212517,137.600000,80.000000,0.500000,-0.500000,0.500000,0.500000,4.167
417,13.762498,-3.952517,137.600000,0.783950,1.000000,0.000000,0.000000,0.000000,-3.952517,137.600000,80.000000,0.500000,-0.500000,0.500000,0.500000,4.167
418,13.795831,-3.692517,137.600000,0.783950,1.000000,0.000000,0.000000,0.000000,-3.692517,137.600000,80.000000,0.500000,-0.500000,0.500000,0.500000,0.000
419,13.829164,-3.432517,137.600000,0.783950,1.000000,0.000000,0.000000,0.000000,-3.432517,137.600000,80.000000,0.500000,-0.500000,0.500000,0.500000,4.167
420,13.862498,-3.172518,137.600000,0.783950,1.000000,0.000000,0.000000,0.000000,-3.172518,137.600000,80.000000,0.500000,-0.500000,0.500000,0.500000,4.167
421,13.895831,-2.912518,137.600000,0.783950,1.000000,0.000000,0.000000,0.000000,-2.912518,137.600000,80.000000,0.500000,-0.500000,0.500000,0.500000,0.000
422,13.924998,-2.685018,137.600000,0.783950,1.000000,0.000000,0.000000,0.000000,-2.685018,137.600000,80.000000,0.500000,-0.500000,0.500000,0.500000,4.167
423,13.958331,-2.425018,137.600000,0.783950,1.000000,0.000000,0.000000,0.000000,-2.425018,137.600000,80.000000,0.500000,-0.500000,0.500000,0.500000,0.000
424,13.991664,-2.165018,137.600000,0.783950,1.000000,0.000000,0.000000,0.000000,-2.165018,137.600000,80.000000,0.500000,-0.500000,0.500000,0.500000,4.167
425,14.024998,-1.905018,137.600000,0.783950,1.000000,0.000000,0.000000,0.000000,-1.905018,137.600000,80.000000,0.500000,-0.500000,0.500000,0.500000,4.167
426,14.058331,-1.645018,137.600000,0.783950,1.000000,0.000000,0.000000,0.000000,-1.645018,137.600000,80.000000,0.500000,-0.500000,0.500000,0.500000,0.000
427,14.091664,-1.385018,137.600000,0.783950,1.000000,0.000000,0.000000,0.000000,-1.385018,137.600000,80.000000,0.500000,-0.500000,0.500000,0.500000,4.167
428,14.124998,-1.125018,137.600000,0.783950,1.000000,0.000000,0.000000,0.000000,-1.125018,137.600000,80.000000,0.500000,-0.500000,0.500000,0.500000,4.167
429,14.158331,-0.865018,137.600000,0.783950,1.000000,0.000000,0.000000,0.000000,-0.865018,137.600000,80.000000,0.500000,-0.500000,0.500000,0.500000,0.000
430,14.191664,-0.605018,137.600000,0.783950,1.000000,0.000000,0.000000,0.000000,-0.605018,137.600000,80.000000,0.500000,-0.500000,0.500000,0.500000,4.167
431,14.224998,-0.345018,137.600000,0.783950,1.000000,0.000000,0.000000,0.000000,-0.345018,137.600000,80.000000,0.500000,-0.500000,0.500000,0.500000,4.167
432,14.258331,-0.085018,137.600000,0.783950,1.000000,0.000000,0.000000,0.000000,-0.085018,137.600000,80.000000,0.500000,-0.500000,0.500000,0.500000,0.000
433,14.291664,0.174982,137.600000,0.783950,1.000000,0.000000,0.000000,0.000000,0.174982,137.600000,80.000000,0.500000,-0.500000,0.500000,0.500000,4.167
434,14.320831,0.402482,137.600000,0.783950,1.000000,0.000000,0.000000,0.000000,0.402482,137.600000,80.000000,0.500000,-0.500000,0.500000,0.500000,0.000
435,14.354164,0.662482,137.600000,0.783950,1.000000,0.000000,0.000000,0.000000,0.662482,137.600000,80.000000,0.500000,-0.500000,0.500000,0.500000,4.167
436,14.387498,0.922482,137.600000,0.783950,1.000000,0.000000,0.000000,0.000000,0.922482,137.600000,80.000000,0.500000,-0.500000,0.500000,0.500000,4.167
437,14.420831,1.182482,137.600000,0.783950,1.000000,0.000000,0.000000,0.000000,1.182482,137.600000,80.000000,0.500000,-0.500000,0.500000,0.500000,0.000
438,14.454164,1.442482,137.600000,0.783950,1.000000,0.000000,0.000000,0.000000,1.442482,137.600000,80.000000,0.500000,-0.500000,0.500000,0.500000,4.167
439,14.487498,1.702482,137.600000,0.783950,1.000000,0.000000,0.000000,0.000000,1.702482,137.600000,80.000000,0.500000,-0.500000,0.500000,0.500000,4.167
440,14.520831,1.962482,137.600000,0.783950,1.000000,0.000000,0.000000,0.000000,1.962482,137.600000,80.000000,0.500000,-0.500000,0.500000,0.500000,0.000
441,14.554164,2.222482,137.600000,0.783950,1.000000,0.000000,0.000000,0.000000,2.222482,137.600000,80.000000,0.500000,-0.500000,0.500000,0.500000,4.167
442,14.587498,2.482482,137.600000,0.783950,1.000000,0.000000,0.000000,0.000000,2.482482,137.600000,80.000000,0.500000,-0.500000,0.500000,0.500000,4.167
443,14.620831,2.742482,137.600000,0.783950,1.000000,0.000000,0.000000,0.000000,2.742482,137.600000,80.000000,0.500000,-0.500000,0.500000,0.500000,0.000
444,14.654164,3.002482,137.600000,0.783950,1.000000,0.000000,0.000000,0.000000,3.002482,137.600000,80.000000,0.500000,-0.500000,0.500000,0.500000,4.167
445,14.687498,3.262481,137.600000,0.783950,1.000000,0.000000,0.000000,0.000000,3.262481,137.600000,80.000000,0.500000,-0.500000,0.500000,0.500000,4.167
446,14.720831,3.522481,137.600000,0.783950,1.000000,0.000000,0.000000,0.000000,3.522481,137.600000,80.000000,0.500000,-0.500000,0.500000,0.500000,0.000
447,14.749998,3.749981,137.600000,0.783950,1.000000,0.000000,0.000000,0.000000,3.749981,137.600000,80.000000,0.500000,-0.500000,0.500000,0.500000,4.167
448,14.783331,4.009981,137.600000,0.783950,1.000000,0.000000,0.000000,0.000000,4.009981,137.600000,80.000000,0.500000,-0.500000,0.500000,0.500000,0.000
449,14.816664,4.269981,137.600000,0.783950,1.000000,0.000000,0.000000,0.000000,4.269981,137.600000,80.000000,0.500000,-0.500000,0.500000,0.500000,4.167
450,14.849998,4.529981,137.600000,0.783950,1.000000,0.000000,0.000000,0.000000,4.529981,137.600000,80.000000,0.500000,-0.500000,0.500000,0.500000,4.167
451,14.883331,4.789981,137.600000,0.783950,1.000000,0.000000,0.000000,0.000000,4.789981,137.600000,80.000000,0.500000,-0.500000,0.500000,0.500000,0.000
452,14.916664,5.049981,137.600000,0.783950,1.000000,0.000000,0.000000,0.000000,5.049981,137.600000,80.000000,0.500000,-0.500000,0.500000,0.500000,4.167
453,14.949998,5.309981,137.600000,0.783950,1.000000,0.000000,0.000000,0.000000,5.309981,137.600000,80.000000,0.500000,-0.500000,0.500000,0.500000,4.167
454,14.983331,5.569981,137.600000,0.783950,1.000000,0.000000,0.000000,0.000000,5.569981,137.600000,80.000000,0.500000,-0.500000,0.500000,0.500000,0.000
455,15.016664,5.829981,137.600000,0.783950,1.000000,0.000000,0.000000,0.000000,5.829981,137.600000,80.000000,0.500000,-0.500000,0.500000,0.500000,4.167
456,15.049998,6.089981,137.600000,0.783950,1.000000,0.000000,0.000000,0.000000,6.089981,137.600000,80.000000,0.500000,-0.500000,0.500000,0.500000,4.167
457,15.083331,6.349981,137.600000,0.783950,1.000000,0.000000,0.000000,0.000000,6.349981,137.600000,80.000000,0.500000,-0.500000,0.500000,0.500000,0.000
458,15.116664,6.609981,137.600000,0.783950,1.000000,0.000000,0.000000,0.000000,6.609981,137.600000,80.000000,0.500000,-0.500000,0.500000,0.500000,4.167
459,15.145831,6.837481,137.600000,0.783950,1.000000,0.000000,0.000000,0.000000,6.837481,137.600000,80.000000,0.500000,-0.500000,0.500000,0.500000,0.000
460,15.179164,7.097481,137.600000,0.783950,1.000000,0.000000,0.000000,0.000000,7.097481,137.600000,80.000000,0.500000,-0.500000,0.500000,0.500000,4.167
461,15.212498,7.357481,137.600000,0.783950,1.000000,0.000000,0.000000,0.000000,7.357481,137.600000,80.000000,0.500000,-0.500000,0.500000,0.500000,4.167
462,15.245831,7.617481,137.600000,0.783950,1.000000,0.000000,0.000000,0.000000,7.617481,137.600000,80.000000,0.500000,-0.500000,0.500000,0.500000,0.000
463,15.279164,7.877481,137.600000,0.783950,1.000000,0.000000,0.000000,0.000000,7.877481,137.600000,80.000000,0.500000,-0.500000,0.500000,0.500000,4.167
464,15.312498,8.137481,137.600000,0.783950,1.000000,0.000000,0.000000,0.000000,8.137481,137.600000,80.000000,0.500000,-0.500000,0.500000,0.500000,4.167
465,15.345831,8.397481,137.600000,0.783950,1.000000,0.000000,0.000000,0.000000,8.397481,137.600000,80.000000,0.500000,-0.500000,0.500000,0.500000,0.000
466,15.379164,8.657481,137.600000,0.783950,1.000000,0.000000,0.000000,0.000000,8.657481,137.600000,80.000000,0.500000,-0.500000,0.500000,0.500000,4.167
467,15.412498,8.917481,137.600000,0.783950,1.000000,0.000000,0.000000,0.000000,8.917481,137.600000,80.000000,0.500000,-0.500000,0.500000,0.500000,4.167
468,15.445831,9.177481,137.600000,0.783950,1.000000,0.000000,0.000000,0.000000,9.177481,137.600000,80.000000,0.500000,-0.500000,0.500000,0.500000,0.000
469,15.479164,9.437480,137.600000,0.783950,1.000000,0.000000,0.000000,0.000000,9.437480,137.600000,80.000000,0.500000,-0.500000,0.500000,0.500000,4.167
470,15.512498,9.697480,137.600000,0.783950,1.000000,0.000000,0.000000,0.000000,9.697480,137.600000,80.000000,0.500000,-0.500000,0.500000,0.500000,4.167
471,15.545831,9.957480,137.600000,0.783950,1.000000,0.000000,0.000000,0.000000,9.957480,137.600000,80.000000,0.500000,-0.500000,0.500000,0.500000,0.000
472,15.574998,10.184980,137.600000,0.783950,1.000000,0.000000,0.000000,0.000000,10.184980,137.600000,80.000000,0.500000,-0.500000,0.500000,0.500000,4.167
473,15.608331,10.444980,137.600000,0.783950,1.000000,0.000000,0.000000,0.000000,10.444980,137.600000,80.000000,0.500000,-0.500000,0.500000,0.500000,0.000
474,15.641664,10.704980,137.600000,0.783950,1.000000,0.000000,0.000000,0.000000,10.704980,137.600000,80.000000,0.500000,-0.500000,0.500000,0.500000,4.167
475,15.674997,10.964980,137.600000,0.783950,1.000000,0.000000,0.000000,0.000000,10.964980,137.600000,80.000000,0.500000,-0.500000,0.500000,0.500000,4.167
476,15.708331,11.224980,137.600000,0.783950,1.000000,0.000000,0.000000,0.000000,11.224980,137.600000,80.000000,0.500000,-0.500000,0.500000,0.500000,0.000
477,15.741664,11.484980,137.600000,0.783950,1.000000,0.000000,0.000000,0.000000,11.484980,137.600000,80.000000,0.500000,-0.500000,0.500000,0.500000,4.167
478,15.774997,11.744980,137.600000,0.783950,1.000000,0.000000,0.000000,0.000000,11.744980,137.600000,80.000000,0.500000,-0.500000,0.500000,0.500000,4.167
479,15.808331,12.004980,137.600000,0.783950,1.000000,0.000000,0.000000,0.000000,12.004980,137.600000,80.000000,0.500000,-0.500000,0.500000,0.500000,0.000
480,15.841664,12.264980,137.600000,0.783950,1.000000,0.000000,0.000000,0.000000,12.264980,137.600000,80.000000,0.500000,-0.500000,0.500000,0.500000,4.167
481,15.874997,12.524980,137.600000,0.783950,1.000000,0.000000,0.000000,0.000000,12.524980,137.600000,80.000000,0.500000,-0.500000,0.500000,0.500000,4.167
482,15.908331,12.784980,137.600000,0.783950,1.000000,0.000000,0.000000,0.000000,12.784980,137.600000,80.000000,0.500000,-0.500000,0.500000,0.500000,0.000
483,15.941664,13.044980,137.600000,0.783950,1.000000,0.000000,0.000000,0.000000,13.044980,137.600000,80.000000,0.500000,-0.500000,0.500000,0.500000,4.167
484,15.970831,13.272480,137.600000,0.783950,1.000000,0.000000,0.000000,0.000000,13.272480,137.600000,80.000000,0.500000,-0.500000,0.500000,0.500000,0.000
485,16.004164,13.532480,137.600000,0.783950,1.000000,0.000000,0.000000,0.000000,13.532480,137.600000,80.000000,0.500000,-0.500000,0.500000,0.500000,4.167
486,16.037497,13.792480,137.600000,0.783950,1.000000,0.000000,0.000000,0.000000,13.792480,137.600000,80.000000,0.500000,-0.500000,0.500000,0.500000,4.167
487,16.070831,14.052480,137.600000,0.783950,1.000000,0.000000,0.000000,0.000000,14.052480,137.600000,80.000000,0.500000,-0.500000,0.500000,0.500000,0.000
488,16.104164,14.312480,137.600000,0.783950,1.000000,0.000000,0.000000,0.000000,14.312480,137.600000,80.000000,0.500000,-0.500000,0.500000,0.500000,4.167
489,16.137497,14.572480,137.600000,0.783950,1.000000,0.000000,0.000000,0.000000,14.572480,137.600000,80.000000,0.500000,-0.500000,0.500000,0.500000,4.167
490,16.170831,14.832480,137.600000,0.783950,1.000000,0.000000,0.000000,0.000000,14.832480,137.600000,80.000000,0.500000,-0.500000,0.500000,0.500000,0.000
491,16.204164,15.092480,137.600000,0.783950,1.000000,0.000000,0.000000,0.000000,15.092480,137.600000,80.000000,0.500000,-0.500000,0.500000,0.500000,4.167
492,16.237497,15.352480,137.600000,0.783950,1.000000,0.000000,0.000000,0.000000,15.352480,137.600000,80.000000,0.500000,-0.500000,0.500000,0.500000,4.167
493,16.270831,15.612479,137.600000,0.783950,1.000000,0.000000,0.000000,0.000000,15.612479,137.600000,80.000000,0.500000,-0.500000,0.500000,0.500000,0.000
494,16.304164,15.872479,137.600000,0.783950,1.000000,0.000000,0.000000,0.000000,15.872479,137.600000,80.000000,0.500000,-0.500000,0.500000,0.500000,4.167
495,16.337497,16.132479,137.600000,0.783950,1.000000,0.000000,0.000000,0.000000,16.132479,137.600000,80.000000,0.500000,-0.500000,0.500000,0.500000,4.167
496,16.370831,16.392479,137.600000,0.783950,1.000000,0.000000,0.000000,0.000000,16.392479,137.600000,80.000000,0.500000,-0.500000,0.500000,0.500000,0.000
497,16.399997,16.619979,137.600000,0.783950,1.000000,0.000000,0.000000,0.000000,16.619979,137.600000,80.000000,0.500000,-0.500000,0.500000,0.500000,4.167
498,16.433331,16.879979,137.600000,0.783950,1.000000,0.000000,0.000000,0.000000,16.879979,137.600000,80.000000,0.500000,-0.500000,0.500000,0.500000,0.000
499,16.466664,17.139979,137.600000,0.783950,1.000000,0.000000,0.000000,0.000000,17.139979,137.600000,80.000000,0.500000,-0.500000,0.500000,0.500000,4.167
500,16.499997,17.399979,137.600000,0.783950,1.000000,0.000000,0.000000,0.000000,17.399979,137.600000,80.000000,0.500000,-0.500000,0.500000,0.500000,4.167
501,16.533331,17.659979,137.600000,0.783950,1.000000,0.000000,0.000000,0.000000,17.659979,137.600000,80.000000,0.500000,-0.500000,0.500000,0.500000,0.000
502,16.566664,17.919979,137.600000,0.783950,1.000000,0.000000,0.000000,0.000000,17.919979,137.600000,80.000000,0.500000,-0.500000,0.500000,0.500000,4.167
503,16.599997,18.179979,137.600000,0.783950,1.000000,0.000000,0.000000,0.000000,18.179979,137.600000,80.000000,0.500000,-0.500000,0.500000,0.500000,4.167
504,16.633331,18.439979,137.600000,0.783950,1.000000,0.000000,0.000000,0.000000,18.439979,137.600000,80.000000,0.500000,-0.500000,0.500000,0.500000,0.000
505,16.666664,18.699979,137.600000,0.783950,1.000000,0.000000,0.000000,0.000000,18.699979,137.600000,80.000000,0.500000,-0.500000,0.500000,0.500000,4.167
506,16.699997,18.959979,137.600000,0.783950,1.000000,0.000000,0.000000,0.000000,18.959979,137.600000,80.000000,0.500000,-0.500000,0.500000,0.500000,4.167
507,16.733331,19.219979,137.600000,0.783950,1.000000,0.000000,0.000000,0.000000,19.219979,137.600000,80.000000,0.500000,-0.500000,0.500000,0.500000,0.000
508,16.766664,19.479979,137.600000,0.783950,1.000000,0.000000,0.000000,0.000000,19.479979,137.600000,80.000000,0.500000,-0.500000,0.500000,0.500000,4.167
509,16.795831,19.707479,137.600000,0.783950,1.000000,0.000000,0.000000,0.000000,19.707479,137.600000,80.000000,0.500000,-0.500000,0.500000,0.500000,0.000
510,16.829164,19.967479,137.600000,0.783950,1.000000,0.000000,0.000000,0.000000,19.967479,137.600000,80.000000,0.500000,-0.500000,0.500000,0.500000,4.167
511,16.862497,20.227479,137.600000,0.783950,1.000000,0.000000,0.000000,0.000000,20.227479,137.600000,80.000000,0.500000,-0.500000,0.500000,0.500000,4.167
512,16.895831,20.487479,137.600000,0.783950,1.000000,0.000000,0.000000,0.000000,20.487479,137.600000,80.000000,0.500000,-0.500000,0.500000,0.500000,0.000
513,16.929164,20.747479,137.600000,0.783950,1.000000,0.000000,0.000000,0.000000,20.747479,137.600000,80.000000,0.500000,-0.500000,0.500000,0.500000,4.167
514,16.962497,21.007479,137.600000,0.783950,1.000000,0.000000,0.000000,0.000000,21.007479,137.600000,80.000000,0.500000,-0.500000,0.500000,0.500000,4.167
515,16.995831,21.267479,137.600000,0.783950,1.000000,0.000000,0.000000,0.000000,21.267479,137.600000,80.000000,0.500000,-0.500000,0.500000,0.500000,0.000
516,17.029164,21.527479,137.600000,0.783950,1.000000,0.000000,0.000000,0.000000,21.527479,137.600000,80.000000,0.500000,-0.500000,0.500000,0.500000,4.167
517,17.062497,21.787478,137.600000,0.783950,1.000000,0.000000,0.000000,0.000000,21.787478,137.600000,80.000000,0.500000,-0.500000,0.500000,0.500000,4.167
518,17.095831,22.047478,137.600000,0.783950,1.000000,0.000000,0.000000,0.000000,22.047478,137.600000,80.000000,0.500000,-0.500000,0.500000,0.500000,0.000
519,17.129164,22.307478,137.600000,0.783950,1.000000,0.000000,0.000000,0.000000,22.307478,137.600000,80.000000,0.500000,-0.500000,0.500000,0.500000,4.167
520,17.162497,22.567478,137.600000,0.783950,1.000000,0.000000,0.000000,0.000000,22.567478,137.600000,80.000000,0.500000,-0.500000,0.500000,0.500000,4.167
521,17.195831,22.827478,137.600000,0.783950,1.000000,0.000000,0.000000,0.000000,22.827478,137.600000,80.000000,0.500000,-0.500000,0.500000,0.500000,0.000
522,17.224997,23.054978,137.600000,0.783950,1.000000,0.000000,0.000000,0.000000,23.054978,137.600000,80.000000,0.500000,-0.500000,0.500000,0.500000,4.167
523,17.258331,23.314978,137.600000,0.783950,1.000000,0.000000,0.000000,0.000000,23.314978,137.600000,80.000000,0.500000,-0.500000,0.500000,0.500000,0.000
524,17.291664,23.574978,137.600000,0.783950,1.000000,0.000000,0.000000,0.000000,23.574978,137.600000,80.000000,0.500000,-0.500000,0.500000,0.500000,4.167
525,17.324997,23.834978,137.600000,0.783950,1.000000,0.000000,0.000000,0.000000,23.834978,137.600000,80.000000,0.500000,-0.500000,0.500000,0.500000,4.167
526,17.358331,24.094978,137.600000,0.783950,1.000000,0.000000,0.000000,0.000000,24.094978,137.600000,80.000000,0.500000,-0.500000,0.500000,0.500000,0.000
527,17.391664,24.354978,137.600000,0.783950,1.000000,0.000000,0.000000,0.000000,24.354978,137.600000,80.000000,0.500000,-0.500000,0.500000,0.500000,4.167
528,17.424997,24.614978,137.600000,0.783950,1.000000,0.000000,0.000000,0.000000,24.614978,137.600000,80.000000,0.500000,-0.500000,0.500000,0.500000,4.167
529,17.458331,24.874978,137.600000,0.783950,1.000000,0.000000,0.000000,0.000000,24.874978,137.600000,80.000000,0.500000,-0.500000,0.500000,0.500000,0.000
530,17.491664,25.134978,137.600000,0.783950,1.000000,0.000000,0.000000,0.000000,25.134978,137.600000,80.000000,0.500000,-0.500000,0.500000,0.500000,4.167
531,17.524997,25.394978,137.600000,0.783950,1.000000,0.000000,0.000000,0.000000,25.394978,137.600000,80.000000,0.500000,-0.500000,0.500000,0.500000,4.167
532,17.558331,25.654978,137.600000,0.783950,1.000000,0.000000,0.000000,0.000000,25.654978,137.600000,80.000000,0.500000,-0.500000,0.500000,0.500000,0.000
533,17.591664,25.914978,137.600000,0.783950,1.000000,0.000000,0.000000,0.000000,25.914978,137.600000,80.000000,0.500000,-0.500000,0.500000,0.500000,4.167
534,17.620831,26.142478,137.600000,0.783950,1.000000,0.000000,0.000000,0.000000,26.142478,137.600000,80.000000,0.500000,-0.500000,0.500000,0.500000,0.000
535,17.654164,26.402478,137.600000,0.783950,1.000000,0.000000,0.000000,0.000000,26.402478,137.600000,80.000000,0.500000,-0.500000,0.500000,0.500000,4.167
536,17.687497,26.662478,137.600000,0.783950,1.000000,0.000000,0.000000,0.000000,26.662478,137.600000,80.000000,0.500000,-0.500000,0.500000,0.500000,4.167
537,17.720830,26.922478,137.600000,0.783950,1.000000,0.000000,0.000000,0.000000,26.922478,137.600000,80.000000,0.500000,-0.500000,0.500000,0.500000,0.000
538,17.754164,27.182478,137.600000,0.783950,1.000000,0.000000,0.000000,0.000000,27.182478,137.600000,80.000000,0.500000,-0.500000,0.500000,0.500000,4.167
539,17.787497,27.442478,137.600000,0.783950,1.000000,0.000000,0.000000,0.000000,27.442478,137.600000,80.000000,0.500000,-0.500000,0.500000,0.500000,4.167
540,17.820830,27.702478,137.600000,0.783950,1.000000,0.000000,0.000000,0.000000,27.702478,137.600000,80.000000,0.500000,-0.500000,0.500000,0.500000,0.000
541,17.854164,27.962478,137.600000,0.783950,1.000000,0.000000,0.000000,0.000000,27.962478,137.600000,80.000000,0.500000,-0.500000,0.500000,0.500000,4.167
542,17.887497,28.222477,137.600000,0.783950,1.000000,0.000000,0.000000,0.000000,28.222477,137.600000,80.000000,0.500000,-0.500000,0.500000,0.500000,4.167
543,17.920830,28.482477,137.600000,0.783950,1.000000,0.000000,0.000000,0.000000,28.482477,137.600000,80.000000,0.500000,-0.500000,0.500000,0.500000,0.000
544,17.954164,28.742477,137.600000,0.783950,1.000000,0.000000,0.000000,0.000000,28.742477,137.600000,80.000000,0.500000,-0.500000,0.500000,0.500000,4.167
545,17.987497,29.002477,137.600000,0.783950,1.000000,0.000000,0.000000,0.000000,29.002477,137.600000,80.000000,0.500000,-0.500000,0.500000,0.500000,4.167
546,18.020830,29.262477,137.600000,0.783950,1.000000,0.000000,0.000000,0.000000,29.262477,137.600000,80.000000,0.500000,-0.500000,0.500000,0.500000,0.000
547,18.049997,29.489977,137.600000,0.783950,1.000000,0.000000,0.000000,0.000000,29.489977,137.600000,80.000000,0.500000,-0.500000,0.500000,0.500000,4.167
548,18.083330,29.749977,137.600000,0.783950,1.000000,0.000000,0.000000,0.000000,29.749977,137.600000,80.000000,0.500000,-0.500000,0.500000,0.500000,0.000
549,18.116664,30.009977,137.600000,0.783950,1.000000,0.000000,0.000000,0.000000,30.009977,137.600000,80.000000,0.500000,-0.500000,0.500000,0.500000,4.167
550,18.149997,30.269977,137.600000,0.783950,1.000000,0.000000,0.000000,0.000000,30.269977,137.600000,80.000000,0.500000,-0.500000,0.500000,0.500000,4.167
551,18.183330,30.529977,137.600000,0.783950,1.000000,0.000000,0.000000,0.000000,30.529977,137.600000,80.000000,0.500000,-0.500000,0.500000,0.500000,0.000
552,18.216664,30.789977,137.600000,0.783950,1.000000,0.000000,0.000000,0.000000,30.789977,137.600000,80.000000,0.500000,-0.500000,0.500000,0.500000,4.167
553,18.249997,31.049977,137.600000,0.783950,1.000000,0.000000,0.000000,0.000000,31.049977,137.600000,80.000000,0.500000,-0.500000,0.500000,0.500000,4.167
554,18.283330,31.309977,137.600000,0.783950,1.000000,0.000000,0.000000,0.000000,31.309977,137.600000,80.000000,0.500000,-0.500000,0.500000,0.500000,0.000
555,18.316664,31.569977,137.600000,0.783950,1.000000,0.000000,0.000000,0.000000,31.569977,137.600000,80.000000,0.500000,-0.500000,0.500000,0.500000,4.167
556,18.349997,31.829977,137.600000,0.783950,1.000000,0.000000,0.000000,0.000000,31.829977,137.600000,80.000000,0.500000,-0.500000,0.500000,0.500000,4.167
557,18.383330,32.089977,137.600000,0.783950,1.000000,0.000000,0.000000,0.000000,32.089977,137.600000,80.000000,0.500000,-0.500000,0.500000,0.500000,0.000
558,18.416664,32.349977,137.600000,0.783950,1.000000,0.000000,0.000000,0.000000,32.349977,137.600000,80.000000,0.500000,-0.500000,0.500000,0.500000,4.167
559,18.445830,32.577477,137.600000,0.783950,1.000000,0.000000,0.000000,0.000000,32.577477,137.600000,80.000000,0.500000,-0.500000,0.500000,0.500000,0.000
560,18.479164,32.837477,137.600000,0.783950,1.000000,0.000000,0.000000,0.000000,32.837477,137.600000,80.000000,0.500000,-0.500000,0.500000,0.500000,4.167
561,18.512497,33.097477,137.600000,0.783950,1.000000,0.000000,0.000000,0.000000,33.097477,137.600000,80.000000,0.500000,-0.500000,0.500000,0.500000,4.167
562,18.545830,33.357477,137.600000,0.783950,1.000000,0.000000,0.000000,0.000000,33.357477,137.600000,80.000000,0.500000,-0.500000,0.500000,0.500000,0.000
563,18.579164,33.617477,137.600000,0.783950,1.000000,0.000000,0.000000,0.000000,33.617477,137.600000,80.000000,0.500000,-0.500000,0.500000,0.500000,4.167
564,18.612497,33.877477,137.600000,0.783950,1.000000,0.000000,0.000000,0.000000,33.877477,137.600000,80.000000,0.500000,-0.500000,0.500000,0.500000,4.167
565,18.645830,34.137477,137.600000,0.783950,1.000000,0.000000,0.000000,0.000000,34.137477,137.600000,80.000000,0.500000,-0.500000,0.500000,0.500000,0.000
566,18.679164,34.397476,137.600000,0.783950,1.000000,0.000000,0.000000,0.000000,34.397476,137.600000,80.000000,0.500000,-0.500000,0.500000,0.500000,4.167
567,18.712497,34.657476,137.600000,0.783950,1.000000,0.000000,0.000000,0.000000,34.657476,137.600000,80.000000,0.500000,-0.500000,0.500000,0.500000,4.167
568,18.745830,34.917476,137.600000,0.783950,1.000000,0.000000,0.000000,0.000000,34.917476,137.600000,80.000000,0.500000,-0.500000,0.500000,0.500000,0.000
569,18.779164,35.177476,137.600000,0.783950,1.000000,0.000000,0.000000,0.000000,35.177476,137.600000,80.000000,0.500000,-0.500000,0.500000,0.500000,4.167
570,18.812497,35.437476,137.600000,0.783950,1.000000,0.000000,0.000000,0.000000,35.437476,137.600000,80.000000,0.500000,-0.500000,0.500000,0.500000,4.167
571,18.845830,35.697476,137.600000,0.783950,1.000000,0.000000,0.000000,0.000000,35.697476,137.600000,80.000000,0.500000,-0.500000,0.500000,0.500000,0.000
572,18.874997,35.924976,137.600000,0.783950,1.000000,0.000000,0.000000,0.000000,35.924976,137.600000,80.000000,0.500000,-0.500000,0.500000,0.500000,4.167
573,18.908330,36.184976,137.600000,0.783950,1.000000,0.000000,0.000000,0.000000,36.184976,137.600000,80.000000,0.500000,-0.500000,0.500000,0.500000,0.000
574,18.941664,36.444976,137.600000,0.783950,1.000000,0.000000,0.000000,0.000000,36.444976,137.600000,80.000000,0.500000,-0.500000,0.500000,0.500000,4.167
575,18.974997,36.704976,137.600000,0.783950,1.000000,0.000000,0.000000,0.000000,36.704976,137.600000,80.000000,0.500000,-0.500000,0.500000,0.500000,4.167
576,19.008330,36.964976,137.600000,0.783950,1.000000,0.000000,0.000000,0.000000,36.964976,137.600000,80.000000,0.500000,-0.500000,0.500000,0.500000,0.000
577,19.041664,37.224976,137.600000,0.783950,1.000000,0.000000,0.000000,0.000000,37.224976,137.600000,80.000000,0.500000,-0.500000,0.500000,0.500000,4.167
578,19.074997,37.484976,137.600000,0.783950,1.000000,0.000000,0.000000,0.000000,37.484976,137.600000,80.000000,0.500000,-0.500000,0.500000,0.500000,4.167
579,19.108330,37.744976,137.600000,0.783950,1.000000,0.000000,0.000000,0.000000,37.744976,137.600000,80.000000,0.500000,-0.500000,0.500000,0.500000,0.000
580,19.141664,38.004976,137.600000,0.783950,1.000000,0.000000,0.000000,0.000000,38.004976,137.600000,80.000000,0.500000,-0.500000,0.500000,0.500000,4.167
581,19.174997,38.264976,137.600000,0.783950,1.000000,0.000000,0.000000,0.000000,38.264976,137.600000,80.000000,0.500000,-0.500000,0.500000,0.500000,4.167
582,19.208330,38.524976,137.600000,0.783950,1.000000,0.000000,0.000000,0.000000,38.524976,137.600000,80.000000,0.500000,-0.500000,0.500000,0.500000,0.000
583,19.241664,38.784976,137.600000,0.783950,1.000000,0.000000,0.000000,0.000000,38.784976,137.600000,80.000000,0.500000,-0.500000,0.500000,0.500000,4.167
584,19.270830,39.012476,137.600000,0.783950,1.000000,0.000000,0.000000,0.000000,39.012476,137.600000,80.000000,0.500000,-0.500000,0.500000,0.500000,0.000
585,19.304164,39.272476,137.600000,0.783950,1.000000,0.000000,0.000000,0.000000,39.272476,137.600000,80.000000,0.500000,-0.500000,0.500000,0.500000,4.167
586,19.337497,39.532476,137.600000,0.783950,1.000000,0.000000,0.000000,0.000000,39.532476,137.600000,80.000000,0.500000,-0.500000,0.500000,0.500000,4.167
587,19.370830,39.792476,137.600000,0.783950,1.000000,0.000000,0.000000,0.000000,39.792476,137.600000,80.000000,0.500000,-0.500000,0.500000,0.500000,0.000
588,19.404164,40.052476,137.600000,0.783950,1.000000,0.000000,0.000000,0.000000,40.052476,137.600000,80.000000,0.500000,-0.500000,0.500000,0.500000,4.167
589,19.437497,40.312476,137.600000,0.783950,1.000000,0.000000,0.000000,0.000000,40.312476,137.600000,80.000000,0.500000,-0.500000,0.500000,0.500000,4.167
590,19.470830,40.572475,137.600000,0.783950,1.000000,0.000000,0.000000,0.000000,40.572475,137.600000,80.000000,0.500000,-0.500000,0.500000,0.500000,0.000
591,19.504164,40.832475,137.600000,0.783950,1.000000,0.000000,0.000000,0.000000,40.832475,137.600000,80.000000,0.500000,-0.500000,0.500000,0.500000,4.167
592,19.537497,41.092475,137.600000,0.783950,1.000000,0.000000,0.000000,0.000000,41.092475,137.600000,80.000000,0.500000,-0.500000,0.500000,0.500000,4.167
593,19.570830,41.352475,137.600000,0.783950,1.000000,0.000000,0.000000,0.000000,41.352475,137.600000,80.000000,0.500000,-0.500000,0.500000,0.500000,0.000
594,19.604164,41.612475,137.600000,0.783950,1.000000,0.000000,0.000000,0.000000,41.612475,137.600000,80.000000,0.500000,-0.500000,0.500000,0.500000,4.167
595,19.637497,41.872475,137.600000,0.783950,1.000000,0.000000,0.000000,0.000000,41.872475,137.600000,80.000000,0.500000,-0.500000,0.500000,0.500000,4.167
596,19.670830,42.132475,137.600000,0.783950,1.000000,0.000000,0.000000,0.000000,42.132475,137.600000,80.000000,0.500000,-0.500000,0.500000,0.500000,0.000
597,19.699997,42.359975,137.600000,0.783950,1.000000,0.000000,0.000000,0.000000,42.359975,137.600000,80.000000,0.500000,-0.500000,0.500000,0.500000,4.167
598,19.733330,42.619975,137.600000,0.783950,1.000000,0.000000,0.000000,0.000000,42.619975,137.600000,80.000000,0.500000,-0.500000,0.500000,0.500000,0.000
599,19.766664,42.879975,137.600000,0.783950,1.000000,0.000000,0.000000,0.000000,42.879975,137.600000,80.000000,0.500000,-0.500000,0.500000,0.500000,4.167
600,19.799997,43.139975,137.600000,0.783950,1.000000,0.000000,0.000000,0.000000,43.139975,137.600000,80.000000,0.500000,-0.500000,0.500000,0.500000,4.167
601,19.833330,43.399975,137.600000,0.783950,1.000000,0.000000,0.000000,0.000000,43.399975,137.600000,80.000000,0.500000,-0.500000,0.500000,0.500000,0.000
602,19.866663,43.659975,137.600000,0.783950,1.000000,0.000000,0.000000,0.000000,43.659975,137.600000,80.000000,0.500000,-0.500000,0.500000,0.500000,4.167
603,19.899997,43.919975,137.600000,0.783950,1.000000,0.000000,0.000000,0.000000,43.919975,137.600000,80.000000,0.500000,-0.500000,0.500000,0.500000,4.167
604,19.933330,44.179975,137.600000,0.783950,1.000000,0.000000,0.000000,0.000000,44.179975,137.600000,80.000000,0.500000,-0.500000,0.500000,0.500000,0.000
605,19.966663,44.439975,137.600000,0.783950,1.000000,0.000000,0.000000,0.000000,44.439975,137.600000,80.000000,0.500000,-0.500000,0.500000,0.500000,4.167
606,19.999997,44.699975,137.600000,0.783950,1.000000,0.000000,0.000000,0.000000,44.699975,137.600000,80.000000,0.500000,-0.500000,0.500000,0.500000,4.167
607,20.033330,44.959975,137.600000,0.783950,1.000000,0.000000,0.000000,0.000000,44.959975,137.600000,80.000000,0.500000,-0.500000,0.500000,0.500000,0.000
608,20.066663,45.219975,137.600000,0.783950,1.000000,0.000000,0.000000,0.000000,45.219975,137.600000,80.000000,0.500000,-0.500000,0.500000,0.500000,4.167
609,20.095830,45.447475,137.600000,0.783950,1.000000,0.000000,0.000000,0.000000,45.447475,137.600000,80.000000,0.500000,-0.500000,0.500000,0.500000,0.000
610,20.129163,45.707475,137.600000,0.783950,1.000000,0.000000,0.000000,0.000000,45.707475,137.600000,80.000000,0.500000,-0.500000,0.500000,0.500000,4.167
611,20.162497,45.967475,137.600000,0.783950,1.000000,0.000000,0.000000,0.000000,45.967475,137.600000,80.000000,0.500000,-0.500000,0.500000,0.500000,4.167
612,20.195830,46.227475,137.600000,0.783950,1.000000,0.000000,0.000000,0.000000,46.227475,137.600000,80.000000,0.500000,-0.500000,0.500000,0.500000,0.000
613,20.229163,46.487475,137.600000,0.783950,1.000000,0.000000,0.000000,0.000000,46.487475,137.600000,80.000000,0.500000,-0.500000,0.500000,0.500000,4.167
614,20.262497,46.747475,137.600000,0.783950,1.000000,0.000000,0.000000,0.000000,46.747475,137.600000,80.000000,0.500000,-0.500000,0.500000,0.500000,4.167
615,20.295830,47.007474,137.600000,0.783950,1.000000,0.000000,0.000000,0.000000,47.007474,137.600000,80.000000,0.500000,-0.500000,0.500000,0.500000,0.000
616,20.329163,47.267474,137.600000,0.783950,1.000000,0.000000,0.000000,0.000000,47.267474,137.600000,80.000000,0.500000,-0.500000,0.500000,0.500000,4.167
617,20.362497,47.527474,137.600000,0.783950,1.000000,0.000000,0.000000,0.000000,47.527474,137.600000,80.000000,0.500000,-0.500000,0.500000,0.500000,4.167
618,20.395830,47.787474,137.600000,0.783950,1.000000,0.000000,0.000000,0.000000,47.787474,137.600000,80.000000,0.500000,-0.500000,0.500000,0.500000,0.000
619,20.429163,48.047474,137.600000,0.783950,1.000000,0.000000,0.000000,0.000000,48.047474,137.600000,80.000000,0.500000,-0.500000,0.500000,0.500000,4.167
620,20.462497,48.307474,137.600000,0.783950,1.000000,0.000000,0.000000,0.000000,48.307474,137.600000,80.000000,0.500000,-0.500000,0.500000,0.500000,4.167
621,20.495830,48.567474,137.600000,0.783950,1.000000,0.000000,0.000000,0.000000,48.567474,137.600000,80.000000,0.500000,-0.500000,0.500000,0.500000,0.000
622,20.524997,48.794974,137.600000,0.783950,1.000000,0.000000,0.000000,0.000000,48.794974,137.600000,80.000000,0.500000,-0.500000,0.500000,0.500000,4.167
623,20.558330,49.054974,137.600000,0.783950,1.000000,0.000000,0.000000,0.000000,49.054974,137.600000,80.000000,0.500000,-0.500000,0.500000,0.500000,0.000
624,20.591663,49.314974,137.600000,0.783950,1.000000,0.000000,0.000000,0.000000,49.314974,137.600000,80.000000,0.500000,-0.500000,0.500000,0.500000,4.167
625,20.624997,49.574974,137.600000,0.783950,1.000000,0.000000,0.000000,0.000000,49.574974,137.600000,80.000000,0.500000,-0.500000,0.500000,0.500000,4.167
626,20.658330,49.834974,137.600000,0.783950,1.000000,0.000000,0.000000,0.000000,49.834974,137.600000,80.000000,0.500000,-0.500000,0.500000,0.500000,0.000
627,20.691663,50.094974,137.600000,0.783950,1.000000,0.000000,0.000000,0.000000,50.094974,137.600000,80.000000,0.500000,-0.500000,0.500000,0.500000,4.167
628,20.724997,50.354974,137.600000,0.783950,1.000000,0.000000,0.000000,0.000000,50.354974,137.600000,80.000000,0.500000,-0.500000,0.500000,0.500000,4.167
629,20.758330,50.614974,137.600000,0.783950,1.000000,0.000000,0.000000,0.000000,50.614974,137.600000,80.000000,0.500000,-0.500000,0.500000,0.500000,0.000
630,20.791663,50.874974,137.600000,0.783950,1.000000,0.000000,0.000000,0.000000,50.874974,137.600000,80.000000,0.500000,-0.500000,0.500000,0.500000,4.167
631,20.824997,51.134974,137.600000,0.783950,1.000000,0.000000,0.000000,0.000000,51.134974,137.600000,80.000000,0.500000,-0.500000,0.500000,0.500000,4.167
632,20.858330,51.394974,137.600000,0.783950,1.000000,0.000000,0.000000,0.000000,51.394974,137.600000,80.000000,0.500000,-0.500000,0.500000,0.500000,0.000
633,20.891663,51.654974,137.600000,0.783950,1.000000,0.000000,0.000000,0.000000,51.654974,137.600000,80.000000,0.500000,-0.500000,0.500000,0.500000,4.167
634,20.920830,51.882474,137.600000,0.783950,1.000000,0.000000,0.000000,0.000000,51.882474,137.600000,80.000000,0.500000,-0.500000,0.500000,0.500000,0.000
635,20.954163,52.142474,137.600000,0.783950,1.000000,0.000000,0.000000,0.000000,52.142474,137.600000,80.000000,0.500000,-0.500000,0.500000,0.500000,4.167
636,20.987497,52.402474,137.600000,0.783950,1.000000,0.000000,0.000000,0.000000,52.402474,137.600000,80.000000,0.500000,-0.500000,0.500000,0.500000,4.167
637,21.020830,52.662474,137.600000,0.783950,1.000000,0.000000,0.000000,0.000000,52.662474,137.600000,80.000000,0.500000,-0.500000,0.500000,0.500000,0.000
638,21.054163,52.922474,137.600000,0.783950,1.000000,0.000000,0.000000,0.000000,52.922474,137.600000,80.000000,0.500000,-0.500000,0.500000,0.500000,4.167
639,21.087497,53.182473,137.600000,0.783950,1.000000,0.000000,0.000000,0.000000,53.182473,137.600000,80.000000,0.500000,-0.500000,0.500000,0.500000,4.167
640,21.120830,53.442473,137.600000,0.783950,1.000000,0.000000,0.000000,0.000000,53.442473,137.600000,80.000000,0.500000,-0.500000,0.500000,0.500000,0.000
641,21.154163,53.702473,137.600000,0.783950,1.000000,0.000000,0.000000,0.000000,53.702473,137.600000,80.000000,0.500000,-0.500000,0.500000,0.500000,4.167
642,21.187497,53.962473,137.600000,0.783950,1.000000,0.000000,0.000000,0.000000,53.962473,137.600000,80.000000,0.500000,-0.500000,0.500000,0.500000,4.167
643,21.220830,54.222473,137.600000,0.783950,1.000000,0.000000,0.000000,0.000000,54.222473,137.600000,80.000000,0.500000,-0.500000,0.500000,0.500000,0.000
644,21.254163,54.482473,137.600000,0.783950,1.000000,0.000000,0.000000,0.000000,54.482473,137.600000,80.000000,0.500000,-0.500000,0.500000,0.500000,4.167
645,21.287497,54.742473,137.600000,0.783950,1.000000,0.000000,0.000000,0.000000,54.742473,137.600000,80.000000,0.500000,-0.500000,0.500000,0.500000,4.167
646,21.320830,55.002473,137.600000,0.783950,1.000000,0.000000,0.000000,0.000000,55.002473,137.600000,80.000000,0.500000,-0.500000,0.500000,0.500000,0.000
647,21.349997,55.229973,137.600000,0.783950,1.000000,0.000000,0.000000,0.000000,55.229973,137.600000,80.000000,0.500000,-0.500000,0.500000,0.500000,4.167
648,21.383330,55.489973,137.600000,0.783950,1.000000,0.000000,0.000000,0.000000,55.489973,137.600000,80.000000,0.500000,-0.500000,0.500000,0.500000,0.000
649,21.416663,55.749973,137.600000,0.783950,1.000000,0.000000,0.000000,0.000000,55.749973,137.600000,80.000000,0.500000,-0.500000,0.500000,0.500000,4.167
650,21.449997,56.009973,137.600000,0.783950,1.000000,0.000000,0.000000,0.000000,56.009973,137.600000,80.000000,0.500000,-0.500000,0.500000,0.500000,4.167
651,21.483330,56.269973,137.600000,0.783950,1.000000,0.000000,0.000000,0.000000,56.269973,137.600000,80.000000,0.500000,-0.500000,0.500000,0.500000,0.000
652,21.516663,56.529973,137.600000,0.783950,1.000000,0.000000,0.000000,0.000000,56.529973,137.600000,80.000000,0.500000,-0.500000,0.500000,0.500000,4.167
653,21.549997,56.789973,137.600000,0.783950,1.000000,0.000000,0.000000,0.000000,56.789973,137.600000,80.000000,0.500000,-0.500000,0.500000,0.500000,4.167
654,21.583330,57.049973,137.600000,0.783950,1.000000,0.000000,0.000000,0.000000,57.049973,137.600000,80.000000,0.500000,-0.500000,0.500000,0.500000,0.000
655,21.616663,57.309973,137.600000,0.783950,1.000000,0.000000,0.000000,0.000000,57.309973,137.600000,80.000000,0.500000,-0.500000,0.500000,0.500000,4.167
656,21.649997,57.569973,137.600000,0.783950,1.000000,0.000000,0.000000,0.000000,57.569973,137.600000,80.000000,0.500000,-0.500000,0.500000,0.500000,4.167
657,21.683330,57.829973,137.600000,0.783950,1.000000,0.000000,0.000000,0.000000,57.829973,137.600000,80.000000,0.500000,-0.500000,0.500000,0.500000,0.000
658,21.716663,58.089973,137.600000,0.783950,1.000000,0.000000,0.000000,0.000000,58.089973,137.600000,80.000000,0.500000,-0.500000,0.500000,0.500000,4.167
659,21.745830,58.317473,137.600000,0.783950,1.000000,0.000000,0.000000,0.000000,58.317473,137.600000,80.000000,0.500000,-0.500000,0.500000,0.500000,0.000
660,21.779163,58.577473,137.600000,0.783950,1.000000,0.000000,0.000000,0.000000,58.577473,137.600000,80.000000,0.500000,-0.500000,0.500000,0.500000,4.167
661,21.812497,58.837473,137.600000,0.783950,1.000000,0.000000,0.000000,0.000000,58.837473,137.600000,80.000000,0.500000,-0.500000,0.500000,0.500000,4.167
662,21.845830,59.097473,137.600000,0.783950,1.000000,0.000000,0.000000,0.000000,59.097473,137.600000,80.000000,0.500000,-0.500000,0.500000,0.500000,0.000
663,21.879163,59.357472,137.600000,0.783950,1.000000,0.000000,0.000000,0.000000,59.357472,137.600000,80.000000,0.500000,-0.500000,0.500000,0.500000,4.167
664,21.912496,59.617472,137.600000,0.783950,1.000000,0.000000,0.000000,0.000000,59.617472,137.600000,80.000000,0.500000,-0.500000,0.500000,0.500000,4.167
665,21.945830,59.877472,137.600000,0.783950,1.000000,0.000000,0.000000,0.000000,59.877472,137.600000,80.000000,0.500000,-0.500000,0.500000,0.500000,0.000
666,21.979163,60.137472,137.600000,0.783950,1.000000,0.000000,0.000000,0.000000,60.137472,137.600000,80.000000,0.500000,-0.500000,0.500000,0.500000,4.167
667,22.012496,60.397472,137.600000,0.783950,1.000000,0.000000,0.000000,0.000000,60.397472,137.600000,80.000000,0.500000,-0.500000,0.500000,0.500000,4.167
668,22.045830,60.657472,137.600000,0.783950,1.000000,0.000000,0.000000,0.000000,60.657472,137.600000,80.000000,0.500000,-0.500000,0.500000,0.500000,0.000
669,22.079163,60.917472,137.600000,0.783950,1.000000,0.000000,0.000000,0.000000,60.917472,137.600000,80.000000,0.500000,-0.500000,0.500000,0.500000,4.167
670,22.112496,61.177472,137.600000,0.783950,1.000000,0.000000,0.000000,0.000000,61.177472,137.600000,80.000000,0.500000,-0.500000,0.500000,0.500000,4.167
671,22.145830,61.437472,137.600000,0.783950,1.000000,0.000000,0.000000,0.000000,61.437472,137.600000,80.000000,0.500000,-0.500000,0.500000,0.500000,0.000
672,22.174996,61.664972,137.600000,0.783950,1.000000,0.000000,0.000000,0.000000,61.664972,137.600000,80.000000,0.500000,-0.500000,0.500000,0.500000,4.167
673,22.208330,61.924972,137.600000,0.783950,1.000000,0.000000,0.000000,0.000000,61.924972,137.600000,80.000000,0.500000,-0.500000,0.500000,0.500000,0.000
674,22.241663,62.184972,137.600000,0.783950,1.000000,0.000000,0.000000,0.000000,62.184972,137.600000,80.000000,0.500000,-0.500000,0.500000,0.500000,4.167
675,22.274996,62.444972,137.600000,0.783950,1.000000,0.000000,0.000000,0.000000,62.444972,137.600000,80.000000,0.500000,-0.500000,0.500000,0.500000,4.167
676,22.308330,62.704972,137.600000,0.783950,1.000000,0.000000,0.000000,0.000000,62.704972,137.600000,80.000000,0.500000,-0.500000,0.500000,0.500000,0.000
677,22.341663,62.964972,137.600000,0.783950,1.000000,0.000000,0.000000,0.000000,62.964972,137.600000,80.000000,0.500000,-0.500000,0.500000,0.500000,4.167
678,22.374996,63.224972,137.600000,0.783950,1.000000,0.000000,0.000000,0.000000,63.224972,137.600000,80.000000,0.500000,-0.500000,0.500000,0.500000,4.167
679,22.408330,63.484972,137.600000,0.783950,1.000000,0.000000,0.000000,0.000000,63.484972,137.600000,80.000000,0.500000,-0.500000,0.500000,0.500000,0.000
680,22.441663,63.744972,137.600000,0.783950,1.000000,0.000000,0.000000,0.000000,63.744972,137.600000,80.000000,0.500000,-0.500000,0.500000,0.500000,4.167
681,22.474996,64.004972,137.600000,0.783950,1.000000,0.000000,0.000000,0.000000,64.004972,137.600000,80.000000,0.500000,-0.500000,0.500000,0.500000,4.167
682,22.508330,64.264972,137.600000,0.783950,1.000000,0.000000,0.000000,0.000000,64.264972,137.600000,80.000000,0.500000,-0.500000,0.500000,0.500000,0.000
683,22.541663,64.524972,137.600000,0.783950,1.000000,0.000000,0.000000,0.000000,64.524972,137.600000,80.000000,0.500000,-0.500000,0.500000,0.500000,4.167
684,22.570830,64.752472,137.600000,0.783950,1.000000,0.000000,0.000000,0.000000,64.752472,137.600000,80.000000,0.500000,-0.500000,0.500000,0.500000,0.000
685,22.604163,65.012472,137.600000,0.783950,1.000000,0.000000,0.000000,0.000000,65.012472,137.600000,80.000000,0.500000,-0.500000,0.500000,0.500000,4.167
686,22.637496,65.272472,137.600000,0.783950,1.000000,0.000000,0.000000,0.000000,65.272472,137.600000,80.000000,0.500000,-0.500000,0.500000,0.500000,4.167
687,22.670830,65.532471,137.600000,0.783950,1.000000,0.000000,0.000000,0.000000,65.532471,137.600000,80.000000,0.500000,-0.500000,0.500000,0.500000,0.000
688,22.704163,65.792471,137.600000,0.783950,1.000000,0.000000,0.000000,0.000000,65.792471,137.600000,80.000000,0.500000,-0.500000,0.500000,0.500000,4.167
689,22.737496,66.052471,137.600000,0.783950,1.000000,0.000000,0.000000,0.000000,66.052471,137.600000,80.000000,0.500000,-0.500000,0.500000,0.500000,4.167
690,22.770830,66.312471,137.600000,0.783950,1.000000,0.000000,0.000000,0.000000,66.312471,137.600000,80.000000,0.500000,-0.500000,0.500000,0.500000,0.000
691,22.804163,66.572471,137.600000,0.783950,1.000000,0.000000,0.000000,0.000000,66.572471,137.600000,80.000000,0.500000,-0.500000,0.500000,0.500000,4.167
692,22.837496,66.832471,137.600000,0.783950,1.000000,0.000000,0.000000,0.000000,66.832471,137.600000,80.000000,0.500000,-0.500000,0.500000,0.500000,4.167
693,22.870830,67.092471,137.600000,0.783950,1.000000,0.000000,0.000000,0.000000,67.092471,137.600000,80.000000,0.500000,-0.500000,0.500000,0.500000,0.000
694,22.904163,67.352471,137.600000,0.783950,1.000000,0.000000,0.000000,0.000000,67.352471,137.600000,80.000000,0.500000,-0.500000,0.500000,0.500000,4.167
695,22.937496,67.612471,137.600000,0.783950,1.000000,0.000000,0.000000,0.000000,67.612471,137.600000,80.000000,0.500000,-0.500000,0.500000,0.500000,4.167
696,22.970830,67.872471,137.600000,0.783950,1.000000,0.000000,0.000000,0.000000,67.872471,137.600000,80.000000,0.500000,-0.500000,0.500000,0.500000,0.000
697,22.999996,68.099971,137.600000,0.783950,1.000000,0.000000,0.000000,0.000000,68.099971,137.600000,80.000000,0.500000,-0.500000,0.500000,0.500000,4.167
698,23.033330,68.359971,137.600000,0.783950,1.000000,0.000000,0.000000,0.000000,68.359971,137.600000,80.000000,0.500000,-0.500000,0.500000,0.500000,0.000
699,23.066663,68.619971,137.600000,0.783950,1.000000,0.000000,0.000000,0.000000,68.619971,137.600000,80.000000,0.500000,-0.500000,0.500000,0.500000,4.167
700,23.099996,68.879971,137.600000,0.783950,1.000000,0.000000,0.000000,0.000000,68.879971,137.600000,80.000000,0.500000,-0.500000,0.500000,0.500000,4.167
701,23.133330,69.139971,137.600000,0.783950,1.000000,0.000000,0.000000,0.000000,69.139971,137.600000,80.000000,0.500000,-0.500000,0.500000,0.500000,0.000
702,23.166663,69.399971,137.600000,0.783950,1.000000,0.000000,0.000000,0.000000,69.399971,137.600000,80.000000,0.500000,-0.500000,0.500000,0.500000,4.167
703,23.199996,69.659971,137.600000,0.783950,1.000000,0.000000,0.000000,0.000000,69.659971,137.600000,80.000000,0.500000,-0.500000,0.500000,0.500000,4.167
704,23.233330,69.919971,137.600000,0.783950,1.000000,0.000000,0.000000,0.000000,69.919971,137.600000,80.000000,0.500000,-0.500000,0.500000,0.500000,0.000
705,23.266663,70.179971,137.600000,0.783950,1.000000,0.000000,0.000000,0.000000,70.179971,137.600000,80.000000,0.500000,-0.500000,0.500000,0.500000,4.167
706,23.299996,70.439971,137.600000,0.783950,1.000000,0.000000,0.000000,0.000000,70.439971,137.600000,80.000000,0.500000,-0.500000,0.500000,0.500000,4.167
707,23.333330,70.699971,137.600000,0.783950,1.000000,0.000000,0.000000,0.000000,70.699971,137.600000,80.000000,0.500000,-0.500000,0.500000,0.500000,0.000
708,23.366663,70.959971,137.600000,0.783950,1.000000,0.000000,0.000000,0.000000,70.959971,137.600000,80.000000,0.500000,-0.500000,0.500000,0.500000,4.167
709,23.395830,71.187471,137.600000,0.783950,1.000000,0.000000,0.000000,0.000000,71.187471,137.600000,80.000000,0.500000,-0.500000,0.500000,0.500000,0.000
710,23.429163,71.447471,137.600000,0.783950,1.000000,0.000000,0.000000,0.000000,71.447471,137.600000,80.000000,0.500000,-0.500000,0.500000,0.500000,4.167
711,23.462496,71.707471,137.600000,0.783950,1.000000,0.000000,0.000000,0.000000,71.707471,137.600000,80.000000,0.500000,-0.500000,0.500000,0.500000,4.167
712,23.495830,71.967470,137.600000,0.783950,1.000000,0.000000,0.000000,0.000000,71.967470,137.600000,80.000000,0.500000,-0.500000,0.500000,0.500000,0.000
713,23.529163,72.227470,137.600000,0.783950,1.000000,0.000000,0.000000,0.000000,72.227470,137.600000,80.000000,0.500000,-0.500000,0.500000,0.500000,4.167
714,23.562496,72.487470,137.600000,0.783950,1.000000,0.000000,0.000000,0.000000,72.487470,137.600000,80.000000,0.500000,-0.500000,0.500000,0.500000,4.167
715,23.595830,72.747470,137.600000,0.783950,1.000000,0.000000,0.000000,0.000000,72.747470,137.600000,80.000000,0.500000,-0.500000,0.500000,0.500000,0.000
716,23.629163,73.007470,137.600000,0.783950,1.000000,0.000000,0.000000,0.000000,73.007470,137.600000,80.000000,0.500000,-0.500000,0.500000,0.500000,4.167
717,23.662496,73.267470,137.600000,0.783950,1.000000,0.000000,0.000000,0.000000,73.267470,137.600000,80.000000,0.500000,-0.500000,0.500000,0.500000,4.167
718,23.695830,73.527470,137.600000,0.783950,1.000000,0.000000,0.000000,0.000000,73.527470,137.600000,80.000000,0.500000,-0.500000,0.500000,0.500000,0.000
719,23.729163,73.787470,137.600000,0.783950,1.000000,0.000000,0.000000,0.000000,73.787470,137.600000,80.000000,0.500000,-0.500000,0.500000,0.500000,4.167
720,23.762496,74.047470,137.600000,0.783950,1.000000,0.000000,0.000000,0.000000,74.047470,137.600000,80.000000,0.500000,-0.500000,0.500000,0.500000,4.167
721,23.795830,74.307470,137.600000,0.783950,1.000000,0.000000,0.000000,0.000000,74.307470,137.600000,80.000000,0.500000,-0.500000,0.500000,0.500000,0.000
722,23.824996,74.534970,137.600000,0.783950,1.000000,0.000000,0.000000,0.000000,74.534970,137.600000,80.000000,0.500000,-0.500000,0.500000,0.500000,4.167
723,23.858330,74.794970,137.600000,0.783950,1.000000,0.000000,0.000000,0.000000,74.794970,137.600000,80.000000,0.500000,-0.500000,0.500000,0.500000,0.000
724,23.891663,75.054970,137.600000,0.783950,1.000000,0.000000,0.000000,0.000000,75.054970,137.600000,80.000000,0.500000,-0.500000,0.500000,0.500000,4.167
725,23.924996,75.314970,137.600000,0.783950,1.000000,0.000000,0.000000,0.000000,75.314970,137.600000,80.000000,0.500000,-0.500000,0.500000,0.500000,4.167
726,23.958330,75.574970,137.600000,0.783950,1.000000,0.000000,0.000000,0.000000,75.574970,137.600000,80.000000,0.500000,-0.500000,0.500000,0.500000,0.000
727,23.991663,75.834970,137.600000,0.783950,1.000000,0.000000,0.000000,0.000000,75.834970,137.600000,80.000000,0.500000,-0.500000,0.500000,0.500000,4.167
728,24.024996,76.094970,137.600000,0.783950,1.000000,0.000000,0.000000,0.000000,76.094970,137.600000,80.000000,0.500000,-0.500000,0.500000,0.500000,4.167
729,24.058329,76.354970,137.600000,0.783950,1.000000,0.000000,0.000000,0.000000,76.354970,137.600000,80.000000,0.500000,-0.500000,0.500000,0.500000,0.000
730,24.091663,76.614970,137.600000,0.783950,1.000000,0.000000,0.000000,0.000000,76.614970,137.600000,80.000000,0.500000,-0.500000,0.500000,0.500000,4.167
731,24.124996,76.874970,137.600000,0.783950,1.000000,0.000000,0.000000,0.000000,76.874970,137.600000,80.000000,0.500000,-0.500000,0.500000,0.500000,4.167
732,24.158329,77.134970,137.600000,0.783950,1.000000,0.000000,0.000000,0.000000,77.134970,137.600000,80.000000,0.500000,-0.500000,0.500000,0.500000,0.000
733,24.191663,77.394970,137.600000,0.783950,1.000000,0.000000,0.000000,0.000000,77.394970,137.600000,80.000000,0.500000,-0.500000,0.500000,0.500000,4.167
734,24.220829,77.622470,137.600000,0.783950,1.000000,0.000000,0.000000,0.000000,77.622470,137.600000,80.000000,0.500000,-0.500000,0.500000,0.500000,0.000
735,24.254163,77.882470,137.600000,0.783950,1.000000,0.000000,0.000000,0.000000,77.882470,137.600000,80.000000,0.500000,-0.500000,0.500000,0.500000,4.167
736,24.287496,78.142469,137.600000,0.783950,1.000000,0.000000,0.000000,0.000000,78.142469,137.600000,80.000000,0.500000,-0.500000,0.500000,0.500000,4.167
737,24.320829,78.402469,137.600000,0.783950,1.000000,0.000000,0.000000,0.000000,78.402469,137.600000,80.000000,0.500000,-0.500000,0.500000,0.500000,0.000
738,24.354163,78.662469,137.600000,0.783950,1.000000,0.000000,0.000000,0.000000,78.662469,137.600000,80.000000,0.500000,-0.500000,0.500000,0.500000,4.167
739,24.387496,78.922469,137.600000,0.783950,1.000000,0.000000,0.000000,0.000000,78.922469,137.600000,80.000000,0.500000,-0.500000,0.500000,0.500000,4.167
740,24.420829,79.182469,137.600000,0.783950,1.000000,0.000000,0.000000,0.000000,79.182469,137.600000,80.000000,0.500000,-0.500000,0.500000,0.500000,0.000
741,24.454163,79.442469,137.600000,0.783950,1.000000,0.000000,0.000000,0.000000,79.442469,137.600000,80.000000,0.500000,-0.500000,0.500000,0.500000,4.167
742,24.487496,79.702469,137.600000,0.783950,1.000000,0.000000,0.000000,0.000000,79.702469,137.600000,80.000000,0.500000,-0.500000,0.500000,0.500000,4.167
743,24.520829,79.962469,137.600000,0.783950,1.000000,0.000000,0.000000,0.000000,79.962469,137.600000,80.000000,0.500000,-0.500000,0.500000,0.500000,0.000
744,24.554163,80.222469,137.600000,0.783950,1.000000,0.000000,0.000000,0.000000,80.222469,137.600000,80.000000,0.500000,-0.500000,0.500000,0.500000,4.167
745,24.587496,80.482469,137.600000,0.783950,1.000000,0.000000,0.000000,0.000000,80.482469,137.600000,80.000000,0.500000,-0.500000,0.500000,0.500000,4.167
746,24.620829,80.742469,137.600000,0.783950,1.000000,0.000000,0.000000,0.000000,80.742469,137.600000,80.000000,0.500000,-0.500000,0.500000,0.500000,0.000
747,24.649996,80.969969,137.600000,0.783950,1.000000,0.000000,0.000000,0.000000,80.969969,137.600000,80.000000,0.500000,-0.500000,0.500000,0.500000,4.167
748,24.683329,81.229969,137.600000,0.783950,1.000000,0.000000,0.000000,0.000000,81.229969,137.600000,80.000000,0.500000,-0.500000,0.500000,0.500000,0.000
749,24.716663,81.489969,137.600000,0.783950,1.000000,0.000000,0.000000,0.000000,81.489969,137.600000,80.000000,0.500000,-0.500000,0.500000,0.500000,4.167
750,24.749996,81.749969,137.600000,0.783950,1.000000,0.000000,0.000000,0.000000,81.749969,137.600000,80.000000,0.500000,-0.500000,0.500000,0.500000,4.167
751,24.783329,82.009969,137.600000,0.783950,1.000000,0.000000,0.000000,0.000000,82.009969,137.600000,80.000000,0.500000,-0.500000,0.500000,0.500000,0.000
752,24.816663,82.269969,137.600000,0.783950,1.000000,0.000000,0.000000,0.000000,82.269969,137.600000,80.000000,0.500000,-0.500000,0.500000,0.500000,4.167
753,24.849996,82.529969,137.600000,0.783950,1.000000,0.000000,0.000000,0.000000,82.529969,137.600000,80.000000,0.500000,-0.500000,0.500000,0.500000,4.167
754,24.883329,82.789969,137.600000,0.783950,1.000000,0.000000,0.000000,0.000000,82.789969,137.600000,80.000000,0.500000,-0.500000,0.500000,0.500000,0.000
755,24.916663,83.049969,137.600000,0.783950,1.000000,0.000000,0.000000,0.000000,83.049969,137.600000,80.000000,0.500000,-0.500000,0.500000,0.500000,4.167
756,24.949996,83.309969,137.600000,0.783950,1.000000,0.000000,0.000000,0.000000,83.309969,137.600000,80.000000,0.500000,-0.500000,0.500000,0.500000,4.167
757,24.983329,83.569969,137.600000,0.783950,1.000000,0.000000,0.000000,0.000000,83.569969,137.600000,80.000000,0.500000,-0.500000,0.500000,0.500000,0.000
758,25.016663,83.829969,137.600000,0.783950,1.000000,0.000000,0.000000,0.000000,83.829969,137.600000,80.000000,0.500000,-0.500000,0.500000,0.500000,4.167
759,25.045829,84.057469,137.600000,0.783950,1.000000,0.000000,0.000000,0.000000,84.057469,137.600000,80.000000,0.500000,-0.500000,0.500000,0.500000,0.000
760,25.079163,84.317468,137.600000,0.783950,1.000000,0.000000,0.000000,0.000000,84.317468,137.600000,80.000000,0.500000,-0.500000,0.500000,0.500000,4.167
761,25.112496,84.577468,137.600000,0.783950,1.000000,0.000000,0.000000,0.000000,84.577468,137.600000,80.000000,0.500000,-0.500000,0.500000,0.500000,4.167
762,25.145829,84.837468,137.600000,0.783950,1.000000,0.000000,0.000000,0.000000,84.837468,137.600000,80.000000,0.500000,-0.500000,0.500000,0.500000,0.000
763,25.179163,85.097468,137.600000,0.783950,1.000000,0.000000,0.000000,0.000000,85.097468,137.600000,80.000000,0.500000,-0.500000,0.500000,0.500000,4.167
764,25.212496,85.357468,137.600000,0.783950,1.000000,0.000000,0.000000,0.000000,85.357468,137.600000,80.000000,0.500000,-0.500000,0.500000,0.500000,4.167
765,25.245829,85.617468,137.600000,0.783950,1.000000,0.000000,0.000000,0.000000,85.617468,137.600000,80.000000,0.500000,-0.500000,0.500000,0.500000,0.000
766,25.279163,85.877468,137.600000,0.783950,1.000000,0.000000,0.000000,0.000000,85.877468,137.600000,80.000000,0.500000,-0.500000,0.500000,0.500000,4.167
767,25.312496,86.137468,137.600000,0.783950,1.000000,0.000000,0.000000,0.000000,86.137468,137.600000,80.000000,0.500000,-0.500000,0.500000,0.500000,4.167
768,25.345829,86.397468,137.600000,0.783950,1.000000,0.000000,0.000000,0.000000,86.397468,137.600000,80.000000,0.500000,-0.500000,0.500000,0.500000,0.000
769,25.379163,86.657468,137.600000,0.783950,1.000000,0.000000,0.000000,0.000000,86.657468,137.600000,80.000000,0.500000,-0.500000,0.500000,0.500000,4.167
770,25.412496,86.917468,137.600000,0.783950,1.000000,0.000000,0.000000,0.000000,86.917468,137.600000,80.000000,0.500000,-0.500000,0.500000,0.500000,4.167
771,25.445829,87.177468,137.600000,0.783950,1.000000,0.000000,0.000000,0.000000,87.177468,137.600000,80.000000,0.500000,-0.500000,0.500000,0.500000,0.000
772,25.474996,87.404968,137.600000,0.783950,1.000000,0.000000,0.000000,0.000000,87.404968,137.600000,80.000000,0.500000,-0.500000,0.500000,0.500000,4.167
773,25.508329,87.664968,137.600000,0.783950,1.000000,0.000000,0.000000,0.000000,87.664968,137.600000,80.000000,0.500000,-0.500000,0.500000,0.500000,0.000
774,25.541663,87.924968,137.600000,0.783950,1.000000,0.000000,0.000000,0.000000,87.924968,137.600000,80.000000,0.500000,-0.500000,0.500000,0.500000,4.167
775,25.574996,88.184968,137.600000,0.783950,1.000000,0.000000,0.000000,0.000000,88.184968,137.600000,80.000000,0.500000,-0.500000,0.500000,0.500000,4.167
776,25.608329,88.444968,137.600000,0.783950,1.000000,0.000000,0.000000,0.000000,88.444968,137.600000,80.000000,0.500000,-0.500000,0.500000,0.500000,0.000
777,25.641663,88.704968,137.600000,0.783950,1.000000,0.000000,0.000000,0.000000,88.704968,137.600000,80.000000,0.500000,-0.500000,0.500000,0.500000,4.167
778,25.674996,88.964968,137.600000,0.783950,1.000000,0.000000,0.000000,0.000000,88.964968,137.600000,80.000000,0.500000,-0.500000,0.500000,0.500000,4.167
779,25.708329,89.224968,137.600000,0.783950,1.000000,0.000000,0.000000,0.000000,89.224968,137.600000,80.000000,0.500000,-0.500000,0.500000,0.500000,0.000
780,25.741663,89.484968,137.600000,0.783950,1.000000,0.000000,0.000000,0.000000,89.484968,137.600000,80.000000,0.500000,-0.500000,0.500000,0.500000,4.167
781,25.774996,89.744968,137.600000,0.783950,1.000000,0.000000,0.000000,0.000000,89.744968,137.600000,80.000000,0.500000,-0.500000,0.500000,0.500000,4.167
782,25.808329,90.004968,137.600000,0.783950,1.000000,0.000000,0.000000,0.000000,90.004968,137.600000,80.000000,0.500000,-0.500000,0.500000,0.500000,0.000
783,25.841663,90.264968,137.600000,0.783950,1.000000,0.000000,0.000000,0.000000,90.264968,137.600000,80.000000,0.500000,-0.500000,0.500000,0.500000,4.167
784,25.870829,90.492468,137.600000,0.783950,1.000000,0.000000,0.000000,0.000000,90.492468,137.600000,80.000000,0.500000,-0.500000,0.500000,0.500000,0.000
785,25.904163,90.752467,137.600000,0.783950,1.000000,0.000000,0.000000,0.000000,90.752467,137.600000,80.000000,0.500000,-0.500000,0.500000,0.500000,4.167
786,25.937496,91.012467,137.600000,0.783950,1.000000,0.000000,0.000000,0.000000,91.012467,137.600000,80.000000,0.500000,-0.500000,0.500000,0.500000,4.167
787,25.970829,91.272467,137.600000,0.783950,1.000000,0.000000,0.000000,0.000000,91.272467,137.600000,80.000000,0.500000,-0.500000,0.500000,0.500000,0.000
788,26.004163,91.532467,137.600000,0.783950,1.000000,0.000000,0.000000,0.000000,91.532467,137.600000,80.000000,0.500000,-0.500000,0.500000,0.500000,4.167
789,26.037496,91.792467,137.600000,0.783950,1.000000,0.000000,0.000000,0.000000,91.792467,137.600000,80.000000,0.500000,-0.500000,0.500000,0.500000,4.167
790,26.070829,92.052467,137.600000,0.783950,1.000000,0.000000,0.000000,0.000000,92.052467,137.600000,80.000000,0.500000,-0.500000,0.500000,0.500000,0.000
791,26.104162,92.312467,137.600000,0.783950,1.000000,0.000000,0.000000,0.000000,92.312467,137.600000,80.000000,0.500000,-0.500000,0.500000,0.500000,4.167
792,26.137496,92.572467,137.600000,0.783950,1.000000,0.000000,0.000000,0.000000,92.572467,137.600000,80.000000,0.500000,-0.500000,0.500000,0.500000,4.167
793,26.170829,92.832467,137.600000,0.783950,1.000000,0.000000,0.000000,0.000000,92.832467,137.600000,80.000000,0.500000,-0.500000,0.500000,0.500000,0.000
794,26.204162,93.092467,137.600000,0.783950,1.000000,0.000000,0.000000,0.000000,93.092467,137.600000,80.000000,0.500000,-0.500000,0.500000,0.500000,4.167
795,26.237496,93.352467,137.600000,0.783950,1.000000,0.000000,0.000000,0.000000,93.352467,137.600000,80.000000,0.500000,-0.500000,0.500000,0.500000,4.167
796,26.270829,93.612467,137.600000,0.783950,1.000000,0.000000,0.000000,0.000000,93.612467,137.600000,80.000000,0.500000,-0.500000,0.500000,0.500000,0.000
797,26.299996,93.839967,137.600000,0.783950,1.000000,0.000000,0.000000,0.000000,93.839967,137.600000,80.000000,0.500000,-0.500000,0.500000,0.500000,4.167
798,26.333329,94.099967,137.600000,0.783950,1.000000,0.000000,0.000000,0.000000,94.099967,137.600000,80.000000,0.500000,-0.500000,0.500000,0.500000,0.000
799,26.366662,94.359967,137.600000,0.783950,1.000000,0.000000,0.000000,0.000000,94.359967,137.600000,80.000000,0.500000,-0.500000,0.500000,0.500000,4.167
800,26.399996,94.619967,137.600000,0.783950,1.000000,0.000000,0.000000,0.000000,94.619967,137.600000,80.000000,0.500000,-0.500000,0.500000,0.500000,4.167
801,26.433329,94.879967,137.600000,0.783950,1.000000,0.000000,0.000000,0.000000,94.879967,137.600000,80.000000,0.500000,-0.500000,0.500000,0.500000,0.000
802,26.466662,95.139967,137.600000,0.783950,1.000000,0.000000,0.000000,0.000000,95.139967,137.600000,80.000000,0.500000,-0.500000,0.500000,0.500000,4.167
803,26.499996,95.399967,137.600000,0.783950,1.000000,0.000000,0.000000,0.000000,95.399967,137.600000,80.000000,0.500000,-0.500000,0.500000,0.500000,4.167
804,26.533329,95.659967,137.600000,0.783950,1.000000,0.000000,0.000000,0.000000,95.659967,137.600000,80.000000,0.500000,-0.500000,0.500000,0.500000,0.000
805,26.566662,95.919967,137.600000,0.783950,1.000000,0.000000,0.000000,0.000000,95.919967,137.600000,80.000000,0.500000,-0.500000,0.500000,0.500000,4.167
806,26.599996,96.179967,137.600000,0.783950,1.000000,0.000000,0.000000,0.000000,96.179967,137.600000,80.000000,0.500000,-0.500000,0.500000,0.500000,4.167
807,26.633329,96.439967,137.600000,0.783950,1.000000,0.000000,0.000000,0.000000,96.439967,137.600000,80.000000,0.500000,-0.500000,0.500000,0.500000,0.000
808,26.666662,96.699967,137.600000,0.783950,1.000000,0.000000,0.000000,0.000000,96.699967,137.600000,80.000000,0.500000,-0.500000,0.500000,0.500000,4.167
809,26.695829,96.927466,137.600000,0.783950,1.000000,0.000000,0.000000,0.000000,96.927466,137.600000,80.000000,0.500000,-0.500000,0.500000,0.500000,0.000
810,26.729162,97.187466,137.600000,0.783950,1.000000,0.000000,0.000000,0.000000,97.187466,137.600000,80.000000,0.500000,-0.500000,0.500000,0.500000,4.167
811,26.762496,97.447466,137.600000,0.783950,1.000000,0.000000,0.000000,0.000000,97.447466,137.600000,80.000000,0.500000,-0.500000,0.500000,0.500000,4.167
812,26.795829,97.707466,137.600000,0.783950,1.000000,0.000000,0.000000,0.000000,97.707466,137.600000,80.000000,0.500000,-0.500000,0.500000,0.500000,0.000
813,26.829162,97.967466,137.600000,0.783950,1.000000,0.000000,0.000000,0.000000,97.967466,137.600000,80.000000,0.500000,-0.500000,0.500000,0.500000,4.167
814,26.862496,98.227466,137.600000,0.783950,1.000000,0.000000,0.000000,0.000000,98.227466,137.600000,80.000000,0.500000,-0.500000,0.500000,0.500000,4.167
815,26.895829,98.487466,137.600000,0.783950,1.000000,0.000000,0.000000,0.000000,98.487466,137.600000,80.000000,0.500000,-0.500000,0.500000,0.500000,0.000
816,26.929162,98.747466,137.600000,0.783950,1.000000,0.000000,0.000000,0.000000,98.747466,137.600000,80.000000,0.500000,-0.500000,0.500000,0.500000,4.167
817,26.962496,99.007466,137.600000,0.783950,1.000000,0.000000,0.000000,0.000000,99.007466,137.600000,80.000000,0.500000,-0.500000,0.500000,0.500000,4.167
818,26.995829,99.267466,137.600000,0.783950,1.000000,0.000000,0.000000,0.000000,99.267466,137.600000,80.000000,0.500000,-0.500000,0.500000,0.500000,0.000
819,27.029162,99.527466,137.600000,0.783950,1.000000,0.000000,0.000000,0.000000,99.527466,137.600000,80.000000,0.500000,-0.500000,0.500000,0.500000,4.167
820,27.062496,99.787466,137.600000,0.783950,1.000000,0.000000,0.000000,0.000000,99.787466,137.600000,80.000000,0.500000,-0.500000,0.500000,0.500000,4.167
821,27.095829,100.047466,137.600000,0.783950,1.000000,0.000000,0.000000,0.000000,100.047466,137.600000,80.000000,0.500000,-0.500000,0.500000,0.500000,0.000
822,27.124996,100.274966,137.600000,0.783950,1.000000,0.000000,0.000000,0.000000,100.274966,137.600000,80.000000,0.500000,-0.500000,0.500000,0.500000,4.167
823,27.158329,100.534966,137.600000,0.783950,1.000000,0.000000,0.000000,0.000000,100.534966,137.600000,80.000000,0.500000,-0.500000,0.500000,0.500000,0.000
824,27.191662,100.794966,137.600000,0.783950,1.000000,0.000000,0.000000,0.000000,100.794966,137.600000,80.000000,0.500000,-0.500000,0.500000,0.500000,4.167
825,27.224996,101.054966,137.600000,0.783950,1.000000,0.000000,0.000000,0.000000,101.054966,137.600000,80.000000,0.500000,-0.500000,0.500000,0.500000,4.167
826,27.258329,101.314966,137.600000,0.783950,1.000000,0.000000,0.000000,0.000000,101.314966,137.600000,80.000000,0.500000,-0.500000,0.500000,0.500000,0.000
827,27.291662,101.574966,137.600000,0.783950,1.000000,0.000000,0.000000,0.000000,101.574966,137.600000,80.000000,0.500000,-0.500000,0.500000,0.500000,4.167
828,27.324996,101.834966,137.600000,0.783950,1.000000,0.000000,0.000000,0.000000,101.834966,137.600000,80.000000,0.500000,-0.500000,0.500000,0.500000,4.167
829,27.358329,102.094966,137.600000,0.783950,1.000000,0.000000,0.000000,0.000000,102.094966,137.600000,80.000000,0.500000,-0.500000,0.500000,0.500000,0.000
830,27.391662,102.354966,137.600000,0.783950,1.000000,0.000000,0.000000,0.000000,102.354966,137.600000,80.000000,0.500000,-0.500000,0.500000,0.500000,4.167
831,27.424996,102.614966,137.600000,0.783950,1.000000,0.000000,0.000000,0.000000,102.614966,137.600000,80.000000,0.500000,-0.500000,0.500000,0.500000,4.167
832,27.458329,102.874966,137.600000,0.783950,1.000000,0.000000,0.000000,0.000000,102.874966,137.600000,80.000000,0.500000,-0.500000,0.500000,0.500000,0.000
833,27.491662,103.134965,137.600000,0.783950,1.000000,0.000000,0.000000,0.000000,103.134965,137.600000,80.000000,0.500000,-0.500000,0.500000,0.500000,4.167
834,27.520829,103.362465,137.600000,0.783950,1.000000,0.000000,0.000000,0.000000,103.362465,137.600000,80.000000,0.500000,-0.500000,0.500000,0.500000,0.000
835,27.554162,103.622465,137.600000,0.783950,1.000000,0.000000,0.000000,0.000000,103.622465,137.600000,80.000000,0.500000,-0.500000,0.500000,0.500000,4.167
836,27.587496,103.882465,137.600000,0.783950,1.000000,0.000000,0.000000,0.000000,103.882465,137.600000,80.000000,0.500000,-0.500000,0.500000,0.500000,4.167
837,27.620829,104.142465,137.600000,0.783950,1.000000,0.000000,0.000000,0.000000,104.142465,137.600000,80.000000,0.500000,-0.500000,0.500000,0.500000,0.000
838,27.654162,104.402465,137.600000,0.783950,1.000000,0.000000,0.000000,0.000000,104.402465,137.600000,80.000000,0.500000,-0.500000,0.500000,0.500000,4.167
839,27.687496,104.662465,137.600000,0.783950,1.000000,0.000000,0.000000,0.000000,104.662465,137.600000,80.000000,0.500000,-0.500000,0.500000,0.500000,4.167
840,27.720829,104.922465,137.600000,0.783950,1.000000,0.000000,0.000000,0.000000,104.922465,137.600000,80.000000,0.500000,-0.500000,0.500000,0.500000,0.000
841,27.754162,105.182465,137.600000,0.783950,1.000000,0.000000,0.000000,0.000000,105.182465,137.600000,80.000000,0.500000,-0.500000,0.500000,0.500000,4.167
842,27.787496,105.442465,137.600000,0.783950,1.000000,0.000000,0.000000,0.000000,105.442465,137.600000,80.000000,0.500000,-0.500000,0.500000,0.500000,4.167
843,27.820829,105.702465,137.600000,0.783950,1.000000,0.000000,0.000000,0.000000,105.702465,137.600000,80.000000,0.500000,-0.500000,0.500000,0.500000,0.000
844,27.854162,105.962465,137.600000,0.783950,1.000000,0.000000,0.000000,0.000000,105.962465,137.600000,80.000000,0.500000,-0.500000,0.500000,0.500000,4.167
845,27.887496,106.222465,137.600000,0.783950,1.000000,0.000000,0.000000,0.000000,106.222465,137.600000,80.000000,0.500000,-0.500000,0.500000,0.500000,4.167
846,27.920829,106.482465,137.600000,0.783950,1.000000,0.000000,0.000000,0.000000,106.482465,137.600000,80.000000,0.500000,-0.500000,0.500000,0.500000,0.000
847,27.949996,106.709965,137.600000,0.783950,1.000000,0.000000,0.000000,0.000000,106.709965,137.600000,80.000000,0.500000,-0.500000,0.500000,0.500000,4.167
848,27.983329,106.969965,137.600000,0.783950,1.000000,0.000000,0.000000,0.000000,106.969965,137.600000,80.000000,0.500000,-0.500000,0.500000,0.500000,0.000
849,28.016662,107.229965,137.600000,0.783950,1.000000,0.000000,0.000000,0.000000,107.229965,137.600000,80.000000,0.500000,-0.500000,0.500000,0.500000,4.167
850,28.049996,107.489965,137.600000,0.783950,1.000000,0.000000,0.000000,0.000000,107.489965,137.600000,80.000000,0.500000,-0.500000,0.500000,0.500000,4.167
851,28.083329,107.749965,137.600000,0.783950,1.000000,0.000000,0.000000,0.000000,107.749965,137.600000,80.000000,0.500000,-0.500000,0.500000,0.500000,0.000
852,28.116662,108.009965,137.600000,0.783950,1.000000,0.000000,0.000000,0.000000,108.009965,137.600000,80.000000,0.500000,-0.500000,0.500000,0.500000,4.167
853,28.149995,108.269965,137.600000,0.783950,1.000000,0.000000,0.000000,0.000000,108.269965,137.600000,80.000000,0.500000,-0.500000,0.500000,0.500000,4.167
854,28.183329,108.529965,137.600000,0.783950,1.000000,0.000000,0.000000,0.000000,108.529965,137.600000,80.000000,0.500000,-0.500000,0.500000,0.500000,0.000
855,28.216662,108.789965,137.600000,0.783950,1.000000,0.000000,0.000000,0.000000,108.789965,137.600000,80.000000,0.500000,-0.500000,0.500000,0.500000,4.167
856,28.249995,109.049965,137.600000,0.783950,1.000000,0.000000,0.000000,0.000000,109.049965,137.600000,80.000000,0.500000,-0.500000,0.500000,0.500000,4.167
857,28.283329,109.309964,137.600000,0.783950,1.000000,0.000000,0.000000,0.000000,109.309964,137.600000,80.000000,0.500000,-0.500000,0.500000,0.500000,0.000
858,28.316662,109.569964,137.600000,0.783950,1.000000,0.000000,0.000000,0.000000,109.569964,137.600000,80.000000,0.500000,-0.500000,0.500000,0.500000,4.167
859,28.345829,109.797464,137.600000,0.783950,1.000000,0.000000,0.000000,0.000000,109.797464,137.600000,80.000000,0.500000,-0.500000,0.500000,0.500000,0.000
860,28.379162,110.057464,137.600000,0.783950,1.000000,0.000000,0.000000,0.000000,110.057464,137.600000,80.000000,0.500000,-0.500000,0.500000,0.500000,4.167
861,28.412495,110.317464,137.600000,0.783950,1.000000,0.000000,0.000000,0.000000,110.317464,137.600000,80.000000,0.500000,-0.500000,0.500000,0.500000,4.167
862,28.445829,110.577464,137.600000,0.783950,1.000000,0.000000,0.000000,0.000000,110.577464,137.600000,80.000000,0.500000,-0.500000,0.500000,0.500000,0.000
863,28.479162,110.837464,137.600000,0.783950,1.000000,0.000000,0.000000,0.000000,110.837464,137.600000,80.000000,0.500000,-0.500000,0.500000,0.500000,4.167
864,28.512495,111.097464,137.600000,0.783950,1.000000,0.000000,0.000000,0.000000,111.097464,137.600000,80.000000,0.500000,-0.500000,0.500000,0.500000,4.167
865,28.545829,111.357464,137.600000,0.783950,1.000000,0.000000,0.000000,0.000000,111.357464,137.600000,80.000000,0.500000,-0.500000,0.500000,0.500000,0.000
866,28.579162,111.617464,137.600000,0.783950,1.000000,0.000000,0.000000,0.000000,111.617464,137.600000,80.000000,0.500000,-0.500000,0.500000,0.500000,4.167
867,28.612495,111.877464,137.600000,0.783950,1.000000,0.000000,0.000000,0.000000,111.877464,137.600000,80.000000,0.500000,-0.500000,0.500000,0.500000,4.167
868,28.645829,112.137464,137.600000,0.783950,1.000000,0.000000,0.000000,0.000000,112.137464,137.600000,80.000000,0.500000,-0.500000,0.500000,0.500000,0.000
869,28.679162,112.397464,137.600000,0.783950,1.000000,0.000000,0.000000,0.000000,112.397464,137.600000,80.000000,0.500000,-0.500000,0.500000,0.500000,4.167
870,28.712495,112.657464,137.600000,0.783950,1.000000,0.000000,0.000000,0.000000,112.657464,137.600000,80.000000,0.500000,-0.500000,0.500000,0.500000,4.167
871,28.745829,112.917464,137.600000,0.783950,1.000000,0.000000,0.000000,0.000000,112.917464,137.600000,80.000000,0.500000,-0.500000,0.500000,0.500000,0.000
872,28.774995,113.144964,137.600000,0.783950,1.000000,0.000000,0.000000,0.000000,113.144964,137.600000,80.000000,0.500000,-0.500000,0.500000,0.500000,4.167
873,28.808329,113.404964,137.600000,0.783950,1.000000,0.000000,0.000000,0.000000,113.404964,137.600000,80.000000,0.500000,-0.500000,0.500000,0.500000,0.000
874,28.841662,113.664964,137.600000,0.783950,1.000000,0.000000,0.000000,0.000000,113.664964,137.600000,80.000000,0.500000,-0.500000,0.500000,0.500000,4.167
875,28.874995,113.924964,137.600000,0.783950,1.000000,0.000000,0.000000,0.000000,113.924964,137.600000,80.000000,0.500000,-0.500000,0.500000,0.500000,4.167
876,28.908329,114.184964,137.600000,0.783950,1.000000,0.000000,0.000000,0.000000,114.184964,137.600000,80.000000,0.500000,-0.500000,0.500000,0.500000,0.000
877,28.941662,114.444964,137.600000,0.783950,1.000000,0.000000,0.000000,0.000000,114.444964,137.600000,80.000000,0.500000,-0.500000,0.500000,0.500000,4.167
878,28.974995,114.704964,137.600000,0.783950,1.000000,0.000000,0.000000,0.000000,114.704964,137.600000,80.000000,0.500000,-0.500000,0.500000,0.500000,4.167
879,29.008329,114.964964,137.600000,0.783950,1.000000,0.000000,0.000000,0.000000,114.964964,137.600000,80.000000,0.500000,-0.500000,0.500000,0.500000,0.000
880,29.041662,115.224964,137.600000,0.783950,1.000000,0.000000,0.000000,0.000000,115.224964,137.600000,80.000000,0.500000,-0.500000,0.500000,0.500000,4.167
881,29.074995,115.484964,137.600000,0.783950,1.000000,0.000000,0.000000,0.000000,115.484964,137.600000,80.000000,0.500000,-0.500000,0.500000,0.500000,4.167
882,29.108329,115.744963,137.600000,0.783950,1.000000,0.000000,0.000000,0.000000,115.744963,137.600000,80.000000,0.500000,-0.500000,0.500000,0.500000,0.000
883,29.141662,116.004963,137.600000,0.783950,1.000000,0.000000,0.000000,0.000000,116.004963,137.600000,80.000000,0.500000,-0.500000,0.500000,0.500000,4.167
884,29.170829,116.232463,137.600000,0.783950,1.000000,0.000000,0.000000,0.000000,116.232463,137.600000,80.000000,0.500000,-0.500000,0.500000,0.500000,0.000
885,29.204162,116.492463,137.600000,0.783950,1.000000,0.000000,0.000000,0.000000,116.492463,137.600000,80.000000,0.500000,-0.500000,0.500000,0.500000,4.167
886,29.237495,116.752463,137.600000,0.783950,1.000000,0.000000,0.000000,0.000000,116.752463,137.600000,80.000000,0.500000,-0.500000,0.500000,0.500000,4.167
887,29.270829,117.012463,137.600000,0.783950,1.000000,0.000000,0.000000,0.000000,117.012463,137.600000,80.000000,0.500000,-0.500000,0.500000,0.500000,0.000
888,29.304162,117.272463,137.600000,0.783950,1.000000,0.000000,0.000000,0.000000,117.272463,137.600000,80.000000,0.500000,-0.500000,0.500000,0.500000,4.167
889,29.337495,117.532463,137.600000,0.783950,1.000000,0.000000,0.000000,0.000000,117.532463,137.600000,80.000000,0.500000,-0.500000,0.500000,0.500000,4.167
890,29.370829,117.792463,137.600000,0.783950,1.000000,0.000000,0.000000,0.000000,117.792463,137.600000,80.000000,0.500000,-0.500000,0.500000,0.500000,0.000
891,29.404162,118.052463,137.600000,0.783950,1.000000,0.000000,0.000000,0.000000,118.052463,137.600000,80.000000,0.500000,-0.500000,0.500000,0.500000,4.167
892,29.437495,118.312463,137.600000,0.783950,1.000000,0.000000,0.000000,0.000000,118.312463,137.600000,80.000000,0.500000,-0.500000,0.500000,0.500000,4.167
893,29.470829,118.572463,137.600000,0.783950,1.000000,0.000000,0.000000,0.000000,118.572463,137.600000,80.000000,0.500000,-0.500000,0.500000,0.500000,0.000
894,29.504162,118.832463,137.600000,0.783950,1.000000,0.000000,0.000000,0.000000,118.832463,137.600000,80.000000,0.500000,-0.500000,0.500000,0.500000,4.167
895,29.537495,119.092463,137.600000,0.783950,1.000000,0.000000,0.000000,0.000000,119.092463,137.600000,80.000000,0.500000,-0.500000,0.500000,0.500000,4.167
896,29.570829,119.352463,137.600000,0.783950,1.000000,0.000000,0.000000,0.000000,119.352463,137.600000,80.000000,0.500000,-0.500000,0.500000,0.500000,0.000
897,29.599995,119.579963,137.600000,0.783950,1.000000,0.000000,0.000000,0.000000,119.579963,137.600000,80.000000,0.500000,-0.500000,0.500000,0.500000,4.167
898,29.633329,119.839963,137.600000,0.783950,1.000000,0.000000,0.000000,0.000000,119.839963,137.600000,80.000000,0.500000,-0.500000,0.500000,0.500000,0.000
899,29.666662,120.099963,137.600000,0.783950,1.000000,0.000000,0.000000,0.000000,120.099963,137.600000,80.000000,0.500000,-0.500000,0.500000,0.500000,4.167
900,29.699995,120.359963,137.600000,0.783950,1.000000,0.000000,0.000000,0.000000,120.359963,137.600000,80.000000,0.500000,-0.500000,0.500000,0.500000,4.167
901,29.733329,120.619963,137.600000,0.783950,1.000000,0.000000,0.000000,0.000000,120.619963,137.600000,80.000000,0.500000,-0.500000,0.500000,0.500000,0.000
902,29.766662,120.879963,137.600000,0.783950,1.000000,0.000000,0.000000,0.000000,120.879963,137.600000,80.000000,0.500000,-0.500000,0.500000,0.500000,4.167
903,29.799995,121.139963,137.600000,0.783950,1.000000,0.000000,0.000000,0.000000,121.139963,137.600000,80.000000,0.500000,-0.500000,0.500000,0.500000,4.167
904,29.833329,121.399963,137.600000,0.783950,1.000000,0.000000,0.000000,0.000000,121.399963,137.600000,80.000000,0.500000,-0.500000,0.500000,0.500000,0.000
905,29.866662,121.659963,137.600000,0.783950,1.000000,0.000000,0.000000,0.000000,121.659963,137.600000,80.000000,0.500000,-0.500000,0.500000,0.500000,4.167
906,29.899995,121.919962,137.600000,0.783950,1.000000,0.000000,0.000000,0.000000,121.919962,137.600000,80.000000,0.500000,-0.500000,0.500000,0.500000,4.167
907,29.933329,122.179962,137.600000,0.783950,1.000000,0.000000,0.000000,0.000000,122.179962,137.600000,80.000000,0.500000,-0.500000,0.500000,0.500000,0.000
908,29.966662,122.439962,137.600000,0.783950,1.000000,0.000000,0.000000,0.000000,122.439962,137.600000,80.000000,0.500000,-0.500000,0.500000,0.500000,4.167
909,29.995829,122.667462,137.600000,0.783950,1.000000,0.000000,0.000000,0.000000,122.667462,137.600000,80.000000,0.500000,-0.500000,0.500000,0.500000,0.000
910,30.029162,122.927462,137.600000,0.783950,1.000000,0.000000,0.000000,0.000000,122.927462,137.600000,80.000000,0.500000,-0.500000,0.500000,0.500000,4.167
911,30.062495,123.187462,137.600000,0.783950,1.000000,0.000000,0.000000,0.000000,123.187462,137.600000,80.000000,0.500000,-0.500000,0.500000,0.500000,4.167
912,30.095829,123.447462,137.600000,0.783950,1.000000,0.000000,0.000000,0.000000,123.447462,137.600000,80.000000,0.500000,-0.500000,0.500000,0.500000,0.000
913,30.129162,123.707462,137.600000,0.783950,1.000000,0.000000,0.000000,0.000000,123.707462,137.600000,80.000000,0.500000,-0.500000,0.500000,0.500000,4.167
914,30.162495,123.967462,137.600000,0.783950,1.000000,0.000000,0.000000,0.000000,123.967462,137.600000,80.000000,0.500000,-0.500000,0.500000,0.500000,4.167
915,30.195829,124.227462,137.600000,0.783950,1.000000,0.000000,0.000000,0.000000,124.227462,137.600000,80.000000,0.500000,-0.500000,0.500000,0.500000,0.000
916,30.229162,124.487462,137.600000,0.783950,1.000000,0.000000,0.000000,0.000000,124.487462,137.600000,80.000000,0.500000,-0.500000,0.500000,0.500000,4.167
917,30.262495,124.747462,137.600000,0.783950,1.000000,0.000000,0.000000,0.000000,124.747462,137.600000,80.000000,0.500000,-0.500000,0.500000,0.500000,4.167
918,30.295828,125.007462,137.600000,0.783950,1.000000,0.000000,0.000000,0.000000,125.007462,137.600000,80.000000,0.500000,-0.500000,0.500000,0.500000,0.000
919,30.329162,125.267462,137.600000,0.783950,1.000000,0.000000,0.000000,0.000000,125.267462,137.600000,80.000000,0.500000,-0.500000,0.500000,0.500000,4.167
920,30.362495,125.527462,137.600000,0.783950,1.000000,0.000000,0.000000,0.000000,125.527462,137.600000,80.000000,0.500000,-0.500000,0.500000,0.500000,4.167
921,30.395828,125.787462,137.600000,0.783950,1.000000,0.000000,0.000000,0.000000,125.787462,137.600000,80.000000,0.500000,-0.500000,0.500000,0.500000,0.000
922,30.424995,126.014962,137.600000,0.783950,1.000000,0.000000,0.000000,0.000000,126.014962,137.600000,80.000000,0.500000,-0.500000,0.500000,0.500000,4.167
923,30.458328,126.274962,137.600000,0.783950,1.000000,0.000000,0.000000,0.000000,126.274962,137.600000,80.000000,0.500000,-0.500000,0.500000,0.500000,0.000
924,30.491662,126.534962,137.600000,0.783950,1.000000,0.000000,0.000000,0.000000,126.534962,137.600000,80.000000,0.500000,-0.500000,0.500000,0.500000,4.167
925,30.524995,126.794962,137.600000,0.783950,1.000000,0.000000,0.000000,0.000000,126.794962,137.600000,80.000000,0.500000,-0.500000,0.500000,0.500000,4.167
926,30.558328,127.054962,137.600000,0.783950,1.000000,0.000000,0.000000,0.000000,127.054962,137.600000,80.000000,0.500000,-0.500000,0.500000,0.500000,0.000
927,30.591662,127.314962,137.600000,0.783950,1.000000,0.000000,0.000000,0.000000,127.314962,137.600000,80.000000,0.500000,-0.500000,0.500000,0.500000,4.167
928,30.624995,127.574962,137.600000,0.783950,1.000000,0.000000,0.000000,0.000000,127.574962,137.600000,80.000000,0.500000,-0.500000,0.500000,0.500000,4.167
929,30.658328,127.834962,137.600000,0.783950,1.000000,0.000000,0.000000,0.000000,127.834962,137.600000,80.000000,0.500000,-0.500000,0.500000,0.500000,0.000
930,30.691662,128.094961,137.600000,0.783950,1.000000,0.000000,0.000000,0.000000,128.094961,137.600000,80.000000,0.500000,-0.500000,0.500000,0.500000,4.167
931,30.724995,128.354961,137.600000,0.783950,1.000000,0.000000,0.000000,0.000000,128.354961,137.600000,80.000000,0.500000,-0.500000,0.500000,0.500000,4.167
932,30.758328,128.614961,137.600000,0.783950,1.000000,0.000000,0.000000,0.000000,128.614961,137.600000,80.000000,0.500000,-0.500000,0.500000,0.500000,0.000
933,30.791662,128.874961,137.600000,0.783950,1.000000,0.000000,0.000000,0.000000,128.874961,137.600000,80.000000,0.500000,-0.500000,0.500000,0.500000,4.167
934,30.820828,129.102461,137.600000,0.783950,1.000000,0.000000,0.000000,0.000000,129.102461,137.600000,80.000000,0.500000,-0.500000,0.500000,0.500000,0.000
935,30.854162,129.362461,137.600000,0.783950,1.000000,0.000000,0.000000,0.000000,129.362461,137.600000,80.000000,0.500000,-0.500000,0.500000,0.500000,4.167
936,30.887495,129.622461,137.600000,0.783950,1.000000,0.000000,0.000000,0.000000,129.622461,137.600000,80.000000,0.500000,-0.500000,0.500000,0.500000,4.167
937,30.920828,129.882461,137.600000,0.783950,1.000000,0.000000,0.000000,0.000000,129.882461,137.600000,80.000000,0.500000,-0.500000,0.500000,0.500000,0.000
938,30.954162,130.142461,137.600000,0.783950,1.000000,0.000000,0.000000,0.000000,130.142461,137.600000,80.000000,0.500000,-0.500000,0.500000,0.500000,4.167
939,30.987495,130.402461,137.600000,0.783950,1.000000,0.000000,0.000000,0.000000,130.402461,137.600000,80.000000,0.500000,-0.500000,0.500000,0.500000,4.167
940,31.020828,130.662461,137.600000,0.783950,1.000000,0.000000,0.000000,0.000000,130.662461,137.600000,80.000000,0.500000,-0.500000,0.500000,0.500000,0.000
941,31.054162,130.922461,137.600000,0.783950,1.000000,0.000000,0.000000,0.000000,130.922461,137.600000,80.000000,0.500000,-0.500000,0.500000,0.500000,4.167
942,31.087495,131.182461,137.600000,0.783950,1.000000,0.000000,0.000000,0.000000,131.182461,137.600000,80.000000,0.500000,-0.500000,0.500000,0.500000,4.167
943,31.120828,131.442461,137.600000,0.783950,1.000000,0.000000,0.000000,0.000000,131.442461,137.600000,80.000000,0.500000,-0.500000,0.500000,0.500000,0.000
944,31.154162,131.702461,137.600000,0.783950,1.000000,0.000000,0.000000,0.000000,131.702461,137.600000,80.000000,0.500000,-0.500000,0.500000,0.500000,4.167
945,31.187495,131.962461,137.600000,0.783950,1.000000,0.000000,0.000000,0.000000,131.962461,137.600000,80.000000,0.500000,-0.500000,0.500000,0.500000,4.167
946,31.220828,132.222461,137.600000,0.783950,1.000000,0.000000,0.000000,0.000000,132.222461,137.600000,80.000000,0.500000,-0.500000,0.500000,0.500000,0.000
947,31.249995,132.449961,137.600000,0.783950,1.000000,0.000000,0.000000,0.000000,132.449961,137.600000,80.000000,0.500000,-0.500000,0.500000,0.500000,4.167
948,31.283328,132.709961,137.600000,0.783950,1.000000,0.000000,0.000000,0.000000,132.709961,137.600000,80.000000,0.500000,-0.500000,0.500000,0.500000,0.000
949,31.316662,132.969961,137.600000,0.783950,1.000000,0.000000,0.000000,0.000000,132.969961,137.600000,80.000000,0.500000,-0.500000,0.500000,0.500000,4.167
950,31.349995,133.229961,137.600000,0.783950,1.000000,0.000000,0.000000,0.000000,133.229961,137.600000,80.000000,0.500000,-0.500000,0.500000,0.500000,4.167
951,31.383328,133.489961,137.600000,0.783950,1.000000,0.000000,0.000000,0.000000,133.489961,137.600000,80.000000,0.500000,-0.500000,0.500000,0.500000,0.000
952,31.416662,133.749961,137.600000,0.783950,1.000000,0.000000,0.000000,0.000000,133.749961,137.600000,80.000000,0.500000,-0.500000,0.500000,0.500000,4.167
953,31.449995,134.009961,137.600000,0.783950,1.000000,0.000000,0.000000,0.000000,134.009961,137.600000,80.000000,0.500000,-0.500000,0.500000,0.500000,4.167
954,31.483328,134.269961,137.600000,0.783950,1.000000,0.000000,0.000000,0.000000,134.269961,137.600000,80.000000,0.500000,-0.500000,0.500000,0.500000,0.000
955,31.516662,134.529960,137.600000,0.783950,1.000000,0.000000,0.000000,0.000000,134.529960,137.600000,80.000000,0.500000,-0.500000,0.500000,0.500000,4.167
956,31.549995,134.789960,137.600000,0.783950,1.000000,0.000000,0.000000,0.000000,134.789960,137.600000,80.000000,0.500000,-0.500000,0.500000,0.500000,4.167
957,31.583328,135.049960,137.600000,0.783950,1.000000,0.000000,0.000000,0.000000,135.049960,137.600000,80.000000,0.500000,-0.500000,0.500000,0.500000,0.000
958,31.616662,135.309960,137.600000,0.783950,1.000000,0.000000,0.000000,0.000000,135.309960,137.600000,80.000000,0.500000,-0.500000,0.500000,0.500000,4.167
959,31.645828,135.537460,137.600000,0.783950,1.000000,0.000000,0.000000,0.000000,135.537460,137.600000,80.000000,0.500000,-0.500000,0.500000,0.500000,0.000
960,31.679162,135.797460,137.600000,0.783950,1.000000,0.000000,0.000000,0.000000,135.797460,137.600000,80.000000,0.500000,-0.500000,0.500000,0.500000,4.167
961,31.712495,136.057460,137.600000,0.783950,1.000000,0.000000,0.000000,0.000000,136.057460,137.600000,80.000000,0.500000,-0.500000,0.500000,0.500000,4.167
962,31.745828,136.317460,137.600000,0.783950,1.000000,0.000000,0.000000,0.000000,136.317460,137.600000,80.000000,0.500000,-0.500000,0.500000,0.500000,0.000
963,31.779162,136.577460,137.600000,0.783950,1.000000,0.000000,0.000000,0.000000,136.577460,137.600000,80.000000,0.500000,-0.500000,0.500000,0.500000,4.167
964,31.812495,136.837460,137.600000,0.783950,1.000000,0.000000,0.000000,0.000000,136.837460,137.600000,80.000000,0.500000,-0.500000,0.500000,0.500000,4.167
965,31.845828,137.097460,137.600000,0.783950,1.000000,0.000000,0.000000,0.000000,137.097460,137.600000,80.000000,0.500000,-0.500000,0.500000,0.500000,0.000
966,31.879162,137.357460,137.600000,0.783950,1.000000,0.000000,0.000000,0.000000,137.357460,137.600000,80.000000,0.500000,-0.500000,0.500000,0.500000,4.167
967,31.912495,137.617460,137.600000,0.783950,1.000000,0.000000,0.000000,0.000000,137.617460,137.600000,80.000000,0.500000,-0.500000,0.500000,0.500000,4.167
968,31.945828,137.877460,137.600000,0.783950,1.000000,0.000000,0.000000,0.000000,137.877460,137.600000,80.000000,0.500000,-0.500000,0.500000,0.500000,0.000
969,31.979162,138.137460,137.600000,0.783950,1.000000,0.000000,0.000000,0.000000,138.137460,137.600000,80.000000,0.500000,-0.500000,0.500000,0.500000,4.167
970,32.012495,138.397460,137.600000,0.783950,1.000000,0.000000,0.000000,0.000000,138.397460,137.600000,80.000000,0.500000,-0.500000,0.500000,0.500000,4.167
971,32.045828,138.657460,137.600000,0.783950,1.000000,0.000000,0.000000,0.000000,138.657460,137.600000,80.000000,0.500000,-0.500000,0.500000,0.500000,0.000
972,32.074995,138.884960,137.600000,0.783950,1.000000,0.000000,0.000000,0.000000,138.884960,137.600000,80.000000,0.500000,-0.500000,0.500000,0.500000,4.167
973,32.108328,139.144960,137.600000,0.783950,1.000000,0.000000,0.000000,0.000000,139.144960,137.600000,80.000000,0.500000,-0.500000,0.500000,0.500000,0.000
974,32.141662,139.404960,137.600000,0.783950,1.000000,0.000000,0.000000,0.000000,139.404960,137.600000,80.000000,0.500000,-0.500000,0.500000,0.500000,4.167
975,32.174995,139.664960,137.600000,0.783950,1.000000,0.000000,0.000000,0.000000,139.664960,137.600000,80.000000,0.500000,-0.500000,0.500000,0.500000,4.167
976,32.208328,139.924960,137.600000,0.783950,1.000000,0.000000,0.000000,0.000000,139.924960,137.600000,80.000000,0.500000,-0.500000,0.500000,0.500000,0.000
977,32.241662,140.184960,137.600000,0.783950,1.000000,0.000000,0.000000,0.000000,140.184960,137.600000,80.000000,0.500000,-0.500000,0.500000,0.500000,4.167
978,32.274995,140.444960,137.600000,0.783950,1.000000,0.000000,0.000000,0.000000,140.444960,137.600000,80.000000,0.500000,-0.500000,0.500000,0.500000,4.167
979,32.308328,140.704959,137.600000,0.783950,1.000000,0.000000,0.000000,0.000000,140.704959,137.600000,80.000000,0.500000,-0.500000,0.500000,0.500000,0.000
980,32.341661,140.964959,137.600000,0.783950,1.000000,0.000000,0.000000,0.000000,140.964959,137.600000,80.000000,0.500000,-0.500000,0.500000,0.500000,4.167
981,32.374995,141.224959,137.600000,0.783950,1.000000,0.000000,0.000000,0.000000,141.224959,137.600000,80.000000,0.500000,-0.500000,0.500000,0.500000,4.167
982,32.408328,141.484959,137.600000,0.783950,1.000000,0.000000,0.000000,0.000000,141.484959,137.600000,80.000000,0.500000,-0.500000,0.500000,0.500000,0.000
983,32.441661,141.744959,137.600000,0.783950,1.000000,0.000000,0.000000,0.000000,141.744959,137.600000,80.000000,0.500000,-0.500000,0.500000,0.500000,4.167
984,32.470828,141.972459,137.600000,0.783950,1.000000,0.000000,0.000000,0.000000,141.972459,137.600000,80.000000,0.500000,-0.500000,0.500000,0.500000,0.000
985,32.504161,142.232459,137.600000,0.783950,1.000000,0.000000,0.000000,0.000000,142.232459,137.600000,80.000000,0.500000,-0.500000,0.500000,0.500000,4.167
986,32.537495,142.492459,137.600000,0.783950,1.000000,0.000000,0.000000,0.000000,142.492459,137.600000,80.000000,0.500000,-0.500000,0.500000,0.500000,4.167
987,32.570828,142.752459,137.600000,0.783950,1.000000,0.000000,0.000000,0.000000,142.752459,137.600000,80.000000,0.500000,-0.500000,0.500000,0.500000,0.000
988,32.604161,143.012459,137.600000,0.783950,1.000000,0.000000,0.000000,0.000000,143.012459,137.600000,80.000000,0.500000,-0.500000,0.500000,0.500000,4.167
989,32.637495,143.272459,137.600000,0.783950,1.000000,0.000000,0.000000,0.000000,143.272459,137.600000,80.000000,0.500000,-0.500000,0.500000,0.500000,4.167
990,32.670828,143.532459,137.600000,0.783950,1.000000,0.000000,0.000000,0.000000,143.532459,137.600000,80.000000,0.500000,-0.500000,0.500000,0.500000,0.000
991,32.704161,143.792459,137.600000,0.783950,1.000000,0.000000,0.000000,0.000000,143.792459,137.600000,80.000000,0.500000,-0.500000,0.500000,0.500000,4.167
992,32.737495,144.052459,137.600000,0.783950,1.000000,0.000000,0.000000,0.000000,144.052459,137.600000,80.000000,0.500000,-0.500000,0.500000,0.500000,4.167
993,32.770828,144.312459,137.600000,0.783950,1.000000,0.000000,0.000000,0.000000,144.312459,137.600000,80.000000,0.500000,-0.500000,0.500000,0.500000,0.000
994,32.804161,144.572459,137.600000,0.783950,1.000000,0.000000,0.000000,0.000000,144.572459,137.600000,80.000000,0.500000,-0.500000,0.500000,0.500000,4.167
995,32.837495,144.832459,137.600000,0.783950,1.000000,0.000000,0.000000,0.000000,144.832459,137.600000,80.000000,0.500000,-0.500000,0.500000,0.500000,4.167
996,32.870828,145.092459,137.600000,0.783950,1.000000,0.000000,0.000000,0.000000,145.092459,137.600000,80.000000,0.500000,-0.500000,0.500000,0.500000,0.000
997,32.899995,145.319959,137.600000,0.783950,1.000000,0.000000,0.000000,0.000000,145.319959,137.600000,80.000000,0.500000,-0.500000,0.500000,0.500000,4.167
998,32.933328,145.579959,137.600000,0.783950,1.000000,0.000000,0.000000,0.000000,145.579959,137.600000,80.000000,0.500000,-0.500000,0.500000,0.500000,0.000
999,32.966661,145.839959,137.600000,0.783950,1.000000,0.000000,0.000000,0.000000,145.839959,137.600000,80.000000,0.500000,-0.500000,0.500000,0.500000,4.167
1000,32.999995,146.099959,137.600000,0.783950,1.000000,0.000000,0.000000,0.000000,146.099959,137.600000,80.000000,0.500000,-0.500000,0.500000,0.500000,4.167
1001,33.033328,146.359959,137.600000,0.783950,1.000000,0.000000,0.000000,0.000000,146.359959,137.600000,80.000000,0.500000,-0.500000,0.500000,0.500000,0.000
1002,33.066661,146.619959,137.600000,0.783950,1.000000,0.000000,0.000000,0.000000,146.619959,137.600000,80.000000,0.500000,-0.500000,0.500000,0.500000,4.167
1003,33.099995,146.879958,137.600000,0.783950,1.000000,0.000000,0.000000,0.000000,146.879958,137.600000,80.000000,0.500000,-0.500000,0.500000,0.500000,4.167
1004,33.133328,147.139958,137.600000,0.783950,1.000000,0.000000,0.000000,0.000000,147.139958,137.600000,80.000000,0.500000,-0.500000,0.500000,0.500000,0.000
1005,33.166661,147.399958,137.600000,0.783950,1.000000,0.000000,0.000000,0.000000,147.399958,137.600000,80.000000,0.500000,-0.500000,0.500000,0.500000,4.167
1006,33.199995,147.659958,137.600000,0.783950,1.000000,0.000000,0.000000,0.000000,147.659958,137.600000,80.000000,0.500000,-0.500000,0.500000,0.500000,4.167
1007,33.233328,147.919958,137.600000,0.783950,1.000000,0.000000,0.000000,0.000000,147.919958,137.600000,80.000000,0.500000,-0.500000,0.500000,0.500000,0.000
1008,33.266661,148.179958,137.600000,0.783950,1.000000,0.000000,0.000000,0.000000,148.179958,137.600000,80.000000,0.500000,-0.500000,0.500000,0.500000,4.167
1009,33.295828,148.407458,137.600000,0.783950,1.000000,0.000000,0.000000,0.000000,148.407458,137.600000,80.000000,0.500000,-0.500000,0.500000,0.500000,0.000
1010,33.329161,148.667458,137.600000,0.783950,1.000000,0.000000,0.000000,0.000000,148.667458,137.600000,80.000000,0.500000,-0.500000,0.500000,0.500000,4.167
1011,33.362495,148.927458,137.600000,0.783950,1.000000,0.000000,0.000000,0.000000,148.927458,137.600000,80.000000,0.500000,-0.500000,0.500000,0.500000,4.167
1012,33.395828,149.187458,137.600000,0.783950,1.000000,0.000000,0.000000,0.000000,149.187458,137.600000,80.000000,0.500000,-0.500000,0.500000,0.500000,0.000
1013,33.429161,149.447458,137.600000,0.783950,1.000000,0.000000,0.000000,0.000000,149.447458,137.600000,80.000000,0.500000,-0.500000,0.500000,0.500000,4.167
1014,33.462495,149.707458,137.600000,0.783950,1.000000,0.000000,0.000000,0.000000,149.707458,137.600000,80.000000,0.500000,-0.500000,0.500000,0.500000,4.167
1015,33.495828,149.967458,137.600000,0.783950,1.000000,0.000000,0.000000,0.000000,149.967458,137.600000,80.000000,0.500000,-0.500000,0.500000,0.500000,0.000
1016,33.529161,150.227458,137.600000,0.783950,1.000000,0.000000,0.000000,0.000000,150.227458,137.600000,80.000000,0.500000,-0.500000,0.500000,0.500000,4.167
1017,33.562495,150.487458,137.600000,0.783950,1.000000,0.000000,0.000000,0.000000,150.487458,137.600000,80.000000,0.500000,-0.500000,0.500000,0.500000,4.167
1018,33.595828,150.747458,137.600000,0.783950,1.000000,0.000000,0.000000,0.000000,150.747458,137.600000,80.000000,0.500000,-0.500000,0.500000,0.500000,0.000
1019,33.629161,151.007458,137.600000,0.783950,1.000000,0.000000,0.000000,0.000000,151.007458,137.600000,80.000000,0.500000,-0.500000,0.500000,0.500000,4.167
1020,33.662495,151.267458,137.600000,0.783950,1.000000,0.000000,0.000000,0.000000,151.267458,137.600000,80.000000,0.500000,-0.500000,0.500000,0.500000,4.167
1021,33.695828,151.527458,137.600000,0.783950,1.000000,0.000000,0.000000,0.000000,151.527458,137.600000,80.000000,0.500000,-0.500000,0.500000,0.500000,0.000
1022,33.724995,151.754958,137.600000,0.783950,1.000000,0.000000,0.000000,0.000000,151.754958,137.600000,80.000000,0.500000,-0.500000,0.500000,0.500000,4.167
1023,33.758328,152.014958,137.600000,0.783950,1.000000,0.000000,0.000000,0.000000,152.014958,137.600000,80.000000,0.500000,-0.500000,0.500000,0.500000,0.000
1024,33.791661,152.274958,137.600000,0.783950,1.000000,0.000000,0.000000,0.000000,152.274958,137.600000,80.000000,0.500000,-0.500000,0.500000,0.500000,4.167
1025,33.824995,152.534958,137.600000,0.783950,1.000000,0.000000,0.000000,0.000000,152.534958,137.600000,80.000000,0.500000,-0.500000,0.500000,0.500000,4.167
1026,33.858328,152.794958,137.600000,0.783950,1.000000,0.000000,0.000000,0.000000,152.794958,137.600000,80.000000,0.500000,-0.500000,0.500000,0.500000,0.000
1027,33.891661,153.054957,137.600000,0.783950,1.000000,0.000000,0.000000,0.000000,153.054957,137.600000,80.000000,0.500000,-0.500000,0.500000,0.500000,4.167
1028,33.924995,153.314957,137.600000,0.783950,1.000000,0.000000,0.000000,0.000000,153.314957,137.600000,80.000000,0.500000,-0.500000,0.500000,0.500000,4.167
1029,33.958328,153.574957,137.600000,0.783950,1.000000,0.000000,0.000000,0.000000,153.574957,137.600000,80.000000,0.500000,-0.500000,0.500000,0.500000,0.000
1030,33.991661,153.834957,137.600000,0.783950,1.000000,0.000000,0.000000,0.000000,153.834957,137.600000,80.000000,0.500000,-0.500000,0.500000,0.500000,4.167
1031,34.024995,154.094957,137.600000,0.783950,1.000000,0.000000,0.000000,0.000000,154.094957,137.600000,80.000000,0.500000,-0.500000,0.500000,0.500000,4.167
1032,34.058328,154.354957,137.600000,0.783950,1.000000,0.000000,0.000000,0.000000,154.354957,137.600000,80.000000,0.500000,-0.500000,0.500000,0.500000,0.000
1033,34.091661,154.614957,137.600000,0.783950,1.000000,0.000000,0.000000,0.000000,154.614957,137.600000,80.000000,0.500000,-0.500000,0.500000,0.500000,4.167
1034,34.120828,154.842457,137.600000,0.783950,1.000000,0.000000,0.000000,0.000000,154.842457,137.600000,80.000000,0.500000,-0.500000,0.500000,0.500000,0.000
1035,34.154161,155.102457,137.600000,0.783950,1.000000,0.000000,0.000000,0.000000,155.102457,137.600000,80.000000,0.500000,-0.500000,0.500000,0.500000,4.167
1036,34.187495,155.362457,137.600000,0.783950,1.000000,0.000000,0.000000,0.000000,155.362457,137.600000,80.000000,0.500000,-0.500000,0.500000,0.500000,4.167
1037,34.220828,155.622457,137.600000,0.783950,1.000000,0.000000,0.000000,0.000000,155.622457,137.600000,80.000000,0.500000,-0.500000,0.500000,0.500000,0.000
1038,34.254161,155.882457,137.600000,0.783950,1.000000,0.000000,0.000000,0.000000,155.882457,137.600000,80.000000,0.500000,-0.500000,0.500000,0.500000,4.167
1039,34.287495,156.142457,137.600000,0.783950,1.000000,0.000000,0.000000,0.000000,156.142457,137.600000,80.000000,0.500000,-0.500000,0.500000,0.500000,4.167
1040,34.320828,156.402457,137.600000,0.783950,1.000000,0.000000,0.000000,0.000000,156.402457,137.600000,80.000000,0.500000,-0.500000,0.500000,0.500000,0.000
1041,34.354161,156.662457,137.600000,0.783950,1.000000,0.000000,0.000000,0.000000,156.662457,137.600000,80.000000,0.500000,-0.500000,0.500000,0.500000,4.167
1042,34.387494,156.922457,137.600000,0.783950,1.000000,0.000000,0.000000,0.000000,156.922457,137.600000,80.000000,0.500000,-0.500000,0.500000,0.500000,4.167
1043,34.420828,157.182457,137.600000,0.783950,1.000000,0.000000,0.000000,0.000000,157.182457,137.600000,80.000000,0.500000,-0.500000,0.500000,0.500000,0.000
1044,34.454161,157.442457,137.600000,0.783950,1.000000,0.000000,0.000000,0.000000,157.442457,137.600000,80.000000,0.500000,-0.500000,0.500000,0.500000,4.167
1045,34.487494,157.702457,137.600000,0.783950,1.000000,0.000000,0.000000,0.000000,157.702457,137.600000,80.000000,0.500000,-0.500000,0.500000,0.500000,4.167
1046,34.520828,157.962457,137.600000,0.783950,1.000000,0.000000,0.000000,0.000000,157.962457,137.600000,80.000000,0.500000,-0.500000,0.500000,0.500000,0.000
1047,34.549994,158.189957,137.600000,0.783950,1.000000,0.000000,0.000000,0.000000,158.189957,137.600000,80.000000,0.500000,-0.500000,0.500000,0.500000,4.167
1048,34.583328,158.449957,137.600000,0.783950,1.000000,0.000000,0.000000,0.000000,158.449957,137.600000,80.000000,0.500000,-0.500000,0.500000,0.500000,0.000
1049,34.616661,158.709957,137.600000,0.783950,1.000000,0.000000,0.000000,0.000000,158.709957,137.600000,80.000000,0.500000,-0.500000,0.500000,0.500000,4.167
1050,34.649994,158.969957,137.600000,0.783950,1.000000,0.000000,0.000000,0.000000,158.969957,137.600000,80.000000,0.500000,-0.500000,0.500000,0.500000,4.167
1051,34.683328,159.229957,137.600000,0.783950,1.000000,0.000000,0.000000,0.000000,159.229957,137.600000,80.000000,0.500000,-0.500000,0.500000,0.500000,0.000
1052,34.716661,159.489956,137.600000,0.783950,1.000000,0.000000,0.000000,0.000000,159.489956,137.600000,80.000000,0.500000,-0.500000,0.500000,0.500000,4.167
1053,34.749994,159.749956,137.600000,0.783950,1.000000,0.000000,0.000000,0.000000,159.749956,137.600000,80.000000,0.500000,-0.500000,0.500000,0.500000,4.167
1054,34.783328,160.009956,137.600000,0.783950,1.000000,0.000000,0.000000,0.000000,160.009956,137.600000,80.000000,0.500000,-0.500000,0.500000,0.500000,0.000
1055,34.816661,160.269956,137.600000,0.783950,1.000000,0.000000,0.000000,0.000000,160.269956,137.600000,80.000000,0.500000,-0.500000,0.500000,0.500000,4.167
1056,34.849994,160.529956,137.600000,0.783950,1.000000,0.000000,0.000000,0.000000,160.529956,137.600000,80.000000,0.500000,-0.500000,0.500000,0.500000,4.167
1057,34.883328,160.789956,137.600000,0.783950,1.000000,0.000000,0.000000,0.000000,160.789956,137.600000,80.000000,0.500000,-0.500000,0.500000,0.500000,0.000
1058,34.916661,161.049956,137.600000,0.783950,1.000000,0.000000,0.000000,0.000000,161.049956,137.600000,80.000000,0.500000,-0.500000,0.500000,0.500000,4.167
1059,34.945828,161.277456,137.600000,0.783950,1.000000,0.000000,0.000000,0.000000,161.277456,137.600000,80.000000,0.500000,-0.500000,0.500000,0.500000,0.000
1060,34.979161,161.537456,137.600000,0.783950,1.000000,0.000000,0.000000,0.000000,161.537456,137.600000,80.000000,0.500000,-0.500000,0.500000,0.500000,4.167
1061,35.012494,161.797456,137.600000,0.783950,1.000000,0.000000,0.000000,0.000000,161.797456,137.600000,80.000000,0.500000,-0.500000,0.500000,0.500000,4.167
1062,35.045828,162.057456,137.600000,0.783950,1.000000,0.000000,0.000000,0.000000,162.057456,137.600000,80.000000,0.500000,-0.500000,0.500000,0.500000,0.000
1063,35.079161,162.317456,137.600000,0.783950,1.000000,0.000000,0.000000,0.000000,162.317456,137.600000,80.000000,0.500000,-0.500000,0.500000,0.500000,4.167
1064,35.112494,162.577456,137.600000,0.783950,1.000000,0.000000,0.000000,0.000000,162.577456,137.600000,80.000000,0.500000,-0.500000,0.500000,0.500000,4.167
1065,35.145828,162.837456,137.600000,0.783950,1.000000,0.000000,0.000000,0.000000,162.837456,137.600000,80.000000,0.500000,-0.500000,0.500000,0.500000,0.000
1066,35.179161,163.097456,137.600000,0.783950,1.000000,0.000000,0.000000,0.000000,163.097456,137.600000,80.000000,0.500000,-0.500000,0.500000,0.500000,4.167
1067,35.212494,163.357456,137.600000,0.783950,1.000000,0.000000,0.000000,0.000000,163.357456,137.600000,80.000000,0.500000,-0.500000,0.500000,0.500000,4.167
1068,35.245828,163.617456,137.600000,0.783950,1.000000,0.000000,0.000000,0.000000,163.617456,137.600000,80.000000,0.500000,-0.500000,0.500000,0.500000,0.000
1069,35.279161,163.877456,137.600000,0.783950,1.000000,0.000000,0.000000,0.000000,163.877456,137.600000,80.000000,0.500000,-0.500000,0.500000,0.500000,4.167
1070,35.312494,164.137456,137.600000,0.783950,1.000000,0.000000,0.000000,0.000000,164.137456,137.600000,80.000000,0.500000,-0.500000,0.500000,0.500000,4.167
1071,35.345828,164.397456,137.600000,0.783950,1.000000,0.000000,0.000000,0.000000,164.397456,137.600000,80.000000,0.500000,-0.500000,0.500000,0.500000,0.000
1072,35.374994,164.624956,137.600000,0.783950,1.000000,0.000000,0.000000,0.000000,164.624956,137.600000,80.000000,0.500000,-0.500000,0.500000,0.500000,4.167
1073,35.408328,164.884956,137.600000,0.783950,1.000000,0.000000,0.000000,0.000000,164.884956,137.600000,80.000000,0.500000,-0.500000,0.500000,0.500000,0.000
1074,35.441661,165.144956,137.600000,0.783950,1.000000,0.000000,0.000000,0.000000,165.144956,137.600000,80.000000,0.500000,-0.500000,0.500000,0.500000,4.167
1075,35.474994,165.404956,137.600000,0.783950,1.000000,0.000000,0.000000,0.000000,165.404956,137.600000,80.000000,0.500000,-0.500000,0.500000,0.500000,4.167
1076,35.508328,165.664955,137.600000,0.783950,1.000000,0.000000,0.000000,0.000000,165.664955,137.600000,80.000000,0.500000,-0.500000,0.500000,0.500000,0.000
1077,35.541661,165.924955,137.600000,0.783950,1.000000,0.000000,0.000000,0.000000,165.924955,137.600000,80.000000,0.500000,-0.500000,0.500000,0.500000,4.167
1078,35.574994,166.184955,137.600000,0.783950,1.000000,0.000000,0.000000,0.000000,166.184955,137.600000,80.000000,0.500000,-0.500000,0.500000,0.500000,4.167
1079,35.608328,166.444955,137.600000,0.783950,1.000000,0.000000,0.000000,0.000000,166.444955,137.600000,80.000000,0.500000,-0.500000,0.500000,0.500000,0.000
1080,35.641661,166.704955,137.600000,0.783950,1.000000,0.000000,0.000000,0.000000,166.704955,137.600000,80.000000,0.500000,-0.500000,0.500000,0.500000,4.167
1081,35.674994,166.964955,137.600000,0.783950,1.000000,0.000000,0.000000,0.000000,166.964955,137.600000,80.000000,0.500000,-0.500000,0.500000,0.500000,4.167
1082,35.708328,167.224955,137.600000,0.783950,1.000000,0.000000,0.000000,0.000000,167.224955,137.600000,80.000000,0.500000,-0.500000,0.500000,0.500000,0.000
1083,35.741661,167.484955,137.600000,0.783950,1.000000,0.000000,0.000000,0.000000,167.484955,137.600000,80.000000,0.500000,-0.500000,0.500000,0.500000,4.167
1084,35.770828,167.712455,137.600000,0.783950,1.000000,0.000000,0.000000,0.000000,167.712455,137.600000,80.000000,0.500000,-0.500000,0.500000,0.500000,0.000
1085,35.804161,167.972455,137.600000,0.783950,1.000000,0.000000,0.000000,0.000000,167.972455,137.600000,80.000000,0.500000,-0.500000,0.500000,0.500000,4.167
1086,35.837494,168.232455,137.600000,0.783950,1.000000,0.000000,0.000000,0.000000,168.232455,137.600000,80.000000,0.500000,-0.500000,0.500000,0.500000,4.167
1087,35.870828,168.492455,137.600000,0.783950,1.000000,0.000000,0.000000,0.000000,168.492455,137.600000,80.000000,0.500000,-0.500000,0.500000,0.500000,0.000
1088,35.904161,168.752455,137.600000,0.783950,1.000000,0.000000,0.000000,0.000000,168.752455,137.600000,80.000000,0.500000,-0.500000,0.500000,0.500000,4.167
1089,35.937494,169.012455,137.600000,0.783950,1.000000,0.000000,0.000000,0.000000,169.012455,137.600000,80.000000,0.500000,-0.500000,0.500000,0.500000,4.167
1090,35.970828,169.272455,137.600000,0.783950,1.000000,0.000000,0.000000,0.000000,169.272455,137.600000,80.000000,0.500000,-0.500000,0.500000,0.500000,0.000
1091,36.004161,169.532455,137.600000,0.783950,1.000000,0.000000,0.000000,0.000000,169.532455,137.600000,80.000000,0.500000,-0.500000,0.500000,0.500000,4.167
1092,36.037494,169.792455,137.600000,0.783950,1.000000,0.000000,0.000000,0.000000,169.792455,137.600000,80.000000,0.500000,-0.500000,0.500000,0.500000,4.167
1093,36.070828,170.052455,137.600000,0.783950,1.000000,0.000000,0.000000,0.000000,170.052455,137.600000,80.000000,0.500000,-0.500000,0.500000,0.500000,0.000
1094,36.104161,170.312455,137.600000,0.783950,1.000000,0.000000,0.000000,0.000000,170.312455,137.600000,80.000000,0.500000,-0.500000,0.500000,0.500000,4.167
1095,36.137494,170.572455,137.600000,0.783950,1.000000,0.000000,0.000000,0.000000,170.572455,137.600000,80.000000,0.500000,-0.500000,0.500000,0.500000,4.167
1096,36.170828,170.832455,137.600000,0.783950,1.000000,0.000000,0.000000,0.000000,170.832455,137.600000,80.000000,0.500000,-0.500000,0.500000,0.500000,0.000
1097,36.199994,171.059955,137.600000,0.783950,1.000000,0.000000,0.000000,0.000000,171.059955,137.600000,80.000000,0.500000,-0.500000,0.500000,0.500000,4.167
1098,36.233328,171.319955,137.600000,0.783950,1.000000,0.000000,0.000000,0.000000,171.319955,137.600000,80.000000,0.500000,-0.500000,0.500000,0.500000,0.000
1099,36.266661,171.579955,137.600000,0.783950,1.000000,0.000000,0.000000,0.000000,171.579955,137.600000,80.000000,0.500000,-0.500000,0.500000,0.500000,4.167
1100,36.299994,171.839954,137.600000,0.783950,1.000000,0.000000,0.000000,0.000000,171.839954,137.600000,80.000000,0.500000,-0.500000,0.500000,0.500000,4.167
1101,36.333328,172.099954,137.600000,0.783950,1.000000,0.000000,0.000000,0.000000,172.099954,137.600000,80.000000,0.500000,-0.500000,0.500000,0.500000,0.000
1102,36.366661,172.359954,137.600000,0.783950,1.000000,0.000000,0.000000,0.000000,172.359954,137.600000,80.000000,0.500000,-0.500000,0.500000,0.500000,4.167
1103,36.399994,172.619954,137.600000,0.783950,1.000000,0.000000,0.000000,0.000000,172.619954,137.600000,80.000000,0.500000,-0.500000,0.500000,0.500000,4.167
1104,36.433328,172.879954,137.600000,0.783950,1.000000,0.000000,0.000000,0.000000,172.879954,137.600000,80.000000,0.500000,-0.500000,0.500000,0.500000,0.000
1105,36.466661,173.139954,137.600000,0.783950,1.000000,0.000000,0.000000,0.000000,173.139954,137.600000,80.000000,0.500000,-0.500000,0.500000,0.500000,4.167
1106,36.499994,173.399954,137.600000,0.783950,1.000000,0.000000,0.000000,0.000000,173.399954,137.600000,80.000000,0.500000,-0.500000,0.500000,0.500000,4.167
1107,36.533327,173.659954,137.600000,0.783950,1.000000,0.000000,0.000000,0.000000,173.659954,137.600000,80.000000,0.500000,-0.500000,0.500000,0.500000,0.000
1108,36.566661,173.919954,137.600000,0.783950,1.000000,0.000000,0.000000,0.000000,173.919954,137.600000,80.000000,0.500000,-0.500000,0.500000,0.500000,4.167
1109,36.595827,174.147454,137.600000,0.783950,1.000000,0.000000,0.000000,0.000000,174.147454,137.600000,80.000000,0.500000,-0.500000,0.500000,0.500000,0.000
1110,36.629161,174.407454,137.600000,0.783950,1.000000,0.000000,0.000000,0.000000,174.407454,137.600000,80.000000,0.500000,-0.500000,0.500000,0.500000,4.167
1111,36.662494,174.667454,137.600000,0.783950,1.000000,0.000000,0.000000,0.000000,174.667454,137.600000,80.000000,0.500000,-0.500000,0.500000,0.500000,4.167
1112,36.695827,174.927454,137.600000,0.783950,1.000000,0.000000,0.000000,0.000000,174.927454,137.600000,80.000000,0.500000,-0.500000,0.500000,0.500000,0.000
1113,36.729161,175.187454,137.600000,0.783950,1.000000,0.000000,0.000000,0.000000,175.187454,137.600000,80.000000,0.500000,-0.500000,0.500000,0.500000,4.167
1114,36.762494,175.447454,137.600000,0.783950,1.000000,0.000000,0.000000,0.000000,175.447454,137.600000,80.000000,0.500000,-0.500000,0.500000,0.500000,4.167
1115,36.795827,175.707454,137.600000,0.783950,1.000000,0.000000,0.000000,0.000000,175.707454,137.600000,80.000000,0.500000,-0.500000,0.500000,0.500000,0.000
1116,36.829161,175.967454,137.600000,0.783950,1.000000,0.000000,0.000000,0.000000,175.967454,137.600000,80.000000,0.500000,-0.500000,0.500000,0.500000,4.167
1117,36.862494,176.227454,137.600000,0.783950,1.000000,0.000000,0.000000,0.000000,176.227454,137.600000,80.000000,0.500000,-0.500000,0.500000,0.500000,4.167
1118,36.895827,176.487454,137.600000,0.783950,1.000000,0.000000,0.000000,0.000000,176.487454,137.600000,80.000000,0.500000,-0.500000,0.500000,0.500000,0.000
1119,36.929161,176.747454,137.600000,0.783950,1.000000,0.000000,0.000000,0.000000,176.747454,137.600000,80.000000,0.500000,-0.500000,0.500000,0.500000,4.167
1120,36.962494,177.007454,137.600000,0.783950,1.000000,0.000000,0.000000,0.000000,177.007454,137.600000,80.000000,0.500000,-0.500000,0.500000,0.500000,4.167
1121,36.995827,177.267454,137.600000,0.783950,1.000000,0.000000,0.000000,0.000000,177.267454,137.600000,80.000000,0.500000,-0.500000,0.500000,0.500000,0.000
1122,37.024994,177.494954,137.600000,0.783950,1.000000,0.000000,0.000000,0.000000,177.494954,137.600000,80.000000,0.500000,-0.500000,0.500000,0.500000,4.167
1123,37.058327,177.754954,137.600000,0.783950,1.000000,0.000000,0.000000,0.000000,177.754954,137.600000,80.000000,0.500000,-0.500000,0.500000,0.500000,0.000
1124,37.091661,178.014954,137.600000,0.783950,1.000000,0.000000,0.000000,0.000000,178.014954,137.600000,80.000000,0.500000,-0.500000,0.500000,0.500000,4.167
1125,37.124994,178.274953,137.600000,0.783950,1.000000,0.000000,0.000000,0.000000,178.274953,137.600000,80.000000,0.500000,-0.500000,0.500000,0.500000,4.167
1126,37.158327,178.534953,137.600000,0.783950,1.000000,0.000000,0.000000,0.000000,178.534953,137.600000,80.000000,0.500000,-0.500000,0.500000,0.500000,0.000
1127,37.191661,178.794953,137.600000,0.783950,1.000000,0.000000,0.000000,0.000000,178.794953,137.600000,80.000000,0.500000,-0.500000,0.500000,0.500000,4.167
1128,37.224994,179.054953,137.600000,0.783950,1.000000,0.000000,0.000000,0.000000,179.054953,137.600000,80.000000,0.500000,-0.500000,0.500000,0.500000,4.167
1129,37.258327,179.314953,137.600000,0.783950,1.000000,0.000000,0.000000,0.000000,179.314953,137.600000,80.000000,0.500000,-0.500000,0.500000,0.500000,0.000
1130,37.291661,179.574953,137.600000,0.783950,1.000000,0.000000,0.000000,0.000000,179.574953,137.600000,80.000000,0.500000,-0.500000,0.500000,0.500000,4.167
1131,37.324994,179.834953,137.600000,0.783950,1.000000,0.000000,0.000000,0.000000,179.834953,137.600000,80.000000,0.500000,-0.500000,0.500000,0.500000,4.167
1132,37.358327,180.094953,137.600000,0.783950,1.000000,0.000000,0.000000,0.000000,180.094953,137.600000,80.000000,0.500000,-0.500000,0.500000,0.500000,0.000
1133,37.391661,180.354953,137.600000,0.783950,1.000000,0.000000,0.000000,0.000000,180.354953,137.600000,80.000000,0.500000,-0.500000,0.500000,0.500000,4.167
1134,37.420827,180.582453,137.600000,0.783950,1.000000,0.000000,0.000000,0.000000,180.582453,137.600000,80.000000,0.500000,-0.500000,0.500000,0.500000,0.000
1135,37.454161,180.842453,137.600000,0.783950,1.000000,0.000000,0.000000,0.000000,180.842453,137.600000,80.000000,0.500000,-0.500000,0.500000,0.500000,4.167
1136,37.487494,181.102453,137.600000,0.783950,1.000000,0.000000,0.000000,0.000000,181.102453,137.600000,80.000000,0.500000,-0.500000,0.500000,0.500000,4.167
1137,37.520827,181.362453,137.600000,0.783950,1.000000,0.000000,0.000000,0.000000,181.362453,137.600000,80.000000,0.500000,-0.500000,0.500000,0.500000,0.000
1138,37.554161,181.622453,137.600000,0.783950,1.000000,0.000000,0.000000,0.000000,181.622453,137.600000,80.000000,0.500000,-0.500000,0.500000,0.500000,4.167
1139,37.587494,181.882453,137.600000,0.783950,1.000000,0.000000,0.000000,0.000000,181.882453,137.600000,80.000000,0.500000,-0.500000,0.500000,0.500000,4.167
1140,37.620827,182.142453,137.600000,0.783950,1.000000,0.000000,0.000000,0.000000,182.142453,137.600000,80.000000,0.500000,-0.500000,0.500000,0.500000,0.000
1141,37.654161,182.402453,137.600000,0.783950,1.000000,0.000000,0.000000,0.000000,182.402453,137.600000,80.000000,0.500000,-0.500000,0.500000,0.500000,4.167
1142,37.687494,182.662453,137.600000,0.783950,1.000000,0.000000,0.000000,0.000000,182.662453,137.600000,80.000000,0.500000,-0.500000,0.500000,0.500000,4.167
1143,37.720827,182.922453,137.600000,0.783950,1.000000,0.000000,0.000000,0.000000,182.922453,137.600000,80.000000,0.500000,-0.500000,0.500000,0.500000,0.000
1144,37.754161,183.182453,137.600000,0.783950,1.000000,0.000000,0.000000,0.000000,183.182453,137.600000,80.000000,0.500000,-0.500000,0.500000,0.500000,4.167
1145,37.787494,183.442453,137.600000,0.783950,1.000000,0.000000,0.000000,0.000000,183.442453,137.600000,80.000000,0.500000,-0.500000,0.500000,0.500000,4.167
1146,37.820827,183.702453,137.600000,0.783950,1.000000,0.000000,0.000000,0.000000,183.702453,137.600000,80.000000,0.500000,-0.500000,0.500000,0.500000,0.000
1147,37.849994,183.929953,137.600000,0.783950,1.000000,0.000000,0.000000,0.000000,183.929953,137.600000,80.000000,0.500000,-0.500000,0.500000,0.500000,4.167
1148,37.883327,184.189953,137.600000,0.783950,1.000000,0.000000,0.000000,0.000000,184.189953,137.600000,80.000000,0.500000,-0.500000,0.500000,0.500000,0.000
1149,37.916661,184.449952,137.600000,0.783950,1.000000,0.000000,0.000000,0.000000,184.449952,137.600000,80.000000,0.500000,-0.500000,0.500000,0.500000,4.167
1150,37.949994,184.709952,137.600000,0.783950,1.000000,0.000000,0.000000,0.000000,184.709952,137.600000,80.000000,0.500000,-0.500000,0.500000,0.500000,4.167
1151,37.983327,184.969952,137.600000,0.783950,1.000000,0.000000,0.000000,0.000000,184.969952,137.600000,80.000000,0.500000,-0.500000,0.500000,0.500000,0.000
1152,38.016661,185.229952,137.600000,0.783950,1.000000,0.000000,0.000000,0.000000,185.229952,137.600000,80.000000,0.500000,-0.500000,0.500000,0.500000,4.167
1153,38.049994,185.489952,137.600000,0.783950,1.000000,0.000000,0.000000,0.000000,185.489952,137.600000,80.000000,0.500000,-0.500000,0.500000,0.500000,4.167
1154,38.083327,185.749952,137.600000,0.783950,1.000000,0.000000,0.000000,0.000000,185.749952,137.600000,80.000000,0.500000,-0.500000,0.500000,0.500000,0.000
1155,38.116661,186.009952,137.600000,0.783950,1.000000,0.000000,0.000000,0.000000,186.009952,137.600000,80.000000,0.500000,-0.500000,0.500000,0.500000,4.167
1156,38.149994,186.269952,137.600000,0.783950,1.000000,0.000000,0.000000,0.000000,186.269952,137.600000,80.000000,0.500000,-0.500000,0.500000,0.500000,4.167
1157,38.183327,186.529952,137.600000,0.783950,1.000000,0.000000,0.000000,0.000000,186.529952,137.600000,80.000000,0.500000,-0.500000,0.500000,0.500000,0.000
1158,38.216661,186.789952,137.600000,0.783950,1.000000,0.000000,0.000000,0.000000,186.789952,137.600000,80.000000,0.500000,-0.500000,0.500000,0.500000,4.167
1159,38.245827,187.017452,137.600000,0.783950,1.000000,0.000000,0.000000,0.000000,187.017452,137.600000,80.000000,0.500000,-0.500000,0.500000,0.500000,0.000
1160,38.279161,187.277452,137.600000,0.783950,1.000000,0.000000,0.000000,0.000000,187.277452,137.600000,80.000000,0.500000,-0.500000,0.500000,0.500000,4.167
1161,38.312494,187.537452,137.600000,0.783950,1.000000,0.000000,0.000000,0.000000,187.537452,137.600000,80.000000,0.500000,-0.500000,0.500000,0.500000,4.167
1162,38.345827,187.797452,137.600000,0.783950,1.000000,0.000000,0.000000,0.000000,187.797452,137.600000,80.000000,0.500000,-0.500000,0.500000,0.500000,0.000
1163,38.379161,188.057452,137.600000,0.783950,1.000000,0.000000,0.000000,0.000000,188.057452,137.600000,80.000000,0.500000,-0.500000,0.500000,0.500000,4.167
1164,38.412494,188.317452,137.600000,0.783950,1.000000,0.000000,0.000000,0.000000,188.317452,137.600000,80.000000,0.500000,-0.500000,0.500000,0.500000,4.167
1165,38.445827,188.577452,137.600000,0.783950,1.000000,0.000000,0.000000,0.000000,188.577452,137.600000,80.000000,0.500000,-0.500000,0.500000,0.500000,0.000
1166,38.479161,188.837452,137.600000,0.783950,1.000000,0.000000,0.000000,0.000000,188.837452,137.600000,80.000000,0.500000,-0.500000,0.500000,0.500000,4.167
1167,38.512494,189.097452,137.600000,0.783950,1.000000,0.000000,0.000000,0.000000,189.097452,137.600000,80.000000,0.500000,-0.500000,0.500000,0.500000,4.167
1168,38.545827,189.357452,137.600000,0.783950,1.000000,0.000000,0.000000,0.000000,189.357452,137.600000,80.000000,0.500000,-0.500000,0.500000,0.500000,0.000
1169,38.579160,189.617452,137.600000,0.783950,1.000000,0.000000,0.000000,0.000000,189.617452,137.600000,80.000000,0.500000,-0.500000,0.500000,0.500000,4.167
1170,38.612494,189.877452,137.600000,0.783950,1.000000,0.000000,0.000000,0.000000,189.877452,137.600000,80.000000,0.500000,-0.500000,0.500000,0.500000,4.167
1171,38.645827,190.137452,137.600000,0.783950,1.000000,0.000000,0.000000,0.000000,190.137452,137.600000,80.000000,0.500000,-0.500000,0.500000,0.500000,0.000
1172,38.674994,190.364952,137.600000,0.783950,1.000000,0.000000,0.000000,0.000000,190.364952,137.600000,80.000000,0.500000,-0.500000,0.500000,0.500000,4.167
1173,38.708327,190.624951,137.600000,0.783950,1.000000,0.000000,0.000000,0.000000,190.624951,137.600000,80.000000,0.500000,-0.500000,0.500000,0.500000,0.000
1174,38.741660,190.884951,137.600000,0.783950,1.000000,0.000000,0.000000,0.000000,190.884951,137.600000,80.000000,0.500000,-0.500000,0.500000,0.500000,4.167
1175,38.774994,191.144951,137.600000,0.783950,1.000000,0.000000,0.000000,0.000000,191.144951,137.600000,80.000000,0.500000,-0.500000,0.500000,0.500000,4.167
1176,38.808327,191.404951,137.600000,0.783950,1.000000,0.000000,0.000000,0.000000,191.404951,137.600000,80.000000,0.500000,-0.500000,0.500000,0.500000,0.000
1177,38.841660,191.664951,137.600000,0.783950,1.000000,0.000000,0.000000,0.000000,191.664951,137.600000,80.000000,0.500000,-0.500000,0.500000,0.500000,4.167
1178,38.874994,191.924951,137.600000,0.783950,1.000000,0.000000,0.000000,0.000000,191.924951,137.600000,80.000000,0.500000,-0.500000,0.500000,0.500000,4.167
1179,38.908327,192.184951,137.600000,0.783950,1.000000,0.000000,0.000000,0.000000,192.184951,137.600000,80.000000,0.500000,-0.500000,0.500000,0.500000,0.000
1180,38.941660,192.444951,137.600000,0.783950,1.000000,0.000000,0.000000,0.000000,192.444951,137.600000,80.000000,0.500000,-0.500000,0.500000,0.500000,4.167
1181,38.974994,192.704951,137.600000,0.783950,1.000000,0.000000,0.000000,0.000000,192.704951,137.600000,80.000000,0.500000,-0.500000,0.500000,0.500000,4.167
1182,39.008327,192.964951,137.600000,0.783950,1.000000,0.000000,0.000000,0.000000,192.964951,137.600000,80.000000,0.500000,-0.500000,0.500000,0.500000,0.000
1183,39.041660,193.224951,137.600000,0.783950,1.000000,0.000000,0.000000,0.000000,193.224951,137.600000,80.000000,0.500000,-0.500000,0.500000,0.500000,4.167
1184,39.070827,193.452451,137.600000,0.783950,1.000000,0.000000,0.000000,0.000000,193.452451,137.600000,80.000000,0.500000,-0.500000,0.500000,0.500000,0.000
1185,39.104160,193.712451,137.600000,0.783950,1.000000,0.000000,0.000000,0.000000,193.712451,137.600000,80.000000,0.500000,-0.500000,0.500000,0.500000,4.167
1186,39.137494,193.972451,137.600000,0.783950,1.000000,0.000000,0.000000,0.000000,193.972451,137.600000,80.000000,0.500000,-0.500000,0.500000,0.500000,4.167
1187,39.170827,194.232451,137.600000,0.783950,1.000000,0.000000,0.000000,0.000000,194.232451,137.600000,80.000000,0.500000,-0.500000,0.500000,0.500000,0.000
1188,39.204160,194.492451,137.600000,0.783950,1.000000,0.000000,0.000000,0.000000,194.492451,137.600000,80.000000,0.500000,-0.500000,0.500000,0.500000,4.167
1189,39.237494,194.752451,137.600000,0.783950,1.000000,0.000000,0.000000,0.000000,194.752451,137.600000,80.000000,0.500000,-0.500000,0.500000,0.500000,4.167
1190,39.270827,195.012451,137.600000,0.783950,1.000000,0.000000,0.000000,0.000000,195.012451,137.600000,80.000000,0.500000,-0.500000,0.500000,0.500000,0.000
1191,39.304160,195.272451,137.600000,0.783950,1.000000,0.000000,0.000000,0.000000,195.272451,137.600000,80.000000,0.500000,-0.500000,0.500000,0.500000,4.167
1192,39.337494,195.532451,137.600000,0.783950,1.000000,0.000000,0.000000,0.000000,195.532451,137.600000,80.000000,0.500000,-0.500000,0.500000,0.500000,4.167
1193,39.370827,195.792451,137.600000,0.783950,1.000000,0.000000,0.000000,0.000000,195.792451,137.600000,80.000000,0.500000,-0.500000,0.500000,0.500000,0.000
1194,39.404160,196.052451,137.600000,0.783950,1.000000,0.000000,0.000000,0.000000,196.052451,137.600000,80.000000,0.500000,-0.500000,0.500000,0.500000,4.167
1195,39.437494,196.312451,137.600000,0.783950,1.000000,0.000000,0.000000,0.000000,196.312451,137.600000,80.000000,0.500000,-0.500000,0.500000,0.500000,4.167
1196,39.470827,196.572451,137.600000,0.783950,1.000000,0.000000,0.000000,0.000000,196.572451,137.600000,80.000000,0.500000,-0.500000,0.500000,0.500000,0.000
1197,39.499994,196.799950,137.600000,0.783950,1.000000,0.000000,0.000000,0.000000,196.799950,137.600000,80.000000,0.500000,-0.500000,0.500000,0.500000,4.167
1198,39.533327,197.059950,137.600000,0.783950,1.000000,0.000000,0.000000,0.000000,197.059950,137.600000,80.000000,0.500000,-0.500000,0.500000,0.500000,0.000
1199,39.566660,197.319950,137.600000,0.783950,1.000000,0.000000,0.000000,0.000000,197.319950,137.600000,80.000000,0.500000,-0.500000,0.500000,0.500000,4.167
1200,39.599994,197.579950,137.600000,0.783950,1.000000,0.000000,0.000000,0.000000,197.579950,137.600000,80.000000,0.500000,-0.500000,0.500000,0.500000,4.167
1201,39.633327,197.839950,137.600000,0.783950,1.000000,0.000000,0.000000,0.000000,197.839950,137.600000,80.000000,0.500000,-0.500000,0.500000,0.500000,0.000
1202,39.666660,198.099950,137.600000,0.783950,1.000000,0.000000,0.000000,0.000000,198.099950,137.600000,80.000000,0.500000,-0.500000,0.500000,0.500000,4.167
1203,39.699994,198.359950,137.600000,0.783950,1.000000,0.000000,0.000000,0.000000,198.359950,137.600000,80.000000,0.500000,-0.500000,0.500000,0.500000,4.167
1204,39.733327,198.619950,137.600000,0.783950,1.000000,0.000000,0.000000,0.000000,198.619950,137.600000,80.000000,0.500000,-0.500000,0.500000,0.500000,0.000
1205,39.766660,198.879950,137.600000,0.783950,1.000000,0.000000,0.000000,0.000000,198.879950,137.600000,80.000000,0.500000,-0.500000,0.500000,0.500000,4.167
1206,39.799994,199.139950,137.600000,0.783950,1.000000,0.000000,0.000000,0.000000,199.139950,137.600000,80.000000,0.500000,-0.500000,0.500000,0.500000,4.167
1207,39.833327,199.399950,137.600000,0.783950,1.000000,0.000000,0.000000,0.000000,199.399950,137.600000,80.000000,0.500000,-0.500000,0.500000,0.500000,0.000
1208,39.866660,199.659950,137.600000,0.783950,1.000000,0.000000,0.000000,0.000000,199.659950,137.600000,80.000000,0.500000,-0.500000,0.500000,0.500000,4.167
1209,39.895827,199.887450,137.600000,0.783950,1.000000,0.000000,0.000000,0.000000,199.887450,137.600000,80.000000,0.500000,-0.500000,0.500000,0.500000,0.000
1210,39.929160,200.147450,137.600000,0.783950,1.000000,0.000000,0.000000,0.000000,200.147450,137.600000,80.000000,0.500000,-0.500000,0.500000,0.500000,4.167
1211,39.962494,200.407450,137.600000,0.783950,1.000000,0.000000,0.000000,0.000000,200.407450,137.600000,80.000000,0.500000,-0.500000,0.500000,0.500000,4.167
1212,39.995827,200.667450,137.600000,0.783950,1.000000,0.000000,0.000000,0.000000,200.667450,137.600000,80.000000,0.500000,-0.500000,0.500000,0.500000,0.000
1213,40.029160,200.927450,137.600000,0.783950,1.000000,0.000000,0.000000,0.000000,200.927450,137.600000,80.000000,0.500000,-0.500000,0.500000,0.500000,4.167
1214,40.062494,201.187450,137.600000,0.783950,1.000000,0.000000,0.000000,0.000000,201.187450,137.600000,80.000000,0.500000,-0.500000,0.500000,0.500000,4.167
1215,40.095827,201.447450,137.600000,0.783950,1.000000,0.000000,0.000000,0.000000,201.447450,137.600000,80.000000,0.500000,-0.500000,0.500000,0.500000,0.000
1216,40.129160,201.707450,137.600000,0.783950,1.000000,0.000000,0.000000,0.000000,201.707450,137.600000,80.000000,0.500000,-0.500000,0.500000,0.500000,4.167
1217,40.162494,201.967450,137.600000,0.783950,1.000000,0.000000,0.000000,0.000000,201.967450,137.600000,80.000000,0.500000,-0.500000,0.500000,0.500000,4.167
1218,40.195827,202.227450,137.600000,0.783950,1.000000,0.000000,0.000000,0.000000,202.227450,137.600000,80.000000,0.500000,-0.500000,0.500000,0.500000,0.000
1219,40.229160,202.487450,137.600000,0.783950,1.000000,0.000000,0.000000,0.000000,202.487450,137.600000,80.000000,0.500000,-0.500000,0.500000,0.500000,4.167
1220,40.262494,202.747450,137.600000,0.783950,1.000000,0.000000,0.000000,0.000000,202.747450,137.600000,80.000000,0.500000,-0.500000,0.500000,0.500000,4.167
1221,40.295827,203.007450,137.600000,0.783950,1.000000,0.000000,0.000000,0.000000,203.007450,137.600000,80.000000,0.500000,-0.500000,0.500000,0.500000,0.000
1222,40.324994,203.234949,137.600000,0.783950,1.000000,0.000000,0.000000,0.000000,203.234949,137.600000,80.000000,0.500000,-0.500000,0.500000,0.500000,4.167
1223,40.358327,203.494949,137.600000,0.783950,1.000000,0.000000,0.000000,0.000000,203.494949,137.600000,80.000000,0.500000,-0.500000,0.500000,0.500000,0.000
1224,40.391660,203.754949,137.600000,0.783950,1.000000,0.000000,0.000000,0.000000,203.754949,137.600000,80.000000,0.500000,-0.500000,0.500000,0.500000,4.167
1225,40.424994,204.014949,137.600000,0.783950,1.000000,0.000000,0.000000,0.000000,204.014949,137.600000,80.000000,0.500000,-0.500000,0.500000,0.500000,4.167
1226,40.458327,204.274949,137.600000,0.783950,1.000000,0.000000,0.000000,0.000000,204.274949,137.600000,80.000000,0.500000,-0.500000,0.500000,0.500000,0.000
1227,40.491660,204.534949,137.600000,0.783950,1.000000,0.000000,0.000000,0.000000,204.534949,137.600000,80.000000,0.500000,-0.500000,0.500000,0.500000,4.167
1228,40.524994,204.794949,137.600000,0.783950,1.000000,0.000000,0.000000,0.000000,204.794949,137.600000,80.000000,0.500000,-0.500000,0.500000,0.500000,4.167
1229,40.558327,205.054949,137.600000,0.783950,1.000000,0.000000,0.000000,0.000000,205.054949,137.600000,80.000000,0.500000,-0.500000,0.500000,0.500000,0.000
1230,40.591660,205.314949,137.600000,0.783950,1.000000,0.000000,0.000000,0.000000,205.314949,137.600000,80.000000,0.500000,-0.500000,0.500000,0.500000,4.167
1231,40.624993,205.574949,137.600000,0.783950,1.000000,0.000000,0.000000,0.000000,205.574949,137.600000,80.000000,0.500000,-0.500000,0.500000,0.500000,4.167
1232,40.658327,205.834949,137.600000,0.783950,1.000000,0.000000,0.000000,0.000000,205.834949,137.600000,80.000000,0.500000,-0.500000,0.500000,0.500000,0.000
1233,40.691660,206.094949,137.600000,0.783950,1.000000,0.000000,0.000000,0.000000,206.094949,137.600000,80.000000,0.500000,-0.500000,0.500000,0.500000,4.167
1234,40.720827,206.322449,137.600000,0.783950,1.000000,0.000000,0.000000,0.000000,206.322449,137.600000,80.000000,0.500000,-0.500000,0.500000,0.500000,0.000
1235,40.754160,206.582449,137.600000,0.783950,1.000000,0.000000,0.000000,0.000000,206.582449,137.600000,80.000000,0.500000,-0.500000,0.500000,0.500000,4.167
1236,40.787493,206.842449,137.600000,0.783950,1.000000,0.000000,0.000000,0.000000,206.842449,137.600000,80.000000,0.500000,-0.500000,0.500000,0.500000,4.167
1237,40.820827,207.102449,137.600000,0.783950,1.000000,0.000000,0.000000,0.000000,207.102449,137.600000,80.000000,0.500000,-0.500000,0.500000,0.500000,0.000
1238,40.854160,207.362449,137.600000,0.783950,1.000000,0.000000,0.000000,0.000000,207.362449,137.600000,80.000000,0.500000,-0.500000,0.500000,0.500000,4.167
1239,40.887493,207.622449,137.600000,0.783950,1.000000,0.000000,0.000000,0.000000,207.622449,137.600000,80.000000,0.500000,-0.500000,0.500000,0.500000,4.167
1240,40.920827,207.882449,137.600000,0.783950,1.000000,0.000000,0.000000,0.000000,207.882449,137.600000,80.000000,0.500000,-0.500000,0.500000,0.500000,0.000
1241,40.954160,208.142449,137.600000,0.783950,1.000000,0.000000,0.000000,0.000000,208.142449,137.600000,80.000000,0.500000,-0.500000,0.500000,0.500000,4.167
1242,40.987493,208.402449,137.600000,0.783950,1.000000,0.000000,0.000000,0.000000,208.402449,137.600000,80.000000,0.500000,-0.500000,0.500000,0.500000,4.167
1243,41.020827,208.662449,137.600000,0.783950,1.000000,0.000000,0.000000,0.000000,208.662449,137.600000,80.000000,0.500000,-0.500000,0.500000,0.500000,0.000
1244,41.054160,208.922449,137.600000,0.783950,1.000000,0.000000,0.000000,0.000000,208.922449,137.600000,80.000000,0.500000,-0.500000,0.500000,0.500000,4.167
1245,41.087493,209.182449,137.600000,0.783950,1.000000,0.000000,0.000000,0.000000,209.182449,137.600000,80.000000,0.500000,-0.500000,0.500000,0.500000,4.167
1246,41.120827,209.442448,137.600000,0.783950,1.000000,0.000000,0.000000,0.000000,209.442448,137.600000,80.000000,0.500000,-0.500000,0.500000,0.500000,0.000
1247,41.149993,209.669948,137.600000,0.783950,1.000000,0.000000,0.000000,0.000000,209.669948,137.600000,80.000000,0.500000,-0.500000,0.500000,0.500000,4.167
1248,41.183327,209.929948,137.600000,0.783950,1.000000,0.000000,0.000000,0.000000,209.929948,137.600000,80.000000,0.500000,-0.500000,0.500000,0.500000,0.000
1249,41.216660,210.189948,137.600000,0.783950,1.000000,0.000000,0.000000,0.000000,210.189948,137.600000,80.000000,0.500000,-0.500000,0.500000,0.500000,4.167
1250,41.249993,210.449948,137.600000,0.783950,1.000000,0.000000,0.000000,0.000000,210.449948,137.600000,80.000000,0.500000,-0.500000,0.500000,0.500000,4.167
1251,41.283327,210.709948,137.600000,0.783950,1.000000,0.000000,0.000000,0.000000,210.709948,137.600000,80.000000,0.500000,-0.500000,0.500000,0.500000,0.000
1252,41.316660,210.969948,137.600000,0.783950,1.000000,0.000000,0.000000,0.000000,210.969948,137.600000,80.000000,0.500000,-0.500000,0.500000,0.500000,4.167
1253,41.349993,211.229948,137.600000,0.783950,1.000000,0.000000,0.000000,0.000000,211.229948,137.600000,80.000000,0.500000,-0.500000,0.500000,0.500000,4.167
1254,41.383327,211.489948,137.600000,0.783950,1.000000,0.000000,0.000000,0.000000,211.489948,137.600000,80.000000,0.500000,-0.500000,0.500000,0.500000,0.000
1255,41.416660,211.749948,137.600000,0.783950,1.000000,0.000000,0.000000,0.000000,211.749948,137.600000,80.000000,0.500000,-0.500000,0.500000,0.500000,4.167
1256,41.449993,212.009948,137.600000,0.783950,1.000000,0.000000,0.000000,0.000000,212.009948,137.600000,80.000000,0.500000,-0.500000,0.500000,0.500000,4.167
1257,41.483327,212.269948,137.600000,0.783950,1.000000,0.000000,0.000000,0.000000,212.269948,137.600000,80.000000,0.500000,-0.500000,0.500000,0.500000,0.000
1258,41.516660,212.529948,137.600000,0.783950,1.000000,0.000000,0.000000,0.000000,212.529948,137.600000,80.000000,0.500000,-0.500000,0.500000,0.500000,4.167
1259,41.545827,212.757448,137.600000,0.783950,1.000000,0.000000,0.000000,0.000000,212.757448,137.600000,80.000000,0.500000,-0.500000,0.500000,0.500000,0.000
1260,41.579160,213.017448,137.600000,0.783950,1.000000,0.000000,0.000000,0.000000,213.017448,137.600000,80.000000,0.500000,-0.500000,0.500000,0.500000,4.167
1261,41.612493,213.277448,137.600000,0.783950,1.000000,0.000000,0.000000,0.000000,213.277448,137.600000,80.000000,0.500000,-0.500000,0.500000,0.500000,4.167
1262,41.645827,213.537448,137.600000,0.783950,1.000000,0.000000,0.000000,0.000000,213.537448,137.600000,80.000000,0.500000,-0.500000,0.500000,0.500000,0.000
1263,41.679160,213.797448,137.600000,0.783950,1.000000,0.000000,0.000000,0.000000,213.797448,137.600000,80.000000,0.500000,-0.500000,0.500000,0.500000,4.167
1264,41.712493,214.057448,137.600000,0.783950,1.000000,0.000000,0.000000,0.000000,214.057448,137.600000,80.000000,0.500000,-0.500000,0.500000,0.500000,4.167
1265,41.745827,214.317448,137.600000,0.783950,1.000000,0.000000,0.000000,0.000000,214.317448,137.600000,80.000000,0.500000,-0.500000,0.500000,0.500000,0.000
1266,41.779160,214.577448,137.600000,0.783950,1.000000,0.000000,0.000000,0.000000,214.577448,137.600000,80.000000,0.500000,-0.500000,0.500000,0.500000,4.167
1267,41.812493,214.837448,137.600000,0.783950,1.000000,0.000000,0.000000,0.000000,214.837448,137.600000,80.000000,0.500000,-0.500000,0.500000,0.500000,4.167
1268,41.845827,215.097448,137.600000,0.783950,1.000000,0.000000,0.000000,0.000000,215.097448,137.600000,80.000000,0.500000,-0.500000,0.500000,0.500000,0.000
1269,41.879160,215.357448,137.600000,0.783950,1.000000,0.000000,0.000000,0.000000,215.357448,137.600000,80.000000,0.500000,-0.500000,0.500000,0.500000,4.167
1270,41.912493,215.617447,137.600000,0.783950,1.000000,0.000000,0.000000,0.000000,215.617447,137.600000,80.000000,0.500000,-0.500000,0.500000,0.500000,4.167
1271,41.945827,215.877447,137.600000,0.783950,1.000000,0.000000,0.000000,0.000000,215.877447,137.600000,80.000000,0.500000,-0.500000,0.500000,0.500000,0.000
1272,41.974993,216.104947,137.600000,0.783950,1.000000,0.000000,0.000000,0.000000,216.104947,137.600000,80.000000,0.500000,-0.500000,0.500000,0.500000,4.167
1273,42.008327,216.364947,137.600000,0.783950,1.000000,0.000000,0.000000,0.000000,216.364947,137.600000,80.000000,0.500000,-0.500000,0.500000,0.500000,0.000
1274,42.041660,216.624947,137.600000,0.783950,1.000000,0.000000,0.000000,0.000000,216.624947,137.600000,80.000000,0.500000,-0.500000,0.500000,0.500000,4.167
1275,42.074993,216.884947,137.600000,0.783950,1.000000,0.000000,0.000000,0.000000,216.884947,137.600000,80.000000,0.500000,-0.500000,0.500000,0.500000,4.167
1276,42.108327,217.144947,137.600000,0.783950,1.000000,0.000000,0.000000,0.000000,217.144947,137.600000,80.000000,0.500000,-0.500000,0.500000,0.500000,0.000
1277,42.141660,217.404947,137.600000,0.783950,1.000000,0.000000,0.000000,0.000000,217.404947,137.600000,80.000000,0.500000,-0.500000,0.500000,0.500000,4.167
1278,42.174993,217.664947,137.600000,0.783950,1.000000,0.000000,0.000000,0.000000,217.664947,137.600000,80.000000,0.500000,-0.500000,0.500000,0.500000,4.167
1279,42.208327,217.924947,137.600000,0.783950,1.000000,0.000000,0.000000,0.000000,217.924947,137.600000,80.000000,0.500000,-0.500000,0.500000,0.500000,0.000
1280,42.241660,218.184947,137.600000,0.783950,1.000000,0.000000,0.000000,0.000000,218.184947,137.600000,80.000000,0.500000,-0.500000,0.500000,0.500000,4.167
1281,42.274993,218.444947,137.600000,0.783950,1.000000,0.000000,0.000000,0.000000,218.444947,137.600000,80.000000,0.500000,-0.500000,0.500000,0.500000,4.167
1282,42.308327,218.704947,137.600000,0.783950,1.000000,0.000000,0.000000,0.000000,218.704947,137.600000,80.000000,0.500000,-0.500000,0.500000,0.500000,0.000
1283,42.341660,218.964947,137.600000,0.783950,1.000000,0.000000,0.000000,0.000000,218.964947,137.600000,80.000000,0.500000,-0.500000,0.500000,0.500000,4.167
1284,42.370827,219.192447,137.600000,0.783950,1.000000,0.000000,0.000000,0.000000,219.192447,137.600000,80.000000,0.500000,-0.500000,0.500000,0.500000,0.000
1285,42.404160,219.452447,137.600000,0.783950,1.000000,0.000000,0.000000,0.000000,219.452447,137.600000,80.000000,0.500000,-0.500000,0.500000,0.500000,4.167
1286,42.437493,219.712447,137.600000,0.783950,1.000000,0.000000,0.000000,0.000000,219.712447,137.600000,80.000000,0.500000,-0.500000,0.500000,0.500000,4.167
1287,42.470827,219.972447,137.600000,0.783950,1.000000,0.000000,0.000000,0.000000,219.972447,137.600000,80.000000,0.500000,-0.500000,0.500000,0.500000,0.000
1288,42.504160,220.232447,137.600000,0.783950,1.000000,0.000000,0.000000,0.000000,220.232447,137.600000,80.000000,0.500000,-0.500000,0.500000,0.500000,4.167
1289,42.537493,220.492447,137.600000,0.783950,1.000000,0.000000,0.000000,0.000000,220.492447,137.600000,80.000000,0.500000,-0.500000,0.500000,0.500000,4.167
1290,42.570827,220.752447,137.600000,0.783950,1.000000,0.000000,0.000000,0.000000,220.752447,137.600000,80.000000,0.500000,-0.500000,0.500000,0.500000,0.000
1291,42.604160,221.012447,137.600000,0.783950,1.000000,0.000000,0.000000,0.000000,221.012447,137.600000,80.000000,0.500000,-0.500000,0.500000,0.500000,4.167
1292,42.637493,221.272447,137.600000,0.783950,1.000000,0.000000,0.000000,0.000000,221.272447,137.600000,80.000000,0.500000,-0.500000,0.500000,0.500000,4.167
1293,42.670827,221.532447,137.600000,0.783950,1.000000,0.000000,0.000000,0.000000,221.532447,137.600000,80.000000,0.500000,-0.500000,0.500000,0.500000,0.000
1294,42.704160,221.792446,137.600000,0.783950,1.000000,0.000000,0.000000,0.000000,221.792446,137.600000,80.000000,0.500000,-0.500000,0.500000,0.500000,4.167
1295,42.737493,222.052446,137.600000,0.783950,1.000000,0.000000,0.000000,0.000000,222.052446,137.600000,80.000000,0.500000,-0.500000,0.500000,0.500000,4.167
1296,42.770826,222.312446,137.600000,0.783950,1.000000,0.000000,0.000000,0.000000,222.312446,137.600000,80.000000,0.500000,-0.500000,0.500000,0.500000,0.000
1297,42.799993,222.539946,137.600000,0.783950,1.000000,0.000000,0.000000,0.000000,222.539946,137.600000,80.000000,0.500000,-0.500000,0.500000,0.500000,4.167
1298,42.833326,222.799946,137.600000,0.783950,1.000000,0.000000,0.000000,0.000000,222.799946,137.600000,80.000000,0.500000,-0.500000,0.500000,0.500000,0.000
1299,42.866660,223.059946,137.600000,0.783950,1.000000,0.000000,0.000000,0.000000,223.059946,137.600000,80.000000,0.500000,-0.500000,0.500000,0.500000,4.167
1300,42.899993,223.319946,137.600000,0.783950,1.000000,0.000000,0.000000,0.000000,223.319946,137.600000,80.000000,0.500000,-0.500000,0.500000,0.500000,4.167
1301,42.933326,223.579946,137.600000,0.783950,1.000000,0.000000,0.000000,0.000000,223.579946,137.600000,80.000000,0.500000,-0.500000,0.500000,0.500000,0.000
1302,42.966660,223.839946,137.600000,0.783950,1.000000,0.000000,0.000000,0.000000,223.839946,137.600000,80.000000,0.500000,-0.500000,0.500000,0.500000,4.167
1303,42.999993,224.099946,137.600000,0.783950,1.000000,0.000000,0.000000,0.000000,224.099946,137.600000,80.000000,0.500000,-0.500000,0.500000,0.500000,4.167
1304,43.033326,224.359946,137.600000,0.783950,1.000000,0.000000,0.000000,0.000000,224.359946,137.600000,80.000000,0.500000,-0.500000,0.500000,0.500000,0.000
1305,43.066660,224.619946,137.600000,0.783950,1.000000,0.000000,0.000000,0.000000,224.619946,137.600000,80.000000,0.500000,-0.500000,0.500000,0.500000,4.167
1306,43.099993,224.879946,137.600000,0.783950,1.000000,0.000000,0.000000,0.000000,224.879946,137.600000,80.000000,0.500000,-0.500000,0.500000,0.500000,4.167
1307,43.133326,225.139946,137.600000,0.783950,1.000000,0.000000,0.000000,0.000000,225.139946,137.600000,80.000000,0.500000,-0.500000,0.500000,0.500000,0.000
1308,43.166660,225.399946,137.600000,0.783950,1.000000,0.000000,0.000000,0.000000,225.399946,137.600000,80.000000,0.500000,-0.500000,0.500000,0.500000,4.167
1309,43.195826,225.627446,137.600000,0.783950,1.000000,0.000000,0.000000,0.000000,225.627446,137.600000,80.000000,0.500000,-0.500000,0.500000,0.500000,0.000
1310,43.229160,225.887446,137.600000,0.783950,1.000000,0.000000,0.000000,0.000000,225.887446,137.600000,80.000000,0.500000,-0.500000,0.500000,0.500000,4.167
1311,43.262493,226.147446,137.600000,0.783950,1.000000,0.000000,0.000000,0.000000,226.147446,137.600000,80.000000,0.500000,-0.500000,0.500000,0.500000,4.167
1312,43.295826,226.407446,137.600000,0.783950,1.000000,0.000000,0.000000,0.000000,226.407446,137.600000,80.000000,0.500000,-0.500000,0.500000,0.500000,0.000
1313,43.329160,226.667446,137.600000,0.783950,1.000000,0.000000,0.000000,0.000000,226.667446,137.600000,80.000000,0.500000,-0.500000,0.500000,0.500000,4.167
1314,43.362493,226.927446,137.600000,0.783950,1.000000,0.000000,0.000000,0.000000,226.927446,137.600000,80.000000,0.500000,-0.500000,0.500000,0.500000,4.167
1315,43.395826,227.187446,137.600000,0.783950,1.000000,0.000000,0.000000,0.000000,227.187446,137.600000,80.000000,0.500000,-0.500000,0.500000,0.500000,0.000
1316,43.429160,227.447446,137.600000,0.783950,1.000000,0.000000,0.000000,0.000000,227.447446,137.600000,80.000000,0.500000,-0.500000,0.500000,0.500000,4.167
1317,43.462493,227.707446,137.600000,0.783950,1.000000,0.000000,0.000000,0.000000,227.707446,137.600000,80.000000,0.500000,-0.500000,0.500000,0.500000,4.167
1318,43.495826,227.967446,137.600000,0.783950,1.000000,0.000000,0.000000,0.000000,227.967446,137.600000,80.000000,0.500000,-0.500000,0.500000,0.500000,0.000
1319,43.529160,228.227445,137.600000,0.783950,1.000000,0.000000,0.000000,0.000000,228.227445,137.600000,80.000000,0.500000,-0.500000,0.500000,0.500000,4.167
1320,43.562493,228.487445,137.600000,0.783950,1.000000,0.000000,0.000000,0.000000,228.487445,137.600000,80.000000,0.500000,-0.500000,0.500000,0.500000,4.167
1321,43.595826,228.747445,137.600000,0.783950,1.000000,0.000000,0.000000,0.000000,228.747445,137.600000,80.000000,0.500000,-0.500000,0.500000,0.500000,0.000
1322,43.624993,228.974945,137.600000,0.783950,1.000000,0.000000,0.000000,0.000000,228.974945,137.600000,80.000000,0.500000,-0.500000,0.500000,0.500000,4.167
1323,43.658326,229.234945,137.600000,0.783950,1.000000,0.000000,0.000000,0.000000,229.234945,137.600000,80.000000,0.500000,-0.500000,0.500000,0.500000,0.000
1324,43.691660,229.494945,137.600000,0.783950,1.000000,0.000000,0.000000,0.000000,229.494945,137.600000,80.000000,0.500000,-0.500000,0.500000,0.500000,4.167
1325,43.724993,229.754945,137.600000,0.783950,1.000000,0.000000,0.000000,0.000000,229.754945,137.600000,80.000000,0.500000,-0.500000,0.500000,0.500000,4.167
1326,43.758326,230.014945,137.600000,0.783950,1.000000,0.000000,0.000000,0.000000,230.014945,137.600000,80.000000,0.500000,-0.500000,0.500000,0.500000,0.000
1327,43.791660,230.274945,137.600000,0.783950,1.000000,0.000000,0.000000,0.000000,230.274945,137.600000,80.000000,0.500000,-0.500000,0.500000,0.500000,4.167
1328,43.824993,230.534945,137.600000,0.783950,1.000000,0.000000,0.000000,0.000000,230.534945,137.600000,80.000000,0.500000,-0.500000,0.500000,0.500000,4.167
1329,43.858326,230.794945,137.600000,0.783950,1.000000,0.000000,0.000000,0.000000,230.794945,137.600000,80.000000,0.500000,-0.500000,0.500000,0.500000,0.000
1330,43.891660,231.054945,137.600000,0.783950,1.000000,0.000000,0.000000,0.000000,231.054945,137.600000,80.000000,0.500000,-0.500000,0.500000,0.500000,4.167
1331,43.924993,231.314945,137.600000,0.783950,1.000000,0.000000,0.000000,0.000000,231.314945,137.600000,80.000000,0.500000,-0.500000,0.500000,0.500000,4.167
1332,43.958326,231.574945,137.600000,0.783950,1.000000,0.000000,0.000000,0.000000,231.574945,137.600000,80.000000,0.500000,-0.500000,0.500000,0.500000,0.000
1333,43.991660,231.834945,137.600000,0.783950,1.000000,0.000000,0.000000,0.000000,231.834945,137.600000,80.000000,0.500000,-0.500000,0.500000,0.500000,4.167
1334,44.020826,232.062445,137.600000,0.783950,1.000000,0.000000,0.000000,0.000000,232.062445,137.600000,80.000000,0.500000,-0.500000,0.500000,0.500000,0.000
1335,44.054160,232.322445,137.600000,0.783950,1.000000,0.000000,0.000000,0.000000,232.322445,137.600000,80.000000,0.500000,-0.500000,0.500000,0.500000,4.167
1336,44.087493,232.582445,137.600000,0.783950,1.000000,0.000000,0.000000,0.000000,232.582445,137.600000,80.000000,0.500000,-0.500000,0.500000,0.500000,4.167
1337,44.120826,232.842445,137.600000,0.783950,1.000000,0.000000,0.000000,0.000000,232.842445,137.600000,80.000000,0.500000,-0.500000,0.500000,0.500000,0.000
1338,44.154160,233.102445,137.600000,0.783950,1.000000,0.000000,0.000000,0.000000,233.102445,137.600000,80.000000,0.500000,-0.500000,0.500000,0.500000,4.167
1339,44.187493,233.362445,137.600000,0.783950,1.000000,0.000000,0.000000,0.000000,233.362445,137.600000,80.000000,0.500000,-0.500000,0.500000,0.500000,4.167
1340,44.220826,233.622445,137.600000,0.783950,1.000000,0.000000,0.000000,0.000000,233.622445,137.600000,80.000000,0.500000,-0.500000,0.500000,0.500000,0.000
1341,44.254160,233.882445,137.600000,0.783950,1.000000,0.000000,0.000000,0.000000,233.882445,137.600000,80.000000,0.500000,-0.500000,0.500000,0.500000,4.167
1342,44.287493,234.142445,137.600000,0.783950,1.000000,0.000000,0.000000,0.000000,234.142445,137.600000,80.000000,0.500000,-0.500000,0.500000,0.500000,4.167
1343,44.320826,234.402444,137.600000,0.783950,1.000000,0.000000,0.000000,0.000000,234.402444,137.600000,80.000000,0.500000,-0.500000,0.500000,0.500000,0.000
1344,44.354160,234.662444,137.600000,0.783950,1.000000,0.000000,0.000000,0.000000,234.662444,137.600000,80.000000,0.500000,-0.500000,0.500000,0.500000,4.167
1345,44.387493,234.922444,137.600000,0.783950,1.000000,0.000000,0.000000,0.000000,234.922444,137.600000,80.000000,0.500000,-0.500000,0.500000,0.500000,4.167
1346,44.420826,235.182444,137.600000,0.783950,1.000000,0.000000,0.000000,0.000000,235.182444,137.600000,80.000000,0.500000,-0.500000,0.500000,0.500000,0.000
1347,44.449993,235.409944,137.600000,0.783950,1.000000,0.000000,0.000000,0.000000,235.409944,137.600000,80.000000,0.500000,-0.500000,0.500000,0.500000,4.167
1348,44.483326,235.669944,137.600000,0.783950,1.000000,0.000000,0.000000,0.000000,235.669944,137.600000,80.000000,0.500000,-0.500000,0.500000,0.500000,0.000
1349,44.516660,235.929944,137.600000,0.783950,1.000000,0.000000,0.000000,0.000000,235.929944,137.600000,80.000000,0.500000,-0.500000,0.500000,0.500000,4.167
1350,44.549993,236.189944,137.600000,0.783950,1.000000,0.000000,0.000000,0.000000,236.189944,137.600000,80.000000,0.500000,-0.500000,0.500000,0.500000,4.167
1351,44.583326,236.449944,137.600000,0.783950,1.000000,0.000000,0.000000,0.000000,236.449944,137.600000,80.000000,0.500000,-0.500000,0.500000,0.500000,0.000
1352,44.616660,236.709944,137.600000,0.783950,1.000000,0.000000,0.000000,0.000000,236.709944,137.600000,80.000000,0.500000,-0.500000,0.500000,0.500000,4.167
1353,44.649993,236.969944,137.600000,0.783950,1.000000,0.000000,0.000000,0.000000,236.969944,137.600000,80.000000,0.500000,-0.500000,0.500000,0.500000,4.167
1354,44.683326,237.229944,137.600000,0.783950,1.000000,0.000000,0.000000,0.000000,237.229944,137.600000,80.000000,0.500000,-0.500000,0.500000,0.500000,0.000
1355,44.716660,237.489944,137.600000,0.783950,1.000000,0.000000,0.000000,0.000000,237.489944,137.600000,80.000000,0.500000,-0.500000,0.500000,0.500000,4.167
1356,44.749993,237.749944,137.600000,0.783950,1.000000,0.000000,0.000000,0.000000,237.749944,137.600000,80.000000,0.500000,-0.500000,0.500000,0.500000,4.167
1357,44.783326,238.009944,137.600000,0.783950,1.000000,0.000000,0.000000,0.000000,238.009944,137.600000,80.000000,0.500000,-0.500000,0.500000,0.500000,0.000
1358,44.816659,238.269944,137.600000,0.783950,1.000000,0.000000,0.000000,0.000000,238.269944,137.600000,80.000000,0.500000,-0.500000,0.500000,0.500000,4.167
1359,44.845826,238.497444,137.600000,0.783950,1.000000,0.000000,0.000000,0.000000,238.497444,137.600000,80.000000,0.500000,-0.500000,0.500000,0.500000,0.000
1360,44.879159,238.757444,137.600000,0.783950,1.000000,0.000000,0.000000,0.000000,238.757444,137.600000,80.000000,0.500000,-0.500000,0.500000,0.500000,4.167
1361,44.912493,239.017444,137.600000,0.783950,1.000000,0.000000,0.000000,0.000000,239.017444,137.600000,80.000000,0.500000,-0.500000,0.500000,0.500000,4.167
1362,44.945826,239.277444,137.600000,0.783950,1.000000,0.000000,0.000000,0.000000,239.277444,137.600000,80.000000,0.500000,-0.500000,0.500000,0.500000,0.000
1363,44.979159,239.537444,137.600000,0.783950,1.000000,0.000000,0.000000,0.000000,239.537444,137.600000,80.000000,0.500000,-0.500000,0.500000,0.500000,4.167
1364,45.012493,239.797444,137.600000,0.783950,1.000000,0.000000,0.000000,0.000000,239.797444,137.600000,80.000000,0.500000,-0.500000,0.500000,0.500000,4.167
1365,45.045826,240.057444,137.600000,0.783950,1.000000,0.000000,0.000000,0.000000,240.057444,137.600000,80.000000,0.500000,-0.500000,0.500000,0.500000,0.000
1366,45.079159,240.317444,137.600000,0.783950,1.000000,0.000000,0.000000,0.000000,240.317444,137.600000,80.000000,0.500000,-0.500000,0.500000,0.500000,4.167
1367,45.112493,240.577443,137.600000,0.783950,1.000000,0.000000,0.000000,0.000000,240.577443,137.600000,80.000000,0.500000,-0.500000,0.500000,0.500000,4.167
1368,45.145826,240.837443,137.600000,0.783950,1.000000,0.000000,0.000000,0.000000,240.837443,137.600000,80.000000,0.500000,-0.500000,0.500000,0.500000,0.000
1369,45.179159,241.097443,137.600000,0.783950,1.000000,0.000000,0.000000,0.000000,241.097443,137.600000,80.000000,0.500000,-0.500000,0.500000,0.500000,4.167
1370,45.212493,241.357443,137.600000,0.783950,1.000000,0.000000,0.000000,0.000000,241.357443,137.600000,80.000000,0.500000,-0.500000,0.500000,0.500000,4.167
1371,45.245826,241.617443,137.600000,0.783950,1.000000,0.000000,0.000000,0.000000,241.617443,137.600000,80.000000,0.500000,-0.500000,0.500000,0.500000,0.000
1372,45.274993,241.844943,137.600000,0.783950,1.000000,0.000000,0.000000,0.000000,241.844943,137.600000,80.000000,0.500000,-0.500000,0.500000,0.500000,4.167
1373,45.308326,242.104943,137.600000,0.783950,1.000000,0.000000,0.000000,0.000000,242.104943,137.600000,80.000000,0.500000,-0.500000,0.500000,0.500000,0.000
1374,45.341659,242.364943,137.600000,0.783950,1.000000,0.000000,0.000000,0.000000,242.364943,137.600000,80.000000,0.500000,-0.500000,0.500000,0.500000,4.167
1375,45.374993,242.624943,137.600000,0.783950,1.000000,0.000000,0.000000,0.000000,242.624943,137.600000,80.000000,0.500000,-0.500000,0.500000,0.500000,4.167
1376,45.408326,242.884943,137.600000,0.783950,1.000000,0.000000,0.000000,0.000000,242.884943,137.600000,80.000000,0.500000,-0.500000,0.500000,0.500000,0.000
1377,45.441659,243.144943,137.600000,0.783950,1.000000,0.000000,0.000000,0.000000,243.144943,137.600000,80.000000,0.500000,-0.500000,0.500000,0.500000,4.167
1378,45.474993,243.404943,137.600000,0.783950,1.000000,0.000000,0.000000,0.000000,243.404943,137.600000,80.000000,0.500000,-0.500000,0.500000,0.500000,4.167
1379,45.508326,243.664943,137.600000,0.783950,1.000000,0.000000,0.000000,0.000000,243.664943,137.600000,80.000000,0.500000,-0.500000,0.500000,0.500000,0.000
1380,45.541659,243.924943,137.600000,0.783950,1.000000,0.000000,0.000000,0.000000,243.924943,137.600000,80.000000,0.500000,-0.500000,0.500000,0.500000,4.167
1381,45.574993,244.184943,137.600000,0.783950,1.000000,0.000000,0.000000,0.000000,244.184943,137.600000,80.000000,0.500000,-0.500000,0.500000,0.500000,4.167
1382,45.608326,244.444943,137.600000,0.783950,1.000000,0.000000,0.000000,0.000000,244.444943,137.600000,80.000000,0.500000,-0.500000,0.500000,0.500000,0.000
1383,45.641659,244.704943,137.600000,0.783950,1.000000,0.000000,0.000000,0.000000,244.704943,137.600000,80.000000,0.500000,-0.500000,0.500000,0.500000,4.167
1384,45.670826,244.932443,137.600000,0.783950,1.000000,0.000000,0.000000,0.000000,244.932443,137.600000,80.000000,0.500000,-0.500000,0.500000,0.500000,0.000
1385,45.704159,245.192443,137.600000,0.783950,1.000000,0.000000,0.000000,0.000000,245.192443,137.600000,80.000000,0.500000,-0.500000,0.500000,0.500000,4.167
1386,45.737493,245.452443,137.600000,0.783950,1.000000,0.000000,0.000000,0.000000,245.452443,137.600000,80.000000,0.500000,-0.500000,0.500000,0.500000,4.167
1387,45.770826,245.712443,137.600000,0.783950,1.000000,0.000000,0.000000,0.000000,245.712443,137.600000,80.000000,0.500000,-0.500000,0.500000,0.500000,0.000
1388,45.804159,245.972443,137.600000,0.783950,1.000000,0.000000,0.000000,0.000000,245.972443,137.600000,80.000000,0.500000,-0.500000,0.500000,0.500000,4.167
1389,45.837493,246.232443,137.600000,0.783950,1.000000,0.000000,0.000000,0.000000,246.232443,137.600000,80.000000,0.500000,-0.500000,0.500000,0.500000,4.167
1390,45.870826,246.492443,137.600000,0.783950,1.000000,0.000000,0.000000,0.000000,246.492443,137.600000,80.000000,0.500000,-0.500000,0.500000,0.500000,0.000
1391,45.904159,246.752443,137.600000,0.783950,1.000000,0.000000,0.000000,0.000000,246.752443,137.600000,80.000000,0.500000,-0.500000,0.500000,0.500000,4.167
1392,45.937493,247.012442,137.600000,0.783950,1.000000,0.000000,0.000000,0.000000,247.012442,137.600000,80.000000,0.500000,-0.500000,0.500000,0.500000,4.167
1393,45.970826,247.272442,137.600000,0.783950,1.000000,0.000000,0.000000,0.000000,247.272442,137.600000,80.000000,0.500000,-0.500000,0.500000,0.500000,0.000
1394,46.004159,247.532442,137.600000,0.783950,1.000000,0.000000,0.000000,0.000000,247.532442,137.600000,80.000000,0.500000,-0.500000,0.500000,0.500000,4.167
1395,46.037493,247.792442,137.600000,0.783950,1.000000,0.000000,0.000000,0.000000,247.792442,137.600000,80.000000,0.500000,-0.500000,0.500000,0.500000,4.167
1396,46.070826,248.052442,137.600000,0.783950,1.000000,0.000000,0.000000,0.000000,248.052442,137.600000,80.000000,0.500000,-0.500000,0.500000,0.500000,0.000
1397,46.099993,248.279942,137.600000,0.783950,1.000000,0.000000,0.000000,0.000000,248.279942,137.600000,80.000000,0.500000,-0.500000,0.500000,0.500000,4.167
1398,46.133326,248.539942,137.600000,0.783950,1.000000,0.000000,0.000000,0.000000,248.539942,137.600000,80.000000,0.500000,-0.500000,0.500000,0.500000,0.000
1399,46.166659,248.799942,137.600000,0.783950,1.000000,0.000000,0.000000,0.000000,248.799942,137.600000,80.000000,0.500000,-0.500000,0.500000,0.500000,4.167
1400,46.199993,249.059942,137.600000,0.783950,1.000000,0.000000,0.000000,0.000000,249.059942,137.600000,80.000000,0.500000,-0.500000,0.500000,0.500000,4.167
1401,46.233326,249.319942,137.600000,0.783950,1.000000,0.000000,0.000000,0.000000,249.319942,137.600000,80.000000,0.500000,-0.500000,0.500000,0.500000,0.000
1402,46.266659,249.579942,137.600000,0.783950,1.000000,0.000000,0.000000,0.000000,249.579942,137.600000,80.000000,0.500000,-0.500000,0.500000,0.500000,4.167
1403,46.299993,249.839942,137.600000,0.783950,1.000000,0.000000,0.000000,0.000000,249.839942,137.600000,80.000000,0.500000,-0.500000,0.500000,0.500000,4.167
1404,46.333326,250.099942,137.600000,0.783950,1.000000,0.000000,0.000000,0.000000,250.099942,137.600000,80.000000,0.500000,-0.500000,0.500000,0.500000,0.000
1405,46.366659,250.359942,137.600000,0.783950,1.000000,0.000000,0.000000,0.000000,250.359942,137.600000,80.000000,0.500000,-0.500000,0.500000,0.500000,4.167
1406,46.399993,250.619942,137.600000,0.783950,1.000000,0.000000,0.000000,0.000000,250.619942,137.600000,80.000000,0.500000,-0.500000,0.500000,0.500000,4.167
1407,46.433326,250.879942,137.600000,0.783950,1.000000,0.000000,0.000000,0.000000,250.879942,137.600000,80.000000,0.500000,-0.500000,0.500000,0.500000,0.000
1408,46.466659,251.139942,137.600000,0.783950,1.000000,0.000000,0.000000,0.000000,251.139942,137.600000,80.000000,0.500000,-0.500000,0.500000,0.500000,4.167
1409,46.495826,251.367442,137.600000,0.783950,1.000000,0.000000,0.000000,0.000000,251.367442,137.600000,80.000000,0.500000,-0.500000,0.500000,0.500000,0.000
1410,46.529159,251.627442,137.600000,0.783950,1.000000,0.000000,0.000000,0.000000,251.627442,137.600000,80.000000,0.500000,-0.500000,0.500000,0.500000,4.167
1411,46.562493,251.887442,137.600000,0.783950,1.000000,0.000000,0.000000,0.000000,251.887442,137.600000,80.000000,0.500000,-0.500000,0.500000,0.500000,4.167
1412,46.595826,252.147442,137.600000,0.783950,1.000000,0.000000,0.000000,0.000000,252.147442,137.600000,80.000000,0.500000,-0.500000,0.500000,0.500000,0.000
1413,46.629159,252.407442,137.600000,0.783950,1.000000,0.000000,0.000000,0.000000,252.407442,137.600000,80.000000,0.500000,-0.500000,0.500000,0.500000,4.167
1414,46.662493,252.667442,137.600000,0.783950,1.000000,0.000000,0.000000,0.000000,252.667442,137.600000,80.000000,0.500000,-0.500000,0.500000,0.500000,4.167
1415,46.695826,252.927442,137.600000,0.783950,1.000000,0.000000,0.000000,0.000000,252.927442,137.600000,80.000000,0.500000,-0.500000,0.500000,0.500000,0.000
1416,46.729159,253.187441,137.600000,0.783950,1.000000,0.000000,0.000000,0.000000,253.187441,137.600000,80.000000,0.500000,-0.500000,0.500000,0.500000,4.167
1417,46.762493,253.447441,137.600000,0.783950,1.000000,0.000000,0.000000,0.000000,253.447441,137.600000,80.000000,0.500000,-0.500000,0.500000,0.500000,4.167
1418,46.795826,253.707441,137.600000,0.783950,1.000000,0.000000,0.000000,0.000000,253.707441,137.600000,80.000000,0.500000,-0.500000,0.500000,0.500000,0.000
1419,46.829159,253.967441,137.600000,0.783950,1.000000,0.000000,0.000000,0.000000,253.967441,137.600000,80.000000,0.500000,-0.500000,0.500000,0.500000,4.167
1420,46.862493,254.227441,137.600000,0.783950,1.000000,0.000000,0.000000,0.000000,254.227441,137.600000,80.000000,0.500000,-0.500000,0.500000,0.500000,4.167
1421,46.895826,254.487441,137.600000,0.783950,1.000000,0.000000,0.000000,0.000000,254.487441,137.600000,80.000000,0.500000,-0.500000,0.500000,0.500000,0.000
1422,46.924992,254.714941,137.600000,0.783950,1.000000,0.000000,0.000000,0.000000,254.714941,137.600000,80.000000,0.500000,-0.500000,0.500000,0.500000,4.167
1423,46.958326,254.974941,137.600000,0.783950,1.000000,0.000000,0.000000,0.000000,254.974941,137.600000,80.000000,0.500000,-0.500000,0.500000,0.500000,0.000
1424,46.991659,255.234941,137.600000,0.783950,1.000000,0.000000,0.000000,0.000000,255.234941,137.600000,80.000000,0.500000,-0.500000,0.500000,0.500000,4.167
1425,47.024992,255.494941,137.600000,0.783950,1.000000,0.000000,0.000000,0.000000,255.494941,137.600000,80.000000,0.500000,-0.500000,0.500000,0.500000,4.167
1426,47.058326,255.754941,137.600000,0.783950,1.000000,0.000000,0.000000,0.000000,255.754941,137.600000,80.000000,0.500000,-0.500000,0.500000,0.500000,0.000
1427,47.091659,256.014941,137.600000,0.783950,1.000000,0.000000,0.000000,0.000000,256.014941,137.600000,80.000000,0.500000,-0.500000,0.500000,0.500000,4.167
1428,47.124992,256.274941,137.600000,0.783950,1.000000,0.000000,0.000000,0.000000,256.274941,137.600000,80.000000,0.500000,-0.500000,0.500000,0.500000,4.167
1429,47.158326,256.534941,137.600000,0.783950,1.000000,0.000000,0.000000,0.000000,256.534941,137.600000,80.000000,0.500000,-0.500000,0.500000,0.500000,0.000
1430,47.191659,256.794941,137.600000,0.783950,1.000000,0.000000,0.000000,0.000000,256.794941,137.600000,80.000000,0.500000,-0.500000,0.500000,0.500000,4.167
1431,47.224992,257.054941,137.600000,0.783950,1.000000,0.000000,0.000000,0.000000,257.054941,137.600000,80.000000,0.500000,-0.500000,0.500000,0.500000,4.167
1432,47.258326,257.314941,137.600000,0.783950,1.000000,0.000000,0.000000,0.000000,257.314941,137.600000,80.000000,0.500000,-0.500000,0.500000,0.500000,0.000
1433,47.291659,257.574941,137.600000,0.783950,1.000000,0.000000,0.000000,0.000000,257.574941,137.600000,80.000000,0.500000,-0.500000,0.500000,0.500000,4.167
1434,47.320826,257.802441,137.600000,0.783950,1.000000,0.000000,0.000000,0.000000,257.802441,137.600000,80.000000,0.500000,-0.500000,0.500000,0.500000,0.000
1435,47.354159,258.062441,137.600000,0.783950,1.000000,0.000000,0.000000,0.000000,258.062441,137.600000,80.000000,0.500000,-0.500000,0.500000,0.500000,4.167
1436,47.387492,258.322441,137.600000,0.783950,1.000000,0.000000,0.000000,0.000000,258.322441,137.600000,80.000000,0.500000,-0.500000,0.500000,0.500000,4.167
1437,47.420826,258.582441,137.600000,0.783950,1.000000,0.000000,0.000000,0.000000,258.582441,137.600000,80.000000,0.500000,-0.500000,0.500000,0.500000,0.000
1438,47.454159,258.842441,137.600000,0.783950,1.000000,0.000000,0.000000,0.000000,258.842441,137.600000,80.000000,0.500000,-0.500000,0.500000,0.500000,4.167
1439,47.487492,259.102441,137.600000,0.783950,1.000000,0.000000,0.000000,0.000000,259.102441,137.600000,80.000000,0.500000,-0.500000,0.500000,0.500000,4.167
1440,47.520826,259.362440,137.600000,0.783950,1.000000,0.000000,0.000000,0.000000,259.362440,137.600000,80.000000,0.500000,-0.500000,0.500000,0.500000,0.000
1441,47.554159,259.622440,137.600000,0.783950,1.000000,0.000000,0.000000,0.000000,259.622440,137.600000,80.000000,0.500000,-0.500000,0.500000,0.500000,4.167
1442,47.587492,259.882440,137.600000,0.783950,1.000000,0.000000,0.000000,0.000000,259.882440,137.600000,80.000000,0.500000,-0.500000,0.500000,0.500000,4.167
1443,47.620826,260.142440,137.600000,0.783950,1.000000,0.000000,0.000000,0.000000,260.142440,137.600000,80.000000,0.500000,-0.500000,0.500000,0.500000,0.000
1444,47.654159,260.402440,137.600000,0.783950,1.000000,0.000000,0.000000,0.000000,260.402440,137.600000,80.000000,0.500000,-0.500000,0.500000,0.500000,4.167
1445,47.687492,260.662440,137.600000,0.783950,1.000000,0.000000,0.000000,0.000000,260.662440,137.600000,80.000000,0.500000,-0.500000,0.500000,0.500000,4.167
1446,47.720826,260.922440,137.600000,0.783950,1.000000,0.000000,0.000000,0.000000,260.922440,137.600000,80.000000,0.500000,-0.500000,0.500000,0.500000,0.000
1447,47.749992,261.149940,137.600000,0.783950,1.000000,0.000000,0.000000,0.000000,261.149940,137.600000,80.000000,0.500000,-0.500000,0.500000,0.500000,4.167
1448,47.783326,261.409940,137.600000,0.783950,1.000000,0.000000,0.000000,0.000000,261.409940,137.600000,80.000000,0.500000,-0.500000,0.500000,0.500000,0.000
1449,47.816659,261.669940,137.600000,0.783950,1.000000,0.000000,0.000000,0.000000,261.669940,137.600000,80.000000,0.500000,-0.500000,0.500000,0.500000,4.167
1450,47.849992,261.929940,137.600000,0.783950,1.000000,0.000000,0.000000,0.000000,261.929940,137.600000,80.000000,0.500000,-0.500000,0.500000,0.500000,4.167
1451,47.883326,262.189940,137.600000,0.783950,1.000000,0.000000,0.000000,0.000000,262.189940,137.600000,80.000000,0.500000,-0.500000,0.500000,0.500000,0.000
1452,47.916659,262.449940,137.600000,0.783950,1.000000,0.000000,0.000000,0.000000,262.449940,137.600000,80.000000,0.500000,-0.500000,0.500000,0.500000,4.167
1453,47.949992,262.709940,137.600000,0.783950,1.000000,0.000000,0.000000,0.000000,262.709940,137.600000,80.000000,0.500000,-0.500000,0.500000,0.500000,4.167
1454,47.983326,262.969940,137.600000,0.783950,1.000000,0.000000,0.000000,0.000000,262.969940,137.600000,80.000000,0.500000,-0.500000,0.500000,0.500000,0.000
1455,48.016659,263.229940,137.600000,0.783950,1.000000,0.000000,0.000000,0.000000,263.229940,137.600000,80.000000,0.500000,-0.500000,0.500000,0.500000,4.167
1456,48.049992,263.489940,137.600000,0.783950,1.000000,0.000000,0.000000,0.000000,263.489940,137.600000,80.000000,0.500000,-0.500000,0.500000,0.500000,4.167
1457,48.083326,263.749940,137.600000,0.783950,1.000000,0.000000,0.000000,0.000000,263.749940,137.600000,80.000000,0.500000,-0.500000,0.500000,0.500000,0.000
1458,48.116659,264.009940,137.600000,0.783950,1.000000,0.000000,0.000000,0.000000,264.009940,137.600000,80.000000,0.500000,-0.500000,0.500000,0.500000,4.167
1459,48.145826,264.237440,137.600000,0.783950,1.000000,0.000000,0.000000,0.000000,264.237440,137.600000,80.000000,0.500000,-0.500000,0.500000,0.500000,0.000
1460,48.179159,264.497440,137.600000,0.783950,1.000000,0.000000,0.000000,0.000000,264.497440,137.600000,80.000000,0.500000,-0.500000,0.500000,0.500000,4.167
1461,48.212492,264.757440,137.600000,0.783950,1.000000,0.000000,0.000000,0.000000,264.757440,137.600000,80.000000,0.500000,-0.500000,0.500000,0.500000,4.167
1462,48.245826,265.017440,137.600000,0.783950,1.000000,0.000000,0.000000,0.000000,265.017440,137.600000,80.000000,0.500000,-0.500000,0.500000,0.500000,0.000
1463,48.279159,265.277440,137.600000,0.783950,1.000000,0.000000,0.000000,0.000000,265.277440,137.600000,80.000000,0.500000,-0.500000,0.500000,0.500000,4.167
1464,48.312492,265.537439,137.600000,0.783950,1.000000,0.000000,0.000000,0.000000,265.537439,137.600000,80.000000,0.500000,-0.500000,0.500000,0.500000,4.167
1465,48.345826,265.797439,137.600000,0.783950,1.000000,0.000000,0.000000,0.000000,265.797439,137.600000,80.000000,0.500000,-0.500000,0.500000,0.500000,0.000
1466,48.379159,266.057439,137.600000,0.783950,1.000000,0.000000,0.000000,0.000000,266.057439,137.600000,80.000000,0.500000,-0.500000,0.500000,0.500000,4.167
1467,48.412492,266.317439,137.600000,0.783950,1.000000,0.000000,0.000000,0.000000,266.317439,137.600000,80.000000,0.500000,-0.500000,0.500000,0.500000,4.167
1468,48.445826,266.577439,137.600000,0.783950,1.000000,0.000000,0.000000,0.000000,266.577439,137.600000,80.000000,0.500000,-0.500000,0.500000,0.500000,0.000
1469,48.479159,266.837439,137.600000,0.783950,1.000000,0.000000,0.000000,0.000000,266.837439,137.600000,80.000000,0.500000,-0.500000,0.500000,0.500000,4.167
1470,48.512492,267.097439,137.600000,0.783950,1.000000,0.000000,0.000000,0.000000,267.097439,137.600000,80.000000,0.500000,-0.500000,0.500000,0.500000,4.167
1471,48.545826,267.357439,137.600000,0.783950,1.000000,0.000000,0.000000,0.000000,267.357439,137.600000,80.000000,0.500000,-0.500000,0.500000,0.500000,0.000
1472,48.574992,267.584939,137.600000,0.783950,1.000000,0.000000,0.000000,0.000000,267.584939,137.600000,80.000000,0.500000,-0.500000,0.500000,0.500000,4.167
1473,48.608326,267.844939,137.600000,0.783950,1.000000,0.000000,0.000000,0.000000,267.844939,137.600000,80.000000,0.500000,-0.500000,0.500000,0.500000,0.000
1474,48.641659,268.104939,137.600000,0.783950,1.000000,0.000000,0.000000,0.000000,268.104939,137.600000,80.000000,0.500000,-0.500000,0.500000,0.500000,4.167
1475,48.674992,268.364939,137.600000,0.783950,1.000000,0.000000,0.000000,0.000000,268.364939,137.600000,80.000000,0.500000,-0.500000,0.500000,0.500000,4.167
1476,48.708326,268.624939,137.600000,0.783950,1.000000,0.000000,0.000000,0.000000,268.624939,137.600000,80.000000,0.500000,-0.500000,0.500000,0.500000,0.000
1477,48.741659,268.884939,137.600000,0.783950,1.000000,0.000000,0.000000,0.000000,268.884939,137.600000,80.000000,0.500000,-0.500000,0.500000,0.500000,4.167
1478,48.774992,269.144939,137.600000,0.783950,1.000000,0.000000,0.000000,0.000000,269.144939,137.600000,80.000000,0.500000,-0.500000,0.500000,0.500000,4.167
1479,48.808326,269.404939,137.600000,0.783950,1.000000,0.000000,0.000000,0.000000,269.404939,137.600000,80.000000,0.500000,-0.500000,0.500000,0.500000,0.000
1480,48.841659,269.664939,137.600000,0.783950,1.000000,0.000000,0.000000,0.000000,269.664939,137.600000,80.000000,0.500000,-0.500000,0.500000,0.500000,4.167
1481,48.874992,269.924939,137.600000,0.783950,1.000000,0.000000,0.000000,0.000000,269.924939,137.600000,80.000000,0.500000,-0.500000,0.500000,0.500000,4.167
1482,48.908326,270.184939,137.600000,0.783950,1.000000,0.000000,0.000000,0.000000,270.184939,137.600000,80.000000,0.500000,-0.500000,0.500000,0.500000,0.000
1483,48.941659,270.444939,137.600000,0.783950,1.000000,0.000000,0.000000,0.000000,270.444939,137.600000,80.000000,0.500000,-0.500000,0.500000,0.500000,4.167
1484,48.970825,270.672439,137.600000,0.783950,1.000000,0.000000,0.000000,0.000000,270.672439,137.600000,80.000000,0.500000,-0.500000,0.500000,0.500000,0.000
1485,49.004159,270.932439,137.600000,0.783950,1.000000,0.000000,0.000000,0.000000,270.932439,137.600000,80.000000,0.500000,-0.500000,0.500000,0.500000,4.167
1486,49.037492,271.192439,137.600000,0.783950,1.000000,0.000000,0.000000,0.000000,271.192439,137.600000,80.000000,0.500000,-0.500000,0.500000,0.500000,4.167
1487,49.070825,271.452439,137.600000,0.783950,1.000000,0.000000,0.000000,0.000000,271.452439,137.600000,80.000000,0.500000,-0.500000,0.500000,0.500000,0.000
1488,49.104159,271.712439,137.600000,0.783950,1.000000,0.000000,0.000000,0.000000,271.712439,137.600000,80.000000,0.500000,-0.500000,0.500000,0.500000,4.167
1489,49.137492,271.972438,137.600000,0.783950,1.000000,0.000000,0.000000,0.000000,271.972438,137.600000,80.000000,0.500000,-0.500000,0.500000,0.500000,4.167
1490,49.170825,272.232438,137.600000,0.783950,1.000000,0.000000,0.000000,0.000000,272.232438,137.600000,80.000000,0.500000,-0.500000,0.500000,0.500000,0.000
1491,49.204159,272.492438,137.600000,0.783950,1.000000,0.000000,0.000000,0.000000,272.492438,137.600000,80.000000,0.500000,-0.500000,0.500000,0.500000,4.167
1492,49.237492,272.752438,137.600000,0.783950,1.000000,0.000000,0.000000,0.000000,272.752438,137.600000,80.000000,0.500000,-0.500000,0.500000,0.500000,4.167
1493,49.270825,273.012438,137.600000,0.783950,1.000000,0.000000,0.000000,0.000000,273.012438,137.600000,80.000000,0.500000,-0.500000,0.500000,0.500000,0.000
1494,49.304159,273.272438,137.600000,0.783950,1.000000,0.000000,0.000000,0.000000,273.272438,137.600000,80.000000,0.500000,-0.500000,0.500000,0.500000,4.167
1495,49.337492,273.532438,137.600000,0.783950,1.000000,0.000000,0.000000,0.000000,273.532438,137.600000,80.000000,0.500000,-0.500000,0.500000,0.500000,4.167
1496,49.370825,273.792438,137.600000,0.783950,1.000000,0.000000,0.000000,0.000000,273.792438,137.600000,80.000000,0.500000,-0.500000,0.500000,0.500000,0.000
1497,49.399992,274.019938,137.600000,0.783950,1.000000,0.000000,0.000000,0.000000,274.019938,137.600000,80.000000,0.500000,-0.500000,0.500000,0.500000,4.167
1498,49.433325,274.279938,137.600000,0.783950,1.000000,0.000000,0.000000,0.000000,274.279938,137.600000,80.000000,0.500000,-0.500000,0.500000,0.500000,0.000
1499,49.466659,274.539938,137.600000,0.783950,1.000000,0.000000,0.000000,0.000000,274.539938,137.600000,80.000000,0.500000,-0.500000,0.500000,0.500000,4.167
1500,49.499992,274.799938,137.600000,0.783950,1.000000,0.000000,0.000000,0.000000,274.799938,137.600000,80.000000,0.500000,-0.500000,0.500000,0.500000,4.167
1501,49.533325,275.059938,137.600000,0.783950,1.000000,0.000000,0.000000,0.000000,275.059938,137.600000,80.000000,0.500000,-0.500000,0.500000,0.500000,0.000
1502,49.566659,275.319938,137.600000,0.783950,1.000000,0.000000,0.000000,0.000000,275.319938,137.600000,80.000000,0.500000,-0.500000,0.500000,0.500000,4.167
1503,49.599992,275.579938,137.600000,0.783950,1.000000,0.000000,0.000000,0.000000,275.579938,137.600000,80.000000,0.500000,-0.500000,0.500000,0.500000,4.167
1504,49.633325,275.839938,137.600000,0.783950,1.000000,0.000000,0.000000,0.000000,275.839938,137.600000,80.000000,0.500000,-0.500000,0.500000,0.500000,0.000
1505,49.666659,276.099938,137.600000,0.783950,1.000000,0.000000,0.000000,0.000000,276.099938,137.600000,80.000000,0.500000,-0.500000,0.500000,0.500000,4.167
1506,49.699992,276.359938,137.600000,0.783950,1.000000,0.000000,0.000000,0.000000,276.359938,137.600000,80.000000,0.500000,-0.500000,0.500000,0.500000,4.167
1507,49.733325,276.619938,137.600000,0.783950,1.000000,0.000000,0.000000,0.000000,276.619938,137.600000,80.000000,0.500000,-0.500000,0.500000,0.500000,0.000
1508,49.766659,276.879938,137.600000,0.783950,1.000000,0.000000,0.000000,0.000000,276.879938,137.600000,80.000000,0.500000,-0.500000,0.500000,0.500000,4.167
1509,49.795825,277.107438,137.600000,0.783950,1.000000,0.000000,0.000000,0.000000,277.107438,137.600000,80.000000,0.500000,-0.500000,0.500000,0.500000,0.000
1510,49.829159,277.367438,137.600000,0.783950,1.000000,0.000000,0.000000,0.000000,277.367438,137.600000,80.000000,0.500000,-0.500000,0.500000,0.500000,4.167
1511,49.862492,277.627438,137.600000,0.783950,1.000000,0.000000,0.000000,0.000000,277.627438,137.600000,80.000000,0.500000,-0.500000,0.500000,0.500000,4.167
1512,49.895825,277.887438,137.600000,0.783950,1.000000,0.000000,0.000000,0.000000,277.887438,137.600000,80.000000,0.500000,-0.500000,0.500000,0.500000,0.000
1513,49.929159,278.147437,137.600000,0.783950,1.000000,0.000000,0.000000,0.000000,278.147437,137.600000,80.000000,0.500000,-0.500000,0.500000,0.500000,4.167
1514,49.962492,278.407437,137.600000,0.783950,1.000000,0.000000,0.000000,0.000000,278.407437,137.600000,80.000000,0.500000,-0.500000,0.500000,0.500000,4.167
1515,49.995825,278.667437,137.600000,0.783950,1.000000,0.000000,0.000000,0.000000,278.667437,137.600000,80.000000,0.500000,-0.500000,0.500000,0.500000,0.000
1516,50.029159,278.927437,137.600000,0.783950,1.000000,0.000000,0.000000,0.000000,278.927437,137.600000,80.000000,0.500000,-0.500000,0.500000,0.500000,4.167
1517,50.062492,279.187437,137.600000,0.783950,1.000000,0.000000,0.000000,0.000000,279.187437,137.600000,80.000000,0.500000,-0.500000,0.500000,0.500000,4.167
1518,50.095825,279.447437,137.600000,0.783950,1.000000,0.000000,0.000000,0.000000,279.447437,137.600000,80.000000,0.500000,-0.500000,0.500000,0.500000,0.000
1519,50.129159,279.707437,137.600000,0.783950,1.000000,0.000000,0.000000,0.000000,279.707437,137.600000,80.000000,0.500000,-0.500000,0.500000,0.500000,4.167
1520,50.162492,279.967437,137.600000,0.783950,1.000000,0.000000,0.000000,0.000000,279.967437,137.600000,80.000000,0.500000,-0.500000,0.500000,0.500000,4.167
1521,50.195825,280.227437,137.600000,0.783950,1.000000,0.000000,0.000000,0.000000,280.227437,137.600000,80.000000,0.500000,-0.500000,0.500000,0.500000,0.000
1522,50.224992,280.454937,137.600000,0.783950,1.000000,0.000000,0.000000,0.000000,280.454937,137.600000,80.000000,0.500000,-0.500000,0.500000,0.500000,4.167
1523,50.258325,280.714937,137.600000,0.783950,1.000000,0.000000,0.000000,0.000000,280.714937,137.600000,80.000000,0.500000,-0.500000,0.500000,0.500000,0.000
1524,50.291659,280.974937,137.600000,0.783950,1.000000,0.000000,0.000000,0.000000,280.974937,137.600000,80.000000,0.500000,-0.500000,0.500000,0.500000,4.167
1525,50.324992,281.234937,137.600000,0.783950,1.000000,0.000000,0.000000,0.000000,281.234937,137.600000,80.000000,0.500000,-0.500000,0.500000,0.500000,4.167
1526,50.358325,281.494937,137.600000,0.783950,1.000000,0.000000,0.000000,0.000000,281.494937,137.600000,80.000000,0.500000,-0.500000,0.500000,0.500000,0.000
1527,50.391659,281.754937,137.600000,0.783950,1.000000,0.000000,0.000000,0.000000,281.754937,137.600000,80.000000,0.500000,-0.500000,0.500000,0.500000,4.167
1528,50.424992,282.014937,137.600000,0.783950,1.000000,0.000000,0.000000,0.000000,282.014937,137.600000,80.000000,0.500000,-0.500000,0.500000,0.500000,4.167
1529,50.458325,282.274937,137.600000,0.783950,1.000000,0.000000,0.000000,0.000000,282.274937,137.600000,80.000000,0.500000,-0.500000,0.500000,0.500000,0.000
1530,50.491659,282.534937,137.600000,0.783950,1.000000,0.000000,0.000000,0.000000,282.534937,137.600000,80.000000,0.500000,-0.500000,0.500000,0.500000,4.167
1531,50.524992,282.794937,137.600000,0.783950,1.000000,0.000000,0.000000,0.000000,282.794937,137.600000,80.000000,0.500000,-0.500000,0.500000,0.500000,4.167
1532,50.558325,283.054937,137.600000,0.783950,1.000000,0.000000,0.000000,0.000000,283.054937,137.600000,80.000000,0.500000,-0.500000,0.500000,0.500000,0.000
1533,50.591659,283.314937,137.600000,0.783950,1.000000,0.000000,0.000000,0.000000,283.314937,137.600000,80.000000,0.500000,-0.500000,0.500000,0.500000,4.167
1534,50.620825,283.542437,137.600000,0.783950,1.000000,0.000000,0.000000,0.000000,283.542437,137.600000,80.000000,0.500000,-0.500000,0.500000,0.500000,0.000
1535,50.654159,283.802437,137.600000,0.783950,1.000000,0.000000,0.000000,0.000000,283.802437,137.600000,80.000000,0.500000,-0.500000,0.500000,0.500000,4.167
1536,50.687492,284.062437,137.600000,0.783950,1.000000,0.000000,0.000000,0.000000,284.062437,137.600000,80.000000,0.500000,-0.500000,0.500000,0.500000,4.167
1537,50.720825,284.322436,137.600000,0.783950,1.000000,0.000000,0.000000,0.000000,284.322436,137.600000,80.000000,0.500000,-0.500000,0.500000,0.500000,0.000
1538,50.754159,284.582436,137.600000,0.783950,1.000000,0.000000,0.000000,0.000000,284.582436,137.600000,80.000000,0.500000,-0.500000,0.500000,0.500000,4.167
1539,50.787492,284.842436,137.600000,0.783950,1.000000,0.000000,0.000000,0.000000,284.842436,137.600000,80.000000,0.500000,-0.500000,0.500000,0.500000,4.167
1540,50.820825,285.102436,137.600000,0.783950,1.000000,0.000000,0.000000,0.000000,285.102436,137.600000,80.000000,0.500000,-0.500000,0.500000,0.500000,0.000
1541,50.854159,285.362436,137.600000,0.783950,1.000000,0.000000,0.000000,0.000000,285.362436,137.600000,80.000000,0.500000,-0.500000,0.500000,0.500000,4.167
1542,50.887492,285.622436,137.600000,0.783950,1.000000,0.000000,0.000000,0.000000,285.622436,137.600000,80.000000,0.500000,-0.500000,0.500000,0.500000,4.167
1543,50.920825,285.882436,137.600000,0.783950,1.000000,0.000000,0.000000,0.000000,285.882436,137.600000,80.000000,0.500000,-0.500000,0.500000,0.500000,0.000
1544,50.954159,286.142436,137.600000,0.783950,1.000000,0.000000,0.000000,0.000000,286.142436,137.600000,80.000000,0.500000,-0.500000,0.500000,0.500000,4.167
1545,50.987492,286.402436,137.600000,0.783950,1.000000,0.000000,0.000000,0.000000,286.402436,137.600000,80.000000,0.500000,-0.500000,0.500000,0.500000,4.167
1546,51.020825,286.662436,137.600000,0.783950,1.000000,0.000000,0.000000,0.000000,286.662436,137.600000,80.000000,0.500000,-0.500000,0.500000,0.500000,0.000
1547,51.049992,286.889936,137.600000,0.783950,1.000000,0.000000,0.000000,0.000000,286.889936,137.600000,80.000000,0.500000,-0.500000,0.500000,0.500000,4.167
1548,51.083325,287.149936,137.600000,0.783950,1.000000,0.000000,0.000000,0.000000,287.149936,137.600000,80.000000,0.500000,-0.500000,0.500000,0.500000,0.000
1549,51.116658,287.409936,137.600000,0.783950,1.000000,0.000000,0.000000,0.000000,287.409936,137.600000,80.000000,0.500000,-0.500000,0.500000,0.500000,4.167
1550,51.149992,287.669936,137.600000,0.783950,1.000000,0.000000,0.000000,0.000000,287.669936,137.600000,80.000000,0.500000,-0.500000,0.500000,0.500000,4.167
1551,51.183325,287.929936,137.600000,0.783950,1.000000,0.000000,0.000000,0.000000,287.929936,137.600000,80.000000,0.500000,-0.500000,0.500000,0.500000,0.000
1552,51.216658,288.189936,137.600000,0.783950,1.000000,0.000000,0.000000,0.000000,288.189936,137.600000,80.000000,0.500000,-0.500000,0.500000,0.500000,4.167
1553,51.249992,288.449936,137.600000,0.783950,1.000000,0.000000,0.000000,0.000000,288.449936,137.600000,80.000000,0.500000,-0.500000,0.500000,0.500000,4.167
1554,51.283325,288.709936,137.600000,0.783950,1.000000,0.000000,0.000000,0.000000,288.709936,137.600000,80.000000,0.500000,-0.500000,0.500000,0.500000,0.000
1555,51.316658,288.969936,137.600000,0.783950,1.000000,0.000000,0.000000,0.000000,288.969936,137.600000,80.000000,0.500000,-0.500000,0.500000,0.500000,4.167
1556,51.349992,289.229936,137.600000,0.783950,1.000000,0.000000,0.000000,0.000000,289.229936,137.600000,80.000000,0.500000,-0.500000,0.500000,0.500000,4.167
1557,51.383325,289.489936,137.600000,0.783950,1.000000,0.000000,0.000000,0.000000,289.489936,137.600000,80.000000,0.500000,-0.500000,0.500000,0.500000,0.000
1558,51.416658,289.749936,137.600000,0.783950,1.000000,0.000000,0.000000,0.000000,289.749936,137.600000,80.000000,0.500000,-0.500000,0.500000,0.500000,4.167
1559,51.445825,289.977436,137.600000,0.783950,1.000000,0.000000,0.000000,0.000000,289.977436,137.600000,80.000000,0.500000,-0.500000,0.500000,0.500000,0.000
1560,51.479158,290.237436,137.600000,0.783950,1.000000,0.000000,0.000000,0.000000,290.237436,137.600000,80.000000,0.500000,-0.500000,0.500000,0.500000,4.167
1561,51.512492,290.497436,137.600000,0.783950,1.000000,0.000000,0.000000,0.000000,290.497436,137.600000,80.000000,0.500000,-0.500000,0.500000,0.500000,4.167
1562,51.545825,290.757435,137.600000,0.783950,1.000000,0.000000,0.000000,0.000000,290.757435,137.600000,80.000000,0.500000,-0.500000,0.500000,0.500000,0.000
1563,51.579158,291.017435,137.600000,0.783950,1.000000,0.000000,0.000000,0.000000,291.017435,137.600000,80.000000,0.500000,-0.500000,0.500000,0.500000,4.167
1564,51.612492,291.277435,137.600000,0.783950,1.000000,0.000000,0.000000,0.000000,291.277435,137.600000,80.000000,0.500000,-0.500000,0.500000,0.500000,4.167
1565,51.645825,291.537435,137.600000,0.783950,1.000000,0.000000,0.000000,0.000000,291.537435,137.600000,80.000000,0.500000,-0.500000,0.500000,0.500000,0.000
1566,51.679158,291.797435,137.600000,0.783950,1.000000,0.000000,0.000000,0.000000,291.797435,137.600000,80.000000,0.500000,-0.500000,0.500000,0.500000,4.167
1567,51.712492,292.057435,137.600000,0.783950,1.000000,0.000000,0.000000,0.000000,292.057435,137.600000,80.000000,0.500000,-0.500000,0.500000,0.500000,4.167
1568,51.745825,292.317435,137.600000,0.783950,1.000000,0.000000,0.000000,0.000000,292.317435,137.600000,80.000000,0.500000,-0.500000,0.500000,0.500000,0.000
1569,51.779158,292.577435,137.600000,0.783950,1.000000,0.000000,0.000000,0.000000,292.577435,137.600000,80.000000,0.500000,-0.500000,0.500000,0.500000,4.167
1570,51.812492,292.837435,137.600000,0.783950,1.000000,0.000000,0.000000,0.000000,292.837435,137.600000,80.000000,0.500000,-0.500000,0.500000,0.500000,4.167
1571,51.845825,293.097435,137.600000,0.783950,1.000000,0.000000,0.000000,0.000000,293.097435,137.600000,80.000000,0.500000,-0.500000,0.500000,0.500000,0.000
1572,51.874992,293.324935,137.600000,0.783950,1.000000,0.000000,0.000000,0.000000,293.324935,137.600000,80.000000,0.500000,-0.500000,0.500000,0.500000,4.167
1573,51.908325,293.584935,137.600000,0.783950,1.000000,0.000000,0.000000,0.000000,293.584935,137.600000,80.000000,0.500000,-0.500000,0.500000,0.500000,0.000
1574,51.941658,293.844935,137.600000,0.783950,1.000000,0.000000,0.000000,0.000000,293.844935,137.600000,80.000000,0.500000,-0.500000,0.500000,0.500000,4.167
1575,51.974992,294.104935,137.600000,0.783950,1.000000,0.000000,0.000000,0.000000,294.104935,137.600000,80.000000,0.500000,-0.500000,0.500000,0.500000,4.167
1576,52.008325,294.364935,137.600000,0.783950,1.000000,0.000000,0.000000,0.000000,294.364935,137.600000,80.000000,0.500000,-0.500000,0.500000,0.500000,0.000
1577,52.041658,294.624935,137.600000,0.783950,1.000000,0.000000,0.000000,0.000000,294.624935,137.600000,80.000000,0.500000,-0.500000,0.500000,0.500000,4.167
1578,52.074992,294.884935,137.600000,0.783950,1.000000,0.000000,0.000000,0.000000,294.884935,137.600000,80.000000,0.500000,-0.500000,0.500000,0.500000,4.167
1579,52.108325,295.144935,137.600000,0.783950,1.000000,0.000000,0.000000,0.000000,295.144935,137.600000,80.000000,0.500000,-0.500000,0.500000,0.500000,0.000
1580,52.141658,295.404935,137.600000,0.783950,1.000000,0.000000,0.000000,0.000000,295.404935,137.600000,80.000000,0.500000,-0.500000,0.500000,0.500000,4.167
1581,52.174992,295.664935,137.600000,0.783950,1.000000,0.000000,0.000000,0.000000,295.664935,137.600000,80.000000,0.500000,-0.500000,0.500000,0.500000,4.167
1582,52.208325,295.924935,137.600000,0.783950,1.000000,0.000000,0.000000,0.000000,295.924935,137.600000,80.000000,0.500000,-0.500000,0.500000,0.500000,0.000
1583,52.241658,296.184935,137.600000,0.783950,1.000000,0.000000,0.000000,0.000000,296.184935,137.600000,80.000000,0.500000,-0.500000,0.500000,0.500000,4.167
1584,52.270825,296.412435,137.600000,0.783950,1.000000,0.000000,0.000000,0.000000,296.412435,137.600000,80.000000,0.500000,-0.500000,0.500000,0.500000,0.000
1585,52.304158,296.672435,137.600000,0.783950,1.000000,0.000000,0.000000,0.000000,296.672435,137.600000,80.000000,0.500000,-0.500000,0.500000,0.500000,4.167
1586,52.337492,296.932434,137.600000,0.783950,1.000000,0.000000,0.000000,0.000000,296.932434,137.600000,80.000000,0.500000,-0.500000,0.500000,0.500000,4.167
1587,52.370825,297.192434,137.600000,0.783950,1.000000,0.000000,0.000000,0.000000,297.192434,137.600000,80.000000,0.500000,-0.500000,0.500000,0.500000,0.000
1588,52.404158,297.452434,137.600000,0.783950,1.000000,0.000000,0.000000,0.000000,297.452434,137.600000,80.000000,0.500000,-0.500000,0.500000,0.500000,4.167
1589,52.437492,297.712434,137.600000,0.783950,1.000000,0.000000,0.000000,0.000000,297.712434,137.600000,80.000000,0.500000,-0.500000,0.500000,0.500000,4.167
1590,52.470825,297.972434,137.600000,0.783950,1.000000,0.000000,0.000000,0.000000,297.972434,137.600000,80.000000,0.500000,-0.500000,0.500000,0.500000,0.000
1591,52.504158,298.232434,137.600000,0.783950,1.000000,0.000000,0.000000,0.000000,298.232434,137.600000,80.000000,0.500000,-0.500000,0.500000,0.500000,4.167
1592,52.537492,298.492434,137.600000,0.783950,1.000000,0.000000,0.000000,0.000000,298.492434,137.600000,80.000000,0.500000,-0.500000,0.500000,0.500000,4.167
1593,52.570825,298.752434,137.600000,0.783950,1.000000,0.000000,0.000000,0.000000,298.752434,137.600000,80.000000,0.500000,-0.500000,0.500000,0.500000,0.000
1594,52.604158,299.012434,137.600000,0.783950,1.000000,0.000000,0.000000,0.000000,299.012434,137.600000,80.000000,0.500000,-0.500000,0.500000,0.500000,4.167
1595,52.637492,299.272434,137.600000,0.783950,1.000000,0.000000,0.000000,0.000000,299.272434,137.600000,80.000000,0.500000,-0.500000,0.500000,0.500000,4.167
1596,52.670825,299.532434,137.600000,0.783950,1.000000,0.000000,0.000000,0.000000,299.532434,137.600000,80.000000,0.500000,-0.500000,0.500000,0.500000,0.000
1597,52.699992,299.759934,137.600000,0.783950,1.000000,0.000000,0.000000,0.000000,299.759934,137.600000,80.000000,0.500000,-0.500000,0.500000,0.500000,4.167
1598,52.733325,300.019934,137.600000,0.783950,1.000000,0.000000,0.000000,0.000000,300.019934,137.600000,80.000000,0.500000,-0.500000,0.500000,0.500000,0.000
1599,52.766658,300.279934,137.600000,0.783950,1.000000,0.000000,0.000000,0.000000,300.279934,137.600000,80.000000,0.500000,-0.500000,0.500000,0.500000,4.167
1600,52.799992,300.539934,137.600000,0.783950,1.000000,0.000000,0.000000,0.000000,300.539934,137.600000,80.000000,0.500000,-0.500000,0.500000,0.500000,4.167
1601,52.833325,300.799934,137.600000,0.783950,1.000000,0.000000,0.000000,0.000000,300.799934,137.600000,80.000000,0.500000,-0.500000,0.500000,0.500000,0.000
1602,52.866658,301.059934,137.600000,0.783950,1.000000,0.000000,0.000000,0.000000,301.059934,137.600000,80.000000,0.500000,-0.500000,0.500000,0.500000,4.167
1603,52.899992,301.319934,137.600000,0.783950,1.000000,0.000000,0.000000,0.000000,301.319934,137.600000,80.000000,0.500000,-0.500000,0.500000,0.500000,4.167
1604,52.933325,301.579934,137.600000,0.783950,1.000000,0.000000,0.000000,0.000000,301.579934,137.600000,80.000000,0.500000,-0.500000,0.500000,0.500000,0.000
1605,52.966658,301.839934,137.600000,0.783950,1.000000,0.000000,0.000000,0.000000,301.839934,137.600000,80.000000,0.500000,-0.500000,0.500000,0.500000,4.167
1606,52.999992,302.099934,137.600000,0.783950,1.000000,0.000000,0.000000,0.000000,302.099934,137.600000,80.000000,0.500000,-0.500000,0.500000,0.500000,4.167
1607,53.033325,302.359934,137.600000,0.783950,1.000000,0.000000,0.000000,0.000000,302.359934,137.600000,80.000000,0.500000,-0.500000,0.500000,0.500000,0.000
1608,53.066658,302.619934,137.600000,0.783950,1.000000,0.000000,0.000000,0.000000,302.619934,137.600000,80.000000,0.500000,-0.500000,0.500000,0.500000,4.167
1609,53.095825,302.847434,137.600000,0.783950,1.000000,0.000000,0.000000,0.000000,302.847434,137.600000,80.000000,0.500000,-0.500000,0.500000,0.500000,0.000
1610,53.129158,303.107433,137.600000,0.783950,1.000000,0.000000,0.000000,0.000000,303.107433,137.600000,80.000000,0.500000,-0.500000,0.500000,0.500000,4.167
1611,53.162491,303.367433,137.600000,0.783950,1.000000,0.000000,0.000000,0.000000,303.367433,137.600000,80.000000,0.500000,-0.500000,0.500000,0.500000,4.167
1612,53.195825,303.627433,137.600000,0.783950,1.000000,0.000000,0.000000,0.000000,303.627433,137.600000,80.000000,0.500000,-0.500000,0.500000,0.500000,0.000
1613,53.229158,303.887433,137.600000,0.783950,1.000000,0.000000,0.000000,0.000000,303.887433,137.600000,80.000000,0.500000,-0.500000,0.500000,0.500000,4.167
1614,53.262491,304.147433,137.600000,0.783950,1.000000,0.000000,0.000000,0.000000,304.147433,137.600000,80.000000,0.500000,-0.500000,0.500000,0.500000,4.167
1615,53.295825,304.407433,137.600000,0.783950,1.000000,0.000000,0.000000,0.000000,304.407433,137.600000,80.000000,0.500000,-0.500000,0.500000,0.500000,0.000
1616,53.329158,304.667433,137.600000,0.783950,1.000000,0.000000,0.000000,0.000000,304.667433,137.600000,80.000000,0.500000,-0.500000,0.500000,0.500000,4.167
1617,53.362491,304.927433,137.600000,0.783950,1.000000,0.000000,0.000000,0.000000,304.927433,137.600000,80.000000,0.500000,-0.500000,0.500000,0.500000,4.167
1618,53.395825,305.187433,137.600000,0.783950,1.000000,0.000000,0.000000,0.000000,305.187433,137.600000,80.000000,0.500000,-0.500000,0.500000,0.500000,0.000
1619,53.429158,305.447433,137.600000,0.783950,1.000000,0.000000,0.000000,0.000000,305.447433,137.600000,80.000000,0.500000,-0.500000,0.500000,0.500000,4.167
1620,53.462491,305.707433,137.600000,0.783950,1.000000,0.000000,0.000000,0.000000,305.707433,137.600000,80.000000,0.500000,-0.500000,0.500000,0.500000,4.167
1621,53.495825,305.967433,137.600000,0.783950,1.000000,0.000000,0.000000,0.000000,305.967433,137.600000,80.000000,0.500000,-0.500000,0.500000,0.500000,0.000
1622,53.524991,306.194933,137.600000,0.783950,1.000000,0.000000,0.000000,0.000000,306.194933,137.600000,80.000000,0.500000,-0.500000,0.500000,0.500000,4.167
1623,53.558325,306.454933,137.600000,0.783950,1.000000,0.000000,0.000000,0.000000,306.454933,137.600000,80.000000,0.500000,-0.500000,0.500000,0.500000,0.000
1624,53.591658,306.714933,137.600000,0.783950,1.000000,0.000000,0.000000,0.000000,306.714933,137.600000,80.000000,0.500000,-0.500000,0.500000,0.500000,4.167
1625,53.624991,306.974933,137.600000,0.783950,1.000000,0.000000,0.000000,0.000000,306.974933,137.600000,80.000000,0.500000,-0.500000,0.500000,0.500000,4.167
1626,53.658325,307.234933,137.600000,0.783950,1.000000,0.000000,0.000000,0.000000,307.234933,137.600000,80.000000,0.500000,-0.500000,0.500000,0.500000,0.000
1627,53.691658,307.494933,137.600000,0.783950,1.000000,0.000000,0.000000,0.000000,307.494933,137.600000,80.000000,0.500000,-0.500000,0.500000,0.500000,4.167
1628,53.724991,307.754933,137.600000,0.783950,1.000000,0.000000,0.000000,0.000000,307.754933,137.600000,80.000000,0.500000,-0.500000,0.500000,0.500000,4.167
1629,53.758325,308.014933,137.600000,0.783950,1.000000,0.000000,0.000000,0.000000,308.014933,137.600000,80.000000,0.500000,-0.500000,0.500000,0.500000,0.000
1630,53.791658,308.274933,137.600000,0.783950,1.000000,0.000000,0.000000,0.000000,308.274933,137.600000,80.000000,0.500000,-0.500000,0.500000,0.500000,4.167
1631,53.824991,308.534933,137.600000,0.783950,1.000000,0.000000,0.000000,0.000000,308.534933,137.600000,80.000000,0.500000,-0.500000,0.500000,0.500000,4.167
1632,53.858325,308.794933,137.600000,0.783950,1.000000,0.000000,0.000000,0.000000,308.794933,137.600000,80.000000,0.500000,-0.500000,0.500000,0.500000,0.000
1633,53.891658,309.054933,137.600000,0.783950,1.000000,0.000000,0.000000,0.000000,309.054933,137.600000,80.000000,0.500000,-0.500000,0.500000,0.500000,4.167
1634,53.920825,309.282432,137.600000,0.783950,1.000000,0.000000,0.000000,0.000000,309.282432,137.600000,80.000000,0.500000,-0.500000,0.500000,0.500000,0.000
1635,53.954158,309.542432,137.600000,0.783950,1.000000,0.000000,0.000000,0.000000,309.542432,137.600000,80.000000,0.500000,-0.500000,0.500000,0.500000,4.167
1636,53.987491,309.802432,137.600000,0.783950,1.000000,0.000000,0.000000,0.000000,309.802432,137.600000,80.000000,0.500000,-0.500000,0.500000,0.500000,4.167
1637,54.020825,310.062432,137.600000,0.783950,1.000000,0.000000,0.000000,0.000000,310.062432,137.600000,80.000000,0.500000,-0.500000,0.500000,0.500000,0.000
1638,54.054158,310.322432,137.600000,0.783950,1.000000,0.000000,0.000000,0.000000,310.322432,137.600000,80.000000,0.500000,-0.500000,0.500000,0.500000,4.167
1639,54.087491,310.582432,137.600000,0.783950,1.000000,0.000000,0.000000,0.000000,310.582432,137.600000,80.000000,0.500000,-0.500000,0.500000,0.500000,4.167
1640,54.120825,310.842432,137.600000,0.783950,1.000000,0.000000,0.000000,0.000000,310.842432,137.600000,80.000000,0.500000,-0.500000,0.500000,0.500000,0.000
1641,54.154158,311.102432,137.600000,0.783950,1.000000,0.000000,0.000000,0.000000,311.102432,137.600000,80.000000,0.500000,-0.500000,0.500000,0.500000,4.167
1642,54.187491,311.362432,137.600000,0.783950,1.000000,0.000000,0.000000,0.000000,311.362432,137.600000,80.000000,0.500000,-0.500000,0.500000,0.500000,4.167
1643,54.220825,311.622432,137.600000,0.783950,1.000000,0.000000,0.000000,0.000000,311.622432,137.600000,80.000000,0.500000,-0.500000,0.500000,0.500000,0.000
1644,54.254158,311.882432,137.600000,0.783950,1.000000,0.000000,0.000000,0.000000,311.882432,137.600000,80.000000,0.500000,-0.500000,0.500000,0.500000,4.167
1645,54.287491,312.142432,137.600000,0.783950,1.000000,0.000000,0.000000,0.000000,312.142432,137.600000,80.000000,0.500000,-0.500000,0.500000,0.500000,4.167
1646,54.320825,312.402432,137.600000,0.783950,1.000000,0.000000,0.000000,0.000000,312.402432,137.600000,80.000000,0.500000,-0.500000,0.500000,0.500000,0.000
1647,54.349991,312.629932,137.600000,0.783950,1.000000,0.000000,0.000000,0.000000,312.629932,137.600000,80.000000,0.500000,-0.500000,0.500000,0.500000,4.167
1648,54.383325,312.889932,137.600000,0.783950,1.000000,0.000000,0.000000,0.000000,312.889932,137.600000,80.000000,0.500000,-0.500000,0.500000,0.500000,0.000
1649,54.416658,313.149932,137.600000,0.783950,1.000000,0.000000,0.000000,0.000000,313.149932,137.600000,80.000000,0.500000,-0.500000,0.500000,0.500000,4.167
1650,54.449991,313.409932,137.600000,0.783950,1.000000,0.000000,0.000000,0.000000,313.409932,137.600000,80.000000,0.500000,-0.500000,0.500000,0.500000,4.167
1651,54.483325,313.669932,137.600000,0.783950,1.000000,0.000000,0.000000,0.000000,313.669932,137.600000,80.000000,0.500000,-0.500000,0.500000,0.500000,0.000
1652,54.516658,313.929932,137.600000,0.783950,1.000000,0.000000,0.000000,0.000000,313.929932,137.600000,80.000000,0.500000,-0.500000,0.500000,0.500000,4.167
1653,54.549991,314.189932,137.600000,0.783950,1.000000,0.000000,0.000000,0.000000,314.189932,137.600000,80.000000,0.500000,-0.500000,0.500000,0.500000,4.167
1654,54.583325,314.449932,137.600000,0.783950,1.000000,0.000000,0.000000,0.000000,314.449932,137.600000,80.000000,0.500000,-0.500000,0.500000,0.500000,0.000
1655,54.616658,314.709932,137.600000,0.783950,1.000000,0.000000,0.000000,0.000000,314.709932,137.600000,80.000000,0.500000,-0.500000,0.500000,0.500000,4.167
1656,54.649991,314.969932,137.600000,0.783950,1.000000,0.000000,0.000000,0.000000,314.969932,137.600000,80.000000,0.500000,-0.500000,0.500000,0.500000,4.167
1657,54.683325,315.229932,137.600000,0.783950,1.000000,0.000000,0.000000,0.000000,315.229932,137.600000,80.000000,0.500000,-0.500000,0.500000,0.500000,0.000
1658,54.716658,315.489932,137.600000,0.783950,1.000000,0.000000,0.000000,0.000000,315.489932,137.600000,80.000000,0.500000,-0.500000,0.500000,0.500000,4.167
1659,54.745825,315.717431,137.600000,0.783950,1.000000,0.000000,0.000000,0.000000,315.717431,137.600000,80.000000,0.500000,-0.500000,0.500000,0.500000,0.000
1660,54.779158,315.977431,137.600000,0.783950,1.000000,0.000000,0.000000,0.000000,315.977431,137.600000,80.000000,0.500000,-0.500000,0.500000,0.500000,4.167
1661,54.812491,316.237431,137.600000,0.783950,1.000000,0.000000,0.000000,0.000000,316.237431,137.600000,80.000000,0.500000,-0.500000,0.500000,0.500000,4.167
1662,54.845825,316.497431,137.600000,0.783950,1.000000,0.000000,0.000000,0.000000,316.497431,137.600000,80.000000,0.500000,-0.500000,0.500000,0.500000,0.000
1663,54.879158,316.757431,137.600000,0.783950,1.000000,0.000000,0.000000,0.000000,316.757431,137.600000,80.000000,0.500000,-0.500000,0.500000,0.500000,4.167
1664,54.912491,317.017431,137.600000,0.783950,1.000000,0.000000,0.000000,0.000000,317.017431,137.600000,80.000000,0.500000,-0.500000,0.500000,0.500000,4.167
1665,54.945825,317.277431,137.600000,0.783950,1.000000,0.000000,0.000000,0.000000,317.277431,137.600000,80.000000,0.500000,-0.500000,0.500000,0.500000,0.000
1666,54.979158,317.537431,137.600000,0.783950,1.000000,0.000000,0.000000,0.000000,317.537431,137.600000,80.000000,0.500000,-0.500000,0.500000,0.500000,4.167
1667,55.012491,317.797431,137.600000,0.783950,1.000000,0.000000,0.000000,0.000000,317.797431,137.600000,80.000000,0.500000,-0.500000,0.500000,0.500000,4.167
1668,55.045825,318.057431,137.600000,0.783950,1.000000,0.000000,0.000000,0.000000,318.057431,137.600000,80.000000,0.500000,-0.500000,0.500000,0.500000,0.000
1669,55.079158,318.317431,137.600000,0.783950,1.000000,0.000000,0.000000,0.000000,318.317431,137.600000,80.000000,0.500000,-0.500000,0.500000,0.500000,4.167
1670,55.112491,318.577431,137.600000,0.783950,1.000000,0.000000,0.000000,0.000000,318.577431,137.600000,80.000000,0.500000,-0.500000,0.500000,0.500000,4.167
1671,55.145825,318.837431,137.600000,0.783950,1.000000,0.000000,0.000000,0.000000,318.837431,137.600000,80.000000,0.500000,-0.500000,0.500000,0.500000,0.000
1672,55.174991,319.064931,137.600000,0.783950,1.000000,0.000000,0.000000,0.000000,319.064931,137.600000,80.000000,0.500000,-0.500000,0.500000,0.500000,4.167
1673,55.208324,319.324931,137.600000,0.783950,1.000000,0.000000,0.000000,0.000000,319.324931,137.600000,80.000000,0.500000,-0.500000,0.500000,0.500000,0.000
1674,55.241658,319.584931,137.600000,0.783950,1.000000,0.000000,0.000000,0.000000,319.584931,137.600000,80.000000,0.500000,-0.500000,0.500000,0.500000,4.167
1675,55.274991,319.844931,137.600000,0.783950,1.000000,0.000000,0.000000,0.000000,319.844931,137.600000,80.000000,0.500000,-0.500000,0.500000,0.500000,4.167
1676,55.308324,320.104931,137.600000,0.783950,1.000000,0.000000,0.000000,0.000000,320.104931,137.600000,80.000000,0.500000,-0.500000,0.500000,0.500000,0.000
1677,55.341658,320.364931,137.600000,0.783950,1.000000,0.000000,0.000000,0.000000,320.364931,137.600000,80.000000,0.500000,-0.500000,0.500000,0.500000,4.167
1678,55.374991,320.624931,137.600000,0.783950,1.000000,0.000000,0.000000,0.000000,320.624931,137.600000,80.000000,0.500000,-0.500000,0.500000,0.500000,4.167
1679,55.408324,320.884931,137.600000,0.783950,1.000000,0.000000,0.000000,0.000000,320.884931,137.600000,80.000000,0.500000,-0.500000,0.500000,0.500000,0.000
1680,55.441658,321.144931,137.600000,0.783950,1.000000,0.000000,0.000000,0.000000,321.144931,137.600000,80.000000,0.500000,-0.500000,0.500000,0.500000,4.167
1681,55.474991,321.404931,137.600000,0.783950,1.000000,0.000000,0.000000,0.000000,321.404931,137.600000,80.000000,0.500000,-0.500000,0.500000,0.500000,4.167
1682,55.508324,321.664931,137.600000,0.783950,1.000000,0.000000,0.000000,0.000000,321.664931,137.600000,80.000000,0.500000,-0.500000,0.500000,0.500000,0.000
1683,55.541658,321.924930,137.600000,0.783950,1.000000,0.000000,0.000000,0.000000,321.924930,137.600000,80.000000,0.500000,-0.500000,0.500000,0.500000,4.167
1684,55.570824,322.152430,137.600000,0.783950,1.000000,0.000000,0.000000,0.000000,322.152430,137.600000,80.000000,0.500000,-0.500000,0.500000,0.500000,0.000
1685,55.604158,322.412430,137.600000,0.783950,1.000000,0.000000,0.000000,0.000000,322.412430,137.600000,80.000000,0.500000,-0.500000,0.500000,0.500000,4.167
1686,55.637491,322.672430,137.600000,0.783950,1.000000,0.000000,0.000000,0.000000,322.672430,137.600000,80.000000,0.500000,-0.500000,0.500000,0.500000,4.167
1687,55.670824,322.932430,137.600000,0.783950,1.000000,0.000000,0.000000,0.000000,322.932430,137.600000,80.000000,0.500000,-0.500000,0.500000,0.500000,0.000
1688,55.704158,323.192430,137.600000,0.783950,1.000000,0.000000,0.000000,0.000000,323.192430,137.600000,80.000000,0.500000,-0.500000,0.500000,0.500000,4.167
1689,55.737491,323.452430,137.600000,0.783950,1.000000,0.000000,0.000000,0.000000,323.452430,137.600000,80.000000,0.500000,-0.500000,0.500000,0.500000,4.167
1690,55.770824,323.712430,137.600000,0.783950,1.000000,0.000000,0.000000,0.000000,323.712430,137.600000,80.000000,0.500000,-0.500000,0.500000,0.500000,0.000
1691,55.804158,323.972430,137.600000,0.783950,1.000000,0.000000,0.000000,0.000000,323.972430,137.600000,80.000000,0.500000,-0.500000,0.500000,0.500000,4.167
1692,55.837491,324.232430,137.600000,0.783950,1.000000,0.000000,0.000000,0.000000,324.232430,137.600000,80.000000,0.500000,-0.500000,0.500000,0.500000,4.167
1693,55.870824,324.492430,137.600000,0.783950,1.000000,0.000000,0.000000,0.000000,324.492430,137.600000,80.000000,0.500000,-0.500000,0.500000,0.500000,0.000
1694,55.904158,324.752430,137.600000,0.783950,1.000000,0.000000,0.000000,0.000000,324.752430,137.600000,80.000000,0.500000,-0.500000,0.500000,0.500000,4.167
1695,55.937491,325.012430,137.600000,0.783950,1.000000,0.000000,0.000000,0.000000,325.012430,137.600000,80.000000,0.500000,-0.500000,0.500000,0.500000,4.167
1696,55.970824,325.272430,137.600000,0.783950,1.000000,0.000000,0.000000,0.000000,325.272430,137.600000,80.000000,0.500000,-0.500000,0.500000,0.500000,0.000
1697,55.999991,325.499930,137.600000,0.783950,1.000000,0.000000,0.000000,0.000000,325.499930,137.600000,80.000000,0.500000,-0.500000,0.500000,0.500000,4.167
1698,56.033324,325.759930,137.600000,0.783950,1.000000,0.000000,0.000000,0.000000,325.759930,137.600000,80.000000,0.500000,-0.500000,0.500000,0.500000,0.000
1699,56.066658,326.019930,137.600000,0.783950,1.000000,0.000000,0.000000,0.000000,326.019930,137.600000,80.000000,0.500000,-0.500000,0.500000,0.500000,4.167
1700,56.099991,326.279930,137.600000,0.783950,1.000000,0.000000,0.000000,0.000000,326.279930,137.600000,80.000000,0.500000,-0.500000,0.500000,0.500000,4.167
1701,56.133324,326.539930,137.600000,0.783950,1.000000,0.000000,0.000000,0.000000,326.539930,137.600000,80.000000,0.500000,-0.500000,0.500000,0.500000,0.000
1702,56.166658,326.799930,137.600000,0.783950,1.000000,0.000000,0.000000,0.000000,326.799930,137.600000,80.000000,0.500000,-0.500000,0.500000,0.500000,4.167
1703,56.199991,327.059930,137.600000,0.783950,1.000000,0.000000,0.000000,0.000000,327.059930,137.600000,80.000000,0.500000,-0.500000,0.500000,0.500000,4.167
1704,56.233324,327.319930,137.600000,0.783950,1.000000,0.000000,0.000000,0.000000,327.319930,137.600000,80.000000,0.500000,-0.500000,0.500000,0.500000,0.000
1705,56.266658,327.579930,137.600000,0.783950,1.000000,0.000000,0.000000,0.000000,327.579930,137.600000,80.000000,0.500000,-0.500000,0.500000,0.500000,4.167
1706,56.299991,327.839930,137.600000,0.783950,1.000000,0.000000,0.000000,0.000000,327.839930,137.600000,80.000000,0.500000,-0.500000,0.500000,0.500000,4.167
1707,56.333324,328.099929,137.600000,0.783950,1.000000,0.000000,0.000000,0.000000,328.099929,137.600000,80.000000,0.500000,-0.500000,0.500000,0.500000,0.000
1708,56.366658,328.359929,137.600000,0.783950,1.000000,0.000000,0.000000,0.000000,328.359929,137.600000,80.000000,0.500000,-0.500000,0.500000,0.500000,4.167
1709,56.395824,328.587429,137.600000,0.783950,1.000000,0.000000,0.000000,0.000000,328.587429,137.600000,80.000000,0.500000,-0.500000,0.500000,0.500000,0.000
1710,56.429158,328.847429,137.600000,0.783950,1.000000,0.000000,0.000000,0.000000,328.847429,137.600000,80.000000,0.500000,-0.500000,0.500000,0.500000,4.167
1711,56.462491,329.107429,137.600000,0.783950,1.000000,0.000000,0.000000,0.000000,329.107429,137.600000,80.000000,0.500000,-0.500000,0.500000,0.500000,4.167
1712,56.495824,329.367429,137.600000,0.783950,1.000000,0.000000,0.000000,0.000000,329.367429,137.600000,80.000000,0.500000,-0.500000,0.500000,0.500000,0.000
1713,56.529158,329.627429,137.600000,0.783950,1.000000,0.000000,0.000000,0.000000,329.627429,137.600000,80.000000,0.500000,-0.500000,0.500000,0.500000,4.167
1714,56.562491,329.887429,137.600000,0.783950,1.000000,0.000000,0.000000,0.000000,329.887429,137.600000,80.000000,0.500000,-0.500000,0.500000,0.500000,4.167
1715,56.595824,330.147429,137.600000,0.783950,1.000000,0.000000,0.000000,0.000000,330.147429,137.600000,80.000000,0.500000,-0.500000,0.500000,0.500000,0.000
1716,56.629158,330.407429,137.600000,0.783950,1.000000,0.000000,0.000000,0.000000,330.407429,137.600000,80.000000,0.500000,-0.500000,0.500000,0.500000,4.167
1717,56.662491,330.667429,137.600000,0.783950,1.000000,0.000000,0.000000,0.000000,330.667429,137.600000,80.000000,0.500000,-0.500000,0.500000,0.500000,4.167
1718,56.695824,330.927429,137.600000,0.783950,1.000000,0.000000,0.000000,0.000000,330.927429,137.600000,80.000000,0.500000,-0.500000,0.500000,0.500000,0.000
1719,56.729158,331.187429,137.600000,0.783950,1.000000,0.000000,0.000000,0.000000,331.187429,137.600000,80.000000,0.500000,-0.500000,0.500000,0.500000,4.167
1720,56.762491,331.447429,137.600000,0.783950,1.000000,0.000000,0.000000,0.000000,331.447429,137.600000,80.000000,0.500000,-0.500000,0.500000,0.500000,4.167
1721,56.795824,331.707429,137.600000,0.783950,1.000000,0.000000,0.000000,0.000000,331.707429,137.600000,80.000000,0.500000,-0.500000,0.500000,0.500000,0.000
1722,56.824991,331.934929,137.600000,0.783950,1.000000,0.000000,0.000000,0.000000,331.934929,137.600000,80.000000,0.500000,-0.500000,0.500000,0.500000,4.167
1723,56.858324,332.194929,137.600000,0.783950,1.000000,0.000000,0.000000,0.000000,332.194929,137.600000,80.000000,0.500000,-0.500000,0.500000,0.500000,0.000
1724,56.891658,332.454929,137.600000,0.783950,1.000000,0.000000,0.000000,0.000000,332.454929,137.600000,80.000000,0.500000,-0.500000,0.500000,0.500000,4.167
1725,56.924991,332.714929,137.600000,0.783950,1.000000,0.000000,0.000000,0.000000,332.714929,137.600000,80.000000,0.500000,-0.500000,0.500000,0.500000,4.167
1726,56.958324,332.974929,137.600000,0.783950,1.000000,0.000000,0.000000,0.000000,332.974929,137.600000,80.000000,0.500000,-0.500000,0.500000,0.500000,0.000
1727,56.991658,333.234929,137.600000,0.783950,1.000000,0.000000,0.000000,0.000000,333.234929,137.600000,80.000000,0.500000,-0.500000,0.500000,0.500000,4.167
1728,57.024991,333.494929,137.600000,0.783950,1.000000,0.000000,0.000000,0.000000,333.494929,137.600000,80.000000,0.500000,-0.500000,0.500000,0.500000,4.167
1729,57.058324,333.754929,137.600000,0.783950,1.000000,0.000000,0.000000,0.000000,333.754929,137.600000,80.000000,0.500000,-0.500000,0.500000,0.500000,0.000
1730,57.091658,334.014929,137.600000,0.783950,1.000000,0.000000,0.000000,0.000000,334.014929,137.600000,80.000000,0.500000,-0.500000,0.500000,0.500000,4.167
1731,57.124991,334.274928,137.600000,0.783950,1.000000,0.000000,0.000000,0.000000,334.274928,137.600000,80.000000,0.500000,-0.500000,0.500000,0.500000,4.167
1732,57.158324,334.534928,137.600000,0.783950,1.000000,0.000000,0.000000,0.000000,334.534928,137.600000,80.000000,0.500000,-0.500000,0.500000,0.500000,0.000
1733,57.191658,334.794928,137.600000,0.783950,1.000000,0.000000,0.000000,0.000000,334.794928,137.600000,80.000000,0.500000,-0.500000,0.500000,0.500000,4.167
1734,57.220824,335.022428,137.600000,0.783950,1.000000,0.000000,0.000000,0.000000,335.022428,137.600000,80.000000,0.500000,-0.500000,0.500000,0.500000,0.000
1735,57.254158,335.282428,137.600000,0.783950,1.000000,0.000000,0.000000,0.000000,335.282428,137.600000,80.000000,0.500000,-0.500000,0.500000,0.500000,4.167
1736,57.287491,335.542428,137.600000,0.783950,1.000000,0.000000,0.000000,0.000000,335.542428,137.600000,80.000000,0.500000,-0.500000,0.500000,0.500000,4.167
1737,57.320824,335.802428,137.600000,0.783950,1.000000,0.000000,0.000000,0.000000,335.802428,137.600000,80.000000,0.500000,-0.500000,0.500000,0.500000,0.000
1738,57.354157,336.062428,137.600000,0.783950,1.000000,0.000000,0.000000,0.000000,336.062428,137.600000,80.000000,0.500000,-0.500000,0.500000,0.500000,4.167
1739,57.387491,336.322428,137.600000,0.783950,1.000000,0.000000,0.000000,0.000000,336.322428,137.600000,80.000000,0.500000,-0.500000,0.500000,0.500000,4.167
1740,57.420824,336.582428,137.600000,0.783950,1.000000,0.000000,0.000000,0.000000,336.582428,137.600000,80.000000,0.500000,-0.500000,0.500000,0.500000,0.000
1741,57.454157,336.842428,137.600000,0.783950,1.000000,0.000000,0.000000,0.000000,336.842428,137.600000,80.000000,0.500000,-0.500000,0.500000,0.500000,4.167
1742,57.487491,337.102428,137.600000,0.783950,1.000000,0.000000,0.000000,0.000000,337.102428,137.600000,80.000000,0.500000,-0.500000,0.500000,0.500000,4.167
1743,57.520824,337.362428,137.600000,0.783950,1.000000,0.000000,0.000000,0.000000,337.362428,137.600000,80.000000,0.500000,-0.500000,0.500000,0.500000,0.000
1744,57.554157,337.622428,137.600000,0.783950,1.000000,0.000000,0.000000,0.000000,337.622428,137.600000,80.000000,0.500000,-0.500000,0.500000,0.500000,4.167
1745,57.587491,337.882428,137.600000,0.783950,1.000000,0.000000,0.000000,0.000000,337.882428,137.600000,80.000000,0.500000,-0.500000,0.500000,0.500000,4.167
1746,57.620824,338.142428,137.600000,0.783950,1.000000,0.000000,0.000000,0.000000,338.142428,137.600000,80.000000,0.500000,-0.500000,0.500000,0.500000,0.000
1747,57.649991,338.369928,137.600000,0.783950,1.000000,0.000000,0.000000,0.000000,338.369928,137.600000,80.000000,0.500000,-0.500000,0.500000,0.500000,4.167
1748,57.683324,338.629928,137.600000,0.783950,1.000000,0.000000,0.000000,0.000000,338.629928,137.600000,80.000000,0.500000,-0.500000,0.500000,0.500000,0.000
1749,57.716657,338.889928,137.600000,0.783950,1.000000,0.000000,0.000000,0.000000,338.889928,137.600000,80.000000,0.500000,-0.500000,0.500000,0.500000,4.167
1750,57.749991,339.149928,137.600000,0.783950,1.000000,0.000000,0.000000,0.000000,339.149928,137.600000,80.000000,0.500000,-0.500000,0.500000,0.500000,4.167
1751,57.783324,339.409928,137.600000,0.783950,1.000000,0.000000,0.000000,0.000000,339.409928,137.600000,80.000000,0.500000,-0.500000,0.500000,0.500000,0.000
1752,57.816657,339.669928,137.600000,0.783950,1.000000,0.000000,0.000000,0.000000,339.669928,137.600000,80.000000,0.500000,-0.500000,0.500000,0.500000,4.167
1753,57.849991,339.929928,137.600000,0.783950,1.000000,0.000000,0.000000,0.000000,339.929928,137.600000,80.000000,0.500000,-0.500000,0.500000,0.500000,4.167
1754,57.883324,340.189928,137.600000,0.783950,1.000000,0.000000,0.000000,0.000000,340.189928,137.600000,80.000000,0.500000,-0.500000,0.500000,0.500000,0.000
1755,57.916657,340.449928,137.600000,0.783950,1.000000,0.000000,0.000000,0.000000,340.449928,137.600000,80.000000,0.500000,-0.500000,0.500000,0.500000,4.167
1756,57.949991,340.709927,137.600000,0.783950,1.000000,0.000000,0.000000,0.000000,340.709927,137.600000,80.000000,0.500000,-0.500000,0.500000,0.500000,4.167
1757,57.983324,340.969927,137.600000,0.783950,1.000000,0.000000,0.000000,0.000000,340.969927,137.600000,80.000000,0.500000,-0.500000,0.500000,0.500000,0.000
1758,58.016657,341.229927,137.600000,0.783950,1.000000,0.000000,0.000000,0.000000,341.229927,137.600000,80.000000,0.500000,-0.500000,0.500000,0.500000,4.167
1759,58.045824,341.457427,137.600000,0.783950,1.000000,0.000000,0.000000,0.000000,341.457427,137.600000,80.000000,0.500000,-0.500000,0.500000,0.500000,0.000
1760,58.079157,341.717427,137.600000,0.783950,1.000000,0.000000,0.000000,0.000000,341.717427,137.600000,80.000000,0.500000,-0.500000,0.500000,0.500000,4.167
1761,58.112491,341.977427,137.600000,0.783950,1.000000,0.000000,0.000000,0.000000,341.977427,137.600000,80.000000,0.500000,-0.500000,0.500000,0.500000,4.167
1762,58.145824,342.237427,137.600000,0.783950,1.000000,0.000000,0.000000,0.000000,342.237427,137.600000,80.000000,0.500000,-0.500000,0.500000,0.500000,0.000
1763,58.179157,342.497427,137.600000,0.783950,1.000000,0.000000,0.000000,0.000000,342.497427,137.600000,80.000000,0.500000,-0.500000,0.500000,0.500000,4.167
1764,58.212491,342.757427,137.600000,0.783950,1.000000,0.000000,0.000000,0.000000,342.757427,137.600000,80.000000,0.500000,-0.500000,0.500000,0.500000,4.167
1765,58.245824,343.017427,137.600000,0.783950,1.000000,0.000000,0.000000,0.000000,343.017427,137.600000,80.000000,0.500000,-0.500000,0.500000,0.500000,0.000
1766,58.279157,343.277427,137.600000,0.783950,1.000000,0.000000,0.000000,0.000000,343.277427,137.600000,80.000000,0.500000,-0.500000,0.500000,0.500000,4.167
1767,58.312491,343.537427,137.600000,0.783950,1.000000,0.000000,0.000000,0.000000,343.537427,137.600000,80.000000,0.500000,-0.500000,0.500000,0.500000,4.167
1768,58.345824,343.797427,137.600000,0.783950,1.000000,0.000000,0.000000,0.000000,343.797427,137.600000,80.000000,0.500000,-0.500000,0.500000,0.500000,0.000
1769,58.379157,344.057427,137.600000,0.783950,1.000000,0.000000,0.000000,0.000000,344.057427,137.600000,80.000000,0.500000,-0.500000,0.500000,0.500000,4.167
1770,58.412491,344.317427,137.600000,0.783950,1.000000,0.000000,0.000000,0.000000,344.317427,137.600000,80.000000,0.500000,-0.500000,0.500000,0.500000,4.167
1771,58.445824,344.577427,137.600000,0.783950,1.000000,0.000000,0.000000,0.000000,344.577427,137.600000,80.000000,0.500000,-0.500000,0.500000,0.500000,0.000
1772,58.474991,344.804927,137.600000,0.783950,1.000000,0.000000,0.000000,0.000000,344.804927,137.600000,80.000000,0.500000,-0.500000,0.500000,0.500000,4.167
1773,58.508324,345.064927,137.600000,0.783950,1.000000,0.000000,0.000000,0.000000,345.064927,137.600000,80.000000,0.500000,-0.500000,0.500000,0.500000,0.000
1774,58.541657,345.324927,137.600000,0.783950,1.000000,0.000000,0.000000,0.000000,345.324927,137.600000,80.000000,0.500000,-0.500000,0.500000,0.500000,4.167
1775,58.574991,345.584927,137.600000,0.783950,1.000000,0.000000,0.000000,0.000000,345.584927,137.600000,80.000000,0.500000,-0.500000,0.500000,0.500000,4.167
1776,58.608324,345.844927,137.600000,0.783950,1.000000,0.000000,0.000000,0.000000,345.844927,137.600000,80.000000,0.500000,-0.500000,0.500000,0.500000,0.000
1777,58.641657,346.104927,137.600000,0.783950,1.000000,0.000000,0.000000,0.000000,346.104927,137.600000,80.000000,0.500000,-0.500000,0.500000,0.500000,4.167
1778,58.674991,346.364927,137.600000,0.783950,1.000000,0.000000,0.000000,0.000000,346.364927,137.600000,80.000000,0.500000,-0.500000,0.500000,0.500000,4.167
1779,58.708324,346.624927,137.600000,0.783950,1.000000,0.000000,0.000000,0.000000,346.624927,137.600000,80.000000,0.500000,-0.500000,0.500000,0.500000,0.000
1780,58.741657,346.884926,137.600000,0.783950,1.000000,0.000000,0.000000,0.000000,346.884926,137.600000,80.000000,0.500000,-0.500000,0.500000,0.500000,4.167
1781,58.774991,347.144926,137.600000,0.783950,1.000000,0.000000,0.000000,0.000000,347.144926,137.600000,80.000000,0.500000,-0.500000,0.500000,0.500000,4.167
1782,58.808324,347.404926,137.600000,0.783950,1.000000,0.000000,0.000000,0.000000,347.404926,137.600000,80.000000,0.500000,-0.500000,0.500000,0.500000,0.000
1783,58.841657,347.664926,137.600000,0.783950,1.000000,0.000000,0.000000,0.000000,347.664926,137.600000,80.000000,0.500000,-0.500000,0.500000,0.500000,4.167
1784,58.870824,347.892426,137.600000,0.783950,1.000000,0.000000,0.000000,0.000000,347.892426,137.600000,80.000000,0.500000,-0.500000,0.500000,0.500000,0.000
1785,58.904157,348.152426,137.600000,0.783950,1.000000,0.000000,0.000000,0.000000,348.152426,137.600000,80.000000,0.500000,-0.500000,0.500000,0.500000,4.167
1786,58.937491,348.412426,137.600000,0.783950,1.000000,0.000000,0.000000,0.000000,348.412426,137.600000,80.000000,0.500000,-0.500000,0.500000,0.500000,4.167
1787,58.970824,348.672426,137.600000,0.783950,1.000000,0.000000,0.000000,0.000000,348.672426,137.600000,80.000000,0.500000,-0.500000,0.500000,0.500000,0.000
1788,59.004157,348.932426,137.600000,0.783950,1.000000,0.000000,0.000000,0.000000,348.932426,137.600000,80.000000,0.500000,-0.500000,0.500000,0.500000,4.167
1789,59.037491,349.192426,137.600000,0.783950,1.000000,0.000000,0.000000,0.000000,349.192426,137.600000,80.000000,0.500000,-0.500000,0.500000,0.500000,4.167
1790,59.070824,349.452426,137.600000,0.783950,1.000000,0.000000,0.000000,0.000000,349.452426,137.600000,80.000000,0.500000,-0.500000,0.500000,0.500000,0.000
1791,59.104157,349.712426,137.600000,0.783950,1.000000,0.000000,0.000000,0.000000,349.712426,137.600000,80.000000,0.500000,-0.500000,0.500000,0.500000,4.167
1792,59.137491,349.972426,137.600000,0.783950,1.000000,0.000000,0.000000,0.000000,349.972426,137.600000,80.000000,0.500000,-0.500000,0.500000,0.500000,4.167
1793,59.170824,350.232426,137.600000,0.783950,1.000000,0.000000,0.000000,0.000000,350.232426,137.600000,80.000000,0.500000,-0.500000,0.500000,0.500000,0.000
1794,59.204157,350.492426,137.600000,0.783950,1.000000,0.000000,0.000000,0.000000,350.492426,137.600000,80.000000,0.500000,-0.500000,0.500000,0.500000,4.167
1795,59.237491,350.752426,137.600000,0.783950,1.000000,0.000000,0.000000,0.000000,350.752426,137.600000,80.000000,0.500000,-0.500000,0.500000,0.500000,4.167
1796,59.270824,351.012426,137.600000,0.783950,1.000000,0.000000,0.000000,0.000000,351.012426,137.600000,80.000000,0.500000,-0.500000,0.500000,0.500000,0.000
1797,59.299991,351.239926,137.600000,0.783950,1.000000,0.000000,0.000000,0.000000,351.239926,137.600000,80.000000,0.500000,-0.500000,0.500000,0.500000,4.167
1798,59.333324,351.499926,137.600000,0.783950,1.000000,0.000000,0.000000,0.000000,351.499926,137.600000,80.000000,0.500000,-0.500000,0.500000,0.500000,0.000
1799,59.366657,351.759926,137.600000,0.783950,1.000000,0.000000,0.000000,0.000000,351.759926,137.600000,80.000000,0.500000,-0.500000,0.500000,0.500000,4.167
