t,wx,wy,wz,ax,ay,az,qw,qx,qy,qz
0.008333332,0.000000000,0.000000000,0.822467033,-0.000000000,0.000000000,9.800000000,0.999998532,0.000000000,0.000000000,0.001713472
0.012499998,0.000000000,0.000000000,0.822467033,-0.000000000,-0.000000000,9.800000000,0.999994128,0.000000000,0.000000000,0.003426939
0.016666664,0.000000000,0.000000000,0.822467033,-0.000000000,0.000000000,9.800000000,0.999986788,0.000000000,0.000000000,0.005140395
0.020833330,0.000000000,0.000000000,0.822308495,0.000000000,-0.000000000,9.800000000,0.999976514,0.000000000,0.000000000,0.006853507
0.029166662,0.000000000,0.000000000,0.822308495,-0.000000000,-0.000000000,9.800000000,0.999947163,0.000000000,0.000000000,0.010279664
0.033333328,0.000000000,0.000000000,0.821832941,0.000000000,0.000000000,9.800000000,0.999928097,0.000000000,0.000000000,0.011991710
0.037499994,0.000000000,0.000000000,0.821832941,0.000000000,0.000000000,9.800000000,0.999906100,0.000000000,0.000000000,0.013703720
0.041666660,0.000000000,0.000000000,0.821832941,0.000000000,0.000000000,9.800000000,0.999881171,0.000000000,0.000000000,0.015415690
0.045833326,0.000000000,0.000000000,0.821040555,0.000000000,0.000000000,9.800000000,0.999853340,0.000000000,0.000000000,0.017125964
0.054166658,0.000000000,0.000000000,0.821040555,0.000000000,0.000000000,9.800000000,0.999788901,0.000000000,0.000000000,0.020546357
0.058333324,0.000000000,0.000000000,0.819931643,0.000000000,0.000000000,9.800000000,0.999752346,0.000000000,0.000000000,0.022254156
0.062499990,0.000000000,0.000000000,0.819931643,0.000000000,0.000000000,9.800000000,0.999712873,0.000000000,0.000000000,0.023961891
0.066666656,0.000000000,0.000000000,0.819931643,0.000000000,0.000000000,9.800000000,0.999670483,0.000000000,0.000000000,0.025669555
0.070833322,0.000000000,0.000000000,0.818506631,0.000000000,0.000000000,9.800000000,0.999625257,0.000000000,0.000000000,0.027374177
0.079166654,0.000000000,0.000000000,0.818506631,0.000000000,0.000000000,9.800000000,0.999526086,0.000000000,0.000000000,0.030783177
0.083333320,0.000000000,0.000000000,0.816766070,-0.000000000,-0.000000000,9.800000000,0.999472258,0.000000000,0.000000000,0.032483921
0.087499986,0.000000000,0.000000000,0.816766070,-0.000000000,-0.000000000,9.800000000,0.999415537,0.000000000,0.000000000,0.034184571
0.091666652,0.000000000,0.000000000,0.816766070,0.000000000,-0.000000000,9.800000000,0.999355922,0.000000000,0.000000000,0.035885122
0.095833318,0.000000000,0.000000000,0.814710629,-0.000000000,0.000000000,9.800000000,0.999293574,0.000000000,0.000000000,0.037581289
0.104166650,0.000000000,0.000000000,0.814710629,-0.000000000,0.000000000,9.800000000,0.999160242,0.000000000,0.000000000,0.040973295
0.108333316,0.000000000,0.000000000,0.812341103,0.000000000,0.000000000,9.800000000,0.999089469,0.000000000,0.000000000,0.042664192
0.112499982,0.000000000,0.000000000,0.812341103,-0.000000000,0.000000000,9.800000000,0.999015834,0.000000000,0.000000000,0.044354966
0.116666648,0.000000000,0.000000000,0.812341103,0.000000000,0.000000000,9.800000000,0.998939338,0.000000000,0.000000000,0.046045613
0.120833314,0.000000000,0.000000000,0.809658403,0.000000000,0.000000000,9.800000000,0.998860248,0.000000000,0.000000000,0.047730546
0.129166646,0.000000000,0.000000000,0.809658403,-0.000000000,0.000000000,9.800000000,0.998693542,0.000000000,0.000000000,0.051099999
0.133333312,0.000000000,0.000000000,0.806663565,-0.000000000,0.000000000,9.800000000,0.998606255,0.000000000,0.000000000,0.052778279
0.137499978,0.000000000,0.000000000,0.806663565,0.000000000,0.000000000,9.800000000,0.998516149,0.000000000,0.000000000,0.054456410
0.141666644,0.000000000,0.000000000,0.806663565,0.000000000,0.000000000,9.800000000,0.998423222,0.000000000,0.000000000,0.056134388
0.145833310,0.000000000,0.000000000,0.803357743,0.000000000,0.000000000,9.800000000,0.998327874,0.000000000,0.000000000,0.057805331
0.154166642,0.000000000,0.000000000,0.803357743,-0.000000000,0.000000000,9.800000000,0.998128788,0.000000000,0.000000000,0.061146727
0.158333308,0.000000000,0.000000000,0.799742211,0.000000000,0.000000000,9.800000000,0.998025524,0.000000000,0.000000000,0.062809653
0.162499974,0.000000000,0.000000000,0.799742211,0.000000000,0.000000000,9.800000000,0.997919490,0.000000000,0.000000000,0.064472405
0.166666640,0.000000000,0.000000000,0.799742211,0.000000000,0.000000000,9.800000000,0.997810686,0.000000000,0.000000000,0.066134978
0.170833306,0.000000000,0.000000000,0.795818364,0.000000000,0.000000000,9.800000000,0.997699666,0.000000000,0.000000000,0.067789211
0.179166638,0.000000000,0.000000000,0.795818364,0.000000000,0.000000000,9.800000000,0.997469398,0.000000000,0.000000000,0.071097114
0.183333304,0.000000000,0.000000000,0.791587713,0.000000000,0.000000000,9.800000000,0.997350793,0.000000000,0.000000000,0.072741984
0.187499970,0.000000000,0.000000000,0.791587713,0.000000000,0.000000000,9.800000000,0.997229475,0.000000000,0.000000000,0.074386656
0.191666636,0.000000000,0.000000000,0.791587713,0.000000000,0.000000000,9.800000000,0.997105445,0.000000000,0.000000000,0.076031126
0.195833302,0.000000000,0.000000000,0.787051890,0.000000000,0.000000000,9.800000000,0.996979437,0.000000000,0.000000000,0.077665968
0.204166634,0.000000000,0.000000000,0.787051890,-0.000000000,0.000000000,9.800000000,0.996719380,0.000000000,0.000000000,0.080935021
0.208333300,0.000000000,0.000000000,0.782212644,0.000000000,0.000000000,9.800000000,0.996586164,0.000000000,0.000000000,0.082559176
0.212499966,0.000000000,0.000000000,0.782212644,0.000000000,0.000000000,9.800000000,0.996450302,0.000000000,0.000000000,0.084183112
0.216666632,0.000000000,0.000000000,0.782212644,0.000000000,0.000000000,9.800000000,0.996311793,0.000000000,0.000000000,0.085806824
0.220833298,0.000000000,0.000000000,0.777071841,0.000000000,0.000000000,9.800000000,0.996171575,0.000000000,0.000000000,0.087419640
0.229166630,0.000000000,0.000000000,0.777071841,0.000000000,0.000000000,9.800000000,0.995883307,0.000000000,0.000000000,0.090644579
0.233333296,0.000000000,0.000000000,0.771631461,0.000000000,0.000000000,9.800000000,0.995736303,0.000000000,0.000000000,0.092245409
0.237499962,0.000000000,0.000000000,0.771631461,0.000000000,0.000000000,9.800000000,0.995586726,0.000000000,0.000000000,0.093846000
0.241666628,0.000000000,0.000000000,0.771631461,0.000000000,0.000000000,9.800000000,0.995434576,0.000000000,0.000000000,0.095446349
0.245833294,0.000000000,0.000000000,0.765893603,0.000000000,-0.000000000,9.800000000,0.995281013,0.000000000,0.000000000,0.097034553
0.254166626,0.000000000,0.000000000,0.765893603,0.000000000,-0.000000000,9.800000000,0.994966287,0.000000000,0.000000000,0.100210217
0.258333292,0.000000000,0.000000000,0.759860478,-0.000000000,-0.000000000,9.800000000,0.994806403,0.000000000,0.000000000,0.101785165
0.262499958,0.000000000,0.000000000,0.759860478,-0.000000000,0.000000000,9.800000000,0.994644027,0.000000000,0.000000000,0.103359857
0.266666624,0.000000000,0.000000000,0.759860478,-0.000000000,0.000000000,9.800000000,0.994479157,0.000000000,0.000000000,0.104934291
0.270833290,0.000000000,0.000000000,0.753534413,0.000000000,0.000000000,9.800000000,0.994313200,0.000000000,0.000000000,0.106495357
0.279166622,0.000000000,0.000000000,0.753534413,0.000000000,0.000000000,9.800000000,0.993973933,0.000000000,0.000000000,0.109616698
0.283333288,0.000000000,0.000000000,0.746917846,0.000000000,0.000000000,9.800000000,0.993802157,0.000000000,0.000000000,0.111163267
0.287499954,0.000000000,0.000000000,0.746917846,-0.000000000,0.000000000,9.800000000,0.993627976,0.000000000,0.000000000,0.112709566
0.291666620,0.000000000,0.000000000,0.746917846,-0.000000000,0.000000000,9.800000000,0.993451388,0.000000000,0.000000000,0.114255592
0.295833286,0.000000000,0.000000000,0.740013328,-0.000000000,0.000000000,9.800000000,0.993274060,0.000000000,0.000000000,0.115787054
0.304166618,0.000000000,0.000000000,0.740013328,0.000000000,0.000000000,9.800000000,0.992912322,0.000000000,0.000000000,0.118849148
0.308333284,0.000000000,0.000000000,0.732823521,-0.000000000,0.000000000,9.800000000,0.992729716,0.000000000,0.000000000,0.120364904
0.312499950,0.000000000,0.000000000,0.732823521,0.000000000,0.000000000,9.800000000,0.992544797,0.000000000,0.000000000,0.121880378
0.316666616,0.000000000,0.000000000,0.732823521,0.000000000,0.000000000,9.800000000,0.992357563,0.000000000,0.000000000,0.123395569
0.320833282,0.000000000,0.000000000,0.725351196,0.000000000,0.000000000,9.800000000,0.992169961,0.000000000,0.000000000,0.124895027
0.329166614,0.000000000,0.000000000,0.725351196,0.000000000,0.000000000,9.800000000,0.991787961,0.000000000,0.000000000,0.127893084
0.333333280,0.000000000,0.000000000,0.717599235,0.000000000,0.000000000,9.800000000,0.991595653,0.000000000,0.000000000,0.129375661
0.337499946,0.000000000,0.000000000,0.717599235,0.000000000,0.000000000,9.800000000,0.991401128,0.000000000,0.000000000,0.130857950
0.341666612,0.000000000,0.000000000,0.717599235,0.000000000,0.000000000,9.800000000,0.991204388,0.000000000,0.000000000,0.132339946
0.345833278,0.000000000,0.000000000,0.709570626,0.000000000,-0.000000000,9.800000000,0.991007671,0.000000000,0.000000000,0.133805070
0.354166610,0.000000000,0.000000000,0.709570626,0.000000000,0.000000000,9.800000000,0.990607739,0.000000000,0.000000000,0.136734439
0.358333276,0.000000000,0.000000000,0.701268464,-0.000000000,-0.000000000,9.800000000,0.990406917,0.000000000,0.000000000,0.138181546
0.362499942,0.000000000,0.000000000,0.701268464,-0.000000000,0.000000000,9.800000000,0.990203980,0.000000000,0.000000000,0.139628359
0.366666608,0.000000000,0.000000000,0.701268464,-0.000000000,-0.000000000,9.800000000,0.989998929,0.000000000,0.000000000,0.141074873
0.370833274,0.000000000,0.000000000,0.692695950,0.000000000,0.000000000,9.800000000,0.989794311,0.000000000,0.000000000,0.142503409
0.379166606,0.000000000,0.000000000,0.692695950,-0.000000000,0.000000000,9.800000000,0.989378891,0.000000000,0.000000000,0.145359589
0.383333272,0.000000000,0.000000000,0.683856388,-0.000000000,0.000000000,9.800000000,0.989170793,0.000000000,0.000000000,0.146769009
0.387499938,0.000000000,0.000000000,0.683856388,-0.000000000,0.000000000,9.800000000,0.988960687,0.000000000,0.000000000,0.148178132
0.391666604,0.000000000,0.000000000,0.683856388,-0.000000000,0.000000000,9.800000000,0.988748574,0.000000000,0.000000000,0.149586954
0.395833270,0.000000000,0.000000000,0.674753187,0.000000000,-0.000000000,9.800000000,0.988537318,0.000000000,0.000000000,0.150976725
0.404166602,0.000000000,0.000000000,0.674753187,0.000000000,-0.000000000,9.800000000,0.988108945,0.000000000,0.000000000,0.153755369
0.408333268,0.000000000,0.000000000,0.665389856,-0.000000000,-0.000000000,9.800000000,0.987894855,0.000000000,0.000000000,0.155124965
0.412499934,0.000000000,0.000000000,0.665389856,-0.000000000,0.000000000,9.800000000,0.987678868,0.000000000,0.000000000,0.156494264
0.416666600,0.000000000,0.000000000,0.665389856,-0.000000000,-0.000000000,9.800000000,0.987460982,0.000000000,0.000000000,0.157863262
0.420833266,0.000000000,0.000000000,0.655770004,-0.000000000,0.000000000,9.800000000,0.987244390,0.000000000,0.000000000,0.159212171
0.429166598,0.000000000,0.000000000,0.655770004,-0.000000000,-0.000000000,9.800000000,0.986805677,0.000000000,0.000000000,0.161909095
0.433333264,0.000000000,0.000000000,0.645897341,0.000000000,0.000000000,9.800000000,0.986586916,0.000000000,0.000000000,0.163236812
0.437499930,0.000000000,0.000000000,0.645897341,0.000000000,0.000000000,9.800000000,0.986366368,0.000000000,0.000000000,0.164564235
0.441666596,0.000000000,0.000000000,0.645897341,0.000000000,0.000000000,9.800000000,0.986144035,0.000000000,0.000000000,0.165891359
0.445833262,0.000000000,0.000000000,0.635775672,0.000000000,-0.000000000,9.800000000,0.985923441,0.000000000,0.000000000,0.167197393
0.454166594,0.000000000,0.000000000,0.635775672,-0.000000000,-0.000000000,9.800000000,0.985477066,0.000000000,0.000000000,0.169808578
0.458333260,0.000000000,0.000000000,0.625408899,-0.000000000,-0.000000000,9.800000000,0.985254980,0.000000000,0.000000000,0.171092446
0.462499926,0.000000000,0.000000000,0.625408899,-0.000000000,-0.000000000,9.800000000,0.985031221,0.000000000,0.000000000,0.172376024
0.466666592,0.000000000,0.000000000,0.625408899,-0.000000000,0.000000000,9.800000000,0.984805790,0.000000000,0.000000000,0.173659309
0.470833258,0.000000000,0.000000000,0.614801020,-0.000000000,-0.000000000,9.800000000,0.984582554,0.000000000,0.000000000,0.174920540
0.479166590,0.000000000,0.000000000,0.614801020,-0.000000000,-0.000000000,9.800000000,0.984131235,0.000000000,0.000000000,0.177442139
0.483333256,0.000000000,0.000000000,0.603956123,0.000000000,0.000000000,9.800000000,0.983907191,0.000000000,0.000000000,0.178680273
0.487499922,0.000000000,0.000000000,0.603956123,0.000000000,0.000000000,9.800000000,0.983681589,0.000000000,0.000000000,0.179918125
0.491666588,0.000000000,0.000000000,0.603956123,-0.000000000,0.000000000,9.800000000,0.983454430,0.000000000,0.000000000,0.181155691
0.495833254,0.000000000,0.000000000,0.592878389,0.000000000,0.000000000,9.800000000,0.983229923,0.000000000,0.000000000,0.182370279
0.504166586,0.000000000,0.000000000,0.592878389,0.000000000,0.000000000,9.800000000,0.982776409,0.000000000,0.000000000,0.184798619
0.508333252,0.000000000,0.000000000,0.581572090,0.000000000,0.000000000,9.800000000,0.982551784,0.000000000,0.000000000,0.185989223
0.512499918,0.000000000,0.000000000,0.581572090,0.000000000,0.000000000,9.800000000,0.982325717,0.000000000,0.000000000,0.187179554
0.516666584,0.000000000,0.000000000,0.581572090,-0.000000000,-0.000000000,9.800000000,0.982098208,0.000000000,0.000000000,0.188369611
0.520833250,0.000000000,0.000000000,0.570041583,-0.000000000,0.000000000,9.800000000,0.981873810,0.000000000,0.000000000,0.189535804
0.529166582,0.000000000,0.000000000,0.570041583,-0.000000000,0.000000000,9.800000000,0.981420861,0.000000000,0.000000000,0.191867387
0.533333248,0.000000000,0.000000000,0.558291315,0.000000000,-0.000000000,9.800000000,0.981197035,0.000000000,0.000000000,0.193008755
0.537499914,0.000000000,0.000000000,0.558291315,0.000000000,-0.000000000,9.800000000,0.980971881,0.000000000,0.000000000,0.194149861
0.541666580,0.000000000,0.000000000,0.558291315,0.000000000,0.000000000,9.800000000,0.980745401,0.000000000,0.000000000,0.195290704
0.545833246,0.000000000,0.000000000,0.546325815,0.000000000,0.000000000,9.800000000,0.980522490,0.000000000,0.000000000,0.196406841
0.554166578,0.000000000,0.000000000,0.546325815,0.000000000,0.000000000,9.800000000,0.980072858,0.000000000,0.000000000,0.198638349
0.558333244,0.000000000,0.000000000,0.546325815,0.000000000,0.000000000,9.800000000,0.979846137,0.000000000,0.000000000,0.199753718
0.562499910,0.000000000,0.000000000,0.534149696,0.000000000,0.000000000,9.800000000,0.979623242,0.000000000,0.000000000,0.200843979
0.566666576,0.000000000,0.000000000,0.534149696,-0.000000000,0.000000000,9.800000000,0.979399134,0.000000000,0.000000000,0.201933990
0.570833242,0.000000000,0.000000000,0.521767652,0.000000000,-0.000000000,9.800000000,0.979179050,0.000000000,0.000000000,0.202998493
0.579166574,0.000000000,0.000000000,0.521767652,0.000000000,-0.000000000,9.800000000,0.978735411,0.000000000,0.000000000,0.205126778
0.583333240,0.000000000,0.000000000,0.509184457,0.000000000,0.000000000,9.800000000,0.978517262,0.000000000,0.000000000,0.206164906
0.587499906,0.000000000,0.000000000,0.509184457,0.000000000,0.000000000,9.800000000,0.978298011,0.000000000,0.000000000,0.207202801
0.591666572,0.000000000,0.000000000,0.509184457,0.000000000,0.000000000,9.800000000,0.978077660,0.000000000,0.000000000,0.208240464
0.595833238,0.000000000,0.000000000,0.496404962,0.000000000,-0.000000000,9.800000000,0.977861780,0.000000000,0.000000000,0.209251857
0.604166570,0.000000000,0.000000000,0.496404962,0.000000000,0.000000000,9.800000000,0.977426881,0.000000000,0.000000000,0.211273972
0.608333236,0.000000000,0.000000000,0.483434093,-0.000000000,0.000000000,9.800000000,0.977213600,0.000000000,0.000000000,0.212258285
0.612499902,0.000000000,0.000000000,0.483434093,-0.000000000,0.000000000,9.800000000,0.976999328,0.000000000,0.000000000,0.213242382
0.616666568,0.000000000,0.000000000,0.483434093,0.000000000,0.000000000,9.800000000,0.976784064,0.000000000,0.000000000,0.214226262
0.620833234,0.000000000,0.000000000,0.470276851,-0.000000000,0.000000000,9.800000000,0.976573709,0.000000000,0.000000000,0.215183157
0.629166566,0.000000000,0.000000000,0.470276851,-0.000000000,-0.000000000,9.800000000,0.976150186,0.000000000,0.000000000,0.217096326
0.633333232,0.000000000,0.000000000,0.456938309,0.000000000,-0.000000000,9.800000000,0.975943078,0.000000000,0.000000000,0.218025478
0.637499898,0.000000000,0.000000000,0.456938309,0.000000000,-0.000000000,9.800000000,0.975735085,0.000000000,0.000000000,0.218954433
0.641666564,0.000000000,0.000000000,0.456938309,0.000000000,-0.000000000,9.800000000,0.975526208,0.000000000,0.000000000,0.219883189
0.645833230,0.000000000,0.000000000,0.443423608,0.000000000,0.000000000,9.800000000,0.975322664,0.000000000,0.000000000,0.220784285
0.654166562,0.000000000,0.000000000,0.443423608,0.000000000,0.000000000,9.800000000,0.974913079,0.000000000,0.000000000,0.222585911
0.658333228,0.000000000,0.000000000,0.429737959,0.000000000,-0.000000000,9.800000000,0.974713410,0.000000000,0.000000000,0.223458649
0.662499894,0.000000000,0.000000000,0.429737959,0.000000000,-0.000000000,9.800000000,0.974512960,0.000000000,0.000000000,0.224331208
0.666666560,0.000000000,0.000000000,0.429737959,0.000000000,-0.000000000,9.800000000,0.974311729,0.000000000,0.000000000,0.225203587
0.670833226,0.000000000,0.000000000,0.415886638,0.000000000,0.000000000,9.800000000,0.974116240,0.000000000,0.000000000,0.226047676
0.679166558,0.000000000,0.000000000,0.415886638,0.000000000,0.000000000,9.800000000,0.973723068,0.000000000,0.000000000,0.227735343
0.683333224,0.000000000,0.000000000,0.401874985,0.000000000,0.000000000,9.800000000,0.973532058,0.000000000,0.000000000,0.228550503
0.687499890,0.000000000,0.000000000,0.401874985,-0.000000000,0.000000000,9.800000000,0.973340365,0.000000000,0.000000000,0.229365502
0.691666556,0.000000000,0.000000000,0.401874985,0.000000000,0.000000000,9.800000000,0.973147990,0.000000000,0.000000000,0.230180340
0.695833222,0.000000000,0.000000000,0.387708401,-0.000000000,-0.000000000,9.800000000,0.972961750,0.000000000,0.000000000,0.230966302
0.704166554,0.000000000,0.000000000,0.387708401,-0.000000000,-0.000000000,9.800000000,0.972587366,0.000000000,0.000000000,0.232537772
0.708333220,0.000000000,0.000000000,0.373392348,-0.000000000,-0.000000000,9.800000000,0.972406180,0.000000000,0.000000000,0.233294278
0.712499886,0.000000000,0.000000000,0.373392348,-0.000000000,0.000000000,9.800000000,0.972224407,0.000000000,0.000000000,0.234050643
0.716666552,0.000000000,0.000000000,0.373392348,-0.000000000,0.000000000,9.800000000,0.972042044,0.000000000,0.000000000,0.234806866
0.720833218,0.000000000,0.000000000,0.358932346,-0.000000000,-0.000000000,9.800000000,0.971866190,0.000000000,0.000000000,0.235533669
0.729166550,0.000000000,0.000000000,0.358932346,0.000000000,0.000000000,9.800000000,0.971512850,0.000000000,0.000000000,0.236986881
0.733333216,0.000000000,0.000000000,0.344333968,-0.000000000,-0.000000000,9.800000000,0.971342595,0.000000000,0.000000000,0.237683747
0.737499882,0.000000000,0.000000000,0.344333968,-0.000000000,-0.000000000,9.800000000,0.971171840,0.000000000,0.000000000,0.238380490
0.741666548,0.000000000,0.000000000,0.344333968,-0.000000000,0.000000000,9.800000000,0.971000584,0.000000000,0.000000000,0.239077111
0.745833214,0.000000000,0.000000000,0.329602844,-0.000000000,-0.000000000,9.800000000,0.970836188,0.000000000,0.000000000,0.239743814
0.754166546,0.000000000,0.000000000,0.329602844,-0.000000000,-0.000000000,9.800000000,0.970506022,0.000000000,0.000000000,0.241076880
0.758333212,0.000000000,0.000000000,0.314744651,0.000000000,-0.000000000,9.800000000,0.970347734,0.000000000,0.000000000,0.241713207
0.762499878,0.000000000,0.000000000,0.314744651,-0.000000000,-0.000000000,9.800000000,0.970189030,0.000000000,0.000000000,0.242349429
0.766666544,0.000000000,0.000000000,0.314744651,0.000000000,-0.000000000,9.800000000,0.970029909,0.000000000,0.000000000,0.242985547
0.770833210,0.000000000,0.000000000,0.299765118,0.000000000,0.000000000,9.800000000,0.969877973,0.000000000,0.000000000,0.243591294
0.779166542,0.000000000,0.000000000,0.299765118,0.000000000,0.000000000,9.800000000,0.969572965,0.000000000,0.000000000,0.244802501
0.783333208,0.000000000,0.000000000,0.284670019,0.000000000,-0.000000000,9.800000000,0.969427612,0.000000000,0.000000000,0.245377476
0.787499874,0.000000000,0.000000000,0.284670019,0.000000000,-0.000000000,9.800000000,0.969281917,0.000000000,0.000000000,0.245952364
0.791666540,0.000000000,0.000000000,0.284670019,-0.000000000,-0.000000000,9.800000000,0.969135882,0.000000000,0.000000000,0.246527165
0.795833206,0.000000000,0.000000000,0.269465176,0.000000000,0.000000000,9.800000000,0.968997332,0.000000000,0.000000000,0.247071185
0.804166538,0.000000000,0.000000000,0.269465176,0.000000000,0.000000000,9.800000000,0.968719317,0.000000000,0.000000000,0.248158992
0.808333204,0.000000000,0.000000000,0.254156448,-0.000000000,-0.000000000,9.800000000,0.968587783,0.000000000,0.000000000,0.248671887
0.812499870,0.000000000,0.000000000,0.254156448,-0.000000000,0.000000000,9.800000000,0.968455977,0.000000000,0.000000000,0.249184712
0.816666536,0.000000000,0.000000000,0.254156448,-0.000000000,-0.000000000,9.800000000,0.968323900,0.000000000,0.000000000,0.249697467
0.820833202,0.000000000,0.000000000,0.238749738,0.000000000,-0.000000000,9.800000000,0.968199582,0.000000000,0.000000000,0.250179076
0.829166534,0.000000000,0.000000000,0.238749738,0.000000000,0.000000000,9.800000000,0.967950227,0.000000000,0.000000000,0.251142108
0.833333200,0.000000000,0.000000000,0.223250986,-0.000000000,-0.000000000,9.800000000,0.967833314,0.000000000,0.000000000,0.251592280
0.837499866,0.000000000,0.000000000,0.223250986,-0.000000000,0.000000000,9.800000000,0.967716193,0.000000000,0.000000000,0.252042398
0.841666532,0.000000000,0.000000000,0.223250986,-0.000000000,0.000000000,9.800000000,0.967598862,0.000000000,0.000000000,0.252492462
0.845833198,0.000000000,0.000000000,0.207666166,0.000000000,-0.000000000,9.800000000,0.967489533,0.000000000,0.000000000,0.252911058
0.854166530,0.000000000,0.000000000,0.207666166,0.000000000,-0.000000000,9.800000000,0.967270333,0.000000000,0.000000000,0.253748108
0.858333196,0.000000000,0.000000000,0.192001287,0.000000000,0.000000000,9.800000000,0.967168756,0.000000000,0.000000000,0.254134999
0.862499862,0.000000000,0.000000000,0.192001287,-0.000000000,-0.000000000,9.800000000,0.967067024,0.000000000,0.000000000,0.254521848
0.866666528,0.000000000,0.000000000,0.192001287,0.000000000,0.000000000,9.800000000,0.966965137,0.000000000,0.000000000,0.254908657
0.870833194,0.000000000,0.000000000,0.176262388,0.000000000,0.000000000,9.800000000,0.966871466,0.000000000,0.000000000,0.255263723
0.879166526,0.000000000,0.000000000,0.176262388,0.000000000,0.000000000,9.800000000,0.966683733,0.000000000,0.000000000,0.255973750
0.883333192,0.000000000,0.000000000,0.160455536,0.000000000,0.000000000,9.800000000,0.966598111,0.000000000,0.000000000,0.256296881
0.887499858,0.000000000,0.000000000,0.160455536,0.000000000,0.000000000,9.800000000,0.966512382,0.000000000,0.000000000,0.256619983
0.891666524,0.000000000,0.000000000,0.160455536,0.000000000,-0.000000000,9.800000000,0.966426544,0.000000000,0.000000000,0.256943057
0.895833190,0.000000000,0.000000000,0.144586825,0.000000000,-0.000000000,9.800000000,0.966349103,0.000000000,0.000000000,0.257234155
0.904166522,0.000000000,0.000000000,0.144586825,0.000000000,-0.000000000,9.800000000,0.966193959,0.000000000,0.000000000,0.257816280
0.908333188,0.000000000,0.000000000,0.128662374,-0.000000000,0.000000000,9.800000000,0.966124817,0.000000000,0.000000000,0.258075256
0.912499854,0.000000000,0.000000000,0.128662374,0.000000000,0.000000000,9.800000000,0.966055606,0.000000000,0.000000000,0.258334213
0.916666520,0.000000000,0.000000000,0.128662374,0.000000000,0.000000000,9.800000000,0.965986326,0.000000000,0.000000000,0.258593152
0.920833186,0.000000000,0.000000000,0.112688321,0.000000000,0.000000000,9.800000000,0.965925590,0.000000000,0.000000000,0.258819927
0.929166518,0.000000000,0.000000000,0.112688321,0.000000000,0.000000000,9.800000000,0.965803959,0.000000000,0.000000000,0.259273433
0.933333184,0.000000000,0.000000000,0.096670824,-0.000000000,-0.000000000,9.800000000,0.965751722,0.000000000,0.000000000,0.259467939
0.937499850,0.000000000,0.000000000,0.096670824,-0.000000000,-0.000000000,9.800000000,0.965699446,0.000000000,0.000000000,0.259662433
0.941666516,0.000000000,0.000000000,0.096670824,-0.000000000,-0.000000000,9.800000000,0.965647131,0.000000000,0.000000000,0.259856918
0.945833182,0.000000000,0.000000000,0.080616059,0.000000000,-0.000000000,9.800000000,0.965603475,0.000000000,0.000000000,0.260019095
0.954166514,0.000000000,0.000000000,0.080616059,0.000000000,-0.000000000,9.800000000,0.965516080,0.000000000,0.000000000,0.260343426
0.958333180,0.000000000,0.000000000,0.064530215,0.000000000,0.000000000,9.800000000,0.965481071,0.000000000,0.000000000,0.260473226
0.962499846,0.000000000,0.000000000,0.064530215,0.000000000,0.000000000,9.800000000,0.965446045,0.000000000,0.000000000,0.260603021
0.966666512,0.000000000,0.000000000,0.064530215,0.000000000,0.000000000,9.800000000,0.965411001,0.000000000,0.000000000,0.260732811
0.970833178,0.000000000,0.000000000,0.048419494,0.000000000,-0.000000000,9.800000000,0.965384695,0.000000000,0.000000000,0.260830195
0.979166510,0.000000000,0.000000000,0.048419494,-0.000000000,-0.000000000,9.800000000,0.965332054,0.000000000,0.000000000,0.261024953
0.983333176,0.000000000,0.000000000,0.032290106,-0.000000000,0.000000000,9.800000000,0.965314492,0.000000000,0.000000000,0.261089892
0.987499842,0.000000000,0.000000000,0.032290106,-0.000000000,0.000000000,9.800000000,0.965296926,0.000000000,0.000000000,0.261154829
0.991666508,0.000000000,0.000000000,0.032290106,-0.000000000,0.000000000,9.800000000,0.965279356,0.000000000,0.000000000,0.261219765
0.995833174,0.000000000,0.000000000,0.016148269,0.000000000,0.000000000,9.800000000,0.965270567,0.000000000,0.000000000,0.261252239
1.004166506,0.000000000,0.000000000,0.016148269,0.000000000,0.000000000,9.800000000,0.965252987,0.000000000,0.000000000,0.261317186
1.008333172,0.000000000,0.000000000,0.000000207,0.000000000,0.000000000,9.800000000,0.965252987,0.000000000,0.000000000,0.261317186
1.012499838,0.000000000,0.000000000,0.000000207,0.000000000,0.000000000,9.800000000,0.965252986,0.000000000,0.000000000,0.261317187
1.016666504,0.000000000,0.000000000,0.000000207,0.000000000,0.000000000,9.800000000,0.965252986,0.000000000,0.000000000,0.261317187
1.020833170,0.000000000,0.000000000,-0.016147856,-0.000000000,-0.000000000,9.800000000,0.965261777,0.000000000,0.000000000,0.261284715
1.029166502,0.000000000,0.000000000,-0.016147856,-0.000000000,-0.000000000,9.800000000,0.965279355,0.000000000,0.000000000,0.261219769
1.033333168,0.000000000,0.000000000,-0.032289692,0.000000000,-0.000000000,9.800000000,0.965296925,0.000000000,0.000000000,0.261154833
1.037499834,0.000000000,0.000000000,-0.032289692,0.000000000,0.000000000,9.800000000,0.965314491,0.000000000,0.000000000,0.261089897
1.041666500,0.000000000,0.000000000,-0.032289692,0.000000000,0.000000000,9.800000000,0.965332052,0.000000000,0.000000000,0.261024960
1.045833166,0.000000000,0.000000000,-0.048419081,0.000000000,-0.000000000,9.800000000,0.965358377,0.000000000,0.000000000,0.260927582
1.054166498,0.000000000,0.000000000,-0.048419081,0.000000000,0.000000000,9.800000000,0.965410999,0.000000000,0.000000000,0.260732820
1.058333164,0.000000000,0.000000000,-0.064529803,0.000000000,-0.000000000,9.800000000,0.965446042,0.000000000,0.000000000,0.260603030
1.062499830,0.000000000,0.000000000,-0.064529803,0.000000000,-0.000000000,9.800000000,0.965481068,0.000000000,0.000000000,0.260473236
1.066666496,0.000000000,0.000000000,-0.064529803,0.000000000,-0.000000000,9.800000000,0.965516077,0.000000000,0.000000000,0.260343437
1.070833162,0.000000000,0.000000000,-0.080615648,-0.000000000,0.000000000,9.800000000,0.965559788,0.000000000,0.000000000,0.260181276
1.079166494,0.000000000,0.000000000,-0.080615648,0.000000000,0.000000000,9.800000000,0.965647128,0.000000000,0.000000000,0.259856931
1.083333160,0.000000000,0.000000000,-0.096670414,0.000000000,0.000000000,9.800000000,0.965699442,0.000000000,0.000000000,0.259662448
1.087499826,0.000000000,0.000000000,-0.096670414,0.000000000,0.000000000,9.800000000,0.965751718,0.000000000,0.000000000,0.259467954
1.091666492,0.000000000,0.000000000,-0.096670414,0.000000000,0.000000000,9.800000000,0.965803954,0.000000000,0.000000000,0.259273450
1.095833158,0.000000000,0.000000000,-0.112687912,-0.000000000,0.000000000,9.800000000,0.965864796,0.000000000,0.000000000,0.259046704
1.104166490,0.000000000,0.000000000,-0.112687912,-0.000000000,0.000000000,9.800000000,0.965986321,0.000000000,0.000000000,0.258593170
1.108333156,0.000000000,0.000000000,-0.128661966,-0.000000000,0.000000000,9.800000000,0.966055601,0.000000000,0.000000000,0.258334232
1.112499822,0.000000000,0.000000000,-0.128661966,0.000000000,0.000000000,9.800000000,0.966124812,0.000000000,0.000000000,0.258075276
1.116666488,0.000000000,0.000000000,-0.128661966,-0.000000000,0.000000000,9.800000000,0.966193953,0.000000000,0.000000000,0.257816301
1.120833154,0.000000000,0.000000000,-0.144586418,-0.000000000,0.000000000,9.800000000,0.966271569,0.000000000,0.000000000,0.257525251
1.129166486,0.000000000,0.000000000,-0.144586418,-0.000000000,0.000000000,9.800000000,0.966426538,0.000000000,0.000000000,0.256943080
1.133333152,0.000000000,0.000000000,-0.160455130,0.000000000,0.000000000,9.800000000,0.966512375,0.000000000,0.000000000,0.256620008
1.137499818,0.000000000,0.000000000,-0.160455130,0.000000000,0.000000000,9.800000000,0.966598105,0.000000000,0.000000000,0.256296906
1.141666484,0.000000000,0.000000000,-0.160455130,0.000000000,0.000000000,9.800000000,0.966683726,0.000000000,0.000000000,0.255973776
1.145833150,0.000000000,0.000000000,-0.176261984,0.000000000,-0.000000000,9.800000000,0.966777658,0.000000000,0.000000000,0.255618780
1.154166482,0.000000000,0.000000000,-0.176261984,0.000000000,0.000000000,9.800000000,0.966965130,0.000000000,0.000000000,0.254908686
1.158333148,0.000000000,0.000000000,-0.192000885,-0.000000000,-0.000000000,9.800000000,0.967067016,0.000000000,0.000000000,0.254521878
1.162499814,0.000000000,0.000000000,-0.192000885,-0.000000000,-0.000000000,9.800000000,0.967168748,0.000000000,0.000000000,0.254135029
1.166666480,0.000000000,0.000000000,-0.192000885,-0.000000000,-0.000000000,9.800000000,0.967270325,0.000000000,0.000000000,0.253748139
1.170833146,0.000000000,0.000000000,-0.207665766,-0.000000000,-0.000000000,9.800000000,0.967380015,0.000000000,0.000000000,0.253329638
1.179166478,0.000000000,0.000000000,-0.207665766,-0.000000000,-0.000000000,9.800000000,0.967598853,0.000000000,0.000000000,0.252492495
1.183333144,0.000000000,0.000000000,-0.223250588,-0.000000000,0.000000000,9.800000000,0.967716184,0.000000000,0.000000000,0.252042432
1.187499810,0.000000000,0.000000000,-0.223250588,-0.000000000,0.000000000,9.800000000,0.967833305,0.000000000,0.000000000,0.251592315
1.191666476,0.000000000,0.000000000,-0.223250588,-0.000000000,0.000000000,9.800000000,0.967950218,0.000000000,0.000000000,0.251142143
1.195833142,0.000000000,0.000000000,-0.238749342,-0.000000000,-0.000000000,9.800000000,0.968075015,0.000000000,0.000000000,0.250660659
1.204166474,0.000000000,0.000000000,-0.238749342,-0.000000000,-0.000000000,9.800000000,0.968323890,0.000000000,0.000000000,0.249697505
1.208333140,0.000000000,0.000000000,-0.254156055,-0.000000000,0.000000000,9.800000000,0.968455967,0.000000000,0.000000000,0.249184751
1.212499806,0.000000000,0.000000000,-0.254156055,0.000000000,0.000000000,9.800000000,0.968587773,0.000000000,0.000000000,0.248671926
1.216666472,0.000000000,0.000000000,-0.254156055,0.000000000,0.000000000,9.800000000,0.968719306,0.000000000,0.000000000,0.248159032
1.220833138,0.000000000,0.000000000,-0.269464785,0.000000000,0.000000000,9.800000000,0.968858467,0.000000000,0.000000000,0.247615169
1.229166470,0.000000000,0.000000000,-0.269464785,0.000000000,0.000000000,9.800000000,0.969135871,0.000000000,0.000000000,0.246527208
1.233333136,0.000000000,0.000000000,-0.284669632,0.000000000,0.000000000,9.800000000,0.969281906,0.000000000,0.000000000,0.245952407
1.237499802,0.000000000,0.000000000,-0.284669632,0.000000000,0.000000000,9.800000000,0.969427600,0.000000000,0.000000000,0.245377520
1.241666468,0.000000000,0.000000000,-0.284669632,0.000000000,0.000000000,9.800000000,0.969572954,0.000000000,0.000000000,0.244802547
1.245833134,0.000000000,0.000000000,-0.299764733,0.000000000,0.000000000,9.800000000,0.969725646,0.000000000,0.000000000,0.244196991
1.254166466,0.000000000,0.000000000,-0.299764733,0.000000000,-0.000000000,9.800000000,0.970029897,0.000000000,0.000000000,0.242985595
1.258333132,0.000000000,0.000000000,-0.314744269,0.000000000,-0.000000000,9.800000000,0.970189018,0.000000000,0.000000000,0.242349477
1.262499798,0.000000000,0.000000000,-0.314744269,0.000000000,0.000000000,9.800000000,0.970347722,0.000000000,0.000000000,0.241713256
1.266666464,0.000000000,0.000000000,-0.314744269,0.000000000,-0.000000000,9.800000000,0.970506009,0.000000000,0.000000000,0.241076930
1.270833130,0.000000000,0.000000000,-0.329602465,-0.000000000,0.000000000,9.800000000,0.970671321,0.000000000,0.000000000,0.240410455
1.279166462,0.000000000,0.000000000,-0.329602465,-0.000000000,-0.000000000,9.800000000,0.971000572,0.000000000,0.000000000,0.239077163
1.283333128,0.000000000,0.000000000,-0.344333593,-0.000000000,-0.000000000,9.800000000,0.971171826,0.000000000,0.000000000,0.238380543
1.287499794,0.000000000,0.000000000,-0.344333593,-0.000000000,0.000000000,9.800000000,0.971342582,0.000000000,0.000000000,0.237683801
1.291666460,0.000000000,0.000000000,-0.344333593,-0.000000000,-0.000000000,9.800000000,0.971512837,0.000000000,0.000000000,0.236986936
1.295833126,0.000000000,0.000000000,-0.358931974,-0.000000000,0.000000000,9.800000000,0.971689778,0.000000000,0.000000000,0.236260397
1.304166458,0.000000000,0.000000000,-0.358931974,0.000000000,0.000000000,9.800000000,0.972042030,0.000000000,0.000000000,0.234806923
1.308333124,0.000000000,0.000000000,-0.373391980,0.000000000,0.000000000,9.800000000,0.972224393,0.000000000,0.000000000,0.234050701
1.312499790,0.000000000,0.000000000,-0.373391980,0.000000000,0.000000000,9.800000000,0.972406166,0.000000000,0.000000000,0.233294337
1.316666456,0.000000000,0.000000000,-0.373391980,0.000000000,0.000000000,9.800000000,0.972587352,0.000000000,0.000000000,0.232537831
1.320833122,0.000000000,0.000000000,-0.387708036,0.000000000,0.000000000,9.800000000,0.972774861,0.000000000,0.000000000,0.231752173
1.329166454,0.000000000,0.000000000,-0.387708036,0.000000000,0.000000000,9.800000000,0.973147976,0.000000000,0.000000000,0.230180402
1.333333120,0.000000000,0.000000000,-0.401874624,0.000000000,0.000000000,9.800000000,0.973340351,0.000000000,0.000000000,0.229365564
1.337499786,0.000000000,0.000000000,-0.401874624,-0.000000000,0.000000000,9.800000000,0.973532043,0.000000000,0.000000000,0.228550566
1.341666452,0.000000000,0.000000000,-0.401874624,0.000000000,0.000000000,9.800000000,0.973723053,0.000000000,0.000000000,0.227735407
1.345833118,0.000000000,0.000000000,-0.415886281,0.000000000,0.000000000,9.800000000,0.973920004,0.000000000,0.000000000,0.226891659
1.354166450,0.000000000,0.000000000,-0.415886281,0.000000000,0.000000000,9.800000000,0.974311713,0.000000000,0.000000000,0.225203653
1.358333116,0.000000000,0.000000000,-0.429737607,0.000000000,0.000000000,9.800000000,0.974512945,0.000000000,0.000000000,0.224331275
1.362499782,0.000000000,0.000000000,-0.429737607,0.000000000,0.000000000,9.800000000,0.974713395,0.000000000,0.000000000,0.223458717
1.366666448,0.000000000,0.000000000,-0.429737607,0.000000000,0.000000000,9.800000000,0.974913064,0.000000000,0.000000000,0.222585979
1.370833114,0.000000000,0.000000000,-0.443423260,0.000000000,0.000000000,9.800000000,0.975118272,0.000000000,0.000000000,0.221685262
1.379166446,0.000000000,0.000000000,-0.443423260,0.000000000,0.000000000,9.800000000,0.975526193,0.000000000,0.000000000,0.219883259
1.383333112,0.000000000,0.000000000,-0.456937965,-0.000000000,-0.000000000,9.800000000,0.975735069,0.000000000,0.000000000,0.218954503
1.387499778,0.000000000,0.000000000,-0.456937965,-0.000000000,-0.000000000,9.800000000,0.975943062,0.000000000,0.000000000,0.218025550
1.391666444,0.000000000,0.000000000,-0.456937965,-0.000000000,-0.000000000,9.800000000,0.976150170,0.000000000,0.000000000,0.217096398
1.395833110,0.000000000,0.000000000,-0.470276512,-0.000000000,0.000000000,9.800000000,0.976362400,0.000000000,0.000000000,0.216139918
1.404166442,0.000000000,0.000000000,-0.470276512,0.000000000,0.000000000,9.800000000,0.976784048,0.000000000,0.000000000,0.214226337
1.408333108,0.000000000,0.000000000,-0.483433759,0.000000000,0.000000000,9.800000000,0.976999311,0.000000000,0.000000000,0.213242457
1.412499774,0.000000000,0.000000000,-0.483433759,0.000000000,-0.000000000,9.800000000,0.977213584,0.000000000,0.000000000,0.212258361
1.416666440,0.000000000,0.000000000,-0.483433759,0.000000000,-0.000000000,9.800000000,0.977426865,0.000000000,0.000000000,0.211274049
1.420833106,0.000000000,0.000000000,-0.496404632,-0.000000000,-0.000000000,9.800000000,0.977644837,0.000000000,0.000000000,0.210263105
1.429166438,0.000000000,0.000000000,-0.496404632,0.000000000,-0.000000000,9.800000000,0.978077643,0.000000000,0.000000000,0.208240542
1.433333104,0.000000000,0.000000000,-0.509184133,0.000000000,0.000000000,9.800000000,0.978297995,0.000000000,0.000000000,0.207202881
1.437499770,0.000000000,0.000000000,-0.509184133,0.000000000,0.000000000,9.800000000,0.978517245,0.000000000,0.000000000,0.206164986
1.441666436,0.000000000,0.000000000,-0.509184133,0.000000000,0.000000000,9.800000000,0.978735394,0.000000000,0.000000000,0.205126859
1.445833102,0.000000000,0.000000000,-0.521767333,0.000000000,0.000000000,9.800000000,0.978957792,0.000000000,0.000000000,0.204062837
1.454166434,0.000000000,0.000000000,-0.521767333,-0.000000000,0.000000000,9.800000000,0.979399117,0.000000000,0.000000000,0.201934073
1.458333100,0.000000000,0.000000000,-0.534149382,-0.000000000,-0.000000000,9.800000000,0.979623225,0.000000000,0.000000000,0.200844062
1.462499766,0.000000000,0.000000000,-0.534149382,-0.000000000,-0.000000000,9.800000000,0.979846120,0.000000000,0.000000000,0.199753802
1.466666432,0.000000000,0.000000000,-0.534149382,-0.000000000,0.000000000,9.800000000,0.980067801,0.000000000,0.000000000,0.198663295
1.470833098,0.000000000,0.000000000,-0.546325506,0.000000000,0.000000000,9.800000000,0.980293281,0.000000000,0.000000000,0.197547675
1.479166430,0.000000000,0.000000000,-0.546325506,-0.000000000,0.000000000,9.800000000,0.980740429,0.000000000,0.000000000,0.195315669
1.483333096,0.000000000,0.000000000,-0.558291012,0.000000000,0.000000000,9.800000000,0.980966939,0.000000000,0.000000000,0.194174832
1.487499762,0.000000000,0.000000000,-0.558291012,0.000000000,0.000000000,9.800000000,0.981192121,0.000000000,0.000000000,0.193033732
1.491666428,0.000000000,0.000000000,-0.558291012,-0.000000000,0.000000000,9.800000000,0.981415976,0.000000000,0.000000000,0.191892372
1.495833094,0.000000000,0.000000000,-0.570041285,-0.000000000,-0.000000000,9.800000000,0.981643172,0.000000000,0.000000000,0.190726721
1.504166426,0.000000000,0.000000000,-0.570041285,0.000000000,0.000000000,9.800000000,0.982093412,0.000000000,0.000000000,0.188394614
1.508333092,0.000000000,0.000000000,-0.581571797,0.000000000,0.000000000,9.800000000,0.982320951,0.000000000,0.000000000,0.187204564
1.512499758,0.000000000,0.000000000,-0.581571797,0.000000000,0.000000000,9.800000000,0.982547049,0.000000000,0.000000000,0.186014239
1.516666424,0.000000000,0.000000000,-0.581571797,0.000000000,-0.000000000,9.800000000,0.982771704,0.000000000,0.000000000,0.184823641
1.520833090,0.000000000,0.000000000,-0.592878103,0.000000000,-0.000000000,9.800000000,0.982999241,0.000000000,0.000000000,0.183609618
1.529166422,0.000000000,0.000000000,-0.592878103,0.000000000,-0.000000000,9.800000000,0.983449817,0.000000000,0.000000000,0.181180733
1.533333088,0.000000000,0.000000000,-0.603955842,0.000000000,0.000000000,9.800000000,0.983677007,0.000000000,0.000000000,0.179943172
1.537499754,0.000000000,0.000000000,-0.603955842,0.000000000,0.000000000,9.800000000,0.983902640,0.000000000,0.000000000,0.178705327
1.541666420,0.000000000,0.000000000,-0.603955842,0.000000000,0.000000000,9.800000000,0.984126716,0.000000000,0.000000000,0.177467200
1.545833086,0.000000000,0.000000000,-0.614800745,-0.000000000,-0.000000000,9.800000000,0.984353215,0.000000000,0.000000000,0.176206551
1.554166418,0.000000000,0.000000000,-0.614800745,0.000000000,-0.000000000,9.800000000,0.984801367,0.000000000,0.000000000,0.173684388
1.558333084,0.000000000,0.000000000,-0.625408631,0.000000000,0.000000000,9.800000000,0.985026831,0.000000000,0.000000000,0.172401109
1.562499750,0.000000000,0.000000000,-0.625408631,0.000000000,-0.000000000,9.800000000,0.985250622,0.000000000,0.000000000,0.171117538
1.566666416,0.000000000,0.000000000,-0.625408631,0.000000000,0.000000000,9.800000000,0.985472741,0.000000000,0.000000000,0.169833676
1.570833082,0.000000000,0.000000000,-0.635775409,0.000000000,0.000000000,9.800000000,0.985696826,0.000000000,0.000000000,0.168528237
1.579166414,0.000000000,0.000000000,-0.635775409,0.000000000,-0.000000000,9.800000000,0.986139809,0.000000000,0.000000000,0.165916475
1.583333080,0.000000000,0.000000000,-0.645897085,0.000000000,0.000000000,9.800000000,0.986362177,0.000000000,0.000000000,0.164589357
1.587499746,0.000000000,0.000000000,-0.645897085,0.000000000,0.000000000,9.800000000,0.986582758,0.000000000,0.000000000,0.163261941
1.591666412,0.000000000,0.000000000,-0.645897085,-0.000000000,0.000000000,9.800000000,0.986801553,0.000000000,0.000000000,0.161934230
1.595833078,0.000000000,0.000000000,-0.655769755,-0.000000000,0.000000000,9.800000000,0.987021865,0.000000000,0.000000000,0.160585924
1.604166410,0.000000000,0.000000000,-0.655769755,-0.000000000,0.000000000,9.800000000,0.987456960,0.000000000,0.000000000,0.157888415
1.608333076,0.000000000,0.000000000,-0.665389613,-0.000000000,0.000000000,9.800000000,0.987674881,0.000000000,0.000000000,0.156519423
1.612499742,0.000000000,0.000000000,-0.665389613,0.000000000,0.000000000,9.800000000,0.987890903,0.000000000,0.000000000,0.155150131
1.616666408,0.000000000,0.000000000,-0.665389613,0.000000000,0.000000000,9.800000000,0.988105028,0.000000000,0.000000000,0.153780540
1.620833074,0.000000000,0.000000000,-0.674752951,0.000000000,0.000000000,9.800000000,0.988320226,0.000000000,0.000000000,0.152391374
1.629166406,0.000000000,0.000000000,-0.674752951,-0.000000000,-0.000000000,9.800000000,0.988744763,0.000000000,0.000000000,0.149612143
1.633333072,0.000000000,0.000000000,-0.683856159,0.000000000,0.000000000,9.800000000,0.988956912,0.000000000,0.000000000,0.148203327
1.637499738,0.000000000,0.000000000,-0.683856159,0.000000000,0.000000000,9.800000000,0.989167054,0.000000000,0.000000000,0.146794210
1.641666404,0.000000000,0.000000000,-0.683856159,0.000000000,0.000000000,9.800000000,0.989375187,0.000000000,0.000000000,0.145384795
1.645833070,0.000000000,0.000000000,-0.692695727,-0.000000000,-0.000000000,9.800000000,0.989583964,0.000000000,0.000000000,0.143956861
1.654166402,0.000000000,0.000000000,-0.692695727,-0.000000000,-0.000000000,9.800000000,0.989995335,0.000000000,0.000000000,0.141100097
1.658333068,0.000000000,0.000000000,-0.701268248,0.000000000,0.000000000,9.800000000,0.990200422,0.000000000,0.000000000,0.139653588
1.662499734,0.000000000,0.000000000,-0.701268248,0.000000000,0.000000000,9.800000000,0.990403395,0.000000000,0.000000000,0.138206781
1.666666400,0.000000000,0.000000000,-0.701268248,-0.000000000,-0.000000000,9.800000000,0.990604255,0.000000000,0.000000000,0.136759679
1.670833066,0.000000000,0.000000000,-0.709570417,0.000000000,-0.000000000,9.800000000,0.990805341,0.000000000,0.000000000,0.135295148
1.679166398,0.000000000,0.000000000,-0.709570417,0.000000000,0.000000000,9.800000000,0.991201015,0.000000000,0.000000000,0.132365203
1.683333064,0.000000000,0.000000000,-0.717599033,-0.000000000,-0.000000000,9.800000000,0.991397793,0.000000000,0.000000000,0.130883212
1.687499730,0.000000000,0.000000000,-0.717599033,-0.000000000,-0.000000000,9.800000000,0.991592356,0.000000000,0.000000000,0.129400929
1.691666396,0.000000000,0.000000000,-0.717599033,0.000000000,-0.000000000,9.800000000,0.991784701,0.000000000,0.000000000,0.127918357
1.695833062,0.000000000,0.000000000,-0.725351002,0.000000000,0.000000000,9.800000000,0.991976873,0.000000000,0.000000000,0.126419478
1.704166394,0.000000000,0.000000000,-0.725351002,-0.000000000,-0.000000000,9.800000000,0.992354418,0.000000000,0.000000000,0.123420858
1.708333060,0.000000000,0.000000000,-0.732823333,-0.000000000,0.000000000,9.800000000,0.992541690,0.000000000,0.000000000,0.121905672
1.712499726,0.000000000,0.000000000,-0.732823333,-0.000000000,0.000000000,9.800000000,0.992726649,0.000000000,0.000000000,0.120390203
1.716666392,0.000000000,0.000000000,-0.732823333,-0.000000000,0.000000000,9.800000000,0.992909293,0.000000000,0.000000000,0.118874452
1.720833058,0.000000000,0.000000000,-0.740013148,0.000000000,0.000000000,9.800000000,0.993091381,0.000000000,0.000000000,0.117343549
1.729166390,0.000000000,0.000000000,-0.740013148,0.000000000,-0.000000000,9.800000000,0.993448475,0.000000000,0.000000000,0.114280911
1.733333056,0.000000000,0.000000000,-0.746917673,0.000000000,0.000000000,9.800000000,0.993625103,0.000000000,0.000000000,0.112734889
1.737499722,0.000000000,0.000000000,-0.746917673,0.000000000,0.000000000,9.800000000,0.993799324,0.000000000,0.000000000,0.111188595
1.741666388,0.000000000,0.000000000,-0.746917673,0.000000000,0.000000000,9.800000000,0.993971139,0.000000000,0.000000000,0.109642032
1.745833054,0.000000000,0.000000000,-0.753534247,0.000000000,0.000000000,9.800000000,0.994142037,0.000000000,0.000000000,0.108081499
1.754166386,0.000000000,0.000000000,-0.753534247,0.000000000,-0.000000000,9.800000000,0.994476483,0.000000000,0.000000000,0.104959638
1.758333052,0.000000000,0.000000000,-0.759860320,0.000000000,-0.000000000,9.800000000,0.994641392,0.000000000,0.000000000,0.103385209
1.762499718,0.000000000,0.000000000,-0.759860320,0.000000000,0.000000000,9.800000000,0.994803809,0.000000000,0.000000000,0.101810521
1.766666384,0.000000000,0.000000000,-0.759860320,0.000000000,0.000000000,9.800000000,0.994963732,0.000000000,0.000000000,0.100235578
1.770833050,0.000000000,0.000000000,-0.765893452,-0.000000000,-0.000000000,9.800000000,0.995122403,0.000000000,0.000000000,0.098647876
1.779166382,0.000000000,0.000000000,-0.765893452,-0.000000000,-0.000000000,9.800000000,0.995432142,0.000000000,0.000000000,0.095471722
1.783333048,0.000000000,0.000000000,-0.771631318,0.000000000,-0.000000000,9.800000000,0.995584333,0.000000000,0.000000000,0.093871378
1.787499714,0.000000000,0.000000000,-0.771631318,0.000000000,0.000000000,9.800000000,0.995733951,0.000000000,0.000000000,0.092270791
1.791666380,0.000000000,0.000000000,-0.771631318,0.000000000,0.000000000,9.800000000,0.995880996,0.000000000,0.000000000,0.090669965
1.795833046,0.000000000,0.000000000,-0.777071705,-0.000000000,-0.000000000,9.800000000,0.996026476,0.000000000,0.000000000,0.089057616
1.804166378,0.000000000,0.000000000,-0.777071705,-0.000000000,-0.000000000,9.800000000,0.996309605,0.000000000,0.000000000,0.085832222
1.808333044,0.000000000,0.000000000,-0.782212517,0.000000000,0.000000000,9.800000000,0.996448155,0.000000000,0.000000000,0.084208514
1.812499710,0.000000000,0.000000000,-0.782212517,-0.000000000,0.000000000,9.800000000,0.996584059,0.000000000,0.000000000,0.082584581
1.816666376,0.000000000,0.000000000,-0.782212517,0.000000000,0.000000000,9.800000000,0.996717316,0.000000000,0.000000000,0.080960430
1.820833042,0.000000000,0.000000000,-0.787051770,0.000000000,0.000000000,9.800000000,0.996848727,0.000000000,0.000000000,0.079326014
1.829166374,0.000000000,0.000000000,-0.787051770,-0.000000000,-0.000000000,9.800000000,0.997103506,0.000000000,0.000000000,0.076056545
1.833333040,0.000000000,0.000000000,-0.791587601,0.000000000,-0.000000000,9.800000000,0.997227578,0.000000000,0.000000000,0.074412079
1.837499706,0.000000000,0.000000000,-0.791587601,0.000000000,-0.000000000,9.800000000,0.997348938,0.000000000,0.000000000,0.072767410
1.841666372,0.000000000,0.000000000,-0.791587601,-0.000000000,-0.000000000,9.800000000,0.997467585,0.000000000,0.000000000,0.071122543
1.845833038,0.000000000,0.000000000,-0.795818259,0.000000000,0.000000000,9.800000000,0.997584132,0.000000000,0.000000000,0.069468690
1.854166370,0.000000000,0.000000000,-0.795818259,0.000000000,0.000000000,9.800000000,0.997808999,0.000000000,0.000000000,0.066160416
1.858333036,0.000000000,0.000000000,-0.799742115,0.000000000,0.000000000,9.800000000,0.997917846,0.000000000,0.000000000,0.064497847
1.862499702,0.000000000,0.000000000,-0.799742115,0.000000000,0.000000000,9.800000000,0.998023923,0.000000000,0.000000000,0.062835098
1.866666368,0.000000000,0.000000000,-0.799742115,0.000000000,0.000000000,9.800000000,0.998127229,0.000000000,0.000000000,0.061172175
1.870833034,0.000000000,0.000000000,-0.803357654,0.000000000,-0.000000000,9.800000000,0.998228212,0.000000000,0.000000000,0.059501563
1.879166366,0.000000000,0.000000000,-0.803357654,0.000000000,-0.000000000,9.800000000,0.998421791,0.000000000,0.000000000,0.056159843
1.883333032,0.000000000,0.000000000,-0.806663484,0.000000000,0.000000000,9.800000000,0.998514760,0.000000000,0.000000000,0.054481868
1.887499698,0.000000000,0.000000000,-0.806663484,0.000000000,0.000000000,9.800000000,0.998604909,0.000000000,0.000000000,0.052803740
1.891666364,0.000000000,0.000000000,-0.806663484,0.000000000,0.000000000,9.800000000,0.998692238,0.000000000,0.000000000,0.051125462
1.895833030,0.000000000,0.000000000,-0.809658330,-0.000000000,0.000000000,9.800000000,0.998777055,0.000000000,0.000000000,0.049440808
1.904166362,0.000000000,0.000000000,-0.809658330,-0.000000000,0.000000000,9.800000000,0.998938164,0.000000000,0.000000000,0.046071083
1.908333028,0.000000000,0.000000000,-0.812341038,0.000000000,-0.000000000,9.800000000,0.999014703,0.000000000,0.000000000,0.044380438
1.912499694,0.000000000,0.000000000,-0.812341038,0.000000000,-0.000000000,9.800000000,0.999088381,0.000000000,0.000000000,0.042689665
1.916666360,0.000000000,0.000000000,-0.812341038,0.000000000,-0.000000000,9.800000000,0.999159197,0.000000000,0.000000000,0.040998771
1.920833026,0.000000000,0.000000000,-0.814710573,-0.000000000,-0.000000000,9.800000000,0.999227345,0.000000000,0.000000000,0.039302826
1.929166358,0.000000000,0.000000000,-0.814710573,0.000000000,-0.000000000,9.800000000,0.999355006,0.000000000,0.000000000,0.035910603
1.933333024,0.000000000,0.000000000,-0.816766021,-0.000000000,0.000000000,9.800000000,0.999414665,0.000000000,0.000000000,0.034210053
1.937499690,0.000000000,0.000000000,-0.816766021,-0.000000000,0.000000000,9.800000000,0.999471430,0.000000000,0.000000000,0.032509405
1.941666356,0.000000000,0.000000000,-0.816766021,0.000000000,0.000000000,9.800000000,0.999525300,0.000000000,0.000000000,0.030808663
1.945833022,0.000000000,0.000000000,-0.818506591,-0.000000000,0.000000000,9.800000000,0.999576383,0.000000000,0.000000000,0.029104206
1.954166354,0.000000000,0.000000000,-0.818506591,0.000000000,0.000000000,9.800000000,0.999669828,0.000000000,0.000000000,0.025695045
1.958333020,0.000000000,0.000000000,-0.819931610,0.000000000,0.000000000,9.800000000,0.999712261,0.000000000,0.000000000,0.023987382
1.962499686,0.000000000,0.000000000,-0.819931610,0.000000000,0.000000000,9.800000000,0.999751778,0.000000000,0.000000000,0.022279648
1.966666352,0.000000000,0.000000000,-0.819931610,0.000000000,0.000000000,9.800000000,0.999788377,0.000000000,0.000000000,0.020571850
1.970833018,0.000000000,0.000000000,-0.821040531,-0.000000000,0.000000000,9.800000000,0.999822103,0.000000000,0.000000000,0.018861682
1.979166350,0.000000000,0.000000000,-0.821040531,-0.000000000,-0.000000000,9.800000000,0.999880778,0.000000000,0.000000000,0.015441185
1.983333016,0.000000000,0.000000000,-0.821832925,0.000000000,0.000000000,9.800000000,0.999905750,0.000000000,0.000000000,0.013729216
1.987499682,0.000000000,0.000000000,-0.821832925,0.000000000,0.000000000,9.800000000,0.999927791,0.000000000,0.000000000,0.012017206
1.991666348,0.000000000,0.000000000,-0.821832925,-0.000000000,0.000000000,9.800000000,0.999946900,0.000000000,0.000000000,0.010305161
1.995833014,0.000000000,0.000000000,-0.822308487,0.000000000,0.000000000,9.800000000,0.999963087,0.000000000,0.000000000,0.008592096
2.004166346,0.000000000,0.000000000,-0.822308487,0.000000000,0.000000000,9.800000000,0.999986657,0.000000000,0.000000000,0.005165894
2.008333012,0.000000000,0.000000000,-0.822467033,0.000000000,-0.000000000,9.800000000,0.999994040,0.000000000,0.000000000,0.003452437
2.012499678,0.000000000,0.000000000,-0.822467033,0.000000000,0.000000000,9.800000000,0.999998488,0.000000000,0.000000000,0.001738970
2.016666344,0.000000000,0.000000000,-0.822467033,0.000000000,0.000000000,9.800000000,1.000000000,0.000000000,0.000000000,0.000025499
2.020833010,0.000000000,0.000000000,-0.822308503,-0.000000000,-0.000000000,9.800000000,0.999998576,0.000000000,0.000000000,-0.001687643
2.029166342,0.000000000,0.000000000,-0.822308503,-0.000000000,-0.000000000,9.800000000,0.999986924,0.000000000,0.000000000,-0.005113907
2.033333008,0.000000000,0.000000000,-0.821832958,0.000000000,0.000000000,9.800000000,0.999976702,0.000000000,0.000000000,-0.006826028
2.037499674,0.000000000,0.000000000,-0.821832958,0.000000000,0.000000000,9.800000000,0.999963550,0.000000000,0.000000000,-0.008538129
2.041666340,0.000000000,0.000000000,-0.821832958,0.000000000,0.000000000,9.800000000,0.999947465,0.000000000,0.000000000,-0.010250204
2.045833006,0.000000000,0.000000000,-0.821040580,0.000000000,-0.000000000,9.800000000,0.999928469,0.000000000,0.000000000,-0.011960600
2.054166338,0.000000000,0.000000000,-0.821040580,-0.000000000,-0.000000000,9.800000000,0.999881701,0.000000000,0.000000000,-0.015381280
2.058333004,0.000000000,0.000000000,-0.819931675,-0.000000000,0.000000000,9.800000000,0.999853968,0.000000000,0.000000000,-0.017089246
2.062499670,0.000000000,0.000000000,-0.819931675,0.000000000,0.000000000,9.800000000,0.999823318,0.000000000,0.000000000,-0.018797161
2.066666336,0.000000000,0.000000000,-0.819931675,-0.000000000,-0.000000000,9.800000000,0.999789750,0.000000000,0.000000000,-0.020505022
2.070833002,0.000000000,0.000000000,-0.818506672,-0.000000000,0.000000000,9.800000000,0.999753331,0.000000000,0.000000000,-0.022209855
2.079166334,0.000000000,0.000000000,-0.818506672,-0.000000000,0.000000000,9.800000000,0.999671771,0.000000000,0.000000000,-0.025619321
2.083333000,0.000000000,0.000000000,-0.816766118,0.000000000,0.000000000,9.800000000,0.999626730,0.000000000,0.000000000,-0.027320321
2.087499666,0.000000000,0.000000000,-0.816766118,0.000000000,0.000000000,9.800000000,0.999578795,0.000000000,0.000000000,-0.029021241
2.091666332,0.000000000,0.000000000,-0.816766118,0.000000000,0.000000000,9.800000000,0.999527966,0.000000000,0.000000000,-0.030722077
2.095832998,0.000000000,0.000000000,-0.814710686,0.000000000,0.000000000,9.800000000,0.999474381,0.000000000,0.000000000,-0.032418545
2.104166330,0.000000000,0.000000000,-0.814710686,0.000000000,0.000000000,9.800000000,0.999358573,0.000000000,0.000000000,-0.035811194
2.108332996,0.000000000,0.000000000,-0.812341167,0.000000000,0.000000000,9.800000000,0.999296536,0.000000000,0.000000000,-0.037502434
2.112499662,0.000000000,0.000000000,-0.812341167,0.000000000,0.000000000,9.800000000,0.999231637,0.000000000,0.000000000,-0.039193566
2.116666328,0.000000000,0.000000000,-0.812341167,0.000000000,0.000000000,9.800000000,0.999163876,0.000000000,0.000000000,-0.040884586
2.120832994,0.000000000,0.000000000,-0.809658476,-0.000000000,0.000000000,9.800000000,0.999093491,0.000000000,0.000000000,-0.042569905
2.129166326,0.000000000,0.000000000,-0.809658476,-0.000000000,0.000000000,9.800000000,0.998944193,0.000000000,0.000000000,-0.045940175
2.133332992,0.000000000,0.000000000,-0.806663646,-0.000000000,0.000000000,9.800000000,0.998865578,0.000000000,0.000000000,-0.047618884
2.137499658,0.000000000,0.000000000,-0.806663646,-0.000000000,0.000000000,9.800000000,0.998784141,0.000000000,0.000000000,-0.049297458
2.141666324,0.000000000,0.000000000,-0.806663646,-0.000000000,0.000000000,9.800000000,0.998699884,0.000000000,0.000000000,-0.050975893
2.145832990,0.000000000,0.000000000,-0.803357831,-0.000000000,-0.000000000,9.800000000,0.998613169,0.000000000,0.000000000,-0.052647307
2.154166322,0.000000000,0.000000000,-0.803357831,0.000000000,0.000000000,9.800000000,0.998431347,0.000000000,0.000000000,-0.055989687
2.158332988,0.000000000,0.000000000,-0.799742308,0.000000000,0.000000000,9.800000000,0.998336675,0.000000000,0.000000000,-0.057653125
2.162499654,0.000000000,0.000000000,-0.799742308,0.000000000,-0.000000000,9.800000000,0.998239232,0.000000000,0.000000000,-0.059316402
2.166666320,0.000000000,0.000000000,-0.799742308,0.000000000,0.000000000,9.800000000,0.998139018,0.000000000,0.000000000,-0.060979515
2.170832986,0.000000000,0.000000000,-0.795818468,-0.000000000,0.000000000,9.800000000,0.998036545,0.000000000,0.000000000,-0.062634300
2.179166318,0.000000000,0.000000000,-0.795818468,-0.000000000,0.000000000,9.800000000,0.997823369,0.000000000,0.000000000,-0.065943349
2.183332984,0.000000000,0.000000000,-0.791587825,0.000000000,0.000000000,9.800000000,0.997713262,0.000000000,0.000000000,-0.067588810
2.187499650,0.000000000,0.000000000,-0.791587825,0.000000000,0.000000000,9.800000000,0.997600442,0.000000000,0.000000000,-0.069234087
2.191666316,0.000000000,0.000000000,-0.791587825,0.000000000,0.000000000,9.800000000,0.997484908,0.000000000,0.000000000,-0.070879176
2.195832982,0.000000000,0.000000000,-0.787052010,0.000000000,0.000000000,9.800000000,0.997367348,0.000000000,0.000000000,-0.072514647
2.204166314,0.000000000,0.000000000,-0.787052010,0.000000000,0.000000000,9.800000000,0.997124182,0.000000000,0.000000000,-0.075785001
2.208332980,0.000000000,0.000000000,-0.782212772,-0.000000000,-0.000000000,9.800000000,0.996999358,0.000000000,0.000000000,-0.077409823
2.212499646,0.000000000,0.000000000,-0.782212772,-0.000000000,-0.000000000,9.800000000,0.996871886,0.000000000,0.000000000,-0.079034439
2.216666312,0.000000000,0.000000000,-0.782212772,-0.000000000,-0.000000000,9.800000000,0.996741767,0.000000000,0.000000000,-0.080658846
2.220832978,0.000000000,0.000000000,-0.777071976,0.000000000,0.000000000,9.800000000,0.996609883,0.000000000,0.000000000,-0.082272364
2.229166310,0.000000000,0.000000000,-0.777071976,0.000000000,0.000000000,9.800000000,0.996338278,0.000000000,0.000000000,-0.085498750
2.233332976,0.000000000,0.000000000,-0.771631604,-0.000000000,-0.000000000,9.800000000,0.996199546,0.000000000,0.000000000,-0.087100318
2.237499642,0.000000000,0.000000000,-0.771631604,0.000000000,-0.000000000,9.800000000,0.996058239,0.000000000,0.000000000,-0.088701661
2.241666308,0.000000000,0.000000000,-0.771631604,0.000000000,-0.000000000,9.800000000,0.995914358,0.000000000,0.000000000,-0.090302775
2.245832974,0.000000000,0.000000000,-0.765893753,0.000000000,0.000000000,9.800000000,0.995769002,0.000000000,0.000000000,-0.091891752
2.254166306,0.000000000,0.000000000,-0.765893753,-0.000000000,0.000000000,9.800000000,0.995470685,0.000000000,0.000000000,-0.095069000
2.258332972,0.000000000,0.000000000,-0.759860636,-0.000000000,0.000000000,9.800000000,0.995318940,0.000000000,0.000000000,-0.096644753
2.262499638,0.000000000,0.000000000,-0.759860636,-0.000000000,0.000000000,9.800000000,0.995164700,0.000000000,0.000000000,-0.098220263
2.266666304,0.000000000,0.000000000,-0.759860636,-0.000000000,-0.000000000,9.800000000,0.995007966,0.000000000,0.000000000,-0.099795528
2.270832970,0.000000000,0.000000000,-0.753534579,0.000000000,-0.000000000,9.800000000,0.994850075,0.000000000,0.000000000,-0.101357431
2.279166302,0.000000000,0.000000000,-0.753534579,-0.000000000,-0.000000000,9.800000000,0.994526937,0.000000000,0.000000000,-0.104480484
2.283332968,0.000000000,0.000000000,-0.746918019,0.000000000,0.000000000,9.800000000,0.994363153,0.000000000,0.000000000,-0.106027919
2.287499634,0.000000000,0.000000000,-0.746918019,0.000000000,0.000000000,9.800000000,0.994196962,0.000000000,0.000000000,-0.107575097
2.291666300,0.000000000,0.000000000,-0.746918019,0.000000000,-0.000000000,9.800000000,0.994028363,0.000000000,0.000000000,-0.109122016
2.295832966,0.000000000,0.000000000,-0.740013508,-0.000000000,-0.000000000,9.800000000,0.993858949,0.000000000,0.000000000,-0.110654373
2.304166298,0.000000000,0.000000000,-0.740013508,-0.000000000,0.000000000,9.800000000,0.993513034,0.000000000,0.000000000,-0.113718296
2.308332964,0.000000000,0.000000000,-0.732823709,0.000000000,-0.000000000,9.800000000,0.993338261,0.000000000,0.000000000,-0.115234975
2.312499630,0.000000000,0.000000000,-0.732823709,0.000000000,-0.000000000,9.800000000,0.993161172,0.000000000,0.000000000,-0.116751386
2.316666296,0.000000000,0.000000000,-0.732823709,0.000000000,-0.000000000,9.800000000,0.992981769,0.000000000,0.000000000,-0.118267524
2.320832962,0.000000000,0.000000000,-0.725351391,-0.000000000,0.000000000,9.800000000,0.992801915,0.000000000,0.000000000,-0.119767931
2.329166294,0.000000000,0.000000000,-0.725351391,-0.000000000,0.000000000,9.800000000,0.992435407,0.000000000,0.000000000,-0.122767922
2.333332960,0.000000000,0.000000000,-0.717599437,-0.000000000,0.000000000,9.800000000,0.992250760,0.000000000,0.000000000,-0.124251474
2.337499626,0.000000000,0.000000000,-0.717599437,-0.000000000,0.000000000,9.800000000,0.992063896,0.000000000,0.000000000,-0.125734748
2.341666292,0.000000000,0.000000000,-0.717599437,-0.000000000,0.000000000,9.800000000,0.991874814,0.000000000,0.000000000,-0.127217741
2.345832958,0.000000000,0.000000000,-0.709570835,-0.000000000,-0.000000000,9.800000000,0.991685668,0.000000000,0.000000000,-0.128683862
2.354166290,0.000000000,0.000000000,-0.709570835,0.000000000,-0.000000000,9.800000000,0.991300874,0.000000000,0.000000000,-0.131615259
2.358332956,0.000000000,0.000000000,-0.701268680,-0.000000000,0.000000000,9.800000000,0.991107530,0.000000000,0.000000000,-0.133063385
2.362499622,0.000000000,0.000000000,-0.701268680,0.000000000,0.000000000,9.800000000,0.990912070,0.000000000,0.000000000,-0.134511227
2.366666288,0.000000000,0.000000000,-0.701268680,0.000000000,0.000000000,9.800000000,0.990714495,0.000000000,0.000000000,-0.135958781
2.370832954,0.000000000,0.000000000,-0.692696173,0.000000000,0.000000000,9.800000000,0.990517259,0.000000000,0.000000000,-0.137388356
2.379166286,0.000000000,0.000000000,-0.692696173,0.000000000,0.000000000,9.800000000,0.990116599,0.000000000,0.000000000,-0.140246644
2.383332952,0.000000000,0.000000000,-0.683856618,0.000000000,0.000000000,9.800000000,0.989915784,0.000000000,0.000000000,-0.141657121
2.387499618,0.000000000,0.000000000,-0.683856618,0.000000000,0.000000000,9.800000000,0.989712961,0.000000000,0.000000000,-0.143067311
2.391666284,0.000000000,0.000000000,-0.674753424,0.000000000,0.000000000,9.800000000,0.989510868,0.000000000,0.000000000,-0.144458445
2.395832950,0.000000000,0.000000000,-0.674753424,0.000000000,-0.000000000,9.800000000,0.989306820,0.000000000,0.000000000,-0.145849293
2.404166282,0.000000000,0.000000000,-0.674753424,0.000000000,-0.000000000,9.800000000,0.988892859,0.000000000,0.000000000,-0.148630121
2.408332948,0.000000000,0.000000000,-0.665390099,0.000000000,-0.000000000,9.800000000,0.988685874,0.000000000,0.000000000,-0.150000810
2.412499614,0.000000000,0.000000000,-0.665390099,0.000000000,-0.000000000,9.800000000,0.988476988,0.000000000,0.000000000,-0.151371211
2.416666280,0.000000000,0.000000000,-0.665390099,-0.000000000,-0.000000000,9.800000000,0.988266204,0.000000000,0.000000000,-0.152741320
2.420832946,0.000000000,0.000000000,-0.655770254,0.000000000,-0.000000000,9.800000000,0.988056608,0.000000000,0.000000000,-0.154091335
2.429166278,0.000000000,0.000000000,-0.655770254,0.000000000,-0.000000000,9.800000000,0.987631885,0.000000000,0.000000000,-0.156790498
2.433332944,0.000000000,0.000000000,-0.645897597,-0.000000000,0.000000000,9.800000000,0.987420010,0.000000000,0.000000000,-0.158119332
2.437499610,0.000000000,0.000000000,-0.645897597,0.000000000,0.000000000,9.800000000,0.987206348,0.000000000,0.000000000,-0.159447881
2.441666276,0.000000000,0.000000000,-0.645897597,0.000000000,0.000000000,9.800000000,0.986990898,0.000000000,0.000000000,-0.160776140
2.445832942,0.000000000,0.000000000,-0.635775934,-0.000000000,-0.000000000,9.800000000,0.986777079,0.000000000,0.000000000,-0.162083301
2.454166274,0.000000000,0.000000000,-0.635775934,0.000000000,-0.000000000,9.800000000,0.986344248,0.000000000,0.000000000,-0.164696767
2.458332940,0.000000000,0.000000000,-0.625409168,0.000000000,0.000000000,9.800000000,0.986128821,0.000000000,0.000000000,-0.165981770
2.462499606,0.000000000,0.000000000,-0.625409168,-0.000000000,0.000000000,9.800000000,0.985911721,0.000000000,0.000000000,-0.167266491
2.466666272,0.000000000,0.000000000,-0.625409168,0.000000000,0.000000000,9.800000000,0.985692946,0.000000000,0.000000000,-0.168550928
2.470832938,0.000000000,0.000000000,-0.614801294,-0.000000000,-0.000000000,9.800000000,0.985476252,0.000000000,0.000000000,-0.169813300
2.479166270,0.000000000,0.000000000,-0.614801294,0.000000000,-0.000000000,9.800000000,0.985038013,0.000000000,0.000000000,-0.172337207
2.483332936,0.000000000,0.000000000,-0.603956403,-0.000000000,0.000000000,9.800000000,0.984820391,0.000000000,0.000000000,-0.173576486
2.487499602,0.000000000,0.000000000,-0.603956403,-0.000000000,0.000000000,9.800000000,0.984601211,0.000000000,0.000000000,-0.174815491
2.491666268,0.000000000,0.000000000,-0.603956403,-0.000000000,0.000000000,9.800000000,0.984380471,0.000000000,0.000000000,-0.176054220
2.495832934,0.000000000,0.000000000,-0.592878676,0.000000000,0.000000000,9.800000000,0.984162264,0.000000000,0.000000000,-0.177269956
2.504166266,0.000000000,0.000000000,-0.592878676,0.000000000,0.000000000,9.800000000,0.983721347,0.000000000,0.000000000,-0.179700616
2.508332932,0.000000000,0.000000000,-0.581572382,0.000000000,0.000000000,9.800000000,0.983502898,0.000000000,0.000000000,-0.180892369
2.512499598,0.000000000,0.000000000,-0.581572382,0.000000000,0.000000000,9.800000000,0.983283006,0.000000000,0.000000000,-0.182083857
2.516666264,0.000000000,0.000000000,-0.581572382,0.000000000,0.000000000,9.800000000,0.983061669,0.000000000,0.000000000,-0.183275077
2.520832930,0.000000000,0.000000000,-0.570041881,0.000000000,-0.000000000,9.800000000,0.982843321,0.000000000,0.000000000,-0.184442419
2.529166262,0.000000000,0.000000000,-0.570041881,0.000000000,0.000000000,9.800000000,0.982402466,0.000000000,0.000000000,-0.186776321
2.533332928,0.000000000,0.000000000,-0.558291619,-0.000000000,0.000000000,9.800000000,0.982184561,0.000000000,0.000000000,-0.187918834
2.537499594,0.000000000,0.000000000,-0.558291619,0.000000000,0.000000000,9.800000000,0.981965327,0.000000000,0.000000000,-0.189061092
2.541666260,0.000000000,0.000000000,-0.558291619,-0.000000000,0.000000000,9.800000000,0.981744764,0.000000000,0.000000000,-0.190203095
2.545832926,0.000000000,0.000000000,-0.546326124,0.000000000,0.000000000,9.800000000,0.981527643,0.000000000,0.000000000,-0.191320373
2.554166258,0.000000000,0.000000000,-0.546326124,0.000000000,-0.000000000,9.800000000,0.981089587,0.000000000,0.000000000,-0.193554185
2.558332924,0.000000000,0.000000000,-0.534150010,0.000000000,0.000000000,9.800000000,0.980873590,0.000000000,0.000000000,-0.194645833
2.562499590,0.000000000,0.000000000,-0.534150010,-0.000000000,0.000000000,9.800000000,0.980656378,0.000000000,0.000000000,-0.195737241
2.566666256,0.000000000,0.000000000,-0.534150010,0.000000000,0.000000000,9.800000000,0.980437952,0.000000000,0.000000000,-0.196828406
2.570832922,0.000000000,0.000000000,-0.521767972,0.000000000,0.000000000,9.800000000,0.980223418,0.000000000,0.000000000,-0.197894041
2.579166254,0.000000000,0.000000000,-0.521767972,0.000000000,0.000000000,9.800000000,0.979790873,0.000000000,0.000000000,-0.200024610
2.583332920,0.000000000,0.000000000,-0.509184782,0.000000000,-0.000000000,9.800000000,0.979578136,0.000000000,0.000000000,-0.201063861
2.587499586,0.000000000,0.000000000,-0.509184782,0.000000000,-0.000000000,9.800000000,0.979364296,0.000000000,0.000000000,-0.202102885
2.591666252,0.000000000,0.000000000,-0.509184782,0.000000000,-0.000000000,9.800000000,0.979149354,0.000000000,0.000000000,-0.203141683
2.595832918,0.000000000,0.000000000,-0.496405292,-0.000000000,0.000000000,9.800000000,0.978938746,0.000000000,0.000000000,-0.204154188
2.604166250,0.000000000,0.000000000,-0.496405292,-0.000000000,0.000000000,9.800000000,0.978514388,0.000000000,0.000000000,-0.206178543
2.608332916,0.000000000,0.000000000,-0.483434428,0.000000000,0.000000000,9.800000000,0.978306239,0.000000000,0.000000000,-0.207163954
2.612499582,0.000000000,0.000000000,-0.483434428,0.000000000,0.000000000,9.800000000,0.978097096,0.000000000,0.000000000,-0.208149154
2.616666248,0.000000000,0.000000000,-0.483434428,0.000000000,0.000000000,9.800000000,0.977886962,0.000000000,0.000000000,-0.209134144
2.620832914,0.000000000,0.000000000,-0.470277190,-0.000000000,0.000000000,9.800000000,0.977681594,0.000000000,0.000000000,-0.210092122
2.629166246,0.000000000,0.000000000,-0.470277190,-0.000000000,-0.000000000,9.800000000,0.977268045,0.000000000,0.000000000,-0.212007473
2.633332912,0.000000000,0.000000000,-0.456938653,0.000000000,0.000000000,9.800000000,0.977065780,0.000000000,0.000000000,-0.212937692
2.637499578,0.000000000,0.000000000,-0.456938653,0.000000000,0.000000000,9.800000000,0.976862631,0.000000000,0.000000000,-0.213867719
2.641666244,0.000000000,0.000000000,-0.456938653,0.000000000,0.000000000,9.800000000,0.976658595,0.000000000,0.000000000,-0.214797551
2.645832910,0.000000000,0.000000000,-0.443423956,0.000000000,0.000000000,9.800000000,0.976459749,0.000000000,0.000000000,-0.215699697
2.654166242,0.000000000,0.000000000,-0.443423956,-0.000000000,0.000000000,9.800000000,0.976059556,0.000000000,0.000000000,-0.217503434
2.658332908,0.000000000,0.000000000,-0.429738312,0.000000000,-0.000000000,9.800000000,0.975864436,0.000000000,0.000000000,-0.218377201
2.662499574,0.000000000,0.000000000,-0.429738312,0.000000000,-0.000000000,9.800000000,0.975668535,0.000000000,0.000000000,-0.219250793
2.666666240,0.000000000,0.000000000,-0.429738312,0.000000000,-0.000000000,9.800000000,0.975471851,0.000000000,0.000000000,-0.220124209
2.670832906,0.000000000,0.000000000,-0.415886995,-0.000000000,0.000000000,9.800000000,0.975280763,0.000000000,0.000000000,-0.220969306
2.679166238,0.000000000,0.000000000,-0.415886995,-0.000000000,0.000000000,9.800000000,0.974896389,0.000000000,0.000000000,-0.222659000
2.683332904,0.000000000,0.000000000,-0.401875345,-0.000000000,0.000000000,9.800000000,0.974709628,0.000000000,0.000000000,-0.223475145
2.687499570,0.000000000,0.000000000,-0.401875345,-0.000000000,0.000000000,9.800000000,0.974522184,0.000000000,0.000000000,-0.224291132
2.691666236,0.000000000,0.000000000,-0.401875345,-0.000000000,0.000000000,9.800000000,0.974334057,0.000000000,0.000000000,-0.225106963
2.695832902,0.000000000,0.000000000,-0.387708766,-0.000000000,-0.000000000,9.800000000,0.974151915,0.000000000,0.000000000,-0.225893885
2.704166234,0.000000000,0.000000000,-0.387708766,0.000000000,-0.000000000,9.800000000,0.973785723,0.000000000,0.000000000,-0.227467286
2.708332900,0.000000000,0.000000000,-0.373392717,0.000000000,-0.000000000,9.800000000,0.973608481,0.000000000,0.000000000,-0.228224726
2.712499566,0.000000000,0.000000000,-0.373392717,0.000000000,-0.000000000,9.800000000,0.973430650,0.000000000,0.000000000,-0.228982028
2.716666232,0.000000000,0.000000000,-0.373392717,0.000000000,0.000000000,9.800000000,0.973252230,0.000000000,0.000000000,-0.229739192
2.720832898,0.000000000,0.000000000,-0.358932718,0.000000000,0.000000000,9.800000000,0.973080165,0.000000000,0.000000000,-0.230466903
2.729166230,0.000000000,0.000000000,-0.358932718,0.000000000,0.000000000,9.800000000,0.972734401,0.000000000,0.000000000,-0.231921937
2.733332896,0.000000000,0.000000000,-0.344334344,0.000000000,0.000000000,9.800000000,0.972567779,0.000000000,0.000000000,-0.232619681
2.737499562,0.000000000,0.000000000,-0.344334344,0.000000000,-0.000000000,9.800000000,0.972400656,0.000000000,0.000000000,-0.233317306
2.741666228,0.000000000,0.000000000,-0.344334344,0.000000000,0.000000000,9.800000000,0.972233032,0.000000000,0.000000000,-0.234014810
2.745832894,0.000000000,0.000000000,-0.329603222,-0.000000000,0.000000000,9.800000000,0.972072111,0.000000000,0.000000000,-0.234682361
2.754166226,0.000000000,0.000000000,-0.329603222,-0.000000000,0.000000000,9.800000000,0.971748894,0.000000000,0.000000000,-0.236017131
2.758332892,0.000000000,0.000000000,-0.314745033,0.000000000,-0.000000000,9.800000000,0.971593925,0.000000000,0.000000000,-0.236654274
2.762499558,0.000000000,0.000000000,-0.314745033,-0.000000000,-0.000000000,9.800000000,0.971438537,0.000000000,0.000000000,-0.237291316
2.766666224,0.000000000,0.000000000,-0.314745033,0.000000000,0.000000000,9.800000000,0.971282732,0.000000000,0.000000000,-0.237928255
2.770832890,0.000000000,0.000000000,-0.299765503,0.000000000,0.000000000,9.800000000,0.971133954,0.000000000,0.000000000,-0.238534786
2.779166222,0.000000000,0.000000000,-0.299765503,0.000000000,0.000000000,9.800000000,0.970835261,0.000000000,0.000000000,-0.239747568
2.783332888,0.000000000,0.000000000,-0.284670407,0.000000000,0.000000000,9.800000000,0.970692905,0.000000000,0.000000000,-0.240323292
2.787499554,0.000000000,0.000000000,-0.284670407,0.000000000,0.000000000,9.800000000,0.970550207,0.000000000,0.000000000,-0.240898932
2.791666220,0.000000000,0.000000000,-0.284670407,0.000000000,0.000000000,9.800000000,0.970407168,0.000000000,0.000000000,-0.241474488
2.795832886,0.000000000,0.000000000,-0.269465566,0.000000000,0.000000000,9.800000000,0.970271455,0.000000000,0.000000000,-0.242019223
2.804166218,0.000000000,0.000000000,-0.269465566,0.000000000,0.000000000,9.800000000,0.969999110,0.000000000,0.000000000,-0.243108465
2.808332884,0.000000000,0.000000000,-0.254156841,-0.000000000,0.000000000,9.800000000,0.969870250,0.000000000,0.000000000,-0.243622039
2.812499550,0.000000000,0.000000000,-0.254156841,-0.000000000,0.000000000,9.800000000,0.969741118,0.000000000,0.000000000,-0.244135544
2.816666216,0.000000000,0.000000000,-0.254156841,-0.000000000,0.000000000,9.800000000,0.969611714,0.000000000,0.000000000,-0.244648982
2.820832882,0.000000000,0.000000000,-0.238750134,0.000000000,0.000000000,9.800000000,0.969489907,0.000000000,0.000000000,-0.245131232
2.829166214,0.000000000,0.000000000,-0.238750134,0.000000000,0.000000000,9.800000000,0.969245572,0.000000000,0.000000000,-0.246095552
2.833332880,0.000000000,0.000000000,-0.223251384,0.000000000,0.000000000,9.800000000,0.969131007,0.000000000,0.000000000,-0.246546328
2.837499546,0.000000000,0.000000000,-0.223251384,0.000000000,0.000000000,9.800000000,0.969016231,0.000000000,0.000000000,-0.246997051
2.841666212,0.000000000,0.000000000,-0.223251384,0.000000000,0.000000000,9.800000000,0.968901246,0.000000000,0.000000000,-0.247447721
2.845832878,0.000000000,0.000000000,-0.207666566,-0.000000000,0.000000000,9.800000000,0.968794100,0.000000000,0.000000000,-0.247866882
2.854166210,0.000000000,0.000000000,-0.207666566,-0.000000000,0.000000000,9.800000000,0.968579264,0.000000000,0.000000000,-0.248705064
2.858332876,0.000000000,0.000000000,-0.192001689,-0.000000000,0.000000000,9.800000000,0.968479704,0.000000000,0.000000000,-0.249092480
2.862499542,0.000000000,0.000000000,-0.192001689,-0.000000000,-0.000000000,9.800000000,0.968379988,0.000000000,0.000000000,-0.249479855
2.866666208,0.000000000,0.000000000,-0.192001689,-0.000000000,-0.000000000,9.800000000,0.968280118,0.000000000,0.000000000,-0.249867190
2.870832874,0.000000000,0.000000000,-0.176262791,-0.000000000,0.000000000,9.800000000,0.968188298,0.000000000,0.000000000,-0.250222740
2.879166206,0.000000000,0.000000000,-0.176262791,-0.000000000,0.000000000,9.800000000,0.968004266,0.000000000,0.000000000,-0.250933737
2.883332872,0.000000000,0.000000000,-0.160455941,0.000000000,0.000000000,9.800000000,0.967920329,0.000000000,0.000000000,-0.251257310
2.887499538,0.000000000,0.000000000,-0.160455941,0.000000000,0.000000000,9.800000000,0.967836284,0.000000000,0.000000000,-0.251580856
2.891666204,0.000000000,0.000000000,-0.160455941,0.000000000,0.000000000,9.800000000,0.967752131,0.000000000,0.000000000,-0.251904373
2.895832870,0.000000000,0.000000000,-0.144587232,0.000000000,0.000000000,9.800000000,0.967676207,0.000000000,0.000000000,-0.252195871
2.904166202,0.000000000,0.000000000,-0.144587232,0.000000000,0.000000000,9.800000000,0.967524097,0.000000000,0.000000000,-0.252778799
2.908332868,0.000000000,0.000000000,-0.128662782,-0.000000000,-0.000000000,9.800000000,0.967456306,0.000000000,0.000000000,-0.253038132
2.912499534,0.000000000,0.000000000,-0.128662782,-0.000000000,-0.000000000,9.800000000,0.967388445,0.000000000,0.000000000,-0.253297447
2.916666200,0.000000000,0.000000000,-0.128662782,-0.000000000,-0.000000000,9.800000000,0.967320514,0.000000000,0.000000000,-0.253556744
2.920832866,0.000000000,0.000000000,-0.112688731,0.000000000,0.000000000,9.800000000,0.967260961,0.000000000,0.000000000,-0.253783833
2.929166198,0.000000000,0.000000000,-0.112688731,0.000000000,0.000000000,9.800000000,0.967141693,0.000000000,0.000000000,-0.254237969
2.933332864,0.000000000,0.000000000,-0.096671235,0.000000000,0.000000000,9.800000000,0.967090471,0.000000000,0.000000000,-0.254432745
2.937499530,0.000000000,0.000000000,-0.096671235,0.000000000,0.000000000,9.800000000,0.967039209,0.000000000,0.000000000,-0.254627510
2.941666196,0.000000000,0.000000000,-0.096671235,0.000000000,0.000000000,9.800000000,0.966987907,0.000000000,0.000000000,-0.254822265
2.945832862,0.000000000,0.000000000,-0.080616471,0.000000000,0.000000000,9.800000000,0.966945096,0.000000000,0.000000000,-0.254984668
2.954166194,0.000000000,0.000000000,-0.080616471,0.000000000,0.000000000,9.800000000,0.966859392,0.000000000,0.000000000,-0.255309453
2.958332860,0.000000000,0.000000000,-0.064530628,0.000000000,0.000000000,9.800000000,0.966825060,0.000000000,0.000000000,-0.255439434
2.962499526,0.000000000,0.000000000,-0.064530628,0.000000000,0.000000000,9.800000000,0.966790710,0.000000000,0.000000000,-0.255569410
2.966666192,0.000000000,0.000000000,-0.064530628,0.000000000,0.000000000,9.800000000,0.966756343,0.000000000,0.000000000,-0.255699382
2.970832858,0.000000000,0.000000000,-0.048419907,-0.000000000,0.000000000,9.800000000,0.966730544,0.000000000,0.000000000,-0.255796902
2.979166190,0.000000000,0.000000000,-0.048419907,-0.000000000,0.000000000,9.800000000,0.966678918,0.000000000,0.000000000,-0.255991934
2.983332856,0.000000000,0.000000000,-0.032290519,-0.000000000,-0.000000000,9.800000000,0.966661694,0.000000000,0.000000000,-0.256056964
2.987499522,0.000000000,0.000000000,-0.032290519,-0.000000000,0.000000000,9.800000000,0.966644467,0.000000000,0.000000000,-0.256121993
2.991666188,0.000000000,0.000000000,-0.032290519,-0.000000000,0.000000000,9.800000000,0.966627235,0.000000000,0.000000000,-0.256187020
2.995832854,0.000000000,0.000000000,-0.016148682,0.000000000,0.000000000,9.800000000,0.966618615,0.000000000,0.000000000,-0.256219540
3.004166186,0.000000000,0.000000000,-0.016148682,0.000000000,0.000000000,9.800000000,0.966601373,0.000000000,0.000000000,-0.256284580
3.008332852,0.000000000,0.000000000,-0.000000620,-0.000000000,0.000000000,9.800000000,0.966601373,0.000000000,0.000000000,-0.256284581
3.012499518,0.000000000,0.000000000,-0.000000620,-0.000000000,-0.000000000,9.800000000,0.966601372,0.000000000,0.000000000,-0.256284582
3.016666184,0.000000000,0.000000000,-0.000000620,-0.000000000,0.000000000,9.800000000,0.966601372,0.000000000,0.000000000,-0.256284584
3.020832850,0.000000000,0.000000000,0.016147442,-0.000000000,-0.000000000,9.800000000,0.966609993,0.000000000,0.000000000,-0.256252066
3.029166182,0.000000000,0.000000000,0.016147442,-0.000000000,-0.000000000,9.800000000,0.966627232,0.000000000,0.000000000,-0.256187031
3.033332848,0.000000000,0.000000000,0.032289279,0.000000000,0.000000000,9.800000000,0.966644463,0.000000000,0.000000000,-0.256122006
3.037499514,0.000000000,0.000000000,0.032289279,0.000000000,0.000000000,9.800000000,0.966661690,0.000000000,0.000000000,-0.256056980
3.041666180,0.000000000,0.000000000,0.032289279,0.000000000,0.000000000,9.800000000,0.966678913,0.000000000,0.000000000,-0.255991953
3.045832846,0.000000000,0.000000000,0.048418668,0.000000000,0.000000000,9.800000000,0.966704730,0.000000000,0.000000000,-0.255894441
3.054166178,0.000000000,0.000000000,0.048418668,0.000000000,0.000000000,9.800000000,0.966756336,0.000000000,0.000000000,-0.255699408
3.058332844,0.000000000,0.000000000,0.064529391,0.000000000,-0.000000000,9.800000000,0.966790702,0.000000000,0.000000000,-0.255569439
3.062499510,0.000000000,0.000000000,0.064529391,0.000000000,0.000000000,9.800000000,0.966825051,0.000000000,0.000000000,-0.255439465
3.066666176,0.000000000,0.000000000,0.064529391,0.000000000,-0.000000000,9.800000000,0.966859383,0.000000000,0.000000000,-0.255309486
3.070832842,0.000000000,0.000000000,0.080615237,0.000000000,0.000000000,9.800000000,0.966902248,0.000000000,0.000000000,-0.255147100
3.079166174,0.000000000,0.000000000,0.080615237,-0.000000000,0.000000000,9.800000000,0.966987897,0.000000000,0.000000000,-0.254822306
3.083332840,0.000000000,0.000000000,0.096670003,0.000000000,0.000000000,9.800000000,0.967039197,0.000000000,0.000000000,-0.254627554
3.087499506,0.000000000,0.000000000,0.096670003,0.000000000,0.000000000,9.800000000,0.967090458,0.000000000,0.000000000,-0.254432791
3.091666172,0.000000000,0.000000000,0.096670003,0.000000000,0.000000000,9.800000000,0.967141681,0.000000000,0.000000000,-0.254238018
3.095832838,0.000000000,0.000000000,0.112687502,0.000000000,0.000000000,9.800000000,0.967201340,0.000000000,0.000000000,-0.254010959
3.104166170,0.000000000,0.000000000,0.112687502,0.000000000,0.000000000,9.800000000,0.967320500,0.000000000,0.000000000,-0.253556800
3.108332836,0.000000000,0.000000000,0.128661557,0.000000000,0.000000000,9.800000000,0.967388430,0.000000000,0.000000000,-0.253297506
3.112499502,0.000000000,0.000000000,0.128661557,0.000000000,0.000000000,9.800000000,0.967456290,0.000000000,0.000000000,-0.253038193
3.116666168,0.000000000,0.000000000,0.128661557,0.000000000,0.000000000,9.800000000,0.967524081,0.000000000,0.000000000,-0.252778862
3.120832834,0.000000000,0.000000000,0.144586011,0.000000000,0.000000000,9.800000000,0.967600179,0.000000000,0.000000000,-0.252487413
3.129166166,0.000000000,0.000000000,0.144586011,0.000000000,0.000000000,9.800000000,0.967752112,0.000000000,0.000000000,-0.251904444
3.133332832,0.000000000,0.000000000,0.160454725,-0.000000000,0.000000000,9.800000000,0.967836265,0.000000000,0.000000000,-0.251580929
3.137499498,0.000000000,0.000000000,0.160454725,0.000000000,0.000000000,9.800000000,0.967920310,0.000000000,0.000000000,-0.251257386
3.141666164,0.000000000,0.000000000,0.160454725,-0.000000000,0.000000000,9.800000000,0.968004246,0.000000000,0.000000000,-0.250933815
3.145832830,0.000000000,0.000000000,0.176261580,-0.000000000,0.000000000,9.800000000,0.968096327,0.000000000,0.000000000,-0.250578336
3.154166162,0.000000000,0.000000000,0.176261580,0.000000000,0.000000000,9.800000000,0.968280096,0.000000000,0.000000000,-0.249867276
3.158332828,0.000000000,0.000000000,0.192000483,0.000000000,0.000000000,9.800000000,0.968379966,0.000000000,0.000000000,-0.249479943
3.162499494,0.000000000,0.000000000,0.192000483,0.000000000,-0.000000000,9.800000000,0.968479680,0.000000000,0.000000000,-0.249092570
3.166666160,0.000000000,0.000000000,0.192000483,0.000000000,-0.000000000,9.800000000,0.968579240,0.000000000,0.000000000,-0.248705157
3.170832826,0.000000000,0.000000000,0.207665366,-0.000000000,0.000000000,9.800000000,0.968686748,0.000000000,0.000000000,-0.248286092
3.179166158,0.000000000,0.000000000,0.207665366,-0.000000000,0.000000000,9.800000000,0.968901221,0.000000000,0.000000000,-0.247447821
3.183332824,0.000000000,0.000000000,0.223250190,-0.000000000,-0.000000000,9.800000000,0.969016205,0.000000000,0.000000000,-0.246997154
3.187499490,0.000000000,0.000000000,0.223250190,-0.000000000,-0.000000000,9.800000000,0.969130980,0.000000000,0.000000000,-0.246546433
3.191666156,0.000000000,0.000000000,0.223250190,-0.000000000,-0.000000000,9.800000000,0.969245545,0.000000000,0.000000000,-0.246095659
3.195832822,0.000000000,0.000000000,0.238748947,-0.000000000,-0.000000000,9.800000000,0.969367831,0.000000000,0.000000000,-0.245613532
3.204166154,0.000000000,0.000000000,0.238748947,0.000000000,-0.000000000,9.800000000,0.969611685,0.000000000,0.000000000,-0.244649096
3.208332820,0.000000000,0.000000000,0.254155662,0.000000000,0.000000000,9.800000000,0.969741089,0.000000000,0.000000000,-0.244135662
3.212499486,0.000000000,0.000000000,0.254155662,0.000000000,0.000000000,9.800000000,0.969870220,0.000000000,0.000000000,-0.243622158
3.216666152,0.000000000,0.000000000,0.254155662,0.000000000,0.000000000,9.800000000,0.969999080,0.000000000,0.000000000,-0.243108587
3.220832818,0.000000000,0.000000000,0.269464394,0.000000000,0.000000000,9.800000000,0.970135404,0.000000000,0.000000000,-0.242564006
3.229166150,0.000000000,0.000000000,0.269464394,0.000000000,0.000000000,9.800000000,0.970407136,0.000000000,0.000000000,-0.241474617
3.233332816,0.000000000,0.000000000,0.284669244,0.000000000,0.000000000,9.800000000,0.970550174,0.000000000,0.000000000,-0.240899064
3.237499482,0.000000000,0.000000000,0.284669244,0.000000000,0.000000000,9.800000000,0.970692872,0.000000000,0.000000000,-0.240323426
3.241666148,0.000000000,0.000000000,0.284669244,0.000000000,0.000000000,9.800000000,0.970835227,0.000000000,0.000000000,-0.239747704
3.245832814,0.000000000,0.000000000,0.299764348,-0.000000000,-0.000000000,9.800000000,0.970984762,0.000000000,0.000000000,-0.239141362
3.254166146,0.000000000,0.000000000,0.299764348,-0.000000000,-0.000000000,9.800000000,0.971282697,0.000000000,0.000000000,-0.237928398
3.258332812,0.000000000,0.000000000,0.314743887,0.000000000,-0.000000000,9.800000000,0.971438502,0.000000000,0.000000000,-0.237291461
3.262499478,0.000000000,0.000000000,0.314743887,0.000000000,0.000000000,9.800000000,0.971593889,0.000000000,0.000000000,-0.236654422
3.266666144,0.000000000,0.000000000,0.314743887,0.000000000,0.000000000,9.800000000,0.971748858,0.000000000,0.000000000,-0.236017281
3.270832810,0.000000000,0.000000000,0.329602086,0.000000000,0.000000000,9.800000000,0.971910695,0.000000000,0.000000000,-0.235349954
3.279166142,0.000000000,0.000000000,0.329602086,-0.000000000,0.000000000,9.800000000,0.972232994,0.000000000,0.000000000,-0.234014967
3.283332808,0.000000000,0.000000000,0.344333218,0.000000000,0.000000000,9.800000000,0.972400617,0.000000000,0.000000000,-0.233317465
3.287499474,0.000000000,0.000000000,0.344333218,0.000000000,0.000000000,9.800000000,0.972567740,0.000000000,0.000000000,-0.232619843
3.291666140,0.000000000,0.000000000,0.344333218,0.000000000,0.000000000,9.800000000,0.972734362,0.000000000,0.000000000,-0.231922101
3.295832806,0.000000000,0.000000000,0.358931602,-0.000000000,0.000000000,9.800000000,0.972907515,0.000000000,0.000000000,-0.231194651
3.304166138,0.000000000,0.000000000,0.358931602,-0.000000000,-0.000000000,9.800000000,0.973252190,0.000000000,0.000000000,-0.229739363
3.308332804,0.000000000,0.000000000,0.373391612,-0.000000000,0.000000000,9.800000000,0.973430609,0.000000000,0.000000000,-0.228982202
3.312499470,0.000000000,0.000000000,0.373391612,-0.000000000,0.000000000,9.800000000,0.973608440,0.000000000,0.000000000,-0.228224902
3.316666136,0.000000000,0.000000000,0.373391612,-0.000000000,0.000000000,9.800000000,0.973785681,0.000000000,0.000000000,-0.227467464
3.320832802,0.000000000,0.000000000,0.387707672,-0.000000000,-0.000000000,9.800000000,0.973969095,0.000000000,0.000000000,-0.226680839
3.329166134,0.000000000,0.000000000,0.387707672,-0.000000000,-0.000000000,9.800000000,0.974334015,0.000000000,0.000000000,-0.225107147
3.333332800,0.000000000,0.000000000,0.401874263,0.000000000,0.000000000,9.800000000,0.974522141,0.000000000,0.000000000,-0.224291319
3.337499466,0.000000000,0.000000000,0.401874263,0.000000000,-0.000000000,9.800000000,0.974709585,0.000000000,0.000000000,-0.223475334
3.341666132,0.000000000,0.000000000,0.401874263,0.000000000,0.000000000,9.800000000,0.974896345,0.000000000,0.000000000,-0.222659192
3.345832798,0.000000000,0.000000000,0.415885925,0.000000000,-0.000000000,9.800000000,0.975088898,0.000000000,0.000000000,-0.221814430
3.354166130,0.000000000,0.000000000,0.415885925,0.000000000,-0.000000000,9.800000000,0.975471806,0.000000000,0.000000000,-0.220124407
3.358332796,0.000000000,0.000000000,0.429737254,-0.000000000,0.000000000,9.800000000,0.975668490,0.000000000,0.000000000,-0.219250993
3.362499462,0.000000000,0.000000000,0.429737254,-0.000000000,0.000000000,9.800000000,0.975864391,0.000000000,0.000000000,-0.218377403
3.366666128,0.000000000,0.000000000,0.429737254,-0.000000000,0.000000000,9.800000000,0.976059510,0.000000000,0.000000000,-0.217503638
3.370832794,0.000000000,0.000000000,0.443422912,-0.000000000,0.000000000,9.800000000,0.976260023,0.000000000,0.000000000,-0.216601864
3.379166126,0.000000000,0.000000000,0.456937621,0.000000000,0.000000000,9.800000000,0.976664596,0.000000000,0.000000000,-0.214770264
3.383332792,0.000000000,0.000000000,0.456937621,0.000000000,0.000000000,9.800000000,0.976868605,0.000000000,0.000000000,-0.213840428
3.387499458,0.000000000,0.000000000,0.456937621,0.000000000,0.000000000,9.800000000,0.977071728,0.000000000,0.000000000,-0.212910398
3.391666124,0.000000000,0.000000000,0.456937621,0.000000000,0.000000000,9.800000000,0.977273966,0.000000000,0.000000000,-0.211980175
3.395832790,0.000000000,0.000000000,0.470276173,0.000000000,0.000000000,9.800000000,0.977481183,0.000000000,0.000000000,-0.211022597
3.404166122,0.000000000,0.000000000,0.470276173,0.000000000,0.000000000,9.800000000,0.977892802,0.000000000,0.000000000,-0.209106835
3.408332788,0.000000000,0.000000000,0.483433424,0.000000000,0.000000000,9.800000000,0.978102908,0.000000000,0.000000000,-0.208121841
3.412499454,0.000000000,0.000000000,0.483433424,0.000000000,0.000000000,9.800000000,0.978312023,0.000000000,0.000000000,-0.207136637
3.416666120,0.000000000,0.000000000,0.483433424,0.000000000,0.000000000,9.800000000,0.978520145,0.000000000,0.000000000,-0.206151222
3.420832786,0.000000000,0.000000000,0.496404303,0.000000000,-0.000000000,9.800000000,0.978732818,0.000000000,0.000000000,-0.205139151
3.429166118,0.000000000,0.000000000,0.496404303,0.000000000,-0.000000000,9.800000000,0.979155024,0.000000000,0.000000000,-0.203114350
3.433332784,0.000000000,0.000000000,0.509183808,0.000000000,0.000000000,9.800000000,0.979369936,0.000000000,0.000000000,-0.202075549
3.437499450,0.000000000,0.000000000,0.509183808,0.000000000,0.000000000,9.800000000,0.979583747,0.000000000,0.000000000,-0.201036521
3.441666116,0.000000000,0.000000000,0.509183808,-0.000000000,0.000000000,9.800000000,0.979796455,0.000000000,0.000000000,-0.199997266
3.445832782,0.000000000,0.000000000,0.521767013,0.000000000,0.000000000,9.800000000,0.980013276,0.000000000,0.000000000,-0.198932095
3.454166114,0.000000000,0.000000000,0.521767013,0.000000000,0.000000000,9.800000000,0.980443444,0.000000000,0.000000000,-0.196801049
3.458332780,0.000000000,0.000000000,0.534149067,0.000000000,0.000000000,9.800000000,0.980661839,0.000000000,0.000000000,-0.195709880
3.462499446,0.000000000,0.000000000,0.534149067,-0.000000000,0.000000000,9.800000000,0.980879020,0.000000000,0.000000000,-0.194618468
3.466666112,0.000000000,0.000000000,0.534149067,0.000000000,0.000000000,9.800000000,0.981094986,0.000000000,0.000000000,-0.193526816
3.470832778,0.000000000,0.000000000,0.546325197,0.000000000,0.000000000,9.800000000,0.981314618,0.000000000,0.000000000,-0.192410031
3.479166110,0.000000000,0.000000000,0.546325197,0.000000000,0.000000000,9.800000000,0.981750069,0.000000000,0.000000000,-0.190175714
3.483332776,0.000000000,0.000000000,0.558290708,0.000000000,-0.000000000,9.800000000,0.981970599,0.000000000,0.000000000,-0.189033707
3.487499442,0.000000000,0.000000000,0.558290708,0.000000000,0.000000000,9.800000000,0.982189801,0.000000000,0.000000000,-0.187891444
3.491666108,0.000000000,0.000000000,0.558290708,0.000000000,0.000000000,9.800000000,0.982407674,0.000000000,0.000000000,-0.186748927
3.495832774,0.000000000,0.000000000,0.570040987,0.000000000,0.000000000,9.800000000,0.982628762,0.000000000,0.000000000,-0.185582102
3.504166106,0.000000000,0.000000000,0.570040987,-0.000000000,0.000000000,9.800000000,0.983066779,0.000000000,0.000000000,-0.183247670
3.508332772,0.000000000,0.000000000,0.581571505,0.000000000,0.000000000,9.800000000,0.983288081,0.000000000,0.000000000,-0.182056445
3.512499438,0.000000000,0.000000000,0.581571505,-0.000000000,-0.000000000,9.800000000,0.983507940,0.000000000,0.000000000,-0.180864953
3.516666104,0.000000000,0.000000000,0.581571505,0.000000000,0.000000000,9.800000000,0.983726356,0.000000000,0.000000000,-0.179673196
3.520832770,0.000000000,0.000000000,0.592877816,-0.000000000,-0.000000000,9.800000000,0.983947531,0.000000000,0.000000000,-0.178457998
3.529166102,0.000000000,0.000000000,0.592877816,-0.000000000,-0.000000000,9.800000000,0.984385377,0.000000000,0.000000000,-0.176026786
3.533332768,0.000000000,0.000000000,0.603955561,0.000000000,0.000000000,9.800000000,0.984606082,0.000000000,0.000000000,-0.174788054
3.537499434,0.000000000,0.000000000,0.603955561,0.000000000,0.000000000,9.800000000,0.984825228,0.000000000,0.000000000,-0.173549044
3.541666100,0.000000000,0.000000000,0.603955561,0.000000000,0.000000000,9.800000000,0.985042815,0.000000000,0.000000000,-0.172309760
3.545832766,0.000000000,0.000000000,0.614800470,0.000000000,0.000000000,9.800000000,0.985262707,0.000000000,0.000000000,-0.171047943
3.554166098,0.000000000,0.000000000,0.614800470,0.000000000,0.000000000,9.800000000,0.985697642,0.000000000,0.000000000,-0.168523468
3.558332764,0.000000000,0.000000000,0.625408362,-0.000000000,-0.000000000,9.800000000,0.985916380,0.000000000,0.000000000,-0.167239027
3.562499430,0.000000000,0.000000000,0.625408362,-0.000000000,-0.000000000,9.800000000,0.986133444,0.000000000,0.000000000,-0.165954301
3.566666096,0.000000000,0.000000000,0.625408362,-0.000000000,0.000000000,9.800000000,0.986348835,0.000000000,0.000000000,-0.164669294
3.570832762,0.000000000,0.000000000,0.635775147,0.000000000,0.000000000,9.800000000,0.986566079,0.000000000,0.000000000,-0.163362700
3.579166094,0.000000000,0.000000000,0.635775147,0.000000000,-0.000000000,9.800000000,0.986995375,0.000000000,0.000000000,-0.160748655
3.583332760,0.000000000,0.000000000,0.645896829,-0.000000000,-0.000000000,9.800000000,0.987210788,0.000000000,0.000000000,-0.159420391
3.587499426,0.000000000,0.000000000,0.645896829,-0.000000000,-0.000000000,9.800000000,0.987424413,0.000000000,0.000000000,-0.158091838
3.591666092,0.000000000,0.000000000,0.645896829,-0.000000000,-0.000000000,9.800000000,0.987636250,0.000000000,0.000000000,-0.156762999
3.595832758,0.000000000,0.000000000,0.655769505,0.000000000,0.000000000,9.800000000,0.987849496,0.000000000,0.000000000,-0.155413558
3.604166090,0.000000000,0.000000000,0.655769505,0.000000000,-0.000000000,9.800000000,0.988270455,0.000000000,0.000000000,-0.152713808
3.608332756,0.000000000,0.000000000,0.665389370,-0.000000000,-0.000000000,9.800000000,0.988481202,0.000000000,0.000000000,-0.151343694
3.612499422,0.000000000,0.000000000,0.665389370,0.000000000,-0.000000000,9.800000000,0.988690049,0.000000000,0.000000000,-0.149973289
3.616666088,0.000000000,0.000000000,0.665389370,0.000000000,-0.000000000,9.800000000,0.988896996,0.000000000,0.000000000,-0.148602596
3.620832754,0.000000000,0.000000000,0.674752714,0.000000000,-0.000000000,9.800000000,0.989104915,0.000000000,0.000000000,-0.147212323
3.629166086,0.000000000,0.000000000,0.674752714,0.000000000,0.000000000,9.800000000,0.989514888,0.000000000,0.000000000,-0.144430907
3.633332752,0.000000000,0.000000000,0.683855929,0.000000000,0.000000000,9.800000000,0.989719654,0.000000000,0.000000000,-0.143020999
3.637499418,0.000000000,0.000000000,0.683855929,0.000000000,0.000000000,9.800000000,0.989922412,0.000000000,0.000000000,-0.141610802
3.641666084,0.000000000,0.000000000,0.683855929,0.000000000,0.000000000,9.800000000,0.990123160,0.000000000,0.000000000,-0.140200316
3.645832750,0.000000000,0.000000000,0.692695504,-0.000000000,-0.000000000,9.800000000,0.990324454,0.000000000,0.000000000,-0.138771309
3.654166082,0.000000000,0.000000000,0.692695504,0.000000000,-0.000000000,9.800000000,0.990720854,0.000000000,0.000000000,-0.135912430
3.658332748,0.000000000,0.000000000,0.701268032,0.000000000,-0.000000000,9.800000000,0.990918362,0.000000000,0.000000000,-0.134464867
3.662499414,0.000000000,0.000000000,0.701268032,0.000000000,-0.000000000,9.800000000,0.991113754,0.000000000,0.000000000,-0.133017017
3.666666080,0.000000000,0.000000000,0.701268032,0.000000000,-0.000000000,9.800000000,0.991307031,0.000000000,0.000000000,-0.131568883
3.670832746,0.000000000,0.000000000,0.709570208,0.000000000,0.000000000,9.800000000,0.991500442,0.000000000,0.000000000,-0.130103320
3.679166078,0.000000000,0.000000000,0.709570208,0.000000000,0.000000000,9.800000000,0.991880764,0.000000000,0.000000000,-0.127171343
3.683332744,0.000000000,0.000000000,0.717598831,0.000000000,-0.000000000,9.800000000,0.992069776,0.000000000,0.000000000,-0.125688342
3.687499410,0.000000000,0.000000000,0.717598831,0.000000000,0.000000000,9.800000000,0.992256571,0.000000000,0.000000000,-0.124205060
3.691666076,0.000000000,0.000000000,0.717598831,0.000000000,-0.000000000,9.800000000,0.992441148,0.000000000,0.000000000,-0.122721501
3.695832742,0.000000000,0.000000000,0.725350807,0.000000000,0.000000000,9.800000000,0.992625465,0.000000000,0.000000000,-0.121221637
3.704166074,0.000000000,0.000000000,0.725350807,0.000000000,0.000000000,9.800000000,0.992987299,0.000000000,0.000000000,-0.118221081
3.708332740,0.000000000,0.000000000,0.732823145,-0.000000000,-0.000000000,9.800000000,0.993166631,0.000000000,0.000000000,-0.116704936
3.712499406,0.000000000,0.000000000,0.732823145,-0.000000000,0.000000000,9.800000000,0.993343649,0.000000000,0.000000000,-0.115188519
3.716666072,0.000000000,0.000000000,0.732823145,-0.000000000,-0.000000000,9.800000000,0.993518351,0.000000000,0.000000000,-0.113671833
3.720832738,0.000000000,0.000000000,0.740012967,-0.000000000,0.000000000,9.800000000,0.993692418,0.000000000,0.000000000,-0.112139997
3.729166070,0.000000000,0.000000000,0.740012967,0.000000000,0.000000000,9.800000000,0.994033464,0.000000000,0.000000000,-0.109075531
3.733332736,0.000000000,0.000000000,0.746917500,-0.000000000,-0.000000000,9.800000000,0.994201991,0.000000000,0.000000000,-0.107528606
3.737499402,0.000000000,0.000000000,0.746917500,0.000000000,-0.000000000,9.800000000,0.994368110,0.000000000,0.000000000,-0.105981421
3.741666068,0.000000000,0.000000000,0.746917500,-0.000000000,-0.000000000,9.800000000,0.994531822,0.000000000,0.000000000,-0.104433979
3.745832734,0.000000000,0.000000000,0.753534082,0.000000000,0.000000000,9.800000000,0.994694543,0.000000000,0.000000000,-0.102872573
3.754166066,0.000000000,0.000000000,0.753534082,0.000000000,0.000000000,9.800000000,0.995012631,0.000000000,0.000000000,-0.099749004
3.758332732,0.000000000,0.000000000,0.759860162,0.000000000,-0.000000000,9.800000000,0.995169291,0.000000000,0.000000000,-0.098173733
3.762499398,0.000000000,0.000000000,0.759860162,0.000000000,0.000000000,9.800000000,0.995323457,0.000000000,0.000000000,-0.096598216
3.766666064,0.000000000,0.000000000,0.759860162,0.000000000,0.000000000,9.800000000,0.995475129,0.000000000,0.000000000,-0.095022457
3.770832730,0.000000000,0.000000000,0.765893301,0.000000000,-0.000000000,9.800000000,0.995625481,0.000000000,0.000000000,-0.093433946
3.779166062,0.000000000,0.000000000,0.765893301,-0.000000000,-0.000000000,9.800000000,0.995918579,0.000000000,0.000000000,-0.090256214
3.783332728,0.000000000,0.000000000,0.771631175,-0.000000000,0.000000000,9.800000000,0.996062385,0.000000000,0.000000000,-0.088655094
3.787499394,0.000000000,0.000000000,0.771631175,0.000000000,0.000000000,9.800000000,0.996203616,0.000000000,0.000000000,-0.087053746
3.791666060,0.000000000,0.000000000,0.771631175,0.000000000,0.000000000,9.800000000,0.996342274,0.000000000,0.000000000,-0.085452172
3.795832726,0.000000000,0.000000000,0.777071570,0.000000000,0.000000000,9.800000000,0.996479306,0.000000000,0.000000000,-0.083839084
3.804166058,0.000000000,0.000000000,0.777071570,0.000000000,0.000000000,9.800000000,0.996745537,0.000000000,0.000000000,-0.080612251
3.808332724,0.000000000,0.000000000,0.782212389,0.000000000,-0.000000000,9.800000000,0.996875580,0.000000000,0.000000000,-0.078987840
3.812499390,0.000000000,0.000000000,0.782212389,0.000000000,-0.000000000,9.800000000,0.997002975,0.000000000,0.000000000,-0.077363218
3.816666056,0.000000000,0.000000000,0.782212389,0.000000000,-0.000000000,9.800000000,0.997127723,0.000000000,0.000000000,-0.075738391
3.820832722,0.000000000,0.000000000,0.787051650,0.000000000,0.000000000,9.800000000,0.997250570,0.000000000,0.000000000,-0.074103309
3.829166054,0.000000000,0.000000000,0.787051650,0.000000000,0.000000000,9.800000000,0.997488220,0.000000000,0.000000000,-0.070832552
3.833332720,0.000000000,0.000000000,0.791587489,0.000000000,0.000000000,9.800000000,0.997603677,0.000000000,0.000000000,-0.069187458
3.837499386,0.000000000,0.000000000,0.791587489,0.000000000,0.000000000,9.800000000,0.997716420,0.000000000,0.000000000,-0.067542176
3.841666052,0.000000000,0.000000000,0.791587489,-0.000000000,0.000000000,9.800000000,0.997826450,0.000000000,0.000000000,-0.065896711
3.845832718,0.000000000,0.000000000,0.795818155,0.000000000,-0.000000000,9.800000000,0.997934332,0.000000000,0.000000000,-0.064242270
3.854166050,0.000000000,0.000000000,0.795818155,0.000000000,0.000000000,9.800000000,0.998141867,0.000000000,0.000000000,-0.060932864
3.858332716,0.000000000,0.000000000,0.799742018,-0.000000000,-0.000000000,9.800000000,0.998242003,0.000000000,0.000000000,-0.059269748
3.862499382,0.000000000,0.000000000,0.799742018,-0.000000000,0.000000000,9.800000000,0.998339369,0.000000000,0.000000000,-0.057606466
3.866666048,0.000000000,0.000000000,0.799742018,-0.000000000,-0.000000000,9.800000000,0.998433963,0.000000000,0.000000000,-0.055943025
3.870832714,0.000000000,0.000000000,0.803357566,-0.000000000,-0.000000000,9.800000000,0.998526194,0.000000000,0.000000000,-0.054271907
3.879166046,0.000000000,0.000000000,0.803357566,-0.000000000,0.000000000,9.800000000,0.998702265,0.000000000,0.000000000,-0.050929220
3.883332712,0.000000000,0.000000000,0.806663404,0.000000000,-0.000000000,9.800000000,0.998786444,0.000000000,0.000000000,-0.049250781
3.887499378,0.000000000,0.000000000,0.806663404,0.000000000,-0.000000000,9.800000000,0.998867802,0.000000000,0.000000000,-0.047572203
3.891666044,0.000000000,0.000000000,0.806663404,0.000000000,0.000000000,9.800000000,0.998946339,0.000000000,0.000000000,-0.045893491
3.895832710,0.000000000,0.000000000,0.809658258,0.000000000,0.000000000,9.800000000,0.999022330,0.000000000,0.000000000,-0.044208416
3.904166042,0.000000000,0.000000000,0.809658258,-0.000000000,0.000000000,9.800000000,0.999165785,0.000000000,0.000000000,-0.040837894
3.908332708,0.000000000,0.000000000,0.812340973,0.000000000,0.000000000,9.800000000,0.999233467,0.000000000,0.000000000,-0.039146871
3.912499374,0.000000000,0.000000000,0.812340973,0.000000000,0.000000000,9.800000000,0.999298288,0.000000000,0.000000000,-0.037455736
3.916666040,0.000000000,0.000000000,0.812340973,0.000000000,0.000000000,9.800000000,0.999360246,0.000000000,0.000000000,-0.035764494
3.920832706,0.000000000,0.000000000,0.814710516,-0.000000000,0.000000000,9.800000000,0.999419510,0.000000000,0.000000000,-0.034068216
3.929166038,0.000000000,0.000000000,0.814710516,0.000000000,0.000000000,9.800000000,0.999529400,0.000000000,0.000000000,-0.030675370
3.933332704,0.000000000,0.000000000,0.816765972,0.000000000,-0.000000000,9.800000000,0.999580150,0.000000000,0.000000000,-0.028974532
3.937499370,0.000000000,0.000000000,0.816765972,0.000000000,0.000000000,9.800000000,0.999628006,0.000000000,0.000000000,-0.027273610
3.941666036,0.000000000,0.000000000,0.816765972,0.000000000,0.000000000,9.800000000,0.999672967,0.000000000,0.000000000,-0.025572609
3.945832702,0.000000000,0.000000000,0.818506550,-0.000000000,0.000000000,9.800000000,0.999715121,0.000000000,0.000000000,-0.023867908
3.954166034,0.000000000,0.000000000,0.818506550,0.000000000,0.000000000,9.800000000,0.999790707,0.000000000,0.000000000,-0.020458304
3.958332700,0.000000000,0.000000000,0.819931578,0.000000000,0.000000000,9.800000000,0.999824195,0.000000000,0.000000000,-0.018750442
3.962499366,0.000000000,0.000000000,0.819931578,0.000000000,0.000000000,9.800000000,0.999854766,0.000000000,0.000000000,-0.017042525
3.966666032,0.000000000,0.000000000,0.819931578,0.000000000,0.000000000,9.800000000,0.999882419,0.000000000,0.000000000,-0.015334559
3.970832698,0.000000000,0.000000000,0.821040507,0.000000000,0.000000000,9.800000000,0.999907186,0.000000000,0.000000000,-0.013624238
3.979166030,0.000000000,0.000000000,0.821040507,0.000000000,0.000000000,9.800000000,0.999947943,0.000000000,0.000000000,-0.010203481
3.983332696,0.000000000,0.000000000,0.821832909,0.000000000,0.000000000,9.800000000,0.999963947,0.000000000,0.000000000,-0.008491404
3.987499362,0.000000000,0.000000000,0.821832909,-0.000000000,0.000000000,9.800000000,0.999977020,0.000000000,0.000000000,-0.006779303
3.991666028,0.000000000,0.000000000,0.821832909,0.000000000,0.000000000,9.800000000,0.999987162,0.000000000,0.000000000,-0.005067181
3.995832694,0.000000000,0.000000000,0.822308479,0.000000000,0.000000000,9.800000000,0.999994375,0.000000000,0.000000000,-0.003354054
4.004166026,0.000000000,0.000000000,0.822308479,0.000000000,-0.000000000,9.800000000,0.999999997,0.000000000,0.000000000,0.000072224
4.008332692,0.000000000,0.000000000,0.822467033,-0.000000000,0.000000000,9.800000000,0.999998406,0.000000000,0.000000000,0.001785696
4.012499358,0.000000000,0.000000000,0.822467033,-0.000000000,0.000000000,9.800000000,0.999993878,0.000000000,0.000000000,0.003499163
4.016666024,0.000000000,0.000000000,0.822467033,-0.000000000,0.000000000,9.800000000,0.999986414,0.000000000,0.000000000,0.005212619
4.020832690,0.000000000,0.000000000,0.822308511,-0.000000000,0.000000000,9.800000000,0.999976017,0.000000000,0.000000000,0.006925730
4.029166022,0.000000000,0.000000000,0.822308511,-0.000000000,-0.000000000,9.800000000,0.999946418,0.000000000,0.000000000,0.010351885
4.033332688,0.000000000,0.000000000,0.821832974,0.000000000,-0.000000000,9.800000000,0.999927228,0.000000000,0.000000000,0.012063929
4.037499354,0.000000000,0.000000000,0.821832974,-0.000000000,-0.000000000,9.800000000,0.999905107,0.000000000,0.000000000,0.013775938
4.041666020,0.000000000,0.000000000,0.821832974,0.000000000,0.000000000,9.800000000,0.999880055,0.000000000,0.000000000,0.015487906
4.045832686,0.000000000,0.000000000,0.821040604,0.000000000,0.000000000,9.800000000,0.999852100,0.000000000,0.000000000,0.017198178
4.054166018,0.000000000,0.000000000,0.821040604,-0.000000000,-0.000000000,9.800000000,0.999787415,0.000000000,0.000000000,0.020618567
4.058332684,0.000000000,0.000000000,0.819931708,-0.000000000,-0.000000000,9.800000000,0.999750736,0.000000000,0.000000000,0.022326364
4.062499350,0.000000000,0.000000000,0.819931708,0.000000000,-0.000000000,9.800000000,0.999711139,0.000000000,0.000000000,0.024034095
4.066666016,0.000000000,0.000000000,0.819931708,0.000000000,0.000000000,9.800000000,0.999668626,0.000000000,0.000000000,0.025741757
4.070832682,0.000000000,0.000000000,0.818506712,0.000000000,-0.000000000,9.800000000,0.999623277,0.000000000,0.000000000,0.027446375
4.079166014,0.000000000,0.000000000,0.818506712,0.000000000,-0.000000000,9.800000000,0.999523860,0.000000000,0.000000000,0.030855368
4.083332680,0.000000000,0.000000000,0.816766167,0.000000000,0.000000000,9.800000000,0.999469909,0.000000000,0.000000000,0.032556109
4.087499346,0.000000000,0.000000000,0.816766167,0.000000000,0.000000000,9.800000000,0.999413065,0.000000000,0.000000000,0.034256755
4.091666012,0.000000000,0.000000000,0.816766167,0.000000000,0.000000000,9.800000000,0.999353327,0.000000000,0.000000000,0.035957301
4.095832678,0.000000000,0.000000000,0.814710743,0.000000000,0.000000000,9.800000000,0.999290857,0.000000000,0.000000000,0.037653465
4.104166010,0.000000000,0.000000000,0.814710743,-0.000000000,-0.000000000,9.800000000,0.999157280,0.000000000,0.000000000,0.041045462
4.108332676,0.000000000,0.000000000,0.812341232,0.000000000,-0.000000000,9.800000000,0.999086385,0.000000000,0.000000000,0.042736353
4.112499342,0.000000000,0.000000000,0.812341232,0.000000000,-0.000000000,9.800000000,0.999012628,0.000000000,0.000000000,0.044427122
4.116666008,0.000000000,0.000000000,0.812341232,0.000000000,-0.000000000,9.800000000,0.998936010,0.000000000,0.000000000,0.046117764
4.120832674,0.000000000,0.000000000,0.809658549,0.000000000,0.000000000,9.800000000,0.998856798,0.000000000,0.000000000,0.047802692
4.129166006,0.000000000,0.000000000,0.809658549,0.000000000,0.000000000,9.800000000,0.998689848,0.000000000,0.000000000,0.051172133
4.133332672,0.000000000,0.000000000,0.806663726,0.000000000,-0.000000000,9.800000000,0.998602441,0.000000000,0.000000000,0.052850407
4.137499338,0.000000000,0.000000000,0.806663726,0.000000000,-0.000000000,9.800000000,0.998512213,0.000000000,0.000000000,0.054528533
4.141666004,0.000000000,0.000000000,0.806663726,0.000000000,-0.000000000,9.800000000,0.998419165,0.000000000,0.000000000,0.056206504
4.145832670,0.000000000,0.000000000,0.803357920,0.000000000,0.000000000,9.800000000,0.998323696,0.000000000,0.000000000,0.057877440
4.154166002,0.000000000,0.000000000,0.803357920,0.000000000,0.000000000,9.800000000,0.998124369,0.000000000,0.000000000,0.061218823
4.158332668,0.000000000,0.000000000,0.799742404,0.000000000,0.000000000,9.800000000,0.998020985,0.000000000,0.000000000,0.062881742
4.162499334,0.000000000,0.000000000,0.799742404,0.000000000,0.000000000,9.800000000,0.997914831,0.000000000,0.000000000,0.064544486
4.166666000,0.000000000,0.000000000,0.799742404,-0.000000000,0.000000000,9.800000000,0.997805906,0.000000000,0.000000000,0.066207052
4.170832666,0.000000000,0.000000000,0.795818572,-0.000000000,-0.000000000,9.800000000,0.997694766,0.000000000,0.000000000,0.067861277
4.179165998,0.000000000,0.000000000,0.795818572,-0.000000000,-0.000000000,9.800000000,0.997464260,0.000000000,0.000000000,0.071169164
4.183332664,0.000000000,0.000000000,0.791587937,0.000000000,0.000000000,9.800000000,0.997345536,0.000000000,0.000000000,0.072814026
4.187499330,0.000000000,0.000000000,0.791587937,0.000000000,0.000000000,9.800000000,0.997224099,0.000000000,0.000000000,0.074458690
4.191665996,0.000000000,0.000000000,0.791587937,0.000000000,0.000000000,9.800000000,0.997099950,0.000000000,0.000000000,0.076103152
4.195832662,0.000000000,0.000000000,0.787052130,-0.000000000,0.000000000,9.800000000,0.996973824,0.000000000,0.000000000,0.077737985
4.204165994,0.000000000,0.000000000,0.787052130,-0.000000000,0.000000000,9.800000000,0.996713531,0.000000000,0.000000000,0.081007020
4.208332660,0.000000000,0.000000000,0.782212900,0.000000000,0.000000000,9.800000000,0.996580198,0.000000000,0.000000000,0.082631166
4.212499326,0.000000000,0.000000000,0.782212900,0.000000000,0.000000000,9.800000000,0.996444218,0.000000000,0.000000000,0.084255093
4.216665992,0.000000000,0.000000000,0.782212900,-0.000000000,0.000000000,9.800000000,0.996305592,0.000000000,0.000000000,0.085878796
4.220832658,0.000000000,0.000000000,0.777072111,0.000000000,-0.000000000,9.800000000,0.996165257,0.000000000,0.000000000,0.087491602
4.229165990,0.000000000,0.000000000,0.777072111,0.000000000,0.000000000,9.800000000,0.995876756,0.000000000,0.000000000,0.090716521
4.233332656,0.000000000,0.000000000,0.771631747,-0.000000000,-0.000000000,9.800000000,0.995729636,0.000000000,0.000000000,0.092317341
4.237499322,0.000000000,0.000000000,0.771631747,0.000000000,-0.000000000,9.800000000,0.995579944,0.000000000,0.000000000,0.093917922
4.241665988,0.000000000,0.000000000,0.771631747,-0.000000000,-0.000000000,9.800000000,0.995427678,0.000000000,0.000000000,0.095518260
4.245832654,0.000000000,0.000000000,0.765893904,-0.000000000,-0.000000000,9.800000000,0.995274001,0.000000000,0.000000000,0.097106454
4.254165986,0.000000000,0.000000000,0.765893904,-0.000000000,0.000000000,9.800000000,0.994959045,0.000000000,0.000000000,0.100282097
4.258332652,0.000000000,0.000000000,0.759860795,0.000000000,0.000000000,9.800000000,0.994799047,0.000000000,0.000000000,0.101857034
4.262499318,0.000000000,0.000000000,0.759860795,0.000000000,0.000000000,9.800000000,0.994636557,0.000000000,0.000000000,0.103431715
4.266665984,0.000000000,0.000000000,0.759860795,0.000000000,0.000000000,9.800000000,0.994471574,0.000000000,0.000000000,0.105006137
4.270832650,0.000000000,0.000000000,0.753534744,0.000000000,0.000000000,9.800000000,0.994305503,0.000000000,0.000000000,0.106567192
4.279165982,0.000000000,0.000000000,0.753534744,0.000000000,0.000000000,9.800000000,0.993966011,0.000000000,0.000000000,0.109688510
4.283332648,0.000000000,0.000000000,0.746918192,0.000000000,0.000000000,9.800000000,0.993794124,0.000000000,0.000000000,0.111235067
4.287499314,0.000000000,0.000000000,0.746918192,-0.000000000,0.000000000,9.800000000,0.993619830,0.000000000,0.000000000,0.112781354
4.291665980,0.000000000,0.000000000,0.746918192,-0.000000000,0.000000000,9.800000000,0.993443130,0.000000000,0.000000000,0.114327368
4.295832646,0.000000000,0.000000000,0.740013689,0.000000000,0.000000000,9.800000000,0.993265692,0.000000000,0.000000000,0.115858818
4.304165978,0.000000000,0.000000000,0.740013689,0.000000000,0.000000000,9.800000000,0.992903733,0.000000000,0.000000000,0.118920888
4.308332644,0.000000000,0.000000000,0.732823896,-0.000000000,-0.000000000,9.800000000,0.992721017,0.000000000,0.000000000,0.120436631
4.312499310,0.000000000,0.000000000,0.732823896,-0.000000000,0.000000000,9.800000000,0.992535988,0.000000000,0.000000000,0.121952093
4.316665976,0.000000000,0.000000000,0.732823896,-0.000000000,0.000000000,9.800000000,0.992348645,0.000000000,0.000000000,0.123467271
4.320832642,0.000000000,0.000000000,0.725351586,0.000000000,0.000000000,9.800000000,0.992160934,0.000000000,0.000000000,0.124966716
4.329165974,0.000000000,0.000000000,0.725351586,-0.000000000,0.000000000,9.800000000,0.991778717,0.000000000,0.000000000,0.127964746
4.333332640,0.000000000,0.000000000,0.717599639,0.000000000,0.000000000,9.800000000,0.991586302,0.000000000,0.000000000,0.129447311
4.337499306,0.000000000,0.000000000,0.717599639,0.000000000,0.000000000,9.800000000,0.991391670,0.000000000,0.000000000,0.130929586
4.341665972,0.000000000,0.000000000,0.717599639,0.000000000,-0.000000000,9.800000000,0.991194823,0.000000000,0.000000000,0.132411569
4.345832638,0.000000000,0.000000000,0.709571044,0.000000000,-0.000000000,9.800000000,0.990997999,0.000000000,0.000000000,0.133876680
4.354165970,0.000000000,0.000000000,0.709571044,0.000000000,-0.000000000,9.800000000,0.990597856,0.000000000,0.000000000,0.136806022
4.358332636,0.000000000,0.000000000,0.701268896,-0.000000000,0.000000000,9.800000000,0.990396929,0.000000000,0.000000000,0.138253115
4.362499302,0.000000000,0.000000000,0.701268896,0.000000000,0.000000000,9.800000000,0.990193887,0.000000000,0.000000000,0.139699914
4.366665968,0.000000000,0.000000000,0.701268896,0.000000000,0.000000000,9.800000000,0.989988732,0.000000000,0.000000000,0.141146415
4.370832634,0.000000000,0.000000000,0.692696396,-0.000000000,0.000000000,9.800000000,0.989784010,0.000000000,0.000000000,0.142574937
4.379165966,0.000000000,0.000000000,0.692696396,-0.000000000,0.000000000,9.800000000,0.989368384,0.000000000,0.000000000,0.145431088
4.383332632,0.000000000,0.000000000,0.683856848,0.000000000,-0.000000000,9.800000000,0.989160184,0.000000000,0.000000000,0.146840495
4.387499298,0.000000000,0.000000000,0.683856848,0.000000000,0.000000000,9.800000000,0.988949976,0.000000000,0.000000000,0.148249603
4.391665964,0.000000000,0.000000000,0.683856848,-0.000000000,-0.000000000,9.800000000,0.988737761,0.000000000,0.000000000,0.149658411
4.395832630,0.000000000,0.000000000,0.674753660,0.000000000,0.000000000,9.800000000,0.988526404,0.000000000,0.000000000,0.151048167
4.404165962,0.000000000,0.000000000,0.674753660,0.000000000,0.000000000,9.800000000,0.988097830,0.000000000,0.000000000,0.153826782
4.408332628,0.000000000,0.000000000,0.665390342,-0.000000000,0.000000000,9.800000000,0.987883641,0.000000000,0.000000000,0.155196364
4.412499294,0.000000000,0.000000000,0.665390342,0.000000000,0.000000000,9.800000000,0.987667554,0.000000000,0.000000000,0.156565648
4.416665960,0.000000000,0.000000000,0.665390342,0.000000000,-0.000000000,9.800000000,0.987449569,0.000000000,0.000000000,0.157934631
4.420832626,0.000000000,0.000000000,0.655770503,0.000000000,-0.000000000,9.800000000,0.987232880,0.000000000,0.000000000,0.159283526
4.429165958,0.000000000,0.000000000,0.655770503,0.000000000,-0.000000000,9.800000000,0.986793972,0.000000000,0.000000000,0.161980420
4.433332624,0.000000000,0.000000000,0.645897853,0.000000000,0.000000000,9.800000000,0.986575115,0.000000000,0.000000000,0.163308123
4.437499290,0.000000000,0.000000000,0.645897853,0.000000000,0.000000000,9.800000000,0.986354471,0.000000000,0.000000000,0.164635530
4.441665956,0.000000000,0.000000000,0.645897853,0.000000000,0.000000000,9.800000000,0.986132041,0.000000000,0.000000000,0.165962639
4.445832622,0.000000000,0.000000000,0.635776196,0.000000000,0.000000000,9.800000000,0.985911353,0.000000000,0.000000000,0.167268658
4.454165954,0.000000000,0.000000000,0.635776196,0.000000000,0.000000000,9.800000000,0.985464788,0.000000000,0.000000000,0.169879814
4.458332620,0.000000000,0.000000000,0.625409436,0.000000000,0.000000000,9.800000000,0.985242609,0.000000000,0.000000000,0.171163667
4.462499286,0.000000000,0.000000000,0.625409436,-0.000000000,-0.000000000,9.800000000,0.985018758,0.000000000,0.000000000,0.172447229
4.466665952,0.000000000,0.000000000,0.625409436,-0.000000000,-0.000000000,9.800000000,0.984793234,0.000000000,0.000000000,0.173730499
4.470832618,0.000000000,0.000000000,0.614801569,0.000000000,0.000000000,9.800000000,0.984569906,0.000000000,0.000000000,0.174991715
4.479165950,0.000000000,0.000000000,0.614801569,0.000000000,0.000000000,9.800000000,0.984118404,0.000000000,0.000000000,0.177513284
4.483332616,0.000000000,0.000000000,0.603956684,0.000000000,0.000000000,9.800000000,0.983894271,0.000000000,0.000000000,0.178751403
4.487499282,0.000000000,0.000000000,0.603956684,0.000000000,-0.000000000,9.800000000,0.983668579,0.000000000,0.000000000,0.179989239
4.491665948,0.000000000,0.000000000,0.603956684,0.000000000,0.000000000,9.800000000,0.983441330,0.000000000,0.000000000,0.181226791
4.495832614,0.000000000,0.000000000,0.592878962,0.000000000,0.000000000,9.800000000,0.983216735,0.000000000,0.000000000,0.182441364
4.504165946,0.000000000,0.000000000,0.592878962,0.000000000,0.000000000,9.800000000,0.982763046,0.000000000,0.000000000,0.184869673
4.508332612,0.000000000,0.000000000,0.581572674,0.000000000,0.000000000,9.800000000,0.982538335,0.000000000,0.000000000,0.186060262
4.512499278,0.000000000,0.000000000,0.581572674,0.000000000,0.000000000,9.800000000,0.982312181,0.000000000,0.000000000,0.187250578
4.516665944,0.000000000,0.000000000,0.581572674,0.000000000,0.000000000,9.800000000,0.982084585,0.000000000,0.000000000,0.188440619
4.520832610,0.000000000,0.000000000,0.570042179,0.000000000,-0.000000000,9.800000000,0.981860103,0.000000000,0.000000000,0.189606798
4.529165942,0.000000000,0.000000000,0.570042179,0.000000000,-0.000000000,9.800000000,0.981406985,0.000000000,0.000000000,0.191938350
4.533332608,0.000000000,0.000000000,0.558291922,0.000000000,0.000000000,9.800000000,0.981183076,0.000000000,0.000000000,0.193079703
4.537499274,0.000000000,0.000000000,0.558291922,0.000000000,0.000000000,9.800000000,0.980957840,0.000000000,0.000000000,0.194220794
4.541665940,0.000000000,0.000000000,0.558291922,0.000000000,0.000000000,9.800000000,0.980731276,0.000000000,0.000000000,0.195361622
4.545832606,0.000000000,0.000000000,0.546326433,0.000000000,0.000000000,9.800000000,0.980508285,0.000000000,0.000000000,0.196477744
4.554165938,0.000000000,0.000000000,0.546326433,0.000000000,0.000000000,9.800000000,0.980058491,0.000000000,0.000000000,0.198709222
4.558332604,0.000000000,0.000000000,0.534150325,0.000000000,-0.000000000,9.800000000,0.979836758,0.000000000,0.000000000,0.199799721
4.562499270,0.000000000,0.000000000,0.534150325,0.000000000,-0.000000000,9.800000000,0.979613811,0.000000000,0.000000000,0.200889972
4.566665936,0.000000000,0.000000000,0.534150325,0.000000000,-0.000000000,9.800000000,0.979389652,0.000000000,0.000000000,0.201979975
4.570832602,0.000000000,0.000000000,0.521768291,0.000000000,0.000000000,9.800000000,0.979169517,0.000000000,0.000000000,0.203044468
4.579165934,0.000000000,0.000000000,0.521768291,0.000000000,0.000000000,9.800000000,0.978725778,0.000000000,0.000000000,0.205172735
4.583332600,0.000000000,0.000000000,0.509185107,-0.000000000,0.000000000,9.800000000,0.978507580,0.000000000,0.000000000,0.206210854
4.587499266,0.000000000,0.000000000,0.509185107,-0.000000000,0.000000000,9.800000000,0.978288280,0.000000000,0.000000000,0.207248740
4.591665932,0.000000000,0.000000000,0.509185107,-0.000000000,0.000000000,9.800000000,0.978067880,0.000000000,0.000000000,0.208286394
4.595832598,0.000000000,0.000000000,0.496405621,0.000000000,0.000000000,9.800000000,0.977851952,0.000000000,0.000000000,0.209297779
4.604165930,0.000000000,0.000000000,0.496405621,0.000000000,0.000000000,9.800000000,0.977416958,0.000000000,0.000000000,0.211319876
4.608332596,0.000000000,0.000000000,0.483434762,-0.000000000,0.000000000,9.800000000,0.977203630,0.000000000,0.000000000,0.212304180
4.612499262,0.000000000,0.000000000,0.483434762,-0.000000000,0.000000000,9.800000000,0.976989312,0.000000000,0.000000000,0.213288268
4.616665928,0.000000000,0.000000000,0.483434762,0.000000000,0.000000000,9.800000000,0.976774002,0.000000000,0.000000000,0.214272140
4.620832594,0.000000000,0.000000000,0.470277530,0.000000000,-0.000000000,9.800000000,0.976563601,0.000000000,0.000000000,0.215229026
4.629165926,0.000000000,0.000000000,0.470277530,0.000000000,-0.000000000,9.800000000,0.976139987,0.000000000,0.000000000,0.217142177
4.633332592,0.000000000,0.000000000,0.456938996,0.000000000,-0.000000000,9.800000000,0.975932835,0.000000000,0.000000000,0.218071321
4.637499258,0.000000000,0.000000000,0.456938996,0.000000000,-0.000000000,9.800000000,0.975724799,0.000000000,0.000000000,0.219000268
4.641665924,0.000000000,0.000000000,0.456938996,0.000000000,-0.000000000,9.800000000,0.975515878,0.000000000,0.000000000,0.219929015
4.645832590,0.000000000,0.000000000,0.443424304,0.000000000,0.000000000,9.800000000,0.975312291,0.000000000,0.000000000,0.220830103
4.654165922,0.000000000,0.000000000,0.443424304,0.000000000,0.000000000,9.800000000,0.974902621,0.000000000,0.000000000,0.222631713
4.658332588,0.000000000,0.000000000,0.429738664,0.000000000,0.000000000,9.800000000,0.974702911,0.000000000,0.000000000,0.223504443
4.662499254,0.000000000,0.000000000,0.429738664,-0.000000000,0.000000000,9.800000000,0.974502419,0.000000000,0.000000000,0.224376994
4.666665920,0.000000000,0.000000000,0.429738664,0.000000000,0.000000000,9.800000000,0.974301146,0.000000000,0.000000000,0.225249365
4.670832586,0.000000000,0.000000000,0.415887351,0.000000000,0.000000000,9.800000000,0.974105617,0.000000000,0.000000000,0.226093446
4.679165918,0.000000000,0.000000000,0.415887351,-0.000000000,0.000000000,9.800000000,0.973712366,0.000000000,0.000000000,0.227781098
4.683332584,0.000000000,0.000000000,0.401875706,0.000000000,0.000000000,9.800000000,0.973521317,0.000000000,0.000000000,0.228596250
4.687499250,0.000000000,0.000000000,0.401875706,0.000000000,0.000000000,9.800000000,0.973329586,0.000000000,0.000000000,0.229411242
4.691665916,0.000000000,0.000000000,0.401875706,0.000000000,0.000000000,9.800000000,0.973137172,0.000000000,0.000000000,0.230226073
4.695832582,0.000000000,0.000000000,0.387709130,0.000000000,0.000000000,9.800000000,0.972950895,0.000000000,0.000000000,0.231012027
4.704165914,0.000000000,0.000000000,0.387709130,0.000000000,0.000000000,9.800000000,0.972576436,0.000000000,0.000000000,0.232583482
4.708332580,0.000000000,0.000000000,0.373393085,0.000000000,0.000000000,9.800000000,0.972395214,0.000000000,0.000000000,0.233339981
4.712499246,0.000000000,0.000000000,0.373393085,0.000000000,0.000000000,9.800000000,0.972213405,0.000000000,0.000000000,0.234096339
4.716665912,0.000000000,0.000000000,0.373393085,0.000000000,0.000000000,9.800000000,0.972031006,0.000000000,0.000000000,0.234852555
4.720832578,0.000000000,0.000000000,0.358933090,-0.000000000,-0.000000000,9.800000000,0.971855117,0.000000000,0.000000000,0.235579352
4.729165910,0.000000000,0.000000000,0.358933090,0.000000000,0.000000000,9.800000000,0.971501709,0.000000000,0.000000000,0.237032550
4.733332576,0.000000000,0.000000000,0.344334719,-0.000000000,-0.000000000,9.800000000,0.971331420,0.000000000,0.000000000,0.237729409
4.737499242,0.000000000,0.000000000,0.344334719,-0.000000000,-0.000000000,9.800000000,0.971160632,0.000000000,0.000000000,0.238426146
4.741665908,0.000000000,0.000000000,0.344334719,-0.000000000,-0.000000000,9.800000000,0.970989344,0.000000000,0.000000000,0.239122760
4.745832574,0.000000000,0.000000000,0.329603601,0.000000000,0.000000000,9.800000000,0.970824915,0.000000000,0.000000000,0.239789457
4.754165906,0.000000000,0.000000000,0.329603601,0.000000000,0.000000000,9.800000000,0.970494686,0.000000000,0.000000000,0.241122511
4.758332572,0.000000000,0.000000000,0.314745414,0.000000000,0.000000000,9.800000000,0.970336368,0.000000000,0.000000000,0.241758831
4.762499238,0.000000000,0.000000000,0.314745414,-0.000000000,0.000000000,9.800000000,0.970177634,0.000000000,0.000000000,0.242395048
4.766665904,0.000000000,0.000000000,0.314745414,0.000000000,0.000000000,9.800000000,0.970018482,0.000000000,0.000000000,0.243031160
4.770832570,0.000000000,0.000000000,0.299765888,0.000000000,0.000000000,9.800000000,0.969866517,0.000000000,0.000000000,0.243636901
4.779165902,0.000000000,0.000000000,0.299765888,-0.000000000,0.000000000,9.800000000,0.969561452,0.000000000,0.000000000,0.244848097
4.783332568,0.000000000,0.000000000,0.284670795,-0.000000000,-0.000000000,9.800000000,0.969416071,0.000000000,0.000000000,0.245423066
4.787499234,0.000000000,0.000000000,0.284670795,-0.000000000,0.000000000,9.800000000,0.969270349,0.000000000,0.000000000,0.245997949
4.791665900,0.000000000,0.000000000,0.284670795,-0.000000000,0.000000000,9.800000000,0.969124286,0.000000000,0.000000000,0.246572745
4.795832566,0.000000000,0.000000000,0.269465957,0.000000000,-0.000000000,9.800000000,0.968985710,0.000000000,0.000000000,0.247116760
4.804165898,0.000000000,0.000000000,0.269465957,0.000000000,-0.000000000,9.800000000,0.968707643,0.000000000,0.000000000,0.248204557
4.808332564,0.000000000,0.000000000,0.254157234,0.000000000,-0.000000000,9.800000000,0.968576085,0.000000000,0.000000000,0.248717447
4.812499230,0.000000000,0.000000000,0.254157234,-0.000000000,-0.000000000,9.800000000,0.968444254,0.000000000,0.000000000,0.249230268
4.816665896,0.000000000,0.000000000,0.254157234,0.000000000,-0.000000000,9.800000000,0.968312153,0.000000000,0.000000000,0.249743018
4.820832562,0.000000000,0.000000000,0.238750529,-0.000000000,0.000000000,9.800000000,0.968187811,0.000000000,0.000000000,0.250224623
4.829165894,0.000000000,0.000000000,0.238750529,0.000000000,0.000000000,9.800000000,0.967938410,0.000000000,0.000000000,0.251187646
4.833332560,0.000000000,0.000000000,0.223251781,0.000000000,-0.000000000,9.800000000,0.967821476,0.000000000,0.000000000,0.251637815
4.837499226,0.000000000,0.000000000,0.223251781,0.000000000,-0.000000000,9.800000000,0.967704333,0.000000000,0.000000000,0.252087929
4.841665892,0.000000000,0.000000000,0.223251781,0.000000000,-0.000000000,9.800000000,0.967586980,0.000000000,0.000000000,0.252537989
4.845832558,0.000000000,0.000000000,0.207666966,-0.000000000,-0.000000000,9.800000000,0.967477632,0.000000000,0.000000000,0.252956581
4.854165890,0.000000000,0.000000000,0.207666966,-0.000000000,-0.000000000,9.800000000,0.967258392,0.000000000,0.000000000,0.253793624
4.858332556,0.000000000,0.000000000,0.192002091,-0.000000000,-0.000000000,9.800000000,0.967156796,0.000000000,0.000000000,0.254180512
4.862499222,0.000000000,0.000000000,0.192002091,-0.000000000,-0.000000000,9.800000000,0.967055045,0.000000000,0.000000000,0.254567358
4.866665888,0.000000000,0.000000000,0.192002091,-0.000000000,-0.000000000,9.800000000,0.966953140,0.000000000,0.000000000,0.254954164
4.870832554,0.000000000,0.000000000,0.176263195,-0.000000000,0.000000000,9.800000000,0.966859451,0.000000000,0.000000000,0.255309227
4.879165886,0.000000000,0.000000000,0.176263195,0.000000000,0.000000000,9.800000000,0.966671684,0.000000000,0.000000000,0.256019248
4.883332552,0.000000000,0.000000000,0.160456347,0.000000000,-0.000000000,9.800000000,0.966586047,0.000000000,0.000000000,0.256342377
4.887499218,0.000000000,0.000000000,0.160456347,0.000000000,-0.000000000,9.800000000,0.966500302,0.000000000,0.000000000,0.256665477
4.891665884,0.000000000,0.000000000,0.160456347,0.000000000,0.000000000,9.800000000,0.966414448,0.000000000,0.000000000,0.256988548
4.895832550,0.000000000,0.000000000,0.144587639,-0.000000000,-0.000000000,9.800000000,0.966336993,0.000000000,0.000000000,0.257279644
4.904165882,0.000000000,0.000000000,0.144587639,0.000000000,-0.000000000,9.800000000,0.966181820,0.000000000,0.000000000,0.257861765
4.908332548,0.000000000,0.000000000,0.128663191,-0.000000000,0.000000000,9.800000000,0.966112666,0.000000000,0.000000000,0.258120739
4.912499214,0.000000000,0.000000000,0.128663191,-0.000000000,-0.000000000,9.800000000,0.966043443,0.000000000,0.000000000,0.258379695
4.916665880,0.000000000,0.000000000,0.128663191,-0.000000000,0.000000000,9.800000000,0.965974150,0.000000000,0.000000000,0.258638632
4.920832546,0.000000000,0.000000000,0.112689140,0.000000000,-0.000000000,9.800000000,0.965913403,0.000000000,0.000000000,0.258865406
4.929165878,0.000000000,0.000000000,0.112689140,0.000000000,-0.000000000,9.800000000,0.965791749,0.000000000,0.000000000,0.259318910
4.933332544,0.000000000,0.000000000,0.096671646,0.000000000,0.000000000,9.800000000,0.965739503,0.000000000,0.000000000,0.259513415
4.937499210,0.000000000,0.000000000,0.096671646,-0.000000000,0.000000000,9.800000000,0.965687218,0.000000000,0.000000000,0.259707908
4.941665876,0.000000000,0.000000000,0.096671646,0.000000000,0.000000000,9.800000000,0.965634893,0.000000000,0.000000000,0.259902392
4.945832542,0.000000000,0.000000000,0.080616882,0.000000000,0.000000000,9.800000000,0.965591228,0.000000000,0.000000000,0.260064568
4.954165874,0.000000000,0.000000000,0.080616882,0.000000000,0.000000000,9.800000000,0.965503817,0.000000000,0.000000000,0.260388899
4.958332540,0.000000000,0.000000000,0.064531040,0.000000000,0.000000000,9.800000000,0.965468802,0.000000000,0.000000000,0.260518699
4.962499206,0.000000000,0.000000000,0.064531040,0.000000000,0.000000000,9.800000000,0.965433769,0.000000000,0.000000000,0.260648494
4.966665872,0.000000000,0.000000000,0.064531040,-0.000000000,0.000000000,9.800000000,0.965398719,0.000000000,0.000000000,0.260778284
4.970832538,0.000000000,0.000000000,0.048420319,-0.000000000,0.000000000,9.800000000,0.965372408,0.000000000,0.000000000,0.260875668
4.979165870,0.000000000,0.000000000,0.048420319,-0.000000000,0.000000000,9.800000000,0.965319756,0.000000000,0.000000000,0.261070428
4.983332536,0.000000000,0.000000000,0.032290932,0.000000000,0.000000000,9.800000000,0.965302191,0.000000000,0.000000000,0.261135367
4.987499202,0.000000000,0.000000000,0.032290932,0.000000000,0.000000000,9.800000000,0.965284622,0.000000000,0.000000000,0.261200305
4.991665868,0.000000000,0.000000000,0.032290932,0.000000000,0.000000000,9.800000000,0.965267048,0.000000000,0.000000000,0.261265242
4.995832534,0.000000000,0.000000000,0.016149096,0.000000000,0.000000000,9.800000000,0.965258257,0.000000000,0.000000000,0.261297717
5.004165866,0.000000000,0.000000000,0.016149096,0.000000000,0.000000000,9.800000000,0.965240673,0.000000000,0.000000000,0.261362666
5.008332532,0.000000000,0.000000000,0.000001034,0.000000000,0.000000000,9.800000000,0.965240672,0.000000000,0.000000000,0.261362669
5.012499198,0.000000000,0.000000000,0.000001034,0.000000000,-0.000000000,9.800000000,0.965240672,0.000000000,0.000000000,0.261362671
5.016665864,0.000000000,0.000000000,0.000001034,0.000000000,-0.000000000,9.800000000,0.965240671,0.000000000,0.000000000,0.261362673
5.020832530,0.000000000,0.000000000,-0.016147029,0.000000000,0.000000000,9.800000000,0.965249463,0.000000000,0.000000000,0.261330202
5.029165862,0.000000000,0.000000000,-0.016147029,0.000000000,0.000000000,9.800000000,0.965267043,0.000000000,0.000000000,0.261265260
5.033332528,0.000000000,0.000000000,-0.032288866,-0.000000000,-0.000000000,9.800000000,0.965284615,0.000000000,0.000000000,0.261200328
5.037499194,0.000000000,0.000000000,-0.032288866,0.000000000,-0.000000000,9.800000000,0.965302184,0.000000000,0.000000000,0.261135394
5.041665860,0.000000000,0.000000000,-0.032288866,0.000000000,-0.000000000,9.800000000,0.965319748,0.000000000,0.000000000,0.261070459
5.045832526,0.000000000,0.000000000,-0.048418256,-0.000000000,-0.000000000,9.800000000,0.965346077,0.000000000,0.000000000,0.260973085
5.054165858,0.000000000,0.000000000,-0.048418256,0.000000000,0.000000000,9.800000000,0.965398707,0.000000000,0.000000000,0.260778328
5.058332524,0.000000000,0.000000000,-0.064528979,0.000000000,0.000000000,9.800000000,0.965433756,0.000000000,0.000000000,0.260648542
5.062499190,0.000000000,0.000000000,-0.064528979,0.000000000,0.000000000,9.800000000,0.965468788,0.000000000,0.000000000,0.260518751
5.066665856,0.000000000,0.000000000,-0.064528979,0.000000000,0.000000000,9.800000000,0.965503802,0.000000000,0.000000000,0.260388955
5.070832522,0.000000000,0.000000000,-0.080614825,-0.000000000,0.000000000,9.800000000,0.965547520,0.000000000,0.000000000,0.260226798
5.079165854,0.000000000,0.000000000,-0.080614825,-0.000000000,-0.000000000,9.800000000,0.965634875,0.000000000,0.000000000,0.259902460
5.083332520,0.000000000,0.000000000,-0.096669593,0.000000000,0.000000000,9.800000000,0.965687198,0.000000000,0.000000000,0.259707981
5.087499186,0.000000000,0.000000000,-0.096669593,-0.000000000,0.000000000,9.800000000,0.965739482,0.000000000,0.000000000,0.259513491
5.091665852,0.000000000,0.000000000,-0.096669593,-0.000000000,0.000000000,9.800000000,0.965791728,0.000000000,0.000000000,0.259318991
5.095832518,0.000000000,0.000000000,-0.112687092,-0.000000000,-0.000000000,9.800000000,0.965852580,0.000000000,0.000000000,0.259092250
5.104165850,0.000000000,0.000000000,-0.112687092,-0.000000000,-0.000000000,9.800000000,0.965974125,0.000000000,0.000000000,0.258638725
5.108332516,0.000000000,0.000000000,-0.128661149,0.000000000,0.000000000,9.800000000,0.966043417,0.000000000,0.000000000,0.258379792
5.112499182,0.000000000,0.000000000,-0.128661149,0.000000000,0.000000000,9.800000000,0.966112639,0.000000000,0.000000000,0.258120841
5.116665848,0.000000000,0.000000000,-0.128661149,0.000000000,0.000000000,9.800000000,0.966181792,0.000000000,0.000000000,0.257861871
5.120832514,0.000000000,0.000000000,-0.144585605,0.000000000,-0.000000000,9.800000000,0.966259422,0.000000000,0.000000000,0.257570826
5.129165846,0.000000000,0.000000000,-0.144585605,-0.000000000,-0.000000000,9.800000000,0.966414417,0.000000000,0.000000000,0.256988666
5.133332512,0.000000000,0.000000000,-0.160454319,-0.000000000,-0.000000000,9.800000000,0.966500269,0.000000000,0.000000000,0.256665599
5.137499178,0.000000000,0.000000000,-0.160454319,-0.000000000,-0.000000000,9.800000000,0.966586013,0.000000000,0.000000000,0.256342503
5.141665844,0.000000000,0.000000000,-0.160454319,0.000000000,-0.000000000,9.800000000,0.966671649,0.000000000,0.000000000,0.256019378
5.145832510,0.000000000,0.000000000,-0.176261176,-0.000000000,-0.000000000,9.800000000,0.966765597,0.000000000,0.000000000,0.255664389
5.154165842,0.000000000,0.000000000,-0.176261176,-0.000000000,-0.000000000,9.800000000,0.966953102,0.000000000,0.000000000,0.254954307
5.158332508,0.000000000,0.000000000,-0.192000081,0.000000000,0.000000000,9.800000000,0.967055006,0.000000000,0.000000000,0.254567505
5.162499174,0.000000000,0.000000000,-0.192000081,0.000000000,0.000000000,9.800000000,0.967156756,0.000000000,0.000000000,0.254180662
5.166665840,0.000000000,0.000000000,-0.192000081,0.000000000,0.000000000,9.800000000,0.967258351,0.000000000,0.000000000,0.253793779
5.170832506,0.000000000,0.000000000,-0.207664966,0.000000000,0.000000000,9.800000000,0.967368061,0.000000000,0.000000000,0.253375285
5.179165838,0.000000000,0.000000000,-0.207664966,0.000000000,0.000000000,9.800000000,0.967586937,0.000000000,0.000000000,0.252538155
5.183332504,0.000000000,0.000000000,-0.223249792,0.000000000,0.000000000,9.800000000,0.967704289,0.000000000,0.000000000,0.252088100
5.187499170,0.000000000,0.000000000,-0.223249792,0.000000000,0.000000000,9.800000000,0.967821431,0.000000000,0.000000000,0.251637990
5.191665836,0.000000000,0.000000000,-0.223249792,0.000000000,0.000000000,9.800000000,0.967938364,0.000000000,0.000000000,0.251187825
5.195832502,0.000000000,0.000000000,-0.238748551,0.000000000,0.000000000,9.800000000,0.968063183,0.000000000,0.000000000,0.250706348
5.204165834,0.000000000,0.000000000,-0.238748551,-0.000000000,0.000000000,9.800000000,0.968312103,0.000000000,0.000000000,0.249743209
5.208332500,0.000000000,0.000000000,-0.254155268,0.000000000,-0.000000000,9.800000000,0.968444204,0.000000000,0.000000000,0.249230463
5.212499166,0.000000000,0.000000000,-0.254155268,0.000000000,-0.000000000,9.800000000,0.968576033,0.000000000,0.000000000,0.248717646
5.216665832,0.000000000,0.000000000,-0.254155268,0.000000000,-0.000000000,9.800000000,0.968707591,0.000000000,0.000000000,0.248204760
5.220832498,0.000000000,0.000000000,-0.269464004,0.000000000,-0.000000000,9.800000000,0.968846777,0.000000000,0.000000000,0.247660905
5.229165830,0.000000000,0.000000000,-0.269464004,-0.000000000,-0.000000000,9.800000000,0.969124231,0.000000000,0.000000000,0.246572960
5.233332496,0.000000000,0.000000000,-0.284668856,0.000000000,0.000000000,9.800000000,0.969270293,0.000000000,0.000000000,0.245998168
5.237499162,0.000000000,0.000000000,-0.284668856,0.000000000,0.000000000,9.800000000,0.969416015,0.000000000,0.000000000,0.245423289
5.241665828,0.000000000,0.000000000,-0.284668856,-0.000000000,0.000000000,9.800000000,0.969561395,0.000000000,0.000000000,0.244848324
5.245832494,0.000000000,0.000000000,-0.299763963,-0.000000000,0.000000000,9.800000000,0.969714115,0.000000000,0.000000000,0.244242777
5.254165826,0.000000000,0.000000000,-0.299763963,0.000000000,0.000000000,9.800000000,0.970018422,0.000000000,0.000000000,0.243031398
5.258332492,0.000000000,0.000000000,-0.314743505,0.000000000,0.000000000,9.800000000,0.970177573,0.000000000,0.000000000,0.242395290
5.262499158,0.000000000,0.000000000,-0.314743505,-0.000000000,0.000000000,9.800000000,0.970336307,0.000000000,0.000000000,0.241759078
5.266665824,0.000000000,0.000000000,-0.314743505,0.000000000,0.000000000,9.800000000,0.970494623,0.000000000,0.000000000,0.241122761
5.270832490,0.000000000,0.000000000,-0.329601707,-0.000000000,0.000000000,9.800000000,0.970659966,0.000000000,0.000000000,0.240456295
5.279165822,0.000000000,0.000000000,-0.329601707,-0.000000000,0.000000000,9.800000000,0.970989279,0.000000000,0.000000000,0.239123022
5.283332488,0.000000000,0.000000000,-0.344332842,0.000000000,0.000000000,9.800000000,0.971160567,0.000000000,0.000000000,0.238426412
5.287499154,0.000000000,0.000000000,-0.344332842,-0.000000000,0.000000000,9.800000000,0.971331354,0.000000000,0.000000000,0.237729679
5.291665820,0.000000000,0.000000000,-0.344332842,-0.000000000,0.000000000,9.800000000,0.971501642,0.000000000,0.000000000,0.237032823
5.295832486,0.000000000,0.000000000,-0.358931230,-0.000000000,-0.000000000,9.800000000,0.971678617,0.000000000,0.000000000,0.236306294
5.304165818,0.000000000,0.000000000,-0.358931230,-0.000000000,-0.000000000,9.800000000,0.972030938,0.000000000,0.000000000,0.234852840
5.308332484,0.000000000,0.000000000,-0.373391243,-0.000000000,-0.000000000,9.800000000,0.972213335,0.000000000,0.000000000,0.234096627
5.312499150,0.000000000,0.000000000,-0.373391243,-0.000000000,0.000000000,9.800000000,0.972395144,0.000000000,0.000000000,0.233340274
5.316665816,0.000000000,0.000000000,-0.373391243,-0.000000000,-0.000000000,9.800000000,0.972576365,0.000000000,0.000000000,0.232583779
5.320832482,0.000000000,0.000000000,-0.387707307,-0.000000000,-0.000000000,9.800000000,0.972763911,0.000000000,0.000000000,0.231798130
5.329165814,0.000000000,0.000000000,-0.387707307,-0.000000000,-0.000000000,9.800000000,0.973137099,0.000000000,0.000000000,0.230226380
5.333332480,0.000000000,0.000000000,-0.401873903,0.000000000,0.000000000,9.800000000,0.973329512,0.000000000,0.000000000,0.229411553
5.337499146,0.000000000,0.000000000,-0.401873903,0.000000000,-0.000000000,9.800000000,0.973521243,0.000000000,0.000000000,0.228596565
5.341665812,0.000000000,0.000000000,-0.401873903,0.000000000,0.000000000,9.800000000,0.973712291,0.000000000,0.000000000,0.227781417
5.345832478,0.000000000,0.000000000,-0.415885568,-0.000000000,0.000000000,9.800000000,0.973909282,0.000000000,0.000000000,0.226937680
5.354165810,0.000000000,0.000000000,-0.415885568,-0.000000000,0.000000000,9.800000000,0.974301070,0.000000000,0.000000000,0.225249695
5.358332476,0.000000000,0.000000000,-0.429736902,0.000000000,0.000000000,9.800000000,0.974502342,0.000000000,0.000000000,0.224377327
5.362499142,0.000000000,0.000000000,-0.429736902,-0.000000000,0.000000000,9.800000000,0.974702833,0.000000000,0.000000000,0.223504780
5.366665808,0.000000000,0.000000000,-0.429736902,-0.000000000,0.000000000,9.800000000,0.974902543,0.000000000,0.000000000,0.222632054
5.370832474,0.000000000,0.000000000,-0.443422563,0.000000000,0.000000000,9.800000000,0.975107794,0.000000000,0.000000000,0.221731347
5.379165806,0.000000000,0.000000000,-0.443422563,0.000000000,0.000000000,9.800000000,0.975515799,0.000000000,0.000000000,0.219929367
5.383332472,0.000000000,0.000000000,-0.456937278,0.000000000,0.000000000,9.800000000,0.975724719,0.000000000,0.000000000,0.219000622
5.387499138,0.000000000,0.000000000,-0.456937278,0.000000000,0.000000000,9.800000000,0.975932755,0.000000000,0.000000000,0.218071680
5.391665804,0.000000000,0.000000000,-0.456937278,0.000000000,-0.000000000,9.800000000,0.976139907,0.000000000,0.000000000,0.217142539
5.395832470,0.000000000,0.000000000,-0.470275834,0.000000000,0.000000000,9.800000000,0.976352182,0.000000000,0.000000000,0.216186071
5.404165802,0.000000000,0.000000000,-0.470275834,0.000000000,0.000000000,9.800000000,0.976773920,0.000000000,0.000000000,0.214272512
5.408332468,0.000000000,0.000000000,-0.483433090,-0.000000000,0.000000000,9.800000000,0.976989229,0.000000000,0.000000000,0.213288644
5.412499134,0.000000000,0.000000000,-0.483433090,-0.000000000,0.000000000,9.800000000,0.977203548,0.000000000,0.000000000,0.212304559
5.416665800,0.000000000,0.000000000,-0.483433090,-0.000000000,0.000000000,9.800000000,0.977416875,0.000000000,0.000000000,0.211320259
5.420832466,0.000000000,0.000000000,-0.496403973,-0.000000000,0.000000000,9.800000000,0.977634895,0.000000000,0.000000000,0.210309326
5.429165798,0.000000000,0.000000000,-0.496403973,-0.000000000,-0.000000000,9.800000000,0.978067796,0.000000000,0.000000000,0.208286787
5.433332464,0.000000000,0.000000000,-0.509183483,0.000000000,-0.000000000,9.800000000,0.978288196,0.000000000,0.000000000,0.207249137
5.437499130,0.000000000,0.000000000,-0.509183483,-0.000000000,-0.000000000,9.800000000,0.978507496,0.000000000,0.000000000,0.206211254
5.441665796,0.000000000,0.000000000,-0.509183483,0.000000000,-0.000000000,9.800000000,0.978725694,0.000000000,0.000000000,0.205173138
5.445832462,0.000000000,0.000000000,-0.521766694,0.000000000,-0.000000000,9.800000000,0.978948141,0.000000000,0.000000000,0.204109129
5.454165794,0.000000000,0.000000000,-0.521766694,-0.000000000,-0.000000000,9.800000000,0.979389566,0.000000000,0.000000000,0.201980388
5.458332460,0.000000000,0.000000000,-0.534148753,-0.000000000,-0.000000000,9.800000000,0.979613726,0.000000000,0.000000000,0.200890389
5.462499126,0.000000000,0.000000000,-0.534148753,-0.000000000,-0.000000000,9.800000000,0.979836672,0.000000000,0.000000000,0.199800141
5.466665792,0.000000000,0.000000000,-0.534148753,-0.000000000,-0.000000000,9.800000000,0.980058405,0.000000000,0.000000000,0.198709646
5.470832458,0.000000000,0.000000000,-0.546324888,0.000000000,0.000000000,9.800000000,0.980283937,0.000000000,0.000000000,0.197594038
5.479165790,0.000000000,0.000000000,-0.546324888,0.000000000,0.000000000,9.800000000,0.980731190,0.000000000,0.000000000,0.195362055
5.483332456,0.000000000,0.000000000,-0.558290404,-0.000000000,0.000000000,9.800000000,0.980957753,0.000000000,0.000000000,0.194221230
5.487499122,0.000000000,0.000000000,-0.558290404,0.000000000,0.000000000,9.800000000,0.981182989,0.000000000,0.000000000,0.193080142
5.491665788,0.000000000,0.000000000,-0.558290404,0.000000000,0.000000000,9.800000000,0.981406898,0.000000000,0.000000000,0.191938793
5.495832454,0.000000000,0.000000000,-0.570040689,-0.000000000,0.000000000,9.800000000,0.981634149,0.000000000,0.000000000,0.190773155
5.504165786,0.000000000,0.000000000,-0.570040689,0.000000000,0.000000000,9.800000000,0.982084499,0.000000000,0.000000000,0.188441072
5.508332452,0.000000000,0.000000000,-0.581571213,-0.000000000,-0.000000000,9.800000000,0.982312094,0.000000000,0.000000000,0.187251034
5.512499118,0.000000000,0.000000000,-0.581571213,0.000000000,-0.000000000,9.800000000,0.982538248,0.000000000,0.000000000,0.186060721
5.516665784,0.000000000,0.000000000,-0.581571213,0.000000000,-0.000000000,9.800000000,0.982762959,0.000000000,0.000000000,0.184870135
5.520832450,0.000000000,0.000000000,-0.592877529,0.000000000,-0.000000000,9.800000000,0.982990554,0.000000000,0.000000000,0.183656123
5.529165782,0.000000000,0.000000000,-0.592877529,0.000000000,-0.000000000,9.800000000,0.983441244,0.000000000,0.000000000,0.181227261
5.533332448,0.000000000,0.000000000,-0.603955281,-0.000000000,-0.000000000,9.800000000,0.983668492,0.000000000,0.000000000,0.179989713
5.537499114,0.000000000,0.000000000,-0.603955281,0.000000000,0.000000000,9.800000000,0.983894184,0.000000000,0.000000000,0.178751880
5.541665780,0.000000000,0.000000000,-0.603955281,0.000000000,0.000000000,9.800000000,0.984118318,0.000000000,0.000000000,0.177513764
5.545832446,0.000000000,0.000000000,-0.614800196,-0.000000000,0.000000000,9.800000000,0.984344876,0.000000000,0.000000000,0.176253127
5.554165778,0.000000000,0.000000000,-0.614800196,0.000000000,0.000000000,9.800000000,0.984793148,0.000000000,0.000000000,0.173730988
5.558332444,0.000000000,0.000000000,-0.625408094,0.000000000,0.000000000,9.800000000,0.985018672,0.000000000,0.000000000,0.172447721
5.562499110,0.000000000,0.000000000,-0.625408094,0.000000000,0.000000000,9.800000000,0.985242523,0.000000000,0.000000000,0.171164161
5.566665776,0.000000000,0.000000000,-0.625408094,0.000000000,0.000000000,9.800000000,0.985464703,0.000000000,0.000000000,0.169880311
5.570832442,0.000000000,0.000000000,-0.635774885,0.000000000,0.000000000,9.800000000,0.985688850,0.000000000,0.000000000,0.168574884
5.579165774,0.000000000,0.000000000,-0.635774885,-0.000000000,0.000000000,9.800000000,0.986131956,0.000000000,0.000000000,0.165963145
5.583332440,0.000000000,0.000000000,-0.645896573,0.000000000,0.000000000,9.800000000,0.986354386,0.000000000,0.000000000,0.164636038
5.587499106,0.000000000,0.000000000,-0.645896573,-0.000000000,0.000000000,9.800000000,0.986575030,0.000000000,0.000000000,0.163308634
5.591665772,0.000000000,0.000000000,-0.645896573,0.000000000,0.000000000,9.800000000,0.986793888,0.000000000,0.000000000,0.161980934
5.595832438,0.000000000,0.000000000,-0.655769256,-0.000000000,0.000000000,9.800000000,0.987014263,0.000000000,0.000000000,0.160632639
5.604165770,0.000000000,0.000000000,-0.655769256,-0.000000000,0.000000000,9.800000000,0.987449486,0.000000000,0.000000000,0.157935153
5.608332436,0.000000000,0.000000000,-0.665389127,0.000000000,0.000000000,9.800000000,0.987667471,0.000000000,0.000000000,0.156566173
5.612499102,0.000000000,0.000000000,-0.665389127,0.000000000,0.000000000,9.800000000,0.987883558,0.000000000,0.000000000,0.155196891
5.616665768,0.000000000,0.000000000,-0.665389127,0.000000000,0.000000000,9.800000000,0.988097747,0.000000000,0.000000000,0.153827312
5.620832434,0.000000000,0.000000000,-0.674752478,-0.000000000,-0.000000000,9.800000000,0.988313011,0.000000000,0.000000000,0.152438157
5.629165766,0.000000000,0.000000000,-0.674752478,0.000000000,-0.000000000,9.800000000,0.988737680,0.000000000,0.000000000,0.149658948
5.633332432,0.000000000,0.000000000,-0.683855699,0.000000000,0.000000000,9.800000000,0.988949895,0.000000000,0.000000000,0.148250143
5.637499098,0.000000000,0.000000000,-0.683855699,0.000000000,0.000000000,9.800000000,0.989160103,0.000000000,0.000000000,0.146841037
5.641665764,0.000000000,0.000000000,-0.683855699,0.000000000,0.000000000,9.800000000,0.989368304,0.000000000,0.000000000,0.145431633
5.645832430,0.000000000,0.000000000,-0.692695281,-0.000000000,0.000000000,9.800000000,0.989577148,0.000000000,0.000000000,0.144003710
5.654165762,0.000000000,0.000000000,-0.692695281,-0.000000000,0.000000000,9.800000000,0.989988653,0.000000000,0.000000000,0.141146967
5.658332428,0.000000000,0.000000000,-0.701267816,0.000000000,0.000000000,9.800000000,0.990193809,0.000000000,0.000000000,0.139700468
5.662499094,0.000000000,0.000000000,-0.701267816,0.000000000,0.000000000,9.800000000,0.990396851,0.000000000,0.000000000,0.138253672
5.666665760,0.000000000,0.000000000,-0.701267816,0.000000000,-0.000000000,9.800000000,0.990597779,0.000000000,0.000000000,0.136806581
5.670832426,0.000000000,0.000000000,-0.709569999,0.000000000,0.000000000,9.800000000,0.990798934,0.000000000,0.000000000,0.135342060
5.679165758,0.000000000,0.000000000,-0.709569999,0.000000000,0.000000000,9.800000000,0.991194747,0.000000000,0.000000000,0.132412135
5.683332424,0.000000000,0.000000000,-0.717598629,0.000000000,0.000000000,9.800000000,0.991391595,0.000000000,0.000000000,0.130930155
5.687499090,0.000000000,0.000000000,-0.717598629,-0.000000000,-0.000000000,9.800000000,0.991586227,0.000000000,0.000000000,0.129447881
5.691665756,0.000000000,0.000000000,-0.717598629,-0.000000000,-0.000000000,9.800000000,0.991778643,0.000000000,0.000000000,0.127965319
5.695832422,0.000000000,0.000000000,-0.725350612,-0.000000000,0.000000000,9.800000000,0.991970885,0.000000000,0.000000000,0.126466450
5.704165754,0.000000000,0.000000000,-0.725350612,-0.000000000,0.000000000,9.800000000,0.992348573,0.000000000,0.000000000,0.123467850
5.708332420,0.000000000,0.000000000,-0.732822958,0.000000000,0.000000000,9.800000000,0.992535916,0.000000000,0.000000000,0.121952674
5.712499086,0.000000000,0.000000000,-0.732822958,0.000000000,0.000000000,9.800000000,0.992720946,0.000000000,0.000000000,0.120437214
5.716665752,0.000000000,0.000000000,-0.732822958,0.000000000,0.000000000,9.800000000,0.992903663,0.000000000,0.000000000,0.118921473
5.720832418,0.000000000,0.000000000,-0.740012787,-0.000000000,-0.000000000,9.800000000,0.993085823,0.000000000,0.000000000,0.117390579
5.729165750,0.000000000,0.000000000,-0.740012787,-0.000000000,0.000000000,9.800000000,0.993443062,0.000000000,0.000000000,0.114327959
5.733332416,0.000000000,0.000000000,-0.746917327,-0.000000000,-0.000000000,9.800000000,0.993619763,0.000000000,0.000000000,0.112781947
5.737499082,0.000000000,0.000000000,-0.746917327,0.000000000,0.000000000,9.800000000,0.993794057,0.000000000,0.000000000,0.111235661
5.741665748,0.000000000,0.000000000,-0.746917327,0.000000000,-0.000000000,9.800000000,0.993965945,0.000000000,0.000000000,0.109689107
5.745832414,0.000000000,0.000000000,-0.753533916,-0.000000000,-0.000000000,9.800000000,0.994136917,0.000000000,0.000000000,0.108128583
5.754165746,0.000000000,0.000000000,-0.753533916,-0.000000000,0.000000000,9.800000000,0.994471510,0.000000000,0.000000000,0.105006739
5.758332412,0.000000000,0.000000000,-0.759860003,0.000000000,-0.000000000,9.800000000,0.994636494,0.000000000,0.000000000,0.103432319
5.762499078,0.000000000,0.000000000,-0.759860003,0.000000000,-0.000000000,9.800000000,0.994798985,0.000000000,0.000000000,0.101857639
5.766665744,0.000000000,0.000000000,-0.759860003,0.000000000,-0.000000000,9.800000000,0.994958984,0.000000000,0.000000000,0.100282704
5.770832410,0.000000000,0.000000000,-0.765893151,0.000000000,0.000000000,9.800000000,0.995117729,0.000000000,0.000000000,0.098695010
5.779165742,0.000000000,0.000000000,-0.765893151,0.000000000,-0.000000000,9.800000000,0.995427619,0.000000000,0.000000000,0.095518872
5.783332408,0.000000000,0.000000000,-0.771631032,-0.000000000,-0.000000000,9.800000000,0.995579886,0.000000000,0.000000000,0.093918536
5.787499074,0.000000000,0.000000000,-0.771631032,0.000000000,-0.000000000,9.800000000,0.995729579,0.000000000,0.000000000,0.092317956
5.791665740,0.000000000,0.000000000,-0.771631032,-0.000000000,-0.000000000,9.800000000,0.995876700,0.000000000,0.000000000,0.090717138
5.795832406,0.000000000,0.000000000,-0.777071434,-0.000000000,0.000000000,9.800000000,0.996022256,0.000000000,0.000000000,0.089104797
5.804165738,0.000000000,0.000000000,-0.777071434,0.000000000,0.000000000,9.800000000,0.996305538,0.000000000,0.000000000,0.085879417
5.808332404,0.000000000,0.000000000,-0.782212261,-0.000000000,-0.000000000,9.800000000,0.996444165,0.000000000,0.000000000,0.084255716
5.812499070,0.000000000,0.000000000,-0.782212261,0.000000000,0.000000000,9.800000000,0.996580146,0.000000000,0.000000000,0.082631791
5.816665736,0.000000000,0.000000000,-0.782212261,-0.000000000,-0.000000000,9.800000000,0.996713480,0.000000000,0.000000000,0.081007646
5.820832402,0.000000000,0.000000000,-0.787051530,0.000000000,0.000000000,9.800000000,0.996844968,0.000000000,0.000000000,0.079373236
5.829165734,0.000000000,0.000000000,-0.787051530,0.000000000,0.000000000,9.800000000,0.997099902,0.000000000,0.000000000,0.076103781
5.833332400,0.000000000,0.000000000,-0.791587376,0.000000000,0.000000000,9.800000000,0.997224052,0.000000000,0.000000000,0.074459321
5.837499066,0.000000000,0.000000000,-0.791587376,0.000000000,0.000000000,9.800000000,0.997345490,0.000000000,0.000000000,0.072814658
5.841665732,0.000000000,0.000000000,-0.791587376,0.000000000,0.000000000,9.800000000,0.997464215,0.000000000,0.000000000,0.071169798
5.845832398,0.000000000,0.000000000,-0.795818050,0.000000000,0.000000000,9.800000000,0.997580840,0.000000000,0.000000000,0.069515951
5.854165730,0.000000000,0.000000000,-0.795818050,-0.000000000,0.000000000,9.800000000,0.997805864,0.000000000,0.000000000,0.066207688
5.858332396,0.000000000,0.000000000,-0.799741922,0.000000000,0.000000000,9.800000000,0.997914789,0.000000000,0.000000000,0.064545124
5.862499062,0.000000000,0.000000000,-0.799741922,0.000000000,0.000000000,9.800000000,0.998020945,0.000000000,0.000000000,0.062882381
5.866665728,0.000000000,0.000000000,-0.799741922,0.000000000,0.000000000,9.800000000,0.998124330,0.000000000,0.000000000,0.061219463
5.870832394,0.000000000,0.000000000,-0.803357477,-0.000000000,0.000000000,9.800000000,0.998225392,0.000000000,0.000000000,0.059548856
5.879165726,0.000000000,0.000000000,-0.803357477,0.000000000,0.000000000,9.800000000,0.998419129,0.000000000,0.000000000,0.056207147
5.883332392,0.000000000,0.000000000,-0.806663323,0.000000000,0.000000000,9.800000000,0.998512178,0.000000000,0.000000000,0.054529176
5.887499058,0.000000000,0.000000000,-0.806663323,-0.000000000,0.000000000,9.800000000,0.998602407,0.000000000,0.000000000,0.052851052
5.891665724,0.000000000,0.000000000,-0.806663323,0.000000000,0.000000000,9.800000000,0.998689815,0.000000000,0.000000000,0.051172779
5.895832390,0.000000000,0.000000000,-0.809658185,0.000000000,-0.000000000,9.800000000,0.998774712,0.000000000,0.000000000,0.049488129
5.904165722,0.000000000,0.000000000,-0.809658185,0.000000000,-0.000000000,9.800000000,0.998935980,0.000000000,0.000000000,0.046118412
5.908332388,0.000000000,0.000000000,-0.812340909,0.000000000,0.000000000,9.800000000,0.999012599,0.000000000,0.000000000,0.044427771
5.912499054,0.000000000,0.000000000,-0.812340909,0.000000000,0.000000000,9.800000000,0.999086357,0.000000000,0.000000000,0.042737003
5.916665720,0.000000000,0.000000000,-0.812340909,0.000000000,0.000000000,9.800000000,0.999157253,0.000000000,0.000000000,0.041046112
5.920832386,0.000000000,0.000000000,-0.814710459,0.000000000,-0.000000000,9.800000000,0.999225482,0.000000000,0.000000000,0.039350171
5.929165718,0.000000000,0.000000000,-0.814710459,0.000000000,-0.000000000,9.800000000,0.999353304,0.000000000,0.000000000,0.035957954
5.933332384,0.000000000,0.000000000,-0.816765924,0.000000000,-0.000000000,9.800000000,0.999413043,0.000000000,0.000000000,0.034257407
5.937499050,0.000000000,0.000000000,-0.816765924,0.000000000,0.000000000,9.800000000,0.999469888,0.000000000,0.000000000,0.032556762
5.941665716,0.000000000,0.000000000,-0.816765924,0.000000000,0.000000000,9.800000000,0.999523840,0.000000000,0.000000000,0.030856022
5.945832382,0.000000000,0.000000000,-0.818506510,0.000000000,0.000000000,9.800000000,0.999575003,0.000000000,0.000000000,0.029151569
5.954165714,0.000000000,0.000000000,-0.818506510,0.000000000,0.000000000,9.800000000,0.999668609,0.000000000,0.000000000,0.025742412
5.958332380,0.000000000,0.000000000,-0.819931546,0.000000000,0.000000000,9.800000000,0.999711124,0.000000000,0.000000000,0.024034751
5.962499046,0.000000000,0.000000000,-0.819931546,0.000000000,-0.000000000,9.800000000,0.999750721,0.000000000,0.000000000,0.022327020
5.966665712,0.000000000,0.000000000,-0.819931546,0.000000000,0.000000000,9.800000000,0.999787401,0.000000000,0.000000000,0.020619223
5.970832378,0.000000000,0.000000000,-0.821040482,0.000000000,0.000000000,9.800000000,0.999821208,0.000000000,0.000000000,0.018909057
5.979165710,0.000000000,0.000000000,-0.821040482,0.000000000,0.000000000,9.800000000,0.999880045,0.000000000,0.000000000,0.015488563
5.983332376,0.000000000,0.000000000,-0.821832893,0.000000000,-0.000000000,9.800000000,0.999905098,0.000000000,0.000000000,0.013776595
5.987499042,0.000000000,0.000000000,-0.821832893,-0.000000000,-0.000000000,9.800000000,0.999927220,0.000000000,0.000000000,0.012064586
5.991665708,0.000000000,0.000000000,-0.821832893,0.000000000,-0.000000000,9.800000000,0.999946411,0.000000000,0.000000000,0.010352543
5.995832374,0.000000000,0.000000000,-0.822308471,0.000000000,-0.000000000,9.800000000,0.999962679,0.000000000,0.000000000,0.008639478
6.004165706,0.000000000,0.000000000,-0.822308471,0.000000000,-0.000000000,9.800000000,0.999986411,0.000000000,0.000000000,0.005213277
6.008332372,0.000000000,0.000000000,-0.822467033,0.000000000,0.000000000,9.800000000,0.999993876,0.000000000,0.000000000,0.003499821
6.012499038,0.000000000,0.000000000,-0.822467033,-0.000000000,-0.000000000,9.800000000,0.999998404,0.000000000,0.000000000,0.001786354
6.016665704,0.000000000,0.000000000,-0.822467033,0.000000000,0.000000000,9.800000000,0.999999997,0.000000000,0.000000000,0.000072882
6.020832370,0.000000000,0.000000000,-0.822308519,0.000000000,-0.000000000,9.800000000,0.999998655,0.000000000,0.000000000,-0.001640259
6.029165702,0.000000000,0.000000000,-0.822308519,0.000000000,0.000000000,9.800000000,0.999987165,0.000000000,0.000000000,-0.005066523
6.033332368,0.000000000,0.000000000,-0.821832990,0.000000000,0.000000000,9.800000000,0.999977025,0.000000000,0.000000000,-0.006778645
6.037499034,0.000000000,0.000000000,-0.821832990,-0.000000000,0.000000000,9.800000000,0.999963953,0.000000000,0.000000000,-0.008490747
6.041665700,0.000000000,0.000000000,-0.821832990,0.000000000,0.000000000,9.800000000,0.999947950,0.000000000,0.000000000,-0.010202823
6.045832366,0.000000000,0.000000000,-0.821040628,0.000000000,0.000000000,9.800000000,0.999929035,0.000000000,0.000000000,-0.011913220
6.054165698,0.000000000,0.000000000,-0.821040628,0.000000000,0.000000000,9.800000000,0.999882429,0.000000000,0.000000000,-0.015333903
6.058332364,0.000000000,0.000000000,-0.819931740,0.000000000,0.000000000,9.800000000,0.999854777,0.000000000,0.000000000,-0.017041869
6.062499030,0.000000000,0.000000000,-0.819931740,0.000000000,0.000000000,9.800000000,0.999824207,0.000000000,0.000000000,-0.018749787
6.066665696,0.000000000,0.000000000,-0.819931740,-0.000000000,0.000000000,9.800000000,0.999790720,0.000000000,0.000000000,-0.020457649
6.070832362,0.000000000,0.000000000,-0.818506753,0.000000000,0.000000000,9.800000000,0.999754382,0.000000000,0.000000000,-0.022162484
6.079165694,0.000000000,0.000000000,-0.818506753,0.000000000,0.000000000,9.800000000,0.999672984,0.000000000,0.000000000,-0.025571955
6.083332360,0.000000000,0.000000000,-0.816766215,0.000000000,0.000000000,9.800000000,0.999628024,0.000000000,0.000000000,-0.027272956
6.087499026,0.000000000,0.000000000,-0.816766215,0.000000000,0.000000000,9.800000000,0.999580169,0.000000000,0.000000000,-0.028973879
6.091665692,0.000000000,0.000000000,-0.816766215,0.000000000,-0.000000000,9.800000000,0.999529420,0.000000000,0.000000000,-0.030674718
6.095832358,0.000000000,0.000000000,-0.814710799,0.000000000,0.000000000,9.800000000,0.999475916,0.000000000,0.000000000,-0.032371188
6.104165690,0.000000000,0.000000000,-0.814710799,0.000000000,0.000000000,9.800000000,0.999360269,0.000000000,0.000000000,-0.035763844
6.108332356,0.000000000,0.000000000,-0.812341297,0.000000000,0.000000000,9.800000000,0.999298312,0.000000000,0.000000000,-0.037455087
6.112499022,0.000000000,0.000000000,-0.812341297,0.000000000,0.000000000,9.800000000,0.999233493,0.000000000,0.000000000,-0.039146222
6.116665688,0.000000000,0.000000000,-0.812341297,0.000000000,0.000000000,9.800000000,0.999165812,0.000000000,0.000000000,-0.040837245
6.120832354,0.000000000,0.000000000,-0.809658621,-0.000000000,0.000000000,9.800000000,0.999095507,0.000000000,0.000000000,-0.042522568
6.129165686,0.000000000,0.000000000,-0.809658621,-0.000000000,-0.000000000,9.800000000,0.998946368,0.000000000,0.000000000,-0.045892845
6.133332352,0.000000000,0.000000000,-0.806663807,0.000000000,0.000000000,9.800000000,0.998867833,0.000000000,0.000000000,-0.047571558
6.137499018,0.000000000,0.000000000,-0.806663807,0.000000000,-0.000000000,9.800000000,0.998786476,0.000000000,0.000000000,-0.049250137
6.141665684,0.000000000,0.000000000,-0.806663807,0.000000000,0.000000000,9.800000000,0.998702298,0.000000000,0.000000000,-0.050928577
6.145832350,0.000000000,0.000000000,-0.803358009,0.000000000,-0.000000000,9.800000000,0.998615662,0.000000000,0.000000000,-0.052599995
6.154165682,0.000000000,0.000000000,-0.803358009,-0.000000000,-0.000000000,9.800000000,0.998433999,0.000000000,0.000000000,-0.055942385
6.158332348,0.000000000,0.000000000,-0.799742501,-0.000000000,0.000000000,9.800000000,0.998339406,0.000000000,0.000000000,-0.057605827
6.162499014,0.000000000,0.000000000,-0.799742501,-0.000000000,0.000000000,9.800000000,0.998242041,0.000000000,0.000000000,-0.059269109
6.166665680,0.000000000,0.000000000,-0.799742501,-0.000000000,0.000000000,9.800000000,0.998141906,0.000000000,0.000000000,-0.060932227
6.170832346,0.000000000,0.000000000,-0.795818677,0.000000000,0.000000000,9.800000000,0.998039511,0.000000000,0.000000000,-0.062587017
6.179165678,0.000000000,0.000000000,-0.795818677,0.000000000,0.000000000,9.800000000,0.997826491,0.000000000,0.000000000,-0.065896077
6.183332344,0.000000000,0.000000000,-0.791588050,0.000000000,0.000000000,9.800000000,0.997716463,0.000000000,0.000000000,-0.067541544
6.187499010,0.000000000,0.000000000,-0.791588050,-0.000000000,0.000000000,9.800000000,0.997603720,0.000000000,0.000000000,-0.069186827
6.191665676,0.000000000,0.000000000,-0.791588050,0.000000000,0.000000000,9.800000000,0.997488265,0.000000000,0.000000000,-0.070831922
6.195832342,0.000000000,0.000000000,-0.787052250,0.000000000,0.000000000,9.800000000,0.997370782,0.000000000,0.000000000,-0.072467399
6.204165674,0.000000000,0.000000000,-0.787052250,0.000000000,0.000000000,9.800000000,0.997127771,0.000000000,0.000000000,-0.075737765
6.208332340,0.000000000,0.000000000,-0.782213028,-0.000000000,-0.000000000,9.800000000,0.997003024,0.000000000,0.000000000,-0.077362594
6.212499006,0.000000000,0.000000000,-0.782213028,0.000000000,-0.000000000,9.800000000,0.996875629,0.000000000,0.000000000,-0.078987217
6.216665672,0.000000000,0.000000000,-0.782213028,0.000000000,-0.000000000,9.800000000,0.996745587,0.000000000,0.000000000,-0.080611630
6.220832338,0.000000000,0.000000000,-0.777072247,-0.000000000,0.000000000,9.800000000,0.996613779,0.000000000,0.000000000,-0.082225155
6.229165670,0.000000000,0.000000000,-0.777072247,0.000000000,0.000000000,9.800000000,0.996342327,0.000000000,0.000000000,-0.085451555
6.233332336,0.000000000,0.000000000,-0.771631890,-0.000000000,0.000000000,9.800000000,0.996203670,0.000000000,0.000000000,-0.087053130
6.237499002,0.000000000,0.000000000,-0.771631890,-0.000000000,-0.000000000,9.800000000,0.996062439,0.000000000,0.000000000,-0.088654480
6.241665668,0.000000000,0.000000000,-0.771631890,-0.000000000,-0.000000000,9.800000000,0.995918634,0.000000000,0.000000000,-0.090255601
6.245832334,0.000000000,0.000000000,-0.765894055,-0.000000000,-0.000000000,9.800000000,0.995773354,0.000000000,0.000000000,-0.091844586
6.254165666,0.000000000,0.000000000,-0.765894055,0.000000000,-0.000000000,9.800000000,0.995475187,0.000000000,0.000000000,-0.095021849
6.258332332,0.000000000,0.000000000,-0.759860953,0.000000000,0.000000000,9.800000000,0.995323516,0.000000000,0.000000000,-0.096597610
6.262498998,0.000000000,0.000000000,-0.759860953,0.000000000,0.000000000,9.800000000,0.995169351,0.000000000,0.000000000,-0.098173129
6.266665664,0.000000000,0.000000000,-0.759860953,0.000000000,0.000000000,9.800000000,0.995012692,0.000000000,0.000000000,-0.099748401
6.270832330,0.000000000,0.000000000,-0.753534910,0.000000000,0.000000000,9.800000000,0.994854874,0.000000000,0.000000000,-0.101310312
6.279165662,0.000000000,0.000000000,-0.753534910,0.000000000,0.000000000,9.800000000,0.994531884,0.000000000,0.000000000,-0.104433382
6.283332328,0.000000000,0.000000000,-0.746918365,0.000000000,0.000000000,9.800000000,0.994368174,0.000000000,0.000000000,-0.105980826
6.287498994,0.000000000,0.000000000,-0.746918365,0.000000000,0.000000000,9.800000000,0.994202055,0.000000000,0.000000000,-0.107528013
6.291665660,0.000000000,0.000000000,-0.746918365,0.000000000,0.000000000,9.800000000,0.994033529,0.000000000,0.000000000,-0.109074940
6.295832326,0.000000000,0.000000000,-0.740013869,-0.000000000,-0.000000000,9.800000000,0.993864188,0.000000000,0.000000000,-0.110607306
6.304165658,0.000000000,0.000000000,-0.740013869,-0.000000000,-0.000000000,9.800000000,0.993518418,0.000000000,0.000000000,-0.113671247
6.308332324,0.000000000,0.000000000,-0.732824084,-0.000000000,-0.000000000,9.800000000,0.993343717,0.000000000,0.000000000,-0.115187935
6.312498990,0.000000000,0.000000000,-0.732824084,0.000000000,0.000000000,9.800000000,0.993166700,0.000000000,0.000000000,-0.116704355
6.316665656,0.000000000,0.000000000,-0.732824084,0.000000000,0.000000000,9.800000000,0.992987368,0.000000000,0.000000000,-0.118220502
6.320832322,0.000000000,0.000000000,-0.725351781,-0.000000000,0.000000000,9.800000000,0.992807585,0.000000000,0.000000000,-0.119720919
6.329165654,0.000000000,0.000000000,-0.725351781,-0.000000000,0.000000000,9.800000000,0.992441219,0.000000000,0.000000000,-0.122720928
6.333332320,0.000000000,0.000000000,-0.717599841,-0.000000000,-0.000000000,9.800000000,0.992256643,0.000000000,0.000000000,-0.124204490
6.337498986,0.000000000,0.000000000,-0.717599841,-0.000000000,-0.000000000,9.800000000,0.992069848,0.000000000,0.000000000,-0.125687774
6.341665652,0.000000000,0.000000000,-0.717599841,-0.000000000,-0.000000000,9.800000000,0.991880836,0.000000000,0.000000000,-0.127170776
6.345832318,0.000000000,0.000000000,-0.709571253,0.000000000,0.000000000,9.800000000,0.991691760,0.000000000,0.000000000,-0.128636908
6.354165650,0.000000000,0.000000000,-0.709571253,0.000000000,0.000000000,9.800000000,0.991307105,0.000000000,0.000000000,-0.131568324
6.358332316,0.000000000,0.000000000,-0.701269112,-0.000000000,-0.000000000,9.800000000,0.991113829,0.000000000,0.000000000,-0.133016460
6.362498982,0.000000000,0.000000000,-0.701269112,-0.000000000,0.000000000,9.800000000,0.990918437,0.000000000,0.000000000,-0.134464312
6.366665648,0.000000000,0.000000000,-0.701269112,-0.000000000,0.000000000,9.800000000,0.990720930,0.000000000,0.000000000,-0.135911877
6.370832314,0.000000000,0.000000000,-0.692696619,0.000000000,0.000000000,9.800000000,0.990523762,0.000000000,0.000000000,-0.137341462
6.379165646,0.000000000,0.000000000,-0.692696619,0.000000000,0.000000000,9.800000000,0.990123237,0.000000000,0.000000000,-0.140199771
6.383332312,0.000000000,0.000000000,-0.683857078,0.000000000,-0.000000000,9.800000000,0.989922489,0.000000000,0.000000000,-0.141610259
6.387498978,0.000000000,0.000000000,-0.683857078,-0.000000000,-0.000000000,9.800000000,0.989719732,0.000000000,0.000000000,-0.143020459
6.391665644,0.000000000,0.000000000,-0.683857078,-0.000000000,-0.000000000,9.800000000,0.989514966,0.000000000,0.000000000,-0.144430369
6.395832310,0.000000000,0.000000000,-0.674753896,-0.000000000,0.000000000,9.800000000,0.989310958,0.000000000,0.000000000,-0.145821224
6.404165642,0.000000000,0.000000000,-0.674753896,0.000000000,0.000000000,9.800000000,0.988897076,0.000000000,0.000000000,-0.148602066
6.408332308,0.000000000,0.000000000,-0.665390585,-0.000000000,-0.000000000,9.800000000,0.988690129,0.000000000,0.000000000,-0.149972762
6.412498974,0.000000000,0.000000000,-0.665390585,-0.000000000,-0.000000000,9.800000000,0.988481282,0.000000000,0.000000000,-0.151343169
6.416665640,0.000000000,0.000000000,-0.665390585,-0.000000000,-0.000000000,9.800000000,0.988270536,0.000000000,0.000000000,-0.152713286
6.420832306,0.000000000,0.000000000,-0.655770753,-0.000000000,-0.000000000,9.800000000,0.988060979,0.000000000,0.000000000,-0.154063307
6.429165638,0.000000000,0.000000000,-0.655770753,-0.000000000,-0.000000000,9.800000000,0.987636332,0.000000000,0.000000000,-0.156762485
6.433332304,0.000000000,0.000000000,-0.645898109,0.000000000,0.000000000,9.800000000,0.987424495,0.000000000,0.000000000,-0.158091326
6.437498970,0.000000000,0.000000000,-0.645898109,-0.000000000,0.000000000,9.800000000,0.987210870,0.000000000,0.000000000,-0.159419882
6.441665636,0.000000000,0.000000000,-0.645898109,-0.000000000,-0.000000000,9.800000000,0.986995457,0.000000000,0.000000000,-0.160748149
6.445832302,0.000000000,0.000000000,-0.635776459,0.000000000,0.000000000,9.800000000,0.986781675,0.000000000,0.000000000,-0.162055316
6.454165634,0.000000000,0.000000000,-0.635776459,0.000000000,0.000000000,9.800000000,0.986348918,0.000000000,0.000000000,-0.164668797
6.458332300,0.000000000,0.000000000,-0.625409705,0.000000000,0.000000000,9.800000000,0.986133528,0.000000000,0.000000000,-0.165953807
6.462498966,0.000000000,0.000000000,-0.625409705,0.000000000,0.000000000,9.800000000,0.985916463,0.000000000,0.000000000,-0.167238535
6.466665632,0.000000000,0.000000000,-0.625409705,0.000000000,0.000000000,9.800000000,0.985697725,0.000000000,0.000000000,-0.168522979
6.470832298,0.000000000,0.000000000,-0.614801843,0.000000000,-0.000000000,9.800000000,0.985481066,0.000000000,0.000000000,-0.169785359
6.479165630,0.000000000,0.000000000,-0.614801843,0.000000000,-0.000000000,9.800000000,0.985042899,0.000000000,0.000000000,-0.172309280
6.483332296,0.000000000,0.000000000,-0.603956964,0.000000000,-0.000000000,9.800000000,0.984825312,0.000000000,0.000000000,-0.173548567
6.487498962,0.000000000,0.000000000,-0.603956964,0.000000000,0.000000000,9.800000000,0.984606166,0.000000000,0.000000000,-0.174787580
6.491665628,0.000000000,0.000000000,-0.603956964,0.000000000,0.000000000,9.800000000,0.984385461,0.000000000,0.000000000,-0.176026315
6.495832294,0.000000000,0.000000000,-0.592879249,0.000000000,0.000000000,9.800000000,0.984167289,0.000000000,0.000000000,-0.177242059
6.504165626,0.000000000,0.000000000,-0.592879249,0.000000000,0.000000000,9.800000000,0.983726440,0.000000000,0.000000000,-0.179672733
6.508332292,0.000000000,0.000000000,-0.581572967,-0.000000000,-0.000000000,9.800000000,0.983508025,0.000000000,0.000000000,-0.180864494
6.512498958,0.000000000,0.000000000,-0.581572967,-0.000000000,-0.000000000,9.800000000,0.983288166,0.000000000,0.000000000,-0.182055989
6.516665624,0.000000000,0.000000000,-0.581572967,-0.000000000,-0.000000000,9.800000000,0.983066863,0.000000000,0.000000000,-0.183247217
6.520832290,0.000000000,0.000000000,-0.570042477,0.000000000,-0.000000000,9.800000000,0.982848548,0.000000000,0.000000000,-0.184414567
6.529165622,0.000000000,0.000000000,-0.570042477,0.000000000,-0.000000000,9.800000000,0.982407759,0.000000000,0.000000000,-0.186748483
6.533332288,0.000000000,0.000000000,-0.558292226,-0.000000000,0.000000000,9.800000000,0.982189885,0.000000000,0.000000000,-0.187891004
6.537498954,0.000000000,0.000000000,-0.558292226,0.000000000,0.000000000,9.800000000,0.981970683,0.000000000,0.000000000,-0.189033270
6.541665620,0.000000000,0.000000000,-0.558292226,0.000000000,0.000000000,9.800000000,0.981750153,0.000000000,0.000000000,-0.190175280
6.545832286,0.000000000,0.000000000,-0.546326742,0.000000000,0.000000000,9.800000000,0.981533063,0.000000000,0.000000000,-0.191292566
6.554165618,0.000000000,0.000000000,-0.546326742,0.000000000,0.000000000,9.800000000,0.981095070,0.000000000,0.000000000,-0.193526392
6.558332284,0.000000000,0.000000000,-0.534150639,0.000000000,0.000000000,9.800000000,0.980879103,0.000000000,0.000000000,-0.194618048
6.562498950,0.000000000,0.000000000,-0.534150639,0.000000000,0.000000000,9.800000000,0.980661923,0.000000000,0.000000000,-0.195709463
6.566665616,0.000000000,0.000000000,-0.534150639,0.000000000,0.000000000,9.800000000,0.980443527,0.000000000,0.000000000,-0.196800635
6.570832282,0.000000000,0.000000000,-0.521768611,0.000000000,0.000000000,9.800000000,0.980229022,0.000000000,0.000000000,-0.197866278
6.579165614,0.000000000,0.000000000,-0.521768611,-0.000000000,0.000000000,9.800000000,0.979796538,0.000000000,0.000000000,-0.199996862
6.583332280,0.000000000,0.000000000,-0.509185431,-0.000000000,0.000000000,9.800000000,0.979583829,0.000000000,0.000000000,-0.201036120
6.587498946,0.000000000,0.000000000,-0.509185431,-0.000000000,0.000000000,9.800000000,0.979370018,0.000000000,0.000000000,-0.202075152
6.591665612,0.000000000,0.000000000,-0.509185431,-0.000000000,0.000000000,9.800000000,0.979155106,0.000000000,0.000000000,-0.203113956
6.595832278,0.000000000,0.000000000,-0.496405951,0.000000000,0.000000000,9.800000000,0.978944526,0.000000000,0.000000000,-0.204126469
6.604165610,0.000000000,0.000000000,-0.496405951,0.000000000,0.000000000,9.800000000,0.978520226,0.000000000,0.000000000,-0.206150839
6.608332276,0.000000000,0.000000000,-0.483435096,0.000000000,0.000000000,9.800000000,0.978312103,0.000000000,0.000000000,-0.207136257
6.612498942,0.000000000,0.000000000,-0.483435096,0.000000000,-0.000000000,9.800000000,0.978102988,0.000000000,0.000000000,-0.208121465
6.616665608,0.000000000,0.000000000,-0.483435096,0.000000000,0.000000000,9.800000000,0.977892882,0.000000000,0.000000000,-0.209106462
6.620832274,0.000000000,0.000000000,-0.470277869,0.000000000,-0.000000000,9.800000000,0.977687541,0.000000000,0.000000000,-0.210064447
6.629165606,0.000000000,0.000000000,-0.470277869,0.000000000,-0.000000000,9.800000000,0.977274045,0.000000000,0.000000000,-0.211979812
6.633332272,0.000000000,0.000000000,-0.456939340,-0.000000000,-0.000000000,9.800000000,0.977071807,0.000000000,0.000000000,-0.212910039
6.637498938,0.000000000,0.000000000,-0.456939340,-0.000000000,0.000000000,9.800000000,0.976868683,0.000000000,0.000000000,-0.213840072
6.641665604,0.000000000,0.000000000,-0.456939340,-0.000000000,-0.000000000,9.800000000,0.976664674,0.000000000,0.000000000,-0.214769912
6.645832270,0.000000000,0.000000000,-0.443424653,-0.000000000,0.000000000,9.800000000,0.976465852,0.000000000,0.000000000,-0.215672064
6.654165602,0.000000000,0.000000000,-0.443424653,-0.000000000,0.000000000,9.800000000,0.976065710,0.000000000,0.000000000,-0.217475816
6.658332268,0.000000000,0.000000000,-0.429739017,0.000000000,-0.000000000,9.800000000,0.975870615,0.000000000,0.000000000,-0.218349590
6.662498934,0.000000000,0.000000000,-0.429739017,0.000000000,-0.000000000,9.800000000,0.975674737,0.000000000,0.000000000,-0.219223189
6.666665600,0.000000000,0.000000000,-0.429739017,0.000000000,-0.000000000,9.800000000,0.975478078,0.000000000,0.000000000,-0.220096612
6.670832266,0.000000000,0.000000000,-0.415887708,-0.000000000,-0.000000000,9.800000000,0.975287013,0.000000000,0.000000000,-0.220941716
6.679165598,0.000000000,0.000000000,-0.415887708,-0.000000000,-0.000000000,9.800000000,0.974902687,0.000000000,0.000000000,-0.222631424
6.683332264,0.000000000,0.000000000,-0.401876067,-0.000000000,0.000000000,9.800000000,0.974715949,0.000000000,0.000000000,-0.223447575
6.687498930,0.000000000,0.000000000,-0.401876067,0.000000000,0.000000000,9.800000000,0.974528528,0.000000000,0.000000000,-0.224263569
6.691665596,0.000000000,0.000000000,-0.401876067,-0.000000000,0.000000000,9.800000000,0.974340423,0.000000000,0.000000000,-0.225079407
6.695832262,0.000000000,0.000000000,-0.387709495,0.000000000,-0.000000000,9.800000000,0.974158303,0.000000000,0.000000000,-0.225866335
6.704165594,0.000000000,0.000000000,-0.387709495,-0.000000000,-0.000000000,9.800000000,0.973792155,0.000000000,0.000000000,-0.227439750
6.708332260,0.000000000,0.000000000,-0.373393454,0.000000000,0.000000000,9.800000000,0.973614934,0.000000000,0.000000000,-0.228197196
6.712498926,0.000000000,0.000000000,-0.373393454,0.000000000,0.000000000,9.800000000,0.973437124,0.000000000,0.000000000,-0.228954505
6.716665592,0.000000000,0.000000000,-0.373393454,0.000000000,0.000000000,9.800000000,0.973258725,0.000000000,0.000000000,-0.229711675
6.720832258,0.000000000,0.000000000,-0.358933462,0.000000000,-0.000000000,9.800000000,0.973086680,0.000000000,0.000000000,-0.230439392
6.729165590,0.000000000,0.000000000,-0.358933462,0.000000000,-0.000000000,9.800000000,0.972740957,0.000000000,0.000000000,-0.231894440
6.733332256,0.000000000,0.000000000,-0.344335095,0.000000000,0.000000000,9.800000000,0.972574354,0.000000000,0.000000000,-0.232592190
6.737498922,0.000000000,0.000000000,-0.344335095,0.000000000,0.000000000,9.800000000,0.972407250,0.000000000,0.000000000,-0.233289821
6.741665588,0.000000000,0.000000000,-0.344335095,0.000000000,0.000000000,9.800000000,0.972239646,0.000000000,0.000000000,-0.233987331
6.745832254,0.000000000,0.000000000,-0.329603980,-0.000000000,0.000000000,9.800000000,0.972078743,0.000000000,0.000000000,-0.234654888
6.754165586,0.000000000,0.000000000,-0.329603980,0.000000000,0.000000000,9.800000000,0.971755564,0.000000000,0.000000000,-0.235989671
6.758332252,0.000000000,0.000000000,-0.314745796,0.000000000,-0.000000000,9.800000000,0.971600611,0.000000000,0.000000000,-0.236626820
6.762498918,0.000000000,0.000000000,-0.314745796,0.000000000,0.000000000,9.800000000,0.971445242,0.000000000,0.000000000,-0.237263867
6.766665584,0.000000000,0.000000000,-0.314745796,0.000000000,0.000000000,9.800000000,0.971289454,0.000000000,0.000000000,-0.237900812
6.770832250,0.000000000,0.000000000,-0.299766273,0.000000000,0.000000000,9.800000000,0.971140692,0.000000000,0.000000000,-0.238507349
6.779165582,0.000000000,0.000000000,-0.299766273,0.000000000,0.000000000,9.800000000,0.970842033,0.000000000,0.000000000,-0.239720142
6.783332248,0.000000000,0.000000000,-0.284671183,0.000000000,-0.000000000,9.800000000,0.970699693,0.000000000,0.000000000,-0.240295873
6.787498914,0.000000000,0.000000000,-0.284671183,0.000000000,-0.000000000,9.800000000,0.970557011,0.000000000,0.000000000,-0.240871518
6.791665580,0.000000000,0.000000000,-0.284671183,0.000000000,0.000000000,9.800000000,0.970413988,0.000000000,0.000000000,-0.241447079
6.795832246,0.000000000,0.000000000,-0.269466347,0.000000000,0.000000000,9.800000000,0.970278290,0.000000000,0.000000000,-0.241991820
6.804165578,0.000000000,0.000000000,-0.269466347,0.000000000,0.000000000,9.800000000,0.970005975,0.000000000,0.000000000,-0.243081072
6.808332244,0.000000000,0.000000000,-0.254157627,-0.000000000,-0.000000000,9.800000000,0.969877129,0.000000000,0.000000000,-0.243594652
6.812498910,0.000000000,0.000000000,-0.254157627,-0.000000000,-0.000000000,9.800000000,0.969748011,0.000000000,0.000000000,-0.244108163
6.816665576,0.000000000,0.000000000,-0.254157627,-0.000000000,-0.000000000,9.800000000,0.969618621,0.000000000,0.000000000,-0.244621605
6.820832242,0.000000000,0.000000000,-0.238750925,0.000000000,0.000000000,9.800000000,0.969496827,0.000000000,0.000000000,-0.245103861
6.829165574,0.000000000,0.000000000,-0.238750925,0.000000000,0.000000000,9.800000000,0.969252519,0.000000000,0.000000000,-0.246068191
6.833332240,0.000000000,0.000000000,-0.223252179,0.000000000,-0.000000000,9.800000000,0.969137966,0.000000000,0.000000000,-0.246518972
6.837498906,0.000000000,0.000000000,-0.223252179,0.000000000,-0.000000000,9.800000000,0.969023203,0.000000000,0.000000000,-0.246969699
6.841665572,0.000000000,0.000000000,-0.223252179,-0.000000000,-0.000000000,9.800000000,0.968908230,0.000000000,0.000000000,-0.247420374
6.845832238,0.000000000,0.000000000,-0.207667366,-0.000000000,-0.000000000,9.800000000,0.968801096,0.000000000,0.000000000,-0.247839539
6.854165570,0.000000000,0.000000000,-0.207667366,-0.000000000,0.000000000,9.800000000,0.968586282,0.000000000,0.000000000,-0.248677731
6.858332236,0.000000000,0.000000000,-0.192002493,-0.000000000,0.000000000,9.800000000,0.968486732,0.000000000,0.000000000,-0.249065151
6.862498902,0.000000000,0.000000000,-0.192002493,0.000000000,0.000000000,9.800000000,0.968387027,0.000000000,0.000000000,-0.249452531
6.866665568,0.000000000,0.000000000,-0.192002493,0.000000000,0.000000000,9.800000000,0.968287168,0.000000000,0.000000000,-0.249839871
6.870832234,0.000000000,0.000000000,-0.176263599,0.000000000,-0.000000000,9.800000000,0.968195357,0.000000000,0.000000000,-0.250195424
6.879165566,0.000000000,0.000000000,-0.176263599,0.000000000,0.000000000,9.800000000,0.968011345,0.000000000,0.000000000,-0.250906430
6.883332232,0.000000000,0.000000000,-0.160456752,0.000000000,0.000000000,9.800000000,0.967927416,0.000000000,0.000000000,-0.251230007
6.887498898,0.000000000,0.000000000,-0.160456752,-0.000000000,0.000000000,9.800000000,0.967843380,0.000000000,0.000000000,-0.251553557
6.891665564,0.000000000,0.000000000,-0.160456752,-0.000000000,0.000000000,9.800000000,0.967759235,0.000000000,0.000000000,-0.251877078
6.895832230,0.000000000,0.000000000,-0.144588046,-0.000000000,-0.000000000,9.800000000,0.967683320,0.000000000,0.000000000,-0.252168580
6.904165562,0.000000000,0.000000000,-0.144588046,0.000000000,0.000000000,9.800000000,0.967531225,0.000000000,0.000000000,-0.252751515
6.908332228,0.000000000,0.000000000,-0.128663599,-0.000000000,0.000000000,9.800000000,0.967463441,0.000000000,0.000000000,-0.253010852
6.912498894,0.000000000,0.000000000,-0.128663599,-0.000000000,0.000000000,9.800000000,0.967395586,0.000000000,0.000000000,-0.253270171
6.916665560,0.000000000,0.000000000,-0.128663599,-0.000000000,0.000000000,9.800000000,0.967327663,0.000000000,0.000000000,-0.253529471
6.920832226,0.000000000,0.000000000,-0.112689550,0.000000000,0.000000000,9.800000000,0.967268115,0.000000000,0.000000000,-0.253756564
6.929165558,0.000000000,0.000000000,-0.112689550,0.000000000,0.000000000,9.800000000,0.967148860,0.000000000,0.000000000,-0.254210706
6.933332224,0.000000000,0.000000000,-0.096672056,0.000000000,0.000000000,9.800000000,0.967097642,0.000000000,0.000000000,-0.254405485
6.937498890,0.000000000,0.000000000,-0.096672056,0.000000000,0.000000000,9.800000000,0.967046385,0.000000000,0.000000000,-0.254600254
6.941665556,0.000000000,0.000000000,-0.096672056,0.000000000,0.000000000,9.800000000,0.966995089,0.000000000,0.000000000,-0.254795012
6.945832222,0.000000000,0.000000000,-0.080617294,-0.000000000,-0.000000000,9.800000000,0.966952282,0.000000000,0.000000000,-0.254957417
6.954165554,0.000000000,0.000000000,-0.080617294,-0.000000000,-0.000000000,9.800000000,0.966866586,0.000000000,0.000000000,-0.255282207
6.958332220,0.000000000,0.000000000,-0.064531452,0.000000000,0.000000000,9.800000000,0.966832257,0.000000000,0.000000000,-0.255412191
6.962498886,0.000000000,0.000000000,-0.064531452,-0.000000000,0.000000000,9.800000000,0.966797910,0.000000000,0.000000000,-0.255542170
6.966665552,0.000000000,0.000000000,-0.064531452,0.000000000,0.000000000,9.800000000,0.966763546,0.000000000,0.000000000,-0.255672145
6.970832218,0.000000000,0.000000000,-0.048420732,0.000000000,0.000000000,9.800000000,0.966737750,0.000000000,0.000000000,-0.255769667
6.979165550,0.000000000,0.000000000,-0.048420732,0.000000000,0.000000000,9.800000000,0.966686128,0.000000000,0.000000000,-0.255964704
6.983332216,0.000000000,0.000000000,-0.032291345,0.000000000,0.000000000,9.800000000,0.966668906,0.000000000,0.000000000,-0.256029736
6.987498882,0.000000000,0.000000000,-0.032291345,0.000000000,0.000000000,9.800000000,0.966651680,0.000000000,0.000000000,-0.256094767
6.991665548,0.000000000,0.000000000,-0.032291345,0.000000000,0.000000000,9.800000000,0.966634449,0.000000000,0.000000000,-0.256159796
6.995832214,0.000000000,0.000000000,-0.016149509,-0.000000000,-0.000000000,9.800000000,0.966625830,0.000000000,0.000000000,-0.256192319
7.004165546,0.000000000,0.000000000,-0.016149509,-0.000000000,-0.000000000,9.800000000,0.966608589,0.000000000,0.000000000,-0.256257362
7.008332212,0.000000000,0.000000000,-0.000001447,0.000000000,0.000000000,9.800000000,0.966608588,0.000000000,0.000000000,-0.256257365
7.012498878,0.000000000,0.000000000,-0.000001447,0.000000000,-0.000000000,9.800000000,0.966608588,0.000000000,0.000000000,-0.256257368
7.016665544,0.000000000,0.000000000,-0.000001447,0.000000000,-0.000000000,9.800000000,0.966608587,0.000000000,0.000000000,-0.256257371
7.020832210,0.000000000,0.000000000,0.016146616,-0.000000000,-0.000000000,9.800000000,0.966617206,0.000000000,0.000000000,-0.256224855
7.029165542,0.000000000,0.000000000,0.016146616,-0.000000000,-0.000000000,9.800000000,0.966634442,0.000000000,0.000000000,-0.256159823
7.033332208,0.000000000,0.000000000,0.032288453,0.000000000,0.000000000,9.800000000,0.966651671,0.000000000,0.000000000,-0.256094799
7.037498874,0.000000000,0.000000000,0.032288453,0.000000000,0.000000000,9.800000000,0.966668896,0.000000000,0.000000000,-0.256029774
7.041665540,0.000000000,0.000000000,0.032288453,0.000000000,0.000000000,9.800000000,0.966686116,0.000000000,0.000000000,-0.255964748
7.045832206,0.000000000,0.000000000,0.048417843,-0.000000000,-0.000000000,9.800000000,0.966711931,0.000000000,0.000000000,-0.255867237
7.054165538,0.000000000,0.000000000,0.048417843,-0.000000000,-0.000000000,9.800000000,0.966763530,0.000000000,0.000000000,-0.255672206
7.058332204,0.000000000,0.000000000,0.064528567,0.000000000,0.000000000,9.800000000,0.966797893,0.000000000,0.000000000,-0.255542237
7.062498870,0.000000000,0.000000000,0.064528567,0.000000000,0.000000000,9.800000000,0.966832237,0.000000000,0.000000000,-0.255412264
7.066665536,0.000000000,0.000000000,0.064528567,0.000000000,0.000000000,9.800000000,0.966866565,0.000000000,0.000000000,-0.255282286
7.070832202,0.000000000,0.000000000,0.080614414,0.000000000,0.000000000,9.800000000,0.966909425,0.000000000,0.000000000,-0.255119900
7.079165534,0.000000000,0.000000000,0.080614414,0.000000000,0.000000000,9.800000000,0.966995064,0.000000000,0.000000000,-0.254795108
7.083332200,0.000000000,0.000000000,0.096669182,0.000000000,0.000000000,9.800000000,0.967046358,0.000000000,0.000000000,-0.254600355
7.087498866,0.000000000,0.000000000,0.096669182,0.000000000,0.000000000,9.800000000,0.967097614,0.000000000,0.000000000,-0.254405593
7.091665532,0.000000000,0.000000000,0.096669182,0.000000000,0.000000000,9.800000000,0.967148830,0.000000000,0.000000000,-0.254210820
7.095832198,0.000000000,0.000000000,0.112686683,0.000000000,-0.000000000,9.800000000,0.967208483,0.000000000,0.000000000,-0.253983761
7.104165530,0.000000000,0.000000000,0.112686683,0.000000000,-0.000000000,9.800000000,0.967327629,0.000000000,0.000000000,-0.253529602
7.108332196,0.000000000,0.000000000,0.128660741,-0.000000000,-0.000000000,9.800000000,0.967395551,0.000000000,0.000000000,-0.253270307
7.112498862,0.000000000,0.000000000,0.128660741,0.000000000,-0.000000000,9.800000000,0.967463403,0.000000000,0.000000000,-0.253010994
7.116665528,0.000000000,0.000000000,0.128660741,-0.000000000,-0.000000000,9.800000000,0.967531186,0.000000000,0.000000000,-0.252751663
7.120832194,0.000000000,0.000000000,0.144585198,0.000000000,0.000000000,9.800000000,0.967607276,0.000000000,0.000000000,-0.252460213
7.129165526,0.000000000,0.000000000,0.144585198,0.000000000,0.000000000,9.800000000,0.967759192,0.000000000,0.000000000,-0.251877244
7.133332192,0.000000000,0.000000000,0.160453914,0.000000000,0.000000000,9.800000000,0.967843335,0.000000000,0.000000000,-0.251553728
7.137498858,0.000000000,0.000000000,0.160453914,0.000000000,-0.000000000,9.800000000,0.967927370,0.000000000,0.000000000,-0.251230184
7.141665524,0.000000000,0.000000000,0.160453914,0.000000000,-0.000000000,9.800000000,0.968011297,0.000000000,0.000000000,-0.250906612
7.145832190,0.000000000,0.000000000,0.176260772,-0.000000000,0.000000000,9.800000000,0.968103367,0.000000000,0.000000000,-0.250551132
7.154165522,0.000000000,0.000000000,0.176260772,0.000000000,0.000000000,9.800000000,0.968287116,0.000000000,0.000000000,-0.249840070
7.158332188,0.000000000,0.000000000,0.191999679,0.000000000,0.000000000,9.800000000,0.968386974,0.000000000,0.000000000,-0.249452736
7.162498854,0.000000000,0.000000000,0.191999679,0.000000000,0.000000000,9.800000000,0.968486678,0.000000000,0.000000000,-0.249065362
7.166665520,0.000000000,0.000000000,0.191999679,-0.000000000,0.000000000,9.800000000,0.968586226,0.000000000,0.000000000,-0.248677948
7.170832186,0.000000000,0.000000000,0.207664566,0.000000000,0.000000000,9.800000000,0.968693722,0.000000000,0.000000000,-0.248258881
7.179165518,0.000000000,0.000000000,0.207664566,0.000000000,-0.000000000,9.800000000,0.968908171,0.000000000,0.000000000,-0.247420608
7.183332184,0.000000000,0.000000000,0.223249394,0.000000000,-0.000000000,9.800000000,0.969023142,0.000000000,0.000000000,-0.246969939
7.187498850,0.000000000,0.000000000,0.223249394,0.000000000,0.000000000,9.800000000,0.969137903,0.000000000,0.000000000,-0.246519217
7.191665516,0.000000000,0.000000000,0.223249394,0.000000000,0.000000000,9.800000000,0.969252455,0.000000000,0.000000000,-0.246068441
7.195832182,0.000000000,0.000000000,0.238748156,0.000000000,-0.000000000,9.800000000,0.969374728,0.000000000,0.000000000,-0.245586312
7.204165514,0.000000000,0.000000000,0.238748156,0.000000000,0.000000000,9.800000000,0.969618554,0.000000000,0.000000000,-0.244621873
7.208332180,0.000000000,0.000000000,0.254154875,0.000000000,0.000000000,9.800000000,0.969747942,0.000000000,0.000000000,-0.244108436
7.212498846,0.000000000,0.000000000,0.254154875,0.000000000,0.000000000,9.800000000,0.969877059,0.000000000,0.000000000,-0.243594931
7.216665512,0.000000000,0.000000000,0.254154875,0.000000000,0.000000000,9.800000000,0.970005904,0.000000000,0.000000000,-0.243081357
7.220832178,0.000000000,0.000000000,0.269463613,0.000000000,0.000000000,9.800000000,0.970142213,0.000000000,0.000000000,-0.242536774
7.229165510,0.000000000,0.000000000,0.269463613,0.000000000,0.000000000,9.800000000,0.970413913,0.000000000,0.000000000,-0.241447380
7.233332176,0.000000000,0.000000000,0.284668468,0.000000000,0.000000000,9.800000000,0.970556935,0.000000000,0.000000000,-0.240871825
7.237498842,0.000000000,0.000000000,0.284668468,0.000000000,0.000000000,9.800000000,0.970699616,0.000000000,0.000000000,-0.240296185
7.241665508,0.000000000,0.000000000,0.284668468,0.000000000,0.000000000,9.800000000,0.970841955,0.000000000,0.000000000,-0.239720460
7.245832174,0.000000000,0.000000000,0.299763578,0.000000000,0.000000000,9.800000000,0.970991473,0.000000000,0.000000000,-0.239114116
7.254165506,0.000000000,0.000000000,0.299763578,0.000000000,0.000000000,9.800000000,0.971289372,0.000000000,0.000000000,-0.237901147
7.258332172,0.000000000,0.000000000,0.314743123,-0.000000000,-0.000000000,9.800000000,0.971445159,0.000000000,0.000000000,-0.237264207
7.262498838,0.000000000,0.000000000,0.314743123,-0.000000000,-0.000000000,9.800000000,0.971600527,0.000000000,0.000000000,-0.236627165
7.266665504,0.000000000,0.000000000,0.314743123,-0.000000000,-0.000000000,9.800000000,0.971755478,0.000000000,0.000000000,-0.235990021
7.270832170,0.000000000,0.000000000,0.329601329,0.000000000,-0.000000000,9.800000000,0.971917296,0.000000000,0.000000000,-0.235322691
7.279165502,0.000000000,0.000000000,0.329601329,0.000000000,-0.000000000,9.800000000,0.972239558,0.000000000,0.000000000,-0.233987698
7.283332168,0.000000000,0.000000000,0.344332467,0.000000000,-0.000000000,9.800000000,0.972407161,0.000000000,0.000000000,-0.233290193
7.287498834,0.000000000,0.000000000,0.344332467,0.000000000,-0.000000000,9.800000000,0.972574263,0.000000000,0.000000000,-0.232592568
7.291665500,0.000000000,0.000000000,0.344332467,0.000000000,-0.000000000,9.800000000,0.972740865,0.000000000,0.000000000,-0.231894823
7.295832166,0.000000000,0.000000000,0.358930858,0.000000000,-0.000000000,9.800000000,0.972913998,0.000000000,0.000000000,-0.231167369
7.304165498,0.000000000,0.000000000,0.358930858,-0.000000000,-0.000000000,9.800000000,0.973258631,0.000000000,0.000000000,-0.229712075
7.308332164,0.000000000,0.000000000,0.373390875,-0.000000000,-0.000000000,9.800000000,0.973437029,0.000000000,0.000000000,-0.228954910
7.312498830,0.000000000,0.000000000,0.373390875,-0.000000000,-0.000000000,9.800000000,0.973614838,0.000000000,0.000000000,-0.228197606
7.316665496,0.000000000,0.000000000,0.373390875,-0.000000000,-0.000000000,9.800000000,0.973792058,0.000000000,0.000000000,-0.227440165
7.320832162,0.000000000,0.000000000,0.387706943,0.000000000,0.000000000,9.800000000,0.973975449,0.000000000,0.000000000,-0.226653537
7.329165494,0.000000000,0.000000000,0.387706943,0.000000000,0.000000000,9.800000000,0.974340324,0.000000000,0.000000000,-0.225079837
7.333332160,0.000000000,0.000000000,0.401873542,-0.000000000,-0.000000000,9.800000000,0.974528427,0.000000000,0.000000000,-0.224264005
7.337498826,0.000000000,0.000000000,0.401873542,0.000000000,-0.000000000,9.800000000,0.974715848,0.000000000,0.000000000,-0.223448016
7.341665492,0.000000000,0.000000000,0.401873542,-0.000000000,-0.000000000,9.800000000,0.974902585,0.000000000,0.000000000,-0.222631870
7.345832158,0.000000000,0.000000000,0.415885211,-0.000000000,-0.000000000,9.800000000,0.975095113,0.000000000,0.000000000,-0.221787105
7.354165490,0.000000000,0.000000000,0.415885211,-0.000000000,0.000000000,9.800000000,0.975477974,0.000000000,0.000000000,-0.220097074
7.358332156,0.000000000,0.000000000,0.429736549,0.000000000,0.000000000,9.800000000,0.975674633,0.000000000,0.000000000,-0.219223656
7.362498822,0.000000000,0.000000000,0.429736549,0.000000000,0.000000000,9.800000000,0.975870509,0.000000000,0.000000000,-0.218350062
7.366665488,0.000000000,0.000000000,0.429736549,0.000000000,0.000000000,9.800000000,0.976065603,0.000000000,0.000000000,-0.217476293
7.370832154,0.000000000,0.000000000,0.443422215,-0.000000000,0.000000000,9.800000000,0.976266091,0.000000000,0.000000000,-0.216574515
7.379165486,0.000000000,0.000000000,0.443422215,-0.000000000,0.000000000,9.800000000,0.976664565,0.000000000,0.000000000,-0.214770405
7.383332152,0.000000000,0.000000000,0.456936934,0.000000000,0.000000000,9.800000000,0.976868574,0.000000000,0.000000000,-0.213840570
7.387498818,0.000000000,0.000000000,0.456936934,0.000000000,0.000000000,9.800000000,0.977071697,0.000000000,0.000000000,-0.212910541
7.391665484,0.000000000,0.000000000,0.456936934,0.000000000,0.000000000,9.800000000,0.977273935,0.000000000,0.000000000,-0.211980320
7.395832150,0.000000000,0.000000000,0.470275495,0.000000000,0.000000000,9.800000000,0.977481152,0.000000000,0.000000000,-0.211022743
7.404165482,0.000000000,0.000000000,0.470275495,0.000000000,0.000000000,9.800000000,0.977892770,0.000000000,0.000000000,-0.209106984
7.408332148,0.000000000,0.000000000,0.483432755,0.000000000,0.000000000,9.800000000,0.978102876,0.000000000,0.000000000,-0.208121992
7.412498814,0.000000000,0.000000000,0.483432755,0.000000000,0.000000000,9.800000000,0.978311990,0.000000000,0.000000000,-0.207136789
7.416665480,0.000000000,0.000000000,0.483432755,0.000000000,0.000000000,9.800000000,0.978520112,0.000000000,0.000000000,-0.206151376
7.420832146,0.000000000,0.000000000,0.496403643,0.000000000,0.000000000,9.800000000,0.978732785,0.000000000,0.000000000,-0.205139305
7.429165478,0.000000000,0.000000000,0.496403643,0.000000000,0.000000000,9.800000000,0.979154991,0.000000000,0.000000000,-0.203114508
7.433332144,0.000000000,0.000000000,0.509183159,0.000000000,0.000000000,9.800000000,0.979369904,0.000000000,0.000000000,-0.202075708
7.437498810,0.000000000,0.000000000,0.509183159,0.000000000,0.000000000,9.800000000,0.979583714,0.000000000,0.000000000,-0.201036681
7.441665476,0.000000000,0.000000000,0.509183159,-0.000000000,-0.000000000,9.800000000,0.979796422,0.000000000,0.000000000,-0.199997427
7.445832142,0.000000000,0.000000000,0.521766374,0.000000000,-0.000000000,9.800000000,0.980013243,0.000000000,0.000000000,-0.198932258
7.454165474,0.000000000,0.000000000,0.521766374,0.000000000,0.000000000,9.800000000,0.980443411,0.000000000,0.000000000,-0.196801215
7.458332140,0.000000000,0.000000000,0.534148439,-0.000000000,-0.000000000,9.800000000,0.980661806,0.000000000,0.000000000,-0.195710047
7.462498806,0.000000000,0.000000000,0.534148439,-0.000000000,-0.000000000,9.800000000,0.980878987,0.000000000,0.000000000,-0.194618637
7.466665472,0.000000000,0.000000000,0.534148439,-0.000000000,-0.000000000,9.800000000,0.981094953,0.000000000,0.000000000,-0.193526985
7.470832138,0.000000000,0.000000000,0.546324579,0.000000000,-0.000000000,9.800000000,0.981314585,0.000000000,0.000000000,-0.192410202
7.479165470,0.000000000,0.000000000,0.546324579,0.000000000,0.000000000,9.800000000,0.981750035,0.000000000,0.000000000,-0.190175887
7.483332136,0.000000000,0.000000000,0.558290101,0.000000000,0.000000000,9.800000000,0.981970566,0.000000000,0.000000000,-0.189033882
7.487498802,0.000000000,0.000000000,0.558290101,0.000000000,0.000000000,9.800000000,0.982189767,0.000000000,0.000000000,-0.187891620
7.491665468,0.000000000,0.000000000,0.558290101,0.000000000,0.000000000,9.800000000,0.982407641,0.000000000,0.000000000,-0.186749104
7.495832134,0.000000000,0.000000000,0.570040391,0.000000000,-0.000000000,9.800000000,0.982628728,0.000000000,0.000000000,-0.185582281
7.504165466,0.000000000,0.000000000,0.570040391,0.000000000,0.000000000,9.800000000,0.983066745,0.000000000,0.000000000,-0.183247852
7.508332132,0.000000000,0.000000000,0.581570920,-0.000000000,0.000000000,9.800000000,0.983288047,0.000000000,0.000000000,-0.182056628
7.512498798,0.000000000,0.000000000,0.581570920,-0.000000000,0.000000000,9.800000000,0.983507907,0.000000000,0.000000000,-0.180865137
7.516665464,0.000000000,0.000000000,0.581570920,-0.000000000,-0.000000000,9.800000000,0.983726322,0.000000000,0.000000000,-0.179673380
7.520832130,0.000000000,0.000000000,0.592877243,-0.000000000,-0.000000000,9.800000000,0.983947497,0.000000000,0.000000000,-0.178458184
7.529165462,0.000000000,0.000000000,0.592877243,-0.000000000,-0.000000000,9.800000000,0.984385343,0.000000000,0.000000000,-0.176026975
7.533332128,0.000000000,0.000000000,0.603955000,0.000000000,0.000000000,9.800000000,0.984606048,0.000000000,0.000000000,-0.174788244
7.537498794,0.000000000,0.000000000,0.603955000,0.000000000,0.000000000,9.800000000,0.984825194,0.000000000,0.000000000,-0.173549235
7.541665460,0.000000000,0.000000000,0.603955000,0.000000000,0.000000000,9.800000000,0.985042781,0.000000000,0.000000000,-0.172309952
7.545832126,0.000000000,0.000000000,0.614799921,-0.000000000,0.000000000,9.800000000,0.985262673,0.000000000,0.000000000,-0.171048136
7.554165458,0.000000000,0.000000000,0.614799921,0.000000000,-0.000000000,9.800000000,0.985697608,0.000000000,0.000000000,-0.168523664
7.558332124,0.000000000,0.000000000,0.625407825,0.000000000,0.000000000,9.800000000,0.985916346,0.000000000,0.000000000,-0.167239224
7.562498790,0.000000000,0.000000000,0.625407825,0.000000000,0.000000000,9.800000000,0.986133411,0.000000000,0.000000000,-0.165954499
7.566665456,0.000000000,0.000000000,0.625407825,0.000000000,0.000000000,9.800000000,0.986348801,0.000000000,0.000000000,-0.164669493
7.570832122,0.000000000,0.000000000,0.635774623,0.000000000,-0.000000000,9.800000000,0.986566046,0.000000000,0.000000000,-0.163362900
7.579165454,0.000000000,0.000000000,0.635774623,0.000000000,0.000000000,9.800000000,0.986995342,0.000000000,0.000000000,-0.160748857
7.583332120,0.000000000,0.000000000,0.645896317,0.000000000,0.000000000,9.800000000,0.987210755,0.000000000,0.000000000,-0.159420594
7.587498786,0.000000000,0.000000000,0.645896317,0.000000000,0.000000000,9.800000000,0.987424380,0.000000000,0.000000000,-0.158092042
7.591665452,0.000000000,0.000000000,0.645896317,0.000000000,0.000000000,9.800000000,0.987636217,0.000000000,0.000000000,-0.156763205
7.595832118,0.000000000,0.000000000,0.655769006,0.000000000,-0.000000000,9.800000000,0.987849463,0.000000000,0.000000000,-0.155413765
7.604165450,0.000000000,0.000000000,0.655769006,-0.000000000,-0.000000000,9.800000000,0.988270423,0.000000000,0.000000000,-0.152714017
7.608332116,0.000000000,0.000000000,0.665388884,0.000000000,0.000000000,9.800000000,0.988481170,0.000000000,0.000000000,-0.151343904
7.612498782,0.000000000,0.000000000,0.665388884,0.000000000,0.000000000,9.800000000,0.988690017,0.000000000,0.000000000,-0.149973500
7.616665448,0.000000000,0.000000000,0.665388884,-0.000000000,0.000000000,9.800000000,0.988896964,0.000000000,0.000000000,-0.148602808
7.620832114,0.000000000,0.000000000,0.674752242,0.000000000,0.000000000,9.800000000,0.989104883,0.000000000,0.000000000,-0.147212536
7.629165446,0.000000000,0.000000000,0.674752242,0.000000000,0.000000000,9.800000000,0.989514856,0.000000000,0.000000000,-0.144431122
7.633332112,0.000000000,0.000000000,0.683855470,0.000000000,-0.000000000,9.800000000,0.989719623,0.000000000,0.000000000,-0.143021216
7.637498778,0.000000000,0.000000000,0.683855470,-0.000000000,-0.000000000,9.800000000,0.989922380,0.000000000,0.000000000,-0.141611019
7.641665444,0.000000000,0.000000000,0.683855470,0.000000000,-0.000000000,9.800000000,0.990123129,0.000000000,0.000000000,-0.140200534
7.645832110,0.000000000,0.000000000,0.692695059,0.000000000,0.000000000,9.800000000,0.990324423,0.000000000,0.000000000,-0.138771528
7.654165442,0.000000000,0.000000000,0.692695059,0.000000000,0.000000000,9.800000000,0.990720824,0.000000000,0.000000000,-0.135912651
7.658332108,0.000000000,0.000000000,0.701267600,0.000000000,-0.000000000,9.800000000,0.990918332,0.000000000,0.000000000,-0.134465089
7.662498774,0.000000000,0.000000000,0.701267600,0.000000000,-0.000000000,9.800000000,0.991113724,0.000000000,0.000000000,-0.133017240
7.666665440,0.000000000,0.000000000,0.701267600,0.000000000,-0.000000000,9.800000000,0.991307001,0.000000000,0.000000000,-0.131569107
7.670832106,0.000000000,0.000000000,0.709569790,0.000000000,-0.000000000,9.800000000,0.991500412,0.000000000,0.000000000,-0.130103544
7.679165438,0.000000000,0.000000000,0.709569790,-0.000000000,-0.000000000,9.800000000,0.991880735,0.000000000,0.000000000,-0.127171569
7.683332104,0.000000000,0.000000000,0.717598427,-0.000000000,-0.000000000,9.800000000,0.992069747,0.000000000,0.000000000,-0.125688569
7.687498770,0.000000000,0.000000000,0.717598427,-0.000000000,-0.000000000,9.800000000,0.992256543,0.000000000,0.000000000,-0.124205289
7.691665436,0.000000000,0.000000000,0.717598427,0.000000000,-0.000000000,9.800000000,0.992441120,0.000000000,0.000000000,-0.122721730
7.695832102,0.000000000,0.000000000,0.725350417,0.000000000,0.000000000,9.800000000,0.992625437,0.000000000,0.000000000,-0.121221867
7.704165434,0.000000000,0.000000000,0.725350417,0.000000000,-0.000000000,9.800000000,0.992987271,0.000000000,0.000000000,-0.118221313
7.708332100,0.000000000,0.000000000,0.732822770,-0.000000000,0.000000000,9.800000000,0.993166604,0.000000000,0.000000000,-0.116705168
7.712498766,0.000000000,0.000000000,0.732822770,-0.000000000,-0.000000000,9.800000000,0.993343622,0.000000000,0.000000000,-0.115188752
7.716665432,0.000000000,0.000000000,0.732822770,-0.000000000,0.000000000,9.800000000,0.993518325,0.000000000,0.000000000,-0.113672067
7.720832098,0.000000000,0.000000000,0.740012606,0.000000000,0.000000000,9.800000000,0.993692391,0.000000000,0.000000000,-0.112140232
7.729165430,0.000000000,0.000000000,0.740012606,0.000000000,0.000000000,9.800000000,0.994033439,0.000000000,0.000000000,-0.109075767
7.733332096,0.000000000,0.000000000,0.746917154,0.000000000,0.000000000,9.800000000,0.994201965,0.000000000,0.000000000,-0.107528843
7.737498762,0.000000000,0.000000000,0.746917154,0.000000000,0.000000000,9.800000000,0.994368085,0.000000000,0.000000000,-0.105981659
7.741665428,0.000000000,0.000000000,0.746917154,0.000000000,0.000000000,9.800000000,0.994531796,0.000000000,0.000000000,-0.104434218
7.745832094,0.000000000,0.000000000,0.753533750,0.000000000,0.000000000,9.800000000,0.994694518,0.000000000,0.000000000,-0.102872812
7.754165426,0.000000000,0.000000000,0.753533750,0.000000000,0.000000000,9.800000000,0.995012607,0.000000000,0.000000000,-0.099749245
7.758332092,0.000000000,0.000000000,0.759859845,0.000000000,0.000000000,9.800000000,0.995169267,0.000000000,0.000000000,-0.098173974
7.762498758,0.000000000,0.000000000,0.759859845,0.000000000,0.000000000,9.800000000,0.995323434,0.000000000,0.000000000,-0.096598458
7.766665424,0.000000000,0.000000000,0.759859845,0.000000000,0.000000000,9.800000000,0.995475106,0.000000000,0.000000000,-0.095022700
7.770832090,0.000000000,0.000000000,0.765893000,-0.000000000,0.000000000,9.800000000,0.995625458,0.000000000,0.000000000,-0.093434189
7.779165422,0.000000000,0.000000000,0.765893000,-0.000000000,0.000000000,9.800000000,0.995918557,0.000000000,0.000000000,-0.090256459
7.783332088,0.000000000,0.000000000,0.771630889,0.000000000,0.000000000,9.800000000,0.996062363,0.000000000,0.000000000,-0.088655340
7.787498754,0.000000000,0.000000000,0.771630889,0.000000000,0.000000000,9.800000000,0.996203595,0.000000000,0.000000000,-0.087053992
7.791665420,0.000000000,0.000000000,0.771630889,0.000000000,0.000000000,9.800000000,0.996342252,0.000000000,0.000000000,-0.085452419
7.795832086,0.000000000,0.000000000,0.777071299,-0.000000000,0.000000000,9.800000000,0.996479286,0.000000000,0.000000000,-0.083839331
7.804165418,0.000000000,0.000000000,0.777071299,-0.000000000,0.000000000,9.800000000,0.996745517,0.000000000,0.000000000,-0.080612500
7.808332084,0.000000000,0.000000000,0.782212133,-0.000000000,0.000000000,9.800000000,0.996875560,0.000000000,0.000000000,-0.078988089
7.812498750,0.000000000,0.000000000,0.782212133,0.000000000,0.000000000,9.800000000,0.997002956,0.000000000,0.000000000,-0.077363468
7.816665416,0.000000000,0.000000000,0.782212133,-0.000000000,0.000000000,9.800000000,0.997127704,0.000000000,0.000000000,-0.075738642
7.820832082,0.000000000,0.000000000,0.787051410,-0.000000000,-0.000000000,9.800000000,0.997250551,0.000000000,0.000000000,-0.074103560
7.829165414,0.000000000,0.000000000,0.787051410,0.000000000,0.000000000,9.800000000,0.997488202,0.000000000,0.000000000,-0.070832804
7.833332080,0.000000000,0.000000000,0.791587264,-0.000000000,0.000000000,9.800000000,0.997603659,0.000000000,0.000000000,-0.069187711
7.837498746,0.000000000,0.000000000,0.791587264,0.000000000,0.000000000,9.800000000,0.997716403,0.000000000,0.000000000,-0.067542429
7.841665412,0.000000000,0.000000000,0.791587264,-0.000000000,0.000000000,9.800000000,0.997826433,0.000000000,0.000000000,-0.065896964
7.845832078,0.000000000,0.000000000,0.795817946,0.000000000,0.000000000,9.800000000,0.997934316,0.000000000,0.000000000,-0.064242524
7.854165410,0.000000000,0.000000000,0.795817946,0.000000000,0.000000000,9.800000000,0.998141851,0.000000000,0.000000000,-0.060933119
7.858332076,0.000000000,0.000000000,0.799741825,0.000000000,0.000000000,9.800000000,0.998241988,0.000000000,0.000000000,-0.059270003
7.862498742,0.000000000,0.000000000,0.799741825,0.000000000,0.000000000,9.800000000,0.998339354,0.000000000,0.000000000,-0.057606722
7.866665408,0.000000000,0.000000000,0.799741825,0.000000000,0.000000000,9.800000000,0.998433948,0.000000000,0.000000000,-0.055943281
7.870832074,0.000000000,0.000000000,0.803357388,0.000000000,-0.000000000,9.800000000,0.998526180,0.000000000,0.000000000,-0.054272163
7.879165406,0.000000000,0.000000000,0.803357388,0.000000000,-0.000000000,9.800000000,0.998702252,0.000000000,0.000000000,-0.050929477
7.883332072,0.000000000,0.000000000,0.806663242,0.000000000,0.000000000,9.800000000,0.998786431,0.000000000,0.000000000,-0.049251039
7.887498738,0.000000000,0.000000000,0.806663242,0.000000000,0.000000000,9.800000000,0.998867790,0.000000000,0.000000000,-0.047572461
7.891665404,0.000000000,0.000000000,0.806663242,0.000000000,-0.000000000,9.800000000,0.998946327,0.000000000,0.000000000,-0.045893750
7.895832070,0.000000000,0.000000000,0.809658112,-0.000000000,0.000000000,9.800000000,0.999022319,0.000000000,0.000000000,-0.044208675
7.904165402,0.000000000,0.000000000,0.809658112,0.000000000,0.000000000,9.800000000,0.999165775,0.000000000,0.000000000,-0.040838153
7.908332068,0.000000000,0.000000000,0.812340844,0.000000000,-0.000000000,9.800000000,0.999233457,0.000000000,0.000000000,-0.039147131
7.912498734,0.000000000,0.000000000,0.812340844,-0.000000000,-0.000000000,9.800000000,0.999298278,0.000000000,0.000000000,-0.037455996
7.916665400,0.000000000,0.000000000,0.812340844,-0.000000000,-0.000000000,9.800000000,0.999360237,0.000000000,0.000000000,-0.035764755
7.920832066,0.000000000,0.000000000,0.814710403,0.000000000,0.000000000,9.800000000,0.999419501,0.000000000,0.000000000,-0.034068477
7.929165398,0.000000000,0.000000000,0.814710403,-0.000000000,0.000000000,9.800000000,0.999529392,0.000000000,0.000000000,-0.030675631
7.933332064,0.000000000,0.000000000,0.816765875,-0.000000000,0.000000000,9.800000000,0.999580143,0.000000000,0.000000000,-0.028974793
7.937498730,0.000000000,0.000000000,0.816765875,-0.000000000,0.000000000,9.800000000,0.999627999,0.000000000,0.000000000,-0.027273871
7.941665396,0.000000000,0.000000000,0.816765875,-0.000000000,0.000000000,9.800000000,0.999672961,0.000000000,0.000000000,-0.025572870
7.945832062,0.000000000,0.000000000,0.818506469,0.000000000,0.000000000,9.800000000,0.999715115,0.000000000,0.000000000,-0.023868170
7.954165394,0.000000000,0.000000000,0.818506469,0.000000000,0.000000000,9.800000000,0.999790702,0.000000000,0.000000000,-0.020458566
7.958332060,0.000000000,0.000000000,0.819931513,-0.000000000,-0.000000000,9.800000000,0.999824190,0.000000000,0.000000000,-0.018750704
7.962498726,0.000000000,0.000000000,0.819931513,0.000000000,-0.000000000,9.800000000,0.999854761,0.000000000,0.000000000,-0.017042788
7.966665392,0.000000000,0.000000000,0.819931513,-0.000000000,-0.000000000,9.800000000,0.999882415,0.000000000,0.000000000,-0.015334822
7.970832058,0.000000000,0.000000000,0.821040458,-0.000000000,0.000000000,9.800000000,0.999907182,0.000000000,0.000000000,-0.013624500
7.979165390,0.000000000,0.000000000,0.821040458,-0.000000000,0.000000000,9.800000000,0.999947940,0.000000000,0.000000000,-0.010203743
7.983332056,0.000000000,0.000000000,0.821832876,0.000000000,-0.000000000,9.800000000,0.999963945,0.000000000,0.000000000,-0.008491667
7.987498722,0.000000000,0.000000000,0.821832876,0.000000000,-0.000000000,9.800000000,0.999977018,0.000000000,0.000000000,-0.006779566
7.991665388,0.000000000,0.000000000,0.821832876,-0.000000000,-0.000000000,9.800000000,0.999987160,0.000000000,0.000000000,-0.005067444
7.995832054,0.000000000,0.000000000,0.822308463,-0.000000000,-0.000000000,9.800000000,0.999994374,0.000000000,0.000000000,-0.003354317
8.004165386,0.000000000,0.000000000,0.822308463,0.000000000,-0.000000000,9.800000000,0.999999997,0.000000000,0.000000000,0.000071961
8.008332052,0.000000000,0.000000000,0.822467033,-0.000000000,0.000000000,9.800000000,0.999998406,0.000000000,0.000000000,0.001785433
8.012498718,0.000000000,0.000000000,0.822467033,-0.000000000,0.000000000,9.800000000,0.999993879,0.000000000,0.000000000,0.003498899
8.016665384,0.000000000,0.000000000,0.822467033,-0.000000000,0.000000000,9.800000000,0.999986416,0.000000000,0.000000000,0.005212356
8.020832050,0.000000000,0.000000000,0.822308528,-0.000000000,-0.000000000,9.800000000,0.999976019,0.000000000,0.000000000,0.006925466
8.029165382,0.000000000,0.000000000,0.822308528,-0.000000000,0.000000000,9.800000000,0.999946421,0.000000000,0.000000000,0.010351622
8.033332048,0.000000000,0.000000000,0.821833006,-0.000000000,-0.000000000,9.800000000,0.999927231,0.000000000,0.000000000,0.012063666
8.037498714,0.000000000,0.000000000,0.821833006,-0.000000000,-0.000000000,9.800000000,0.999905111,0.000000000,0.000000000,0.013775675
8.041665380,0.000000000,0.000000000,0.821833006,0.000000000,-0.000000000,9.800000000,0.999880059,0.000000000,0.000000000,0.015487643
8.045832046,0.000000000,0.000000000,0.821040653,0.000000000,0.000000000,9.800000000,0.999852105,0.000000000,0.000000000,0.017197915
8.054165378,0.000000000,0.000000000,0.821040653,0.000000000,0.000000000,9.800000000,0.999787420,0.000000000,0.000000000,0.020618304
8.058332044,0.000000000,0.000000000,0.819931773,0.000000000,0.000000000,9.800000000,0.999750742,0.000000000,0.000000000,0.022326101
8.062498710,0.000000000,0.000000000,0.819931773,0.000000000,0.000000000,9.800000000,0.999711146,0.000000000,0.000000000,0.024033833
8.066665376,0.000000000,0.000000000,0.819931773,0.000000000,0.000000000,9.800000000,0.999668633,0.000000000,0.000000000,0.025741495
8.070832042,0.000000000,0.000000000,0.818506793,0.000000000,0.000000000,9.800000000,0.999623284,0.000000000,0.000000000,0.027446114
8.079165374,0.000000000,0.000000000,0.818506793,0.000000000,0.000000000,9.800000000,0.999523868,0.000000000,0.000000000,0.030855107
8.083332040,0.000000000,0.000000000,0.816766264,-0.000000000,0.000000000,9.800000000,0.999469918,0.000000000,0.000000000,0.032555847
8.087498706,0.000000000,0.000000000,0.816766264,-0.000000000,0.000000000,9.800000000,0.999413074,0.000000000,0.000000000,0.034256494
8.091665372,0.000000000,0.000000000,0.816766264,0.000000000,0.000000000,9.800000000,0.999353337,0.000000000,0.000000000,0.035957041
8.095832038,0.000000000,0.000000000,0.814710856,0.000000000,-0.000000000,9.800000000,0.999290867,0.000000000,0.000000000,0.037653204
8.104165370,0.000000000,0.000000000,0.814710856,0.000000000,-0.000000000,9.800000000,0.999157291,0.000000000,0.000000000,0.041045202
8.108332036,0.000000000,0.000000000,0.812341361,-0.000000000,0.000000000,9.800000000,0.999086396,0.000000000,0.000000000,0.042736093
8.112498702,0.000000000,0.000000000,0.812341361,-0.000000000,0.000000000,9.800000000,0.999012639,0.000000000,0.000000000,0.044426863
8.116665368,0.000000000,0.000000000,0.812341361,-0.000000000,-0.000000000,9.800000000,0.998936022,0.000000000,0.000000000,0.046117505
8.120832034,0.000000000,0.000000000,0.809658694,-0.000000000,0.000000000,9.800000000,0.998856810,0.000000000,0.000000000,0.047802433
8.129165366,0.000000000,0.000000000,0.809658694,0.000000000,0.000000000,9.800000000,0.998689861,0.000000000,0.000000000,0.051171875
8.133332032,0.000000000,0.000000000,0.806663888,0.000000000,0.000000000,9.800000000,0.998602454,0.000000000,0.000000000,0.052850150
8.137498698,0.000000000,0.000000000,0.806663888,-0.000000000,0.000000000,9.800000000,0.998512227,0.000000000,0.000000000,0.054528275
8.141665364,0.000000000,0.000000000,0.806663888,0.000000000,0.000000000,9.800000000,0.998419179,0.000000000,0.000000000,0.056206246
8.145832030,0.000000000,0.000000000,0.803358097,0.000000000,0.000000000,9.800000000,0.998323711,0.000000000,0.000000000,0.057877184
8.154165362,0.000000000,0.000000000,0.803358097,0.000000000,0.000000000,9.800000000,0.998124385,0.000000000,0.000000000,0.061218567
8.158332028,0.000000000,0.000000000,0.799742597,0.000000000,0.000000000,9.800000000,0.998021001,0.000000000,0.000000000,0.062881486
8.162498694,0.000000000,0.000000000,0.799742597,0.000000000,-0.000000000,9.800000000,0.997914847,0.000000000,0.000000000,0.064544231
8.166665360,0.000000000,0.000000000,0.799742597,0.000000000,-0.000000000,9.800000000,0.997805923,0.000000000,0.000000000,0.066206797
8.170832026,0.000000000,0.000000000,0.795818781,0.000000000,0.000000000,9.800000000,0.997694784,0.000000000,0.000000000,0.067861023
8.179165358,0.000000000,0.000000000,0.795818781,0.000000000,0.000000000,9.800000000,0.997464278,0.000000000,0.000000000,0.071168911
8.183332024,0.000000000,0.000000000,0.791588162,0.000000000,0.000000000,9.800000000,0.997345554,0.000000000,0.000000000,0.072813773
8.187498690,0.000000000,0.000000000,0.791588162,0.000000000,0.000000000,9.800000000,0.997224118,0.000000000,0.000000000,0.074458438
8.191665356,0.000000000,0.000000000,0.791588162,0.000000000,0.000000000,9.800000000,0.997099969,0.000000000,0.000000000,0.076102900
8.195832022,0.000000000,0.000000000,0.787052370,-0.000000000,0.000000000,9.800000000,0.996973844,0.000000000,0.000000000,0.077737734
8.204165354,0.000000000,0.000000000,0.787052370,0.000000000,-0.000000000,9.800000000,0.996713551,0.000000000,0.000000000,0.081006770
8.208332020,0.000000000,0.000000000,0.782213155,-0.000000000,-0.000000000,9.800000000,0.996580218,0.000000000,0.000000000,0.082630917
8.212498686,0.000000000,0.000000000,0.782213155,-0.000000000,0.000000000,9.800000000,0.996444239,0.000000000,0.000000000,0.084254844
8.216665352,0.000000000,0.000000000,0.782213155,-0.000000000,0.000000000,9.800000000,0.996305613,0.000000000,0.000000000,0.085878547
8.220832018,0.000000000,0.000000000,0.777072382,0.000000000,0.000000000,9.800000000,0.996165279,0.000000000,0.000000000,0.087491354
8.229165350,0.000000000,0.000000000,0.777072382,0.000000000,0.000000000,9.800000000,0.995876778,0.000000000,0.000000000,0.090716275
8.233332016,0.000000000,0.000000000,0.771632033,0.000000000,-0.000000000,9.800000000,0.995729659,0.000000000,0.000000000,0.092317095
8.237498682,0.000000000,0.000000000,0.771632033,0.000000000,-0.000000000,9.800000000,0.995579967,0.000000000,0.000000000,0.093917676
8.241665348,0.000000000,0.000000000,0.771632033,0.000000000,-0.000000000,9.800000000,0.995427701,0.000000000,0.000000000,0.095518015
8.245832014,0.000000000,0.000000000,0.765894205,0.000000000,0.000000000,9.800000000,0.995274025,0.000000000,0.000000000,0.097106210
8.254165346,0.000000000,0.000000000,0.765894205,0.000000000,0.000000000,9.800000000,0.994959069,0.000000000,0.000000000,0.100281854
8.258332012,0.000000000,0.000000000,0.759861111,0.000000000,0.000000000,9.800000000,0.994799072,0.000000000,0.000000000,0.101856791
8.262498678,0.000000000,0.000000000,0.759861111,-0.000000000,0.000000000,9.800000000,0.994636582,0.000000000,0.000000000,0.103431473
8.266665344,0.000000000,0.000000000,0.759861111,0.000000000,0.000000000,9.800000000,0.994471599,0.000000000,0.000000000,0.105005896
8.270832010,0.000000000,0.000000000,0.753535076,-0.000000000,-0.000000000,9.800000000,0.994305529,0.000000000,0.000000000,0.106566952
8.279165342,0.000000000,0.000000000,0.753535076,-0.000000000,0.000000000,9.800000000,0.993966037,0.000000000,0.000000000,0.109688272
8.283332008,0.000000000,0.000000000,0.746918538,0.000000000,0.000000000,9.800000000,0.993794150,0.000000000,0.000000000,0.111234829
8.287498674,0.000000000,0.000000000,0.746918538,0.000000000,0.000000000,9.800000000,0.993619857,0.000000000,0.000000000,0.112781117
8.291665340,0.000000000,0.000000000,0.746918538,0.000000000,0.000000000,9.800000000,0.993443157,0.000000000,0.000000000,0.114327132
8.295832006,0.000000000,0.000000000,0.740014050,0.000000000,0.000000000,9.800000000,0.993265719,0.000000000,0.000000000,0.115858582
8.304165338,0.000000000,0.000000000,0.740014050,0.000000000,0.000000000,9.800000000,0.992903761,0.000000000,0.000000000,0.118920654
8.308332004,0.000000000,0.000000000,0.732824272,0.000000000,0.000000000,9.800000000,0.992721046,0.000000000,0.000000000,0.120436397
8.312498670,0.000000000,0.000000000,0.732824272,0.000000000,0.000000000,9.800000000,0.992536016,0.000000000,0.000000000,0.121951861
8.316665336,0.000000000,0.000000000,0.732824272,0.000000000,0.000000000,9.800000000,0.992348674,0.000000000,0.000000000,0.123467039
8.320832002,0.000000000,0.000000000,0.725351976,0.000000000,-0.000000000,9.800000000,0.992160964,0.000000000,0.000000000,0.124966485
8.329165334,0.000000000,0.000000000,0.725351976,0.000000000,-0.000000000,9.800000000,0.991778747,0.000000000,0.000000000,0.127964517
8.333332000,0.000000000,0.000000000,0.717600043,0.000000000,-0.000000000,9.800000000,0.991586331,0.000000000,0.000000000,0.129447083
8.337498666,0.000000000,0.000000000,0.717600043,-0.000000000,-0.000000000,9.800000000,0.991391700,0.000000000,0.000000000,0.130929359
8.341665332,0.000000000,0.000000000,0.717600043,0.000000000,-0.000000000,9.800000000,0.991194853,0.000000000,0.000000000,0.132411343
8.345831998,0.000000000,0.000000000,0.709571463,0.000000000,0.000000000,9.800000000,0.990998030,0.000000000,0.000000000,0.133876455
8.354165330,0.000000000,0.000000000,0.709571463,0.000000000,0.000000000,9.800000000,0.990597887,0.000000000,0.000000000,0.136805798
8.358331996,0.000000000,0.000000000,0.701269328,0.000000000,0.000000000,9.800000000,0.990396960,0.000000000,0.000000000,0.138252893
8.362498662,0.000000000,0.000000000,0.701269328,0.000000000,0.000000000,9.800000000,0.990193918,0.000000000,0.000000000,0.139699692
8.366665328,0.000000000,0.000000000,0.701269328,0.000000000,0.000000000,9.800000000,0.989988764,0.000000000,0.000000000,0.141146194
8.370831994,0.000000000,0.000000000,0.692696842,0.000000000,0.000000000,9.800000000,0.989784042,0.000000000,0.000000000,0.142574717
8.379165326,0.000000000,0.000000000,0.692696842,0.000000000,0.000000000,9.800000000,0.989368416,0.000000000,0.000000000,0.145430870
8.383331992,0.000000000,0.000000000,0.683857307,0.000000000,-0.000000000,9.800000000,0.989160216,0.000000000,0.000000000,0.146840278
8.387498658,0.000000000,0.000000000,0.683857307,0.000000000,-0.000000000,9.800000000,0.988950008,0.000000000,0.000000000,0.148249387
8.391665324,0.000000000,0.000000000,0.683857307,0.000000000,-0.000000000,9.800000000,0.988737794,0.000000000,0.000000000,0.149658196
8.395831990,0.000000000,0.000000000,0.674754133,0.000000000,0.000000000,9.800000000,0.988526437,0.000000000,0.000000000,0.151047953
8.404165322,0.000000000,0.000000000,0.674754133,-0.000000000,0.000000000,9.800000000,0.988097863,0.000000000,0.000000000,0.153826570
8.408331988,0.000000000,0.000000000,0.665390828,-0.000000000,-0.000000000,9.800000000,0.987883674,0.000000000,0.000000000,0.155196153
8.412498654,0.000000000,0.000000000,0.665390828,-0.000000000,-0.000000000,9.800000000,0.987667588,0.000000000,0.000000000,0.156565439
8.416665320,0.000000000,0.000000000,0.665390828,-0.000000000,0.000000000,9.800000000,0.987449603,0.000000000,0.000000000,0.157934423
8.420831986,0.000000000,0.000000000,0.655771002,0.000000000,0.000000000,9.800000000,0.987232913,0.000000000,0.000000000,0.159283318
8.429165318,0.000000000,0.000000000,0.655771002,-0.000000000,-0.000000000,9.800000000,0.986794006,0.000000000,0.000000000,0.161980214
8.433331984,0.000000000,0.000000000,0.645898365,0.000000000,0.000000000,9.800000000,0.986575149,0.000000000,0.000000000,0.163307918
8.437498650,0.000000000,0.000000000,0.645898365,0.000000000,0.000000000,9.800000000,0.986354505,0.000000000,0.000000000,0.164635327
8.441665316,0.000000000,0.000000000,0.645898365,0.000000000,0.000000000,9.800000000,0.986132075,0.000000000,0.000000000,0.165962437
8.445831982,0.000000000,0.000000000,0.635776721,-0.000000000,-0.000000000,9.800000000,0.985911387,0.000000000,0.000000000,0.167268457
8.454165314,0.000000000,0.000000000,0.635776721,0.000000000,-0.000000000,9.800000000,0.985464823,0.000000000,0.000000000,0.169879615
8.458331980,0.000000000,0.000000000,0.625409973,0.000000000,-0.000000000,9.800000000,0.985242644,0.000000000,0.000000000,0.171163469
8.462498646,0.000000000,0.000000000,0.625409973,0.000000000,-0.000000000,9.800000000,0.985018792,0.000000000,0.000000000,0.172447033
8.466665312,0.000000000,0.000000000,0.625409973,0.000000000,-0.000000000,9.800000000,0.984793268,0.000000000,0.000000000,0.173730304
8.470831978,0.000000000,0.000000000,0.614802118,0.000000000,0.000000000,9.800000000,0.984569940,0.000000000,0.000000000,0.174991521
8.479165310,0.000000000,0.000000000,0.614802118,0.000000000,0.000000000,9.800000000,0.984118439,0.000000000,0.000000000,0.177513092
8.483331976,0.000000000,0.000000000,0.603957245,-0.000000000,0.000000000,9.800000000,0.983894305,0.000000000,0.000000000,0.178751213
8.487498642,0.000000000,0.000000000,0.603957245,0.000000000,0.000000000,9.800000000,0.983668614,0.000000000,0.000000000,0.179989050
8.491665308,0.000000000,0.000000000,0.603957245,-0.000000000,0.000000000,9.800000000,0.983441365,0.000000000,0.000000000,0.181226602
8.495831974,0.000000000,0.000000000,0.592879535,0.000000000,0.000000000,9.800000000,0.983216770,0.000000000,0.000000000,0.182441177
8.504165306,0.000000000,0.000000000,0.592879535,-0.000000000,-0.000000000,9.800000000,0.982763080,0.000000000,0.000000000,0.184869488
8.508331972,0.000000000,0.000000000,0.581573259,0.000000000,0.000000000,9.800000000,0.982538369,0.000000000,0.000000000,0.186060079
8.512498638,0.000000000,0.000000000,0.581573259,0.000000000,0.000000000,9.800000000,0.982312216,0.000000000,0.000000000,0.187250396
8.516665304,0.000000000,0.000000000,0.581573259,0.000000000,0.000000000,9.800000000,0.982084620,0.000000000,0.000000000,0.188440438
8.520831970,0.000000000,0.000000000,0.570042775,-0.000000000,0.000000000,9.800000000,0.981860138,0.000000000,0.000000000,0.189606618
8.529165302,0.000000000,0.000000000,0.570042775,0.000000000,0.000000000,9.800000000,0.981407019,0.000000000,0.000000000,0.191938173
8.533331968,0.000000000,0.000000000,0.558292529,-0.000000000,-0.000000000,9.800000000,0.981183111,0.000000000,0.000000000,0.193079527
8.537498634,0.000000000,0.000000000,0.558292529,-0.000000000,-0.000000000,9.800000000,0.980957874,0.000000000,0.000000000,0.194220619
8.541665300,0.000000000,0.000000000,0.558292529,-0.000000000,-0.000000000,9.800000000,0.980731311,0.000000000,0.000000000,0.195361449
8.545831966,0.000000000,0.000000000,0.546327051,0.000000000,-0.000000000,9.800000000,0.980508319,0.000000000,0.000000000,0.196477572
8.554165298,0.000000000,0.000000000,0.546327051,0.000000000,-0.000000000,9.800000000,0.980058525,0.000000000,0.000000000,0.198709053
8.558331964,0.000000000,0.000000000,0.534150954,-0.000000000,0.000000000,9.800000000,0.979836792,0.000000000,0.000000000,0.199799553
8.562498630,0.000000000,0.000000000,0.534150954,-0.000000000,0.000000000,9.800000000,0.979613845,0.000000000,0.000000000,0.200889805
8.566665296,0.000000000,0.000000000,0.534150954,-0.000000000,0.000000000,9.800000000,0.979389686,0.000000000,0.000000000,0.201979809
8.570831962,0.000000000,0.000000000,0.521768931,-0.000000000,0.000000000,9.800000000,0.979169551,0.000000000,0.000000000,0.203044304
8.579165294,0.000000000,0.000000000,0.521768931,-0.000000000,0.000000000,9.800000000,0.978725812,0.000000000,0.000000000,0.205172573
8.583331960,0.000000000,0.000000000,0.509185756,0.000000000,0.000000000,9.800000000,0.978507614,0.000000000,0.000000000,0.206210693
8.587498626,0.000000000,0.000000000,0.509185756,0.000000000,0.000000000,9.800000000,0.978288314,0.000000000,0.000000000,0.207248582
8.591665292,0.000000000,0.000000000,0.509185756,0.000000000,0.000000000,9.800000000,0.978067914,0.000000000,0.000000000,0.208286236
8.595831958,0.000000000,0.000000000,0.496406280,0.000000000,0.000000000,9.800000000,0.977851985,0.000000000,0.000000000,0.209297623
8.604165290,0.000000000,0.000000000,0.496406280,0.000000000,0.000000000,9.800000000,0.977416991,0.000000000,0.000000000,0.211319723
8.608331956,0.000000000,0.000000000,0.483435431,-0.000000000,0.000000000,9.800000000,0.977203663,0.000000000,0.000000000,0.212304028
8.612498622,0.000000000,0.000000000,0.483435431,0.000000000,0.000000000,9.800000000,0.976989344,0.000000000,0.000000000,0.213288117
8.616665288,0.000000000,0.000000000,0.483435431,-0.000000000,0.000000000,9.800000000,0.976774034,0.000000000,0.000000000,0.214271991
8.620831954,0.000000000,0.000000000,0.470278208,0.000000000,0.000000000,9.800000000,0.976563633,0.000000000,0.000000000,0.215228878
8.629165286,0.000000000,0.000000000,0.470278208,0.000000000,0.000000000,9.800000000,0.976140020,0.000000000,0.000000000,0.217142033
8.633331952,0.000000000,0.000000000,0.456939684,0.000000000,-0.000000000,9.800000000,0.975932867,0.000000000,0.000000000,0.218071178
8.637498618,0.000000000,0.000000000,0.456939684,0.000000000,0.000000000,9.800000000,0.975724831,0.000000000,0.000000000,0.219000126
8.641665284,0.000000000,0.000000000,0.456939684,-0.000000000,-0.000000000,9.800000000,0.975515910,0.000000000,0.000000000,0.219928875
8.645831950,0.000000000,0.000000000,0.443425001,0.000000000,-0.000000000,9.800000000,0.975312323,0.000000000,0.000000000,0.220829964
8.654165282,0.000000000,0.000000000,0.443425001,-0.000000000,-0.000000000,9.800000000,0.974902652,0.000000000,0.000000000,0.222631577
8.658331948,0.000000000,0.000000000,0.429739369,0.000000000,-0.000000000,9.800000000,0.974702941,0.000000000,0.000000000,0.223504309
8.662498614,0.000000000,0.000000000,0.429739369,0.000000000,-0.000000000,9.800000000,0.974502450,0.000000000,0.000000000,0.224376861
8.666665280,0.000000000,0.000000000,0.429739369,0.000000000,0.000000000,9.800000000,0.974301177,0.000000000,0.000000000,0.225249233
8.670831946,0.000000000,0.000000000,0.415888065,0.000000000,-0.000000000,9.800000000,0.974105648,0.000000000,0.000000000,0.226093316
8.679165278,0.000000000,0.000000000,0.415888065,0.000000000,-0.000000000,9.800000000,0.973712396,0.000000000,0.000000000,0.227780971
8.683331944,0.000000000,0.000000000,0.401876428,-0.000000000,0.000000000,9.800000000,0.973521346,0.000000000,0.000000000,0.228596124
8.687498610,0.000000000,0.000000000,0.401876428,-0.000000000,0.000000000,9.800000000,0.973329615,0.000000000,0.000000000,0.229411117
8.691665276,0.000000000,0.000000000,0.401876428,0.000000000,0.000000000,9.800000000,0.973137201,0.000000000,0.000000000,0.230225950
8.695831942,0.000000000,0.000000000,0.387709859,-0.000000000,-0.000000000,9.800000000,0.972950924,0.000000000,0.000000000,0.231011905
8.704165274,0.000000000,0.000000000,0.387709859,-0.000000000,-0.000000000,9.800000000,0.972576464,0.000000000,0.000000000,0.232583364
8.708331940,0.000000000,0.000000000,0.373393822,-0.000000000,0.000000000,9.800000000,0.972395243,0.000000000,0.000000000,0.233339864
8.712498606,0.000000000,0.000000000,0.373393822,0.000000000,0.000000000,9.800000000,0.972213432,0.000000000,0.000000000,0.234096224
8.716665272,0.000000000,0.000000000,0.373393822,0.000000000,0.000000000,9.800000000,0.972031034,0.000000000,0.000000000,0.234852441
8.720831938,0.000000000,0.000000000,0.358933834,0.000000000,-0.000000000,9.800000000,0.971855145,0.000000000,0.000000000,0.235579239
8.729165270,0.000000000,0.000000000,0.358933834,0.000000000,0.000000000,9.800000000,0.971501736,0.000000000,0.000000000,0.237032441
8.733331936,0.000000000,0.000000000,0.344335470,0.000000000,0.000000000,9.800000000,0.971331447,0.000000000,0.000000000,0.237729301
8.737498602,0.000000000,0.000000000,0.344335470,0.000000000,0.000000000,9.800000000,0.971160658,0.000000000,0.000000000,0.238426040
8.741665268,0.000000000,0.000000000,0.344335470,0.000000000,-0.000000000,9.800000000,0.970989370,0.000000000,0.000000000,0.239122655
8.745831934,0.000000000,0.000000000,0.329604359,-0.000000000,0.000000000,9.800000000,0.970824941,0.000000000,0.000000000,0.239789354
8.754165266,0.000000000,0.000000000,0.329604359,-0.000000000,0.000000000,9.800000000,0.970494710,0.000000000,0.000000000,0.241122411
8.758331932,0.000000000,0.000000000,0.314746178,-0.000000000,-0.000000000,9.800000000,0.970336393,0.000000000,0.000000000,0.241758733
8.762498598,0.000000000,0.000000000,0.314746178,-0.000000000,-0.000000000,9.800000000,0.970177658,0.000000000,0.000000000,0.242394951
8.766665264,0.000000000,0.000000000,0.314746178,0.000000000,-0.000000000,9.800000000,0.970018506,0.000000000,0.000000000,0.243031065
8.770831930,0.000000000,0.000000000,0.299766657,0.000000000,-0.000000000,9.800000000,0.969866540,0.000000000,0.000000000,0.243636807
8.779165262,0.000000000,0.000000000,0.299766657,0.000000000,-0.000000000,9.800000000,0.969561475,0.000000000,0.000000000,0.244848007
8.783331928,0.000000000,0.000000000,0.284671571,0.000000000,0.000000000,9.800000000,0.969416093,0.000000000,0.000000000,0.245422977
8.787498594,0.000000000,0.000000000,0.284671571,0.000000000,0.000000000,9.800000000,0.969270371,0.000000000,0.000000000,0.245997861
8.791665260,0.000000000,0.000000000,0.284671571,0.000000000,0.000000000,9.800000000,0.969124308,0.000000000,0.000000000,0.246572659
8.795831926,0.000000000,0.000000000,0.269466738,0.000000000,0.000000000,9.800000000,0.968985732,0.000000000,0.000000000,0.247116676
8.804165258,0.000000000,0.000000000,0.269466738,0.000000000,0.000000000,9.800000000,0.968707664,0.000000000,0.000000000,0.248204476
8.808331924,0.000000000,0.000000000,0.254158021,0.000000000,0.000000000,9.800000000,0.968576105,0.000000000,0.000000000,0.248717368
8.812498590,0.000000000,0.000000000,0.254158021,0.000000000,0.000000000,9.800000000,0.968444274,0.000000000,0.000000000,0.249230190
8.816665256,0.000000000,0.000000000,0.254158021,0.000000000,0.000000000,9.800000000,0.968312172,0.000000000,0.000000000,0.249742942
8.820831922,0.000000000,0.000000000,0.238751321,0.000000000,-0.000000000,9.800000000,0.968187831,0.000000000,0.000000000,0.250224548
8.829165254,0.000000000,0.000000000,0.238751321,0.000000000,-0.000000000,9.800000000,0.967938429,0.000000000,0.000000000,0.251187575
8.833331920,0.000000000,0.000000000,0.223252577,0.000000000,-0.000000000,9.800000000,0.967821495,0.000000000,0.000000000,0.251637745
8.837498586,0.000000000,0.000000000,0.223252577,-0.000000000,-0.000000000,9.800000000,0.967704351,0.000000000,0.000000000,0.252087861
8.841665252,0.000000000,0.000000000,0.223252577,0.000000000,-0.000000000,9.800000000,0.967586998,0.000000000,0.000000000,0.252537922
8.845831918,0.000000000,0.000000000,0.207667766,0.000000000,0.000000000,9.800000000,0.967477649,0.000000000,0.000000000,0.252956516
8.854165250,0.000000000,0.000000000,0.207667766,0.000000000,0.000000000,9.800000000,0.967258408,0.000000000,0.000000000,0.253793563
8.858331916,0.000000000,0.000000000,0.192002895,0.000000000,0.000000000,9.800000000,0.967156812,0.000000000,0.000000000,0.254180451
8.862498582,0.000000000,0.000000000,0.192002895,0.000000000,0.000000000,9.800000000,0.967055060,0.000000000,0.000000000,0.254567300
8.866665248,0.000000000,0.000000000,0.192002895,0.000000000,0.000000000,9.800000000,0.966953155,0.000000000,0.000000000,0.254954107
8.870831914,0.000000000,0.000000000,0.176264003,0.000000000,0.000000000,9.800000000,0.966859466,0.000000000,0.000000000,0.255309171
8.879165246,0.000000000,0.000000000,0.176264003,0.000000000,0.000000000,9.800000000,0.966671698,0.000000000,0.000000000,0.256019196
8.883331912,0.000000000,0.000000000,0.160457158,-0.000000000,0.000000000,9.800000000,0.966586060,0.000000000,0.000000000,0.256342326
8.887498578,0.000000000,0.000000000,0.160457158,0.000000000,0.000000000,9.800000000,0.966500315,0.000000000,0.000000000,0.256665428
8.891665244,0.000000000,0.000000000,0.160457158,0.000000000,-0.000000000,9.800000000,0.966414461,0.000000000,0.000000000,0.256988501
8.895831910,0.000000000,0.000000000,0.144588453,0.000000000,0.000000000,9.800000000,0.966337006,0.000000000,0.000000000,0.257279598
8.904165242,0.000000000,0.000000000,0.144588453,0.000000000,0.000000000,9.800000000,0.966181832,0.000000000,0.000000000,0.257861723
8.908331908,0.000000000,0.000000000,0.128664007,0.000000000,0.000000000,9.800000000,0.966112677,0.000000000,0.000000000,0.258120699
8.912498574,0.000000000,0.000000000,0.128664007,-0.000000000,0.000000000,9.800000000,0.966043453,0.000000000,0.000000000,0.258379656
8.916665240,0.000000000,0.000000000,0.128664007,0.000000000,0.000000000,9.800000000,0.965974160,0.000000000,0.000000000,0.258638595
8.920831906,0.000000000,0.000000000,0.112689959,0.000000000,0.000000000,9.800000000,0.965913412,0.000000000,0.000000000,0.258865370
8.929165238,0.000000000,0.000000000,0.112689959,0.000000000,0.000000000,9.800000000,0.965791758,0.000000000,0.000000000,0.259318878
8.933331904,0.000000000,0.000000000,0.096672467,0.000000000,0.000000000,9.800000000,0.965739511,0.000000000,0.000000000,0.259513384
8.937498570,0.000000000,0.000000000,0.096672467,-0.000000000,0.000000000,9.800000000,0.965687225,0.000000000,0.000000000,0.259707879
8.941665236,0.000000000,0.000000000,0.096672467,0.000000000,0.000000000,9.800000000,0.965634900,0.000000000,0.000000000,0.259902365
8.945831902,0.000000000,0.000000000,0.080617705,0.000000000,-0.000000000,9.800000000,0.965591235,0.000000000,0.000000000,0.260064543
8.954165234,0.000000000,0.000000000,0.080617705,0.000000000,0.000000000,9.800000000,0.965503823,0.000000000,0.000000000,0.260388877
8.958331900,0.000000000,0.000000000,0.064531864,0.000000000,0.000000000,9.800000000,0.965468808,0.000000000,0.000000000,0.260518678
8.962498566,0.000000000,0.000000000,0.064531864,0.000000000,0.000000000,9.800000000,0.965433774,0.000000000,0.000000000,0.260648475
8.966665232,0.000000000,0.000000000,0.064531864,0.000000000,0.000000000,9.800000000,0.965398724,0.000000000,0.000000000,0.260778267
8.970831898,0.000000000,0.000000000,0.048421145,0.000000000,0.000000000,9.800000000,0.965372412,0.000000000,0.000000000,0.260875652
8.979165230,0.000000000,0.000000000,0.048421145,0.000000000,-0.000000000,9.800000000,0.965319760,0.000000000,0.000000000,0.261070415
8.983331896,0.000000000,0.000000000,0.032291758,-0.000000000,0.000000000,9.800000000,0.965302194,0.000000000,0.000000000,0.261135356
8.987498562,0.000000000,0.000000000,0.032291758,-0.000000000,0.000000000,9.800000000,0.965284624,0.000000000,0.000000000,0.261200296
8.991665228,0.000000000,0.000000000,0.032291758,-0.000000000,0.000000000,9.800000000,0.965267050,0.000000000,0.000000000,0.261265234
8.995831894,0.000000000,0.000000000,0.016149922,0.000000000,-0.000000000,9.800000000,0.965258259,0.000000000,0.000000000,0.261297711
9.004165226,0.000000000,0.000000000,0.016149922,0.000000000,-0.000000000,9.800000000,0.965240674,0.000000000,0.000000000,0.261362664
9.008331892,0.000000000,0.000000000,0.000001860,0.000000000,0.000000000,9.800000000,0.965240673,0.000000000,0.000000000,0.261362668
9.012498558,0.000000000,0.000000000,0.000001860,0.000000000,-0.000000000,9.800000000,0.965240672,0.000000000,0.000000000,0.261362671
9.016665224,0.000000000,0.000000000,0.000001860,0.000000000,-0.000000000,9.800000000,0.965240671,0.000000000,0.000000000,0.261362675
9.020831890,0.000000000,0.000000000,-0.016146202,-0.000000000,-0.000000000,9.800000000,0.965249462,0.000000000,0.000000000,0.261330206
9.029165222,0.000000000,0.000000000,-0.016146202,-0.000000000,-0.000000000,9.800000000,0.965267041,0.000000000,0.000000000,0.261265268
9.033331888,0.000000000,0.000000000,-0.032288040,-0.000000000,0.000000000,9.800000000,0.965284613,0.000000000,0.000000000,0.261200337
9.037498554,0.000000000,0.000000000,-0.032288040,-0.000000000,-0.000000000,9.800000000,0.965302181,0.000000000,0.000000000,0.261135405
9.041665220,0.000000000,0.000000000,-0.032288040,-0.000000000,-0.000000000,9.800000000,0.965319744,0.000000000,0.000000000,0.261070471
9.045831886,0.000000000,0.000000000,-0.048417430,0.000000000,0.000000000,9.800000000,0.965346074,0.000000000,0.000000000,0.260973099
9.054165218,0.000000000,0.000000000,-0.048417430,0.000000000,0.000000000,9.800000000,0.965398702,0.000000000,0.000000000,0.260778345
9.058331884,0.000000000,0.000000000,-0.064528155,0.000000000,0.000000000,9.800000000,0.965433751,0.000000000,0.000000000,0.260648561
9.062498550,0.000000000,0.000000000,-0.064528155,-0.000000000,0.000000000,9.800000000,0.965468782,0.000000000,0.000000000,0.260518772
9.066665216,0.000000000,0.000000000,-0.064528155,-0.000000000,0.000000000,9.800000000,0.965503796,0.000000000,0.000000000,0.260388978
9.070831882,0.000000000,0.000000000,-0.080614002,-0.000000000,-0.000000000,9.800000000,0.965547514,0.000000000,0.000000000,0.260226822
9.079165214,0.000000000,0.000000000,-0.080614002,-0.000000000,-0.000000000,9.800000000,0.965634867,0.000000000,0.000000000,0.259902488
9.083331880,0.000000000,0.000000000,-0.096668772,-0.000000000,-0.000000000,9.800000000,0.965687190,0.000000000,0.000000000,0.259708010
9.087498546,0.000000000,0.000000000,-0.096668772,-0.000000000,0.000000000,9.800000000,0.965739474,0.000000000,0.000000000,0.259513522
9.091665212,0.000000000,0.000000000,-0.096668772,-0.000000000,0.000000000,9.800000000,0.965791719,0.000000000,0.000000000,0.259319023
9.095831878,0.000000000,0.000000000,-0.112686273,-0.000000000,0.000000000,9.800000000,0.965852571,0.000000000,0.000000000,0.259092284
9.104165210,0.000000000,0.000000000,-0.112686273,-0.000000000,-0.000000000,9.800000000,0.965974115,0.000000000,0.000000000,0.258638762
9.108331876,0.000000000,0.000000000,-0.128660332,-0.000000000,0.000000000,9.800000000,0.966043406,0.000000000,0.000000000,0.258379831
9.112498542,0.000000000,0.000000000,-0.128660332,-0.000000000,0.000000000,9.800000000,0.966112628,0.000000000,0.000000000,0.258120881
9.116665208,0.000000000,0.000000000,-0.128660332,-0.000000000,0.000000000,9.800000000,0.966181781,0.000000000,0.000000000,0.257861913
9.120831874,0.000000000,0.000000000,-0.144584791,0.000000000,-0.000000000,9.800000000,0.966259410,0.000000000,0.000000000,0.257570870
9.129165206,0.000000000,0.000000000,-0.144584791,0.000000000,-0.000000000,9.800000000,0.966414405,0.000000000,0.000000000,0.256988713
9.133331872,0.000000000,0.000000000,-0.160453508,-0.000000000,-0.000000000,9.800000000,0.966500256,0.000000000,0.000000000,0.256665648
9.137498538,0.000000000,0.000000000,-0.160453508,-0.000000000,0.000000000,9.800000000,0.966586000,0.000000000,0.000000000,0.256342553
9.141665204,0.000000000,0.000000000,-0.160453508,-0.000000000,-0.000000000,9.800000000,0.966671636,0.000000000,0.000000000,0.256019430
9.145831870,0.000000000,0.000000000,-0.176260368,0.000000000,0.000000000,9.800000000,0.966765583,0.000000000,0.000000000,0.255664443
9.154165202,0.000000000,0.000000000,-0.176260368,0.000000000,0.000000000,9.800000000,0.966953087,0.000000000,0.000000000,0.254954364
9.158331868,0.000000000,0.000000000,-0.191999277,0.000000000,-0.000000000,9.800000000,0.967054991,0.000000000,0.000000000,0.254567563
9.162498534,0.000000000,0.000000000,-0.191999277,0.000000000,-0.000000000,9.800000000,0.967156740,0.000000000,0.000000000,0.254180723
9.166665200,0.000000000,0.000000000,-0.191999277,-0.000000000,-0.000000000,9.800000000,0.967258335,0.000000000,0.000000000,0.253793841
9.170831866,0.000000000,0.000000000,-0.207664166,0.000000000,0.000000000,9.800000000,0.967368044,0.000000000,0.000000000,0.253375349
9.179165198,0.000000000,0.000000000,-0.207664166,0.000000000,0.000000000,9.800000000,0.967586919,0.000000000,0.000000000,0.252538222
9.183331864,0.000000000,0.000000000,-0.223248996,-0.000000000,0.000000000,9.800000000,0.967704271,0.000000000,0.000000000,0.252088168
9.187498530,0.000000000,0.000000000,-0.223248996,0.000000000,0.000000000,9.800000000,0.967821413,0.000000000,0.000000000,0.251638060
9.191665196,0.000000000,0.000000000,-0.223248996,-0.000000000,0.000000000,9.800000000,0.967938345,0.000000000,0.000000000,0.251187897
9.195831862,0.000000000,0.000000000,-0.238747760,0.000000000,-0.000000000,9.800000000,0.968063164,0.000000000,0.000000000,0.250706422
9.204165194,0.000000000,0.000000000,-0.238747760,0.000000000,-0.000000000,9.800000000,0.968312084,0.000000000,0.000000000,0.249743286
9.208331860,0.000000000,0.000000000,-0.254154482,0.000000000,0.000000000,9.800000000,0.968444184,0.000000000,0.000000000,0.249230541
9.212498526,0.000000000,0.000000000,-0.254154482,0.000000000,0.000000000,9.800000000,0.968576013,0.000000000,0.000000000,0.248717726
9.216665192,0.000000000,0.000000000,-0.254154482,0.000000000,0.000000000,9.800000000,0.968707570,0.000000000,0.000000000,0.248204841
9.220831858,0.000000000,0.000000000,-0.269463223,-0.000000000,0.000000000,9.800000000,0.968846755,0.000000000,0.000000000,0.247660987
9.229165190,0.000000000,0.000000000,-0.269463223,-0.000000000,0.000000000,9.800000000,0.969124209,0.000000000,0.000000000,0.246573046
9.233331856,0.000000000,0.000000000,-0.284668080,0.000000000,0.000000000,9.800000000,0.969270271,0.000000000,0.000000000,0.245998255
9.237498522,0.000000000,0.000000000,-0.284668080,0.000000000,-0.000000000,9.800000000,0.969415992,0.000000000,0.000000000,0.245423378
9.241665188,0.000000000,0.000000000,-0.284668080,0.000000000,0.000000000,9.800000000,0.969561372,0.000000000,0.000000000,0.244848415
9.245831854,0.000000000,0.000000000,-0.299763193,0.000000000,0.000000000,9.800000000,0.969714092,0.000000000,0.000000000,0.244242870
9.254165186,0.000000000,0.000000000,-0.299763193,0.000000000,0.000000000,9.800000000,0.970018398,0.000000000,0.000000000,0.243031494
9.258331852,0.000000000,0.000000000,-0.314742741,-0.000000000,-0.000000000,9.800000000,0.970177549,0.000000000,0.000000000,0.242395387
9.262498518,0.000000000,0.000000000,-0.314742741,-0.000000000,-0.000000000,9.800000000,0.970336282,0.000000000,0.000000000,0.241759176
9.266665184,0.000000000,0.000000000,-0.314742741,0.000000000,-0.000000000,9.800000000,0.970494599,0.000000000,0.000000000,0.241122861
9.270831850,0.000000000,0.000000000,-0.329600950,0.000000000,0.000000000,9.800000000,0.970659941,0.000000000,0.000000000,0.240456396
9.279165182,0.000000000,0.000000000,-0.329600950,-0.000000000,0.000000000,9.800000000,0.970989253,0.000000000,0.000000000,0.239123127
9.283331848,0.000000000,0.000000000,-0.344332091,0.000000000,-0.000000000,9.800000000,0.971160541,0.000000000,0.000000000,0.238426518
9.287498514,0.000000000,0.000000000,-0.344332091,0.000000000,0.000000000,9.800000000,0.971331328,0.000000000,0.000000000,0.237729786
9.291665180,0.000000000,0.000000000,-0.344332091,0.000000000,0.000000000,9.800000000,0.971501615,0.000000000,0.000000000,0.237032932
9.295831846,0.000000000,0.000000000,-0.358930486,0.000000000,-0.000000000,9.800000000,0.971678590,0.000000000,0.000000000,0.236306405
9.304165178,0.000000000,0.000000000,-0.358930486,0.000000000,-0.000000000,9.800000000,0.972030910,0.000000000,0.000000000,0.234852954
9.308331844,0.000000000,0.000000000,-0.373390507,0.000000000,0.000000000,9.800000000,0.972213307,0.000000000,0.000000000,0.234096743
9.312498510,0.000000000,0.000000000,-0.373390507,0.000000000,0.000000000,9.800000000,0.972395116,0.000000000,0.000000000,0.233340391
9.316665176,0.000000000,0.000000000,-0.373390507,0.000000000,0.000000000,9.800000000,0.972576337,0.000000000,0.000000000,0.232583897
9.320831842,0.000000000,0.000000000,-0.387706578,0.000000000,0.000000000,9.800000000,0.972763883,0.000000000,0.000000000,0.231798250
9.329165174,0.000000000,0.000000000,-0.387706578,0.000000000,0.000000000,9.800000000,0.973137070,0.000000000,0.000000000,0.230226503
9.333331840,0.000000000,0.000000000,-0.401873181,0.000000000,0.000000000,9.800000000,0.973329483,0.000000000,0.000000000,0.229411677
9.337498506,0.000000000,0.000000000,-0.401873181,0.000000000,0.000000000,9.800000000,0.973521213,0.000000000,0.000000000,0.228596691
9.341665172,0.000000000,0.000000000,-0.401873181,0.000000000,0.000000000,9.800000000,0.973712262,0.000000000,0.000000000,0.227781544
9.345831838,0.000000000,0.000000000,-0.415884855,-0.000000000,0.000000000,9.800000000,0.973909252,0.000000000,0.000000000,0.226937808
9.354165170,0.000000000,0.000000000,-0.415884855,-0.000000000,-0.000000000,9.800000000,0.974301040,0.000000000,0.000000000,0.225249827
9.358331836,0.000000000,0.000000000,-0.429736197,-0.000000000,-0.000000000,9.800000000,0.974502311,0.000000000,0.000000000,0.224377461
9.362498502,0.000000000,0.000000000,-0.429736197,-0.000000000,-0.000000000,9.800000000,0.974702802,0.000000000,0.000000000,0.223504915
9.366665168,0.000000000,0.000000000,-0.429736197,-0.000000000,-0.000000000,9.800000000,0.974902512,0.000000000,0.000000000,0.222632190
9.370831834,0.000000000,0.000000000,-0.443421867,-0.000000000,-0.000000000,9.800000000,0.975107763,0.000000000,0.000000000,0.221731485
9.379165166,0.000000000,0.000000000,-0.443421867,-0.000000000,-0.000000000,9.800000000,0.975515767,0.000000000,0.000000000,0.219929507
9.383331832,0.000000000,0.000000000,-0.456936590,0.000000000,0.000000000,9.800000000,0.975724687,0.000000000,0.000000000,0.219000764
9.387498498,0.000000000,0.000000000,-0.456936590,0.000000000,0.000000000,9.800000000,0.975932723,0.000000000,0.000000000,0.218071823
9.391665164,0.000000000,0.000000000,-0.456936590,0.000000000,0.000000000,9.800000000,0.976139875,0.000000000,0.000000000,0.217142684
9.395831830,0.000000000,0.000000000,-0.470275155,0.000000000,0.000000000,9.800000000,0.976352149,0.000000000,0.000000000,0.216186217
9.404165162,0.000000000,0.000000000,-0.470275155,0.000000000,0.000000000,9.800000000,0.976773887,0.000000000,0.000000000,0.214272661
9.408331828,0.000000000,0.000000000,-0.483432421,0.000000000,0.000000000,9.800000000,0.976989197,0.000000000,0.000000000,0.213288794
9.412498494,0.000000000,0.000000000,-0.483432421,0.000000000,0.000000000,9.800000000,0.977203515,0.000000000,0.000000000,0.212304711
9.416665160,0.000000000,0.000000000,-0.483432421,0.000000000,0.000000000,9.800000000,0.977416842,0.000000000,0.000000000,0.211320412
9.420831826,0.000000000,0.000000000,-0.496403314,0.000000000,0.000000000,9.800000000,0.977634861,0.000000000,0.000000000,0.210309481
9.429165158,0.000000000,0.000000000,-0.496403314,0.000000000,0.000000000,9.800000000,0.978067763,0.000000000,0.000000000,0.208286945
9.433331824,0.000000000,0.000000000,-0.509182834,-0.000000000,0.000000000,9.800000000,0.978288163,0.000000000,0.000000000,0.207249296
9.437498490,0.000000000,0.000000000,-0.509182834,-0.000000000,0.000000000,9.800000000,0.978507462,0.000000000,0.000000000,0.206211414
9.441665156,0.000000000,0.000000000,-0.509182834,-0.000000000,0.000000000,9.800000000,0.978725660,0.000000000,0.000000000,0.205173300
9.445831822,0.000000000,0.000000000,-0.521766054,0.000000000,0.000000000,9.800000000,0.978948107,0.000000000,0.000000000,0.204109292
9.454165154,0.000000000,0.000000000,-0.521766054,0.000000000,-0.000000000,9.800000000,0.979389532,0.000000000,0.000000000,0.201980554
9.458331820,0.000000000,0.000000000,-0.534148124,0.000000000,-0.000000000,9.800000000,0.979613691,0.000000000,0.000000000,0.200890556
9.462498486,0.000000000,0.000000000,-0.534148124,0.000000000,-0.000000000,9.800000000,0.979836638,0.000000000,0.000000000,0.199800309
9.466665152,0.000000000,0.000000000,-0.534148124,-0.000000000,-0.000000000,9.800000000,0.980058370,0.000000000,0.000000000,0.198709815
9.470831818,0.000000000,0.000000000,-0.546324270,0.000000000,0.000000000,9.800000000,0.980283902,0.000000000,0.000000000,0.197594209
9.479165150,0.000000000,0.000000000,-0.546324270,0.000000000,-0.000000000,9.800000000,0.980731156,0.000000000,0.000000000,0.195362229
9.483331816,0.000000000,0.000000000,-0.558289797,0.000000000,-0.000000000,9.800000000,0.980957719,0.000000000,0.000000000,0.194221405
9.487498482,0.000000000,0.000000000,-0.558289797,0.000000000,-0.000000000,9.800000000,0.981182955,0.000000000,0.000000000,0.193080318
9.491665148,0.000000000,0.000000000,-0.558289797,-0.000000000,-0.000000000,9.800000000,0.981406863,0.000000000,0.000000000,0.191938971
9.495831814,0.000000000,0.000000000,-0.570040093,-0.000000000,0.000000000,9.800000000,0.981634115,0.000000000,0.000000000,0.190773333
9.504165146,0.000000000,0.000000000,-0.570040093,-0.000000000,0.000000000,9.800000000,0.982084464,0.000000000,0.000000000,0.188441253
9.508331812,0.000000000,0.000000000,-0.581570628,0.000000000,-0.000000000,9.800000000,0.982312059,0.000000000,0.000000000,0.187251216
9.512498478,0.000000000,0.000000000,-0.581570628,0.000000000,-0.000000000,9.800000000,0.982538213,0.000000000,0.000000000,0.186060904
9.516665144,0.000000000,0.000000000,-0.581570628,-0.000000000,-0.000000000,9.800000000,0.982762924,0.000000000,0.000000000,0.184870319
9.520831810,0.000000000,0.000000000,-0.592876956,0.000000000,0.000000000,9.800000000,0.982990519,0.000000000,0.000000000,0.183656309
9.529165142,0.000000000,0.000000000,-0.592876956,-0.000000000,-0.000000000,9.800000000,0.983441209,0.000000000,0.000000000,0.181227450
9.533331808,0.000000000,0.000000000,-0.603954719,0.000000000,0.000000000,9.800000000,0.983668458,0.000000000,0.000000000,0.179989903
9.537498474,0.000000000,0.000000000,-0.603954719,-0.000000000,0.000000000,9.800000000,0.983894149,0.000000000,0.000000000,0.178752071
9.541665140,0.000000000,0.000000000,-0.603954719,0.000000000,0.000000000,9.800000000,0.984118283,0.000000000,0.000000000,0.177513956
9.545831806,0.000000000,0.000000000,-0.614799646,0.000000000,0.000000000,9.800000000,0.984344842,0.000000000,0.000000000,0.176253320
9.554165138,0.000000000,0.000000000,-0.614799646,0.000000000,0.000000000,9.800000000,0.984793113,0.000000000,0.000000000,0.173731183
9.558331804,0.000000000,0.000000000,-0.625407557,0.000000000,0.000000000,9.800000000,0.985018637,0.000000000,0.000000000,0.172447917
9.562498470,0.000000000,0.000000000,-0.625407557,0.000000000,0.000000000,9.800000000,0.985242489,0.000000000,0.000000000,0.171164359
9.566665136,0.000000000,0.000000000,-0.625407557,0.000000000,0.000000000,9.800000000,0.985464668,0.000000000,0.000000000,0.169880510
9.570831802,0.000000000,0.000000000,-0.635774360,0.000000000,0.000000000,9.800000000,0.985688816,0.000000000,0.000000000,0.168575084
9.579165134,0.000000000,0.000000000,-0.635774360,0.000000000,0.000000000,9.800000000,0.986131922,0.000000000,0.000000000,0.165963347
9.583331800,0.000000000,0.000000000,-0.645896061,-0.000000000,-0.000000000,9.800000000,0.986354352,0.000000000,0.000000000,0.164636242
9.587498466,0.000000000,0.000000000,-0.645896061,-0.000000000,-0.000000000,9.800000000,0.986574996,0.000000000,0.000000000,0.163308838
9.591665132,0.000000000,0.000000000,-0.645896061,-0.000000000,0.000000000,9.800000000,0.986793854,0.000000000,0.000000000,0.161981139
9.595831798,0.000000000,0.000000000,-0.655768757,0.000000000,0.000000000,9.800000000,0.987014229,0.000000000,0.000000000,0.160632846
9.604165130,0.000000000,0.000000000,-0.655768757,0.000000000,-0.000000000,9.800000000,0.987449453,0.000000000,0.000000000,0.157935362
9.608331796,0.000000000,0.000000000,-0.665388641,0.000000000,0.000000000,9.800000000,0.987667438,0.000000000,0.000000000,0.156566383
9.612498462,0.000000000,0.000000000,-0.665388641,-0.000000000,0.000000000,9.800000000,0.987883525,0.000000000,0.000000000,0.155197102
9.616665128,0.000000000,0.000000000,-0.665388641,0.000000000,0.000000000,9.800000000,0.988097714,0.000000000,0.000000000,0.153827524
9.620831794,0.000000000,0.000000000,-0.674752005,0.000000000,-0.000000000,9.800000000,0.988312978,0.000000000,0.000000000,0.152438370
9.629165126,0.000000000,0.000000000,-0.674752005,0.000000000,-0.000000000,9.800000000,0.988737647,0.000000000,0.000000000,0.149659163
9.633331792,0.000000000,0.000000000,-0.683855240,-0.000000000,0.000000000,9.800000000,0.988949863,0.000000000,0.000000000,0.148250359
9.637498458,0.000000000,0.000000000,-0.683855240,0.000000000,0.000000000,9.800000000,0.989160071,0.000000000,0.000000000,0.146841254
9.641665124,0.000000000,0.000000000,-0.683855240,0.000000000,0.000000000,9.800000000,0.989368272,0.000000000,0.000000000,0.145431851
9.645831790,0.000000000,0.000000000,-0.692694836,0.000000000,-0.000000000,9.800000000,0.989577116,0.000000000,0.000000000,0.144003929
9.654165122,0.000000000,0.000000000,-0.692694836,-0.000000000,-0.000000000,9.800000000,0.989988622,0.000000000,0.000000000,0.141147187
9.658331788,0.000000000,0.000000000,-0.701267384,0.000000000,0.000000000,9.800000000,0.990193778,0.000000000,0.000000000,0.139700690
9.662498454,0.000000000,0.000000000,-0.701267384,0.000000000,0.000000000,9.800000000,0.990396820,0.000000000,0.000000000,0.138253895
9.666665120,0.000000000,0.000000000,-0.701267384,0.000000000,0.000000000,9.800000000,0.990597748,0.000000000,0.000000000,0.136806804
9.670831786,0.000000000,0.000000000,-0.709569581,-0.000000000,0.000000000,9.800000000,0.990798903,0.000000000,0.000000000,0.135342285
9.679165118,0.000000000,0.000000000,-0.709569581,0.000000000,0.000000000,9.800000000,0.991194717,0.000000000,0.000000000,0.132412361
9.683331784,0.000000000,0.000000000,-0.717598225,-0.000000000,0.000000000,9.800000000,0.991391565,0.000000000,0.000000000,0.130930382
9.687498450,0.000000000,0.000000000,-0.717598225,-0.000000000,0.000000000,9.800000000,0.991586197,0.000000000,0.000000000,0.129448109
9.691665116,0.000000000,0.000000000,-0.717598225,-0.000000000,0.000000000,9.800000000,0.991778614,0.000000000,0.000000000,0.127965548
9.695831782,0.000000000,0.000000000,-0.725350222,0.000000000,0.000000000,9.800000000,0.991970856,0.000000000,0.000000000,0.126466680
9.704165114,0.000000000,0.000000000,-0.725350222,0.000000000,-0.000000000,9.800000000,0.992348544,0.000000000,0.000000000,0.123468081
9.708331780,0.000000000,0.000000000,-0.732822582,0.000000000,0.000000000,9.800000000,0.992535888,0.000000000,0.000000000,0.121952906
9.712498446,0.000000000,0.000000000,-0.732822582,0.000000000,0.000000000,9.800000000,0.992720918,0.000000000,0.000000000,0.120437447
9.716665112,0.000000000,0.000000000,-0.732822582,0.000000000,0.000000000,9.800000000,0.992903635,0.000000000,0.000000000,0.118921707
9.720831778,0.000000000,0.000000000,-0.740012426,-0.000000000,-0.000000000,9.800000000,0.993085795,0.000000000,0.000000000,0.117390814
9.729165110,0.000000000,0.000000000,-0.740012426,-0.000000000,0.000000000,9.800000000,0.993443035,0.000000000,0.000000000,0.114328195
9.733331776,0.000000000,0.000000000,-0.746916980,0.000000000,0.000000000,9.800000000,0.993619736,0.000000000,0.000000000,0.112782184
9.737498442,0.000000000,0.000000000,-0.746916980,0.000000000,0.000000000,9.800000000,0.993794030,0.000000000,0.000000000,0.111235899
9.741665108,0.000000000,0.000000000,-0.746916980,0.000000000,0.000000000,9.800000000,0.993965919,0.000000000,0.000000000,0.109689345
9.745831774,0.000000000,0.000000000,-0.753533585,-0.000000000,0.000000000,9.800000000,0.994136891,0.000000000,0.000000000,0.108128822
9.754165106,0.000000000,0.000000000,-0.753533585,-0.000000000,0.000000000,9.800000000,0.994471485,0.000000000,0.000000000,0.105006980
9.758331772,0.000000000,0.000000000,-0.759859687,0.000000000,0.000000000,9.800000000,0.994636469,0.000000000,0.000000000,0.103432560
9.762498438,0.000000000,0.000000000,-0.759859687,0.000000000,0.000000000,9.800000000,0.994798961,0.000000000,0.000000000,0.101857881
9.766665104,0.000000000,0.000000000,-0.759859687,0.000000000,0.000000000,9.800000000,0.994958959,0.000000000,0.000000000,0.100282947
9.770831770,0.000000000,0.000000000,-0.765892849,0.000000000,-0.000000000,9.800000000,0.995117705,0.000000000,0.000000000,0.098695254
9.779165102,0.000000000,0.000000000,-0.765892849,-0.000000000,-0.000000000,9.800000000,0.995427596,0.000000000,0.000000000,0.095519117
9.783331768,0.000000000,0.000000000,-0.771630745,0.000000000,-0.000000000,9.800000000,0.995579862,0.000000000,0.000000000,0.093918781
9.787498434,0.000000000,0.000000000,-0.771630745,0.000000000,-0.000000000,9.800000000,0.995729556,0.000000000,0.000000000,0.092318202
9.791665100,0.000000000,0.000000000,-0.771630745,-0.000000000,-0.000000000,9.800000000,0.995876677,0.000000000,0.000000000,0.090717385
9.795831766,0.000000000,0.000000000,-0.777071163,0.000000000,0.000000000,9.800000000,0.996022234,0.000000000,0.000000000,0.089105044
9.804165098,0.000000000,0.000000000,-0.777071163,0.000000000,0.000000000,9.800000000,0.996305517,0.000000000,0.000000000,0.085879666
9.808331764,0.000000000,0.000000000,-0.782212006,-0.000000000,0.000000000,9.800000000,0.996444144,0.000000000,0.000000000,0.084255965
9.812498430,0.000000000,0.000000000,-0.782212006,-0.000000000,0.000000000,9.800000000,0.996580125,0.000000000,0.000000000,0.082632040
9.816665096,0.000000000,0.000000000,-0.782212006,-0.000000000,0.000000000,9.800000000,0.996713460,0.000000000,0.000000000,0.081007896
9.820831762,0.000000000,0.000000000,-0.787051290,0.000000000,-0.000000000,9.800000000,0.996844948,0.000000000,0.000000000,0.079373487
9.829165094,0.000000000,0.000000000,-0.787051290,0.000000000,0.000000000,9.800000000,0.997099883,0.000000000,0.000000000,0.076104033
9.833331760,0.000000000,0.000000000,-0.791587152,0.000000000,0.000000000,9.800000000,0.997224033,0.000000000,0.000000000,0.074459573
9.837498426,0.000000000,0.000000000,-0.791587152,0.000000000,0.000000000,9.800000000,0.997345471,0.000000000,0.000000000,0.072814911
9.841665092,0.000000000,0.000000000,-0.791587152,0.000000000,0.000000000,9.800000000,0.997464197,0.000000000,0.000000000,0.071170051
9.845831758,0.000000000,0.000000000,-0.795817842,0.000000000,0.000000000,9.800000000,0.997580822,0.000000000,0.000000000,0.069516205
9.854165090,0.000000000,0.000000000,-0.795817842,0.000000000,0.000000000,9.800000000,0.997805847,0.000000000,0.000000000,0.066207943
9.858331756,0.000000000,0.000000000,-0.799741729,-0.000000000,-0.000000000,9.800000000,0.997914773,0.000000000,0.000000000,0.064545379
9.862498422,0.000000000,0.000000000,-0.799741729,0.000000000,-0.000000000,9.800000000,0.998020929,0.000000000,0.000000000,0.062882636
9.866665088,0.000000000,0.000000000,-0.799741729,0.000000000,0.000000000,9.800000000,0.998124314,0.000000000,0.000000000,0.061219719
9.870831754,0.000000000,0.000000000,-0.803357300,-0.000000000,-0.000000000,9.800000000,0.998225377,0.000000000,0.000000000,0.059549113
9.879165086,0.000000000,0.000000000,-0.803357300,0.000000000,-0.000000000,9.800000000,0.998419114,0.000000000,0.000000000,0.056207404
9.883331752,0.000000000,0.000000000,-0.806663162,0.000000000,0.000000000,9.800000000,0.998512164,0.000000000,0.000000000,0.054529434
9.887498418,0.000000000,0.000000000,-0.806663162,-0.000000000,-0.000000000,9.800000000,0.998602393,0.000000000,0.000000000,0.052851310
9.891665084,0.000000000,0.000000000,-0.806663162,-0.000000000,0.000000000,9.800000000,0.998689802,0.000000000,0.000000000,0.051173037
9.895831750,0.000000000,0.000000000,-0.809658040,0.000000000,0.000000000,9.800000000,0.998774699,0.000000000,0.000000000,0.049488388
9.904165082,0.000000000,0.000000000,-0.809658040,0.000000000,0.000000000,9.800000000,0.998935968,0.000000000,0.000000000,0.046118672
9.908331748,0.000000000,0.000000000,-0.812340779,0.000000000,0.000000000,9.800000000,0.999012588,0.000000000,0.000000000,0.044428031
9.912498414,0.000000000,0.000000000,-0.812340779,0.000000000,0.000000000,9.800000000,0.999086346,0.000000000,0.000000000,0.042737263
9.916665080,0.000000000,0.000000000,-0.812340779,0.000000000,0.000000000,9.800000000,0.999157243,0.000000000,0.000000000,0.041046372
9.920831746,0.000000000,0.000000000,-0.814710346,-0.000000000,-0.000000000,9.800000000,0.999225472,0.000000000,0.000000000,0.039350431
9.929165078,0.000000000,0.000000000,-0.814710346,-0.000000000,-0.000000000,9.800000000,0.999353294,0.000000000,0.000000000,0.035958215
9.933331744,0.000000000,0.000000000,-0.816765827,-0.000000000,0.000000000,9.800000000,0.999413034,0.000000000,0.000000000,0.034257669
9.937498410,0.000000000,0.000000000,-0.816765827,0.000000000,0.000000000,9.800000000,0.999469880,0.000000000,0.000000000,0.032557023
9.941665076,0.000000000,0.000000000,-0.816765827,-0.000000000,-0.000000000,9.800000000,0.999523832,0.000000000,0.000000000,0.030856284
9.945831742,0.000000000,0.000000000,-0.818506429,0.000000000,-0.000000000,9.800000000,0.999574995,0.000000000,0.000000000,0.029151830
9.954165074,0.000000000,0.000000000,-0.818506429,0.000000000,-0.000000000,9.800000000,0.999668602,0.000000000,0.000000000,0.025742674
9.958331740,0.000000000,0.000000000,-0.819931481,0.000000000,0.000000000,9.800000000,0.999711117,0.000000000,0.000000000,0.024035013
9.962498406,0.000000000,0.000000000,-0.819931481,0.000000000,0.000000000,9.800000000,0.999750715,0.000000000,0.000000000,0.022327282
9.966665072,0.000000000,0.000000000,-0.819931481,0.000000000,0.000000000,9.800000000,0.999787396,0.000000000,0.000000000,0.020619486
9.970831738,0.000000000,0.000000000,-0.821040434,-0.000000000,-0.000000000,9.800000000,0.999821203,0.000000000,0.000000000,0.018909319
9.979165070,0.000000000,0.000000000,-0.821040434,-0.000000000,-0.000000000,9.800000000,0.999880041,0.000000000,0.000000000,0.015488826
9.983331736,0.000000000,0.000000000,-0.821832860,-0.000000000,0.000000000,9.800000000,0.999905095,0.000000000,0.000000000,0.013776858
9.987498402,0.000000000,0.000000000,-0.821832860,0.000000000,-0.000000000,9.800000000,0.999927217,0.000000000,0.000000000,0.012064849
9.991665068,0.000000000,0.000000000,-0.821832860,0.000000000,0.000000000,9.800000000,0.999946408,0.000000000,0.000000000,0.010352806
9.995831734,0.000000000,0.000000000,-0.822308455,0.000000000,-0.000000000,9.800000000,0.999962677,0.000000000,0.000000000,0.008639741
10.004165066,0.000000000,0.000000000,-0.822308455,0.000000000,-0.000000000,9.800000000,0.999986409,0.000000000,0.000000000,0.005213540
10.008331732,0.000000000,0.000000000,-0.822467033,-0.000000000,0.000000000,9.800000000,0.999993875,0.000000000,0.000000000,0.003500084
10.012498398,0.000000000,0.000000000,-0.822467033,-0.000000000,0.000000000,9.800000000,0.999998404,0.000000000,0.000000000,0.001786617
10.016665064,0.000000000,0.000000000,-0.822467033,-0.000000000,-0.000000000,9.800000000,0.999999997,0.000000000,0.000000000,0.000073145
10.020831730,0.000000000,0.000000000,-0.822308536,-0.000000000,0.000000000,9.800000000,0.999998655,0.000000000,0.000000000,-0.001639996
10.029165062,0.000000000,0.000000000,-0.822308536,0.000000000,0.000000000,9.800000000,0.999987166,0.000000000,0.000000000,-0.005066260
10.033331728,0.000000000,0.000000000,-0.821833023,-0.000000000,-0.000000000,9.800000000,0.999977027,0.000000000,0.000000000,-0.006778382
10.037498394,0.000000000,0.000000000,-0.821833023,0.000000000,-0.000000000,9.800000000,0.999963955,0.000000000,0.000000000,-0.008490484
10.041665060,0.000000000,0.000000000,-0.821833023,0.000000000,0.000000000,9.800000000,0.999947953,0.000000000,0.000000000,-0.010202561
10.045831726,0.000000000,0.000000000,-0.821040677,-0.000000000,0.000000000,9.800000000,0.999929038,0.000000000,0.000000000,-0.011912957
10.054165058,0.000000000,0.000000000,-0.821040677,-0.000000000,0.000000000,9.800000000,0.999882433,0.000000000,0.000000000,-0.015333640
10.058331724,0.000000000,0.000000000,-0.819931805,0.000000000,-0.000000000,9.800000000,0.999854781,0.000000000,0.000000000,-0.017041607
10.062498390,0.000000000,0.000000000,-0.819931805,-0.000000000,-0.000000000,9.800000000,0.999824212,0.000000000,0.000000000,-0.018749524
10.066665056,0.000000000,0.000000000,-0.819931805,0.000000000,0.000000000,9.800000000,0.999790726,0.000000000,0.000000000,-0.020457387
10.070831722,0.000000000,0.000000000,-0.818506834,0.000000000,-0.000000000,9.800000000,0.999754388,0.000000000,0.000000000,-0.022162222
10.079165054,0.000000000,0.000000000,-0.818506834,0.000000000,-0.000000000,9.800000000,0.999672991,0.000000000,0.000000000,-0.025571693
10.083331720,0.000000000,0.000000000,-0.816766313,-0.000000000,-0.000000000,9.800000000,0.999628031,0.000000000,0.000000000,-0.027272695
10.087498386,0.000000000,0.000000000,-0.816766313,-0.000000000,-0.000000000,9.800000000,0.999580177,0.000000000,0.000000000,-0.028973618
10.091665052,0.000000000,0.000000000,-0.816766313,-0.000000000,-0.000000000,9.800000000,0.999529428,0.000000000,0.000000000,-0.030674457
10.095831718,0.000000000,0.000000000,-0.814710913,-0.000000000,-0.000000000,9.800000000,0.999475924,0.000000000,0.000000000,-0.032370928
10.104165050,0.000000000,0.000000000,-0.814710913,0.000000000,-0.000000000,9.800000000,0.999360278,0.000000000,0.000000000,-0.035763584
10.108331716,0.000000000,0.000000000,-0.812341426,-0.000000000,-0.000000000,9.800000000,0.999298322,0.000000000,0.000000000,-0.037454827
10.112498382,0.000000000,0.000000000,-0.812341426,0.000000000,-0.000000000,9.800000000,0.999233503,0.000000000,0.000000000,-0.039145962
10.116665048,0.000000000,0.000000000,-0.812341426,-0.000000000,-0.000000000,9.800000000,0.999165822,0.000000000,0.000000000,-0.040836986
10.120831714,0.000000000,0.000000000,-0.809658767,0.000000000,0.000000000,9.800000000,0.999095518,0.000000000,0.000000000,-0.042522309
10.129165046,0.000000000,0.000000000,-0.809658767,0.000000000,0.000000000,9.800000000,0.998946380,0.000000000,0.000000000,-0.045892587
10.133331712,0.000000000,0.000000000,-0.806663968,-0.000000000,0.000000000,9.800000000,0.998867845,0.000000000,0.000000000,-0.047571300
10.137498378,0.000000000,0.000000000,-0.806663968,0.000000000,0.000000000,9.800000000,0.998786488,0.000000000,0.000000000,-0.049249879
10.141665044,0.000000000,0.000000000,-0.806663968,-0.000000000,0.000000000,9.800000000,0.998702311,0.000000000,0.000000000,-0.050928319
10.145831710,0.000000000,0.000000000,-0.803358186,0.000000000,0.000000000,9.800000000,0.998615676,0.000000000,0.000000000,-0.052599738
10.154165042,0.000000000,0.000000000,-0.803358186,0.000000000,0.000000000,9.800000000,0.998434013,0.000000000,0.000000000,-0.055942128
10.158331708,0.000000000,0.000000000,-0.799742694,0.000000000,0.000000000,9.800000000,0.998339420,0.000000000,0.000000000,-0.057605571
10.162498374,0.000000000,0.000000000,-0.799742694,-0.000000000,0.000000000,9.800000000,0.998242056,0.000000000,0.000000000,-0.059268854
10.166665040,0.000000000,0.000000000,-0.799742694,-0.000000000,0.000000000,9.800000000,0.998141921,0.000000000,0.000000000,-0.060931972
10.170831706,0.000000000,0.000000000,-0.795818885,0.000000000,0.000000000,9.800000000,0.998039527,0.000000000,0.000000000,-0.062586763
10.179165038,0.000000000,0.000000000,-0.795818885,0.000000000,0.000000000,9.800000000,0.997826508,0.000000000,0.000000000,-0.065895824
10.183331704,0.000000000,0.000000000,-0.791588274,0.000000000,0.000000000,9.800000000,0.997716480,0.000000000,0.000000000,-0.067541291
10.187498370,0.000000000,0.000000000,-0.791588274,0.000000000,-0.000000000,9.800000000,0.997603738,0.000000000,0.000000000,-0.069186574
10.191665036,0.000000000,0.000000000,-0.791588274,0.000000000,-0.000000000,9.800000000,0.997488283,0.000000000,0.000000000,-0.070831670
10.195831702,0.000000000,0.000000000,-0.787052490,-0.000000000,-0.000000000,9.800000000,0.997370800,0.000000000,0.000000000,-0.072467148
10.204165034,0.000000000,0.000000000,-0.787052490,-0.000000000,-0.000000000,9.800000000,0.997127790,0.000000000,0.000000000,-0.075737515
10.208331700,0.000000000,0.000000000,-0.782213283,-0.000000000,0.000000000,9.800000000,0.997003043,0.000000000,0.000000000,-0.077362344
10.212498366,0.000000000,0.000000000,-0.782213283,0.000000000,0.000000000,9.800000000,0.996875649,0.000000000,0.000000000,-0.078986967
10.216665032,0.000000000,0.000000000,-0.782213283,0.000000000,0.000000000,9.800000000,0.996745607,0.000000000,0.000000000,-0.080611381
10.220831698,0.000000000,0.000000000,-0.777072518,0.000000000,0.000000000,9.800000000,0.996613799,0.000000000,0.000000000,-0.082224907
10.229165030,0.000000000,0.000000000,-0.777072518,0.000000000,0.000000000,9.800000000,0.996342348,0.000000000,0.000000000,-0.085451308
10.233331696,0.000000000,0.000000000,-0.771632176,0.000000000,0.000000000,9.800000000,0.996203692,0.000000000,0.000000000,-0.087052884
10.237498362,0.000000000,0.000000000,-0.771632176,0.000000000,0.000000000,9.800000000,0.996062461,0.000000000,0.000000000,-0.088654235
10.241665028,0.000000000,0.000000000,-0.771632176,0.000000000,0.000000000,9.800000000,0.995918657,0.000000000,0.000000000,-0.090255356
10.245831694,0.000000000,0.000000000,-0.765894356,-0.000000000,-0.000000000,9.800000000,0.995773376,0.000000000,0.000000000,-0.091844341
10.254165026,0.000000000,0.000000000,-0.765894356,0.000000000,-0.000000000,9.800000000,0.995475210,0.000000000,0.000000000,-0.095021606
10.258331692,0.000000000,0.000000000,-0.759861269,-0.000000000,0.000000000,9.800000000,0.995323540,0.000000000,0.000000000,-0.096597368
10.262498358,0.000000000,0.000000000,-0.759861269,-0.000000000,0.000000000,9.800000000,0.995169375,0.000000000,0.000000000,-0.098172887
10.266665024,0.000000000,0.000000000,-0.759861269,-0.000000000,0.000000000,9.800000000,0.995012716,0.000000000,0.000000000,-0.099748160
10.270831690,0.000000000,0.000000000,-0.753535241,-0.000000000,0.000000000,9.800000000,0.994854899,0.000000000,0.000000000,-0.101310072
10.279165022,0.000000000,0.000000000,-0.753535241,0.000000000,0.000000000,9.800000000,0.994531909,0.000000000,0.000000000,-0.104433143
10.283331688,0.000000000,0.000000000,-0.746918711,0.000000000,-0.000000000,9.800000000,0.994368199,0.000000000,0.000000000,-0.105980588
10.287498354,0.000000000,0.000000000,-0.746918711,-0.000000000,-0.000000000,9.800000000,0.994202081,0.000000000,0.000000000,-0.107527776
10.291665020,0.000000000,0.000000000,-0.746918711,-0.000000000,-0.000000000,9.800000000,0.994033555,0.000000000,0.000000000,-0.109074703
10.295831686,0.000000000,0.000000000,-0.740014230,-0.000000000,-0.000000000,9.800000000,0.993864214,0.000000000,0.000000000,-0.110607071
10.304165018,0.000000000,0.000000000,-0.740014230,0.000000000,-0.000000000,9.800000000,0.993518445,0.000000000,0.000000000,-0.113671013
10.308331684,0.000000000,0.000000000,-0.732824459,0.000000000,-0.000000000,9.800000000,0.993343744,0.000000000,0.000000000,-0.115187702
10.312498350,0.000000000,0.000000000,-0.732824459,0.000000000,0.000000000,9.800000000,0.993166727,0.000000000,0.000000000,-0.116704122
10.316665016,0.000000000,0.000000000,-0.732824459,0.000000000,0.000000000,9.800000000,0.992987396,0.000000000,0.000000000,-0.118220271
10.320831682,0.000000000,0.000000000,-0.725352171,-0.000000000,0.000000000,9.800000000,0.992807613,0.000000000,0.000000000,-0.119720688
10.329165014,0.000000000,0.000000000,-0.725352171,0.000000000,0.000000000,9.800000000,0.992441248,0.000000000,0.000000000,-0.122720699
10.333331680,0.000000000,0.000000000,-0.717600245,0.000000000,0.000000000,9.800000000,0.992256671,0.000000000,0.000000000,-0.124204262
10.337498346,0.000000000,0.000000000,-0.717600245,0.000000000,0.000000000,9.800000000,0.992069877,0.000000000,0.000000000,-0.125687546
10.341665012,0.000000000,0.000000000,-0.717600245,0.000000000,0.000000000,9.800000000,0.991880865,0.000000000,0.000000000,-0.127170550
10.345831678,0.000000000,0.000000000,-0.709571672,0.000000000,-0.000000000,9.800000000,0.991691789,0.000000000,0.000000000,-0.128636682
10.354165010,0.000000000,0.000000000,-0.709571672,0.000000000,-0.000000000,9.800000000,0.991307135,0.000000000,0.000000000,-0.131568100
10.358331676,0.000000000,0.000000000,-0.701269544,-0.000000000,-0.000000000,9.800000000,0.991113859,0.000000000,0.000000000,-0.133016237
10.362498342,0.000000000,0.000000000,-0.701269544,-0.000000000,-0.000000000,9.800000000,0.990918467,0.000000000,0.000000000,-0.134464090
10.366665008,0.000000000,0.000000000,-0.701269544,-0.000000000,-0.000000000,9.800000000,0.990720961,0.000000000,0.000000000,-0.135911656
10.370831674,0.000000000,0.000000000,-0.692697065,0.000000000,0.000000000,9.800000000,0.990523792,0.000000000,0.000000000,-0.137341242
10.379165006,0.000000000,0.000000000,-0.692697065,0.000000000,0.000000000,9.800000000,0.990123268,0.000000000,0.000000000,-0.140199553
10.383331672,0.000000000,0.000000000,-0.683857537,0.000000000,0.000000000,9.800000000,0.989922520,0.000000000,0.000000000,-0.141610042
10.387498338,0.000000000,0.000000000,-0.683857537,0.000000000,0.000000000,9.800000000,0.989719763,0.000000000,0.000000000,-0.143020243
10.391665004,0.000000000,0.000000000,-0.683857537,0.000000000,0.000000000,9.800000000,0.989514998,0.000000000,0.000000000,-0.144430154
10.395831670,0.000000000,0.000000000,-0.674754369,-0.000000000,0.000000000,9.800000000,0.989310989,0.000000000,0.000000000,-0.145821010
10.404165002,0.000000000,0.000000000,-0.674754369,-0.000000000,0.000000000,9.800000000,0.988897107,0.000000000,0.000000000,-0.148601854
10.408331668,0.000000000,0.000000000,-0.665391071,0.000000000,0.000000000,9.800000000,0.988690161,0.000000000,0.000000000,-0.149972551
10.412498334,0.000000000,0.000000000,-0.665391071,0.000000000,0.000000000,9.800000000,0.988481314,0.000000000,0.000000000,-0.151342959
10.416665000,0.000000000,0.000000000,-0.665391071,0.000000000,-0.000000000,9.800000000,0.988270568,0.000000000,0.000000000,-0.152713077
10.420831666,0.000000000,0.000000000,-0.655771252,0.000000000,0.000000000,9.800000000,0.988061011,0.000000000,0.000000000,-0.154063099
10.429164998,0.000000000,0.000000000,-0.655771252,0.000000000,0.000000000,9.800000000,0.987636364,0.000000000,0.000000000,-0.156762279
10.433331664,0.000000000,0.000000000,-0.645898621,0.000000000,0.000000000,9.800000000,0.987424527,0.000000000,0.000000000,-0.158091122
10.437498330,0.000000000,0.000000000,-0.645898621,0.000000000,0.000000000,9.800000000,0.987210903,0.000000000,0.000000000,-0.159419678
10.441664996,0.000000000,0.000000000,-0.635776983,0.000000000,0.000000000,9.800000000,0.986998880,0.000000000,0.000000000,-0.160727134
10.445831662,0.000000000,0.000000000,-0.635776983,0.000000000,0.000000000,9.800000000,0.986785125,0.000000000,0.000000000,-0.162034307
