t,wx,wy,wz,ax,ay,az,qw,qx,qy,qz
0.008333332,0.000000000,0.000000000,0.000000000,0.000000000,0.000000000,9.800000000,1.000000000,0.000000000,0.000000000,0.000000000
0.012499998,0.000000000,0.000000000,0.000000000,0.000000000,0.000000000,9.800000000,1.000000000,0.000000000,0.000000000,0.000000000
0.016666664,0.000000000,0.000000000,0.000000000,0.000000000,0.000000000,9.800000000,1.000000000,0.000000000,0.000000000,0.000000000
0.020833330,0.000000000,0.000000000,0.000000000,0.000000000,0.000000000,9.800000000,1.000000000,0.000000000,0.000000000,0.000000000
0.029166662,0.000000000,0.000000000,0.000000000,0.000000000,0.000000000,9.800000000,1.000000000,0.000000000,0.000000000,0.000000000
0.033333328,0.000000000,0.000000000,0.000000000,0.000000000,0.000000000,9.800000000,1.000000000,0.000000000,0.000000000,0.000000000
0.037499994,0.000000000,0.000000000,0.000000000,0.000000000,0.000000000,9.800000000,1.000000000,0.000000000,0.000000000,0.000000000
0.041666660,0.000000000,0.000000000,0.000000000,0.000000000,0.000000000,9.800000000,1.000000000,0.000000000,0.000000000,0.000000000
0.045833326,0.000000000,0.000000000,0.000000000,0.000000000,0.000000000,9.800000000,1.000000000,0.000000000,0.000000000,0.000000000
0.054166658,0.000000000,0.000000000,0.000000000,0.000000000,0.000000000,9.800000000,1.000000000,0.000000000,0.000000000,0.000000000
0.058333324,0.000000000,0.000000000,0.000000000,0.000000000,0.000000000,9.800000000,1.000000000,0.000000000,0.000000000,0.000000000
0.062499990,0.000000000,0.000000000,0.000000000,0.000000000,0.000000000,9.800000000,1.000000000,0.000000000,0.000000000,0.000000000
0.066666656,0.000000000,0.000000000,0.000000000,0.000000000,0.000000000,9.800000000,1.000000000,0.000000000,0.000000000,0.000000000
0.070833322,0.000000000,0.000000000,0.000000000,0.000000000,0.000000000,9.800000000,1.000000000,0.000000000,0.000000000,0.000000000
0.079166654,0.000000000,0.000000000,0.000000000,0.000000000,0.000000000,9.800000000,1.000000000,0.000000000,0.000000000,0.000000000
0.083333320,0.000000000,0.000000000,0.000000000,0.000000000,0.000000000,9.800000000,1.000000000,0.000000000,0.000000000,0.000000000
0.087499986,0.000000000,0.000000000,0.000000000,0.000000000,0.000000000,9.800000000,1.000000000,0.000000000,0.000000000,0.000000000
0.091666652,0.000000000,0.000000000,0.000000000,0.000000000,0.000000000,9.800000000,1.000000000,0.000000000,0.000000000,0.000000000
0.095833318,0.000000000,0.000000000,0.000000000,0.000000000,0.000000000,9.800000000,1.000000000,0.000000000,0.000000000,0.000000000
0.104166650,0.000000000,0.000000000,0.000000000,0.000000000,0.000000000,9.800000000,1.000000000,0.000000000,0.000000000,0.000000000
0.108333316,0.000000000,0.000000000,0.000000000,0.000000000,0.000000000,9.800000000,1.000000000,0.000000000,0.000000000,0.000000000
0.112499982,0.000000000,0.000000000,0.000000000,0.000000000,0.000000000,9.800000000,1.000000000,0.000000000,0.000000000,0.000000000
0.116666648,0.000000000,0.000000000,0.000000000,0.000000000,0.000000000,9.800000000,1.000000000,0.000000000,0.000000000,0.000000000
0.120833314,0.000000000,0.000000000,0.000000000,0.000000000,0.000000000,9.800000000,1.000000000,0.000000000,0.000000000,0.000000000
0.129166646,0.000000000,0.000000000,0.000000000,0.000000000,0.000000000,9.800000000,1.000000000,0.000000000,0.000000000,0.000000000
0.133333312,0.000000000,0.000000000,0.000000000,0.000000000,0.000000000,9.800000000,1.000000000,0.000000000,0.000000000,0.000000000
0.137499978,0.000000000,0.000000000,0.000000000,0.000000000,0.000000000,9.800000000,1.000000000,0.000000000,0.000000000,0.000000000
0.141666644,0.000000000,0.000000000,0.000000000,0.000000000,0.000000000,9.800000000,1.000000000,0.000000000,0.000000000,0.000000000
0.145833310,0.000000000,0.000000000,0.000000000,0.000000000,0.000000000,9.800000000,1.000000000,0.000000000,0.000000000,0.000000000
0.154166642,0.000000000,0.000000000,0.000000000,0.000000000,0.000000000,9.800000000,1.000000000,0.000000000,0.000000000,0.000000000
0.158333308,0.000000000,0.000000000,0.000000000,0.000000000,0.000000000,9.800000000,1.000000000,0.000000000,0.000000000,0.000000000
0.162499974,0.000000000,0.000000000,0.000000000,0.000000000,0.000000000,9.800000000,1.000000000,0.000000000,0.000000000,0.000000000
0.166666640,0.000000000,0.000000000,0.000000000,0.000000000,0.000000000,9.800000000,1.000000000,0.000000000,0.000000000,0.000000000
0.170833306,0.000000000,0.000000000,0.000000000,0.000000000,0.000000000,9.800000000,1.000000000,0.000000000,0.000000000,0.000000000
0.179166638,0.000000000,0.000000000,0.000000000,0.000000000,0.000000000,9.800000000,1.000000000,0.000000000,0.000000000,0.000000000
0.183333304,0.000000000,0.000000000,0.000000000,0.000000000,0.000000000,9.800000000,1.000000000,0.000000000,0.000000000,0.000000000
0.187499970,0.000000000,0.000000000,0.000000000,0.000000000,0.000000000,9.800000000,1.000000000,0.000000000,0.000000000,0.000000000
0.191666636,0.000000000,0.000000000,0.000000000,0.000000000,0.000000000,9.800000000,1.000000000,0.000000000,0.000000000,0.000000000
0.195833302,0.000000000,0.000000000,0.000000000,0.000000000,0.000000000,9.800000000,1.000000000,0.000000000,0.000000000,0.000000000
0.204166634,0.000000000,0.000000000,0.000000000,0.000000000,0.000000000,9.800000000,1.000000000,0.000000000,0.000000000,0.000000000
0.208333300,0.000000000,0.000000000,0.000000000,0.000000000,0.000000000,9.800000000,1.000000000,0.000000000,0.000000000,0.000000000
0.212499966,0.000000000,0.000000000,0.000000000,0.000000000,0.000000000,9.800000000,1.000000000,0.000000000,0.000000000,0.000000000
0.216666632,0.000000000,0.000000000,0.000000000,0.000000000,0.000000000,9.800000000,1.000000000,0.000000000,0.000000000,0.000000000
0.220833298,0.000000000,0.000000000,0.000000000,0.000000000,0.000000000,9.800000000,1.000000000,0.000000000,0.000000000,0.000000000
0.229166630,0.000000000,0.000000000,0.000000000,0.000000000,0.000000000,9.800000000,1.000000000,0.000000000,0.000000000,0.000000000
0.233333296,0.000000000,0.000000000,0.000000000,0.000000000,0.000000000,9.800000000,1.000000000,0.000000000,0.000000000,0.000000000
0.237499962,0.000000000,0.000000000,0.000000000,0.000000000,0.000000000,9.800000000,1.000000000,0.000000000,0.000000000,0.000000000
0.241666628,0.000000000,0.000000000,0.000000000,0.000000000,0.000000000,9.800000000,1.000000000,0.000000000,0.000000000,0.000000000
0.245833294,0.000000000,0.000000000,0.000000000,0.000000000,0.000000000,9.800000000,1.000000000,0.000000000,0.000000000,0.000000000
0.254166626,0.000000000,0.000000000,0.000000000,0.000000000,0.000000000,9.800000000,1.000000000,0.000000000,0.000000000,0.000000000
0.258333292,0.000000000,0.000000000,0.000000000,0.000000000,0.000000000,9.800000000,1.000000000,0.000000000,0.000000000,0.000000000
0.262499958,0.000000000,0.000000000,0.000000000,0.000000000,0.000000000,9.800000000,1.000000000,0.000000000,0.000000000,0.000000000
0.266666624,0.000000000,0.000000000,0.000000000,0.000000000,0.000000000,9.800000000,1.000000000,0.000000000,0.000000000,0.000000000
0.270833290,0.000000000,0.000000000,0.000000000,0.000000000,0.000000000,9.800000000,1.000000000,0.000000000,0.000000000,0.000000000
0.279166622,0.000000000,0.000000000,0.000000000,0.000000000,0.000000000,9.800000000,1.000000000,0.000000000,0.000000000,0.000000000
0.283333288,0.000000000,0.000000000,0.000000000,0.000000000,0.000000000,9.800000000,1.000000000,0.000000000,0.000000000,0.000000000
0.287499954,0.000000000,0.000000000,0.000000000,0.000000000,0.000000000,9.800000000,1.000000000,0.000000000,0.000000000,0.000000000
0.291666620,0.000000000,0.000000000,0.000000000,0.000000000,0.000000000,9.800000000,1.000000000,0.000000000,0.000000000,0.000000000
0.295833286,0.000000000,0.000000000,0.000000000,0.000000000,0.000000000,9.800000000,1.000000000,0.000000000,0.000000000,0.000000000
0.304166618,0.000000000,0.000000000,0.000000000,0.000000000,0.000000000,9.800000000,1.000000000,0.000000000,0.000000000,0.000000000
0.308333284,0.000000000,0.000000000,0.000000000,0.000000000,0.000000000,9.800000000,1.000000000,0.000000000,0.000000000,0.000000000
0.312499950,0.000000000,0.000000000,0.000000000,0.000000000,0.000000000,9.800000000,1.000000000,0.000000000,0.000000000,0.000000000
0.316666616,0.000000000,0.000000000,0.000000000,0.000000000,0.000000000,9.800000000,1.000000000,0.000000000,0.000000000,0.000000000
0.320833282,0.000000000,0.000000000,0.000000000,0.000000000,0.000000000,9.800000000,1.000000000,0.000000000,0.000000000,0.000000000
0.329166614,0.000000000,0.000000000,0.000000000,0.000000000,0.000000000,9.800000000,1.000000000,0.000000000,0.000000000,0.000000000
0.333333280,0.000000000,0.000000000,0.000000000,0.000000000,0.000000000,9.800000000,1.000000000,0.000000000,0.000000000,0.000000000
0.337499946,0.000000000,0.000000000,0.000000000,0.000000000,0.000000000,9.800000000,1.000000000,0.000000000,0.000000000,0.000000000
0.341666612,0.000000000,0.000000000,0.000000000,0.000000000,0.000000000,9.800000000,1.000000000,0.000000000,0.000000000,0.000000000
0.345833278,0.000000000,0.000000000,0.000000000,0.000000000,0.000000000,9.800000000,1.000000000,0.000000000,0.000000000,0.000000000
0.354166610,0.000000000,0.000000000,0.000000000,0.000000000,0.000000000,9.800000000,1.000000000,0.000000000,0.000000000,0.000000000
0.358333276,0.000000000,0.000000000,0.000000000,0.000000000,0.000000000,9.800000000,1.000000000,0.000000000,0.000000000,0.000000000
0.362499942,0.000000000,0.000000000,0.000000000,0.000000000,0.000000000,9.800000000,1.000000000,0.000000000,0.000000000,0.000000000
0.366666608,0.000000000,0.000000000,0.000000000,0.000000000,0.000000000,9.800000000,1.000000000,0.000000000,0.000000000,0.000000000
0.370833274,0.000000000,0.000000000,0.000000000,0.000000000,0.000000000,9.800000000,1.000000000,0.000000000,0.000000000,0.000000000
0.379166606,0.000000000,0.000000000,0.000000000,0.000000000,0.000000000,9.800000000,1.000000000,0.000000000,0.000000000,0.000000000
0.383333272,0.000000000,0.000000000,0.000000000,0.000000000,0.000000000,9.800000000,1.000000000,0.000000000,0.000000000,0.000000000
0.387499938,0.000000000,0.000000000,0.000000000,0.000000000,0.000000000,9.800000000,1.000000000,0.000000000,0.000000000,0.000000000
0.391666604,0.000000000,0.000000000,0.000000000,0.000000000,0.000000000,9.800000000,1.000000000,0.000000000,0.000000000,0.000000000
0.395833270,0.000000000,0.000000000,0.000000000,0.000000000,0.000000000,9.800000000,1.000000000,0.000000000,0.000000000,0.000000000
0.404166602,0.000000000,0.000000000,0.000000000,0.000000000,0.000000000,9.800000000,1.000000000,0.000000000,0.000000000,0.000000000
0.408333268,0.000000000,0.000000000,0.000000000,0.000000000,0.000000000,9.800000000,1.000000000,0.000000000,0.000000000,0.000000000
0.412499934,0.000000000,0.000000000,0.000000000,0.000000000,0.000000000,9.800000000,1.000000000,0.000000000,0.000000000,0.000000000
0.416666600,0.000000000,0.000000000,0.000000000,0.000000000,0.000000000,9.800000000,1.000000000,0.000000000,0.000000000,0.000000000
0.420833266,0.000000000,0.000000000,0.000000000,0.000000000,0.000000000,9.800000000,1.000000000,0.000000000,0.000000000,0.000000000
0.429166598,0.000000000,0.000000000,0.000000000,0.000000000,0.000000000,9.800000000,1.000000000,0.000000000,0.000000000,0.000000000
0.433333264,0.000000000,0.000000000,0.000000000,0.000000000,0.000000000,9.800000000,1.000000000,0.000000000,0.000000000,0.000000000
0.437499930,0.000000000,0.000000000,0.000000000,0.000000000,0.000000000,9.800000000,1.000000000,0.000000000,0.000000000,0.000000000
0.441666596,0.000000000,0.000000000,0.000000000,0.000000000,0.000000000,9.800000000,1.000000000,0.000000000,0.000000000,0.000000000
0.445833262,0.000000000,0.000000000,0.000000000,0.000000000,0.000000000,9.800000000,1.000000000,0.000000000,0.000000000,0.000000000
0.454166594,0.000000000,0.000000000,0.000000000,0.000000000,0.000000000,9.800000000,1.000000000,0.000000000,0.000000000,0.000000000
0.458333260,0.000000000,0.000000000,0.000000000,0.000000000,0.000000000,9.800000000,1.000000000,0.000000000,0.000000000,0.000000000
0.462499926,0.000000000,0.000000000,0.000000000,0.000000000,0.000000000,9.800000000,1.000000000,0.000000000,0.000000000,0.000000000
0.466666592,0.000000000,0.000000000,0.000000000,0.000000000,0.000000000,9.800000000,1.000000000,0.000000000,0.000000000,0.000000000
0.470833258,0.000000000,0.000000000,0.000000000,0.000000000,0.000000000,9.800000000,1.000000000,0.000000000,0.000000000,0.000000000
0.479166590,0.000000000,0.000000000,0.000000000,0.000000000,0.000000000,9.800000000,1.000000000,0.000000000,0.000000000,0.000000000
0.483333256,0.000000000,0.000000000,0.000000000,0.000000000,0.000000000,9.800000000,1.000000000,0.000000000,0.000000000,0.000000000
0.487499922,0.000000000,0.000000000,0.000000000,0.000000000,0.000000000,9.800000000,1.000000000,0.000000000,0.000000000,0.000000000
0.491666588,0.000000000,0.000000000,0.000000000,0.000000000,0.000000000,9.800000000,1.000000000,0.000000000,0.000000000,0.000000000
0.495833254,0.000000000,0.000000000,0.000000000,0.000000000,0.000000000,9.800000000,1.000000000,0.000000000,0.000000000,0.000000000
0.504166586,0.000000000,0.000000000,0.000000000,0.000000000,0.000000000,9.800000000,1.000000000,0.000000000,0.000000000,0.000000000
0.508333252,0.000000000,0.000000000,0.000000000,0.000000000,0.000000000,9.800000000,1.000000000,0.000000000,0.000000000,0.000000000
0.512499918,0.000000000,0.000000000,0.000000000,0.000000000,0.000000000,9.800000000,1.000000000,0.000000000,0.000000000,0.000000000
0.516666584,0.000000000,0.000000000,0.000000000,0.000000000,0.000000000,9.800000000,1.000000000,0.000000000,0.000000000,0.000000000
0.520833250,0.000000000,0.000000000,0.000000000,0.000000000,0.000000000,9.800000000,1.000000000,0.000000000,0.000000000,0.000000000
0.529166582,0.000000000,0.000000000,0.000000000,0.000000000,0.000000000,9.800000000,1.000000000,0.000000000,0.000000000,0.000000000
0.533333248,0.000000000,0.000000000,0.000000000,0.000000000,0.000000000,9.800000000,1.000000000,0.000000000,0.000000000,0.000000000
0.537499914,0.000000000,0.000000000,0.000000000,0.000000000,0.000000000,9.800000000,1.000000000,0.000000000,0.000000000,0.000000000
0.541666580,0.000000000,0.000000000,0.000000000,0.000000000,0.000000000,9.800000000,1.000000000,0.000000000,0.000000000,0.000000000
0.545833246,0.000000000,0.000000000,0.000000000,0.000000000,0.000000000,9.800000000,1.000000000,0.000000000,0.000000000,0.000000000
0.554166578,0.000000000,0.000000000,0.000000000,0.000000000,0.000000000,9.800000000,1.000000000,0.000000000,0.000000000,0.000000000
0.558333244,0.000000000,0.000000000,0.000000000,0.000000000,0.000000000,9.800000000,1.000000000,0.000000000,0.000000000,0.000000000
0.562499910,0.000000000,0.000000000,0.000000000,0.000000000,0.000000000,9.800000000,1.000000000,0.000000000,0.000000000,0.000000000
0.566666576,0.000000000,0.000000000,0.000000000,0.000000000,0.000000000,9.800000000,1.000000000,0.000000000,0.000000000,0.000000000
0.570833242,0.000000000,0.000000000,0.000000000,0.000000000,0.000000000,9.800000000,1.000000000,0.000000000,0.000000000,0.000000000
0.579166574,0.000000000,0.000000000,0.000000000,0.000000000,0.000000000,9.800000000,1.000000000,0.000000000,0.000000000,0.000000000
0.583333240,0.000000000,0.000000000,0.000000000,0.000000000,0.000000000,9.800000000,1.000000000,0.000000000,0.000000000,0.000000000
0.587499906,0.000000000,0.000000000,0.000000000,0.000000000,0.000000000,9.800000000,1.000000000,0.000000000,0.000000000,0.000000000
0.591666572,0.000000000,0.000000000,0.000000000,0.000000000,0.000000000,9.800000000,1.000000000,0.000000000,0.000000000,0.000000000
0.595833238,0.000000000,0.000000000,0.000000000,0.000000000,0.000000000,9.800000000,1.000000000,0.000000000,0.000000000,0.000000000
0.604166570,0.000000000,0.000000000,0.000000000,0.000000000,0.000000000,9.800000000,1.000000000,0.000000000,0.000000000,0.000000000
0.608333236,0.000000000,0.000000000,0.000000000,0.000000000,0.000000000,9.800000000,1.000000000,0.000000000,0.000000000,0.000000000
0.612499902,0.000000000,0.000000000,0.000000000,0.000000000,0.000000000,9.800000000,1.000000000,0.000000000,0.000000000,0.000000000
0.616666568,0.000000000,0.000000000,0.000000000,0.000000000,0.000000000,9.800000000,1.000000000,0.000000000,0.000000000,0.000000000
0.620833234,0.000000000,0.000000000,0.000000000,0.000000000,0.000000000,9.800000000,1.000000000,0.000000000,0.000000000,0.000000000
0.629166566,0.000000000,0.000000000,0.000000000,0.000000000,0.000000000,9.800000000,1.000000000,0.000000000,0.000000000,0.000000000
0.633333232,0.000000000,0.000000000,0.000000000,0.000000000,0.000000000,9.800000000,1.000000000,0.000000000,0.000000000,0.000000000
0.637499898,0.000000000,0.000000000,0.000000000,0.000000000,0.000000000,9.800000000,1.000000000,0.000000000,0.000000000,0.000000000
0.641666564,0.000000000,0.000000000,0.000000000,0.000000000,0.000000000,9.800000000,1.000000000,0.000000000,0.000000000,0.000000000
0.645833230,0.000000000,0.000000000,0.000000000,0.000000000,0.000000000,9.800000000,1.000000000,0.000000000,0.000000000,0.000000000
0.654166562,0.000000000,0.000000000,0.000000000,0.000000000,0.000000000,9.800000000,1.000000000,0.000000000,0.000000000,0.000000000
0.658333228,0.000000000,0.000000000,0.000000000,0.000000000,0.000000000,9.800000000,1.000000000,0.000000000,0.000000000,0.000000000
0.662499894,0.000000000,0.000000000,0.000000000,0.000000000,0.000000000,9.800000000,1.000000000,0.000000000,0.000000000,0.000000000
0.666666560,0.000000000,0.000000000,0.000000000,0.000000000,0.000000000,9.800000000,1.000000000,0.000000000,0.000000000,0.000000000
0.670833226,0.000000000,0.000000000,0.000000000,0.000000000,0.000000000,9.800000000,1.000000000,0.000000000,0.000000000,0.000000000
0.679166558,0.000000000,0.000000000,0.000000000,0.000000000,0.000000000,9.800000000,1.000000000,0.000000000,0.000000000,0.000000000
0.683333224,0.000000000,0.000000000,0.000000000,0.000000000,0.000000000,9.800000000,1.000000000,0.000000000,0.000000000,0.000000000
0.687499890,0.000000000,0.000000000,0.000000000,0.000000000,0.000000000,9.800000000,1.000000000,0.000000000,0.000000000,0.000000000
0.691666556,0.000000000,0.000000000,0.000000000,0.000000000,0.000000000,9.800000000,1.000000000,0.000000000,0.000000000,0.000000000
0.695833222,0.000000000,0.000000000,0.000000000,0.000000000,0.000000000,9.800000000,1.000000000,0.000000000,0.000000000,0.000000000
0.704166554,0.000000000,0.000000000,0.000000000,0.000000000,0.000000000,9.800000000,1.000000000,0.000000000,0.000000000,0.000000000
0.708333220,0.000000000,0.000000000,0.000000000,0.000000000,0.000000000,9.800000000,1.000000000,0.000000000,0.000000000,0.000000000
0.712499886,0.000000000,0.000000000,0.000000000,0.000000000,0.000000000,9.800000000,1.000000000,0.000000000,0.000000000,0.000000000
0.716666552,0.000000000,0.000000000,0.000000000,0.000000000,0.000000000,9.800000000,1.000000000,0.000000000,0.000000000,0.000000000
0.720833218,0.000000000,0.000000000,0.000000000,0.000000000,0.000000000,9.800000000,1.000000000,0.000000000,0.000000000,0.000000000
0.729166550,0.000000000,0.000000000,0.000000000,0.000000000,0.000000000,9.800000000,1.000000000,0.000000000,0.000000000,0.000000000
0.733333216,0.000000000,0.000000000,0.000000000,0.000000000,0.000000000,9.800000000,1.000000000,0.000000000,0.000000000,0.000000000
0.737499882,0.000000000,0.000000000,0.000000000,0.000000000,0.000000000,9.800000000,1.000000000,0.000000000,0.000000000,0.000000000
0.741666548,0.000000000,0.000000000,0.000000000,0.000000000,0.000000000,9.800000000,1.000000000,0.000000000,0.000000000,0.000000000
0.745833214,0.000000000,0.000000000,0.000000000,0.000000000,0.000000000,9.800000000,1.000000000,0.000000000,0.000000000,0.000000000
0.754166546,0.000000000,0.000000000,0.000000000,0.000000000,0.000000000,9.800000000,1.000000000,0.000000000,0.000000000,0.000000000
0.758333212,0.000000000,0.000000000,0.000000000,0.000000000,0.000000000,9.800000000,1.000000000,0.000000000,0.000000000,0.000000000
0.762499878,0.000000000,0.000000000,0.000000000,0.000000000,0.000000000,9.800000000,1.000000000,0.000000000,0.000000000,0.000000000
0.766666544,0.000000000,0.000000000,0.000000000,0.000000000,0.000000000,9.800000000,1.000000000,0.000000000,0.000000000,0.000000000
0.770833210,0.000000000,0.000000000,0.000000000,0.000000000,0.000000000,9.800000000,1.000000000,0.000000000,0.000000000,0.000000000
0.779166542,0.000000000,0.000000000,0.000000000,0.000000000,0.000000000,9.800000000,1.000000000,0.000000000,0.000000000,0.000000000
0.783333208,0.000000000,0.000000000,0.000000000,0.000000000,0.000000000,9.800000000,1.000000000,0.000000000,0.000000000,0.000000000
0.787499874,0.000000000,0.000000000,0.000000000,0.000000000,0.000000000,9.800000000,1.000000000,0.000000000,0.000000000,0.000000000
0.791666540,0.000000000,0.000000000,0.000000000,0.000000000,0.000000000,9.800000000,1.000000000,0.000000000,0.000000000,0.000000000
0.795833206,0.000000000,0.000000000,0.000000000,0.000000000,0.000000000,9.800000000,1.000000000,0.000000000,0.000000000,0.000000000
0.804166538,0.000000000,0.000000000,0.000000000,0.000000000,0.000000000,9.800000000,1.000000000,0.000000000,0.000000000,0.000000000
0.808333204,0.000000000,0.000000000,0.000000000,0.000000000,0.000000000,9.800000000,1.000000000,0.000000000,0.000000000,0.000000000
0.812499870,0.000000000,0.000000000,0.000000000,0.000000000,0.000000000,9.800000000,1.000000000,0.000000000,0.000000000,0.000000000
0.816666536,0.000000000,0.000000000,0.000000000,0.000000000,0.000000000,9.800000000,1.000000000,0.000000000,0.000000000,0.000000000
0.820833202,0.000000000,0.000000000,0.000000000,0.000000000,0.000000000,9.800000000,1.000000000,0.000000000,0.000000000,0.000000000
0.829166534,0.000000000,0.000000000,0.000000000,0.000000000,0.000000000,9.800000000,1.000000000,0.000000000,0.000000000,0.000000000
0.833333200,0.000000000,0.000000000,0.000000000,0.000000000,0.000000000,9.800000000,1.000000000,0.000000000,0.000000000,0.000000000
0.837499866,0.000000000,0.000000000,0.000000000,0.000000000,0.000000000,9.800000000,1.000000000,0.000000000,0.000000000,0.000000000
0.841666532,0.000000000,0.000000000,0.000000000,0.000000000,0.000000000,9.800000000,1.000000000,0.000000000,0.000000000,0.000000000
0.845833198,0.000000000,0.000000000,0.000000000,0.000000000,0.000000000,9.800000000,1.000000000,0.000000000,0.000000000,0.000000000
0.854166530,0.000000000,0.000000000,0.000000000,0.000000000,0.000000000,9.800000000,1.000000000,0.000000000,0.000000000,0.000000000
0.858333196,0.000000000,0.000000000,0.000000000,0.000000000,0.000000000,9.800000000,1.000000000,0.000000000,0.000000000,0.000000000
0.862499862,0.000000000,0.000000000,0.000000000,0.000000000,0.000000000,9.800000000,1.000000000,0.000000000,0.000000000,0.000000000
0.866666528,0.000000000,0.000000000,0.000000000,0.000000000,0.000000000,9.800000000,1.000000000,0.000000000,0.000000000,0.000000000
0.870833194,0.000000000,0.000000000,0.000000000,0.000000000,0.000000000,9.800000000,1.000000000,0.000000000,0.000000000,0.000000000
0.879166526,0.000000000,0.000000000,0.000000000,0.000000000,0.000000000,9.800000000,1.000000000,0.000000000,0.000000000,0.000000000
0.883333192,0.000000000,0.000000000,0.000000000,0.000000000,0.000000000,9.800000000,1.000000000,0.000000000,0.000000000,0.000000000
0.887499858,0.000000000,0.000000000,0.000000000,0.000000000,0.000000000,9.800000000,1.000000000,0.000000000,0.000000000,0.000000000
0.891666524,0.000000000,0.000000000,0.000000000,0.000000000,0.000000000,9.800000000,1.000000000,0.000000000,0.000000000,0.000000000
0.895833190,0.000000000,0.000000000,0.000000000,0.000000000,0.000000000,9.800000000,1.000000000,0.000000000,0.000000000,0.000000000
0.904166522,0.000000000,0.000000000,0.000000000,0.000000000,0.000000000,9.800000000,1.000000000,0.000000000,0.000000000,0.000000000
0.908333188,0.000000000,0.000000000,0.000000000,0.000000000,0.000000000,9.800000000,1.000000000,0.000000000,0.000000000,0.000000000
0.912499854,0.000000000,0.000000000,0.000000000,0.000000000,0.000000000,9.800000000,1.000000000,0.000000000,0.000000000,0.000000000
0.916666520,0.000000000,0.000000000,0.000000000,0.000000000,0.000000000,9.800000000,1.000000000,0.000000000,0.000000000,0.000000000
0.920833186,0.000000000,0.000000000,0.000000000,0.000000000,0.000000000,9.800000000,1.000000000,0.000000000,0.000000000,0.000000000
0.929166518,0.000000000,0.000000000,0.000000000,0.000000000,0.000000000,9.800000000,1.000000000,0.000000000,0.000000000,0.000000000
0.933333184,0.000000000,0.000000000,0.000000000,0.000000000,0.000000000,9.800000000,1.000000000,0.000000000,0.000000000,0.000000000
0.937499850,0.000000000,0.000000000,0.000000000,0.000000000,0.000000000,9.800000000,1.000000000,0.000000000,0.000000000,0.000000000
0.941666516,0.000000000,0.000000000,0.000000000,0.000000000,0.000000000,9.800000000,1.000000000,0.000000000,0.000000000,0.000000000
0.945833182,0.000000000,0.000000000,0.000000000,0.000000000,0.000000000,9.800000000,1.000000000,0.000000000,0.000000000,0.000000000
0.954166514,0.000000000,0.000000000,0.000000000,0.000000000,0.000000000,9.800000000,1.000000000,0.000000000,0.000000000,0.000000000
0.958333180,0.000000000,0.000000000,0.000000000,0.000000000,0.000000000,9.800000000,1.000000000,0.000000000,0.000000000,0.000000000
0.962499846,0.000000000,0.000000000,0.000000000,0.000000000,0.000000000,9.800000000,1.000000000,0.000000000,0.000000000,0.000000000
0.966666512,0.000000000,0.000000000,0.000000000,0.000000000,0.000000000,9.800000000,1.000000000,0.000000000,0.000000000,0.000000000
0.970833178,0.000000000,0.000000000,0.000000000,0.000000000,0.000000000,9.800000000,1.000000000,0.000000000,0.000000000,0.000000000
0.979166510,0.000000000,0.000000000,0.000000000,0.000000000,0.000000000,9.800000000,1.000000000,0.000000000,0.000000000,0.000000000
0.983333176,0.000000000,0.000000000,0.000000000,0.000000000,0.000000000,9.800000000,1.000000000,0.000000000,0.000000000,0.000000000
0.987499842,0.000000000,0.000000000,0.000000000,0.000000000,0.000000000,9.800000000,1.000000000,0.000000000,0.000000000,0.000000000
0.991666508,0.000000000,0.000000000,0.000000000,0.000000000,0.000000000,9.800000000,1.000000000,0.000000000,0.000000000,0.000000000
0.995833174,0.000000000,0.000000000,0.000000000,0.000000000,0.000000000,9.800000000,1.000000000,0.000000000,0.000000000,0.000000000
1.004166506,0.000000000,0.000000000,0.000000000,0.000000000,0.000000000,9.800000000,1.000000000,0.000000000,0.000000000,0.000000000
1.008333172,0.000000000,0.000000000,0.000000000,0.000000000,0.000000000,9.800000000,1.000000000,0.000000000,0.000000000,0.000000000
1.012499838,0.000000000,0.000000000,0.000000000,0.000000000,0.000000000,9.800000000,1.000000000,0.000000000,0.000000000,0.000000000
1.016666504,0.000000000,0.000000000,0.000000000,0.000000000,0.000000000,9.800000000,1.000000000,0.000000000,0.000000000,0.000000000
1.020833170,0.000000000,0.000000000,0.000000000,0.000000000,0.000000000,9.800000000,1.000000000,0.000000000,0.000000000,0.000000000
1.029166502,0.000000000,0.000000000,0.000000000,0.000000000,0.000000000,9.800000000,1.000000000,0.000000000,0.000000000,0.000000000
1.033333168,0.000000000,0.000000000,0.000000000,0.000000000,0.000000000,9.800000000,1.000000000,0.000000000,0.000000000,0.000000000
1.037499834,0.000000000,0.000000000,0.000000000,0.000000000,0.000000000,9.800000000,1.000000000,0.000000000,0.000000000,0.000000000
1.041666500,0.000000000,0.000000000,0.000000000,0.000000000,0.000000000,9.800000000,1.000000000,0.000000000,0.000000000,0.000000000
1.045833166,0.000000000,0.000000000,0.000000000,0.000000000,0.000000000,9.800000000,1.000000000,0.000000000,0.000000000,0.000000000
1.054166498,0.000000000,0.000000000,0.000000000,0.000000000,0.000000000,9.800000000,1.000000000,0.000000000,0.000000000,0.000000000
1.058333164,0.000000000,0.000000000,0.000000000,0.000000000,0.000000000,9.800000000,1.000000000,0.000000000,0.000000000,0.000000000
1.062499830,0.000000000,0.000000000,0.000000000,0.000000000,0.000000000,9.800000000,1.000000000,0.000000000,0.000000000,0.000000000
1.066666496,0.000000000,0.000000000,0.000000000,0.000000000,0.000000000,9.800000000,1.000000000,0.000000000,0.000000000,0.000000000
1.070833162,0.000000000,0.000000000,0.000000000,0.000000000,0.000000000,9.800000000,1.000000000,0.000000000,0.000000000,0.000000000
1.079166494,0.000000000,0.000000000,0.000000000,0.000000000,0.000000000,9.800000000,1.000000000,0.000000000,0.000000000,0.000000000
1.083333160,0.000000000,0.000000000,0.000000000,0.000000000,0.000000000,9.800000000,1.000000000,0.000000000,0.000000000,0.000000000
1.087499826,0.000000000,0.000000000,0.000000000,0.000000000,0.000000000,9.800000000,1.000000000,0.000000000,0.000000000,0.000000000
1.091666492,0.000000000,0.000000000,0.000000000,0.000000000,0.000000000,9.800000000,1.000000000,0.000000000,0.000000000,0.000000000
1.095833158,0.000000000,0.000000000,0.000000000,0.000000000,0.000000000,9.800000000,1.000000000,0.000000000,0.000000000,0.000000000
1.104166490,0.000000000,0.000000000,0.000000000,0.000000000,0.000000000,9.800000000,1.000000000,0.000000000,0.000000000,0.000000000
1.108333156,0.000000000,0.000000000,0.000000000,0.000000000,0.000000000,9.800000000,1.000000000,0.000000000,0.000000000,0.000000000
1.112499822,0.000000000,0.000000000,0.000000000,0.000000000,0.000000000,9.800000000,1.000000000,0.000000000,0.000000000,0.000000000
1.116666488,0.000000000,0.000000000,0.000000000,0.000000000,0.000000000,9.800000000,1.000000000,0.000000000,0.000000000,0.000000000
1.120833154,0.000000000,0.000000000,0.000000000,0.000000000,0.000000000,9.800000000,1.000000000,0.000000000,0.000000000,0.000000000
1.129166486,0.000000000,0.000000000,0.000000000,0.000000000,0.000000000,9.800000000,1.000000000,0.000000000,0.000000000,0.000000000
1.133333152,0.000000000,0.000000000,0.000000000,0.000000000,0.000000000,9.800000000,1.000000000,0.000000000,0.000000000,0.000000000
1.137499818,0.000000000,0.000000000,0.000000000,0.000000000,0.000000000,9.800000000,1.000000000,0.000000000,0.000000000,0.000000000
1.141666484,0.000000000,0.000000000,0.000000000,0.000000000,0.000000000,9.800000000,1.000000000,0.000000000,0.000000000,0.000000000
1.145833150,0.000000000,0.000000000,0.000000000,0.000000000,0.000000000,9.800000000,1.000000000,0.000000000,0.000000000,0.000000000
1.154166482,0.000000000,0.000000000,0.000000000,0.000000000,0.000000000,9.800000000,1.000000000,0.000000000,0.000000000,0.000000000
1.158333148,0.000000000,0.000000000,0.000000000,0.000000000,0.000000000,9.800000000,1.000000000,0.000000000,0.000000000,0.000000000
1.162499814,0.000000000,0.000000000,0.000000000,0.000000000,0.000000000,9.800000000,1.000000000,0.000000000,0.000000000,0.000000000
1.166666480,0.000000000,0.000000000,0.000000000,0.000000000,0.000000000,9.800000000,1.000000000,0.000000000,0.000000000,0.000000000
1.170833146,0.000000000,0.000000000,0.000000000,0.000000000,0.000000000,9.800000000,1.000000000,0.000000000,0.000000000,0.000000000
1.179166478,0.000000000,0.000000000,0.000000000,0.000000000,0.000000000,9.800000000,1.000000000,0.000000000,0.000000000,0.000000000
1.183333144,0.000000000,0.000000000,0.000000000,0.000000000,0.000000000,9.800000000,1.000000000,0.000000000,0.000000000,0.000000000
1.187499810,0.000000000,0.000000000,0.000000000,0.000000000,0.000000000,9.800000000,1.000000000,0.000000000,0.000000000,0.000000000
1.191666476,0.000000000,0.000000000,0.000000000,0.000000000,0.000000000,9.800000000,1.000000000,0.000000000,0.000000000,0.000000000
1.195833142,0.000000000,0.000000000,0.000000000,0.000000000,0.000000000,9.800000000,1.000000000,0.000000000,0.000000000,0.000000000
1.204166474,0.000000000,0.000000000,0.000000000,0.000000000,0.000000000,9.800000000,1.000000000,0.000000000,0.000000000,0.000000000
1.208333140,0.000000000,0.000000000,0.000000000,0.000000000,0.000000000,9.800000000,1.000000000,0.000000000,0.000000000,0.000000000
1.212499806,0.000000000,0.000000000,0.000000000,0.000000000,0.000000000,9.800000000,1.000000000,0.000000000,0.000000000,0.000000000
1.216666472,0.000000000,0.000000000,0.000000000,0.000000000,0.000000000,9.800000000,1.000000000,0.000000000,0.000000000,0.000000000
1.220833138,0.000000000,0.000000000,0.000000000,0.000000000,0.000000000,9.800000000,1.000000000,0.000000000,0.000000000,0.000000000
1.229166470,0.000000000,0.000000000,0.000000000,0.000000000,0.000000000,9.800000000,1.000000000,0.000000000,0.000000000,0.000000000
1.233333136,0.000000000,0.000000000,0.000000000,0.000000000,0.000000000,9.800000000,1.000000000,0.000000000,0.000000000,0.000000000
1.237499802,0.000000000,0.000000000,0.000000000,0.000000000,0.000000000,9.800000000,1.000000000,0.000000000,0.000000000,0.000000000
1.241666468,0.000000000,0.000000000,0.000000000,0.000000000,0.000000000,9.800000000,1.000000000,0.000000000,0.000000000,0.000000000
1.245833134,0.000000000,0.000000000,0.000000000,0.000000000,0.000000000,9.800000000,1.000000000,0.000000000,0.000000000,0.000000000
1.254166466,0.000000000,0.000000000,0.000000000,0.000000000,0.000000000,9.800000000,1.000000000,0.000000000,0.000000000,0.000000000
1.258333132,0.000000000,0.000000000,0.000000000,0.000000000,0.000000000,9.800000000,1.000000000,0.000000000,0.000000000,0.000000000
1.262499798,0.000000000,0.000000000,0.000000000,0.000000000,0.000000000,9.800000000,1.000000000,0.000000000,0.000000000,0.000000000
1.266666464,0.000000000,0.000000000,0.000000000,0.000000000,0.000000000,9.800000000,1.000000000,0.000000000,0.000000000,0.000000000
1.270833130,0.000000000,0.000000000,0.000000000,0.000000000,0.000000000,9.800000000,1.000000000,0.000000000,0.000000000,0.000000000
1.279166462,0.000000000,0.000000000,0.000000000,0.000000000,0.000000000,9.800000000,1.000000000,0.000000000,0.000000000,0.000000000
1.283333128,0.000000000,0.000000000,0.000000000,0.000000000,0.000000000,9.800000000,1.000000000,0.000000000,0.000000000,0.000000000
1.287499794,0.000000000,0.000000000,0.000000000,0.000000000,0.000000000,9.800000000,1.000000000,0.000000000,0.000000000,0.000000000
1.291666460,0.000000000,0.000000000,0.000000000,0.000000000,0.000000000,9.800000000,1.000000000,0.000000000,0.000000000,0.000000000
1.295833126,0.000000000,0.000000000,0.000000000,0.000000000,0.000000000,9.800000000,1.000000000,0.000000000,0.000000000,0.000000000
1.304166458,0.000000000,0.000000000,0.000000000,0.000000000,0.000000000,9.800000000,1.000000000,0.000000000,0.000000000,0.000000000
1.308333124,0.000000000,0.000000000,0.000000000,0.000000000,0.000000000,9.800000000,1.000000000,0.000000000,0.000000000,0.000000000
1.312499790,0.000000000,0.000000000,0.000000000,0.000000000,0.000000000,9.800000000,1.000000000,0.000000000,0.000000000,0.000000000
1.316666456,0.000000000,0.000000000,0.000000000,0.000000000,0.000000000,9.800000000,1.000000000,0.000000000,0.000000000,0.000000000
1.320833122,0.000000000,0.000000000,0.000000000,0.000000000,0.000000000,9.800000000,1.000000000,0.000000000,0.000000000,0.000000000
1.329166454,0.000000000,0.000000000,0.000000000,0.000000000,0.000000000,9.800000000,1.000000000,0.000000000,0.000000000,0.000000000
1.333333120,0.000000000,0.000000000,0.000000000,0.000000000,0.000000000,9.800000000,1.000000000,0.000000000,0.000000000,0.000000000
1.337499786,0.000000000,0.000000000,0.000000000,0.000000000,0.000000000,9.800000000,1.000000000,0.000000000,0.000000000,0.000000000
1.341666452,0.000000000,0.000000000,0.000000000,0.000000000,0.000000000,9.800000000,1.000000000,0.000000000,0.000000000,0.000000000
1.345833118,0.000000000,0.000000000,0.000000000,0.000000000,0.000000000,9.800000000,1.000000000,0.000000000,0.000000000,0.000000000
1.354166450,0.000000000,0.000000000,0.000000000,0.000000000,0.000000000,9.800000000,1.000000000,0.000000000,0.000000000,0.000000000
1.358333116,0.000000000,0.000000000,0.000000000,0.000000000,0.000000000,9.800000000,1.000000000,0.000000000,0.000000000,0.000000000
1.362499782,0.000000000,0.000000000,0.000000000,0.000000000,0.000000000,9.800000000,1.000000000,0.000000000,0.000000000,0.000000000
1.366666448,0.000000000,0.000000000,0.000000000,0.000000000,0.000000000,9.800000000,1.000000000,0.000000000,0.000000000,0.000000000
1.370833114,0.000000000,0.000000000,0.000000000,0.000000000,0.000000000,9.800000000,1.000000000,0.000000000,0.000000000,0.000000000
1.379166446,0.000000000,0.000000000,0.000000000,0.000000000,0.000000000,9.800000000,1.000000000,0.000000000,0.000000000,0.000000000
1.383333112,0.000000000,0.000000000,0.000000000,0.000000000,0.000000000,9.800000000,1.000000000,0.000000000,0.000000000,0.000000000
1.387499778,0.000000000,0.000000000,0.000000000,0.000000000,0.000000000,9.800000000,1.000000000,0.000000000,0.000000000,0.000000000
1.391666444,0.000000000,0.000000000,0.000000000,0.000000000,0.000000000,9.800000000,1.000000000,0.000000000,0.000000000,0.000000000
1.395833110,0.000000000,0.000000000,0.000000000,0.000000000,0.000000000,9.800000000,1.000000000,0.000000000,0.000000000,0.000000000
1.404166442,0.000000000,0.000000000,0.000000000,0.000000000,0.000000000,9.800000000,1.000000000,0.000000000,0.000000000,0.000000000
1.408333108,0.000000000,0.000000000,0.000000000,0.000000000,0.000000000,9.800000000,1.000000000,0.000000000,0.000000000,0.000000000
1.412499774,0.000000000,0.000000000,0.000000000,0.000000000,0.000000000,9.800000000,1.000000000,0.000000000,0.000000000,0.000000000
1.416666440,0.000000000,0.000000000,0.000000000,0.000000000,0.000000000,9.800000000,1.000000000,0.000000000,0.000000000,0.000000000
1.420833106,0.000000000,0.000000000,0.000000000,0.000000000,0.000000000,9.800000000,1.000000000,0.000000000,0.000000000,0.000000000
1.429166438,0.000000000,0.000000000,0.000000000,0.000000000,0.000000000,9.800000000,1.000000000,0.000000000,0.000000000,0.000000000
1.433333104,0.000000000,0.000000000,0.000000000,0.000000000,0.000000000,9.800000000,1.000000000,0.000000000,0.000000000,0.000000000
1.437499770,0.000000000,0.000000000,0.000000000,0.000000000,0.000000000,9.800000000,1.000000000,0.000000000,0.000000000,0.000000000
1.441666436,0.000000000,0.000000000,0.000000000,0.000000000,0.000000000,9.800000000,1.000000000,0.000000000,0.000000000,0.000000000
1.445833102,0.000000000,0.000000000,0.000000000,0.000000000,0.000000000,9.800000000,1.000000000,0.000000000,0.000000000,0.000000000
1.454166434,0.000000000,0.000000000,0.000000000,0.000000000,0.000000000,9.800000000,1.000000000,0.000000000,0.000000000,0.000000000
1.458333100,0.000000000,0.000000000,0.000000000,0.000000000,0.000000000,9.800000000,1.000000000,0.000000000,0.000000000,0.000000000
1.462499766,0.000000000,0.000000000,0.000000000,0.000000000,0.000000000,9.800000000,1.000000000,0.000000000,0.000000000,0.000000000
1.466666432,0.000000000,0.000000000,0.000000000,0.000000000,0.000000000,9.800000000,1.000000000,0.000000000,0.000000000,0.000000000
1.470833098,0.000000000,0.000000000,0.000000000,0.000000000,0.000000000,9.800000000,1.000000000,0.000000000,0.000000000,0.000000000
1.479166430,0.000000000,0.000000000,0.000000000,0.000000000,0.000000000,9.800000000,1.000000000,0.000000000,0.000000000,0.000000000
1.483333096,0.000000000,0.000000000,0.000000000,0.000000000,0.000000000,9.800000000,1.000000000,0.000000000,0.000000000,0.000000000
1.487499762,0.000000000,0.000000000,0.000000000,0.000000000,0.000000000,9.800000000,1.000000000,0.000000000,0.000000000,0.000000000
1.491666428,0.000000000,0.000000000,0.000000000,0.000000000,0.000000000,9.800000000,1.000000000,0.000000000,0.000000000,0.000000000
1.495833094,0.000000000,0.000000000,0.000000000,0.000000000,0.000000000,9.800000000,1.000000000,0.000000000,0.000000000,0.000000000
1.504166426,0.000000000,0.000000000,0.000000000,0.000000000,0.000000000,9.800000000,1.000000000,0.000000000,0.000000000,0.000000000
1.508333092,0.000000000,0.000000000,0.000000000,0.000000000,0.000000000,9.800000000,1.000000000,0.000000000,0.000000000,0.000000000
1.512499758,0.000000000,0.000000000,0.000000000,0.000000000,0.000000000,9.800000000,1.000000000,0.000000000,0.000000000,0.000000000
1.516666424,0.000000000,0.000000000,0.000000000,0.000000000,0.000000000,9.800000000,1.000000000,0.000000000,0.000000000,0.000000000
1.520833090,0.000000000,0.000000000,0.000000000,0.000000000,0.000000000,9.800000000,1.000000000,0.000000000,0.000000000,0.000000000
1.529166422,0.000000000,0.000000000,0.000000000,0.000000000,0.000000000,9.800000000,1.000000000,0.000000000,0.000000000,0.000000000
1.533333088,0.000000000,0.000000000,0.000000000,0.000000000,0.000000000,9.800000000,1.000000000,0.000000000,0.000000000,0.000000000
1.537499754,0.000000000,0.000000000,0.000000000,0.000000000,0.000000000,9.800000000,1.000000000,0.000000000,0.000000000,0.000000000
1.541666420,0.000000000,0.000000000,0.000000000,0.000000000,0.000000000,9.800000000,1.000000000,0.000000000,0.000000000,0.000000000
1.545833086,0.000000000,0.000000000,0.000000000,0.000000000,0.000000000,9.800000000,1.000000000,0.000000000,0.000000000,0.000000000
1.554166418,0.000000000,0.000000000,0.000000000,0.000000000,0.000000000,9.800000000,1.000000000,0.000000000,0.000000000,0.000000000
1.558333084,0.000000000,0.000000000,0.000000000,0.000000000,0.000000000,9.800000000,1.000000000,0.000000000,0.000000000,0.000000000
1.562499750,0.000000000,0.000000000,0.000000000,0.000000000,0.000000000,9.800000000,1.000000000,0.000000000,0.000000000,0.000000000
1.566666416,0.000000000,0.000000000,0.000000000,0.000000000,0.000000000,9.800000000,1.000000000,0.000000000,0.000000000,0.000000000
1.570833082,0.000000000,0.000000000,0.000000000,0.000000000,0.000000000,9.800000000,1.000000000,0.000000000,0.000000000,0.000000000
1.579166414,0.000000000,0.000000000,0.000000000,0.000000000,0.000000000,9.800000000,1.000000000,0.000000000,0.000000000,0.000000000
1.583333080,0.000000000,0.000000000,0.000000000,0.000000000,0.000000000,9.800000000,1.000000000,0.000000000,0.000000000,0.000000000
1.587499746,0.000000000,0.000000000,0.000000000,0.000000000,0.000000000,9.800000000,1.000000000,0.000000000,0.000000000,0.000000000
1.591666412,0.000000000,0.000000000,0.000000000,0.000000000,0.000000000,9.800000000,1.000000000,0.000000000,0.000000000,0.000000000
1.595833078,0.000000000,0.000000000,0.000000000,0.000000000,0.000000000,9.800000000,1.000000000,0.000000000,0.000000000,0.000000000
1.604166410,0.000000000,0.000000000,0.000000000,0.000000000,0.000000000,9.800000000,1.000000000,0.000000000,0.000000000,0.000000000
1.608333076,0.000000000,0.000000000,0.000000000,0.000000000,0.000000000,9.800000000,1.000000000,0.000000000,0.000000000,0.000000000
1.612499742,0.000000000,0.000000000,0.000000000,0.000000000,0.000000000,9.800000000,1.000000000,0.000000000,0.000000000,0.000000000
1.616666408,0.000000000,0.000000000,0.000000000,0.000000000,0.000000000,9.800000000,1.000000000,0.000000000,0.000000000,0.000000000
1.620833074,0.000000000,0.000000000,0.000000000,0.000000000,0.000000000,9.800000000,1.000000000,0.000000000,0.000000000,0.000000000
1.629166406,0.000000000,0.000000000,0.000000000,0.000000000,0.000000000,9.800000000,1.000000000,0.000000000,0.000000000,0.000000000
1.633333072,0.000000000,0.000000000,0.000000000,0.000000000,0.000000000,9.800000000,1.000000000,0.000000000,0.000000000,0.000000000
1.637499738,0.000000000,0.000000000,0.000000000,0.000000000,0.000000000,9.800000000,1.000000000,0.000000000,0.000000000,0.000000000
1.641666404,0.000000000,0.000000000,0.000000000,0.000000000,0.000000000,9.800000000,1.000000000,0.000000000,0.000000000,0.000000000
1.645833070,0.000000000,0.000000000,0.000000000,0.000000000,0.000000000,9.800000000,1.000000000,0.000000000,0.000000000,0.000000000
1.654166402,0.000000000,0.000000000,0.000000000,0.000000000,0.000000000,9.800000000,1.000000000,0.000000000,0.000000000,0.000000000
1.658333068,0.000000000,0.000000000,0.000000000,0.000000000,0.000000000,9.800000000,1.000000000,0.000000000,0.000000000,0.000000000
1.662499734,0.000000000,0.000000000,0.000000000,0.000000000,0.000000000,9.800000000,1.000000000,0.000000000,0.000000000,0.000000000
1.666666400,0.000000000,0.000000000,0.000000000,0.000000000,0.000000000,9.800000000,1.000000000,0.000000000,0.000000000,0.000000000
1.670833066,0.000000000,0.000000000,0.000000000,0.000000000,0.000000000,9.800000000,1.000000000,0.000000000,0.000000000,0.000000000
1.679166398,0.000000000,0.000000000,0.000000000,0.000000000,0.000000000,9.800000000,1.000000000,0.000000000,0.000000000,0.000000000
1.683333064,0.000000000,0.000000000,0.000000000,0.000000000,0.000000000,9.800000000,1.000000000,0.000000000,0.000000000,0.000000000
1.687499730,0.000000000,0.000000000,0.000000000,0.000000000,0.000000000,9.800000000,1.000000000,0.000000000,0.000000000,0.000000000
1.691666396,0.000000000,0.000000000,0.000000000,0.000000000,0.000000000,9.800000000,1.000000000,0.000000000,0.000000000,0.000000000
1.695833062,0.000000000,0.000000000,0.000000000,0.000000000,0.000000000,9.800000000,1.000000000,0.000000000,0.000000000,0.000000000
1.704166394,0.000000000,0.000000000,0.000000000,0.000000000,0.000000000,9.800000000,1.000000000,0.000000000,0.000000000,0.000000000
1.708333060,0.000000000,0.000000000,0.000000000,0.000000000,0.000000000,9.800000000,1.000000000,0.000000000,0.000000000,0.000000000
1.712499726,0.000000000,0.000000000,0.000000000,0.000000000,0.000000000,9.800000000,1.000000000,0.000000000,0.000000000,0.000000000
1.716666392,0.000000000,0.000000000,0.000000000,0.000000000,0.000000000,9.800000000,1.000000000,0.000000000,0.000000000,0.000000000
1.720833058,0.000000000,0.000000000,0.000000000,0.000000000,0.000000000,9.800000000,1.000000000,0.000000000,0.000000000,0.000000000
1.729166390,0.000000000,0.000000000,0.000000000,0.000000000,0.000000000,9.800000000,1.000000000,0.000000000,0.000000000,0.000000000
1.733333056,0.000000000,0.000000000,0.000000000,0.000000000,0.000000000,9.800000000,1.000000000,0.000000000,0.000000000,0.000000000
1.737499722,0.000000000,0.000000000,0.000000000,0.000000000,0.000000000,9.800000000,1.000000000,0.000000000,0.000000000,0.000000000
1.741666388,0.000000000,0.000000000,0.000000000,0.000000000,0.000000000,9.800000000,1.000000000,0.000000000,0.000000000,0.000000000
1.745833054,0.000000000,0.000000000,0.000000000,0.000000000,0.000000000,9.800000000,1.000000000,0.000000000,0.000000000,0.000000000
1.754166386,0.000000000,0.000000000,0.000000000,0.000000000,0.000000000,9.800000000,1.000000000,0.000000000,0.000000000,0.000000000
1.758333052,0.000000000,0.000000000,0.000000000,0.000000000,0.000000000,9.800000000,1.000000000,0.000000000,0.000000000,0.000000000
1.762499718,0.000000000,0.000000000,0.000000000,0.000000000,0.000000000,9.800000000,1.000000000,0.000000000,0.000000000,0.000000000
1.766666384,0.000000000,0.000000000,0.000000000,0.000000000,0.000000000,9.800000000,1.000000000,0.000000000,0.000000000,0.000000000
1.770833050,0.000000000,0.000000000,0.000000000,0.000000000,0.000000000,9.800000000,1.000000000,0.000000000,0.000000000,0.000000000
1.779166382,0.000000000,0.000000000,0.000000000,0.000000000,0.000000000,9.800000000,1.000000000,0.000000000,0.000000000,0.000000000
1.783333048,0.000000000,0.000000000,0.000000000,0.000000000,0.000000000,9.800000000,1.000000000,0.000000000,0.000000000,0.000000000
1.787499714,0.000000000,0.000000000,0.000000000,0.000000000,0.000000000,9.800000000,1.000000000,0.000000000,0.000000000,0.000000000
1.791666380,0.000000000,0.000000000,0.000000000,0.000000000,0.000000000,9.800000000,1.000000000,0.000000000,0.000000000,0.000000000
1.795833046,0.000000000,0.000000000,0.000000000,0.000000000,0.000000000,9.800000000,1.000000000,0.000000000,0.000000000,0.000000000
1.804166378,0.000000000,0.000000000,0.000000000,0.000000000,0.000000000,9.800000000,1.000000000,0.000000000,0.000000000,0.000000000
1.808333044,0.000000000,0.000000000,0.000000000,0.000000000,0.000000000,9.800000000,1.000000000,0.000000000,0.000000000,0.000000000
1.812499710,0.000000000,0.000000000,0.000000000,0.000000000,0.000000000,9.800000000,1.000000000,0.000000000,0.000000000,0.000000000
1.816666376,0.000000000,0.000000000,0.000000000,0.000000000,0.000000000,9.800000000,1.000000000,0.000000000,0.000000000,0.000000000
1.820833042,0.000000000,0.000000000,0.000000000,0.000000000,0.000000000,9.800000000,1.000000000,0.000000000,0.000000000,0.000000000
1.829166374,0.000000000,0.000000000,0.000000000,0.000000000,0.000000000,9.800000000,1.000000000,0.000000000,0.000000000,0.000000000
1.833333040,0.000000000,0.000000000,0.000000000,0.000000000,0.000000000,9.800000000,1.000000000,0.000000000,0.000000000,0.000000000
1.837499706,0.000000000,0.000000000,0.000000000,0.000000000,0.000000000,9.800000000,1.000000000,0.000000000,0.000000000,0.000000000
1.841666372,0.000000000,0.000000000,0.000000000,0.000000000,0.000000000,9.800000000,1.000000000,0.000000000,0.000000000,0.000000000
1.845833038,0.000000000,0.000000000,0.000000000,0.000000000,0.000000000,9.800000000,1.000000000,0.000000000,0.000000000,0.000000000
1.854166370,0.000000000,0.000000000,0.000000000,0.000000000,0.000000000,9.800000000,1.000000000,0.000000000,0.000000000,0.000000000
1.858333036,0.000000000,0.000000000,0.000000000,0.000000000,0.000000000,9.800000000,1.000000000,0.000000000,0.000000000,0.000000000
1.862499702,0.000000000,0.000000000,0.000000000,0.000000000,0.000000000,9.800000000,1.000000000,0.000000000,0.000000000,0.000000000
1.866666368,0.000000000,0.000000000,0.000000000,0.000000000,0.000000000,9.800000000,1.000000000,0.000000000,0.000000000,0.000000000
1.870833034,0.000000000,0.000000000,0.000000000,0.000000000,0.000000000,9.800000000,1.000000000,0.000000000,0.000000000,0.000000000
1.879166366,0.000000000,0.000000000,0.000000000,0.000000000,0.000000000,9.800000000,1.000000000,0.000000000,0.000000000,0.000000000
1.883333032,0.000000000,0.000000000,0.000000000,0.000000000,0.000000000,9.800000000,1.000000000,0.000000000,0.000000000,0.000000000
1.887499698,0.000000000,0.000000000,0.000000000,0.000000000,0.000000000,9.800000000,1.000000000,0.000000000,0.000000000,0.000000000
1.891666364,0.000000000,0.000000000,0.000000000,0.000000000,0.000000000,9.800000000,1.000000000,0.000000000,0.000000000,0.000000000
1.895833030,0.000000000,0.000000000,0.000000000,0.000000000,0.000000000,9.800000000,1.000000000,0.000000000,0.000000000,0.000000000
1.904166362,0.000000000,0.000000000,0.000000000,0.000000000,0.000000000,9.800000000,1.000000000,0.000000000,0.000000000,0.000000000
1.908333028,0.000000000,0.000000000,0.000000000,0.000000000,0.000000000,9.800000000,1.000000000,0.000000000,0.000000000,0.000000000
1.912499694,0.000000000,0.000000000,0.000000000,0.000000000,0.000000000,9.800000000,1.000000000,0.000000000,0.000000000,0.000000000
1.916666360,0.000000000,0.000000000,0.000000000,0.000000000,0.000000000,9.800000000,1.000000000,0.000000000,0.000000000,0.000000000
1.920833026,0.000000000,0.000000000,0.000000000,0.000000000,0.000000000,9.800000000,1.000000000,0.000000000,0.000000000,0.000000000
1.929166358,0.000000000,0.000000000,0.000000000,0.000000000,0.000000000,9.800000000,1.000000000,0.000000000,0.000000000,0.000000000
1.933333024,0.000000000,0.000000000,0.000000000,0.000000000,0.000000000,9.800000000,1.000000000,0.000000000,0.000000000,0.000000000
1.937499690,0.000000000,0.000000000,0.000000000,0.000000000,0.000000000,9.800000000,1.000000000,0.000000000,0.000000000,0.000000000
1.941666356,0.000000000,0.000000000,0.000000000,0.000000000,0.000000000,9.800000000,1.000000000,0.000000000,0.000000000,0.000000000
1.945833022,0.000000000,0.000000000,0.000000000,0.000000000,0.000000000,9.800000000,1.000000000,0.000000000,0.000000000,0.000000000
1.954166354,0.000000000,0.000000000,0.000000000,0.000000000,0.000000000,9.800000000,1.000000000,0.000000000,0.000000000,0.000000000
1.958333020,0.000000000,0.000000000,0.000000000,0.000000000,0.000000000,9.800000000,1.000000000,0.000000000,0.000000000,0.000000000
1.962499686,0.000000000,0.000000000,0.000000000,0.000000000,0.000000000,9.800000000,1.000000000,0.000000000,0.000000000,0.000000000
1.966666352,0.000000000,0.000000000,0.000000000,0.000000000,0.000000000,9.800000000,1.000000000,0.000000000,0.000000000,0.000000000
1.970833018,0.000000000,0.000000000,0.000000000,0.000000000,0.000000000,9.800000000,1.000000000,0.000000000,0.000000000,0.000000000
1.979166350,0.000000000,0.000000000,0.000000000,0.000000000,0.000000000,9.800000000,1.000000000,0.000000000,0.000000000,0.000000000
1.983333016,0.000000000,0.000000000,0.000000000,0.000000000,0.000000000,9.800000000,1.000000000,0.000000000,0.000000000,0.000000000
1.987499682,0.000000000,0.000000000,0.000000000,0.000000000,0.000000000,9.800000000,1.000000000,0.000000000,0.000000000,0.000000000
1.991666348,0.000000000,0.000000000,0.000000000,0.000000000,0.000000000,9.800000000,1.000000000,0.000000000,0.000000000,0.000000000
1.995833014,0.000000000,0.000000000,0.000000000,0.000000000,0.000000000,9.800000000,1.000000000,0.000000000,0.000000000,0.000000000
2.004166346,0.000000000,0.000000000,0.000000000,0.000000000,0.000000000,9.800000000,1.000000000,0.000000000,0.000000000,0.000000000
2.008333012,0.000000000,0.000000000,0.000000000,0.000000000,0.000000000,9.800000000,1.000000000,0.000000000,0.000000000,0.000000000
2.012499678,0.000000000,0.000000000,0.000000000,0.000000000,0.000000000,9.800000000,1.000000000,0.000000000,0.000000000,0.000000000
2.016666344,0.000000000,0.000000000,0.000000000,0.000000000,0.000000000,9.800000000,1.000000000,0.000000000,0.000000000,0.000000000
2.020833010,0.000000000,0.000000000,0.000000000,0.000000000,0.000000000,9.800000000,1.000000000,0.000000000,0.000000000,0.000000000
2.029166342,0.000000000,0.000000000,0.000000000,0.000000000,0.000000000,9.800000000,1.000000000,0.000000000,0.000000000,0.000000000
2.033333008,0.000000000,0.000000000,0.000000000,0.000000000,0.000000000,9.800000000,1.000000000,0.000000000,0.000000000,0.000000000
2.037499674,0.000000000,0.000000000,0.000000000,0.000000000,0.000000000,9.800000000,1.000000000,0.000000000,0.000000000,0.000000000
2.041666340,0.000000000,0.000000000,0.000000000,0.000000000,0.000000000,9.800000000,1.000000000,0.000000000,0.000000000,0.000000000
2.045833006,0.000000000,0.000000000,0.000000000,0.000000000,0.000000000,9.800000000,1.000000000,0.000000000,0.000000000,0.000000000
2.054166338,0.000000000,0.000000000,0.000000000,0.000000000,0.000000000,9.800000000,1.000000000,0.000000000,0.000000000,0.000000000
2.058333004,0.000000000,0.000000000,0.000000000,0.000000000,0.000000000,9.800000000,1.000000000,0.000000000,0.000000000,0.000000000
2.062499670,0.000000000,0.000000000,0.000000000,0.000000000,0.000000000,9.800000000,1.000000000,0.000000000,0.000000000,0.000000000
2.066666336,0.000000000,0.000000000,0.000000000,0.000000000,0.000000000,9.800000000,1.000000000,0.000000000,0.000000000,0.000000000
2.070833002,0.000000000,0.000000000,0.000000000,0.000000000,0.000000000,9.800000000,1.000000000,0.000000000,0.000000000,0.000000000
2.079166334,0.000000000,0.000000000,0.000000000,0.000000000,0.000000000,9.800000000,1.000000000,0.000000000,0.000000000,0.000000000
2.083333000,0.000000000,0.000000000,0.000000000,0.000000000,0.000000000,9.800000000,1.000000000,0.000000000,0.000000000,0.000000000
2.087499666,0.000000000,0.000000000,0.000000000,0.000000000,0.000000000,9.800000000,1.000000000,0.000000000,0.000000000,0.000000000
2.091666332,0.000000000,0.000000000,0.000000000,0.000000000,0.000000000,9.800000000,1.000000000,0.000000000,0.000000000,0.000000000
2.095832998,0.000000000,0.000000000,0.000000000,0.000000000,0.000000000,9.800000000,1.000000000,0.000000000,0.000000000,0.000000000
2.104166330,0.000000000,0.000000000,0.000000000,0.000000000,0.000000000,9.800000000,1.000000000,0.000000000,0.000000000,0.000000000
2.108332996,0.000000000,0.000000000,0.000000000,0.000000000,0.000000000,9.800000000,1.000000000,0.000000000,0.000000000,0.000000000
2.112499662,0.000000000,0.000000000,0.000000000,0.000000000,0.000000000,9.800000000,1.000000000,0.000000000,0.000000000,0.000000000
2.116666328,0.000000000,0.000000000,0.000000000,0.000000000,0.000000000,9.800000000,1.000000000,0.000000000,0.000000000,0.000000000
2.120832994,0.000000000,0.000000000,0.000000000,0.000000000,0.000000000,9.800000000,1.000000000,0.000000000,0.000000000,0.000000000
2.129166326,0.000000000,0.000000000,0.000000000,0.000000000,0.000000000,9.800000000,1.000000000,0.000000000,0.000000000,0.000000000
2.133332992,0.000000000,0.000000000,0.000000000,0.000000000,0.000000000,9.800000000,1.000000000,0.000000000,0.000000000,0.000000000
2.137499658,0.000000000,0.000000000,0.000000000,0.000000000,0.000000000,9.800000000,1.000000000,0.000000000,0.000000000,0.000000000
2.141666324,0.000000000,0.000000000,0.000000000,0.000000000,0.000000000,9.800000000,1.000000000,0.000000000,0.000000000,0.000000000
2.145832990,0.000000000,0.000000000,0.000000000,0.000000000,0.000000000,9.800000000,1.000000000,0.000000000,0.000000000,0.000000000
2.154166322,0.000000000,0.000000000,0.000000000,0.000000000,0.000000000,9.800000000,1.000000000,0.000000000,0.000000000,0.000000000
2.158332988,0.000000000,0.000000000,0.000000000,0.000000000,0.000000000,9.800000000,1.000000000,0.000000000,0.000000000,0.000000000
2.162499654,0.000000000,0.000000000,0.000000000,0.000000000,0.000000000,9.800000000,1.000000000,0.000000000,0.000000000,0.000000000
2.166666320,0.000000000,0.000000000,0.000000000,0.000000000,0.000000000,9.800000000,1.000000000,0.000000000,0.000000000,0.000000000
2.170832986,0.000000000,0.000000000,0.000000000,0.000000000,0.000000000,9.800000000,1.000000000,0.000000000,0.000000000,0.000000000
2.179166318,0.000000000,0.000000000,0.000000000,0.000000000,0.000000000,9.800000000,1.000000000,0.000000000,0.000000000,0.000000000
2.183332984,0.000000000,0.000000000,0.000000000,0.000000000,0.000000000,9.800000000,1.000000000,0.000000000,0.000000000,0.000000000
2.187499650,0.000000000,0.000000000,0.000000000,0.000000000,0.000000000,9.800000000,1.000000000,0.000000000,0.000000000,0.000000000
2.191666316,0.000000000,0.000000000,0.000000000,0.000000000,0.000000000,9.800000000,1.000000000,0.000000000,0.000000000,0.000000000
2.195832982,0.000000000,0.000000000,0.000000000,0.000000000,0.000000000,9.800000000,1.000000000,0.000000000,0.000000000,0.000000000
2.204166314,0.000000000,0.000000000,0.000000000,0.000000000,0.000000000,9.800000000,1.000000000,0.000000000,0.000000000,0.000000000
2.208332980,0.000000000,0.000000000,0.000000000,0.000000000,0.000000000,9.800000000,1.000000000,0.000000000,0.000000000,0.000000000
2.212499646,0.000000000,0.000000000,0.000000000,0.000000000,0.000000000,9.800000000,1.000000000,0.000000000,0.000000000,0.000000000
2.216666312,0.000000000,0.000000000,0.000000000,0.000000000,0.000000000,9.800000000,1.000000000,0.000000000,0.000000000,0.000000000
2.220832978,0.000000000,0.000000000,0.000000000,0.000000000,0.000000000,9.800000000,1.000000000,0.000000000,0.000000000,0.000000000
2.229166310,0.000000000,0.000000000,0.000000000,0.000000000,0.000000000,9.800000000,1.000000000,0.000000000,0.000000000,0.000000000
2.233332976,0.000000000,0.000000000,0.000000000,0.000000000,0.000000000,9.800000000,1.000000000,0.000000000,0.000000000,0.000000000
2.237499642,0.000000000,0.000000000,0.000000000,0.000000000,0.000000000,9.800000000,1.000000000,0.000000000,0.000000000,0.000000000
2.241666308,0.000000000,0.000000000,0.000000000,0.000000000,0.000000000,9.800000000,1.000000000,0.000000000,0.000000000,0.000000000
2.245832974,0.000000000,0.000000000,0.000000000,0.000000000,0.000000000,9.800000000,1.000000000,0.000000000,0.000000000,0.000000000
2.254166306,0.000000000,0.000000000,0.000000000,0.000000000,0.000000000,9.800000000,1.000000000,0.000000000,0.000000000,0.000000000
2.258332972,0.000000000,0.000000000,0.000000000,0.000000000,0.000000000,9.800000000,1.000000000,0.000000000,0.000000000,0.000000000
2.262499638,0.000000000,0.000000000,0.000000000,0.000000000,0.000000000,9.800000000,1.000000000,0.000000000,0.000000000,0.000000000
2.266666304,0.000000000,0.000000000,0.000000000,0.000000000,0.000000000,9.800000000,1.000000000,0.000000000,0.000000000,0.000000000
2.270832970,0.000000000,0.000000000,0.000000000,0.000000000,0.000000000,9.800000000,1.000000000,0.000000000,0.000000000,0.000000000
2.279166302,0.000000000,0.000000000,0.000000000,0.000000000,0.000000000,9.800000000,1.000000000,0.000000000,0.000000000,0.000000000
2.283332968,0.000000000,0.000000000,0.000000000,0.000000000,0.000000000,9.800000000,1.000000000,0.000000000,0.000000000,0.000000000
2.287499634,0.000000000,0.000000000,0.000000000,0.000000000,0.000000000,9.800000000,1.000000000,0.000000000,0.000000000,0.000000000
2.291666300,0.000000000,0.000000000,0.000000000,0.000000000,0.000000000,9.800000000,1.000000000,0.000000000,0.000000000,0.000000000
2.295832966,0.000000000,0.000000000,0.000000000,0.000000000,0.000000000,9.800000000,1.000000000,0.000000000,0.000000000,0.000000000
2.304166298,0.000000000,0.000000000,0.000000000,0.000000000,0.000000000,9.800000000,1.000000000,0.000000000,0.000000000,0.000000000
2.308332964,0.000000000,0.000000000,0.000000000,0.000000000,0.000000000,9.800000000,1.000000000,0.000000000,0.000000000,0.000000000
2.312499630,0.000000000,0.000000000,0.000000000,0.000000000,0.000000000,9.800000000,1.000000000,0.000000000,0.000000000,0.000000000
2.316666296,0.000000000,0.000000000,0.000000000,0.000000000,0.000000000,9.800000000,1.000000000,0.000000000,0.000000000,0.000000000
2.320832962,0.000000000,0.000000000,0.000000000,0.000000000,0.000000000,9.800000000,1.000000000,0.000000000,0.000000000,0.000000000
2.329166294,0.000000000,0.000000000,0.000000000,0.000000000,0.000000000,9.800000000,1.000000000,0.000000000,0.000000000,0.000000000
2.333332960,0.000000000,0.000000000,0.000000000,0.000000000,0.000000000,9.800000000,1.000000000,0.000000000,0.000000000,0.000000000
2.337499626,0.000000000,0.000000000,0.000000000,0.000000000,0.000000000,9.800000000,1.000000000,0.000000000,0.000000000,0.000000000
2.341666292,0.000000000,0.000000000,0.000000000,0.000000000,0.000000000,9.800000000,1.000000000,0.000000000,0.000000000,0.000000000
2.345832958,0.000000000,0.000000000,0.000000000,0.000000000,0.000000000,9.800000000,1.000000000,0.000000000,0.000000000,0.000000000
2.354166290,0.000000000,0.000000000,0.000000000,0.000000000,0.000000000,9.800000000,1.000000000,0.000000000,0.000000000,0.000000000
2.358332956,0.000000000,0.000000000,0.000000000,0.000000000,0.000000000,9.800000000,1.000000000,0.000000000,0.000000000,0.000000000
2.362499622,0.000000000,0.000000000,0.000000000,0.000000000,0.000000000,9.800000000,1.000000000,0.000000000,0.000000000,0.000000000
2.366666288,0.000000000,0.000000000,0.000000000,0.000000000,0.000000000,9.800000000,1.000000000,0.000000000,0.000000000,0.000000000
2.370832954,0.000000000,0.000000000,0.000000000,0.000000000,0.000000000,9.800000000,1.000000000,0.000000000,0.000000000,0.000000000
2.379166286,0.000000000,0.000000000,0.000000000,0.000000000,0.000000000,9.800000000,1.000000000,0.000000000,0.000000000,0.000000000
2.383332952,0.000000000,0.000000000,0.000000000,0.000000000,0.000000000,9.800000000,1.000000000,0.000000000,0.000000000,0.000000000
2.387499618,0.000000000,0.000000000,0.000000000,0.000000000,0.000000000,9.800000000,1.000000000,0.000000000,0.000000000,0.000000000
2.391666284,0.000000000,0.000000000,0.000000000,0.000000000,0.000000000,9.800000000,1.000000000,0.000000000,0.000000000,0.000000000
2.395832950,0.000000000,0.000000000,0.000000000,0.000000000,0.000000000,9.800000000,1.000000000,0.000000000,0.000000000,0.000000000
2.404166282,0.000000000,0.000000000,0.000000000,0.000000000,0.000000000,9.800000000,1.000000000,0.000000000,0.000000000,0.000000000
2.408332948,0.000000000,0.000000000,0.000000000,0.000000000,0.000000000,9.800000000,1.000000000,0.000000000,0.000000000,0.000000000
2.412499614,0.000000000,0.000000000,0.000000000,0.000000000,0.000000000,9.800000000,1.000000000,0.000000000,0.000000000,0.000000000
2.416666280,0.000000000,0.000000000,0.000000000,0.000000000,0.000000000,9.800000000,1.000000000,0.000000000,0.000000000,0.000000000
2.420832946,0.000000000,0.000000000,0.000000000,0.000000000,0.000000000,9.800000000,1.000000000,0.000000000,0.000000000,0.000000000
2.429166278,0.000000000,0.000000000,0.000000000,0.000000000,0.000000000,9.800000000,1.000000000,0.000000000,0.000000000,0.000000000
2.433332944,0.000000000,0.000000000,0.000000000,0.000000000,0.000000000,9.800000000,1.000000000,0.000000000,0.000000000,0.000000000
2.437499610,0.000000000,0.000000000,0.000000000,0.000000000,0.000000000,9.800000000,1.000000000,0.000000000,0.000000000,0.000000000
2.441666276,0.000000000,0.000000000,0.000000000,0.000000000,0.000000000,9.800000000,1.000000000,0.000000000,0.000000000,0.000000000
2.445832942,0.000000000,0.000000000,0.000000000,0.000000000,0.000000000,9.800000000,1.000000000,0.000000000,0.000000000,0.000000000
2.454166274,0.000000000,0.000000000,0.000000000,0.000000000,0.000000000,9.800000000,1.000000000,0.000000000,0.000000000,0.000000000
2.458332940,0.000000000,0.000000000,0.000000000,0.000000000,0.000000000,9.800000000,1.000000000,0.000000000,0.000000000,0.000000000
2.462499606,0.000000000,0.000000000,0.000000000,0.000000000,0.000000000,9.800000000,1.000000000,0.000000000,0.000000000,0.000000000
2.466666272,0.000000000,0.000000000,0.000000000,0.000000000,0.000000000,9.800000000,1.000000000,0.000000000,0.000000000,0.000000000
2.470832938,0.000000000,0.000000000,0.000000000,0.000000000,0.000000000,9.800000000,1.000000000,0.000000000,0.000000000,0.000000000
2.479166270,0.000000000,0.000000000,0.000000000,0.000000000,0.000000000,9.800000000,1.000000000,0.000000000,0.000000000,0.000000000
2.483332936,0.000000000,0.000000000,0.000000000,0.000000000,0.000000000,9.800000000,1.000000000,0.000000000,0.000000000,0.000000000
2.487499602,0.000000000,0.000000000,0.000000000,0.000000000,0.000000000,9.800000000,1.000000000,0.000000000,0.000000000,0.000000000
2.491666268,0.000000000,0.000000000,0.000000000,0.000000000,0.000000000,9.800000000,1.000000000,0.000000000,0.000000000,0.000000000
2.495832934,0.000000000,0.000000000,0.000000000,0.000000000,0.000000000,9.800000000,1.000000000,0.000000000,0.000000000,0.000000000
2.504166266,0.000000000,0.000000000,0.000000000,0.000000000,0.000000000,9.800000000,1.000000000,0.000000000,0.000000000,0.000000000
2.508332932,0.000000000,0.000000000,0.000000000,0.000000000,0.000000000,9.800000000,1.000000000,0.000000000,0.000000000,0.000000000
2.512499598,0.000000000,0.000000000,0.000000000,0.000000000,0.000000000,9.800000000,1.000000000,0.000000000,0.000000000,0.000000000
2.516666264,0.000000000,0.000000000,0.000000000,0.000000000,0.000000000,9.800000000,1.000000000,0.000000000,0.000000000,0.000000000
2.520832930,0.000000000,0.000000000,0.000000000,0.000000000,0.000000000,9.800000000,1.000000000,0.000000000,0.000000000,0.000000000
2.529166262,0.000000000,0.000000000,0.000000000,0.000000000,0.000000000,9.800000000,1.000000000,0.000000000,0.000000000,0.000000000
2.533332928,0.000000000,0.000000000,0.000000000,0.000000000,0.000000000,9.800000000,1.000000000,0.000000000,0.000000000,0.000000000
2.537499594,0.000000000,0.000000000,0.000000000,0.000000000,0.000000000,9.800000000,1.000000000,0.000000000,0.000000000,0.000000000
2.541666260,0.000000000,0.000000000,0.000000000,0.000000000,0.000000000,9.800000000,1.000000000,0.000000000,0.000000000,0.000000000
2.545832926,0.000000000,0.000000000,0.000000000,0.000000000,0.000000000,9.800000000,1.000000000,0.000000000,0.000000000,0.000000000
2.554166258,0.000000000,0.000000000,0.000000000,0.000000000,0.000000000,9.800000000,1.000000000,0.000000000,0.000000000,0.000000000
2.558332924,0.000000000,0.000000000,0.000000000,0.000000000,0.000000000,9.800000000,1.000000000,0.000000000,0.000000000,0.000000000
2.562499590,0.000000000,0.000000000,0.000000000,0.000000000,0.000000000,9.800000000,1.000000000,0.000000000,0.000000000,0.000000000
2.566666256,0.000000000,0.000000000,0.000000000,0.000000000,0.000000000,9.800000000,1.000000000,0.000000000,0.000000000,0.000000000
2.570832922,0.000000000,0.000000000,0.000000000,0.000000000,0.000000000,9.800000000,1.000000000,0.000000000,0.000000000,0.000000000
2.579166254,0.000000000,0.000000000,0.000000000,0.000000000,0.000000000,9.800000000,1.000000000,0.000000000,0.000000000,0.000000000
2.583332920,0.000000000,0.000000000,0.000000000,0.000000000,0.000000000,9.800000000,1.000000000,0.000000000,0.000000000,0.000000000
2.587499586,0.000000000,0.000000000,0.000000000,0.000000000,0.000000000,9.800000000,1.000000000,0.000000000,0.000000000,0.000000000
2.591666252,0.000000000,0.000000000,0.000000000,0.000000000,0.000000000,9.800000000,1.000000000,0.000000000,0.000000000,0.000000000
2.595832918,0.000000000,0.000000000,0.000000000,0.000000000,0.000000000,9.800000000,1.000000000,0.000000000,0.000000000,0.000000000
2.604166250,0.000000000,0.000000000,0.000000000,0.000000000,0.000000000,9.800000000,1.000000000,0.000000000,0.000000000,0.000000000
2.608332916,0.000000000,0.000000000,0.000000000,0.000000000,0.000000000,9.800000000,1.000000000,0.000000000,0.000000000,0.000000000
2.612499582,0.000000000,0.000000000,0.000000000,0.000000000,0.000000000,9.800000000,1.000000000,0.000000000,0.000000000,0.000000000
2.616666248,0.000000000,0.000000000,0.000000000,0.000000000,0.000000000,9.800000000,1.000000000,0.000000000,0.000000000,0.000000000
2.620832914,0.000000000,0.000000000,0.000000000,0.000000000,0.000000000,9.800000000,1.000000000,0.000000000,0.000000000,0.000000000
2.629166246,0.000000000,0.000000000,0.000000000,0.000000000,0.000000000,9.800000000,1.000000000,0.000000000,0.000000000,0.000000000
2.633332912,0.000000000,0.000000000,0.000000000,0.000000000,0.000000000,9.800000000,1.000000000,0.000000000,0.000000000,0.000000000
2.637499578,0.000000000,0.000000000,0.000000000,0.000000000,0.000000000,9.800000000,1.000000000,0.000000000,0.000000000,0.000000000
2.641666244,0.000000000,0.000000000,0.000000000,0.000000000,0.000000000,9.800000000,1.000000000,0.000000000,0.000000000,0.000000000
2.645832910,0.000000000,0.000000000,0.000000000,0.000000000,0.000000000,9.800000000,1.000000000,0.000000000,0.000000000,0.000000000
2.654166242,0.000000000,0.000000000,0.000000000,0.000000000,0.000000000,9.800000000,1.000000000,0.000000000,0.000000000,0.000000000
2.658332908,0.000000000,0.000000000,0.000000000,0.000000000,0.000000000,9.800000000,1.000000000,0.000000000,0.000000000,0.000000000
2.662499574,0.000000000,0.000000000,0.000000000,0.000000000,0.000000000,9.800000000,1.000000000,0.000000000,0.000000000,0.000000000
2.666666240,0.000000000,0.000000000,0.000000000,0.000000000,0.000000000,9.800000000,1.000000000,0.000000000,0.000000000,0.000000000
2.670832906,0.000000000,0.000000000,0.000000000,0.000000000,0.000000000,9.800000000,1.000000000,0.000000000,0.000000000,0.000000000
2.679166238,0.000000000,0.000000000,0.000000000,0.000000000,0.000000000,9.800000000,1.000000000,0.000000000,0.000000000,0.000000000
2.683332904,0.000000000,0.000000000,0.000000000,0.000000000,0.000000000,9.800000000,1.000000000,0.000000000,0.000000000,0.000000000
2.687499570,0.000000000,0.000000000,0.000000000,0.000000000,0.000000000,9.800000000,1.000000000,0.000000000,0.000000000,0.000000000
2.691666236,0.000000000,0.000000000,0.000000000,0.000000000,0.000000000,9.800000000,1.000000000,0.000000000,0.000000000,0.000000000
2.695832902,0.000000000,0.000000000,0.000000000,0.000000000,0.000000000,9.800000000,1.000000000,0.000000000,0.000000000,0.000000000
2.704166234,0.000000000,0.000000000,0.000000000,0.000000000,0.000000000,9.800000000,1.000000000,0.000000000,0.000000000,0.000000000
2.708332900,0.000000000,0.000000000,0.000000000,0.000000000,0.000000000,9.800000000,1.000000000,0.000000000,0.000000000,0.000000000
2.712499566,0.000000000,0.000000000,0.000000000,0.000000000,0.000000000,9.800000000,1.000000000,0.000000000,0.000000000,0.000000000
2.716666232,0.000000000,0.000000000,0.000000000,0.000000000,0.000000000,9.800000000,1.000000000,0.000000000,0.000000000,0.000000000
2.720832898,0.000000000,0.000000000,0.000000000,0.000000000,0.000000000,9.800000000,1.000000000,0.000000000,0.000000000,0.000000000
2.729166230,0.000000000,0.000000000,0.000000000,0.000000000,0.000000000,9.800000000,1.000000000,0.000000000,0.000000000,0.000000000
2.733332896,0.000000000,0.000000000,0.000000000,0.000000000,0.000000000,9.800000000,1.000000000,0.000000000,0.000000000,0.000000000
2.737499562,0.000000000,0.000000000,0.000000000,0.000000000,0.000000000,9.800000000,1.000000000,0.000000000,0.000000000,0.000000000
2.741666228,0.000000000,0.000000000,0.000000000,0.000000000,0.000000000,9.800000000,1.000000000,0.000000000,0.000000000,0.000000000
2.745832894,0.000000000,0.000000000,0.000000000,0.000000000,0.000000000,9.800000000,1.000000000,0.000000000,0.000000000,0.000000000
2.754166226,0.000000000,0.000000000,0.000000000,0.000000000,0.000000000,9.800000000,1.000000000,0.000000000,0.000000000,0.000000000
2.758332892,0.000000000,0.000000000,0.000000000,0.000000000,0.000000000,9.800000000,1.000000000,0.000000000,0.000000000,0.000000000
2.762499558,0.000000000,0.000000000,0.000000000,0.000000000,0.000000000,9.800000000,1.000000000,0.000000000,0.000000000,0.000000000
2.766666224,0.000000000,0.000000000,0.000000000,0.000000000,0.000000000,9.800000000,1.000000000,0.000000000,0.000000000,0.000000000
2.770832890,0.000000000,0.000000000,0.000000000,0.000000000,0.000000000,9.800000000,1.000000000,0.000000000,0.000000000,0.000000000
2.779166222,0.000000000,0.000000000,0.000000000,0.000000000,0.000000000,9.800000000,1.000000000,0.000000000,0.000000000,0.000000000
2.783332888,0.000000000,0.000000000,0.000000000,0.000000000,0.000000000,9.800000000,1.000000000,0.000000000,0.000000000,0.000000000
2.787499554,0.000000000,0.000000000,0.000000000,0.000000000,0.000000000,9.800000000,1.000000000,0.000000000,0.000000000,0.000000000
2.791666220,0.000000000,0.000000000,0.000000000,0.000000000,0.000000000,9.800000000,1.000000000,0.000000000,0.000000000,0.000000000
2.795832886,0.000000000,0.000000000,0.000000000,0.000000000,0.000000000,9.800000000,1.000000000,0.000000000,0.000000000,0.000000000
2.804166218,0.000000000,0.000000000,0.000000000,0.000000000,0.000000000,9.800000000,1.000000000,0.000000000,0.000000000,0.000000000
2.808332884,0.000000000,0.000000000,0.000000000,0.000000000,0.000000000,9.800000000,1.000000000,0.000000000,0.000000000,0.000000000
2.812499550,0.000000000,0.000000000,0.000000000,0.000000000,0.000000000,9.800000000,1.000000000,0.000000000,0.000000000,0.000000000
2.816666216,0.000000000,0.000000000,0.000000000,0.000000000,0.000000000,9.800000000,1.000000000,0.000000000,0.000000000,0.000000000
2.820832882,0.000000000,0.000000000,0.000000000,0.000000000,0.000000000,9.800000000,1.000000000,0.000000000,0.000000000,0.000000000
2.829166214,0.000000000,0.000000000,0.000000000,0.000000000,0.000000000,9.800000000,1.000000000,0.000000000,0.000000000,0.000000000
2.833332880,0.000000000,0.000000000,0.000000000,0.000000000,0.000000000,9.800000000,1.000000000,0.000000000,0.000000000,0.000000000
2.837499546,0.000000000,0.000000000,0.000000000,0.000000000,0.000000000,9.800000000,1.000000000,0.000000000,0.000000000,0.000000000
2.841666212,0.000000000,0.000000000,0.000000000,0.000000000,0.000000000,9.800000000,1.000000000,0.000000000,0.000000000,0.000000000
2.845832878,0.000000000,0.000000000,0.000000000,0.000000000,0.000000000,9.800000000,1.000000000,0.000000000,0.000000000,0.000000000
2.854166210,0.000000000,0.000000000,0.000000000,0.000000000,0.000000000,9.800000000,1.000000000,0.000000000,0.000000000,0.000000000
2.858332876,0.000000000,0.000000000,0.000000000,0.000000000,0.000000000,9.800000000,1.000000000,0.000000000,0.000000000,0.000000000
2.862499542,0.000000000,0.000000000,0.000000000,0.000000000,0.000000000,9.800000000,1.000000000,0.000000000,0.000000000,0.000000000
2.866666208,0.000000000,0.000000000,0.000000000,0.000000000,0.000000000,9.800000000,1.000000000,0.000000000,0.000000000,0.000000000
2.870832874,0.000000000,0.000000000,0.000000000,0.000000000,0.000000000,9.800000000,1.000000000,0.000000000,0.000000000,0.000000000
2.879166206,0.000000000,0.000000000,0.000000000,0.000000000,0.000000000,9.800000000,1.000000000,0.000000000,0.000000000,0.000000000
2.883332872,0.000000000,0.000000000,0.000000000,0.000000000,0.000000000,9.800000000,1.000000000,0.000000000,0.000000000,0.000000000
2.887499538,0.000000000,0.000000000,0.000000000,0.000000000,0.000000000,9.800000000,1.000000000,0.000000000,0.000000000,0.000000000
2.891666204,0.000000000,0.000000000,0.000000000,0.000000000,0.000000000,9.800000000,1.000000000,0.000000000,0.000000000,0.000000000
2.895832870,0.000000000,0.000000000,0.000000000,0.000000000,0.000000000,9.800000000,1.000000000,0.000000000,0.000000000,0.000000000
2.904166202,0.000000000,0.000000000,0.000000000,0.000000000,0.000000000,9.800000000,1.000000000,0.000000000,0.000000000,0.000000000
2.908332868,0.000000000,0.000000000,0.000000000,0.000000000,0.000000000,9.800000000,1.000000000,0.000000000,0.000000000,0.000000000
2.912499534,0.000000000,0.000000000,0.000000000,0.000000000,0.000000000,9.800000000,1.000000000,0.000000000,0.000000000,0.000000000
2.916666200,0.000000000,0.000000000,0.000000000,0.000000000,0.000000000,9.800000000,1.000000000,0.000000000,0.000000000,0.000000000
2.920832866,0.000000000,0.000000000,0.000000000,0.000000000,0.000000000,9.800000000,1.000000000,0.000000000,0.000000000,0.000000000
2.929166198,0.000000000,0.000000000,0.000000000,0.000000000,0.000000000,9.800000000,1.000000000,0.000000000,0.000000000,0.000000000
2.933332864,0.000000000,0.000000000,0.000000000,0.000000000,0.000000000,9.800000000,1.000000000,0.000000000,0.000000000,0.000000000
2.937499530,0.000000000,0.000000000,0.000000000,0.000000000,0.000000000,9.800000000,1.000000000,0.000000000,0.000000000,0.000000000
2.941666196,0.000000000,0.000000000,0.000000000,0.000000000,0.000000000,9.800000000,1.000000000,0.000000000,0.000000000,0.000000000
2.945832862,0.000000000,0.000000000,0.000000000,0.000000000,0.000000000,9.800000000,1.000000000,0.000000000,0.000000000,0.000000000
2.954166194,0.000000000,0.000000000,0.000000000,0.000000000,0.000000000,9.800000000,1.000000000,0.000000000,0.000000000,0.000000000
2.958332860,0.000000000,0.000000000,0.000000000,0.000000000,0.000000000,9.800000000,1.000000000,0.000000000,0.000000000,0.000000000
2.962499526,0.000000000,0.000000000,0.000000000,0.000000000,0.000000000,9.800000000,1.000000000,0.000000000,0.000000000,0.000000000
2.966666192,0.000000000,0.000000000,0.000000000,0.000000000,0.000000000,9.800000000,1.000000000,0.000000000,0.000000000,0.000000000
2.970832858,0.000000000,0.000000000,0.000000000,0.000000000,0.000000000,9.800000000,1.000000000,0.000000000,0.000000000,0.000000000
2.979166190,0.000000000,0.000000000,0.000000000,0.000000000,0.000000000,9.800000000,1.000000000,0.000000000,0.000000000,0.000000000
2.983332856,0.000000000,0.000000000,0.000000000,0.000000000,0.000000000,9.800000000,1.000000000,0.000000000,0.000000000,0.000000000
2.987499522,0.000000000,0.000000000,0.000000000,0.000000000,0.000000000,9.800000000,1.000000000,0.000000000,0.000000000,0.000000000
2.991666188,0.000000000,0.000000000,0.000000000,0.000000000,0.000000000,9.800000000,1.000000000,0.000000000,0.000000000,0.000000000
2.995832854,0.000000000,0.000000000,0.000000000,0.000000000,0.000000000,9.800000000,1.000000000,0.000000000,0.000000000,0.000000000
3.004166186,0.000000000,0.000000000,0.000000000,0.000000000,0.000000000,9.800000000,1.000000000,0.000000000,0.000000000,0.000000000
3.008332852,0.000000000,0.000000000,0.000000000,0.000000000,0.000000000,9.800000000,1.000000000,0.000000000,0.000000000,0.000000000
3.012499518,0.000000000,0.000000000,0.000000000,0.000000000,0.000000000,9.800000000,1.000000000,0.000000000,0.000000000,0.000000000
3.016666184,0.000000000,0.000000000,0.000000000,0.000000000,0.000000000,9.800000000,1.000000000,0.000000000,0.000000000,0.000000000
3.020832850,0.000000000,0.000000000,0.000000000,0.000000000,0.000000000,9.800000000,1.000000000,0.000000000,0.000000000,0.000000000
3.029166182,0.000000000,0.000000000,0.000000000,0.000000000,0.000000000,9.800000000,1.000000000,0.000000000,0.000000000,0.000000000
3.033332848,0.000000000,0.000000000,0.000000000,0.000000000,0.000000000,9.800000000,1.000000000,0.000000000,0.000000000,0.000000000
3.037499514,0.000000000,0.000000000,0.000000000,0.000000000,0.000000000,9.800000000,1.000000000,0.000000000,0.000000000,0.000000000
3.041666180,0.000000000,0.000000000,0.000000000,0.000000000,0.000000000,9.800000000,1.000000000,0.000000000,0.000000000,0.000000000
3.045832846,0.000000000,0.000000000,0.000000000,0.000000000,0.000000000,9.800000000,1.000000000,0.000000000,0.000000000,0.000000000
3.054166178,0.000000000,0.000000000,0.000000000,0.000000000,0.000000000,9.800000000,1.000000000,0.000000000,0.000000000,0.000000000
3.058332844,0.000000000,0.000000000,0.000000000,0.000000000,0.000000000,9.800000000,1.000000000,0.000000000,0.000000000,0.000000000
3.062499510,0.000000000,0.000000000,0.000000000,0.000000000,0.000000000,9.800000000,1.000000000,0.000000000,0.000000000,0.000000000
3.066666176,0.000000000,0.000000000,0.000000000,0.000000000,0.000000000,9.800000000,1.000000000,0.000000000,0.000000000,0.000000000
3.070832842,0.000000000,0.000000000,0.000000000,0.000000000,0.000000000,9.800000000,1.000000000,0.000000000,0.000000000,0.000000000
3.079166174,0.000000000,0.000000000,0.000000000,0.000000000,0.000000000,9.800000000,1.000000000,0.000000000,0.000000000,0.000000000
3.083332840,0.000000000,0.000000000,0.000000000,0.000000000,0.000000000,9.800000000,1.000000000,0.000000000,0.000000000,0.000000000
3.087499506,0.000000000,0.000000000,0.000000000,0.000000000,0.000000000,9.800000000,1.000000000,0.000000000,0.000000000,0.000000000
3.091666172,0.000000000,0.000000000,0.000000000,0.000000000,0.000000000,9.800000000,1.000000000,0.000000000,0.000000000,0.000000000
3.095832838,0.000000000,0.000000000,0.000000000,0.000000000,0.000000000,9.800000000,1.000000000,0.000000000,0.000000000,0.000000000
3.104166170,0.000000000,0.000000000,0.000000000,0.000000000,0.000000000,9.800000000,1.000000000,0.000000000,0.000000000,0.000000000
3.108332836,0.000000000,0.000000000,0.000000000,0.000000000,0.000000000,9.800000000,1.000000000,0.000000000,0.000000000,0.000000000
3.112499502,0.000000000,0.000000000,0.000000000,0.000000000,0.000000000,9.800000000,1.000000000,0.000000000,0.000000000,0.000000000
3.116666168,0.000000000,0.000000000,0.000000000,0.000000000,0.000000000,9.800000000,1.000000000,0.000000000,0.000000000,0.000000000
3.120832834,0.000000000,0.000000000,0.000000000,0.000000000,0.000000000,9.800000000,1.000000000,0.000000000,0.000000000,0.000000000
3.129166166,0.000000000,0.000000000,0.000000000,0.000000000,0.000000000,9.800000000,1.000000000,0.000000000,0.000000000,0.000000000
3.133332832,0.000000000,0.000000000,0.000000000,0.000000000,0.000000000,9.800000000,1.000000000,0.000000000,0.000000000,0.000000000
3.137499498,0.000000000,0.000000000,0.000000000,0.000000000,0.000000000,9.800000000,1.000000000,0.000000000,0.000000000,0.000000000
3.141666164,0.000000000,0.000000000,0.000000000,0.000000000,0.000000000,9.800000000,1.000000000,0.000000000,0.000000000,0.000000000
3.145832830,0.000000000,0.000000000,0.000000000,0.000000000,0.000000000,9.800000000,1.000000000,0.000000000,0.000000000,0.000000000
3.154166162,0.000000000,0.000000000,0.000000000,0.000000000,0.000000000,9.800000000,1.000000000,0.000000000,0.000000000,0.000000000
3.158332828,0.000000000,0.000000000,0.000000000,0.000000000,0.000000000,9.800000000,1.000000000,0.000000000,0.000000000,0.000000000
3.162499494,0.000000000,0.000000000,0.000000000,0.000000000,0.000000000,9.800000000,1.000000000,0.000000000,0.000000000,0.000000000
3.166666160,0.000000000,0.000000000,0.000000000,0.000000000,0.000000000,9.800000000,1.000000000,0.000000000,0.000000000,0.000000000
3.170832826,0.000000000,0.000000000,0.000000000,0.000000000,0.000000000,9.800000000,1.000000000,0.000000000,0.000000000,0.000000000
3.179166158,0.000000000,0.000000000,0.000000000,0.000000000,0.000000000,9.800000000,1.000000000,0.000000000,0.000000000,0.000000000
3.183332824,0.000000000,0.000000000,0.000000000,0.000000000,0.000000000,9.800000000,1.000000000,0.000000000,0.000000000,0.000000000
3.187499490,0.000000000,0.000000000,0.000000000,0.000000000,0.000000000,9.800000000,1.000000000,0.000000000,0.000000000,0.000000000
3.191666156,0.000000000,0.000000000,0.000000000,0.000000000,0.000000000,9.800000000,1.000000000,0.000000000,0.000000000,0.000000000
3.195832822,0.000000000,0.000000000,0.000000000,0.000000000,0.000000000,9.800000000,1.000000000,0.000000000,0.000000000,0.000000000
3.204166154,0.000000000,0.000000000,0.000000000,0.000000000,0.000000000,9.800000000,1.000000000,0.000000000,0.000000000,0.000000000
3.208332820,0.000000000,0.000000000,0.000000000,0.000000000,0.000000000,9.800000000,1.000000000,0.000000000,0.000000000,0.000000000
3.212499486,0.000000000,0.000000000,0.000000000,0.000000000,0.000000000,9.800000000,1.000000000,0.000000000,0.000000000,0.000000000
3.216666152,0.000000000,0.000000000,0.000000000,0.000000000,0.000000000,9.800000000,1.000000000,0.000000000,0.000000000,0.000000000
3.220832818,0.000000000,0.000000000,0.000000000,0.000000000,0.000000000,9.800000000,1.000000000,0.000000000,0.000000000,0.000000000
3.229166150,0.000000000,0.000000000,0.000000000,0.000000000,0.000000000,9.800000000,1.000000000,0.000000000,0.000000000,0.000000000
3.233332816,0.000000000,0.000000000,0.000000000,0.000000000,0.000000000,9.800000000,1.000000000,0.000000000,0.000000000,0.000000000
3.237499482,0.000000000,0.000000000,0.000000000,0.000000000,0.000000000,9.800000000,1.000000000,0.000000000,0.000000000,0.000000000
3.241666148,0.000000000,0.000000000,0.000000000,0.000000000,0.000000000,9.800000000,1.000000000,0.000000000,0.000000000,0.000000000
3.245832814,0.000000000,0.000000000,0.000000000,0.000000000,0.000000000,9.800000000,1.000000000,0.000000000,0.000000000,0.000000000
3.254166146,0.000000000,0.000000000,0.000000000,0.000000000,0.000000000,9.800000000,1.000000000,0.000000000,0.000000000,0.000000000
3.258332812,0.000000000,0.000000000,0.000000000,0.000000000,0.000000000,9.800000000,1.000000000,0.000000000,0.000000000,0.000000000
3.262499478,0.000000000,0.000000000,0.000000000,0.000000000,0.000000000,9.800000000,1.000000000,0.000000000,0.000000000,0.000000000
3.266666144,0.000000000,0.000000000,0.000000000,0.000000000,0.000000000,9.800000000,1.000000000,0.000000000,0.000000000,0.000000000
3.270832810,0.000000000,0.000000000,0.000000000,0.000000000,0.000000000,9.800000000,1.000000000,0.000000000,0.000000000,0.000000000
3.279166142,0.000000000,0.000000000,0.000000000,0.000000000,0.000000000,9.800000000,1.000000000,0.000000000,0.000000000,0.000000000
3.283332808,0.000000000,0.000000000,0.000000000,0.000000000,0.000000000,9.800000000,1.000000000,0.000000000,0.000000000,0.000000000
3.287499474,0.000000000,0.000000000,0.000000000,0.000000000,0.000000000,9.800000000,1.000000000,0.000000000,0.000000000,0.000000000
3.291666140,0.000000000,0.000000000,0.000000000,0.000000000,0.000000000,9.800000000,1.000000000,0.000000000,0.000000000,0.000000000
3.295832806,0.000000000,0.000000000,0.000000000,0.000000000,0.000000000,9.800000000,1.000000000,0.000000000,0.000000000,0.000000000
3.304166138,0.000000000,0.000000000,0.000000000,0.000000000,0.000000000,9.800000000,1.000000000,0.000000000,0.000000000,0.000000000
3.308332804,0.000000000,0.000000000,0.000000000,0.000000000,0.000000000,9.800000000,1.000000000,0.000000000,0.000000000,0.000000000
3.312499470,0.000000000,0.000000000,0.000000000,0.000000000,0.000000000,9.800000000,1.000000000,0.000000000,0.000000000,0.000000000
3.316666136,0.000000000,0.000000000,0.000000000,0.000000000,0.000000000,9.800000000,1.000000000,0.000000000,0.000000000,0.000000000
3.320832802,0.000000000,0.000000000,0.000000000,0.000000000,0.000000000,9.800000000,1.000000000,0.000000000,0.000000000,0.000000000
3.329166134,0.000000000,0.000000000,0.000000000,0.000000000,0.000000000,9.800000000,1.000000000,0.000000000,0.000000000,0.000000000
3.333332800,0.000000000,0.000000000,0.000000000,0.000000000,0.000000000,9.800000000,1.000000000,0.000000000,0.000000000,0.000000000
3.337499466,0.000000000,0.000000000,0.000000000,0.000000000,0.000000000,9.800000000,1.000000000,0.000000000,0.000000000,0.000000000
3.341666132,0.000000000,0.000000000,0.000000000,0.000000000,0.000000000,9.800000000,1.000000000,0.000000000,0.000000000,0.000000000
3.345832798,0.000000000,0.000000000,0.000000000,0.000000000,0.000000000,9.800000000,1.000000000,0.000000000,0.000000000,0.000000000
3.354166130,0.000000000,0.000000000,0.000000000,0.000000000,0.000000000,9.800000000,1.000000000,0.000000000,0.000000000,0.000000000
3.358332796,0.000000000,0.000000000,0.000000000,0.000000000,0.000000000,9.800000000,1.000000000,0.000000000,0.000000000,0.000000000
3.362499462,0.000000000,0.000000000,0.000000000,0.000000000,0.000000000,9.800000000,1.000000000,0.000000000,0.000000000,0.000000000
3.366666128,0.000000000,0.000000000,0.000000000,0.000000000,0.000000000,9.800000000,1.000000000,0.000000000,0.000000000,0.000000000
3.370832794,0.000000000,0.000000000,0.000000000,0.000000000,0.000000000,9.800000000,1.000000000,0.000000000,0.000000000,0.000000000
3.379166126,0.000000000,0.000000000,0.000000000,0.000000000,0.000000000,9.800000000,1.000000000,0.000000000,0.000000000,0.000000000
3.383332792,0.000000000,0.000000000,0.000000000,0.000000000,0.000000000,9.800000000,1.000000000,0.000000000,0.000000000,0.000000000
3.387499458,0.000000000,0.000000000,0.000000000,0.000000000,0.000000000,9.800000000,1.000000000,0.000000000,0.000000000,0.000000000
3.391666124,0.000000000,0.000000000,0.000000000,0.000000000,0.000000000,9.800000000,1.000000000,0.000000000,0.000000000,0.000000000
3.395832790,0.000000000,0.000000000,0.000000000,0.000000000,0.000000000,9.800000000,1.000000000,0.000000000,0.000000000,0.000000000
3.404166122,0.000000000,0.000000000,0.000000000,0.000000000,0.000000000,9.800000000,1.000000000,0.000000000,0.000000000,0.000000000
3.408332788,0.000000000,0.000000000,0.000000000,0.000000000,0.000000000,9.800000000,1.000000000,0.000000000,0.000000000,0.000000000
3.412499454,0.000000000,0.000000000,0.000000000,0.000000000,0.000000000,9.800000000,1.000000000,0.000000000,0.000000000,0.000000000
3.416666120,0.000000000,0.000000000,0.000000000,0.000000000,0.000000000,9.800000000,1.000000000,0.000000000,0.000000000,0.000000000
3.420832786,0.000000000,0.000000000,0.000000000,0.000000000,0.000000000,9.800000000,1.000000000,0.000000000,0.000000000,0.000000000
3.429166118,0.000000000,0.000000000,0.000000000,0.000000000,0.000000000,9.800000000,1.000000000,0.000000000,0.000000000,0.000000000
3.433332784,0.000000000,0.000000000,0.000000000,0.000000000,0.000000000,9.800000000,1.000000000,0.000000000,0.000000000,0.000000000
3.437499450,0.000000000,0.000000000,0.000000000,0.000000000,0.000000000,9.800000000,1.000000000,0.000000000,0.000000000,0.000000000
3.441666116,0.000000000,0.000000000,0.000000000,0.000000000,0.000000000,9.800000000,1.000000000,0.000000000,0.000000000,0.000000000
3.445832782,0.000000000,0.000000000,0.000000000,0.000000000,0.000000000,9.800000000,1.000000000,0.000000000,0.000000000,0.000000000
3.454166114,0.000000000,0.000000000,0.000000000,0.000000000,0.000000000,9.800000000,1.000000000,0.000000000,0.000000000,0.000000000
3.458332780,0.000000000,0.000000000,0.000000000,0.000000000,0.000000000,9.800000000,1.000000000,0.000000000,0.000000000,0.000000000
3.462499446,0.000000000,0.000000000,0.000000000,0.000000000,0.000000000,9.800000000,1.000000000,0.000000000,0.000000000,0.000000000
3.466666112,0.000000000,0.000000000,0.000000000,0.000000000,0.000000000,9.800000000,1.000000000,0.000000000,0.000000000,0.000000000
3.470832778,0.000000000,0.000000000,0.000000000,0.000000000,0.000000000,9.800000000,1.000000000,0.000000000,0.000000000,0.000000000
3.479166110,0.000000000,0.000000000,0.000000000,0.000000000,0.000000000,9.800000000,1.000000000,0.000000000,0.000000000,0.000000000
3.483332776,0.000000000,0.000000000,0.000000000,0.000000000,0.000000000,9.800000000,1.000000000,0.000000000,0.000000000,0.000000000
3.487499442,0.000000000,0.000000000,0.000000000,0.000000000,0.000000000,9.800000000,1.000000000,0.000000000,0.000000000,0.000000000
3.491666108,0.000000000,0.000000000,0.000000000,0.000000000,0.000000000,9.800000000,1.000000000,0.000000000,0.000000000,0.000000000
3.495832774,0.000000000,0.000000000,0.000000000,0.000000000,0.000000000,9.800000000,1.000000000,0.000000000,0.000000000,0.000000000
3.504166106,0.000000000,0.000000000,0.000000000,0.000000000,0.000000000,9.800000000,1.000000000,0.000000000,0.000000000,0.000000000
3.508332772,0.000000000,0.000000000,0.000000000,0.000000000,0.000000000,9.800000000,1.000000000,0.000000000,0.000000000,0.000000000
3.512499438,0.000000000,0.000000000,0.000000000,0.000000000,0.000000000,9.800000000,1.000000000,0.000000000,0.000000000,0.000000000
3.516666104,0.000000000,0.000000000,0.000000000,0.000000000,0.000000000,9.800000000,1.000000000,0.000000000,0.000000000,0.000000000
3.520832770,0.000000000,0.000000000,0.000000000,0.000000000,0.000000000,9.800000000,1.000000000,0.000000000,0.000000000,0.000000000
3.529166102,0.000000000,0.000000000,0.000000000,0.000000000,0.000000000,9.800000000,1.000000000,0.000000000,0.000000000,0.000000000
3.533332768,0.000000000,0.000000000,0.000000000,0.000000000,0.000000000,9.800000000,1.000000000,0.000000000,0.000000000,0.000000000
3.537499434,0.000000000,0.000000000,0.000000000,0.000000000,0.000000000,9.800000000,1.000000000,0.000000000,0.000000000,0.000000000
3.541666100,0.000000000,0.000000000,0.000000000,0.000000000,0.000000000,9.800000000,1.000000000,0.000000000,0.000000000,0.000000000
3.545832766,0.000000000,0.000000000,0.000000000,0.000000000,0.000000000,9.800000000,1.000000000,0.000000000,0.000000000,0.000000000
3.554166098,0.000000000,0.000000000,0.000000000,0.000000000,0.000000000,9.800000000,1.000000000,0.000000000,0.000000000,0.000000000
3.558332764,0.000000000,0.000000000,0.000000000,0.000000000,0.000000000,9.800000000,1.000000000,0.000000000,0.000000000,0.000000000
3.562499430,0.000000000,0.000000000,0.000000000,0.000000000,0.000000000,9.800000000,1.000000000,0.000000000,0.000000000,0.000000000
3.566666096,0.000000000,0.000000000,0.000000000,0.000000000,0.000000000,9.800000000,1.000000000,0.000000000,0.000000000,0.000000000
3.570832762,0.000000000,0.000000000,0.000000000,0.000000000,0.000000000,9.800000000,1.000000000,0.000000000,0.000000000,0.000000000
3.579166094,0.000000000,0.000000000,0.000000000,0.000000000,0.000000000,9.800000000,1.000000000,0.000000000,0.000000000,0.000000000
3.583332760,0.000000000,0.000000000,0.000000000,0.000000000,0.000000000,9.800000000,1.000000000,0.000000000,0.000000000,0.000000000
3.587499426,0.000000000,0.000000000,0.000000000,0.000000000,0.000000000,9.800000000,1.000000000,0.000000000,0.000000000,0.000000000
3.591666092,0.000000000,0.000000000,0.000000000,0.000000000,0.000000000,9.800000000,1.000000000,0.000000000,0.000000000,0.000000000
3.595832758,0.000000000,0.000000000,0.000000000,0.000000000,0.000000000,9.800000000,1.000000000,0.000000000,0.000000000,0.000000000
3.604166090,0.000000000,0.000000000,0.000000000,0.000000000,0.000000000,9.800000000,1.000000000,0.000000000,0.000000000,0.000000000
3.608332756,0.000000000,0.000000000,0.000000000,0.000000000,0.000000000,9.800000000,1.000000000,0.000000000,0.000000000,0.000000000
3.612499422,0.000000000,0.000000000,0.000000000,0.000000000,0.000000000,9.800000000,1.000000000,0.000000000,0.000000000,0.000000000
3.616666088,0.000000000,0.000000000,0.000000000,0.000000000,0.000000000,9.800000000,1.000000000,0.000000000,0.000000000,0.000000000
3.620832754,0.000000000,0.000000000,0.000000000,0.000000000,0.000000000,9.800000000,1.000000000,0.000000000,0.000000000,0.000000000
3.629166086,0.000000000,0.000000000,0.000000000,0.000000000,0.000000000,9.800000000,1.000000000,0.000000000,0.000000000,0.000000000
3.633332752,0.000000000,0.000000000,0.000000000,0.000000000,0.000000000,9.800000000,1.000000000,0.000000000,0.000000000,0.000000000
3.637499418,0.000000000,0.000000000,0.000000000,0.000000000,0.000000000,9.800000000,1.000000000,0.000000000,0.000000000,0.000000000
3.641666084,0.000000000,0.000000000,0.000000000,0.000000000,0.000000000,9.800000000,1.000000000,0.000000000,0.000000000,0.000000000
3.645832750,0.000000000,0.000000000,0.000000000,0.000000000,0.000000000,9.800000000,1.000000000,0.000000000,0.000000000,0.000000000
3.654166082,0.000000000,0.000000000,0.000000000,0.000000000,0.000000000,9.800000000,1.000000000,0.000000000,0.000000000,0.000000000
3.658332748,0.000000000,0.000000000,0.000000000,0.000000000,0.000000000,9.800000000,1.000000000,0.000000000,0.000000000,0.000000000
3.662499414,0.000000000,0.000000000,0.000000000,0.000000000,0.000000000,9.800000000,1.000000000,0.000000000,0.000000000,0.000000000
3.666666080,0.000000000,0.000000000,0.000000000,0.000000000,0.000000000,9.800000000,1.000000000,0.000000000,0.000000000,0.000000000
3.670832746,0.000000000,0.000000000,0.000000000,0.000000000,0.000000000,9.800000000,1.000000000,0.000000000,0.000000000,0.000000000
3.679166078,0.000000000,0.000000000,0.000000000,0.000000000,0.000000000,9.800000000,1.000000000,0.000000000,0.000000000,0.000000000
3.683332744,0.000000000,0.000000000,0.000000000,0.000000000,0.000000000,9.800000000,1.000000000,0.000000000,0.000000000,0.000000000
3.687499410,0.000000000,0.000000000,0.000000000,0.000000000,0.000000000,9.800000000,1.000000000,0.000000000,0.000000000,0.000000000
3.691666076,0.000000000,0.000000000,0.000000000,0.000000000,0.000000000,9.800000000,1.000000000,0.000000000,0.000000000,0.000000000
3.695832742,0.000000000,0.000000000,0.000000000,0.000000000,0.000000000,9.800000000,1.000000000,0.000000000,0.000000000,0.000000000
3.704166074,0.000000000,0.000000000,0.000000000,0.000000000,0.000000000,9.800000000,1.000000000,0.000000000,0.000000000,0.000000000
3.708332740,0.000000000,0.000000000,0.000000000,0.000000000,0.000000000,9.800000000,1.000000000,0.000000000,0.000000000,0.000000000
3.712499406,0.000000000,0.000000000,0.000000000,0.000000000,0.000000000,9.800000000,1.000000000,0.000000000,0.000000000,0.000000000
3.716666072,0.000000000,0.000000000,0.000000000,0.000000000,0.000000000,9.800000000,1.000000000,0.000000000,0.000000000,0.000000000
3.720832738,0.000000000,0.000000000,0.000000000,0.000000000,0.000000000,9.800000000,1.000000000,0.000000000,0.000000000,0.000000000
3.729166070,0.000000000,0.000000000,0.000000000,0.000000000,0.000000000,9.800000000,1.000000000,0.000000000,0.000000000,0.000000000
3.733332736,0.000000000,0.000000000,0.000000000,0.000000000,0.000000000,9.800000000,1.000000000,0.000000000,0.000000000,0.000000000
3.737499402,0.000000000,0.000000000,0.000000000,0.000000000,0.000000000,9.800000000,1.000000000,0.000000000,0.000000000,0.000000000
3.741666068,0.000000000,0.000000000,0.000000000,0.000000000,0.000000000,9.800000000,1.000000000,0.000000000,0.000000000,0.000000000
3.745832734,0.000000000,0.000000000,0.000000000,0.000000000,0.000000000,9.800000000,1.000000000,0.000000000,0.000000000,0.000000000
3.754166066,0.000000000,0.000000000,0.000000000,0.000000000,0.000000000,9.800000000,1.000000000,0.000000000,0.000000000,0.000000000
3.758332732,0.000000000,0.000000000,0.000000000,0.000000000,0.000000000,9.800000000,1.000000000,0.000000000,0.000000000,0.000000000
3.762499398,0.000000000,0.000000000,0.000000000,0.000000000,0.000000000,9.800000000,1.000000000,0.000000000,0.000000000,0.000000000
3.766666064,0.000000000,0.000000000,0.000000000,0.000000000,0.000000000,9.800000000,1.000000000,0.000000000,0.000000000,0.000000000
3.770832730,0.000000000,0.000000000,0.000000000,0.000000000,0.000000000,9.800000000,1.000000000,0.000000000,0.000000000,0.000000000
3.779166062,0.000000000,0.000000000,0.000000000,0.000000000,0.000000000,9.800000000,1.000000000,0.000000000,0.000000000,0.000000000
3.783332728,0.000000000,0.000000000,0.000000000,0.000000000,0.000000000,9.800000000,1.000000000,0.000000000,0.000000000,0.000000000
3.787499394,0.000000000,0.000000000,0.000000000,0.000000000,0.000000000,9.800000000,1.000000000,0.000000000,0.000000000,0.000000000
3.791666060,0.000000000,0.000000000,0.000000000,0.000000000,0.000000000,9.800000000,1.000000000,0.000000000,0.000000000,0.000000000
3.795832726,0.000000000,0.000000000,0.000000000,0.000000000,0.000000000,9.800000000,1.000000000,0.000000000,0.000000000,0.000000000
3.804166058,0.000000000,0.000000000,0.000000000,0.000000000,0.000000000,9.800000000,1.000000000,0.000000000,0.000000000,0.000000000
3.808332724,0.000000000,0.000000000,0.000000000,0.000000000,0.000000000,9.800000000,1.000000000,0.000000000,0.000000000,0.000000000
3.812499390,0.000000000,0.000000000,0.000000000,0.000000000,0.000000000,9.800000000,1.000000000,0.000000000,0.000000000,0.000000000
3.816666056,0.000000000,0.000000000,0.000000000,0.000000000,0.000000000,9.800000000,1.000000000,0.000000000,0.000000000,0.000000000
3.820832722,0.000000000,0.000000000,0.000000000,0.000000000,0.000000000,9.800000000,1.000000000,0.000000000,0.000000000,0.000000000
3.829166054,0.000000000,0.000000000,0.000000000,0.000000000,0.000000000,9.800000000,1.000000000,0.000000000,0.000000000,0.000000000
3.833332720,0.000000000,0.000000000,0.000000000,0.000000000,0.000000000,9.800000000,1.000000000,0.000000000,0.000000000,0.000000000
3.837499386,0.000000000,0.000000000,0.000000000,0.000000000,0.000000000,9.800000000,1.000000000,0.000000000,0.000000000,0.000000000
3.841666052,0.000000000,0.000000000,0.000000000,0.000000000,0.000000000,9.800000000,1.000000000,0.000000000,0.000000000,0.000000000
3.845832718,0.000000000,0.000000000,0.000000000,0.000000000,0.000000000,9.800000000,1.000000000,0.000000000,0.000000000,0.000000000
3.854166050,0.000000000,0.000000000,0.000000000,0.000000000,0.000000000,9.800000000,1.000000000,0.000000000,0.000000000,0.000000000
3.858332716,0.000000000,0.000000000,0.000000000,0.000000000,0.000000000,9.800000000,1.000000000,0.000000000,0.000000000,0.000000000
3.862499382,0.000000000,0.000000000,0.000000000,0.000000000,0.000000000,9.800000000,1.000000000,0.000000000,0.000000000,0.000000000
3.866666048,0.000000000,0.000000000,0.000000000,0.000000000,0.000000000,9.800000000,1.000000000,0.000000000,0.000000000,0.000000000
3.870832714,0.000000000,0.000000000,0.000000000,0.000000000,0.000000000,9.800000000,1.000000000,0.000000000,0.000000000,0.000000000
3.879166046,0.000000000,0.000000000,0.000000000,0.000000000,0.000000000,9.800000000,1.000000000,0.000000000,0.000000000,0.000000000
3.883332712,0.000000000,0.000000000,0.000000000,0.000000000,0.000000000,9.800000000,1.000000000,0.000000000,0.000000000,0.000000000
3.887499378,0.000000000,0.000000000,0.000000000,0.000000000,0.000000000,9.800000000,1.000000000,0.000000000,0.000000000,0.000000000
3.891666044,0.000000000,0.000000000,0.000000000,0.000000000,0.000000000,9.800000000,1.000000000,0.000000000,0.000000000,0.000000000
3.895832710,0.000000000,0.000000000,0.000000000,0.000000000,0.000000000,9.800000000,1.000000000,0.000000000,0.000000000,0.000000000
3.904166042,0.000000000,0.000000000,0.000000000,0.000000000,0.000000000,9.800000000,1.000000000,0.000000000,0.000000000,0.000000000
3.908332708,0.000000000,0.000000000,0.000000000,0.000000000,0.000000000,9.800000000,1.000000000,0.000000000,0.000000000,0.000000000
3.912499374,0.000000000,0.000000000,0.000000000,0.000000000,0.000000000,9.800000000,1.000000000,0.000000000,0.000000000,0.000000000
3.916666040,0.000000000,0.000000000,0.000000000,0.000000000,0.000000000,9.800000000,1.000000000,0.000000000,0.000000000,0.000000000
3.920832706,0.000000000,0.000000000,0.000000000,0.000000000,0.000000000,9.800000000,1.000000000,0.000000000,0.000000000,0.000000000
3.929166038,0.000000000,0.000000000,0.000000000,0.000000000,0.000000000,9.800000000,1.000000000,0.000000000,0.000000000,0.000000000
3.933332704,0.000000000,0.000000000,0.000000000,0.000000000,0.000000000,9.800000000,1.000000000,0.000000000,0.000000000,0.000000000
3.937499370,0.000000000,0.000000000,0.000000000,0.000000000,0.000000000,9.800000000,1.000000000,0.000000000,0.000000000,0.000000000
3.941666036,0.000000000,0.000000000,0.000000000,0.000000000,0.000000000,9.800000000,1.000000000,0.000000000,0.000000000,0.000000000
3.945832702,0.000000000,0.000000000,0.000000000,0.000000000,0.000000000,9.800000000,1.000000000,0.000000000,0.000000000,0.000000000
3.954166034,0.000000000,0.000000000,0.000000000,0.000000000,0.000000000,9.800000000,1.000000000,0.000000000,0.000000000,0.000000000
3.958332700,0.000000000,0.000000000,0.000000000,0.000000000,0.000000000,9.800000000,1.000000000,0.000000000,0.000000000,0.000000000
3.962499366,0.000000000,0.000000000,0.000000000,0.000000000,0.000000000,9.800000000,1.000000000,0.000000000,0.000000000,0.000000000
3.966666032,0.000000000,0.000000000,0.000000000,0.000000000,0.000000000,9.800000000,1.000000000,0.000000000,0.000000000,0.000000000
3.970832698,0.000000000,0.000000000,0.000000000,0.000000000,0.000000000,9.800000000,1.000000000,0.000000000,0.000000000,0.000000000
3.979166030,0.000000000,0.000000000,0.000000000,0.000000000,0.000000000,9.800000000,1.000000000,0.000000000,0.000000000,0.000000000
3.983332696,0.000000000,0.000000000,0.000000000,0.000000000,0.000000000,9.800000000,1.000000000,0.000000000,0.000000000,0.000000000
3.987499362,0.000000000,0.000000000,0.000000000,0.000000000,0.000000000,9.800000000,1.000000000,0.000000000,0.000000000,0.000000000
3.991666028,0.000000000,0.000000000,0.000000000,0.000000000,0.000000000,9.800000000,1.000000000,0.000000000,0.000000000,0.000000000
3.995832694,0.000000000,0.000000000,0.000000000,0.000000000,0.000000000,9.800000000,1.000000000,0.000000000,0.000000000,0.000000000
4.004166026,0.000000000,0.000000000,0.000000000,0.000000000,0.000000000,9.800000000,1.000000000,0.000000000,0.000000000,0.000000000
4.008332692,0.000000000,0.000000000,0.000000000,0.000000000,0.000000000,9.800000000,1.000000000,0.000000000,0.000000000,0.000000000
4.012499358,0.000000000,0.000000000,0.000000000,0.000000000,0.000000000,9.800000000,1.000000000,0.000000000,0.000000000,0.000000000
4.016666024,0.000000000,0.000000000,0.000000000,0.000000000,0.000000000,9.800000000,1.000000000,0.000000000,0.000000000,0.000000000
4.020832690,0.000000000,0.000000000,0.000000000,0.000000000,0.000000000,9.800000000,1.000000000,0.000000000,0.000000000,0.000000000
4.029166022,0.000000000,0.000000000,0.000000000,0.000000000,0.000000000,9.800000000,1.000000000,0.000000000,0.000000000,0.000000000
4.033332688,0.000000000,0.000000000,0.000000000,0.000000000,0.000000000,9.800000000,1.000000000,0.000000000,0.000000000,0.000000000
4.037499354,0.000000000,0.000000000,0.000000000,0.000000000,0.000000000,9.800000000,1.000000000,0.000000000,0.000000000,0.000000000
4.041666020,0.000000000,0.000000000,0.000000000,0.000000000,0.000000000,9.800000000,1.000000000,0.000000000,0.000000000,0.000000000
4.045832686,0.000000000,0.000000000,0.000000000,0.000000000,0.000000000,9.800000000,1.000000000,0.000000000,0.000000000,0.000000000
4.054166018,0.000000000,0.000000000,0.000000000,0.000000000,0.000000000,9.800000000,1.000000000,0.000000000,0.000000000,0.000000000
4.058332684,0.000000000,0.000000000,0.000000000,0.000000000,0.000000000,9.800000000,1.000000000,0.000000000,0.000000000,0.000000000
4.062499350,0.000000000,0.000000000,0.000000000,0.000000000,0.000000000,9.800000000,1.000000000,0.000000000,0.000000000,0.000000000
4.066666016,0.000000000,0.000000000,0.000000000,0.000000000,0.000000000,9.800000000,1.000000000,0.000000000,0.000000000,0.000000000
4.070832682,0.000000000,0.000000000,0.000000000,0.000000000,0.000000000,9.800000000,1.000000000,0.000000000,0.000000000,0.000000000
4.079166014,0.000000000,0.000000000,0.000000000,0.000000000,0.000000000,9.800000000,1.000000000,0.000000000,0.000000000,0.000000000
4.083332680,0.000000000,0.000000000,0.000000000,0.000000000,0.000000000,9.800000000,1.000000000,0.000000000,0.000000000,0.000000000
4.087499346,0.000000000,0.000000000,0.000000000,0.000000000,0.000000000,9.800000000,1.000000000,0.000000000,0.000000000,0.000000000
4.091666012,0.000000000,0.000000000,0.000000000,0.000000000,0.000000000,9.800000000,1.000000000,0.000000000,0.000000000,0.000000000
4.095832678,0.000000000,0.000000000,0.000000000,0.000000000,0.000000000,9.800000000,1.000000000,0.000000000,0.000000000,0.000000000
4.104166010,0.000000000,0.000000000,0.000000000,0.000000000,0.000000000,9.800000000,1.000000000,0.000000000,0.000000000,0.000000000
4.108332676,0.000000000,0.000000000,0.000000000,0.000000000,0.000000000,9.800000000,1.000000000,0.000000000,0.000000000,0.000000000
4.112499342,0.000000000,0.000000000,0.000000000,0.000000000,0.000000000,9.800000000,1.000000000,0.000000000,0.000000000,0.000000000
4.116666008,0.000000000,0.000000000,0.000000000,0.000000000,0.000000000,9.800000000,1.000000000,0.000000000,0.000000000,0.000000000
4.120832674,0.000000000,0.000000000,0.000000000,0.000000000,0.000000000,9.800000000,1.000000000,0.000000000,0.000000000,0.000000000
4.129166006,0.000000000,0.000000000,0.000000000,0.000000000,0.000000000,9.800000000,1.000000000,0.000000000,0.000000000,0.000000000
4.133332672,0.000000000,0.000000000,0.000000000,0.000000000,0.000000000,9.800000000,1.000000000,0.000000000,0.000000000,0.000000000
4.137499338,0.000000000,0.000000000,0.000000000,0.000000000,0.000000000,9.800000000,1.000000000,0.000000000,0.000000000,0.000000000
4.141666004,0.000000000,0.000000000,0.000000000,0.000000000,0.000000000,9.800000000,1.000000000,0.000000000,0.000000000,0.000000000
4.145832670,0.000000000,0.000000000,0.000000000,0.000000000,0.000000000,9.800000000,1.000000000,0.000000000,0.000000000,0.000000000
4.154166002,0.000000000,0.000000000,0.000000000,0.000000000,0.000000000,9.800000000,1.000000000,0.000000000,0.000000000,0.000000000
4.158332668,0.000000000,0.000000000,0.000000000,0.000000000,0.000000000,9.800000000,1.000000000,0.000000000,0.000000000,0.000000000
4.162499334,0.000000000,0.000000000,0.000000000,0.000000000,0.000000000,9.800000000,1.000000000,0.000000000,0.000000000,0.000000000
4.166666000,0.000000000,0.000000000,0.000000000,0.000000000,0.000000000,9.800000000,1.000000000,0.000000000,0.000000000,0.000000000
4.170832666,0.000000000,0.000000000,0.000000000,0.000000000,0.000000000,9.800000000,1.000000000,0.000000000,0.000000000,0.000000000
4.179165998,0.000000000,0.000000000,0.000000000,0.000000000,0.000000000,9.800000000,1.000000000,0.000000000,0.000000000,0.000000000
4.183332664,0.000000000,0.000000000,0.000000000,0.000000000,0.000000000,9.800000000,1.000000000,0.000000000,0.000000000,0.000000000
4.187499330,0.000000000,0.000000000,0.000000000,0.000000000,0.000000000,9.800000000,1.000000000,0.000000000,0.000000000,0.000000000
4.191665996,0.000000000,0.000000000,0.000000000,0.000000000,0.000000000,9.800000000,1.000000000,0.000000000,0.000000000,0.000000000
4.195832662,0.000000000,0.000000000,0.000000000,0.000000000,0.000000000,9.800000000,1.000000000,0.000000000,0.000000000,0.000000000
4.204165994,0.000000000,0.000000000,0.000000000,0.000000000,0.000000000,9.800000000,1.000000000,0.000000000,0.000000000,0.000000000
4.208332660,0.000000000,0.000000000,0.000000000,0.000000000,0.000000000,9.800000000,1.000000000,0.000000000,0.000000000,0.000000000
4.212499326,0.000000000,0.000000000,0.000000000,0.000000000,0.000000000,9.800000000,1.000000000,0.000000000,0.000000000,0.000000000
4.216665992,0.000000000,0.000000000,0.000000000,0.000000000,0.000000000,9.800000000,1.000000000,0.000000000,0.000000000,0.000000000
4.220832658,0.000000000,0.000000000,0.000000000,0.000000000,0.000000000,9.800000000,1.000000000,0.000000000,0.000000000,0.000000000
4.229165990,0.000000000,0.000000000,0.000000000,0.000000000,0.000000000,9.800000000,1.000000000,0.000000000,0.000000000,0.000000000
4.233332656,0.000000000,0.000000000,0.000000000,0.000000000,0.000000000,9.800000000,1.000000000,0.000000000,0.000000000,0.000000000
4.237499322,0.000000000,0.000000000,0.000000000,0.000000000,0.000000000,9.800000000,1.000000000,0.000000000,0.000000000,0.000000000
4.241665988,0.000000000,0.000000000,0.000000000,0.000000000,0.000000000,9.800000000,1.000000000,0.000000000,0.000000000,0.000000000
4.245832654,0.000000000,0.000000000,0.000000000,0.000000000,0.000000000,9.800000000,1.000000000,0.000000000,0.000000000,0.000000000
4.254165986,0.000000000,0.000000000,0.000000000,0.000000000,0.000000000,9.800000000,1.000000000,0.000000000,0.000000000,0.000000000
4.258332652,0.000000000,0.000000000,0.000000000,0.000000000,0.000000000,9.800000000,1.000000000,0.000000000,0.000000000,0.000000000
4.262499318,0.000000000,0.000000000,0.000000000,0.000000000,0.000000000,9.800000000,1.000000000,0.000000000,0.000000000,0.000000000
4.266665984,0.000000000,0.000000000,0.000000000,0.000000000,0.000000000,9.800000000,1.000000000,0.000000000,0.000000000,0.000000000
4.270832650,0.000000000,0.000000000,0.000000000,0.000000000,0.000000000,9.800000000,1.000000000,0.000000000,0.000000000,0.000000000
4.279165982,0.000000000,0.000000000,0.000000000,0.000000000,0.000000000,9.800000000,1.000000000,0.000000000,0.000000000,0.000000000
4.283332648,0.000000000,0.000000000,0.000000000,0.000000000,0.000000000,9.800000000,1.000000000,0.000000000,0.000000000,0.000000000
4.287499314,0.000000000,0.000000000,0.000000000,0.000000000,0.000000000,9.800000000,1.000000000,0.000000000,0.000000000,0.000000000
4.291665980,0.000000000,0.000000000,0.000000000,0.000000000,0.000000000,9.800000000,1.000000000,0.000000000,0.000000000,0.000000000
4.295832646,0.000000000,0.000000000,0.000000000,0.000000000,0.000000000,9.800000000,1.000000000,0.000000000,0.000000000,0.000000000
4.304165978,0.000000000,0.000000000,0.000000000,0.000000000,0.000000000,9.800000000,1.000000000,0.000000000,0.000000000,0.000000000
4.308332644,0.000000000,0.000000000,0.000000000,0.000000000,0.000000000,9.800000000,1.000000000,0.000000000,0.000000000,0.000000000
4.312499310,0.000000000,0.000000000,0.000000000,0.000000000,0.000000000,9.800000000,1.000000000,0.000000000,0.000000000,0.000000000
4.316665976,0.000000000,0.000000000,0.000000000,0.000000000,0.000000000,9.800000000,1.000000000,0.000000000,0.000000000,0.000000000
4.320832642,0.000000000,0.000000000,0.000000000,0.000000000,0.000000000,9.800000000,1.000000000,0.000000000,0.000000000,0.000000000
4.329165974,0.000000000,0.000000000,0.000000000,0.000000000,0.000000000,9.800000000,1.000000000,0.000000000,0.000000000,0.000000000
4.333332640,0.000000000,0.000000000,0.000000000,0.000000000,0.000000000,9.800000000,1.000000000,0.000000000,0.000000000,0.000000000
4.337499306,0.000000000,0.000000000,0.000000000,0.000000000,0.000000000,9.800000000,1.000000000,0.000000000,0.000000000,0.000000000
4.341665972,0.000000000,0.000000000,0.000000000,0.000000000,0.000000000,9.800000000,1.000000000,0.000000000,0.000000000,0.000000000
4.345832638,0.000000000,0.000000000,0.000000000,0.000000000,0.000000000,9.800000000,1.000000000,0.000000000,0.000000000,0.000000000
4.354165970,0.000000000,0.000000000,0.000000000,0.000000000,0.000000000,9.800000000,1.000000000,0.000000000,0.000000000,0.000000000
4.358332636,0.000000000,0.000000000,0.000000000,0.000000000,0.000000000,9.800000000,1.000000000,0.000000000,0.000000000,0.000000000
4.362499302,0.000000000,0.000000000,0.000000000,0.000000000,0.000000000,9.800000000,1.000000000,0.000000000,0.000000000,0.000000000
4.366665968,0.000000000,0.000000000,0.000000000,0.000000000,0.000000000,9.800000000,1.000000000,0.000000000,0.000000000,0.000000000
4.370832634,0.000000000,0.000000000,0.000000000,0.000000000,0.000000000,9.800000000,1.000000000,0.000000000,0.000000000,0.000000000
4.379165966,0.000000000,0.000000000,0.000000000,0.000000000,0.000000000,9.800000000,1.000000000,0.000000000,0.000000000,0.000000000
4.383332632,0.000000000,0.000000000,0.000000000,0.000000000,0.000000000,9.800000000,1.000000000,0.000000000,0.000000000,0.000000000
4.387499298,0.000000000,0.000000000,0.000000000,0.000000000,0.000000000,9.800000000,1.000000000,0.000000000,0.000000000,0.000000000
4.391665964,0.000000000,0.000000000,0.000000000,0.000000000,0.000000000,9.800000000,1.000000000,0.000000000,0.000000000,0.000000000
4.395832630,0.000000000,0.000000000,0.000000000,0.000000000,0.000000000,9.800000000,1.000000000,0.000000000,0.000000000,0.000000000
4.404165962,0.000000000,0.000000000,0.000000000,0.000000000,0.000000000,9.800000000,1.000000000,0.000000000,0.000000000,0.000000000
4.408332628,0.000000000,0.000000000,0.000000000,0.000000000,0.000000000,9.800000000,1.000000000,0.000000000,0.000000000,0.000000000
4.412499294,0.000000000,0.000000000,0.000000000,0.000000000,0.000000000,9.800000000,1.000000000,0.000000000,0.000000000,0.000000000
4.416665960,0.000000000,0.000000000,0.000000000,0.000000000,0.000000000,9.800000000,1.000000000,0.000000000,0.000000000,0.000000000
4.420832626,0.000000000,0.000000000,0.000000000,0.000000000,0.000000000,9.800000000,1.000000000,0.000000000,0.000000000,0.000000000
4.429165958,0.000000000,0.000000000,0.000000000,0.000000000,0.000000000,9.800000000,1.000000000,0.000000000,0.000000000,0.000000000
4.433332624,0.000000000,0.000000000,0.000000000,0.000000000,0.000000000,9.800000000,1.000000000,0.000000000,0.000000000,0.000000000
4.437499290,0.000000000,0.000000000,0.000000000,0.000000000,0.000000000,9.800000000,1.000000000,0.000000000,0.000000000,0.000000000
4.441665956,0.000000000,0.000000000,0.000000000,0.000000000,0.000000000,9.800000000,1.000000000,0.000000000,0.000000000,0.000000000
4.445832622,0.000000000,0.000000000,0.000000000,0.000000000,0.000000000,9.800000000,1.000000000,0.000000000,0.000000000,0.000000000
4.454165954,0.000000000,0.000000000,0.000000000,0.000000000,0.000000000,9.800000000,1.000000000,0.000000000,0.000000000,0.000000000
4.458332620,0.000000000,0.000000000,0.000000000,0.000000000,0.000000000,9.800000000,1.000000000,0.000000000,0.000000000,0.000000000
4.462499286,0.000000000,0.000000000,0.000000000,0.000000000,0.000000000,9.800000000,1.000000000,0.000000000,0.000000000,0.000000000
4.466665952,0.000000000,0.000000000,0.000000000,0.000000000,0.000000000,9.800000000,1.000000000,0.000000000,0.000000000,0.000000000
4.470832618,0.000000000,0.000000000,0.000000000,0.000000000,0.000000000,9.800000000,1.000000000,0.000000000,0.000000000,0.000000000
4.479165950,0.000000000,0.000000000,0.000000000,0.000000000,0.000000000,9.800000000,1.000000000,0.000000000,0.000000000,0.000000000
4.483332616,0.000000000,0.000000000,0.000000000,0.000000000,0.000000000,9.800000000,1.000000000,0.000000000,0.000000000,0.000000000
4.487499282,0.000000000,0.000000000,0.000000000,0.000000000,0.000000000,9.800000000,1.000000000,0.000000000,0.000000000,0.000000000
4.491665948,0.000000000,0.000000000,0.000000000,0.000000000,0.000000000,9.800000000,1.000000000,0.000000000,0.000000000,0.000000000
4.495832614,0.000000000,0.000000000,0.000000000,0.000000000,0.000000000,9.800000000,1.000000000,0.000000000,0.000000000,0.000000000
4.504165946,0.000000000,0.000000000,0.000000000,0.000000000,0.000000000,9.800000000,1.000000000,0.000000000,0.000000000,0.000000000
4.508332612,0.000000000,0.000000000,0.000000000,0.000000000,0.000000000,9.800000000,1.000000000,0.000000000,0.000000000,0.000000000
4.512499278,0.000000000,0.000000000,0.000000000,0.000000000,0.000000000,9.800000000,1.000000000,0.000000000,0.000000000,0.000000000
4.516665944,0.000000000,0.000000000,0.000000000,0.000000000,0.000000000,9.800000000,1.000000000,0.000000000,0.000000000,0.000000000
4.520832610,0.000000000,0.000000000,0.000000000,0.000000000,0.000000000,9.800000000,1.000000000,0.000000000,0.000000000,0.000000000
4.529165942,0.000000000,0.000000000,0.000000000,0.000000000,0.000000000,9.800000000,1.000000000,0.000000000,0.000000000,0.000000000
4.533332608,0.000000000,0.000000000,0.000000000,0.000000000,0.000000000,9.800000000,1.000000000,0.000000000,0.000000000,0.000000000
4.537499274,0.000000000,0.000000000,0.000000000,0.000000000,0.000000000,9.800000000,1.000000000,0.000000000,0.000000000,0.000000000
4.541665940,0.000000000,0.000000000,0.000000000,0.000000000,0.000000000,9.800000000,1.000000000,0.000000000,0.000000000,0.000000000
4.545832606,0.000000000,0.000000000,0.000000000,0.000000000,0.000000000,9.800000000,1.000000000,0.000000000,0.000000000,0.000000000
4.554165938,0.000000000,0.000000000,0.000000000,0.000000000,0.000000000,9.800000000,1.000000000,0.000000000,0.000000000,0.000000000
4.558332604,0.000000000,0.000000000,0.000000000,0.000000000,0.000000000,9.800000000,1.000000000,0.000000000,0.000000000,0.000000000
4.562499270,0.000000000,0.000000000,0.000000000,0.000000000,0.000000000,9.800000000,1.000000000,0.000000000,0.000000000,0.000000000
4.566665936,0.000000000,0.000000000,0.000000000,0.000000000,0.000000000,9.800000000,1.000000000,0.000000000,0.000000000,0.000000000
4.570832602,0.000000000,0.000000000,0.000000000,0.000000000,0.000000000,9.800000000,1.000000000,0.000000000,0.000000000,0.000000000
4.579165934,0.000000000,0.000000000,0.000000000,0.000000000,0.000000000,9.800000000,1.000000000,0.000000000,0.000000000,0.000000000
4.583332600,0.000000000,0.000000000,0.000000000,0.000000000,0.000000000,9.800000000,1.000000000,0.000000000,0.000000000,0.000000000
4.587499266,0.000000000,0.000000000,0.000000000,0.000000000,0.000000000,9.800000000,1.000000000,0.000000000,0.000000000,0.000000000
4.591665932,0.000000000,0.000000000,0.000000000,0.000000000,0.000000000,9.800000000,1.000000000,0.000000000,0.000000000,0.000000000
4.595832598,0.000000000,0.000000000,0.000000000,0.000000000,0.000000000,9.800000000,1.000000000,0.000000000,0.000000000,0.000000000
4.604165930,0.000000000,0.000000000,0.000000000,0.000000000,0.000000000,9.800000000,1.000000000,0.000000000,0.000000000,0.000000000
4.608332596,0.000000000,0.000000000,0.000000000,0.000000000,0.000000000,9.800000000,1.000000000,0.000000000,0.000000000,0.000000000
4.612499262,0.000000000,0.000000000,0.000000000,0.000000000,0.000000000,9.800000000,1.000000000,0.000000000,0.000000000,0.000000000
4.616665928,0.000000000,0.000000000,0.000000000,0.000000000,0.000000000,9.800000000,1.000000000,0.000000000,0.000000000,0.000000000
4.620832594,0.000000000,0.000000000,0.000000000,0.000000000,0.000000000,9.800000000,1.000000000,0.000000000,0.000000000,0.000000000
4.629165926,0.000000000,0.000000000,0.000000000,0.000000000,0.000000000,9.800000000,1.000000000,0.000000000,0.000000000,0.000000000
4.633332592,0.000000000,0.000000000,0.000000000,0.000000000,0.000000000,9.800000000,1.000000000,0.000000000,0.000000000,0.000000000
4.637499258,0.000000000,0.000000000,0.000000000,0.000000000,0.000000000,9.800000000,1.000000000,0.000000000,0.000000000,0.000000000
4.641665924,0.000000000,0.000000000,0.000000000,0.000000000,0.000000000,9.800000000,1.000000000,0.000000000,0.000000000,0.000000000
4.645832590,0.000000000,0.000000000,0.000000000,0.000000000,0.000000000,9.800000000,1.000000000,0.000000000,0.000000000,0.000000000
4.654165922,0.000000000,0.000000000,0.000000000,0.000000000,0.000000000,9.800000000,1.000000000,0.000000000,0.000000000,0.000000000
4.658332588,0.000000000,0.000000000,0.000000000,0.000000000,0.000000000,9.800000000,1.000000000,0.000000000,0.000000000,0.000000000
4.662499254,0.000000000,0.000000000,0.000000000,0.000000000,0.000000000,9.800000000,1.000000000,0.000000000,0.000000000,0.000000000
4.666665920,0.000000000,0.000000000,0.000000000,0.000000000,0.000000000,9.800000000,1.000000000,0.000000000,0.000000000,0.000000000
4.670832586,0.000000000,0.000000000,0.000000000,0.000000000,0.000000000,9.800000000,1.000000000,0.000000000,0.000000000,0.000000000
4.679165918,0.000000000,0.000000000,0.000000000,0.000000000,0.000000000,9.800000000,1.000000000,0.000000000,0.000000000,0.000000000
4.683332584,0.000000000,0.000000000,0.000000000,0.000000000,0.000000000,9.800000000,1.000000000,0.000000000,0.000000000,0.000000000
4.687499250,0.000000000,0.000000000,0.000000000,0.000000000,0.000000000,9.800000000,1.000000000,0.000000000,0.000000000,0.000000000
4.691665916,0.000000000,0.000000000,0.000000000,0.000000000,0.000000000,9.800000000,1.000000000,0.000000000,0.000000000,0.000000000
4.695832582,0.000000000,0.000000000,0.000000000,0.000000000,0.000000000,9.800000000,1.000000000,0.000000000,0.000000000,0.000000000
4.704165914,0.000000000,0.000000000,0.000000000,0.000000000,0.000000000,9.800000000,1.000000000,0.000000000,0.000000000,0.000000000
4.708332580,0.000000000,0.000000000,0.000000000,0.000000000,0.000000000,9.800000000,1.000000000,0.000000000,0.000000000,0.000000000
4.712499246,0.000000000,0.000000000,0.000000000,0.000000000,0.000000000,9.800000000,1.000000000,0.000000000,0.000000000,0.000000000
4.716665912,0.000000000,0.000000000,0.000000000,0.000000000,0.000000000,9.800000000,1.000000000,0.000000000,0.000000000,0.000000000
4.720832578,0.000000000,0.000000000,0.000000000,0.000000000,0.000000000,9.800000000,1.000000000,0.000000000,0.000000000,0.000000000
4.729165910,0.000000000,0.000000000,0.000000000,0.000000000,0.000000000,9.800000000,1.000000000,0.000000000,0.000000000,0.000000000
4.733332576,0.000000000,0.000000000,0.000000000,0.000000000,0.000000000,9.800000000,1.000000000,0.000000000,0.000000000,0.000000000
4.737499242,0.000000000,0.000000000,0.000000000,0.000000000,0.000000000,9.800000000,1.000000000,0.000000000,0.000000000,0.000000000
4.741665908,0.000000000,0.000000000,0.000000000,0.000000000,0.000000000,9.800000000,1.000000000,0.000000000,0.000000000,0.000000000
4.745832574,0.000000000,0.000000000,0.000000000,0.000000000,0.000000000,9.800000000,1.000000000,0.000000000,0.000000000,0.000000000
4.754165906,0.000000000,0.000000000,0.000000000,0.000000000,0.000000000,9.800000000,1.000000000,0.000000000,0.000000000,0.000000000
4.758332572,0.000000000,0.000000000,0.000000000,0.000000000,0.000000000,9.800000000,1.000000000,0.000000000,0.000000000,0.000000000
4.762499238,0.000000000,0.000000000,0.000000000,0.000000000,0.000000000,9.800000000,1.000000000,0.000000000,0.000000000,0.000000000
4.766665904,0.000000000,0.000000000,0.000000000,0.000000000,0.000000000,9.800000000,1.000000000,0.000000000,0.000000000,0.000000000
4.770832570,0.000000000,0.000000000,0.000000000,0.000000000,0.000000000,9.800000000,1.000000000,0.000000000,0.000000000,0.000000000
4.779165902,0.000000000,0.000000000,0.000000000,0.000000000,0.000000000,9.800000000,1.000000000,0.000000000,0.000000000,0.000000000
4.783332568,0.000000000,0.000000000,0.000000000,0.000000000,0.000000000,9.800000000,1.000000000,0.000000000,0.000000000,0.000000000
4.787499234,0.000000000,0.000000000,0.000000000,0.000000000,0.000000000,9.800000000,1.000000000,0.000000000,0.000000000,0.000000000
4.791665900,0.000000000,0.000000000,0.000000000,0.000000000,0.000000000,9.800000000,1.000000000,0.000000000,0.000000000,0.000000000
4.795832566,0.000000000,0.000000000,0.000000000,0.000000000,0.000000000,9.800000000,1.000000000,0.000000000,0.000000000,0.000000000
4.804165898,0.000000000,0.000000000,0.000000000,0.000000000,0.000000000,9.800000000,1.000000000,0.000000000,0.000000000,0.000000000
4.808332564,0.000000000,0.000000000,0.000000000,0.000000000,0.000000000,9.800000000,1.000000000,0.000000000,0.000000000,0.000000000
4.812499230,0.000000000,0.000000000,0.000000000,0.000000000,0.000000000,9.800000000,1.000000000,0.000000000,0.000000000,0.000000000
4.816665896,0.000000000,0.000000000,0.000000000,0.000000000,0.000000000,9.800000000,1.000000000,0.000000000,0.000000000,0.000000000
4.820832562,0.000000000,0.000000000,0.000000000,0.000000000,0.000000000,9.800000000,1.000000000,0.000000000,0.000000000,0.000000000
4.829165894,0.000000000,0.000000000,0.000000000,0.000000000,0.000000000,9.800000000,1.000000000,0.000000000,0.000000000,0.000000000
4.833332560,0.000000000,0.000000000,0.000000000,0.000000000,0.000000000,9.800000000,1.000000000,0.000000000,0.000000000,0.000000000
4.837499226,0.000000000,0.000000000,0.000000000,0.000000000,0.000000000,9.800000000,1.000000000,0.000000000,0.000000000,0.000000000
4.841665892,0.000000000,0.000000000,0.000000000,0.000000000,0.000000000,9.800000000,1.000000000,0.000000000,0.000000000,0.000000000
4.845832558,0.000000000,0.000000000,0.000000000,0.000000000,0.000000000,9.800000000,1.000000000,0.000000000,0.000000000,0.000000000
4.854165890,0.000000000,0.000000000,0.000000000,0.000000000,0.000000000,9.800000000,1.000000000,0.000000000,0.000000000,0.000000000
4.858332556,0.000000000,0.000000000,0.000000000,0.000000000,0.000000000,9.800000000,1.000000000,0.000000000,0.000000000,0.000000000
4.862499222,0.000000000,0.000000000,0.000000000,0.000000000,0.000000000,9.800000000,1.000000000,0.000000000,0.000000000,0.000000000
4.866665888,0.000000000,0.000000000,0.000000000,0.000000000,0.000000000,9.800000000,1.000000000,0.000000000,0.000000000,0.000000000
4.870832554,0.000000000,0.000000000,0.000000000,0.000000000,0.000000000,9.800000000,1.000000000,0.000000000,0.000000000,0.000000000
4.879165886,0.000000000,0.000000000,0.000000000,0.000000000,0.000000000,9.800000000,1.000000000,0.000000000,0.000000000,0.000000000
4.883332552,0.000000000,0.000000000,0.000000000,0.000000000,0.000000000,9.800000000,1.000000000,0.000000000,0.000000000,0.000000000
4.887499218,0.000000000,0.000000000,0.000000000,0.000000000,0.000000000,9.800000000,1.000000000,0.000000000,0.000000000,0.000000000
4.891665884,0.000000000,0.000000000,0.000000000,0.000000000,0.000000000,9.800000000,1.000000000,0.000000000,0.000000000,0.000000000
4.895832550,0.000000000,0.000000000,0.000000000,0.000000000,0.000000000,9.800000000,1.000000000,0.000000000,0.000000000,0.000000000
4.904165882,0.000000000,0.000000000,0.000000000,0.000000000,0.000000000,9.800000000,1.000000000,0.000000000,0.000000000,0.000000000
4.908332548,0.000000000,0.000000000,0.000000000,0.000000000,0.000000000,9.800000000,1.000000000,0.000000000,0.000000000,0.000000000
4.912499214,0.000000000,0.000000000,0.000000000,0.000000000,0.000000000,9.800000000,1.000000000,0.000000000,0.000000000,0.000000000
4.916665880,0.000000000,0.000000000,0.000000000,0.000000000,0.000000000,9.800000000,1.000000000,0.000000000,0.000000000,0.000000000
4.920832546,0.000000000,0.000000000,0.000000000,0.000000000,0.000000000,9.800000000,1.000000000,0.000000000,0.000000000,0.000000000
4.929165878,0.000000000,0.000000000,0.000000000,0.000000000,0.000000000,9.800000000,1.000000000,0.000000000,0.000000000,0.000000000
4.933332544,0.000000000,0.000000000,0.000000000,0.000000000,0.000000000,9.800000000,1.000000000,0.000000000,0.000000000,0.000000000
4.937499210,0.000000000,0.000000000,0.000000000,0.000000000,0.000000000,9.800000000,1.000000000,0.000000000,0.000000000,0.000000000
4.941665876,0.000000000,0.000000000,0.000000000,0.000000000,0.000000000,9.800000000,1.000000000,0.000000000,0.000000000,0.000000000
4.945832542,0.000000000,0.000000000,0.000000000,0.000000000,0.000000000,9.800000000,1.000000000,0.000000000,0.000000000,0.000000000
4.954165874,0.000000000,0.000000000,0.000000000,0.000000000,0.000000000,9.800000000,1.000000000,0.000000000,0.000000000,0.000000000
4.958332540,0.000000000,0.000000000,0.000000000,0.000000000,0.000000000,9.800000000,1.000000000,0.000000000,0.000000000,0.000000000
4.962499206,0.000000000,0.000000000,0.000000000,0.000000000,0.000000000,9.800000000,1.000000000,0.000000000,0.000000000,0.000000000
4.966665872,0.000000000,0.000000000,0.000000000,0.000000000,0.000000000,9.800000000,1.000000000,0.000000000,0.000000000,0.000000000
4.970832538,0.000000000,0.000000000,0.000000000,0.000000000,0.000000000,9.800000000,1.000000000,0.000000000,0.000000000,0.000000000
4.979165870,0.000000000,0.000000000,0.000000000,0.000000000,0.000000000,9.800000000,1.000000000,0.000000000,0.000000000,0.000000000
4.983332536,0.000000000,0.000000000,0.000000000,0.000000000,0.000000000,9.800000000,1.000000000,0.000000000,0.000000000,0.000000000
4.987499202,0.000000000,0.000000000,0.000000000,0.000000000,0.000000000,9.800000000,1.000000000,0.000000000,0.000000000,0.000000000
4.991665868,0.000000000,0.000000000,0.000000000,0.000000000,0.000000000,9.800000000,1.000000000,0.000000000,0.000000000,0.000000000
4.995832534,0.000000000,0.000000000,0.000000000,0.000000000,0.000000000,9.800000000,1.000000000,0.000000000,0.000000000,0.000000000
5.004165866,0.000000000,0.000000000,0.000000000,0.000000000,0.000000000,9.800000000,1.000000000,0.000000000,0.000000000,0.000000000
5.008332532,0.000000000,0.000000000,0.000000000,0.000000000,0.000000000,9.800000000,1.000000000,0.000000000,0.000000000,0.000000000
5.012499198,0.000000000,0.000000000,0.000000000,0.000000000,0.000000000,9.800000000,1.000000000,0.000000000,0.000000000,0.000000000
5.016665864,0.000000000,0.000000000,0.000000000,0.000000000,0.000000000,9.800000000,1.000000000,0.000000000,0.000000000,0.000000000
5.020832530,0.000000000,0.000000000,0.000000000,0.000000000,0.000000000,9.800000000,1.000000000,0.000000000,0.000000000,0.000000000
5.029165862,0.000000000,0.000000000,0.000000000,0.000000000,0.000000000,9.800000000,1.000000000,0.000000000,0.000000000,0.000000000
5.033332528,0.000000000,0.000000000,0.000000000,0.000000000,0.000000000,9.800000000,1.000000000,0.000000000,0.000000000,0.000000000
5.037499194,0.000000000,0.000000000,0.000000000,0.000000000,0.000000000,9.800000000,1.000000000,0.000000000,0.000000000,0.000000000
5.041665860,0.000000000,0.000000000,0.000000000,0.000000000,0.000000000,9.800000000,1.000000000,0.000000000,0.000000000,0.000000000
5.045832526,0.000000000,0.000000000,0.000000000,0.000000000,0.000000000,9.800000000,1.000000000,0.000000000,0.000000000,0.000000000
5.054165858,0.000000000,0.000000000,0.000000000,0.000000000,0.000000000,9.800000000,1.000000000,0.000000000,0.000000000,0.000000000
5.058332524,0.000000000,0.000000000,0.000000000,0.000000000,0.000000000,9.800000000,1.000000000,0.000000000,0.000000000,0.000000000
5.062499190,0.000000000,0.000000000,0.000000000,0.000000000,0.000000000,9.800000000,1.000000000,0.000000000,0.000000000,0.000000000
5.066665856,0.000000000,0.000000000,0.000000000,0.000000000,0.000000000,9.800000000,1.000000000,0.000000000,0.000000000,0.000000000
5.070832522,0.000000000,0.000000000,0.000000000,0.000000000,0.000000000,9.800000000,1.000000000,0.000000000,0.000000000,0.000000000
5.079165854,0.000000000,0.000000000,0.000000000,0.000000000,0.000000000,9.800000000,1.000000000,0.000000000,0.000000000,0.000000000
5.083332520,0.000000000,0.000000000,0.000000000,0.000000000,0.000000000,9.800000000,1.000000000,0.000000000,0.000000000,0.000000000
5.087499186,0.000000000,0.000000000,0.000000000,0.000000000,0.000000000,9.800000000,1.000000000,0.000000000,0.000000000,0.000000000
5.091665852,0.000000000,0.000000000,0.000000000,0.000000000,0.000000000,9.800000000,1.000000000,0.000000000,0.000000000,0.000000000
5.095832518,0.000000000,0.000000000,0.000000000,0.000000000,0.000000000,9.800000000,1.000000000,0.000000000,0.000000000,0.000000000
5.104165850,0.000000000,0.000000000,0.000000000,0.000000000,0.000000000,9.800000000,1.000000000,0.000000000,0.000000000,0.000000000
5.108332516,0.000000000,0.000000000,0.000000000,0.000000000,0.000000000,9.800000000,1.000000000,0.000000000,0.000000000,0.000000000
5.112499182,0.000000000,0.000000000,0.000000000,0.000000000,0.000000000,9.800000000,1.000000000,0.000000000,0.000000000,0.000000000
5.116665848,0.000000000,0.000000000,0.000000000,0.000000000,0.000000000,9.800000000,1.000000000,0.000000000,0.000000000,0.000000000
5.120832514,0.000000000,0.000000000,0.000000000,0.000000000,0.000000000,9.800000000,1.000000000,0.000000000,0.000000000,0.000000000
5.129165846,0.000000000,0.000000000,0.000000000,0.000000000,0.000000000,9.800000000,1.000000000,0.000000000,0.000000000,0.000000000
5.133332512,0.000000000,0.000000000,0.000000000,0.000000000,0.000000000,9.800000000,1.000000000,0.000000000,0.000000000,0.000000000
5.137499178,0.000000000,0.000000000,0.000000000,0.000000000,0.000000000,9.800000000,1.000000000,0.000000000,0.000000000,0.000000000
5.141665844,0.000000000,0.000000000,0.000000000,0.000000000,0.000000000,9.800000000,1.000000000,0.000000000,0.000000000,0.000000000
5.145832510,0.000000000,0.000000000,0.000000000,0.000000000,0.000000000,9.800000000,1.000000000,0.000000000,0.000000000,0.000000000
5.154165842,0.000000000,0.000000000,0.000000000,0.000000000,0.000000000,9.800000000,1.000000000,0.000000000,0.000000000,0.000000000
5.158332508,0.000000000,0.000000000,0.000000000,0.000000000,0.000000000,9.800000000,1.000000000,0.000000000,0.000000000,0.000000000
5.162499174,0.000000000,0.000000000,0.000000000,0.000000000,0.000000000,9.800000000,1.000000000,0.000000000,0.000000000,0.000000000
5.166665840,0.000000000,0.000000000,0.000000000,0.000000000,0.000000000,9.800000000,1.000000000,0.000000000,0.000000000,0.000000000
5.170832506,0.000000000,0.000000000,0.000000000,0.000000000,0.000000000,9.800000000,1.000000000,0.000000000,0.000000000,0.000000000
5.179165838,0.000000000,0.000000000,0.000000000,0.000000000,0.000000000,9.800000000,1.000000000,0.000000000,0.000000000,0.000000000
5.183332504,0.000000000,0.000000000,0.000000000,0.000000000,0.000000000,9.800000000,1.000000000,0.000000000,0.000000000,0.000000000
5.187499170,0.000000000,0.000000000,0.000000000,0.000000000,0.000000000,9.800000000,1.000000000,0.000000000,0.000000000,0.000000000
5.191665836,0.000000000,0.000000000,0.000000000,0.000000000,0.000000000,9.800000000,1.000000000,0.000000000,0.000000000,0.000000000
5.195832502,0.000000000,0.000000000,0.000000000,0.000000000,0.000000000,9.800000000,1.000000000,0.000000000,0.000000000,0.000000000
5.204165834,0.000000000,0.000000000,0.000000000,0.000000000,0.000000000,9.800000000,1.000000000,0.000000000,0.000000000,0.000000000
5.208332500,0.000000000,0.000000000,0.000000000,0.000000000,0.000000000,9.800000000,1.000000000,0.000000000,0.000000000,0.000000000
5.212499166,0.000000000,0.000000000,0.000000000,0.000000000,0.000000000,9.800000000,1.000000000,0.000000000,0.000000000,0.000000000
5.216665832,0.000000000,0.000000000,0.000000000,0.000000000,0.000000000,9.800000000,1.000000000,0.000000000,0.000000000,0.000000000
5.220832498,0.000000000,0.000000000,0.000000000,0.000000000,0.000000000,9.800000000,1.000000000,0.000000000,0.000000000,0.000000000
5.229165830,0.000000000,0.000000000,0.000000000,0.000000000,0.000000000,9.800000000,1.000000000,0.000000000,0.000000000,0.000000000
5.233332496,0.000000000,0.000000000,0.000000000,0.000000000,0.000000000,9.800000000,1.000000000,0.000000000,0.000000000,0.000000000
5.237499162,0.000000000,0.000000000,0.000000000,0.000000000,0.000000000,9.800000000,1.000000000,0.000000000,0.000000000,0.000000000
5.241665828,0.000000000,0.000000000,0.000000000,0.000000000,0.000000000,9.800000000,1.000000000,0.000000000,0.000000000,0.000000000
5.245832494,0.000000000,0.000000000,0.000000000,0.000000000,0.000000000,9.800000000,1.000000000,0.000000000,0.000000000,0.000000000
5.254165826,0.000000000,0.000000000,0.000000000,0.000000000,0.000000000,9.800000000,1.000000000,0.000000000,0.000000000,0.000000000
5.258332492,0.000000000,0.000000000,0.000000000,0.000000000,0.000000000,9.800000000,1.000000000,0.000000000,0.000000000,0.000000000
5.262499158,0.000000000,0.000000000,0.000000000,0.000000000,0.000000000,9.800000000,1.000000000,0.000000000,0.000000000,0.000000000
5.266665824,0.000000000,0.000000000,0.000000000,0.000000000,0.000000000,9.800000000,1.000000000,0.000000000,0.000000000,0.000000000
5.270832490,0.000000000,0.000000000,0.000000000,0.000000000,0.000000000,9.800000000,1.000000000,0.000000000,0.000000000,0.000000000
5.279165822,0.000000000,0.000000000,0.000000000,0.000000000,0.000000000,9.800000000,1.000000000,0.000000000,0.000000000,0.000000000
5.283332488,0.000000000,0.000000000,0.000000000,0.000000000,0.000000000,9.800000000,1.000000000,0.000000000,0.000000000,0.000000000
5.287499154,0.000000000,0.000000000,0.000000000,0.000000000,0.000000000,9.800000000,1.000000000,0.000000000,0.000000000,0.000000000
5.291665820,0.000000000,0.000000000,0.000000000,0.000000000,0.000000000,9.800000000,1.000000000,0.000000000,0.000000000,0.000000000
5.295832486,0.000000000,0.000000000,0.000000000,0.000000000,0.000000000,9.800000000,1.000000000,0.000000000,0.000000000,0.000000000
5.304165818,0.000000000,0.000000000,0.000000000,0.000000000,0.000000000,9.800000000,1.000000000,0.000000000,0.000000000,0.000000000
5.308332484,0.000000000,0.000000000,0.000000000,0.000000000,0.000000000,9.800000000,1.000000000,0.000000000,0.000000000,0.000000000
5.312499150,0.000000000,0.000000000,0.000000000,0.000000000,0.000000000,9.800000000,1.000000000,0.000000000,0.000000000,0.000000000
5.316665816,0.000000000,0.000000000,0.000000000,0.000000000,0.000000000,9.800000000,1.000000000,0.000000000,0.000000000,0.000000000
5.320832482,0.000000000,0.000000000,0.000000000,0.000000000,0.000000000,9.800000000,1.000000000,0.000000000,0.000000000,0.000000000
5.329165814,0.000000000,0.000000000,0.000000000,0.000000000,0.000000000,9.800000000,1.000000000,0.000000000,0.000000000,0.000000000
5.333332480,0.000000000,0.000000000,0.000000000,0.000000000,0.000000000,9.800000000,1.000000000,0.000000000,0.000000000,0.000000000
5.337499146,0.000000000,0.000000000,0.000000000,0.000000000,0.000000000,9.800000000,1.000000000,0.000000000,0.000000000,0.000000000
5.341665812,0.000000000,0.000000000,0.000000000,0.000000000,0.000000000,9.800000000,1.000000000,0.000000000,0.000000000,0.000000000
5.345832478,0.000000000,0.000000000,0.000000000,0.000000000,0.000000000,9.800000000,1.000000000,0.000000000,0.000000000,0.000000000
5.354165810,0.000000000,0.000000000,0.000000000,0.000000000,0.000000000,9.800000000,1.000000000,0.000000000,0.000000000,0.000000000
5.358332476,0.000000000,0.000000000,0.000000000,0.000000000,0.000000000,9.800000000,1.000000000,0.000000000,0.000000000,0.000000000
5.362499142,0.000000000,0.000000000,0.000000000,0.000000000,0.000000000,9.800000000,1.000000000,0.000000000,0.000000000,0.000000000
5.366665808,0.000000000,0.000000000,0.000000000,0.000000000,0.000000000,9.800000000,1.000000000,0.000000000,0.000000000,0.000000000
5.370832474,0.000000000,0.000000000,0.000000000,0.000000000,0.000000000,9.800000000,1.000000000,0.000000000,0.000000000,0.000000000
5.379165806,0.000000000,0.000000000,0.000000000,0.000000000,0.000000000,9.800000000,1.000000000,0.000000000,0.000000000,0.000000000
5.383332472,0.000000000,0.000000000,0.000000000,0.000000000,0.000000000,9.800000000,1.000000000,0.000000000,0.000000000,0.000000000
5.387499138,0.000000000,0.000000000,0.000000000,0.000000000,0.000000000,9.800000000,1.000000000,0.000000000,0.000000000,0.000000000
5.391665804,0.000000000,0.000000000,0.000000000,0.000000000,0.000000000,9.800000000,1.000000000,0.000000000,0.000000000,0.000000000
5.395832470,0.000000000,0.000000000,0.000000000,0.000000000,0.000000000,9.800000000,1.000000000,0.000000000,0.000000000,0.000000000
5.404165802,0.000000000,0.000000000,0.000000000,0.000000000,0.000000000,9.800000000,1.000000000,0.000000000,0.000000000,0.000000000
5.408332468,0.000000000,0.000000000,0.000000000,0.000000000,0.000000000,9.800000000,1.000000000,0.000000000,0.000000000,0.000000000
5.412499134,0.000000000,0.000000000,0.000000000,0.000000000,0.000000000,9.800000000,1.000000000,0.000000000,0.000000000,0.000000000
5.416665800,0.000000000,0.000000000,0.000000000,0.000000000,0.000000000,9.800000000,1.000000000,0.000000000,0.000000000,0.000000000
5.420832466,0.000000000,0.000000000,0.000000000,0.000000000,0.000000000,9.800000000,1.000000000,0.000000000,0.000000000,0.000000000
5.429165798,0.000000000,0.000000000,0.000000000,0.000000000,0.000000000,9.800000000,1.000000000,0.000000000,0.000000000,0.000000000
5.433332464,0.000000000,0.000000000,0.000000000,0.000000000,0.000000000,9.800000000,1.000000000,0.000000000,0.000000000,0.000000000
5.437499130,0.000000000,0.000000000,0.000000000,0.000000000,0.000000000,9.800000000,1.000000000,0.000000000,0.000000000,0.000000000
5.441665796,0.000000000,0.000000000,0.000000000,0.000000000,0.000000000,9.800000000,1.000000000,0.000000000,0.000000000,0.000000000
5.445832462,0.000000000,0.000000000,0.000000000,0.000000000,0.000000000,9.800000000,1.000000000,0.000000000,0.000000000,0.000000000
5.454165794,0.000000000,0.000000000,0.000000000,0.000000000,0.000000000,9.800000000,1.000000000,0.000000000,0.000000000,0.000000000
5.458332460,0.000000000,0.000000000,0.000000000,0.000000000,0.000000000,9.800000000,1.000000000,0.000000000,0.000000000,0.000000000
5.462499126,0.000000000,0.000000000,0.000000000,0.000000000,0.000000000,9.800000000,1.000000000,0.000000000,0.000000000,0.000000000
5.466665792,0.000000000,0.000000000,0.000000000,0.000000000,0.000000000,9.800000000,1.000000000,0.000000000,0.000000000,0.000000000
5.470832458,0.000000000,0.000000000,0.000000000,0.000000000,0.000000000,9.800000000,1.000000000,0.000000000,0.000000000,0.000000000
5.479165790,0.000000000,0.000000000,0.000000000,0.000000000,0.000000000,9.800000000,1.000000000,0.000000000,0.000000000,0.000000000
5.483332456,0.000000000,0.000000000,0.000000000,0.000000000,0.000000000,9.800000000,1.000000000,0.000000000,0.000000000,0.000000000
5.487499122,0.000000000,0.000000000,0.000000000,0.000000000,0.000000000,9.800000000,1.000000000,0.000000000,0.000000000,0.000000000
5.491665788,0.000000000,0.000000000,0.000000000,0.000000000,0.000000000,9.800000000,1.000000000,0.000000000,0.000000000,0.000000000
5.495832454,0.000000000,0.000000000,0.000000000,0.000000000,0.000000000,9.800000000,1.000000000,0.000000000,0.000000000,0.000000000
5.504165786,0.000000000,0.000000000,0.000000000,0.000000000,0.000000000,9.800000000,1.000000000,0.000000000,0.000000000,0.000000000
5.508332452,0.000000000,0.000000000,0.000000000,0.000000000,0.000000000,9.800000000,1.000000000,0.000000000,0.000000000,0.000000000
5.512499118,0.000000000,0.000000000,0.000000000,0.000000000,0.000000000,9.800000000,1.000000000,0.000000000,0.000000000,0.000000000
5.516665784,0.000000000,0.000000000,0.000000000,0.000000000,0.000000000,9.800000000,1.000000000,0.000000000,0.000000000,0.000000000
5.520832450,0.000000000,0.000000000,0.000000000,0.000000000,0.000000000,9.800000000,1.000000000,0.000000000,0.000000000,0.000000000
5.529165782,0.000000000,0.000000000,0.000000000,0.000000000,0.000000000,9.800000000,1.000000000,0.000000000,0.000000000,0.000000000
5.533332448,0.000000000,0.000000000,0.000000000,0.000000000,0.000000000,9.800000000,1.000000000,0.000000000,0.000000000,0.000000000
5.537499114,0.000000000,0.000000000,0.000000000,0.000000000,0.000000000,9.800000000,1.000000000,0.000000000,0.000000000,0.000000000
5.541665780,0.000000000,0.000000000,0.000000000,0.000000000,0.000000000,9.800000000,1.000000000,0.000000000,0.000000000,0.000000000
5.545832446,0.000000000,0.000000000,0.000000000,0.000000000,0.000000000,9.800000000,1.000000000,0.000000000,0.000000000,0.000000000
5.554165778,0.000000000,0.000000000,0.000000000,0.000000000,0.000000000,9.800000000,1.000000000,0.000000000,0.000000000,0.000000000
5.558332444,0.000000000,0.000000000,0.000000000,0.000000000,0.000000000,9.800000000,1.000000000,0.000000000,0.000000000,0.000000000
5.562499110,0.000000000,0.000000000,0.000000000,0.000000000,0.000000000,9.800000000,1.000000000,0.000000000,0.000000000,0.000000000
5.566665776,0.000000000,0.000000000,0.000000000,0.000000000,0.000000000,9.800000000,1.000000000,0.000000000,0.000000000,0.000000000
5.570832442,0.000000000,0.000000000,0.000000000,0.000000000,0.000000000,9.800000000,1.000000000,0.000000000,0.000000000,0.000000000
5.579165774,0.000000000,0.000000000,0.000000000,0.000000000,0.000000000,9.800000000,1.000000000,0.000000000,0.000000000,0.000000000
5.583332440,0.000000000,0.000000000,0.000000000,0.000000000,0.000000000,9.800000000,1.000000000,0.000000000,0.000000000,0.000000000
5.587499106,0.000000000,0.000000000,0.000000000,0.000000000,0.000000000,9.800000000,1.000000000,0.000000000,0.000000000,0.000000000
5.591665772,0.000000000,0.000000000,0.000000000,0.000000000,0.000000000,9.800000000,1.000000000,0.000000000,0.000000000,0.000000000
5.595832438,0.000000000,0.000000000,0.000000000,0.000000000,0.000000000,9.800000000,1.000000000,0.000000000,0.000000000,0.000000000
5.604165770,0.000000000,0.000000000,0.000000000,0.000000000,0.000000000,9.800000000,1.000000000,0.000000000,0.000000000,0.000000000
5.608332436,0.000000000,0.000000000,0.000000000,0.000000000,0.000000000,9.800000000,1.000000000,0.000000000,0.000000000,0.000000000
5.612499102,0.000000000,0.000000000,0.000000000,0.000000000,0.000000000,9.800000000,1.000000000,0.000000000,0.000000000,0.000000000
5.616665768,0.000000000,0.000000000,0.000000000,0.000000000,0.000000000,9.800000000,1.000000000,0.000000000,0.000000000,0.000000000
5.620832434,0.000000000,0.000000000,0.000000000,0.000000000,0.000000000,9.800000000,1.000000000,0.000000000,0.000000000,0.000000000
5.629165766,0.000000000,0.000000000,0.000000000,0.000000000,0.000000000,9.800000000,1.000000000,0.000000000,0.000000000,0.000000000
5.633332432,0.000000000,0.000000000,0.000000000,0.000000000,0.000000000,9.800000000,1.000000000,0.000000000,0.000000000,0.000000000
5.637499098,0.000000000,0.000000000,0.000000000,0.000000000,0.000000000,9.800000000,1.000000000,0.000000000,0.000000000,0.000000000
5.641665764,0.000000000,0.000000000,0.000000000,0.000000000,0.000000000,9.800000000,1.000000000,0.000000000,0.000000000,0.000000000
5.645832430,0.000000000,0.000000000,0.000000000,0.000000000,0.000000000,9.800000000,1.000000000,0.000000000,0.000000000,0.000000000
5.654165762,0.000000000,0.000000000,0.000000000,0.000000000,0.000000000,9.800000000,1.000000000,0.000000000,0.000000000,0.000000000
5.658332428,0.000000000,0.000000000,0.000000000,0.000000000,0.000000000,9.800000000,1.000000000,0.000000000,0.000000000,0.000000000
5.662499094,0.000000000,0.000000000,0.000000000,0.000000000,0.000000000,9.800000000,1.000000000,0.000000000,0.000000000,0.000000000
5.666665760,0.000000000,0.000000000,0.000000000,0.000000000,0.000000000,9.800000000,1.000000000,0.000000000,0.000000000,0.000000000
5.670832426,0.000000000,0.000000000,0.000000000,0.000000000,0.000000000,9.800000000,1.000000000,0.000000000,0.000000000,0.000000000
5.679165758,0.000000000,0.000000000,0.000000000,0.000000000,0.000000000,9.800000000,1.000000000,0.000000000,0.000000000,0.000000000
5.683332424,0.000000000,0.000000000,0.000000000,0.000000000,0.000000000,9.800000000,1.000000000,0.000000000,0.000000000,0.000000000
5.687499090,0.000000000,0.000000000,0.000000000,0.000000000,0.000000000,9.800000000,1.000000000,0.000000000,0.000000000,0.000000000
5.691665756,0.000000000,0.000000000,0.000000000,0.000000000,0.000000000,9.800000000,1.000000000,0.000000000,0.000000000,0.000000000
5.695832422,0.000000000,0.000000000,0.000000000,0.000000000,0.000000000,9.800000000,1.000000000,0.000000000,0.000000000,0.000000000
5.704165754,0.000000000,0.000000000,0.000000000,0.000000000,0.000000000,9.800000000,1.000000000,0.000000000,0.000000000,0.000000000
5.708332420,0.000000000,0.000000000,0.000000000,0.000000000,0.000000000,9.800000000,1.000000000,0.000000000,0.000000000,0.000000000
5.712499086,0.000000000,0.000000000,0.000000000,0.000000000,0.000000000,9.800000000,1.000000000,0.000000000,0.000000000,0.000000000
5.716665752,0.000000000,0.000000000,0.000000000,0.000000000,0.000000000,9.800000000,1.000000000,0.000000000,0.000000000,0.000000000
5.720832418,0.000000000,0.000000000,0.000000000,0.000000000,0.000000000,9.800000000,1.000000000,0.000000000,0.000000000,0.000000000
5.729165750,0.000000000,0.000000000,0.000000000,0.000000000,0.000000000,9.800000000,1.000000000,0.000000000,0.000000000,0.000000000
5.733332416,0.000000000,0.000000000,0.000000000,0.000000000,0.000000000,9.800000000,1.000000000,0.000000000,0.000000000,0.000000000
5.737499082,0.000000000,0.000000000,0.000000000,0.000000000,0.000000000,9.800000000,1.000000000,0.000000000,0.000000000,0.000000000
5.741665748,0.000000000,0.000000000,0.000000000,0.000000000,0.000000000,9.800000000,1.000000000,0.000000000,0.000000000,0.000000000
5.745832414,0.000000000,0.000000000,0.000000000,0.000000000,0.000000000,9.800000000,1.000000000,0.000000000,0.000000000,0.000000000
5.754165746,0.000000000,0.000000000,0.000000000,0.000000000,0.000000000,9.800000000,1.000000000,0.000000000,0.000000000,0.000000000
5.758332412,0.000000000,0.000000000,0.000000000,0.000000000,0.000000000,9.800000000,1.000000000,0.000000000,0.000000000,0.000000000
5.762499078,0.000000000,0.000000000,0.000000000,0.000000000,0.000000000,9.800000000,1.000000000,0.000000000,0.000000000,0.000000000
5.766665744,0.000000000,0.000000000,0.000000000,0.000000000,0.000000000,9.800000000,1.000000000,0.000000000,0.000000000,0.000000000
5.770832410,0.000000000,0.000000000,0.000000000,0.000000000,0.000000000,9.800000000,1.000000000,0.000000000,0.000000000,0.000000000
5.779165742,0.000000000,0.000000000,0.000000000,0.000000000,0.000000000,9.800000000,1.000000000,0.000000000,0.000000000,0.000000000
5.783332408,0.000000000,0.000000000,0.000000000,0.000000000,0.000000000,9.800000000,1.000000000,0.000000000,0.000000000,0.000000000
5.787499074,0.000000000,0.000000000,0.000000000,0.000000000,0.000000000,9.800000000,1.000000000,0.000000000,0.000000000,0.000000000
5.791665740,0.000000000,0.000000000,0.000000000,0.000000000,0.000000000,9.800000000,1.000000000,0.000000000,0.000000000,0.000000000
5.795832406,0.000000000,0.000000000,0.000000000,0.000000000,0.000000000,9.800000000,1.000000000,0.000000000,0.000000000,0.000000000
5.804165738,0.000000000,0.000000000,0.000000000,0.000000000,0.000000000,9.800000000,1.000000000,0.000000000,0.000000000,0.000000000
5.808332404,0.000000000,0.000000000,0.000000000,0.000000000,0.000000000,9.800000000,1.000000000,0.000000000,0.000000000,0.000000000
5.812499070,0.000000000,0.000000000,0.000000000,0.000000000,0.000000000,9.800000000,1.000000000,0.000000000,0.000000000,0.000000000
5.816665736,0.000000000,0.000000000,0.000000000,0.000000000,0.000000000,9.800000000,1.000000000,0.000000000,0.000000000,0.000000000
5.820832402,0.000000000,0.000000000,0.000000000,0.000000000,0.000000000,9.800000000,1.000000000,0.000000000,0.000000000,0.000000000
5.829165734,0.000000000,0.000000000,0.000000000,0.000000000,0.000000000,9.800000000,1.000000000,0.000000000,0.000000000,0.000000000
5.833332400,0.000000000,0.000000000,0.000000000,0.000000000,0.000000000,9.800000000,1.000000000,0.000000000,0.000000000,0.000000000
5.837499066,0.000000000,0.000000000,0.000000000,0.000000000,0.000000000,9.800000000,1.000000000,0.000000000,0.000000000,0.000000000
5.841665732,0.000000000,0.000000000,0.000000000,0.000000000,0.000000000,9.800000000,1.000000000,0.000000000,0.000000000,0.000000000
5.845832398,0.000000000,0.000000000,0.000000000,0.000000000,0.000000000,9.800000000,1.000000000,0.000000000,0.000000000,0.000000000
5.854165730,0.000000000,0.000000000,0.000000000,0.000000000,0.000000000,9.800000000,1.000000000,0.000000000,0.000000000,0.000000000
5.858332396,0.000000000,0.000000000,0.000000000,0.000000000,0.000000000,9.800000000,1.000000000,0.000000000,0.000000000,0.000000000
5.862499062,0.000000000,0.000000000,0.000000000,0.000000000,0.000000000,9.800000000,1.000000000,0.000000000,0.000000000,0.000000000
5.866665728,0.000000000,0.000000000,0.000000000,0.000000000,0.000000000,9.800000000,1.000000000,0.000000000,0.000000000,0.000000000
5.870832394,0.000000000,0.000000000,0.000000000,0.000000000,0.000000000,9.800000000,1.000000000,0.000000000,0.000000000,0.000000000
5.879165726,0.000000000,0.000000000,0.000000000,0.000000000,0.000000000,9.800000000,1.000000000,0.000000000,0.000000000,0.000000000
5.883332392,0.000000000,0.000000000,0.000000000,0.000000000,0.000000000,9.800000000,1.000000000,0.000000000,0.000000000,0.000000000
5.887499058,0.000000000,0.000000000,0.000000000,0.000000000,0.000000000,9.800000000,1.000000000,0.000000000,0.000000000,0.000000000
5.891665724,0.000000000,0.000000000,0.000000000,0.000000000,0.000000000,9.800000000,1.000000000,0.000000000,0.000000000,0.000000000
5.895832390,0.000000000,0.000000000,0.000000000,0.000000000,0.000000000,9.800000000,1.000000000,0.000000000,0.000000000,0.000000000
5.904165722,0.000000000,0.000000000,0.000000000,0.000000000,0.000000000,9.800000000,1.000000000,0.000000000,0.000000000,0.000000000
5.908332388,0.000000000,0.000000000,0.000000000,0.000000000,0.000000000,9.800000000,1.000000000,0.000000000,0.000000000,0.000000000
5.912499054,0.000000000,0.000000000,0.000000000,0.000000000,0.000000000,9.800000000,1.000000000,0.000000000,0.000000000,0.000000000
5.916665720,0.000000000,0.000000000,0.000000000,0.000000000,0.000000000,9.800000000,1.000000000,0.000000000,0.000000000,0.000000000
5.920832386,0.000000000,0.000000000,0.000000000,0.000000000,0.000000000,9.800000000,1.000000000,0.000000000,0.000000000,0.000000000
5.929165718,0.000000000,0.000000000,0.000000000,0.000000000,0.000000000,9.800000000,1.000000000,0.000000000,0.000000000,0.000000000
5.933332384,0.000000000,0.000000000,0.000000000,0.000000000,0.000000000,9.800000000,1.000000000,0.000000000,0.000000000,0.000000000
5.937499050,0.000000000,0.000000000,0.000000000,0.000000000,0.000000000,9.800000000,1.000000000,0.000000000,0.000000000,0.000000000
5.941665716,0.000000000,0.000000000,0.000000000,0.000000000,0.000000000,9.800000000,1.000000000,0.000000000,0.000000000,0.000000000
5.945832382,0.000000000,0.000000000,0.000000000,0.000000000,0.000000000,9.800000000,1.000000000,0.000000000,0.000000000,0.000000000
5.954165714,0.000000000,0.000000000,0.000000000,0.000000000,0.000000000,9.800000000,1.000000000,0.000000000,0.000000000,0.000000000
5.958332380,0.000000000,0.000000000,0.000000000,0.000000000,0.000000000,9.800000000,1.000000000,0.000000000,0.000000000,0.000000000
5.962499046,0.000000000,0.000000000,0.000000000,0.000000000,0.000000000,9.800000000,1.000000000,0.000000000,0.000000000,0.000000000
5.966665712,0.000000000,0.000000000,0.000000000,0.000000000,0.000000000,9.800000000,1.000000000,0.000000000,0.000000000,0.000000000
5.970832378,0.000000000,0.000000000,0.000000000,0.000000000,0.000000000,9.800000000,1.000000000,0.000000000,0.000000000,0.000000000
5.979165710,0.000000000,0.000000000,0.000000000,0.000000000,0.000000000,9.800000000,1.000000000,0.000000000,0.000000000,0.000000000
5.983332376,0.000000000,0.000000000,0.000000000,0.000000000,0.000000000,9.800000000,1.000000000,0.000000000,0.000000000,0.000000000
5.987499042,0.000000000,0.000000000,0.000000000,0.000000000,0.000000000,9.800000000,1.000000000,0.000000000,0.000000000,0.000000000
5.991665708,0.000000000,0.000000000,0.000000000,0.000000000,0.000000000,9.800000000,1.000000000,0.000000000,0.000000000,0.000000000
5.995832374,0.000000000,0.000000000,0.000000000,0.000000000,0.000000000,9.800000000,1.000000000,0.000000000,0.000000000,0.000000000
6.004165706,0.000000000,0.000000000,0.000000000,0.000000000,0.000000000,9.800000000,1.000000000,0.000000000,0.000000000,0.000000000
6.008332372,0.000000000,0.000000000,0.000000000,0.000000000,0.000000000,9.800000000,1.000000000,0.000000000,0.000000000,0.000000000
6.012499038,0.000000000,0.000000000,0.000000000,0.000000000,0.000000000,9.800000000,1.000000000,0.000000000,0.000000000,0.000000000
6.016665704,0.000000000,0.000000000,0.000000000,0.000000000,0.000000000,9.800000000,1.000000000,0.000000000,0.000000000,0.000000000
6.020832370,0.000000000,0.000000000,0.000000000,0.000000000,0.000000000,9.800000000,1.000000000,0.000000000,0.000000000,0.000000000
6.029165702,0.000000000,0.000000000,0.000000000,0.000000000,0.000000000,9.800000000,1.000000000,0.000000000,0.000000000,0.000000000
6.033332368,0.000000000,0.000000000,0.000000000,0.000000000,0.000000000,9.800000000,1.000000000,0.000000000,0.000000000,0.000000000
6.037499034,0.000000000,0.000000000,0.000000000,0.000000000,0.000000000,9.800000000,1.000000000,0.000000000,0.000000000,0.000000000
6.041665700,0.000000000,0.000000000,0.000000000,0.000000000,0.000000000,9.800000000,1.000000000,0.000000000,0.000000000,0.000000000
6.045832366,0.000000000,0.000000000,0.000000000,0.000000000,0.000000000,9.800000000,1.000000000,0.000000000,0.000000000,0.000000000
6.054165698,0.000000000,0.000000000,0.000000000,0.000000000,0.000000000,9.800000000,1.000000000,0.000000000,0.000000000,0.000000000
6.058332364,0.000000000,0.000000000,0.000000000,0.000000000,0.000000000,9.800000000,1.000000000,0.000000000,0.000000000,0.000000000
6.062499030,0.000000000,0.000000000,0.000000000,0.000000000,0.000000000,9.800000000,1.000000000,0.000000000,0.000000000,0.000000000
6.066665696,0.000000000,0.000000000,0.000000000,0.000000000,0.000000000,9.800000000,1.000000000,0.000000000,0.000000000,0.000000000
6.070832362,0.000000000,0.000000000,0.000000000,0.000000000,0.000000000,9.800000000,1.000000000,0.000000000,0.000000000,0.000000000
6.079165694,0.000000000,0.000000000,0.000000000,0.000000000,0.000000000,9.800000000,1.000000000,0.000000000,0.000000000,0.000000000
6.083332360,0.000000000,0.000000000,0.000000000,0.000000000,0.000000000,9.800000000,1.000000000,0.000000000,0.000000000,0.000000000
6.087499026,0.000000000,0.000000000,0.000000000,0.000000000,0.000000000,9.800000000,1.000000000,0.000000000,0.000000000,0.000000000
6.091665692,0.000000000,0.000000000,0.000000000,0.000000000,0.000000000,9.800000000,1.000000000,0.000000000,0.000000000,0.000000000
6.095832358,0.000000000,0.000000000,0.000000000,0.000000000,0.000000000,9.800000000,1.000000000,0.000000000,0.000000000,0.000000000
6.104165690,0.000000000,0.000000000,0.000000000,0.000000000,0.000000000,9.800000000,1.000000000,0.000000000,0.000000000,0.000000000
6.108332356,0.000000000,0.000000000,0.000000000,0.000000000,0.000000000,9.800000000,1.000000000,0.000000000,0.000000000,0.000000000
6.112499022,0.000000000,0.000000000,0.000000000,0.000000000,0.000000000,9.800000000,1.000000000,0.000000000,0.000000000,0.000000000
6.116665688,0.000000000,0.000000000,0.000000000,0.000000000,0.000000000,9.800000000,1.000000000,0.000000000,0.000000000,0.000000000
6.120832354,0.000000000,0.000000000,0.000000000,0.000000000,0.000000000,9.800000000,1.000000000,0.000000000,0.000000000,0.000000000
6.129165686,0.000000000,0.000000000,0.000000000,0.000000000,0.000000000,9.800000000,1.000000000,0.000000000,0.000000000,0.000000000
6.133332352,0.000000000,0.000000000,0.000000000,0.000000000,0.000000000,9.800000000,1.000000000,0.000000000,0.000000000,0.000000000
6.137499018,0.000000000,0.000000000,0.000000000,0.000000000,0.000000000,9.800000000,1.000000000,0.000000000,0.000000000,0.000000000
6.141665684,0.000000000,0.000000000,0.000000000,0.000000000,0.000000000,9.800000000,1.000000000,0.000000000,0.000000000,0.000000000
6.145832350,0.000000000,0.000000000,0.000000000,0.000000000,0.000000000,9.800000000,1.000000000,0.000000000,0.000000000,0.000000000
6.154165682,0.000000000,0.000000000,0.000000000,0.000000000,0.000000000,9.800000000,1.000000000,0.000000000,0.000000000,0.000000000
6.158332348,0.000000000,0.000000000,0.000000000,0.000000000,0.000000000,9.800000000,1.000000000,0.000000000,0.000000000,0.000000000
6.162499014,0.000000000,0.000000000,0.000000000,0.000000000,0.000000000,9.800000000,1.000000000,0.000000000,0.000000000,0.000000000
6.166665680,0.000000000,0.000000000,0.000000000,0.000000000,0.000000000,9.800000000,1.000000000,0.000000000,0.000000000,0.000000000
6.170832346,0.000000000,0.000000000,0.000000000,0.000000000,0.000000000,9.800000000,1.000000000,0.000000000,0.000000000,0.000000000
6.179165678,0.000000000,0.000000000,0.000000000,0.000000000,0.000000000,9.800000000,1.000000000,0.000000000,0.000000000,0.000000000
6.183332344,0.000000000,0.000000000,0.000000000,0.000000000,0.000000000,9.800000000,1.000000000,0.000000000,0.000000000,0.000000000
6.187499010,0.000000000,0.000000000,0.000000000,0.000000000,0.000000000,9.800000000,1.000000000,0.000000000,0.000000000,0.000000000
6.191665676,0.000000000,0.000000000,0.000000000,0.000000000,0.000000000,9.800000000,1.000000000,0.000000000,0.000000000,0.000000000
6.195832342,0.000000000,0.000000000,0.000000000,0.000000000,0.000000000,9.800000000,1.000000000,0.000000000,0.000000000,0.000000000
6.204165674,0.000000000,0.000000000,0.000000000,0.000000000,0.000000000,9.800000000,1.000000000,0.000000000,0.000000000,0.000000000
6.208332340,0.000000000,0.000000000,0.000000000,0.000000000,0.000000000,9.800000000,1.000000000,0.000000000,0.000000000,0.000000000
6.212499006,0.000000000,0.000000000,0.000000000,0.000000000,0.000000000,9.800000000,1.000000000,0.000000000,0.000000000,0.000000000
6.216665672,0.000000000,0.000000000,0.000000000,0.000000000,0.000000000,9.800000000,1.000000000,0.000000000,0.000000000,0.000000000
6.220832338,0.000000000,0.000000000,0.000000000,0.000000000,0.000000000,9.800000000,1.000000000,0.000000000,0.000000000,0.000000000
6.229165670,0.000000000,0.000000000,0.000000000,0.000000000,0.000000000,9.800000000,1.000000000,0.000000000,0.000000000,0.000000000
6.233332336,0.000000000,0.000000000,0.000000000,0.000000000,0.000000000,9.800000000,1.000000000,0.000000000,0.000000000,0.000000000
6.237499002,0.000000000,0.000000000,0.000000000,0.000000000,0.000000000,9.800000000,1.000000000,0.000000000,0.000000000,0.000000000
6.241665668,0.000000000,0.000000000,0.000000000,0.000000000,0.000000000,9.800000000,1.000000000,0.000000000,0.000000000,0.000000000
6.245832334,0.000000000,0.000000000,0.000000000,0.000000000,0.000000000,9.800000000,1.000000000,0.000000000,0.000000000,0.000000000
6.254165666,0.000000000,0.000000000,0.000000000,0.000000000,0.000000000,9.800000000,1.000000000,0.000000000,0.000000000,0.000000000
6.258332332,0.000000000,0.000000000,0.000000000,0.000000000,0.000000000,9.800000000,1.000000000,0.000000000,0.000000000,0.000000000
6.262498998,0.000000000,0.000000000,0.000000000,0.000000000,0.000000000,9.800000000,1.000000000,0.000000000,0.000000000,0.000000000
6.266665664,0.000000000,0.000000000,0.000000000,0.000000000,0.000000000,9.800000000,1.000000000,0.000000000,0.000000000,0.000000000
6.270832330,0.000000000,0.000000000,0.000000000,0.000000000,0.000000000,9.800000000,1.000000000,0.000000000,0.000000000,0.000000000
6.279165662,0.000000000,0.000000000,0.000000000,0.000000000,0.000000000,9.800000000,1.000000000,0.000000000,0.000000000,0.000000000
6.283332328,0.000000000,0.000000000,0.000000000,0.000000000,0.000000000,9.800000000,1.000000000,0.000000000,0.000000000,0.000000000
6.287498994,0.000000000,0.000000000,0.000000000,0.000000000,0.000000000,9.800000000,1.000000000,0.000000000,0.000000000,0.000000000
6.291665660,0.000000000,0.000000000,0.000000000,0.000000000,0.000000000,9.800000000,1.000000000,0.000000000,0.000000000,0.000000000
6.295832326,0.000000000,0.000000000,0.000000000,0.000000000,0.000000000,9.800000000,1.000000000,0.000000000,0.000000000,0.000000000
6.304165658,0.000000000,0.000000000,0.000000000,0.000000000,0.000000000,9.800000000,1.000000000,0.000000000,0.000000000,0.000000000
6.308332324,0.000000000,0.000000000,0.000000000,0.000000000,0.000000000,9.800000000,1.000000000,0.000000000,0.000000000,0.000000000
6.312498990,0.000000000,0.000000000,0.000000000,0.000000000,0.000000000,9.800000000,1.000000000,0.000000000,0.000000000,0.000000000
6.316665656,0.000000000,0.000000000,0.000000000,0.000000000,0.000000000,9.800000000,1.000000000,0.000000000,0.000000000,0.000000000
6.320832322,0.000000000,0.000000000,0.000000000,0.000000000,0.000000000,9.800000000,1.000000000,0.000000000,0.000000000,0.000000000
6.329165654,0.000000000,0.000000000,0.000000000,0.000000000,0.000000000,9.800000000,1.000000000,0.000000000,0.000000000,0.000000000
6.333332320,0.000000000,0.000000000,0.000000000,0.000000000,0.000000000,9.800000000,1.000000000,0.000000000,0.000000000,0.000000000
6.337498986,0.000000000,0.000000000,0.000000000,0.000000000,0.000000000,9.800000000,1.000000000,0.000000000,0.000000000,0.000000000
6.341665652,0.000000000,0.000000000,0.000000000,0.000000000,0.000000000,9.800000000,1.000000000,0.000000000,0.000000000,0.000000000
6.345832318,0.000000000,0.000000000,0.000000000,0.000000000,0.000000000,9.800000000,1.000000000,0.000000000,0.000000000,0.000000000
6.354165650,0.000000000,0.000000000,0.000000000,0.000000000,0.000000000,9.800000000,1.000000000,0.000000000,0.000000000,0.000000000
6.358332316,0.000000000,0.000000000,0.000000000,0.000000000,0.000000000,9.800000000,1.000000000,0.000000000,0.000000000,0.000000000
6.362498982,0.000000000,0.000000000,0.000000000,0.000000000,0.000000000,9.800000000,1.000000000,0.000000000,0.000000000,0.000000000
6.366665648,0.000000000,0.000000000,0.000000000,0.000000000,0.000000000,9.800000000,1.000000000,0.000000000,0.000000000,0.000000000
6.370832314,0.000000000,0.000000000,0.000000000,0.000000000,0.000000000,9.800000000,1.000000000,0.000000000,0.000000000,0.000000000
6.379165646,0.000000000,0.000000000,0.000000000,0.000000000,0.000000000,9.800000000,1.000000000,0.000000000,0.000000000,0.000000000
6.383332312,0.000000000,0.000000000,0.000000000,0.000000000,0.000000000,9.800000000,1.000000000,0.000000000,0.000000000,0.000000000
6.387498978,0.000000000,0.000000000,0.000000000,0.000000000,0.000000000,9.800000000,1.000000000,0.000000000,0.000000000,0.000000000
6.391665644,0.000000000,0.000000000,0.000000000,0.000000000,0.000000000,9.800000000,1.000000000,0.000000000,0.000000000,0.000000000
6.395832310,0.000000000,0.000000000,0.000000000,0.000000000,0.000000000,9.800000000,1.000000000,0.000000000,0.000000000,0.000000000
6.404165642,0.000000000,0.000000000,0.000000000,0.000000000,0.000000000,9.800000000,1.000000000,0.000000000,0.000000000,0.000000000
6.408332308,0.000000000,0.000000000,0.000000000,0.000000000,0.000000000,9.800000000,1.000000000,0.000000000,0.000000000,0.000000000
6.412498974,0.000000000,0.000000000,0.000000000,0.000000000,0.000000000,9.800000000,1.000000000,0.000000000,0.000000000,0.000000000
6.416665640,0.000000000,0.000000000,0.000000000,0.000000000,0.000000000,9.800000000,1.000000000,0.000000000,0.000000000,0.000000000
6.420832306,0.000000000,0.000000000,0.000000000,0.000000000,0.000000000,9.800000000,1.000000000,0.000000000,0.000000000,0.000000000
6.429165638,0.000000000,0.000000000,0.000000000,0.000000000,0.000000000,9.800000000,1.000000000,0.000000000,0.000000000,0.000000000
6.433332304,0.000000000,0.000000000,0.000000000,0.000000000,0.000000000,9.800000000,1.000000000,0.000000000,0.000000000,0.000000000
6.437498970,0.000000000,0.000000000,0.000000000,0.000000000,0.000000000,9.800000000,1.000000000,0.000000000,0.000000000,0.000000000
6.441665636,0.000000000,0.000000000,0.000000000,0.000000000,0.000000000,9.800000000,1.000000000,0.000000000,0.000000000,0.000000000
6.445832302,0.000000000,0.000000000,0.000000000,0.000000000,0.000000000,9.800000000,1.000000000,0.000000000,0.000000000,0.000000000
6.454165634,0.000000000,0.000000000,0.000000000,0.000000000,0.000000000,9.800000000,1.000000000,0.000000000,0.000000000,0.000000000
6.458332300,0.000000000,0.000000000,0.000000000,0.000000000,0.000000000,9.800000000,1.000000000,0.000000000,0.000000000,0.000000000
6.462498966,0.000000000,0.000000000,0.000000000,0.000000000,0.000000000,9.800000000,1.000000000,0.000000000,0.000000000,0.000000000
6.466665632,0.000000000,0.000000000,0.000000000,0.000000000,0.000000000,9.800000000,1.000000000,0.000000000,0.000000000,0.000000000
6.470832298,0.000000000,0.000000000,0.000000000,0.000000000,0.000000000,9.800000000,1.000000000,0.000000000,0.000000000,0.000000000
6.479165630,0.000000000,0.000000000,0.000000000,0.000000000,0.000000000,9.800000000,1.000000000,0.000000000,0.000000000,0.000000000
6.483332296,0.000000000,0.000000000,0.000000000,0.000000000,0.000000000,9.800000000,1.000000000,0.000000000,0.000000000,0.000000000
6.487498962,0.000000000,0.000000000,0.000000000,0.000000000,0.000000000,9.800000000,1.000000000,0.000000000,0.000000000,0.000000000
6.491665628,0.000000000,0.000000000,0.000000000,0.000000000,0.000000000,9.800000000,1.000000000,0.000000000,0.000000000,0.000000000
6.495832294,0.000000000,0.000000000,0.000000000,0.000000000,0.000000000,9.800000000,1.000000000,0.000000000,0.000000000,0.000000000
6.504165626,0.000000000,0.000000000,0.000000000,0.000000000,0.000000000,9.800000000,1.000000000,0.000000000,0.000000000,0.000000000
6.508332292,0.000000000,0.000000000,0.000000000,0.000000000,0.000000000,9.800000000,1.000000000,0.000000000,0.000000000,0.000000000
6.512498958,0.000000000,0.000000000,0.000000000,0.000000000,0.000000000,9.800000000,1.000000000,0.000000000,0.000000000,0.000000000
6.516665624,0.000000000,0.000000000,0.000000000,0.000000000,0.000000000,9.800000000,1.000000000,0.000000000,0.000000000,0.000000000
6.520832290,0.000000000,0.000000000,0.000000000,0.000000000,0.000000000,9.800000000,1.000000000,0.000000000,0.000000000,0.000000000
6.529165622,0.000000000,0.000000000,0.000000000,0.000000000,0.000000000,9.800000000,1.000000000,0.000000000,0.000000000,0.000000000
6.533332288,0.000000000,0.000000000,0.000000000,0.000000000,0.000000000,9.800000000,1.000000000,0.000000000,0.000000000,0.000000000
6.537498954,0.000000000,0.000000000,0.000000000,0.000000000,0.000000000,9.800000000,1.000000000,0.000000000,0.000000000,0.000000000
6.541665620,0.000000000,0.000000000,0.000000000,0.000000000,0.000000000,9.800000000,1.000000000,0.000000000,0.000000000,0.000000000
6.545832286,0.000000000,0.000000000,0.000000000,0.000000000,0.000000000,9.800000000,1.000000000,0.000000000,0.000000000,0.000000000
6.554165618,0.000000000,0.000000000,0.000000000,0.000000000,0.000000000,9.800000000,1.000000000,0.000000000,0.000000000,0.000000000
6.558332284,0.000000000,0.000000000,0.000000000,0.000000000,0.000000000,9.800000000,1.000000000,0.000000000,0.000000000,0.000000000
6.562498950,0.000000000,0.000000000,0.000000000,0.000000000,0.000000000,9.800000000,1.000000000,0.000000000,0.000000000,0.000000000
6.566665616,0.000000000,0.000000000,0.000000000,0.000000000,0.000000000,9.800000000,1.000000000,0.000000000,0.000000000,0.000000000
6.570832282,0.000000000,0.000000000,0.000000000,0.000000000,0.000000000,9.800000000,1.000000000,0.000000000,0.000000000,0.000000000
6.579165614,0.000000000,0.000000000,0.000000000,0.000000000,0.000000000,9.800000000,1.000000000,0.000000000,0.000000000,0.000000000
6.583332280,0.000000000,0.000000000,0.000000000,0.000000000,0.000000000,9.800000000,1.000000000,0.000000000,0.000000000,0.000000000
6.587498946,0.000000000,0.000000000,0.000000000,0.000000000,0.000000000,9.800000000,1.000000000,0.000000000,0.000000000,0.000000000
6.591665612,0.000000000,0.000000000,0.000000000,0.000000000,0.000000000,9.800000000,1.000000000,0.000000000,0.000000000,0.000000000
6.595832278,0.000000000,0.000000000,0.000000000,0.000000000,0.000000000,9.800000000,1.000000000,0.000000000,0.000000000,0.000000000
6.604165610,0.000000000,0.000000000,0.000000000,0.000000000,0.000000000,9.800000000,1.000000000,0.000000000,0.000000000,0.000000000
6.608332276,0.000000000,0.000000000,0.000000000,0.000000000,0.000000000,9.800000000,1.000000000,0.000000000,0.000000000,0.000000000
6.612498942,0.000000000,0.000000000,0.000000000,0.000000000,0.000000000,9.800000000,1.000000000,0.000000000,0.000000000,0.000000000
6.616665608,0.000000000,0.000000000,0.000000000,0.000000000,0.000000000,9.800000000,1.000000000,0.000000000,0.000000000,0.000000000
6.620832274,0.000000000,0.000000000,0.000000000,0.000000000,0.000000000,9.800000000,1.000000000,0.000000000,0.000000000,0.000000000
6.629165606,0.000000000,0.000000000,0.000000000,0.000000000,0.000000000,9.800000000,1.000000000,0.000000000,0.000000000,0.000000000
6.633332272,0.000000000,0.000000000,0.000000000,0.000000000,0.000000000,9.800000000,1.000000000,0.000000000,0.000000000,0.000000000
6.637498938,0.000000000,0.000000000,0.000000000,0.000000000,0.000000000,9.800000000,1.000000000,0.000000000,0.000000000,0.000000000
6.641665604,0.000000000,0.000000000,0.000000000,0.000000000,0.000000000,9.800000000,1.000000000,0.000000000,0.000000000,0.000000000
6.645832270,0.000000000,0.000000000,0.000000000,0.000000000,0.000000000,9.800000000,1.000000000,0.000000000,0.000000000,0.000000000
6.654165602,0.000000000,0.000000000,0.000000000,0.000000000,0.000000000,9.800000000,1.000000000,0.000000000,0.000000000,0.000000000
6.658332268,0.000000000,0.000000000,0.000000000,0.000000000,0.000000000,9.800000000,1.000000000,0.000000000,0.000000000,0.000000000
6.662498934,0.000000000,0.000000000,0.000000000,0.000000000,0.000000000,9.800000000,1.000000000,0.000000000,0.000000000,0.000000000
6.666665600,0.000000000,0.000000000,0.000000000,0.000000000,0.000000000,9.800000000,1.000000000,0.000000000,0.000000000,0.000000000
6.670832266,0.000000000,0.000000000,0.000000000,0.000000000,0.000000000,9.800000000,1.000000000,0.000000000,0.000000000,0.000000000
6.679165598,0.000000000,0.000000000,0.000000000,0.000000000,0.000000000,9.800000000,1.000000000,0.000000000,0.000000000,0.000000000
6.683332264,0.000000000,0.000000000,0.000000000,0.000000000,0.000000000,9.800000000,1.000000000,0.000000000,0.000000000,0.000000000
6.687498930,0.000000000,0.000000000,0.000000000,0.000000000,0.000000000,9.800000000,1.000000000,0.000000000,0.000000000,0.000000000
6.691665596,0.000000000,0.000000000,0.000000000,0.000000000,0.000000000,9.800000000,1.000000000,0.000000000,0.000000000,0.000000000
6.695832262,0.000000000,0.000000000,0.000000000,0.000000000,0.000000000,9.800000000,1.000000000,0.000000000,0.000000000,0.000000000
6.704165594,0.000000000,0.000000000,0.000000000,0.000000000,0.000000000,9.800000000,1.000000000,0.000000000,0.000000000,0.000000000
6.708332260,0.000000000,0.000000000,0.000000000,0.000000000,0.000000000,9.800000000,1.000000000,0.000000000,0.000000000,0.000000000
6.712498926,0.000000000,0.000000000,0.000000000,0.000000000,0.000000000,9.800000000,1.000000000,0.000000000,0.000000000,0.000000000
6.716665592,0.000000000,0.000000000,0.000000000,0.000000000,0.000000000,9.800000000,1.000000000,0.000000000,0.000000000,0.000000000
6.720832258,0.000000000,0.000000000,0.000000000,0.000000000,0.000000000,9.800000000,1.000000000,0.000000000,0.000000000,0.000000000
6.729165590,0.000000000,0.000000000,0.000000000,0.000000000,0.000000000,9.800000000,1.000000000,0.000000000,0.000000000,0.000000000
6.733332256,0.000000000,0.000000000,0.000000000,0.000000000,0.000000000,9.800000000,1.000000000,0.000000000,0.000000000,0.000000000
6.737498922,0.000000000,0.000000000,0.000000000,0.000000000,0.000000000,9.800000000,1.000000000,0.000000000,0.000000000,0.000000000
6.741665588,0.000000000,0.000000000,0.000000000,0.000000000,0.000000000,9.800000000,1.000000000,0.000000000,0.000000000,0.000000000
6.745832254,0.000000000,0.000000000,0.000000000,0.000000000,0.000000000,9.800000000,1.000000000,0.000000000,0.000000000,0.000000000
6.754165586,0.000000000,0.000000000,0.000000000,0.000000000,0.000000000,9.800000000,1.000000000,0.000000000,0.000000000,0.000000000
6.758332252,0.000000000,0.000000000,0.000000000,0.000000000,0.000000000,9.800000000,1.000000000,0.000000000,0.000000000,0.000000000
6.762498918,0.000000000,0.000000000,0.000000000,0.000000000,0.000000000,9.800000000,1.000000000,0.000000000,0.000000000,0.000000000
6.766665584,0.000000000,0.000000000,0.000000000,0.000000000,0.000000000,9.800000000,1.000000000,0.000000000,0.000000000,0.000000000
6.770832250,0.000000000,0.000000000,0.000000000,0.000000000,0.000000000,9.800000000,1.000000000,0.000000000,0.000000000,0.000000000
6.779165582,0.000000000,0.000000000,0.000000000,0.000000000,0.000000000,9.800000000,1.000000000,0.000000000,0.000000000,0.000000000
6.783332248,0.000000000,0.000000000,0.000000000,0.000000000,0.000000000,9.800000000,1.000000000,0.000000000,0.000000000,0.000000000
6.787498914,0.000000000,0.000000000,0.000000000,0.000000000,0.000000000,9.800000000,1.000000000,0.000000000,0.000000000,0.000000000
6.791665580,0.000000000,0.000000000,0.000000000,0.000000000,0.000000000,9.800000000,1.000000000,0.000000000,0.000000000,0.000000000
6.795832246,0.000000000,0.000000000,0.000000000,0.000000000,0.000000000,9.800000000,1.000000000,0.000000000,0.000000000,0.000000000
6.804165578,0.000000000,0.000000000,0.000000000,0.000000000,0.000000000,9.800000000,1.000000000,0.000000000,0.000000000,0.000000000
6.808332244,0.000000000,0.000000000,0.000000000,0.000000000,0.000000000,9.800000000,1.000000000,0.000000000,0.000000000,0.000000000
6.812498910,0.000000000,0.000000000,0.000000000,0.000000000,0.000000000,9.800000000,1.000000000,0.000000000,0.000000000,0.000000000
6.816665576,0.000000000,0.000000000,0.000000000,0.000000000,0.000000000,9.800000000,1.000000000,0.000000000,0.000000000,0.000000000
6.820832242,0.000000000,0.000000000,0.000000000,0.000000000,0.000000000,9.800000000,1.000000000,0.000000000,0.000000000,0.000000000
6.829165574,0.000000000,0.000000000,0.000000000,0.000000000,0.000000000,9.800000000,1.000000000,0.000000000,0.000000000,0.000000000
6.833332240,0.000000000,0.000000000,0.000000000,0.000000000,0.000000000,9.800000000,1.000000000,0.000000000,0.000000000,0.000000000
6.837498906,0.000000000,0.000000000,0.000000000,0.000000000,0.000000000,9.800000000,1.000000000,0.000000000,0.000000000,0.000000000
6.841665572,0.000000000,0.000000000,0.000000000,0.000000000,0.000000000,9.800000000,1.000000000,0.000000000,0.000000000,0.000000000
6.845832238,0.000000000,0.000000000,0.000000000,0.000000000,0.000000000,9.800000000,1.000000000,0.000000000,0.000000000,0.000000000
6.854165570,0.000000000,0.000000000,0.000000000,0.000000000,0.000000000,9.800000000,1.000000000,0.000000000,0.000000000,0.000000000
6.858332236,0.000000000,0.000000000,0.000000000,0.000000000,0.000000000,9.800000000,1.000000000,0.000000000,0.000000000,0.000000000
6.862498902,0.000000000,0.000000000,0.000000000,0.000000000,0.000000000,9.800000000,1.000000000,0.000000000,0.000000000,0.000000000
6.866665568,0.000000000,0.000000000,0.000000000,0.000000000,0.000000000,9.800000000,1.000000000,0.000000000,0.000000000,0.000000000
6.870832234,0.000000000,0.000000000,0.000000000,0.000000000,0.000000000,9.800000000,1.000000000,0.000000000,0.000000000,0.000000000
6.879165566,0.000000000,0.000000000,0.000000000,0.000000000,0.000000000,9.800000000,1.000000000,0.000000000,0.000000000,0.000000000
6.883332232,0.000000000,0.000000000,0.000000000,0.000000000,0.000000000,9.800000000,1.000000000,0.000000000,0.000000000,0.000000000
6.887498898,0.000000000,0.000000000,0.000000000,0.000000000,0.000000000,9.800000000,1.000000000,0.000000000,0.000000000,0.000000000
6.891665564,0.000000000,0.000000000,0.000000000,0.000000000,0.000000000,9.800000000,1.000000000,0.000000000,0.000000000,0.000000000
6.895832230,0.000000000,0.000000000,0.000000000,0.000000000,0.000000000,9.800000000,1.000000000,0.000000000,0.000000000,0.000000000
6.904165562,0.000000000,0.000000000,0.000000000,0.000000000,0.000000000,9.800000000,1.000000000,0.000000000,0.000000000,0.000000000
6.908332228,0.000000000,0.000000000,0.000000000,0.000000000,0.000000000,9.800000000,1.000000000,0.000000000,0.000000000,0.000000000
6.912498894,0.000000000,0.000000000,0.000000000,0.000000000,0.000000000,9.800000000,1.000000000,0.000000000,0.000000000,0.000000000
6.916665560,0.000000000,0.000000000,0.000000000,0.000000000,0.000000000,9.800000000,1.000000000,0.000000000,0.000000000,0.000000000
6.920832226,0.000000000,0.000000000,0.000000000,0.000000000,0.000000000,9.800000000,1.000000000,0.000000000,0.000000000,0.000000000
6.929165558,0.000000000,0.000000000,0.000000000,0.000000000,0.000000000,9.800000000,1.000000000,0.000000000,0.000000000,0.000000000
6.933332224,0.000000000,0.000000000,0.000000000,0.000000000,0.000000000,9.800000000,1.000000000,0.000000000,0.000000000,0.000000000
6.937498890,0.000000000,0.000000000,0.000000000,0.000000000,0.000000000,9.800000000,1.000000000,0.000000000,0.000000000,0.000000000
6.941665556,0.000000000,0.000000000,0.000000000,0.000000000,0.000000000,9.800000000,1.000000000,0.000000000,0.000000000,0.000000000
6.945832222,0.000000000,0.000000000,0.000000000,0.000000000,0.000000000,9.800000000,1.000000000,0.000000000,0.000000000,0.000000000
6.954165554,0.000000000,0.000000000,0.000000000,0.000000000,0.000000000,9.800000000,1.000000000,0.000000000,0.000000000,0.000000000
6.958332220,0.000000000,0.000000000,0.000000000,0.000000000,0.000000000,9.800000000,1.000000000,0.000000000,0.000000000,0.000000000
6.962498886,0.000000000,0.000000000,0.000000000,0.000000000,0.000000000,9.800000000,1.000000000,0.000000000,0.000000000,0.000000000
6.966665552,0.000000000,0.000000000,0.000000000,0.000000000,0.000000000,9.800000000,1.000000000,0.000000000,0.000000000,0.000000000
6.970832218,0.000000000,0.000000000,0.000000000,0.000000000,0.000000000,9.800000000,1.000000000,0.000000000,0.000000000,0.000000000
6.979165550,0.000000000,0.000000000,0.000000000,0.000000000,0.000000000,9.800000000,1.000000000,0.000000000,0.000000000,0.000000000
6.983332216,0.000000000,0.000000000,0.000000000,0.000000000,0.000000000,9.800000000,1.000000000,0.000000000,0.000000000,0.000000000
6.987498882,0.000000000,0.000000000,0.000000000,0.000000000,0.000000000,9.800000000,1.000000000,0.000000000,0.000000000,0.000000000
6.991665548,0.000000000,0.000000000,0.000000000,0.000000000,0.000000000,9.800000000,1.000000000,0.000000000,0.000000000,0.000000000
6.995832214,0.000000000,0.000000000,0.000000000,0.000000000,0.000000000,9.800000000,1.000000000,0.000000000,0.000000000,0.000000000
7.004165546,0.000000000,0.000000000,0.000000000,0.000000000,0.000000000,9.800000000,1.000000000,0.000000000,0.000000000,0.000000000
7.008332212,0.000000000,0.000000000,0.000000000,0.000000000,0.000000000,9.800000000,1.000000000,0.000000000,0.000000000,0.000000000
7.012498878,0.000000000,0.000000000,0.000000000,0.000000000,0.000000000,9.800000000,1.000000000,0.000000000,0.000000000,0.000000000
7.016665544,0.000000000,0.000000000,0.000000000,0.000000000,0.000000000,9.800000000,1.000000000,0.000000000,0.000000000,0.000000000
7.020832210,0.000000000,0.000000000,0.000000000,0.000000000,0.000000000,9.800000000,1.000000000,0.000000000,0.000000000,0.000000000
7.029165542,0.000000000,0.000000000,0.000000000,0.000000000,0.000000000,9.800000000,1.000000000,0.000000000,0.000000000,0.000000000
7.033332208,0.000000000,0.000000000,0.000000000,0.000000000,0.000000000,9.800000000,1.000000000,0.000000000,0.000000000,0.000000000
7.037498874,0.000000000,0.000000000,0.000000000,0.000000000,0.000000000,9.800000000,1.000000000,0.000000000,0.000000000,0.000000000
7.041665540,0.000000000,0.000000000,0.000000000,0.000000000,0.000000000,9.800000000,1.000000000,0.000000000,0.000000000,0.000000000
7.045832206,0.000000000,0.000000000,0.000000000,0.000000000,0.000000000,9.800000000,1.000000000,0.000000000,0.000000000,0.000000000
7.054165538,0.000000000,0.000000000,0.000000000,0.000000000,0.000000000,9.800000000,1.000000000,0.000000000,0.000000000,0.000000000
7.058332204,0.000000000,0.000000000,0.000000000,0.000000000,0.000000000,9.800000000,1.000000000,0.000000000,0.000000000,0.000000000
7.062498870,0.000000000,0.000000000,0.000000000,0.000000000,0.000000000,9.800000000,1.000000000,0.000000000,0.000000000,0.000000000
7.066665536,0.000000000,0.000000000,0.000000000,0.000000000,0.000000000,9.800000000,1.000000000,0.000000000,0.000000000,0.000000000
7.070832202,0.000000000,0.000000000,0.000000000,0.000000000,0.000000000,9.800000000,1.000000000,0.000000000,0.000000000,0.000000000
7.079165534,0.000000000,0.000000000,0.000000000,0.000000000,0.000000000,9.800000000,1.000000000,0.000000000,0.000000000,0.000000000
7.083332200,0.000000000,0.000000000,0.000000000,0.000000000,0.000000000,9.800000000,1.000000000,0.000000000,0.000000000,0.000000000
7.087498866,0.000000000,0.000000000,0.000000000,0.000000000,0.000000000,9.800000000,1.000000000,0.000000000,0.000000000,0.000000000
7.091665532,0.000000000,0.000000000,0.000000000,0.000000000,0.000000000,9.800000000,1.000000000,0.000000000,0.000000000,0.000000000
7.095832198,0.000000000,0.000000000,0.000000000,0.000000000,0.000000000,9.800000000,1.000000000,0.000000000,0.000000000,0.000000000
7.104165530,0.000000000,0.000000000,0.000000000,0.000000000,0.000000000,9.800000000,1.000000000,0.000000000,0.000000000,0.000000000
7.108332196,0.000000000,0.000000000,0.000000000,0.000000000,0.000000000,9.800000000,1.000000000,0.000000000,0.000000000,0.000000000
7.112498862,0.000000000,0.000000000,0.000000000,0.000000000,0.000000000,9.800000000,1.000000000,0.000000000,0.000000000,0.000000000
7.116665528,0.000000000,0.000000000,0.000000000,0.000000000,0.000000000,9.800000000,1.000000000,0.000000000,0.000000000,0.000000000
7.120832194,0.000000000,0.000000000,0.000000000,0.000000000,0.000000000,9.800000000,1.000000000,0.000000000,0.000000000,0.000000000
7.129165526,0.000000000,0.000000000,0.000000000,0.000000000,0.000000000,9.800000000,1.000000000,0.000000000,0.000000000,0.000000000
7.133332192,0.000000000,0.000000000,0.000000000,0.000000000,0.000000000,9.800000000,1.000000000,0.000000000,0.000000000,0.000000000
7.137498858,0.000000000,0.000000000,0.000000000,0.000000000,0.000000000,9.800000000,1.000000000,0.000000000,0.000000000,0.000000000
7.141665524,0.000000000,0.000000000,0.000000000,0.000000000,0.000000000,9.800000000,1.000000000,0.000000000,0.000000000,0.000000000
7.145832190,0.000000000,0.000000000,0.000000000,0.000000000,0.000000000,9.800000000,1.000000000,0.000000000,0.000000000,0.000000000
7.154165522,0.000000000,0.000000000,0.000000000,0.000000000,0.000000000,9.800000000,1.000000000,0.000000000,0.000000000,0.000000000
7.158332188,0.000000000,0.000000000,0.000000000,0.000000000,0.000000000,9.800000000,1.000000000,0.000000000,0.000000000,0.000000000
7.162498854,0.000000000,0.000000000,0.000000000,0.000000000,0.000000000,9.800000000,1.000000000,0.000000000,0.000000000,0.000000000
7.166665520,0.000000000,0.000000000,0.000000000,0.000000000,0.000000000,9.800000000,1.000000000,0.000000000,0.000000000,0.000000000
7.170832186,0.000000000,0.000000000,0.000000000,0.000000000,0.000000000,9.800000000,1.000000000,0.000000000,0.000000000,0.000000000
7.179165518,0.000000000,0.000000000,0.000000000,0.000000000,0.000000000,9.800000000,1.000000000,0.000000000,0.000000000,0.000000000
7.183332184,0.000000000,0.000000000,0.000000000,0.000000000,0.000000000,9.800000000,1.000000000,0.000000000,0.000000000,0.000000000
7.187498850,0.000000000,0.000000000,0.000000000,0.000000000,0.000000000,9.800000000,1.000000000,0.000000000,0.000000000,0.000000000
7.191665516,0.000000000,0.000000000,0.000000000,0.000000000,0.000000000,9.800000000,1.000000000,0.000000000,0.000000000,0.000000000
7.195832182,0.000000000,0.000000000,0.000000000,0.000000000,0.000000000,9.800000000,1.000000000,0.000000000,0.000000000,0.000000000
7.204165514,0.000000000,0.000000000,0.000000000,0.000000000,0.000000000,9.800000000,1.000000000,0.000000000,0.000000000,0.000000000
7.208332180,0.000000000,0.000000000,0.000000000,0.000000000,0.000000000,9.800000000,1.000000000,0.000000000,0.000000000,0.000000000
7.212498846,0.000000000,0.000000000,0.000000000,0.000000000,0.000000000,9.800000000,1.000000000,0.000000000,0.000000000,0.000000000
7.216665512,0.000000000,0.000000000,0.000000000,0.000000000,0.000000000,9.800000000,1.000000000,0.000000000,0.000000000,0.000000000
7.220832178,0.000000000,0.000000000,0.000000000,0.000000000,0.000000000,9.800000000,1.000000000,0.000000000,0.000000000,0.000000000
7.229165510,0.000000000,0.000000000,0.000000000,0.000000000,0.000000000,9.800000000,1.000000000,0.000000000,0.000000000,0.000000000
7.233332176,0.000000000,0.000000000,0.000000000,0.000000000,0.000000000,9.800000000,1.000000000,0.000000000,0.000000000,0.000000000
7.237498842,0.000000000,0.000000000,0.000000000,0.000000000,0.000000000,9.800000000,1.000000000,0.000000000,0.000000000,0.000000000
7.241665508,0.000000000,0.000000000,0.000000000,0.000000000,0.000000000,9.800000000,1.000000000,0.000000000,0.000000000,0.000000000
7.245832174,0.000000000,0.000000000,0.000000000,0.000000000,0.000000000,9.800000000,1.000000000,0.000000000,0.000000000,0.000000000
7.254165506,0.000000000,0.000000000,0.000000000,0.000000000,0.000000000,9.800000000,1.000000000,0.000000000,0.000000000,0.000000000
7.258332172,0.000000000,0.000000000,0.000000000,0.000000000,0.000000000,9.800000000,1.000000000,0.000000000,0.000000000,0.000000000
7.262498838,0.000000000,0.000000000,0.000000000,0.000000000,0.000000000,9.800000000,1.000000000,0.000000000,0.000000000,0.000000000
7.266665504,0.000000000,0.000000000,0.000000000,0.000000000,0.000000000,9.800000000,1.000000000,0.000000000,0.000000000,0.000000000
7.270832170,0.000000000,0.000000000,0.000000000,0.000000000,0.000000000,9.800000000,1.000000000,0.000000000,0.000000000,0.000000000
7.279165502,0.000000000,0.000000000,0.000000000,0.000000000,0.000000000,9.800000000,1.000000000,0.000000000,0.000000000,0.000000000
7.283332168,0.000000000,0.000000000,0.000000000,0.000000000,0.000000000,9.800000000,1.000000000,0.000000000,0.000000000,0.000000000
7.287498834,0.000000000,0.000000000,0.000000000,0.000000000,0.000000000,9.800000000,1.000000000,0.000000000,0.000000000,0.000000000
7.291665500,0.000000000,0.000000000,0.000000000,0.000000000,0.000000000,9.800000000,1.000000000,0.000000000,0.000000000,0.000000000
7.295832166,0.000000000,0.000000000,0.000000000,0.000000000,0.000000000,9.800000000,1.000000000,0.000000000,0.000000000,0.000000000
7.304165498,0.000000000,0.000000000,0.000000000,0.000000000,0.000000000,9.800000000,1.000000000,0.000000000,0.000000000,0.000000000
7.308332164,0.000000000,0.000000000,0.000000000,0.000000000,0.000000000,9.800000000,1.000000000,0.000000000,0.000000000,0.000000000
7.312498830,0.000000000,0.000000000,0.000000000,0.000000000,0.000000000,9.800000000,1.000000000,0.000000000,0.000000000,0.000000000
7.316665496,0.000000000,0.000000000,0.000000000,0.000000000,0.000000000,9.800000000,1.000000000,0.000000000,0.000000000,0.000000000
7.320832162,0.000000000,0.000000000,0.000000000,0.000000000,0.000000000,9.800000000,1.000000000,0.000000000,0.000000000,0.000000000
7.329165494,0.000000000,0.000000000,0.000000000,0.000000000,0.000000000,9.800000000,1.000000000,0.000000000,0.000000000,0.000000000
7.333332160,0.000000000,0.000000000,0.000000000,0.000000000,0.000000000,9.800000000,1.000000000,0.000000000,0.000000000,0.000000000
7.337498826,0.000000000,0.000000000,0.000000000,0.000000000,0.000000000,9.800000000,1.000000000,0.000000000,0.000000000,0.000000000
7.341665492,0.000000000,0.000000000,0.000000000,0.000000000,0.000000000,9.800000000,1.000000000,0.000000000,0.000000000,0.000000000
7.345832158,0.000000000,0.000000000,0.000000000,0.000000000,0.000000000,9.800000000,1.000000000,0.000000000,0.000000000,0.000000000
7.354165490,0.000000000,0.000000000,0.000000000,0.000000000,0.000000000,9.800000000,1.000000000,0.000000000,0.000000000,0.000000000
7.358332156,0.000000000,0.000000000,0.000000000,0.000000000,0.000000000,9.800000000,1.000000000,0.000000000,0.000000000,0.000000000
7.362498822,0.000000000,0.000000000,0.000000000,0.000000000,0.000000000,9.800000000,1.000000000,0.000000000,0.000000000,0.000000000
7.366665488,0.000000000,0.000000000,0.000000000,0.000000000,0.000000000,9.800000000,1.000000000,0.000000000,0.000000000,0.000000000
7.370832154,0.000000000,0.000000000,0.000000000,0.000000000,0.000000000,9.800000000,1.000000000,0.000000000,0.000000000,0.000000000
7.379165486,0.000000000,0.000000000,0.000000000,0.000000000,0.000000000,9.800000000,1.000000000,0.000000000,0.000000000,0.000000000
7.383332152,0.000000000,0.000000000,0.000000000,0.000000000,0.000000000,9.800000000,1.000000000,0.000000000,0.000000000,0.000000000
7.387498818,0.000000000,0.000000000,0.000000000,0.000000000,0.000000000,9.800000000,1.000000000,0.000000000,0.000000000,0.000000000
7.391665484,0.000000000,0.000000000,0.000000000,0.000000000,0.000000000,9.800000000,1.000000000,0.000000000,0.000000000,0.000000000
7.395832150,0.000000000,0.000000000,0.000000000,0.000000000,0.000000000,9.800000000,1.000000000,0.000000000,0.000000000,0.000000000
7.404165482,0.000000000,0.000000000,0.000000000,0.000000000,0.000000000,9.800000000,1.000000000,0.000000000,0.000000000,0.000000000
7.408332148,0.000000000,0.000000000,0.000000000,0.000000000,0.000000000,9.800000000,1.000000000,0.000000000,0.000000000,0.000000000
7.412498814,0.000000000,0.000000000,0.000000000,0.000000000,0.000000000,9.800000000,1.000000000,0.000000000,0.000000000,0.000000000
7.416665480,0.000000000,0.000000000,0.000000000,0.000000000,0.000000000,9.800000000,1.000000000,0.000000000,0.000000000,0.000000000
7.420832146,0.000000000,0.000000000,0.000000000,0.000000000,0.000000000,9.800000000,1.000000000,0.000000000,0.000000000,0.000000000
7.429165478,0.000000000,0.000000000,0.000000000,0.000000000,0.000000000,9.800000000,1.000000000,0.000000000,0.000000000,0.000000000
7.433332144,0.000000000,0.000000000,0.000000000,0.000000000,0.000000000,9.800000000,1.000000000,0.000000000,0.000000000,0.000000000
7.437498810,0.000000000,0.000000000,0.000000000,0.000000000,0.000000000,9.800000000,1.000000000,0.000000000,0.000000000,0.000000000
7.441665476,0.000000000,0.000000000,0.000000000,0.000000000,0.000000000,9.800000000,1.000000000,0.000000000,0.000000000,0.000000000
7.445832142,0.000000000,0.000000000,0.000000000,0.000000000,0.000000000,9.800000000,1.000000000,0.000000000,0.000000000,0.000000000
7.454165474,0.000000000,0.000000000,0.000000000,0.000000000,0.000000000,9.800000000,1.000000000,0.000000000,0.000000000,0.000000000
7.458332140,0.000000000,0.000000000,0.000000000,0.000000000,0.000000000,9.800000000,1.000000000,0.000000000,0.000000000,0.000000000
7.462498806,0.000000000,0.000000000,0.000000000,0.000000000,0.000000000,9.800000000,1.000000000,0.000000000,0.000000000,0.000000000
7.466665472,0.000000000,0.000000000,0.000000000,0.000000000,0.000000000,9.800000000,1.000000000,0.000000000,0.000000000,0.000000000
7.470832138,0.000000000,0.000000000,0.000000000,0.000000000,0.000000000,9.800000000,1.000000000,0.000000000,0.000000000,0.000000000
7.479165470,0.000000000,0.000000000,0.000000000,0.000000000,0.000000000,9.800000000,1.000000000,0.000000000,0.000000000,0.000000000
7.483332136,0.000000000,0.000000000,0.000000000,0.000000000,0.000000000,9.800000000,1.000000000,0.000000000,0.000000000,0.000000000
7.487498802,0.000000000,0.000000000,0.000000000,0.000000000,0.000000000,9.800000000,1.000000000,0.000000000,0.000000000,0.000000000
7.491665468,0.000000000,0.000000000,0.000000000,0.000000000,0.000000000,9.800000000,1.000000000,0.000000000,0.000000000,0.000000000
7.495832134,0.000000000,0.000000000,0.000000000,0.000000000,0.000000000,9.800000000,1.000000000,0.000000000,0.000000000,0.000000000
7.504165466,0.000000000,0.000000000,0.000000000,0.000000000,0.000000000,9.800000000,1.000000000,0.000000000,0.000000000,0.000000000
7.508332132,0.000000000,0.000000000,0.000000000,0.000000000,0.000000000,9.800000000,1.000000000,0.000000000,0.000000000,0.000000000
7.512498798,0.000000000,0.000000000,0.000000000,0.000000000,0.000000000,9.800000000,1.000000000,0.000000000,0.000000000,0.000000000
7.516665464,0.000000000,0.000000000,0.000000000,0.000000000,0.000000000,9.800000000,1.000000000,0.000000000,0.000000000,0.000000000
7.520832130,0.000000000,0.000000000,0.000000000,0.000000000,0.000000000,9.800000000,1.000000000,0.000000000,0.000000000,0.000000000
7.529165462,0.000000000,0.000000000,0.000000000,0.000000000,0.000000000,9.800000000,1.000000000,0.000000000,0.000000000,0.000000000
7.533332128,0.000000000,0.000000000,0.000000000,0.000000000,0.000000000,9.800000000,1.000000000,0.000000000,0.000000000,0.000000000
7.537498794,0.000000000,0.000000000,0.000000000,0.000000000,0.000000000,9.800000000,1.000000000,0.000000000,0.000000000,0.000000000
7.541665460,0.000000000,0.000000000,0.000000000,0.000000000,0.000000000,9.800000000,1.000000000,0.000000000,0.000000000,0.000000000
7.545832126,0.000000000,0.000000000,0.000000000,0.000000000,0.000000000,9.800000000,1.000000000,0.000000000,0.000000000,0.000000000
7.554165458,0.000000000,0.000000000,0.000000000,0.000000000,0.000000000,9.800000000,1.000000000,0.000000000,0.000000000,0.000000000
7.558332124,0.000000000,0.000000000,0.000000000,0.000000000,0.000000000,9.800000000,1.000000000,0.000000000,0.000000000,0.000000000
7.562498790,0.000000000,0.000000000,0.000000000,0.000000000,0.000000000,9.800000000,1.000000000,0.000000000,0.000000000,0.000000000
7.566665456,0.000000000,0.000000000,0.000000000,0.000000000,0.000000000,9.800000000,1.000000000,0.000000000,0.000000000,0.000000000
7.570832122,0.000000000,0.000000000,0.000000000,0.000000000,0.000000000,9.800000000,1.000000000,0.000000000,0.000000000,0.000000000
7.579165454,0.000000000,0.000000000,0.000000000,0.000000000,0.000000000,9.800000000,1.000000000,0.000000000,0.000000000,0.000000000
7.583332120,0.000000000,0.000000000,0.000000000,0.000000000,0.000000000,9.800000000,1.000000000,0.000000000,0.000000000,0.000000000
7.587498786,0.000000000,0.000000000,0.000000000,0.000000000,0.000000000,9.800000000,1.000000000,0.000000000,0.000000000,0.000000000
7.591665452,0.000000000,0.000000000,0.000000000,0.000000000,0.000000000,9.800000000,1.000000000,0.000000000,0.000000000,0.000000000
7.595832118,0.000000000,0.000000000,0.000000000,0.000000000,0.000000000,9.800000000,1.000000000,0.000000000,0.000000000,0.000000000
7.604165450,0.000000000,0.000000000,0.000000000,0.000000000,0.000000000,9.800000000,1.000000000,0.000000000,0.000000000,0.000000000
7.608332116,0.000000000,0.000000000,0.000000000,0.000000000,0.000000000,9.800000000,1.000000000,0.000000000,0.000000000,0.000000000
7.612498782,0.000000000,0.000000000,0.000000000,0.000000000,0.000000000,9.800000000,1.000000000,0.000000000,0.000000000,0.000000000
7.616665448,0.000000000,0.000000000,0.000000000,0.000000000,0.000000000,9.800000000,1.000000000,0.000000000,0.000000000,0.000000000
7.620832114,0.000000000,0.000000000,0.000000000,0.000000000,0.000000000,9.800000000,1.000000000,0.000000000,0.000000000,0.000000000
7.629165446,0.000000000,0.000000000,0.000000000,0.000000000,0.000000000,9.800000000,1.000000000,0.000000000,0.000000000,0.000000000
7.633332112,0.000000000,0.000000000,0.000000000,0.000000000,0.000000000,9.800000000,1.000000000,0.000000000,0.000000000,0.000000000
7.637498778,0.000000000,0.000000000,0.000000000,0.000000000,0.000000000,9.800000000,1.000000000,0.000000000,0.000000000,0.000000000
7.641665444,0.000000000,0.000000000,0.000000000,0.000000000,0.000000000,9.800000000,1.000000000,0.000000000,0.000000000,0.000000000
7.645832110,0.000000000,0.000000000,0.000000000,0.000000000,0.000000000,9.800000000,1.000000000,0.000000000,0.000000000,0.000000000
7.654165442,0.000000000,0.000000000,0.000000000,0.000000000,0.000000000,9.800000000,1.000000000,0.000000000,0.000000000,0.000000000
7.658332108,0.000000000,0.000000000,0.000000000,0.000000000,0.000000000,9.800000000,1.000000000,0.000000000,0.000000000,0.000000000
7.662498774,0.000000000,0.000000000,0.000000000,0.000000000,0.000000000,9.800000000,1.000000000,0.000000000,0.000000000,0.000000000
7.666665440,0.000000000,0.000000000,0.000000000,0.000000000,0.000000000,9.800000000,1.000000000,0.000000000,0.000000000,0.000000000
7.670832106,0.000000000,0.000000000,0.000000000,0.000000000,0.000000000,9.800000000,1.000000000,0.000000000,0.000000000,0.000000000
7.679165438,0.000000000,0.000000000,0.000000000,0.000000000,0.000000000,9.800000000,1.000000000,0.000000000,0.000000000,0.000000000
7.683332104,0.000000000,0.000000000,0.000000000,0.000000000,0.000000000,9.800000000,1.000000000,0.000000000,0.000000000,0.000000000
7.687498770,0.000000000,0.000000000,0.000000000,0.000000000,0.000000000,9.800000000,1.000000000,0.000000000,0.000000000,0.000000000
7.691665436,0.000000000,0.000000000,0.000000000,0.000000000,0.000000000,9.800000000,1.000000000,0.000000000,0.000000000,0.000000000
7.695832102,0.000000000,0.000000000,0.000000000,0.000000000,0.000000000,9.800000000,1.000000000,0.000000000,0.000000000,0.000000000
7.704165434,0.000000000,0.000000000,0.000000000,0.000000000,0.000000000,9.800000000,1.000000000,0.000000000,0.000000000,0.000000000
7.708332100,0.000000000,0.000000000,0.000000000,0.000000000,0.000000000,9.800000000,1.000000000,0.000000000,0.000000000,0.000000000
7.712498766,0.000000000,0.000000000,0.000000000,0.000000000,0.000000000,9.800000000,1.000000000,0.000000000,0.000000000,0.000000000
7.716665432,0.000000000,0.000000000,0.000000000,0.000000000,0.000000000,9.800000000,1.000000000,0.000000000,0.000000000,0.000000000
7.720832098,0.000000000,0.000000000,0.000000000,0.000000000,0.000000000,9.800000000,1.000000000,0.000000000,0.000000000,0.000000000
7.729165430,0.000000000,0.000000000,0.000000000,0.000000000,0.000000000,9.800000000,1.000000000,0.000000000,0.000000000,0.000000000
7.733332096,0.000000000,0.000000000,0.000000000,0.000000000,0.000000000,9.800000000,1.000000000,0.000000000,0.000000000,0.000000000
7.737498762,0.000000000,0.000000000,0.000000000,0.000000000,0.000000000,9.800000000,1.000000000,0.000000000,0.000000000,0.000000000
7.741665428,0.000000000,0.000000000,0.000000000,0.000000000,0.000000000,9.800000000,1.000000000,0.000000000,0.000000000,0.000000000
7.745832094,0.000000000,0.000000000,0.000000000,0.000000000,0.000000000,9.800000000,1.000000000,0.000000000,0.000000000,0.000000000
7.754165426,0.000000000,0.000000000,0.000000000,0.000000000,0.000000000,9.800000000,1.000000000,0.000000000,0.000000000,0.000000000
7.758332092,0.000000000,0.000000000,0.000000000,0.000000000,0.000000000,9.800000000,1.000000000,0.000000000,0.000000000,0.000000000
7.762498758,0.000000000,0.000000000,0.000000000,0.000000000,0.000000000,9.800000000,1.000000000,0.000000000,0.000000000,0.000000000
7.766665424,0.000000000,0.000000000,0.000000000,0.000000000,0.000000000,9.800000000,1.000000000,0.000000000,0.000000000,0.000000000
7.770832090,0.000000000,0.000000000,0.000000000,0.000000000,0.000000000,9.800000000,1.000000000,0.000000000,0.000000000,0.000000000
7.779165422,0.000000000,0.000000000,0.000000000,0.000000000,0.000000000,9.800000000,1.000000000,0.000000000,0.000000000,0.000000000
7.783332088,0.000000000,0.000000000,0.000000000,0.000000000,0.000000000,9.800000000,1.000000000,0.000000000,0.000000000,0.000000000
7.787498754,0.000000000,0.000000000,0.000000000,0.000000000,0.000000000,9.800000000,1.000000000,0.000000000,0.000000000,0.000000000
7.791665420,0.000000000,0.000000000,0.000000000,0.000000000,0.000000000,9.800000000,1.000000000,0.000000000,0.000000000,0.000000000
7.795832086,0.000000000,0.000000000,0.000000000,0.000000000,0.000000000,9.800000000,1.000000000,0.000000000,0.000000000,0.000000000
7.804165418,0.000000000,0.000000000,0.000000000,0.000000000,0.000000000,9.800000000,1.000000000,0.000000000,0.000000000,0.000000000
7.808332084,0.000000000,0.000000000,0.000000000,0.000000000,0.000000000,9.800000000,1.000000000,0.000000000,0.000000000,0.000000000
7.812498750,0.000000000,0.000000000,0.000000000,0.000000000,0.000000000,9.800000000,1.000000000,0.000000000,0.000000000,0.000000000
7.816665416,0.000000000,0.000000000,0.000000000,0.000000000,0.000000000,9.800000000,1.000000000,0.000000000,0.000000000,0.000000000
7.820832082,0.000000000,0.000000000,0.000000000,0.000000000,0.000000000,9.800000000,1.000000000,0.000000000,0.000000000,0.000000000
7.829165414,0.000000000,0.000000000,0.000000000,0.000000000,0.000000000,9.800000000,1.000000000,0.000000000,0.000000000,0.000000000
7.833332080,0.000000000,0.000000000,0.000000000,0.000000000,0.000000000,9.800000000,1.000000000,0.000000000,0.000000000,0.000000000
7.837498746,0.000000000,0.000000000,0.000000000,0.000000000,0.000000000,9.800000000,1.000000000,0.000000000,0.000000000,0.000000000
7.841665412,0.000000000,0.000000000,0.000000000,0.000000000,0.000000000,9.800000000,1.000000000,0.000000000,0.000000000,0.000000000
7.845832078,0.000000000,0.000000000,0.000000000,0.000000000,0.000000000,9.800000000,1.000000000,0.000000000,0.000000000,0.000000000
7.854165410,0.000000000,0.000000000,0.000000000,0.000000000,0.000000000,9.800000000,1.000000000,0.000000000,0.000000000,0.000000000
7.858332076,0.000000000,0.000000000,0.000000000,0.000000000,0.000000000,9.800000000,1.000000000,0.000000000,0.000000000,0.000000000
7.862498742,0.000000000,0.000000000,0.000000000,0.000000000,0.000000000,9.800000000,1.000000000,0.000000000,0.000000000,0.000000000
7.866665408,0.000000000,0.000000000,0.000000000,0.000000000,0.000000000,9.800000000,1.000000000,0.000000000,0.000000000,0.000000000
7.870832074,0.000000000,0.000000000,0.000000000,0.000000000,0.000000000,9.800000000,1.000000000,0.000000000,0.000000000,0.000000000
7.879165406,0.000000000,0.000000000,0.000000000,0.000000000,0.000000000,9.800000000,1.000000000,0.000000000,0.000000000,0.000000000
7.883332072,0.000000000,0.000000000,0.000000000,0.000000000,0.000000000,9.800000000,1.000000000,0.000000000,0.000000000,0.000000000
7.887498738,0.000000000,0.000000000,0.000000000,0.000000000,0.000000000,9.800000000,1.000000000,0.000000000,0.000000000,0.000000000
7.891665404,0.000000000,0.000000000,0.000000000,0.000000000,0.000000000,9.800000000,1.000000000,0.000000000,0.000000000,0.000000000
7.895832070,0.000000000,0.000000000,0.000000000,0.000000000,0.000000000,9.800000000,1.000000000,0.000000000,0.000000000,0.000000000
7.904165402,0.000000000,0.000000000,0.000000000,0.000000000,0.000000000,9.800000000,1.000000000,0.000000000,0.000000000,0.000000000
7.908332068,0.000000000,0.000000000,0.000000000,0.000000000,0.000000000,9.800000000,1.000000000,0.000000000,0.000000000,0.000000000
7.912498734,0.000000000,0.000000000,0.000000000,0.000000000,0.000000000,9.800000000,1.000000000,0.000000000,0.000000000,0.000000000
7.916665400,0.000000000,0.000000000,0.000000000,0.000000000,0.000000000,9.800000000,1.000000000,0.000000000,0.000000000,0.000000000
7.920832066,0.000000000,0.000000000,0.000000000,0.000000000,0.000000000,9.800000000,1.000000000,0.000000000,0.000000000,0.000000000
7.929165398,0.000000000,0.000000000,0.000000000,0.000000000,0.000000000,9.800000000,1.000000000,0.000000000,0.000000000,0.000000000
7.933332064,0.000000000,0.000000000,0.000000000,0.000000000,0.000000000,9.800000000,1.000000000,0.000000000,0.000000000,0.000000000
7.937498730,0.000000000,0.000000000,0.000000000,0.000000000,0.000000000,9.800000000,1.000000000,0.000000000,0.000000000,0.000000000
7.941665396,0.000000000,0.000000000,0.000000000,0.000000000,0.000000000,9.800000000,1.000000000,0.000000000,0.000000000,0.000000000
7.945832062,0.000000000,0.000000000,0.000000000,0.000000000,0.000000000,9.800000000,1.000000000,0.000000000,0.000000000,0.000000000
7.954165394,0.000000000,0.000000000,0.000000000,0.000000000,0.000000000,9.800000000,1.000000000,0.000000000,0.000000000,0.000000000
7.958332060,0.000000000,0.000000000,0.000000000,0.000000000,0.000000000,9.800000000,1.000000000,0.000000000,0.000000000,0.000000000
7.962498726,0.000000000,0.000000000,0.000000000,0.000000000,0.000000000,9.800000000,1.000000000,0.000000000,0.000000000,0.000000000
7.966665392,0.000000000,0.000000000,0.000000000,0.000000000,0.000000000,9.800000000,1.000000000,0.000000000,0.000000000,0.000000000
7.970832058,0.000000000,0.000000000,0.000000000,0.000000000,0.000000000,9.800000000,1.000000000,0.000000000,0.000000000,0.000000000
7.979165390,0.000000000,0.000000000,0.000000000,0.000000000,0.000000000,9.800000000,1.000000000,0.000000000,0.000000000,0.000000000
7.983332056,0.000000000,0.000000000,0.000000000,0.000000000,0.000000000,9.800000000,1.000000000,0.000000000,0.000000000,0.000000000
7.987498722,0.000000000,0.000000000,0.000000000,0.000000000,0.000000000,9.800000000,1.000000000,0.000000000,0.000000000,0.000000000
7.991665388,0.000000000,0.000000000,0.000000000,0.000000000,0.000000000,9.800000000,1.000000000,0.000000000,0.000000000,0.000000000
7.995832054,0.000000000,0.000000000,0.000000000,0.000000000,0.000000000,9.800000000,1.000000000,0.000000000,0.000000000,0.000000000
8.004165386,0.000000000,0.000000000,0.000000000,0.000000000,0.000000000,9.800000000,1.000000000,0.000000000,0.000000000,0.000000000
8.008332052,0.000000000,0.000000000,0.000000000,0.000000000,0.000000000,9.800000000,1.000000000,0.000000000,0.000000000,0.000000000
8.012498718,0.000000000,0.000000000,0.000000000,0.000000000,0.000000000,9.800000000,1.000000000,0.000000000,0.000000000,0.000000000
8.016665384,0.000000000,0.000000000,0.000000000,0.000000000,0.000000000,9.800000000,1.000000000,0.000000000,0.000000000,0.000000000
8.020832050,0.000000000,0.000000000,0.000000000,0.000000000,0.000000000,9.800000000,1.000000000,0.000000000,0.000000000,0.000000000
8.029165382,0.000000000,0.000000000,0.000000000,0.000000000,0.000000000,9.800000000,1.000000000,0.000000000,0.000000000,0.000000000
8.033332048,0.000000000,0.000000000,0.000000000,0.000000000,0.000000000,9.800000000,1.000000000,0.000000000,0.000000000,0.000000000
8.037498714,0.000000000,0.000000000,0.000000000,0.000000000,0.000000000,9.800000000,1.000000000,0.000000000,0.000000000,0.000000000
8.041665380,0.000000000,0.000000000,0.000000000,0.000000000,0.000000000,9.800000000,1.000000000,0.000000000,0.000000000,0.000000000
8.045832046,0.000000000,0.000000000,0.000000000,0.000000000,0.000000000,9.800000000,1.000000000,0.000000000,0.000000000,0.000000000
8.054165378,0.000000000,0.000000000,0.000000000,0.000000000,0.000000000,9.800000000,1.000000000,0.000000000,0.000000000,0.000000000
8.058332044,0.000000000,0.000000000,0.000000000,0.000000000,0.000000000,9.800000000,1.000000000,0.000000000,0.000000000,0.000000000
8.062498710,0.000000000,0.000000000,0.000000000,0.000000000,0.000000000,9.800000000,1.000000000,0.000000000,0.000000000,0.000000000
8.066665376,0.000000000,0.000000000,0.000000000,0.000000000,0.000000000,9.800000000,1.000000000,0.000000000,0.000000000,0.000000000
8.070832042,0.000000000,0.000000000,0.000000000,0.000000000,0.000000000,9.800000000,1.000000000,0.000000000,0.000000000,0.000000000
8.079165374,0.000000000,0.000000000,0.000000000,0.000000000,0.000000000,9.800000000,1.000000000,0.000000000,0.000000000,0.000000000
8.083332040,0.000000000,0.000000000,0.000000000,0.000000000,0.000000000,9.800000000,1.000000000,0.000000000,0.000000000,0.000000000
8.087498706,0.000000000,0.000000000,0.000000000,0.000000000,0.000000000,9.800000000,1.000000000,0.000000000,0.000000000,0.000000000
8.091665372,0.000000000,0.000000000,0.000000000,0.000000000,0.000000000,9.800000000,1.000000000,0.000000000,0.000000000,0.000000000
8.095832038,0.000000000,0.000000000,0.000000000,0.000000000,0.000000000,9.800000000,1.000000000,0.000000000,0.000000000,0.000000000
8.104165370,0.000000000,0.000000000,0.000000000,0.000000000,0.000000000,9.800000000,1.000000000,0.000000000,0.000000000,0.000000000
8.108332036,0.000000000,0.000000000,0.000000000,0.000000000,0.000000000,9.800000000,1.000000000,0.000000000,0.000000000,0.000000000
8.112498702,0.000000000,0.000000000,0.000000000,0.000000000,0.000000000,9.800000000,1.000000000,0.000000000,0.000000000,0.000000000
8.116665368,0.000000000,0.000000000,0.000000000,0.000000000,0.000000000,9.800000000,1.000000000,0.000000000,0.000000000,0.000000000
8.120832034,0.000000000,0.000000000,0.000000000,0.000000000,0.000000000,9.800000000,1.000000000,0.000000000,0.000000000,0.000000000
8.129165366,0.000000000,0.000000000,0.000000000,0.000000000,0.000000000,9.800000000,1.000000000,0.000000000,0.000000000,0.000000000
8.133332032,0.000000000,0.000000000,0.000000000,0.000000000,0.000000000,9.800000000,1.000000000,0.000000000,0.000000000,0.000000000
8.137498698,0.000000000,0.000000000,0.000000000,0.000000000,0.000000000,9.800000000,1.000000000,0.000000000,0.000000000,0.000000000
8.141665364,0.000000000,0.000000000,0.000000000,0.000000000,0.000000000,9.800000000,1.000000000,0.000000000,0.000000000,0.000000000
8.145832030,0.000000000,0.000000000,0.000000000,0.000000000,0.000000000,9.800000000,1.000000000,0.000000000,0.000000000,0.000000000
8.154165362,0.000000000,0.000000000,0.000000000,0.000000000,0.000000000,9.800000000,1.000000000,0.000000000,0.000000000,0.000000000
8.158332028,0.000000000,0.000000000,0.000000000,0.000000000,0.000000000,9.800000000,1.000000000,0.000000000,0.000000000,0.000000000
8.162498694,0.000000000,0.000000000,0.000000000,0.000000000,0.000000000,9.800000000,1.000000000,0.000000000,0.000000000,0.000000000
8.166665360,0.000000000,0.000000000,0.000000000,0.000000000,0.000000000,9.800000000,1.000000000,0.000000000,0.000000000,0.000000000
8.170832026,0.000000000,0.000000000,0.000000000,0.000000000,0.000000000,9.800000000,1.000000000,0.000000000,0.000000000,0.000000000
8.179165358,0.000000000,0.000000000,0.000000000,0.000000000,0.000000000,9.800000000,1.000000000,0.000000000,0.000000000,0.000000000
8.183332024,0.000000000,0.000000000,0.000000000,0.000000000,0.000000000,9.800000000,1.000000000,0.000000000,0.000000000,0.000000000
8.187498690,0.000000000,0.000000000,0.000000000,0.000000000,0.000000000,9.800000000,1.000000000,0.000000000,0.000000000,0.000000000
8.191665356,0.000000000,0.000000000,0.000000000,0.000000000,0.000000000,9.800000000,1.000000000,0.000000000,0.000000000,0.000000000
8.195832022,0.000000000,0.000000000,0.000000000,0.000000000,0.000000000,9.800000000,1.000000000,0.000000000,0.000000000,0.000000000
8.204165354,0.000000000,0.000000000,0.000000000,0.000000000,0.000000000,9.800000000,1.000000000,0.000000000,0.000000000,0.000000000
8.208332020,0.000000000,0.000000000,0.000000000,0.000000000,0.000000000,9.800000000,1.000000000,0.000000000,0.000000000,0.000000000
8.212498686,0.000000000,0.000000000,0.000000000,0.000000000,0.000000000,9.800000000,1.000000000,0.000000000,0.000000000,0.000000000
8.216665352,0.000000000,0.000000000,0.000000000,0.000000000,0.000000000,9.800000000,1.000000000,0.000000000,0.000000000,0.000000000
8.220832018,0.000000000,0.000000000,0.000000000,0.000000000,0.000000000,9.800000000,1.000000000,0.000000000,0.000000000,0.000000000
8.229165350,0.000000000,0.000000000,0.000000000,0.000000000,0.000000000,9.800000000,1.000000000,0.000000000,0.000000000,0.000000000
8.233332016,0.000000000,0.000000000,0.000000000,0.000000000,0.000000000,9.800000000,1.000000000,0.000000000,0.000000000,0.000000000
8.237498682,0.000000000,0.000000000,0.000000000,0.000000000,0.000000000,9.800000000,1.000000000,0.000000000,0.000000000,0.000000000
8.241665348,0.000000000,0.000000000,0.000000000,0.000000000,0.000000000,9.800000000,1.000000000,0.000000000,0.000000000,0.000000000
8.245832014,0.000000000,0.000000000,0.000000000,0.000000000,0.000000000,9.800000000,1.000000000,0.000000000,0.000000000,0.000000000
8.254165346,0.000000000,0.000000000,0.000000000,0.000000000,0.000000000,9.800000000,1.000000000,0.000000000,0.000000000,0.000000000
8.258332012,0.000000000,0.000000000,0.000000000,0.000000000,0.000000000,9.800000000,1.000000000,0.000000000,0.000000000,0.000000000
8.262498678,0.000000000,0.000000000,0.000000000,0.000000000,0.000000000,9.800000000,1.000000000,0.000000000,0.000000000,0.000000000
8.266665344,0.000000000,0.000000000,0.000000000,0.000000000,0.000000000,9.800000000,1.000000000,0.000000000,0.000000000,0.000000000
8.270832010,0.000000000,0.000000000,0.000000000,0.000000000,0.000000000,9.800000000,1.000000000,0.000000000,0.000000000,0.000000000
8.279165342,0.000000000,0.000000000,0.000000000,0.000000000,0.000000000,9.800000000,1.000000000,0.000000000,0.000000000,0.000000000
8.283332008,0.000000000,0.000000000,0.000000000,0.000000000,0.000000000,9.800000000,1.000000000,0.000000000,0.000000000,0.000000000
8.287498674,0.000000000,0.000000000,0.000000000,0.000000000,0.000000000,9.800000000,1.000000000,0.000000000,0.000000000,0.000000000
8.291665340,0.000000000,0.000000000,0.000000000,0.000000000,0.000000000,9.800000000,1.000000000,0.000000000,0.000000000,0.000000000
8.295832006,0.000000000,0.000000000,0.000000000,0.000000000,0.000000000,9.800000000,1.000000000,0.000000000,0.000000000,0.000000000
8.304165338,0.000000000,0.000000000,0.000000000,0.000000000,0.000000000,9.800000000,1.000000000,0.000000000,0.000000000,0.000000000
8.308332004,0.000000000,0.000000000,0.000000000,0.000000000,0.000000000,9.800000000,1.000000000,0.000000000,0.000000000,0.000000000
8.312498670,0.000000000,0.000000000,0.000000000,0.000000000,0.000000000,9.800000000,1.000000000,0.000000000,0.000000000,0.000000000
8.316665336,0.000000000,0.000000000,0.000000000,0.000000000,0.000000000,9.800000000,1.000000000,0.000000000,0.000000000,0.000000000
8.320832002,0.000000000,0.000000000,0.000000000,0.000000000,0.000000000,9.800000000,1.000000000,0.000000000,0.000000000,0.000000000
8.329165334,0.000000000,0.000000000,0.000000000,0.000000000,0.000000000,9.800000000,1.000000000,0.000000000,0.000000000,0.000000000
8.333332000,0.000000000,0.000000000,0.000000000,0.000000000,0.000000000,9.800000000,1.000000000,0.000000000,0.000000000,0.000000000
8.337498666,0.000000000,0.000000000,0.000000000,0.000000000,0.000000000,9.800000000,1.000000000,0.000000000,0.000000000,0.000000000
8.341665332,0.000000000,0.000000000,0.000000000,0.000000000,0.000000000,9.800000000,1.000000000,0.000000000,0.000000000,0.000000000
8.345831998,0.000000000,0.000000000,0.000000000,0.000000000,0.000000000,9.800000000,1.000000000,0.000000000,0.000000000,0.000000000
8.354165330,0.000000000,0.000000000,0.000000000,0.000000000,0.000000000,9.800000000,1.000000000,0.000000000,0.000000000,0.000000000
8.358331996,0.000000000,0.000000000,0.000000000,0.000000000,0.000000000,9.800000000,1.000000000,0.000000000,0.000000000,0.000000000
8.362498662,0.000000000,0.000000000,0.000000000,0.000000000,0.000000000,9.800000000,1.000000000,0.000000000,0.000000000,0.000000000
8.366665328,0.000000000,0.000000000,0.000000000,0.000000000,0.000000000,9.800000000,1.000000000,0.000000000,0.000000000,0.000000000
8.370831994,0.000000000,0.000000000,0.000000000,0.000000000,0.000000000,9.800000000,1.000000000,0.000000000,0.000000000,0.000000000
8.379165326,0.000000000,0.000000000,0.000000000,0.000000000,0.000000000,9.800000000,1.000000000,0.000000000,0.000000000,0.000000000
8.383331992,0.000000000,0.000000000,0.000000000,0.000000000,0.000000000,9.800000000,1.000000000,0.000000000,0.000000000,0.000000000
8.387498658,0.000000000,0.000000000,0.000000000,0.000000000,0.000000000,9.800000000,1.000000000,0.000000000,0.000000000,0.000000000
8.391665324,0.000000000,0.000000000,0.000000000,0.000000000,0.000000000,9.800000000,1.000000000,0.000000000,0.000000000,0.000000000
8.395831990,0.000000000,0.000000000,0.000000000,0.000000000,0.000000000,9.800000000,1.000000000,0.000000000,0.000000000,0.000000000
8.404165322,0.000000000,0.000000000,0.000000000,0.000000000,0.000000000,9.800000000,1.000000000,0.000000000,0.000000000,0.000000000
8.408331988,0.000000000,0.000000000,0.000000000,0.000000000,0.000000000,9.800000000,1.000000000,0.000000000,0.000000000,0.000000000
8.412498654,0.000000000,0.000000000,0.000000000,0.000000000,0.000000000,9.800000000,1.000000000,0.000000000,0.000000000,0.000000000
8.416665320,0.000000000,0.000000000,0.000000000,0.000000000,0.000000000,9.800000000,1.000000000,0.000000000,0.000000000,0.000000000
8.420831986,0.000000000,0.000000000,0.000000000,0.000000000,0.000000000,9.800000000,1.000000000,0.000000000,0.000000000,0.000000000
8.429165318,0.000000000,0.000000000,0.000000000,0.000000000,0.000000000,9.800000000,1.000000000,0.000000000,0.000000000,0.000000000
8.433331984,0.000000000,0.000000000,0.000000000,0.000000000,0.000000000,9.800000000,1.000000000,0.000000000,0.000000000,0.000000000
8.437498650,0.000000000,0.000000000,0.000000000,0.000000000,0.000000000,9.800000000,1.000000000,0.000000000,0.000000000,0.000000000
8.441665316,0.000000000,0.000000000,0.000000000,0.000000000,0.000000000,9.800000000,1.000000000,0.000000000,0.000000000,0.000000000
8.445831982,0.000000000,0.000000000,0.000000000,0.000000000,0.000000000,9.800000000,1.000000000,0.000000000,0.000000000,0.000000000
8.454165314,0.000000000,0.000000000,0.000000000,0.000000000,0.000000000,9.800000000,1.000000000,0.000000000,0.000000000,0.000000000
8.458331980,0.000000000,0.000000000,0.000000000,0.000000000,0.000000000,9.800000000,1.000000000,0.000000000,0.000000000,0.000000000
8.462498646,0.000000000,0.000000000,0.000000000,0.000000000,0.000000000,9.800000000,1.000000000,0.000000000,0.000000000,0.000000000
8.466665312,0.000000000,0.000000000,0.000000000,0.000000000,0.000000000,9.800000000,1.000000000,0.000000000,0.000000000,0.000000000
8.470831978,0.000000000,0.000000000,0.000000000,0.000000000,0.000000000,9.800000000,1.000000000,0.000000000,0.000000000,0.000000000
8.479165310,0.000000000,0.000000000,0.000000000,0.000000000,0.000000000,9.800000000,1.000000000,0.000000000,0.000000000,0.000000000
8.483331976,0.000000000,0.000000000,0.000000000,0.000000000,0.000000000,9.800000000,1.000000000,0.000000000,0.000000000,0.000000000
8.487498642,0.000000000,0.000000000,0.000000000,0.000000000,0.000000000,9.800000000,1.000000000,0.000000000,0.000000000,0.000000000
8.491665308,0.000000000,0.000000000,0.000000000,0.000000000,0.000000000,9.800000000,1.000000000,0.000000000,0.000000000,0.000000000
8.495831974,0.000000000,0.000000000,0.000000000,0.000000000,0.000000000,9.800000000,1.000000000,0.000000000,0.000000000,0.000000000
8.504165306,0.000000000,0.000000000,0.000000000,0.000000000,0.000000000,9.800000000,1.000000000,0.000000000,0.000000000,0.000000000
8.508331972,0.000000000,0.000000000,0.000000000,0.000000000,0.000000000,9.800000000,1.000000000,0.000000000,0.000000000,0.000000000
8.512498638,0.000000000,0.000000000,0.000000000,0.000000000,0.000000000,9.800000000,1.000000000,0.000000000,0.000000000,0.000000000
8.516665304,0.000000000,0.000000000,0.000000000,0.000000000,0.000000000,9.800000000,1.000000000,0.000000000,0.000000000,0.000000000
8.520831970,0.000000000,0.000000000,0.000000000,0.000000000,0.000000000,9.800000000,1.000000000,0.000000000,0.000000000,0.000000000
8.529165302,0.000000000,0.000000000,0.000000000,0.000000000,0.000000000,9.800000000,1.000000000,0.000000000,0.000000000,0.000000000
8.533331968,0.000000000,0.000000000,0.000000000,0.000000000,0.000000000,9.800000000,1.000000000,0.000000000,0.000000000,0.000000000
8.537498634,0.000000000,0.000000000,0.000000000,0.000000000,0.000000000,9.800000000,1.000000000,0.000000000,0.000000000,0.000000000
8.541665300,0.000000000,0.000000000,0.000000000,0.000000000,0.000000000,9.800000000,1.000000000,0.000000000,0.000000000,0.000000000
8.545831966,0.000000000,0.000000000,0.000000000,0.000000000,0.000000000,9.800000000,1.000000000,0.000000000,0.000000000,0.000000000
8.554165298,0.000000000,0.000000000,0.000000000,0.000000000,0.000000000,9.800000000,1.000000000,0.000000000,0.000000000,0.000000000
8.558331964,0.000000000,0.000000000,0.000000000,0.000000000,0.000000000,9.800000000,1.000000000,0.000000000,0.000000000,0.000000000
8.562498630,0.000000000,0.000000000,0.000000000,0.000000000,0.000000000,9.800000000,1.000000000,0.000000000,0.000000000,0.000000000
8.566665296,0.000000000,0.000000000,0.000000000,0.000000000,0.000000000,9.800000000,1.000000000,0.000000000,0.000000000,0.000000000
8.570831962,0.000000000,0.000000000,0.000000000,0.000000000,0.000000000,9.800000000,1.000000000,0.000000000,0.000000000,0.000000000
8.579165294,0.000000000,0.000000000,0.000000000,0.000000000,0.000000000,9.800000000,1.000000000,0.000000000,0.000000000,0.000000000
8.583331960,0.000000000,0.000000000,0.000000000,0.000000000,0.000000000,9.800000000,1.000000000,0.000000000,0.000000000,0.000000000
8.587498626,0.000000000,0.000000000,0.000000000,0.000000000,0.000000000,9.800000000,1.000000000,0.000000000,0.000000000,0.000000000
8.591665292,0.000000000,0.000000000,0.000000000,0.000000000,0.000000000,9.800000000,1.000000000,0.000000000,0.000000000,0.000000000
8.595831958,0.000000000,0.000000000,0.000000000,0.000000000,0.000000000,9.800000000,1.000000000,0.000000000,0.000000000,0.000000000
8.604165290,0.000000000,0.000000000,0.000000000,0.000000000,0.000000000,9.800000000,1.000000000,0.000000000,0.000000000,0.000000000
8.608331956,0.000000000,0.000000000,0.000000000,0.000000000,0.000000000,9.800000000,1.000000000,0.000000000,0.000000000,0.000000000
8.612498622,0.000000000,0.000000000,0.000000000,0.000000000,0.000000000,9.800000000,1.000000000,0.000000000,0.000000000,0.000000000
8.616665288,0.000000000,0.000000000,0.000000000,0.000000000,0.000000000,9.800000000,1.000000000,0.000000000,0.000000000,0.000000000
8.620831954,0.000000000,0.000000000,0.000000000,0.000000000,0.000000000,9.800000000,1.000000000,0.000000000,0.000000000,0.000000000
8.629165286,0.000000000,0.000000000,0.000000000,0.000000000,0.000000000,9.800000000,1.000000000,0.000000000,0.000000000,0.000000000
8.633331952,0.000000000,0.000000000,0.000000000,0.000000000,0.000000000,9.800000000,1.000000000,0.000000000,0.000000000,0.000000000
8.637498618,0.000000000,0.000000000,0.000000000,0.000000000,0.000000000,9.800000000,1.000000000,0.000000000,0.000000000,0.000000000
8.641665284,0.000000000,0.000000000,0.000000000,0.000000000,0.000000000,9.800000000,1.000000000,0.000000000,0.000000000,0.000000000
8.645831950,0.000000000,0.000000000,0.000000000,0.000000000,0.000000000,9.800000000,1.000000000,0.000000000,0.000000000,0.000000000
8.654165282,0.000000000,0.000000000,0.000000000,0.000000000,0.000000000,9.800000000,1.000000000,0.000000000,0.000000000,0.000000000
8.658331948,0.000000000,0.000000000,0.000000000,0.000000000,0.000000000,9.800000000,1.000000000,0.000000000,0.000000000,0.000000000
8.662498614,0.000000000,0.000000000,0.000000000,0.000000000,0.000000000,9.800000000,1.000000000,0.000000000,0.000000000,0.000000000
8.666665280,0.000000000,0.000000000,0.000000000,0.000000000,0.000000000,9.800000000,1.000000000,0.000000000,0.000000000,0.000000000
8.670831946,0.000000000,0.000000000,0.000000000,0.000000000,0.000000000,9.800000000,1.000000000,0.000000000,0.000000000,0.000000000
8.679165278,0.000000000,0.000000000,0.000000000,0.000000000,0.000000000,9.800000000,1.000000000,0.000000000,0.000000000,0.000000000
8.683331944,0.000000000,0.000000000,0.000000000,0.000000000,0.000000000,9.800000000,1.000000000,0.000000000,0.000000000,0.000000000
8.687498610,0.000000000,0.000000000,0.000000000,0.000000000,0.000000000,9.800000000,1.000000000,0.000000000,0.000000000,0.000000000
8.691665276,0.000000000,0.000000000,0.000000000,0.000000000,0.000000000,9.800000000,1.000000000,0.000000000,0.000000000,0.000000000
8.695831942,0.000000000,0.000000000,0.000000000,0.000000000,0.000000000,9.800000000,1.000000000,0.000000000,0.000000000,0.000000000
8.704165274,0.000000000,0.000000000,0.000000000,0.000000000,0.000000000,9.800000000,1.000000000,0.000000000,0.000000000,0.000000000
8.708331940,0.000000000,0.000000000,0.000000000,0.000000000,0.000000000,9.800000000,1.000000000,0.000000000,0.000000000,0.000000000
8.712498606,0.000000000,0.000000000,0.000000000,0.000000000,0.000000000,9.800000000,1.000000000,0.000000000,0.000000000,0.000000000
8.716665272,0.000000000,0.000000000,0.000000000,0.000000000,0.000000000,9.800000000,1.000000000,0.000000000,0.000000000,0.000000000
8.720831938,0.000000000,0.000000000,0.000000000,0.000000000,0.000000000,9.800000000,1.000000000,0.000000000,0.000000000,0.000000000
8.729165270,0.000000000,0.000000000,0.000000000,0.000000000,0.000000000,9.800000000,1.000000000,0.000000000,0.000000000,0.000000000
8.733331936,0.000000000,0.000000000,0.000000000,0.000000000,0.000000000,9.800000000,1.000000000,0.000000000,0.000000000,0.000000000
8.737498602,0.000000000,0.000000000,0.000000000,0.000000000,0.000000000,9.800000000,1.000000000,0.000000000,0.000000000,0.000000000
8.741665268,0.000000000,0.000000000,0.000000000,0.000000000,0.000000000,9.800000000,1.000000000,0.000000000,0.000000000,0.000000000
8.745831934,0.000000000,0.000000000,0.000000000,0.000000000,0.000000000,9.800000000,1.000000000,0.000000000,0.000000000,0.000000000
8.754165266,0.000000000,0.000000000,0.000000000,0.000000000,0.000000000,9.800000000,1.000000000,0.000000000,0.000000000,0.000000000
8.758331932,0.000000000,0.000000000,0.000000000,0.000000000,0.000000000,9.800000000,1.000000000,0.000000000,0.000000000,0.000000000
8.762498598,0.000000000,0.000000000,0.000000000,0.000000000,0.000000000,9.800000000,1.000000000,0.000000000,0.000000000,0.000000000
8.766665264,0.000000000,0.000000000,0.000000000,0.000000000,0.000000000,9.800000000,1.000000000,0.000000000,0.000000000,0.000000000
8.770831930,0.000000000,0.000000000,0.000000000,0.000000000,0.000000000,9.800000000,1.000000000,0.000000000,0.000000000,0.000000000
8.779165262,0.000000000,0.000000000,0.000000000,0.000000000,0.000000000,9.800000000,1.000000000,0.000000000,0.000000000,0.000000000
8.783331928,0.000000000,0.000000000,0.000000000,0.000000000,0.000000000,9.800000000,1.000000000,0.000000000,0.000000000,0.000000000
8.787498594,0.000000000,0.000000000,0.000000000,0.000000000,0.000000000,9.800000000,1.000000000,0.000000000,0.000000000,0.000000000
8.791665260,0.000000000,0.000000000,0.000000000,0.000000000,0.000000000,9.800000000,1.000000000,0.000000000,0.000000000,0.000000000
8.795831926,0.000000000,0.000000000,0.000000000,0.000000000,0.000000000,9.800000000,1.000000000,0.000000000,0.000000000,0.000000000
8.804165258,0.000000000,0.000000000,0.000000000,0.000000000,0.000000000,9.800000000,1.000000000,0.000000000,0.000000000,0.000000000
8.808331924,0.000000000,0.000000000,0.000000000,0.000000000,0.000000000,9.800000000,1.000000000,0.000000000,0.000000000,0.000000000
8.812498590,0.000000000,0.000000000,0.000000000,0.000000000,0.000000000,9.800000000,1.000000000,0.000000000,0.000000000,0.000000000
8.816665256,0.000000000,0.000000000,0.000000000,0.000000000,0.000000000,9.800000000,1.000000000,0.000000000,0.000000000,0.000000000
8.820831922,0.000000000,0.000000000,0.000000000,0.000000000,0.000000000,9.800000000,1.000000000,0.000000000,0.000000000,0.000000000
8.829165254,0.000000000,0.000000000,0.000000000,0.000000000,0.000000000,9.800000000,1.000000000,0.000000000,0.000000000,0.000000000
8.833331920,0.000000000,0.000000000,0.000000000,0.000000000,0.000000000,9.800000000,1.000000000,0.000000000,0.000000000,0.000000000
8.837498586,0.000000000,0.000000000,0.000000000,0.000000000,0.000000000,9.800000000,1.000000000,0.000000000,0.000000000,0.000000000
8.841665252,0.000000000,0.000000000,0.000000000,0.000000000,0.000000000,9.800000000,1.000000000,0.000000000,0.000000000,0.000000000
8.845831918,0.000000000,0.000000000,0.000000000,0.000000000,0.000000000,9.800000000,1.000000000,0.000000000,0.000000000,0.000000000
8.854165250,0.000000000,0.000000000,0.000000000,0.000000000,0.000000000,9.800000000,1.000000000,0.000000000,0.000000000,0.000000000
8.858331916,0.000000000,0.000000000,0.000000000,0.000000000,0.000000000,9.800000000,1.000000000,0.000000000,0.000000000,0.000000000
8.862498582,0.000000000,0.000000000,0.000000000,0.000000000,0.000000000,9.800000000,1.000000000,0.000000000,0.000000000,0.000000000
8.866665248,0.000000000,0.000000000,0.000000000,0.000000000,0.000000000,9.800000000,1.000000000,0.000000000,0.000000000,0.000000000
8.870831914,0.000000000,0.000000000,0.000000000,0.000000000,0.000000000,9.800000000,1.000000000,0.000000000,0.000000000,0.000000000
8.879165246,0.000000000,0.000000000,0.000000000,0.000000000,0.000000000,9.800000000,1.000000000,0.000000000,0.000000000,0.000000000
8.883331912,0.000000000,0.000000000,0.000000000,0.000000000,0.000000000,9.800000000,1.000000000,0.000000000,0.000000000,0.000000000
8.887498578,0.000000000,0.000000000,0.000000000,0.000000000,0.000000000,9.800000000,1.000000000,0.000000000,0.000000000,0.000000000
8.891665244,0.000000000,0.000000000,0.000000000,0.000000000,0.000000000,9.800000000,1.000000000,0.000000000,0.000000000,0.000000000
8.895831910,0.000000000,0.000000000,0.000000000,0.000000000,0.000000000,9.800000000,1.000000000,0.000000000,0.000000000,0.000000000
8.904165242,0.000000000,0.000000000,0.000000000,0.000000000,0.000000000,9.800000000,1.000000000,0.000000000,0.000000000,0.000000000
8.908331908,0.000000000,0.000000000,0.000000000,0.000000000,0.000000000,9.800000000,1.000000000,0.000000000,0.000000000,0.000000000
8.912498574,0.000000000,0.000000000,0.000000000,0.000000000,0.000000000,9.800000000,1.000000000,0.000000000,0.000000000,0.000000000
8.916665240,0.000000000,0.000000000,0.000000000,0.000000000,0.000000000,9.800000000,1.000000000,0.000000000,0.000000000,0.000000000
8.920831906,0.000000000,0.000000000,0.000000000,0.000000000,0.000000000,9.800000000,1.000000000,0.000000000,0.000000000,0.000000000
8.929165238,0.000000000,0.000000000,0.000000000,0.000000000,0.000000000,9.800000000,1.000000000,0.000000000,0.000000000,0.000000000
8.933331904,0.000000000,0.000000000,0.000000000,0.000000000,0.000000000,9.800000000,1.000000000,0.000000000,0.000000000,0.000000000
8.937498570,0.000000000,0.000000000,0.000000000,0.000000000,0.000000000,9.800000000,1.000000000,0.000000000,0.000000000,0.000000000
8.941665236,0.000000000,0.000000000,0.000000000,0.000000000,0.000000000,9.800000000,1.000000000,0.000000000,0.000000000,0.000000000
8.945831902,0.000000000,0.000000000,0.000000000,0.000000000,0.000000000,9.800000000,1.000000000,0.000000000,0.000000000,0.000000000
8.954165234,0.000000000,0.000000000,0.000000000,0.000000000,0.000000000,9.800000000,1.000000000,0.000000000,0.000000000,0.000000000
8.958331900,0.000000000,0.000000000,0.000000000,0.000000000,0.000000000,9.800000000,1.000000000,0.000000000,0.000000000,0.000000000
8.962498566,0.000000000,0.000000000,0.000000000,0.000000000,0.000000000,9.800000000,1.000000000,0.000000000,0.000000000,0.000000000
8.966665232,0.000000000,0.000000000,0.000000000,0.000000000,0.000000000,9.800000000,1.000000000,0.000000000,0.000000000,0.000000000
8.970831898,0.000000000,0.000000000,0.000000000,0.000000000,0.000000000,9.800000000,1.000000000,0.000000000,0.000000000,0.000000000
8.979165230,0.000000000,0.000000000,0.000000000,0.000000000,0.000000000,9.800000000,1.000000000,0.000000000,0.000000000,0.000000000
8.983331896,0.000000000,0.000000000,0.000000000,0.000000000,0.000000000,9.800000000,1.000000000,0.000000000,0.000000000,0.000000000
8.987498562,0.000000000,0.000000000,0.000000000,0.000000000,0.000000000,9.800000000,1.000000000,0.000000000,0.000000000,0.000000000
8.991665228,0.000000000,0.000000000,0.000000000,0.000000000,0.000000000,9.800000000,1.000000000,0.000000000,0.000000000,0.000000000
8.995831894,0.000000000,0.000000000,0.000000000,0.000000000,0.000000000,9.800000000,1.000000000,0.000000000,0.000000000,0.000000000
9.004165226,0.000000000,0.000000000,0.000000000,0.000000000,0.000000000,9.800000000,1.000000000,0.000000000,0.000000000,0.000000000
9.008331892,0.000000000,0.000000000,0.000000000,0.000000000,0.000000000,9.800000000,1.000000000,0.000000000,0.000000000,0.000000000
9.012498558,0.000000000,0.000000000,0.000000000,0.000000000,0.000000000,9.800000000,1.000000000,0.000000000,0.000000000,0.000000000
9.016665224,0.000000000,0.000000000,0.000000000,0.000000000,0.000000000,9.800000000,1.000000000,0.000000000,0.000000000,0.000000000
9.020831890,0.000000000,0.000000000,0.000000000,0.000000000,0.000000000,9.800000000,1.000000000,0.000000000,0.000000000,0.000000000
9.029165222,0.000000000,0.000000000,0.000000000,0.000000000,0.000000000,9.800000000,1.000000000,0.000000000,0.000000000,0.000000000
9.033331888,0.000000000,0.000000000,0.000000000,0.000000000,0.000000000,9.800000000,1.000000000,0.000000000,0.000000000,0.000000000
9.037498554,0.000000000,0.000000000,0.000000000,0.000000000,0.000000000,9.800000000,1.000000000,0.000000000,0.000000000,0.000000000
9.041665220,0.000000000,0.000000000,0.000000000,0.000000000,0.000000000,9.800000000,1.000000000,0.000000000,0.000000000,0.000000000
9.045831886,0.000000000,0.000000000,0.000000000,0.000000000,0.000000000,9.800000000,1.000000000,0.000000000,0.000000000,0.000000000
9.054165218,0.000000000,0.000000000,0.000000000,0.000000000,0.000000000,9.800000000,1.000000000,0.000000000,0.000000000,0.000000000
9.058331884,0.000000000,0.000000000,0.000000000,0.000000000,0.000000000,9.800000000,1.000000000,0.000000000,0.000000000,0.000000000
9.062498550,0.000000000,0.000000000,0.000000000,0.000000000,0.000000000,9.800000000,1.000000000,0.000000000,0.000000000,0.000000000
9.066665216,0.000000000,0.000000000,0.000000000,0.000000000,0.000000000,9.800000000,1.000000000,0.000000000,0.000000000,0.000000000
9.070831882,0.000000000,0.000000000,0.000000000,0.000000000,0.000000000,9.800000000,1.000000000,0.000000000,0.000000000,0.000000000
9.079165214,0.000000000,0.000000000,0.000000000,0.000000000,0.000000000,9.800000000,1.000000000,0.000000000,0.000000000,0.000000000
9.083331880,0.000000000,0.000000000,0.000000000,0.000000000,0.000000000,9.800000000,1.000000000,0.000000000,0.000000000,0.000000000
9.087498546,0.000000000,0.000000000,0.000000000,0.000000000,0.000000000,9.800000000,1.000000000,0.000000000,0.000000000,0.000000000
9.091665212,0.000000000,0.000000000,0.000000000,0.000000000,0.000000000,9.800000000,1.000000000,0.000000000,0.000000000,0.000000000
9.095831878,0.000000000,0.000000000,0.000000000,0.000000000,0.000000000,9.800000000,1.000000000,0.000000000,0.000000000,0.000000000
9.104165210,0.000000000,0.000000000,0.000000000,0.000000000,0.000000000,9.800000000,1.000000000,0.000000000,0.000000000,0.000000000
9.108331876,0.000000000,0.000000000,0.000000000,0.000000000,0.000000000,9.800000000,1.000000000,0.000000000,0.000000000,0.000000000
9.112498542,0.000000000,0.000000000,0.000000000,0.000000000,0.000000000,9.800000000,1.000000000,0.000000000,0.000000000,0.000000000
9.116665208,0.000000000,0.000000000,0.000000000,0.000000000,0.000000000,9.800000000,1.000000000,0.000000000,0.000000000,0.000000000
9.120831874,0.000000000,0.000000000,0.000000000,0.000000000,0.000000000,9.800000000,1.000000000,0.000000000,0.000000000,0.000000000
9.129165206,0.000000000,0.000000000,0.000000000,0.000000000,0.000000000,9.800000000,1.000000000,0.000000000,0.000000000,0.000000000
9.133331872,0.000000000,0.000000000,0.000000000,0.000000000,0.000000000,9.800000000,1.000000000,0.000000000,0.000000000,0.000000000
9.137498538,0.000000000,0.000000000,0.000000000,0.000000000,0.000000000,9.800000000,1.000000000,0.000000000,0.000000000,0.000000000
9.141665204,0.000000000,0.000000000,0.000000000,0.000000000,0.000000000,9.800000000,1.000000000,0.000000000,0.000000000,0.000000000
9.145831870,0.000000000,0.000000000,0.000000000,0.000000000,0.000000000,9.800000000,1.000000000,0.000000000,0.000000000,0.000000000
9.154165202,0.000000000,0.000000000,0.000000000,0.000000000,0.000000000,9.800000000,1.000000000,0.000000000,0.000000000,0.000000000
9.158331868,0.000000000,0.000000000,0.000000000,0.000000000,0.000000000,9.800000000,1.000000000,0.000000000,0.000000000,0.000000000
9.162498534,0.000000000,0.000000000,0.000000000,0.000000000,0.000000000,9.800000000,1.000000000,0.000000000,0.000000000,0.000000000
9.166665200,0.000000000,0.000000000,0.000000000,0.000000000,0.000000000,9.800000000,1.000000000,0.000000000,0.000000000,0.000000000
9.170831866,0.000000000,0.000000000,0.000000000,0.000000000,0.000000000,9.800000000,1.000000000,0.000000000,0.000000000,0.000000000
9.179165198,0.000000000,0.000000000,0.000000000,0.000000000,0.000000000,9.800000000,1.000000000,0.000000000,0.000000000,0.000000000
9.183331864,0.000000000,0.000000000,0.000000000,0.000000000,0.000000000,9.800000000,1.000000000,0.000000000,0.000000000,0.000000000
9.187498530,0.000000000,0.000000000,0.000000000,0.000000000,0.000000000,9.800000000,1.000000000,0.000000000,0.000000000,0.000000000
9.191665196,0.000000000,0.000000000,0.000000000,0.000000000,0.000000000,9.800000000,1.000000000,0.000000000,0.000000000,0.000000000
9.195831862,0.000000000,0.000000000,0.000000000,0.000000000,0.000000000,9.800000000,1.000000000,0.000000000,0.000000000,0.000000000
9.204165194,0.000000000,0.000000000,0.000000000,0.000000000,0.000000000,9.800000000,1.000000000,0.000000000,0.000000000,0.000000000
9.208331860,0.000000000,0.000000000,0.000000000,0.000000000,0.000000000,9.800000000,1.000000000,0.000000000,0.000000000,0.000000000
9.212498526,0.000000000,0.000000000,0.000000000,0.000000000,0.000000000,9.800000000,1.000000000,0.000000000,0.000000000,0.000000000
9.216665192,0.000000000,0.000000000,0.000000000,0.000000000,0.000000000,9.800000000,1.000000000,0.000000000,0.000000000,0.000000000
9.220831858,0.000000000,0.000000000,0.000000000,0.000000000,0.000000000,9.800000000,1.000000000,0.000000000,0.000000000,0.000000000
9.229165190,0.000000000,0.000000000,0.000000000,0.000000000,0.000000000,9.800000000,1.000000000,0.000000000,0.000000000,0.000000000
9.233331856,0.000000000,0.000000000,0.000000000,0.000000000,0.000000000,9.800000000,1.000000000,0.000000000,0.000000000,0.000000000
9.237498522,0.000000000,0.000000000,0.000000000,0.000000000,0.000000000,9.800000000,1.000000000,0.000000000,0.000000000,0.000000000
9.241665188,0.000000000,0.000000000,0.000000000,0.000000000,0.000000000,9.800000000,1.000000000,0.000000000,0.000000000,0.000000000
9.245831854,0.000000000,0.000000000,0.000000000,0.000000000,0.000000000,9.800000000,1.000000000,0.000000000,0.000000000,0.000000000
9.254165186,0.000000000,0.000000000,0.000000000,0.000000000,0.000000000,9.800000000,1.000000000,0.000000000,0.000000000,0.000000000
9.258331852,0.000000000,0.000000000,0.000000000,0.000000000,0.000000000,9.800000000,1.000000000,0.000000000,0.000000000,0.000000000
9.262498518,0.000000000,0.000000000,0.000000000,0.000000000,0.000000000,9.800000000,1.000000000,0.000000000,0.000000000,0.000000000
9.266665184,0.000000000,0.000000000,0.000000000,0.000000000,0.000000000,9.800000000,1.000000000,0.000000000,0.000000000,0.000000000
9.270831850,0.000000000,0.000000000,0.000000000,0.000000000,0.000000000,9.800000000,1.000000000,0.000000000,0.000000000,0.000000000
9.279165182,0.000000000,0.000000000,0.000000000,0.000000000,0.000000000,9.800000000,1.000000000,0.000000000,0.000000000,0.000000000
9.283331848,0.000000000,0.000000000,0.000000000,0.000000000,0.000000000,9.800000000,1.000000000,0.000000000,0.000000000,0.000000000
9.287498514,0.000000000,0.000000000,0.000000000,0.000000000,0.000000000,9.800000000,1.000000000,0.000000000,0.000000000,0.000000000
9.291665180,0.000000000,0.000000000,0.000000000,0.000000000,0.000000000,9.800000000,1.000000000,0.000000000,0.000000000,0.000000000
9.295831846,0.000000000,0.000000000,0.000000000,0.000000000,0.000000000,9.800000000,1.000000000,0.000000000,0.000000000,0.000000000
9.304165178,0.000000000,0.000000000,0.000000000,0.000000000,0.000000000,9.800000000,1.000000000,0.000000000,0.000000000,0.000000000
9.308331844,0.000000000,0.000000000,0.000000000,0.000000000,0.000000000,9.800000000,1.000000000,0.000000000,0.000000000,0.000000000
9.312498510,0.000000000,0.000000000,0.000000000,0.000000000,0.000000000,9.800000000,1.000000000,0.000000000,0.000000000,0.000000000
9.316665176,0.000000000,0.000000000,0.000000000,0.000000000,0.000000000,9.800000000,1.000000000,0.000000000,0.000000000,0.000000000
9.320831842,0.000000000,0.000000000,0.000000000,0.000000000,0.000000000,9.800000000,1.000000000,0.000000000,0.000000000,0.000000000
9.329165174,0.000000000,0.000000000,0.000000000,0.000000000,0.000000000,9.800000000,1.000000000,0.000000000,0.000000000,0.000000000
9.333331840,0.000000000,0.000000000,0.000000000,0.000000000,0.000000000,9.800000000,1.000000000,0.000000000,0.000000000,0.000000000
9.337498506,0.000000000,0.000000000,0.000000000,0.000000000,0.000000000,9.800000000,1.000000000,0.000000000,0.000000000,0.000000000
9.341665172,0.000000000,0.000000000,0.000000000,0.000000000,0.000000000,9.800000000,1.000000000,0.000000000,0.000000000,0.000000000
9.345831838,0.000000000,0.000000000,0.000000000,0.000000000,0.000000000,9.800000000,1.000000000,0.000000000,0.000000000,0.000000000
9.354165170,0.000000000,0.000000000,0.000000000,0.000000000,0.000000000,9.800000000,1.000000000,0.000000000,0.000000000,0.000000000
9.358331836,0.000000000,0.000000000,0.000000000,0.000000000,0.000000000,9.800000000,1.000000000,0.000000000,0.000000000,0.000000000
9.362498502,0.000000000,0.000000000,0.000000000,0.000000000,0.000000000,9.800000000,1.000000000,0.000000000,0.000000000,0.000000000
9.366665168,0.000000000,0.000000000,0.000000000,0.000000000,0.000000000,9.800000000,1.000000000,0.000000000,0.000000000,0.000000000
9.370831834,0.000000000,0.000000000,0.000000000,0.000000000,0.000000000,9.800000000,1.000000000,0.000000000,0.000000000,0.000000000
9.379165166,0.000000000,0.000000000,0.000000000,0.000000000,0.000000000,9.800000000,1.000000000,0.000000000,0.000000000,0.000000000
9.383331832,0.000000000,0.000000000,0.000000000,0.000000000,0.000000000,9.800000000,1.000000000,0.000000000,0.000000000,0.000000000
9.387498498,0.000000000,0.000000000,0.000000000,0.000000000,0.000000000,9.800000000,1.000000000,0.000000000,0.000000000,0.000000000
9.391665164,0.000000000,0.000000000,0.000000000,0.000000000,0.000000000,9.800000000,1.000000000,0.000000000,0.000000000,0.000000000
9.395831830,0.000000000,0.000000000,0.000000000,0.000000000,0.000000000,9.800000000,1.000000000,0.000000000,0.000000000,0.000000000
9.404165162,0.000000000,0.000000000,0.000000000,0.000000000,0.000000000,9.800000000,1.000000000,0.000000000,0.000000000,0.000000000
9.408331828,0.000000000,0.000000000,0.000000000,0.000000000,0.000000000,9.800000000,1.000000000,0.000000000,0.000000000,0.000000000
9.412498494,0.000000000,0.000000000,0.000000000,0.000000000,0.000000000,9.800000000,1.000000000,0.000000000,0.000000000,0.000000000
9.416665160,0.000000000,0.000000000,0.000000000,0.000000000,0.000000000,9.800000000,1.000000000,0.000000000,0.000000000,0.000000000
9.420831826,0.000000000,0.000000000,0.000000000,0.000000000,0.000000000,9.800000000,1.000000000,0.000000000,0.000000000,0.000000000
9.429165158,0.000000000,0.000000000,0.000000000,0.000000000,0.000000000,9.800000000,1.000000000,0.000000000,0.000000000,0.000000000
9.433331824,0.000000000,0.000000000,0.000000000,0.000000000,0.000000000,9.800000000,1.000000000,0.000000000,0.000000000,0.000000000
9.437498490,0.000000000,0.000000000,0.000000000,0.000000000,0.000000000,9.800000000,1.000000000,0.000000000,0.000000000,0.000000000
9.441665156,0.000000000,0.000000000,0.000000000,0.000000000,0.000000000,9.800000000,1.000000000,0.000000000,0.000000000,0.000000000
9.445831822,0.000000000,0.000000000,0.000000000,0.000000000,0.000000000,9.800000000,1.000000000,0.000000000,0.000000000,0.000000000
9.454165154,0.000000000,0.000000000,0.000000000,0.000000000,0.000000000,9.800000000,1.000000000,0.000000000,0.000000000,0.000000000
9.458331820,0.000000000,0.000000000,0.000000000,0.000000000,0.000000000,9.800000000,1.000000000,0.000000000,0.000000000,0.000000000
9.462498486,0.000000000,0.000000000,0.000000000,0.000000000,0.000000000,9.800000000,1.000000000,0.000000000,0.000000000,0.000000000
9.466665152,0.000000000,0.000000000,0.000000000,0.000000000,0.000000000,9.800000000,1.000000000,0.000000000,0.000000000,0.000000000
9.470831818,0.000000000,0.000000000,0.000000000,0.000000000,0.000000000,9.800000000,1.000000000,0.000000000,0.000000000,0.000000000
9.479165150,0.000000000,0.000000000,0.000000000,0.000000000,0.000000000,9.800000000,1.000000000,0.000000000,0.000000000,0.000000000
9.483331816,0.000000000,0.000000000,0.000000000,0.000000000,0.000000000,9.800000000,1.000000000,0.000000000,0.000000000,0.000000000
9.487498482,0.000000000,0.000000000,0.000000000,0.000000000,0.000000000,9.800000000,1.000000000,0.000000000,0.000000000,0.000000000
9.491665148,0.000000000,0.000000000,0.000000000,0.000000000,0.000000000,9.800000000,1.000000000,0.000000000,0.000000000,0.000000000
9.495831814,0.000000000,0.000000000,0.000000000,0.000000000,0.000000000,9.800000000,1.000000000,0.000000000,0.000000000,0.000000000
9.504165146,0.000000000,0.000000000,0.000000000,0.000000000,0.000000000,9.800000000,1.000000000,0.000000000,0.000000000,0.000000000
9.508331812,0.000000000,0.000000000,0.000000000,0.000000000,0.000000000,9.800000000,1.000000000,0.000000000,0.000000000,0.000000000
9.512498478,0.000000000,0.000000000,0.000000000,0.000000000,0.000000000,9.800000000,1.000000000,0.000000000,0.000000000,0.000000000
9.516665144,0.000000000,0.000000000,0.000000000,0.000000000,0.000000000,9.800000000,1.000000000,0.000000000,0.000000000,0.000000000
9.520831810,0.000000000,0.000000000,0.000000000,0.000000000,0.000000000,9.800000000,1.000000000,0.000000000,0.000000000,0.000000000
9.529165142,0.000000000,0.000000000,0.000000000,0.000000000,0.000000000,9.800000000,1.000000000,0.000000000,0.000000000,0.000000000
9.533331808,0.000000000,0.000000000,0.000000000,0.000000000,0.000000000,9.800000000,1.000000000,0.000000000,0.000000000,0.000000000
9.537498474,0.000000000,0.000000000,0.000000000,0.000000000,0.000000000,9.800000000,1.000000000,0.000000000,0.000000000,0.000000000
9.541665140,0.000000000,0.000000000,0.000000000,0.000000000,0.000000000,9.800000000,1.000000000,0.000000000,0.000000000,0.000000000
9.545831806,0.000000000,0.000000000,0.000000000,0.000000000,0.000000000,9.800000000,1.000000000,0.000000000,0.000000000,0.000000000
9.554165138,0.000000000,0.000000000,0.000000000,0.000000000,0.000000000,9.800000000,1.000000000,0.000000000,0.000000000,0.000000000
9.558331804,0.000000000,0.000000000,0.000000000,0.000000000,0.000000000,9.800000000,1.000000000,0.000000000,0.000000000,0.000000000
9.562498470,0.000000000,0.000000000,0.000000000,0.000000000,0.000000000,9.800000000,1.000000000,0.000000000,0.000000000,0.000000000
9.566665136,0.000000000,0.000000000,0.000000000,0.000000000,0.000000000,9.800000000,1.000000000,0.000000000,0.000000000,0.000000000
9.570831802,0.000000000,0.000000000,0.000000000,0.000000000,0.000000000,9.800000000,1.000000000,0.000000000,0.000000000,0.000000000
9.579165134,0.000000000,0.000000000,0.000000000,0.000000000,0.000000000,9.800000000,1.000000000,0.000000000,0.000000000,0.000000000
9.583331800,0.000000000,0.000000000,0.000000000,0.000000000,0.000000000,9.800000000,1.000000000,0.000000000,0.000000000,0.000000000
9.587498466,0.000000000,0.000000000,0.000000000,0.000000000,0.000000000,9.800000000,1.000000000,0.000000000,0.000000000,0.000000000
9.591665132,0.000000000,0.000000000,0.000000000,0.000000000,0.000000000,9.800000000,1.000000000,0.000000000,0.000000000,0.000000000
9.595831798,0.000000000,0.000000000,0.000000000,0.000000000,0.000000000,9.800000000,1.000000000,0.000000000,0.000000000,0.000000000
9.604165130,0.000000000,0.000000000,0.000000000,0.000000000,0.000000000,9.800000000,1.000000000,0.000000000,0.000000000,0.000000000
9.608331796,0.000000000,0.000000000,0.000000000,0.000000000,0.000000000,9.800000000,1.000000000,0.000000000,0.000000000,0.000000000
9.612498462,0.000000000,0.000000000,0.000000000,0.000000000,0.000000000,9.800000000,1.000000000,0.000000000,0.000000000,0.000000000
9.616665128,0.000000000,0.000000000,0.000000000,0.000000000,0.000000000,9.800000000,1.000000000,0.000000000,0.000000000,0.000000000
9.620831794,0.000000000,0.000000000,0.000000000,0.000000000,0.000000000,9.800000000,1.000000000,0.000000000,0.000000000,0.000000000
9.629165126,0.000000000,0.000000000,0.000000000,0.000000000,0.000000000,9.800000000,1.000000000,0.000000000,0.000000000,0.000000000
9.633331792,0.000000000,0.000000000,0.000000000,0.000000000,0.000000000,9.800000000,1.000000000,0.000000000,0.000000000,0.000000000
9.637498458,0.000000000,0.000000000,0.000000000,0.000000000,0.000000000,9.800000000,1.000000000,0.000000000,0.000000000,0.000000000
9.641665124,0.000000000,0.000000000,0.000000000,0.000000000,0.000000000,9.800000000,1.000000000,0.000000000,0.000000000,0.000000000
9.645831790,0.000000000,0.000000000,0.000000000,0.000000000,0.000000000,9.800000000,1.000000000,0.000000000,0.000000000,0.000000000
9.654165122,0.000000000,0.000000000,0.000000000,0.000000000,0.000000000,9.800000000,1.000000000,0.000000000,0.000000000,0.000000000
9.658331788,0.000000000,0.000000000,0.000000000,0.000000000,0.000000000,9.800000000,1.000000000,0.000000000,0.000000000,0.000000000
9.662498454,0.000000000,0.000000000,0.000000000,0.000000000,0.000000000,9.800000000,1.000000000,0.000000000,0.000000000,0.000000000
9.666665120,0.000000000,0.000000000,0.000000000,0.000000000,0.000000000,9.800000000,1.000000000,0.000000000,0.000000000,0.000000000
9.670831786,0.000000000,0.000000000,0.000000000,0.000000000,0.000000000,9.800000000,1.000000000,0.000000000,0.000000000,0.000000000
9.679165118,0.000000000,0.000000000,0.000000000,0.000000000,0.000000000,9.800000000,1.000000000,0.000000000,0.000000000,0.000000000
9.683331784,0.000000000,0.000000000,0.000000000,0.000000000,0.000000000,9.800000000,1.000000000,0.000000000,0.000000000,0.000000000
9.687498450,0.000000000,0.000000000,0.000000000,0.000000000,0.000000000,9.800000000,1.000000000,0.000000000,0.000000000,0.000000000
9.691665116,0.000000000,0.000000000,0.000000000,0.000000000,0.000000000,9.800000000,1.000000000,0.000000000,0.000000000,0.000000000
9.695831782,0.000000000,0.000000000,0.000000000,0.000000000,0.000000000,9.800000000,1.000000000,0.000000000,0.000000000,0.000000000
9.704165114,0.000000000,0.000000000,0.000000000,0.000000000,0.000000000,9.800000000,1.000000000,0.000000000,0.000000000,0.000000000
9.708331780,0.000000000,0.000000000,0.000000000,0.000000000,0.000000000,9.800000000,1.000000000,0.000000000,0.000000000,0.000000000
9.712498446,0.000000000,0.000000000,0.000000000,0.000000000,0.000000000,9.800000000,1.000000000,0.000000000,0.000000000,0.000000000
9.716665112,0.000000000,0.000000000,0.000000000,0.000000000,0.000000000,9.800000000,1.000000000,0.000000000,0.000000000,0.000000000
9.720831778,0.000000000,0.000000000,0.000000000,0.000000000,0.000000000,9.800000000,1.000000000,0.000000000,0.000000000,0.000000000
9.729165110,0.000000000,0.000000000,0.000000000,0.000000000,0.000000000,9.800000000,1.000000000,0.000000000,0.000000000,0.000000000
9.733331776,0.000000000,0.000000000,0.000000000,0.000000000,0.000000000,9.800000000,1.000000000,0.000000000,0.000000000,0.000000000
9.737498442,0.000000000,0.000000000,0.000000000,0.000000000,0.000000000,9.800000000,1.000000000,0.000000000,0.000000000,0.000000000
9.741665108,0.000000000,0.000000000,0.000000000,0.000000000,0.000000000,9.800000000,1.000000000,0.000000000,0.000000000,0.000000000
9.745831774,0.000000000,0.000000000,0.000000000,0.000000000,0.000000000,9.800000000,1.000000000,0.000000000,0.000000000,0.000000000
9.754165106,0.000000000,0.000000000,0.000000000,0.000000000,0.000000000,9.800000000,1.000000000,0.000000000,0.000000000,0.000000000
9.758331772,0.000000000,0.000000000,0.000000000,0.000000000,0.000000000,9.800000000,1.000000000,0.000000000,0.000000000,0.000000000
9.762498438,0.000000000,0.000000000,0.000000000,0.000000000,0.000000000,9.800000000,1.000000000,0.000000000,0.000000000,0.000000000
9.766665104,0.000000000,0.000000000,0.000000000,0.000000000,0.000000000,9.800000000,1.000000000,0.000000000,0.000000000,0.000000000
9.770831770,0.000000000,0.000000000,0.000000000,0.000000000,0.000000000,9.800000000,1.000000000,0.000000000,0.000000000,0.000000000
9.779165102,0.000000000,0.000000000,0.000000000,0.000000000,0.000000000,9.800000000,1.000000000,0.000000000,0.000000000,0.000000000
9.783331768,0.000000000,0.000000000,0.000000000,0.000000000,0.000000000,9.800000000,1.000000000,0.000000000,0.000000000,0.000000000
9.787498434,0.000000000,0.000000000,0.000000000,0.000000000,0.000000000,9.800000000,1.000000000,0.000000000,0.000000000,0.000000000
9.791665100,0.000000000,0.000000000,0.000000000,0.000000000,0.000000000,9.800000000,1.000000000,0.000000000,0.000000000,0.000000000
9.795831766,0.000000000,0.000000000,0.000000000,0.000000000,0.000000000,9.800000000,1.000000000,0.000000000,0.000000000,0.000000000
9.804165098,0.000000000,0.000000000,0.000000000,0.000000000,0.000000000,9.800000000,1.000000000,0.000000000,0.000000000,0.000000000
9.808331764,0.000000000,0.000000000,0.000000000,0.000000000,0.000000000,9.800000000,1.000000000,0.000000000,0.000000000,0.000000000
9.812498430,0.000000000,0.000000000,0.000000000,0.000000000,0.000000000,9.800000000,1.000000000,0.000000000,0.000000000,0.000000000
9.816665096,0.000000000,0.000000000,0.000000000,0.000000000,0.000000000,9.800000000,1.000000000,0.000000000,0.000000000,0.000000000
9.820831762,0.000000000,0.000000000,0.000000000,0.000000000,0.000000000,9.800000000,1.000000000,0.000000000,0.000000000,0.000000000
9.829165094,0.000000000,0.000000000,0.000000000,0.000000000,0.000000000,9.800000000,1.000000000,0.000000000,0.000000000,0.000000000
9.833331760,0.000000000,0.000000000,0.000000000,0.000000000,0.000000000,9.800000000,1.000000000,0.000000000,0.000000000,0.000000000
9.837498426,0.000000000,0.000000000,0.000000000,0.000000000,0.000000000,9.800000000,1.000000000,0.000000000,0.000000000,0.000000000
9.841665092,0.000000000,0.000000000,0.000000000,0.000000000,0.000000000,9.800000000,1.000000000,0.000000000,0.000000000,0.000000000
9.845831758,0.000000000,0.000000000,0.000000000,0.000000000,0.000000000,9.800000000,1.000000000,0.000000000,0.000000000,0.000000000
9.854165090,0.000000000,0.000000000,0.000000000,0.000000000,0.000000000,9.800000000,1.000000000,0.000000000,0.000000000,0.000000000
9.858331756,0.000000000,0.000000000,0.000000000,0.000000000,0.000000000,9.800000000,1.000000000,0.000000000,0.000000000,0.000000000
9.862498422,0.000000000,0.000000000,0.000000000,0.000000000,0.000000000,9.800000000,1.000000000,0.000000000,0.000000000,0.000000000
9.866665088,0.000000000,0.000000000,0.000000000,0.000000000,0.000000000,9.800000000,1.000000000,0.000000000,0.000000000,0.000000000
9.870831754,0.000000000,0.000000000,0.000000000,0.000000000,0.000000000,9.800000000,1.000000000,0.000000000,0.000000000,0.000000000
9.879165086,0.000000000,0.000000000,0.000000000,0.000000000,0.000000000,9.800000000,1.000000000,0.000000000,0.000000000,0.000000000
9.883331752,0.000000000,0.000000000,0.000000000,0.000000000,0.000000000,9.800000000,1.000000000,0.000000000,0.000000000,0.000000000
9.887498418,0.000000000,0.000000000,0.000000000,0.000000000,0.000000000,9.800000000,1.000000000,0.000000000,0.000000000,0.000000000
9.891665084,0.000000000,0.000000000,0.000000000,0.000000000,0.000000000,9.800000000,1.000000000,0.000000000,0.000000000,0.000000000
9.895831750,0.000000000,0.000000000,0.000000000,0.000000000,0.000000000,9.800000000,1.000000000,0.000000000,0.000000000,0.000000000
9.904165082,0.000000000,0.000000000,0.000000000,0.000000000,0.000000000,9.800000000,1.000000000,0.000000000,0.000000000,0.000000000
9.908331748,0.000000000,0.000000000,0.000000000,0.000000000,0.000000000,9.800000000,1.000000000,0.000000000,0.000000000,0.000000000
9.912498414,0.000000000,0.000000000,0.000000000,0.000000000,0.000000000,9.800000000,1.000000000,0.000000000,0.000000000,0.000000000
9.916665080,0.000000000,0.000000000,0.000000000,0.000000000,0.000000000,9.800000000,1.000000000,0.000000000,0.000000000,0.000000000
9.920831746,0.000000000,0.000000000,0.000000000,0.000000000,0.000000000,9.800000000,1.000000000,0.000000000,0.000000000,0.000000000
9.929165078,0.000000000,0.000000000,0.000000000,0.000000000,0.000000000,9.800000000,1.000000000,0.000000000,0.000000000,0.000000000
9.933331744,0.000000000,0.000000000,0.000000000,0.000000000,0.000000000,9.800000000,1.000000000,0.000000000,0.000000000,0.000000000
9.937498410,0.000000000,0.000000000,0.000000000,0.000000000,0.000000000,9.800000000,1.000000000,0.000000000,0.000000000,0.000000000
9.941665076,0.000000000,0.000000000,0.000000000,0.000000000,0.000000000,9.800000000,1.000000000,0.000000000,0.000000000,0.000000000
9.945831742,0.000000000,0.000000000,0.000000000,0.000000000,0.000000000,9.800000000,1.000000000,0.000000000,0.000000000,0.000000000
9.954165074,0.000000000,0.000000000,0.000000000,0.000000000,0.000000000,9.800000000,1.000000000,0.000000000,0.000000000,0.000000000
9.958331740,0.000000000,0.000000000,0.000000000,0.000000000,0.000000000,9.800000000,1.000000000,0.000000000,0.000000000,0.000000000
9.962498406,0.000000000,0.000000000,0.000000000,0.000000000,0.000000000,9.800000000,1.000000000,0.000000000,0.000000000,0.000000000
9.966665072,0.000000000,0.000000000,0.000000000,0.000000000,0.000000000,9.800000000,1.000000000,0.000000000,0.000000000,0.000000000
9.970831738,0.000000000,0.000000000,0.000000000,0.000000000,0.000000000,9.800000000,1.000000000,0.000000000,0.000000000,0.000000000
9.979165070,0.000000000,0.000000000,0.000000000,0.000000000,0.000000000,9.800000000,1.000000000,0.000000000,0.000000000,0.000000000
9.983331736,0.000000000,0.000000000,0.000000000,0.000000000,0.000000000,9.800000000,1.000000000,0.000000000,0.000000000,0.000000000
9.987498402,0.000000000,0.000000000,0.000000000,0.000000000,0.000000000,9.800000000,1.000000000,0.000000000,0.000000000,0.000000000
9.991665068,0.000000000,0.000000000,0.000000000,0.000000000,0.000000000,9.800000000,1.000000000,0.000000000,0.000000000,0.000000000
9.995831734,0.000000000,0.000000000,0.000000000,0.000000000,0.000000000,9.800000000,1.000000000,0.000000000,0.000000000,0.000000000
10.004165066,0.000000000,0.000000000,0.000000000,0.000000000,0.000000000,9.800000000,1.000000000,0.000000000,0.000000000,0.000000000
10.008331732,0.000000000,0.000000000,0.000000000,0.000000000,0.000000000,9.800000000,1.000000000,0.000000000,0.000000000,0.000000000
10.012498398,0.000000000,0.000000000,0.000000000,0.000000000,0.000000000,9.800000000,1.000000000,0.000000000,0.000000000,0.000000000
10.016665064,0.000000000,0.000000000,0.000000000,0.000000000,0.000000000,9.800000000,1.000000000,0.000000000,0.000000000,0.000000000
10.020831730,0.000000000,0.000000000,0.000000000,0.000000000,0.000000000,9.800000000,1.000000000,0.000000000,0.000000000,0.000000000
10.029165062,0.000000000,0.000000000,0.000000000,0.000000000,0.000000000,9.800000000,1.000000000,0.000000000,0.000000000,0.000000000
10.033331728,0.000000000,0.000000000,0.000000000,0.000000000,0.000000000,9.800000000,1.000000000,0.000000000,0.000000000,0.000000000
10.037498394,0.000000000,0.000000000,0.000000000,0.000000000,0.000000000,9.800000000,1.000000000,0.000000000,0.000000000,0.000000000
10.041665060,0.000000000,0.000000000,0.000000000,0.000000000,0.000000000,9.800000000,1.000000000,0.000000000,0.000000000,0.000000000
10.045831726,0.000000000,0.000000000,0.000000000,0.000000000,0.000000000,9.800000000,1.000000000,0.000000000,0.000000000,0.000000000
10.054165058,0.000000000,0.000000000,0.000000000,0.000000000,0.000000000,9.800000000,1.000000000,0.000000000,0.000000000,0.000000000
10.058331724,0.000000000,0.000000000,0.000000000,0.000000000,0.000000000,9.800000000,1.000000000,0.000000000,0.000000000,0.000000000
10.062498390,0.000000000,0.000000000,0.000000000,0.000000000,0.000000000,9.800000000,1.000000000,0.000000000,0.000000000,0.000000000
10.066665056,0.000000000,0.000000000,0.000000000,0.000000000,0.000000000,9.800000000,1.000000000,0.000000000,0.000000000,0.000000000
10.070831722,0.000000000,0.000000000,0.000000000,0.000000000,0.000000000,9.800000000,1.000000000,0.000000000,0.000000000,0.000000000
10.079165054,0.000000000,0.000000000,0.000000000,0.000000000,0.000000000,9.800000000,1.000000000,0.000000000,0.000000000,0.000000000
10.083331720,0.000000000,0.000000000,0.000000000,0.000000000,0.000000000,9.800000000,1.000000000,0.000000000,0.000000000,0.000000000
10.087498386,0.000000000,0.000000000,0.000000000,0.000000000,0.000000000,9.800000000,1.000000000,0.000000000,0.000000000,0.000000000
10.091665052,0.000000000,0.000000000,0.000000000,0.000000000,0.000000000,9.800000000,1.000000000,0.000000000,0.000000000,0.000000000
10.095831718,0.000000000,0.000000000,0.000000000,0.000000000,0.000000000,9.800000000,1.000000000,0.000000000,0.000000000,0.000000000
10.104165050,0.000000000,0.000000000,0.000000000,0.000000000,0.000000000,9.800000000,1.000000000,0.000000000,0.000000000,0.000000000
10.108331716,0.000000000,0.000000000,0.000000000,0.000000000,0.000000000,9.800000000,1.000000000,0.000000000,0.000000000,0.000000000
10.112498382,0.000000000,0.000000000,0.000000000,0.000000000,0.000000000,9.800000000,1.000000000,0.000000000,0.000000000,0.000000000
10.116665048,0.000000000,0.000000000,0.000000000,0.000000000,0.000000000,9.800000000,1.000000000,0.000000000,0.000000000,0.000000000
10.120831714,0.000000000,0.000000000,0.000000000,0.000000000,0.000000000,9.800000000,1.000000000,0.000000000,0.000000000,0.000000000
10.129165046,0.000000000,0.000000000,0.000000000,0.000000000,0.000000000,9.800000000,1.000000000,0.000000000,0.000000000,0.000000000
10.133331712,0.000000000,0.000000000,0.000000000,0.000000000,0.000000000,9.800000000,1.000000000,0.000000000,0.000000000,0.000000000
10.137498378,0.000000000,0.000000000,0.000000000,0.000000000,0.000000000,9.800000000,1.000000000,0.000000000,0.000000000,0.000000000
10.141665044,0.000000000,0.000000000,0.000000000,0.000000000,0.000000000,9.800000000,1.000000000,0.000000000,0.000000000,0.000000000
10.145831710,0.000000000,0.000000000,0.000000000,0.000000000,0.000000000,9.800000000,1.000000000,0.000000000,0.000000000,0.000000000
10.154165042,0.000000000,0.000000000,0.000000000,0.000000000,0.000000000,9.800000000,1.000000000,0.000000000,0.000000000,0.000000000
10.158331708,0.000000000,0.000000000,0.000000000,0.000000000,0.000000000,9.800000000,1.000000000,0.000000000,0.000000000,0.000000000
10.162498374,0.000000000,0.000000000,0.000000000,0.000000000,0.000000000,9.800000000,1.000000000,0.000000000,0.000000000,0.000000000
10.166665040,0.000000000,0.000000000,0.000000000,0.000000000,0.000000000,9.800000000,1.000000000,0.000000000,0.000000000,0.000000000
10.170831706,0.000000000,0.000000000,0.000000000,0.000000000,0.000000000,9.800000000,1.000000000,0.000000000,0.000000000,0.000000000
10.179165038,0.000000000,0.000000000,0.000000000,0.000000000,0.000000000,9.800000000,1.000000000,0.000000000,0.000000000,0.000000000
10.183331704,0.000000000,0.000000000,0.000000000,0.000000000,0.000000000,9.800000000,1.000000000,0.000000000,0.000000000,0.000000000
10.187498370,0.000000000,0.000000000,0.000000000,0.000000000,0.000000000,9.800000000,1.000000000,0.000000000,0.000000000,0.000000000
10.191665036,0.000000000,0.000000000,0.000000000,0.000000000,0.000000000,9.800000000,1.000000000,0.000000000,0.000000000,0.000000000
10.195831702,0.000000000,0.000000000,0.000000000,0.000000000,0.000000000,9.800000000,1.000000000,0.000000000,0.000000000,0.000000000
10.204165034,0.000000000,0.000000000,0.000000000,0.000000000,0.000000000,9.800000000,1.000000000,0.000000000,0.000000000,0.000000000
10.208331700,0.000000000,0.000000000,0.000000000,0.000000000,0.000000000,9.800000000,1.000000000,0.000000000,0.000000000,0.000000000
10.212498366,0.000000000,0.000000000,0.000000000,0.000000000,0.000000000,9.800000000,1.000000000,0.000000000,0.000000000,0.000000000
10.216665032,0.000000000,0.000000000,0.000000000,0.000000000,0.000000000,9.800000000,1.000000000,0.000000000,0.000000000,0.000000000
10.220831698,0.000000000,0.000000000,0.000000000,0.000000000,0.000000000,9.800000000,1.000000000,0.000000000,0.000000000,0.000000000
10.229165030,0.000000000,0.000000000,0.000000000,0.000000000,0.000000000,9.800000000,1.000000000,0.000000000,0.000000000,0.000000000
10.233331696,0.000000000,0.000000000,0.000000000,0.000000000,0.000000000,9.800000000,1.000000000,0.000000000,0.000000000,0.000000000
10.237498362,0.000000000,0.000000000,0.000000000,0.000000000,0.000000000,9.800000000,1.000000000,0.000000000,0.000000000,0.000000000
10.241665028,0.000000000,0.000000000,0.000000000,0.000000000,0.000000000,9.800000000,1.000000000,0.000000000,0.000000000,0.000000000
10.245831694,0.000000000,0.000000000,0.000000000,0.000000000,0.000000000,9.800000000,1.000000000,0.000000000,0.000000000,0.000000000
10.254165026,0.000000000,0.000000000,0.000000000,0.000000000,0.000000000,9.800000000,1.000000000,0.000000000,0.000000000,0.000000000
10.258331692,0.000000000,0.000000000,0.000000000,0.000000000,0.000000000,9.800000000,1.000000000,0.000000000,0.000000000,0.000000000
10.262498358,0.000000000,0.000000000,0.000000000,0.000000000,0.000000000,9.800000000,1.000000000,0.000000000,0.000000000,0.000000000
10.266665024,0.000000000,0.000000000,0.000000000,0.000000000,0.000000000,9.800000000,1.000000000,0.000000000,0.000000000,0.000000000
10.270831690,0.000000000,0.000000000,0.000000000,0.000000000,0.000000000,9.800000000,1.000000000,0.000000000,0.000000000,0.000000000
10.279165022,0.000000000,0.000000000,0.000000000,0.000000000,0.000000000,9.800000000,1.000000000,0.000000000,0.000000000,0.000000000
10.283331688,0.000000000,0.000000000,0.000000000,0.000000000,0.000000000,9.800000000,1.000000000,0.000000000,0.000000000,0.000000000
10.287498354,0.000000000,0.000000000,0.000000000,0.000000000,0.000000000,9.800000000,1.000000000,0.000000000,0.000000000,0.000000000
10.291665020,0.000000000,0.000000000,0.000000000,0.000000000,0.000000000,9.800000000,1.000000000,0.000000000,0.000000000,0.000000000
10.295831686,0.000000000,0.000000000,0.000000000,0.000000000,0.000000000,9.800000000,1.000000000,0.000000000,0.000000000,0.000000000
10.304165018,0.000000000,0.000000000,0.000000000,0.000000000,0.000000000,9.800000000,1.000000000,0.000000000,0.000000000,0.000000000
10.308331684,0.000000000,0.000000000,0.000000000,0.000000000,0.000000000,9.800000000,1.000000000,0.000000000,0.000000000,0.000000000
10.312498350,0.000000000,0.000000000,0.000000000,0.000000000,0.000000000,9.800000000,1.000000000,0.000000000,0.000000000,0.000000000
10.316665016,0.000000000,0.000000000,0.000000000,0.000000000,0.000000000,9.800000000,1.000000000,0.000000000,0.000000000,0.000000000
10.320831682,0.000000000,0.000000000,0.000000000,0.000000000,0.000000000,9.800000000,1.000000000,0.000000000,0.000000000,0.000000000
10.329165014,0.000000000,0.000000000,0.000000000,0.000000000,0.000000000,9.800000000,1.000000000,0.000000000,0.000000000,0.000000000
10.333331680,0.000000000,0.000000000,0.000000000,0.000000000,0.000000000,9.800000000,1.000000000,0.000000000,0.000000000,0.000000000
10.337498346,0.000000000,0.000000000,0.000000000,0.000000000,0.000000000,9.800000000,1.000000000,0.000000000,0.000000000,0.000000000
10.341665012,0.000000000,0.000000000,0.000000000,0.000000000,0.000000000,9.800000000,1.000000000,0.000000000,0.000000000,0.000000000
10.345831678,0.000000000,0.000000000,0.000000000,0.000000000,0.000000000,9.800000000,1.000000000,0.000000000,0.000000000,0.000000000
10.354165010,0.000000000,0.000000000,0.000000000,0.000000000,0.000000000,9.800000000,1.000000000,0.000000000,0.000000000,0.000000000
10.358331676,0.000000000,0.000000000,0.000000000,0.000000000,0.000000000,9.800000000,1.000000000,0.000000000,0.000000000,0.000000000
10.362498342,0.000000000,0.000000000,0.000000000,0.000000000,0.000000000,9.800000000,1.000000000,0.000000000,0.000000000,0.000000000
10.366665008,0.000000000,0.000000000,0.000000000,0.000000000,0.000000000,9.800000000,1.000000000,0.000000000,0.000000000,0.000000000
10.370831674,0.000000000,0.000000000,0.000000000,0.000000000,0.000000000,9.800000000,1.000000000,0.000000000,0.000000000,0.000000000
10.379165006,0.000000000,0.000000000,0.000000000,0.000000000,0.000000000,9.800000000,1.000000000,0.000000000,0.000000000,0.000000000
10.383331672,0.000000000,0.000000000,0.000000000,0.000000000,0.000000000,9.800000000,1.000000000,0.000000000,0.000000000,0.000000000
10.387498338,0.000000000,0.000000000,0.000000000,0.000000000,0.000000000,9.800000000,1.000000000,0.000000000,0.000000000,0.000000000
10.391665004,0.000000000,0.000000000,0.000000000,0.000000000,0.000000000,9.800000000,1.000000000,0.000000000,0.000000000,0.000000000
10.395831670,0.000000000,0.000000000,0.000000000,0.000000000,0.000000000,9.800000000,1.000000000,0.000000000,0.000000000,0.000000000
10.404165002,0.000000000,0.000000000,0.000000000,0.000000000,0.000000000,9.800000000,1.000000000,0.000000000,0.000000000,0.000000000
10.408331668,0.000000000,0.000000000,0.000000000,0.000000000,0.000000000,9.800000000,1.000000000,0.000000000,0.000000000,0.000000000
10.412498334,0.000000000,0.000000000,0.000000000,0.000000000,0.000000000,9.800000000,1.000000000,0.000000000,0.000000000,0.000000000
10.416665000,0.000000000,0.000000000,0.000000000,0.000000000,0.000000000,9.800000000,1.000000000,0.000000000,0.000000000,0.000000000
10.420831666,0.000000000,0.000000000,0.000000000,0.000000000,0.000000000,9.800000000,1.000000000,0.000000000,0.000000000,0.000000000
10.429164998,0.000000000,0.000000000,0.000000000,0.000000000,0.000000000,9.800000000,1.000000000,0.000000000,0.000000000,0.000000000
10.433331664,0.000000000,0.000000000,0.000000000,0.000000000,0.000000000,9.800000000,1.000000000,0.000000000,0.000000000,0.000000000
10.437498330,0.000000000,0.000000000,0.000000000,0.000000000,0.000000000,9.800000000,1.000000000,0.000000000,0.000000000,0.000000000
10.441664996,0.000000000,0.000000000,0.000000000,0.000000000,0.000000000,9.800000000,1.000000000,0.000000000,0.000000000,0.000000000
10.445831662,0.000000000,0.000000000,0.000000000,0.000000000,0.000000000,9.800000000,1.000000000,0.000000000,0.000000000,0.000000000
10.454164994,0.000000000,0.000000000,0.000000000,0.000000000,0.000000000,9.800000000,1.000000000,0.000000000,0.000000000,0.000000000
10.458331660,0.000000000,0.000000000,0.000000000,0.000000000,0.000000000,9.800000000,1.000000000,0.000000000,0.000000000,0.000000000
10.462498326,0.000000000,0.000000000,0.000000000,0.000000000,0.000000000,9.800000000,1.000000000,0.000000000,0.000000000,0.000000000
10.466664992,0.000000000,0.000000000,0.000000000,0.000000000,0.000000000,9.800000000,1.000000000,0.000000000,0.000000000,0.000000000
10.470831658,0.000000000,0.000000000,0.000000000,0.000000000,0.000000000,9.800000000,1.000000000,0.000000000,0.000000000,0.000000000
10.479164990,0.000000000,0.000000000,0.000000000,0.000000000,0.000000000,9.800000000,1.000000000,0.000000000,0.000000000,0.000000000
10.483331656,0.000000000,0.000000000,0.000000000,0.000000000,0.000000000,9.800000000,1.000000000,0.000000000,0.000000000,0.000000000
10.487498322,0.000000000,0.000000000,0.000000000,0.000000000,0.000000000,9.800000000,1.000000000,0.000000000,0.000000000,0.000000000
10.491664988,0.000000000,0.000000000,0.000000000,0.000000000,0.000000000,9.800000000,1.000000000,0.000000000,0.000000000,0.000000000
10.495831654,0.000000000,0.000000000,0.000000000,0.000000000,0.000000000,9.800000000,1.000000000,0.000000000,0.000000000,0.000000000
10.504164986,0.000000000,0.000000000,0.000000000,0.000000000,0.000000000,9.800000000,1.000000000,0.000000000,0.000000000,0.000000000
10.508331652,0.000000000,0.000000000,0.000000000,0.000000000,0.000000000,9.800000000,1.000000000,0.000000000,0.000000000,0.000000000
10.512498318,0.000000000,0.000000000,0.000000000,0.000000000,0.000000000,9.800000000,1.000000000,0.000000000,0.000000000,0.000000000
10.516664984,0.000000000,0.000000000,0.000000000,0.000000000,0.000000000,9.800000000,1.000000000,0.000000000,0.000000000,0.000000000
10.520831650,0.000000000,0.000000000,0.000000000,0.000000000,0.000000000,9.800000000,1.000000000,0.000000000,0.000000000,0.000000000
10.529164982,0.000000000,0.000000000,0.000000000,0.000000000,0.000000000,9.800000000,1.000000000,0.000000000,0.000000000,0.000000000
10.533331648,0.000000000,0.000000000,0.000000000,0.000000000,0.000000000,9.800000000,1.000000000,0.000000000,0.000000000,0.000000000
10.537498314,0.000000000,0.000000000,0.000000000,0.000000000,0.000000000,9.800000000,1.000000000,0.000000000,0.000000000,0.000000000
10.541664980,0.000000000,0.000000000,0.000000000,0.000000000,0.000000000,9.800000000,1.000000000,0.000000000,0.000000000,0.000000000
10.545831646,0.000000000,0.000000000,0.000000000,0.000000000,0.000000000,9.800000000,1.000000000,0.000000000,0.000000000,0.000000000
10.554164978,0.000000000,0.000000000,0.000000000,0.000000000,0.000000000,9.800000000,1.000000000,0.000000000,0.000000000,0.000000000
10.558331644,0.000000000,0.000000000,0.000000000,0.000000000,0.000000000,9.800000000,1.000000000,0.000000000,0.000000000,0.000000000
10.562498310,0.000000000,0.000000000,0.000000000,0.000000000,0.000000000,9.800000000,1.000000000,0.000000000,0.000000000,0.000000000
10.566664976,0.000000000,0.000000000,0.000000000,0.000000000,0.000000000,9.800000000,1.000000000,0.000000000,0.000000000,0.000000000
10.570831642,0.000000000,0.000000000,0.000000000,0.000000000,0.000000000,9.800000000,1.000000000,0.000000000,0.000000000,0.000000000
10.579164974,0.000000000,0.000000000,0.000000000,0.000000000,0.000000000,9.800000000,1.000000000,0.000000000,0.000000000,0.000000000
10.583331640,0.000000000,0.000000000,0.000000000,0.000000000,0.000000000,9.800000000,1.000000000,0.000000000,0.000000000,0.000000000
10.587498306,0.000000000,0.000000000,0.000000000,0.000000000,0.000000000,9.800000000,1.000000000,0.000000000,0.000000000,0.000000000
10.591664972,0.000000000,0.000000000,0.000000000,0.000000000,0.000000000,9.800000000,1.000000000,0.000000000,0.000000000,0.000000000
10.595831638,0.000000000,0.000000000,0.000000000,0.000000000,0.000000000,9.800000000,1.000000000,0.000000000,0.000000000,0.000000000
10.604164970,0.000000000,0.000000000,0.000000000,0.000000000,0.000000000,9.800000000,1.000000000,0.000000000,0.000000000,0.000000000
10.608331636,0.000000000,0.000000000,0.000000000,0.000000000,0.000000000,9.800000000,1.000000000,0.000000000,0.000000000,0.000000000
10.612498302,0.000000000,0.000000000,0.000000000,0.000000000,0.000000000,9.800000000,1.000000000,0.000000000,0.000000000,0.000000000
10.616664968,0.000000000,0.000000000,0.000000000,0.000000000,0.000000000,9.800000000,1.000000000,0.000000000,0.000000000,0.000000000
10.620831634,0.000000000,0.000000000,0.000000000,0.000000000,0.000000000,9.800000000,1.000000000,0.000000000,0.000000000,0.000000000
10.629164966,0.000000000,0.000000000,0.000000000,0.000000000,0.000000000,9.800000000,1.000000000,0.000000000,0.000000000,0.000000000
10.633331632,0.000000000,0.000000000,0.000000000,0.000000000,0.000000000,9.800000000,1.000000000,0.000000000,0.000000000,0.000000000
10.637498298,0.000000000,0.000000000,0.000000000,0.000000000,0.000000000,9.800000000,1.000000000,0.000000000,0.000000000,0.000000000
10.641664964,0.000000000,0.000000000,0.000000000,0.000000000,0.000000000,9.800000000,1.000000000,0.000000000,0.000000000,0.000000000
10.645831630,0.000000000,0.000000000,0.000000000,0.000000000,0.000000000,9.800000000,1.000000000,0.000000000,0.000000000,0.000000000
10.654164962,0.000000000,0.000000000,0.000000000,0.000000000,0.000000000,9.800000000,1.000000000,0.000000000,0.000000000,0.000000000
10.658331628,0.000000000,0.000000000,0.000000000,0.000000000,0.000000000,9.800000000,1.000000000,0.000000000,0.000000000,0.000000000
10.662498294,0.000000000,0.000000000,0.000000000,0.000000000,0.000000000,9.800000000,1.000000000,0.000000000,0.000000000,0.000000000
10.666664960,0.000000000,0.000000000,0.000000000,0.000000000,0.000000000,9.800000000,1.000000000,0.000000000,0.000000000,0.000000000
10.670831626,0.000000000,0.000000000,0.000000000,0.000000000,0.000000000,9.800000000,1.000000000,0.000000000,0.000000000,0.000000000
10.679164958,0.000000000,0.000000000,0.000000000,0.000000000,0.000000000,9.800000000,1.000000000,0.000000000,0.000000000,0.000000000
10.683331624,0.000000000,0.000000000,0.000000000,0.000000000,0.000000000,9.800000000,1.000000000,0.000000000,0.000000000,0.000000000
10.687498290,0.000000000,0.000000000,0.000000000,0.000000000,0.000000000,9.800000000,1.000000000,0.000000000,0.000000000,0.000000000
10.691664956,0.000000000,0.000000000,0.000000000,0.000000000,0.000000000,9.800000000,1.000000000,0.000000000,0.000000000,0.000000000
10.695831622,0.000000000,0.000000000,0.000000000,0.000000000,0.000000000,9.800000000,1.000000000,0.000000000,0.000000000,0.000000000
10.704164954,0.000000000,0.000000000,0.000000000,0.000000000,0.000000000,9.800000000,1.000000000,0.000000000,0.000000000,0.000000000
10.708331620,0.000000000,0.000000000,0.000000000,0.000000000,0.000000000,9.800000000,1.000000000,0.000000000,0.000000000,0.000000000
10.712498286,0.000000000,0.000000000,0.000000000,0.000000000,0.000000000,9.800000000,1.000000000,0.000000000,0.000000000,0.000000000
10.716664952,0.000000000,0.000000000,0.000000000,0.000000000,0.000000000,9.800000000,1.000000000,0.000000000,0.000000000,0.000000000
10.720831618,0.000000000,0.000000000,0.000000000,0.000000000,0.000000000,9.800000000,1.000000000,0.000000000,0.000000000,0.000000000
10.729164950,0.000000000,0.000000000,0.000000000,0.000000000,0.000000000,9.800000000,1.000000000,0.000000000,0.000000000,0.000000000
10.733331616,0.000000000,0.000000000,0.000000000,0.000000000,0.000000000,9.800000000,1.000000000,0.000000000,0.000000000,0.000000000
10.737498282,0.000000000,0.000000000,0.000000000,0.000000000,0.000000000,9.800000000,1.000000000,0.000000000,0.000000000,0.000000000
10.741664948,0.000000000,0.000000000,0.000000000,0.000000000,0.000000000,9.800000000,1.000000000,0.000000000,0.000000000,0.000000000
10.745831614,0.000000000,0.000000000,0.000000000,0.000000000,0.000000000,9.800000000,1.000000000,0.000000000,0.000000000,0.000000000
10.754164946,0.000000000,0.000000000,0.000000000,0.000000000,0.000000000,9.800000000,1.000000000,0.000000000,0.000000000,0.000000000
10.758331612,0.000000000,0.000000000,0.000000000,0.000000000,0.000000000,9.800000000,1.000000000,0.000000000,0.000000000,0.000000000
10.762498278,0.000000000,0.000000000,0.000000000,0.000000000,0.000000000,9.800000000,1.000000000,0.000000000,0.000000000,0.000000000
10.766664944,0.000000000,0.000000000,0.000000000,0.000000000,0.000000000,9.800000000,1.000000000,0.000000000,0.000000000,0.000000000
10.770831610,0.000000000,0.000000000,0.000000000,0.000000000,0.000000000,9.800000000,1.000000000,0.000000000,0.000000000,0.000000000
10.779164942,0.000000000,0.000000000,0.000000000,0.000000000,0.000000000,9.800000000,1.000000000,0.000000000,0.000000000,0.000000000
10.783331608,0.000000000,0.000000000,0.000000000,0.000000000,0.000000000,9.800000000,1.000000000,0.000000000,0.000000000,0.000000000
10.787498274,0.000000000,0.000000000,0.000000000,0.000000000,0.000000000,9.800000000,1.000000000,0.000000000,0.000000000,0.000000000
10.791664940,0.000000000,0.000000000,0.000000000,0.000000000,0.000000000,9.800000000,1.000000000,0.000000000,0.000000000,0.000000000
10.795831606,0.000000000,0.000000000,0.000000000,0.000000000,0.000000000,9.800000000,1.000000000,0.000000000,0.000000000,0.000000000
10.804164938,0.000000000,0.000000000,0.000000000,0.000000000,0.000000000,9.800000000,1.000000000,0.000000000,0.000000000,0.000000000
10.808331604,0.000000000,0.000000000,0.000000000,0.000000000,0.000000000,9.800000000,1.000000000,0.000000000,0.000000000,0.000000000
10.812498270,0.000000000,0.000000000,0.000000000,0.000000000,0.000000000,9.800000000,1.000000000,0.000000000,0.000000000,0.000000000
10.816664936,0.000000000,0.000000000,0.000000000,0.000000000,0.000000000,9.800000000,1.000000000,0.000000000,0.000000000,0.000000000
10.820831602,0.000000000,0.000000000,0.000000000,0.000000000,0.000000000,9.800000000,1.000000000,0.000000000,0.000000000,0.000000000
10.829164934,0.000000000,0.000000000,0.000000000,0.000000000,0.000000000,9.800000000,1.000000000,0.000000000,0.000000000,0.000000000
10.833331600,0.000000000,0.000000000,0.000000000,0.000000000,0.000000000,9.800000000,1.000000000,0.000000000,0.000000000,0.000000000
10.837498266,0.000000000,0.000000000,0.000000000,0.000000000,0.000000000,9.800000000,1.000000000,0.000000000,0.000000000,0.000000000
10.841664932,0.000000000,0.000000000,0.000000000,0.000000000,0.000000000,9.800000000,1.000000000,0.000000000,0.000000000,0.000000000
10.845831598,0.000000000,0.000000000,0.000000000,0.000000000,0.000000000,9.800000000,1.000000000,0.000000000,0.000000000,0.000000000
10.854164930,0.000000000,0.000000000,0.000000000,0.000000000,0.000000000,9.800000000,1.000000000,0.000000000,0.000000000,0.000000000
10.858331596,0.000000000,0.000000000,0.000000000,0.000000000,0.000000000,9.800000000,1.000000000,0.000000000,0.000000000,0.000000000
10.862498262,0.000000000,0.000000000,0.000000000,0.000000000,0.000000000,9.800000000,1.000000000,0.000000000,0.000000000,0.000000000
10.866664928,0.000000000,0.000000000,0.000000000,0.000000000,0.000000000,9.800000000,1.000000000,0.000000000,0.000000000,0.000000000
10.870831594,0.000000000,0.000000000,0.000000000,0.000000000,0.000000000,9.800000000,1.000000000,0.000000000,0.000000000,0.000000000
10.879164926,0.000000000,0.000000000,0.000000000,0.000000000,0.000000000,9.800000000,1.000000000,0.000000000,0.000000000,0.000000000
10.883331592,0.000000000,0.000000000,0.000000000,0.000000000,0.000000000,9.800000000,1.000000000,0.000000000,0.000000000,0.000000000
10.887498258,0.000000000,0.000000000,0.000000000,0.000000000,0.000000000,9.800000000,1.000000000,0.000000000,0.000000000,0.000000000
10.891664924,0.000000000,0.000000000,0.000000000,0.000000000,0.000000000,9.800000000,1.000000000,0.000000000,0.000000000,0.000000000
10.895831590,0.000000000,0.000000000,0.000000000,0.000000000,0.000000000,9.800000000,1.000000000,0.000000000,0.000000000,0.000000000
10.904164922,0.000000000,0.000000000,0.000000000,0.000000000,0.000000000,9.800000000,1.000000000,0.000000000,0.000000000,0.000000000
10.908331588,0.000000000,0.000000000,0.000000000,0.000000000,0.000000000,9.800000000,1.000000000,0.000000000,0.000000000,0.000000000
10.912498254,0.000000000,0.000000000,0.000000000,0.000000000,0.000000000,9.800000000,1.000000000,0.000000000,0.000000000,0.000000000
10.916664920,0.000000000,0.000000000,0.000000000,0.000000000,0.000000000,9.800000000,1.000000000,0.000000000,0.000000000,0.000000000
10.920831586,0.000000000,0.000000000,0.000000000,0.000000000,0.000000000,9.800000000,1.000000000,0.000000000,0.000000000,0.000000000
10.929164918,0.000000000,0.000000000,0.000000000,0.000000000,0.000000000,9.800000000,1.000000000,0.000000000,0.000000000,0.000000000
10.933331584,0.000000000,0.000000000,0.000000000,0.000000000,0.000000000,9.800000000,1.000000000,0.000000000,0.000000000,0.000000000
10.937498250,0.000000000,0.000000000,0.000000000,0.000000000,0.000000000,9.800000000,1.000000000,0.000000000,0.000000000,0.000000000
10.941664916,0.000000000,0.000000000,0.000000000,0.000000000,0.000000000,9.800000000,1.000000000,0.000000000,0.000000000,0.000000000
10.945831582,0.000000000,0.000000000,0.000000000,0.000000000,0.000000000,9.800000000,1.000000000,0.000000000,0.000000000,0.000000000
10.954164914,0.000000000,0.000000000,0.000000000,0.000000000,0.000000000,9.800000000,1.000000000,0.000000000,0.000000000,0.000000000
10.958331580,0.000000000,0.000000000,0.000000000,0.000000000,0.000000000,9.800000000,1.000000000,0.000000000,0.000000000,0.000000000
10.962498246,0.000000000,0.000000000,0.000000000,0.000000000,0.000000000,9.800000000,1.000000000,0.000000000,0.000000000,0.000000000
10.966664912,0.000000000,0.000000000,0.000000000,0.000000000,0.000000000,9.800000000,1.000000000,0.000000000,0.000000000,0.000000000
10.970831578,0.000000000,0.000000000,0.000000000,0.000000000,0.000000000,9.800000000,1.000000000,0.000000000,0.000000000,0.000000000
10.979164910,0.000000000,0.000000000,0.000000000,0.000000000,0.000000000,9.800000000,1.000000000,0.000000000,0.000000000,0.000000000
10.983331576,0.000000000,0.000000000,0.000000000,0.000000000,0.000000000,9.800000000,1.000000000,0.000000000,0.000000000,0.000000000
10.987498242,0.000000000,0.000000000,0.000000000,0.000000000,0.000000000,9.800000000,1.000000000,0.000000000,0.000000000,0.000000000
10.991664908,0.000000000,0.000000000,0.000000000,0.000000000,0.000000000,9.800000000,1.000000000,0.000000000,0.000000000,0.000000000
10.995831574,0.000000000,0.000000000,0.000000000,0.000000000,0.000000000,9.800000000,1.000000000,0.000000000,0.000000000,0.000000000
11.004164906,0.000000000,0.000000000,0.000000000,0.000000000,0.000000000,9.800000000,1.000000000,0.000000000,0.000000000,0.000000000
11.008331572,0.000000000,0.000000000,0.000000000,0.000000000,0.000000000,9.800000000,1.000000000,0.000000000,0.000000000,0.000000000
11.012498238,0.000000000,0.000000000,0.000000000,0.000000000,0.000000000,9.800000000,1.000000000,0.000000000,0.000000000,0.000000000
11.016664904,0.000000000,0.000000000,0.000000000,0.000000000,0.000000000,9.800000000,1.000000000,0.000000000,0.000000000,0.000000000
11.020831570,0.000000000,0.000000000,0.000000000,0.000000000,0.000000000,9.800000000,1.000000000,0.000000000,0.000000000,0.000000000
11.029164902,0.000000000,0.000000000,0.000000000,0.000000000,0.000000000,9.800000000,1.000000000,0.000000000,0.000000000,0.000000000
11.033331568,0.000000000,0.000000000,0.000000000,0.000000000,0.000000000,9.800000000,1.000000000,0.000000000,0.000000000,0.000000000
11.037498234,0.000000000,0.000000000,0.000000000,0.000000000,0.000000000,9.800000000,1.000000000,0.000000000,0.000000000,0.000000000
11.041664900,0.000000000,0.000000000,0.000000000,0.000000000,0.000000000,9.800000000,1.000000000,0.000000000,0.000000000,0.000000000
11.045831566,0.000000000,0.000000000,0.000000000,0.000000000,0.000000000,9.800000000,1.000000000,0.000000000,0.000000000,0.000000000
11.054164898,0.000000000,0.000000000,0.000000000,0.000000000,0.000000000,9.800000000,1.000000000,0.000000000,0.000000000,0.000000000
11.058331564,0.000000000,0.000000000,0.000000000,0.000000000,0.000000000,9.800000000,1.000000000,0.000000000,0.000000000,0.000000000
11.062498230,0.000000000,0.000000000,0.000000000,0.000000000,0.000000000,9.800000000,1.000000000,0.000000000,0.000000000,0.000000000
11.066664896,0.000000000,0.000000000,0.000000000,0.000000000,0.000000000,9.800000000,1.000000000,0.000000000,0.000000000,0.000000000
11.070831562,0.000000000,0.000000000,0.000000000,0.000000000,0.000000000,9.800000000,1.000000000,0.000000000,0.000000000,0.000000000
11.079164894,0.000000000,0.000000000,0.000000000,0.000000000,0.000000000,9.800000000,1.000000000,0.000000000,0.000000000,0.000000000
11.083331560,0.000000000,0.000000000,0.000000000,0.000000000,0.000000000,9.800000000,1.000000000,0.000000000,0.000000000,0.000000000
11.087498226,0.000000000,0.000000000,0.000000000,0.000000000,0.000000000,9.800000000,1.000000000,0.000000000,0.000000000,0.000000000
11.091664892,0.000000000,0.000000000,0.000000000,0.000000000,0.000000000,9.800000000,1.000000000,0.000000000,0.000000000,0.000000000
11.095831558,0.000000000,0.000000000,0.000000000,0.000000000,0.000000000,9.800000000,1.000000000,0.000000000,0.000000000,0.000000000
11.104164890,0.000000000,0.000000000,0.000000000,0.000000000,0.000000000,9.800000000,1.000000000,0.000000000,0.000000000,0.000000000
11.108331556,0.000000000,0.000000000,0.000000000,0.000000000,0.000000000,9.800000000,1.000000000,0.000000000,0.000000000,0.000000000
11.112498222,0.000000000,0.000000000,0.000000000,0.000000000,0.000000000,9.800000000,1.000000000,0.000000000,0.000000000,0.000000000
11.116664888,0.000000000,0.000000000,0.000000000,0.000000000,0.000000000,9.800000000,1.000000000,0.000000000,0.000000000,0.000000000
11.120831554,0.000000000,0.000000000,0.000000000,0.000000000,0.000000000,9.800000000,1.000000000,0.000000000,0.000000000,0.000000000
11.129164886,0.000000000,0.000000000,0.000000000,0.000000000,0.000000000,9.800000000,1.000000000,0.000000000,0.000000000,0.000000000
11.133331552,0.000000000,0.000000000,0.000000000,0.000000000,0.000000000,9.800000000,1.000000000,0.000000000,0.000000000,0.000000000
11.137498218,0.000000000,0.000000000,0.000000000,0.000000000,0.000000000,9.800000000,1.000000000,0.000000000,0.000000000,0.000000000
11.141664884,0.000000000,0.000000000,0.000000000,0.000000000,0.000000000,9.800000000,1.000000000,0.000000000,0.000000000,0.000000000
11.145831550,0.000000000,0.000000000,0.000000000,0.000000000,0.000000000,9.800000000,1.000000000,0.000000000,0.000000000,0.000000000
11.154164882,0.000000000,0.000000000,0.000000000,0.000000000,0.000000000,9.800000000,1.000000000,0.000000000,0.000000000,0.000000000
11.158331548,0.000000000,0.000000000,0.000000000,0.000000000,0.000000000,9.800000000,1.000000000,0.000000000,0.000000000,0.000000000
11.162498214,0.000000000,0.000000000,0.000000000,0.000000000,0.000000000,9.800000000,1.000000000,0.000000000,0.000000000,0.000000000
11.166664880,0.000000000,0.000000000,0.000000000,0.000000000,0.000000000,9.800000000,1.000000000,0.000000000,0.000000000,0.000000000
11.170831546,0.000000000,0.000000000,0.000000000,0.000000000,0.000000000,9.800000000,1.000000000,0.000000000,0.000000000,0.000000000
11.179164878,0.000000000,0.000000000,0.000000000,0.000000000,0.000000000,9.800000000,1.000000000,0.000000000,0.000000000,0.000000000
11.183331544,0.000000000,0.000000000,0.000000000,0.000000000,0.000000000,9.800000000,1.000000000,0.000000000,0.000000000,0.000000000
11.187498210,0.000000000,0.000000000,0.000000000,0.000000000,0.000000000,9.800000000,1.000000000,0.000000000,0.000000000,0.000000000
11.191664876,0.000000000,0.000000000,0.000000000,0.000000000,0.000000000,9.800000000,1.000000000,0.000000000,0.000000000,0.000000000
11.195831542,0.000000000,0.000000000,0.000000000,0.000000000,0.000000000,9.800000000,1.000000000,0.000000000,0.000000000,0.000000000
11.204164874,0.000000000,0.000000000,0.000000000,0.000000000,0.000000000,9.800000000,1.000000000,0.000000000,0.000000000,0.000000000
11.208331540,0.000000000,0.000000000,0.000000000,0.000000000,0.000000000,9.800000000,1.000000000,0.000000000,0.000000000,0.000000000
11.212498206,0.000000000,0.000000000,0.000000000,0.000000000,0.000000000,9.800000000,1.000000000,0.000000000,0.000000000,0.000000000
11.216664872,0.000000000,0.000000000,0.000000000,0.000000000,0.000000000,9.800000000,1.000000000,0.000000000,0.000000000,0.000000000
11.220831538,0.000000000,0.000000000,0.000000000,0.000000000,0.000000000,9.800000000,1.000000000,0.000000000,0.000000000,0.000000000
11.229164870,0.000000000,0.000000000,0.000000000,0.000000000,0.000000000,9.800000000,1.000000000,0.000000000,0.000000000,0.000000000
11.233331536,0.000000000,0.000000000,0.000000000,0.000000000,0.000000000,9.800000000,1.000000000,0.000000000,0.000000000,0.000000000
11.237498202,0.000000000,0.000000000,0.000000000,0.000000000,0.000000000,9.800000000,1.000000000,0.000000000,0.000000000,0.000000000
11.241664868,0.000000000,0.000000000,0.000000000,0.000000000,0.000000000,9.800000000,1.000000000,0.000000000,0.000000000,0.000000000
11.245831534,0.000000000,0.000000000,0.000000000,0.000000000,0.000000000,9.800000000,1.000000000,0.000000000,0.000000000,0.000000000
11.254164866,0.000000000,0.000000000,0.000000000,0.000000000,0.000000000,9.800000000,1.000000000,0.000000000,0.000000000,0.000000000
11.258331532,0.000000000,0.000000000,0.000000000,0.000000000,0.000000000,9.800000000,1.000000000,0.000000000,0.000000000,0.000000000
11.262498198,0.000000000,0.000000000,0.000000000,0.000000000,0.000000000,9.800000000,1.000000000,0.000000000,0.000000000,0.000000000
11.266664864,0.000000000,0.000000000,0.000000000,0.000000000,0.000000000,9.800000000,1.000000000,0.000000000,0.000000000,0.000000000
11.270831530,0.000000000,0.000000000,0.000000000,0.000000000,0.000000000,9.800000000,1.000000000,0.000000000,0.000000000,0.000000000
11.279164862,0.000000000,0.000000000,0.000000000,0.000000000,0.000000000,9.800000000,1.000000000,0.000000000,0.000000000,0.000000000
11.283331528,0.000000000,0.000000000,0.000000000,0.000000000,0.000000000,9.800000000,1.000000000,0.000000000,0.000000000,0.000000000
11.287498194,0.000000000,0.000000000,0.000000000,0.000000000,0.000000000,9.800000000,1.000000000,0.000000000,0.000000000,0.000000000
11.291664860,0.000000000,0.000000000,0.000000000,0.000000000,0.000000000,9.800000000,1.000000000,0.000000000,0.000000000,0.000000000
11.295831526,0.000000000,0.000000000,0.000000000,0.000000000,0.000000000,9.800000000,1.000000000,0.000000000,0.000000000,0.000000000
11.304164858,0.000000000,0.000000000,0.000000000,0.000000000,0.000000000,9.800000000,1.000000000,0.000000000,0.000000000,0.000000000
11.308331524,0.000000000,0.000000000,0.000000000,0.000000000,0.000000000,9.800000000,1.000000000,0.000000000,0.000000000,0.000000000
11.312498190,0.000000000,0.000000000,0.000000000,0.000000000,0.000000000,9.800000000,1.000000000,0.000000000,0.000000000,0.000000000
11.316664856,0.000000000,0.000000000,0.000000000,0.000000000,0.000000000,9.800000000,1.000000000,0.000000000,0.000000000,0.000000000
11.320831522,0.000000000,0.000000000,0.000000000,0.000000000,0.000000000,9.800000000,1.000000000,0.000000000,0.000000000,0.000000000
11.329164854,0.000000000,0.000000000,0.000000000,0.000000000,0.000000000,9.800000000,1.000000000,0.000000000,0.000000000,0.000000000
11.333331520,0.000000000,0.000000000,0.000000000,0.000000000,0.000000000,9.800000000,1.000000000,0.000000000,0.000000000,0.000000000
11.337498186,0.000000000,0.000000000,0.000000000,0.000000000,0.000000000,9.800000000,1.000000000,0.000000000,0.000000000,0.000000000
11.341664852,0.000000000,0.000000000,0.000000000,0.000000000,0.000000000,9.800000000,1.000000000,0.000000000,0.000000000,0.000000000
11.345831518,0.000000000,0.000000000,0.000000000,0.000000000,0.000000000,9.800000000,1.000000000,0.000000000,0.000000000,0.000000000
11.354164850,0.000000000,0.000000000,0.000000000,0.000000000,0.000000000,9.800000000,1.000000000,0.000000000,0.000000000,0.000000000
11.358331516,0.000000000,0.000000000,0.000000000,0.000000000,0.000000000,9.800000000,1.000000000,0.000000000,0.000000000,0.000000000
11.362498182,0.000000000,0.000000000,0.000000000,0.000000000,0.000000000,9.800000000,1.000000000,0.000000000,0.000000000,0.000000000
11.366664848,0.000000000,0.000000000,0.000000000,0.000000000,0.000000000,9.800000000,1.000000000,0.000000000,0.000000000,0.000000000
11.370831514,0.000000000,0.000000000,0.000000000,0.000000000,0.000000000,9.800000000,1.000000000,0.000000000,0.000000000,0.000000000
11.379164846,0.000000000,0.000000000,0.000000000,0.000000000,0.000000000,9.800000000,1.000000000,0.000000000,0.000000000,0.000000000
11.383331512,0.000000000,0.000000000,0.000000000,0.000000000,0.000000000,9.800000000,1.000000000,0.000000000,0.000000000,0.000000000
11.387498178,0.000000000,0.000000000,0.000000000,0.000000000,0.000000000,9.800000000,1.000000000,0.000000000,0.000000000,0.000000000
11.391664844,0.000000000,0.000000000,0.000000000,0.000000000,0.000000000,9.800000000,1.000000000,0.000000000,0.000000000,0.000000000
11.395831510,0.000000000,0.000000000,0.000000000,0.000000000,0.000000000,9.800000000,1.000000000,0.000000000,0.000000000,0.000000000
11.404164842,0.000000000,0.000000000,0.000000000,0.000000000,0.000000000,9.800000000,1.000000000,0.000000000,0.000000000,0.000000000
11.408331508,0.000000000,0.000000000,0.000000000,0.000000000,0.000000000,9.800000000,1.000000000,0.000000000,0.000000000,0.000000000
11.412498174,0.000000000,0.000000000,0.000000000,0.000000000,0.000000000,9.800000000,1.000000000,0.000000000,0.000000000,0.000000000
11.416664840,0.000000000,0.000000000,0.000000000,0.000000000,0.000000000,9.800000000,1.000000000,0.000000000,0.000000000,0.000000000
11.420831506,0.000000000,0.000000000,0.000000000,0.000000000,0.000000000,9.800000000,1.000000000,0.000000000,0.000000000,0.000000000
11.429164838,0.000000000,0.000000000,0.000000000,0.000000000,0.000000000,9.800000000,1.000000000,0.000000000,0.000000000,0.000000000
11.433331504,0.000000000,0.000000000,0.000000000,0.000000000,0.000000000,9.800000000,1.000000000,0.000000000,0.000000000,0.000000000
11.437498170,0.000000000,0.000000000,0.000000000,0.000000000,0.000000000,9.800000000,1.000000000,0.000000000,0.000000000,0.000000000
11.441664836,0.000000000,0.000000000,0.000000000,0.000000000,0.000000000,9.800000000,1.000000000,0.000000000,0.000000000,0.000000000
11.445831502,0.000000000,0.000000000,0.000000000,0.000000000,0.000000000,9.800000000,1.000000000,0.000000000,0.000000000,0.000000000
11.454164834,0.000000000,0.000000000,0.000000000,0.000000000,0.000000000,9.800000000,1.000000000,0.000000000,0.000000000,0.000000000
11.458331500,0.000000000,0.000000000,0.000000000,0.000000000,0.000000000,9.800000000,1.000000000,0.000000000,0.000000000,0.000000000
11.462498166,0.000000000,0.000000000,0.000000000,0.000000000,0.000000000,9.800000000,1.000000000,0.000000000,0.000000000,0.000000000
11.466664832,0.000000000,0.000000000,0.000000000,0.000000000,0.000000000,9.800000000,1.000000000,0.000000000,0.000000000,0.000000000
11.470831498,0.000000000,0.000000000,0.000000000,0.000000000,0.000000000,9.800000000,1.000000000,0.000000000,0.000000000,0.000000000
11.479164830,0.000000000,0.000000000,0.000000000,0.000000000,0.000000000,9.800000000,1.000000000,0.000000000,0.000000000,0.000000000
11.483331496,0.000000000,0.000000000,0.000000000,0.000000000,0.000000000,9.800000000,1.000000000,0.000000000,0.000000000,0.000000000
11.487498162,0.000000000,0.000000000,0.000000000,0.000000000,0.000000000,9.800000000,1.000000000,0.000000000,0.000000000,0.000000000
11.491664828,0.000000000,0.000000000,0.000000000,0.000000000,0.000000000,9.800000000,1.000000000,0.000000000,0.000000000,0.000000000
11.495831494,0.000000000,0.000000000,0.000000000,0.000000000,0.000000000,9.800000000,1.000000000,0.000000000,0.000000000,0.000000000
11.504164826,0.000000000,0.000000000,0.000000000,0.000000000,0.000000000,9.800000000,1.000000000,0.000000000,0.000000000,0.000000000
11.508331492,0.000000000,0.000000000,0.000000000,0.000000000,0.000000000,9.800000000,1.000000000,0.000000000,0.000000000,0.000000000
11.512498158,0.000000000,0.000000000,0.000000000,0.000000000,0.000000000,9.800000000,1.000000000,0.000000000,0.000000000,0.000000000
11.516664824,0.000000000,0.000000000,0.000000000,0.000000000,0.000000000,9.800000000,1.000000000,0.000000000,0.000000000,0.000000000
11.520831490,0.000000000,0.000000000,0.000000000,0.000000000,0.000000000,9.800000000,1.000000000,0.000000000,0.000000000,0.000000000
11.529164822,0.000000000,0.000000000,0.000000000,0.000000000,0.000000000,9.800000000,1.000000000,0.000000000,0.000000000,0.000000000
11.533331488,0.000000000,0.000000000,0.000000000,0.000000000,0.000000000,9.800000000,1.000000000,0.000000000,0.000000000,0.000000000
11.537498154,0.000000000,0.000000000,0.000000000,0.000000000,0.000000000,9.800000000,1.000000000,0.000000000,0.000000000,0.000000000
11.541664820,0.000000000,0.000000000,0.000000000,0.000000000,0.000000000,9.800000000,1.000000000,0.000000000,0.000000000,0.000000000
11.545831486,0.000000000,0.000000000,0.000000000,0.000000000,0.000000000,9.800000000,1.000000000,0.000000000,0.000000000,0.000000000
11.554164818,0.000000000,0.000000000,0.000000000,0.000000000,0.000000000,9.800000000,1.000000000,0.000000000,0.000000000,0.000000000
11.558331484,0.000000000,0.000000000,0.000000000,0.000000000,0.000000000,9.800000000,1.000000000,0.000000000,0.000000000,0.000000000
11.562498150,0.000000000,0.000000000,0.000000000,0.000000000,0.000000000,9.800000000,1.000000000,0.000000000,0.000000000,0.000000000
11.566664816,0.000000000,0.000000000,0.000000000,0.000000000,0.000000000,9.800000000,1.000000000,0.000000000,0.000000000,0.000000000
11.570831482,0.000000000,0.000000000,0.000000000,0.000000000,0.000000000,9.800000000,1.000000000,0.000000000,0.000000000,0.000000000
11.579164814,0.000000000,0.000000000,0.000000000,0.000000000,0.000000000,9.800000000,1.000000000,0.000000000,0.000000000,0.000000000
11.583331480,0.000000000,0.000000000,0.000000000,0.000000000,0.000000000,9.800000000,1.000000000,0.000000000,0.000000000,0.000000000
11.587498146,0.000000000,0.000000000,0.000000000,0.000000000,0.000000000,9.800000000,1.000000000,0.000000000,0.000000000,0.000000000
11.591664812,0.000000000,0.000000000,0.000000000,0.000000000,0.000000000,9.800000000,1.000000000,0.000000000,0.000000000,0.000000000
11.595831478,0.000000000,0.000000000,0.000000000,0.000000000,0.000000000,9.800000000,1.000000000,0.000000000,0.000000000,0.000000000
11.604164810,0.000000000,0.000000000,0.000000000,0.000000000,0.000000000,9.800000000,1.000000000,0.000000000,0.000000000,0.000000000
11.608331476,0.000000000,0.000000000,0.000000000,0.000000000,0.000000000,9.800000000,1.000000000,0.000000000,0.000000000,0.000000000
11.612498142,0.000000000,0.000000000,0.000000000,0.000000000,0.000000000,9.800000000,1.000000000,0.000000000,0.000000000,0.000000000
11.616664808,0.000000000,0.000000000,0.000000000,0.000000000,0.000000000,9.800000000,1.000000000,0.000000000,0.000000000,0.000000000
11.620831474,0.000000000,0.000000000,0.000000000,0.000000000,0.000000000,9.800000000,1.000000000,0.000000000,0.000000000,0.000000000
11.629164806,0.000000000,0.000000000,0.000000000,0.000000000,0.000000000,9.800000000,1.000000000,0.000000000,0.000000000,0.000000000
11.633331472,0.000000000,0.000000000,0.000000000,0.000000000,0.000000000,9.800000000,1.000000000,0.000000000,0.000000000,0.000000000
11.637498138,0.000000000,0.000000000,0.000000000,0.000000000,0.000000000,9.800000000,1.000000000,0.000000000,0.000000000,0.000000000
11.641664804,0.000000000,0.000000000,0.000000000,0.000000000,0.000000000,9.800000000,1.000000000,0.000000000,0.000000000,0.000000000
11.645831470,0.000000000,0.000000000,0.000000000,0.000000000,0.000000000,9.800000000,1.000000000,0.000000000,0.000000000,0.000000000
11.654164802,0.000000000,0.000000000,0.000000000,0.000000000,0.000000000,9.800000000,1.000000000,0.000000000,0.000000000,0.000000000
11.658331468,0.000000000,0.000000000,0.000000000,0.000000000,0.000000000,9.800000000,1.000000000,0.000000000,0.000000000,0.000000000
11.662498134,0.000000000,0.000000000,0.000000000,0.000000000,0.000000000,9.800000000,1.000000000,0.000000000,0.000000000,0.000000000
11.666664800,0.000000000,0.000000000,0.000000000,0.000000000,0.000000000,9.800000000,1.000000000,0.000000000,0.000000000,0.000000000
11.670831466,0.000000000,0.000000000,0.000000000,0.000000000,0.000000000,9.800000000,1.000000000,0.000000000,0.000000000,0.000000000
11.679164798,0.000000000,0.000000000,0.000000000,0.000000000,0.000000000,9.800000000,1.000000000,0.000000000,0.000000000,0.000000000
11.683331464,0.000000000,0.000000000,0.000000000,0.000000000,0.000000000,9.800000000,1.000000000,0.000000000,0.000000000,0.000000000
11.687498130,0.000000000,0.000000000,0.000000000,0.000000000,0.000000000,9.800000000,1.000000000,0.000000000,0.000000000,0.000000000
11.691664796,0.000000000,0.000000000,0.000000000,0.000000000,0.000000000,9.800000000,1.000000000,0.000000000,0.000000000,0.000000000
11.695831462,0.000000000,0.000000000,0.000000000,0.000000000,0.000000000,9.800000000,1.000000000,0.000000000,0.000000000,0.000000000
11.704164794,0.000000000,0.000000000,0.000000000,0.000000000,0.000000000,9.800000000,1.000000000,0.000000000,0.000000000,0.000000000
11.708331460,0.000000000,0.000000000,0.000000000,0.000000000,0.000000000,9.800000000,1.000000000,0.000000000,0.000000000,0.000000000
11.712498126,0.000000000,0.000000000,0.000000000,0.000000000,0.000000000,9.800000000,1.000000000,0.000000000,0.000000000,0.000000000
11.716664792,0.000000000,0.000000000,0.000000000,0.000000000,0.000000000,9.800000000,1.000000000,0.000000000,0.000000000,0.000000000
11.720831458,0.000000000,0.000000000,0.000000000,0.000000000,0.000000000,9.800000000,1.000000000,0.000000000,0.000000000,0.000000000
11.729164790,0.000000000,0.000000000,0.000000000,0.000000000,0.000000000,9.800000000,1.000000000,0.000000000,0.000000000,0.000000000
11.733331456,0.000000000,0.000000000,0.000000000,0.000000000,0.000000000,9.800000000,1.000000000,0.000000000,0.000000000,0.000000000
11.737498122,0.000000000,0.000000000,0.000000000,0.000000000,0.000000000,9.800000000,1.000000000,0.000000000,0.000000000,0.000000000
11.741664788,0.000000000,0.000000000,0.000000000,0.000000000,0.000000000,9.800000000,1.000000000,0.000000000,0.000000000,0.000000000
11.745831454,0.000000000,0.000000000,0.000000000,0.000000000,0.000000000,9.800000000,1.000000000,0.000000000,0.000000000,0.000000000
11.754164786,0.000000000,0.000000000,0.000000000,0.000000000,0.000000000,9.800000000,1.000000000,0.000000000,0.000000000,0.000000000
11.758331452,0.000000000,0.000000000,0.000000000,0.000000000,0.000000000,9.800000000,1.000000000,0.000000000,0.000000000,0.000000000
11.762498118,0.000000000,0.000000000,0.000000000,0.000000000,0.000000000,9.800000000,1.000000000,0.000000000,0.000000000,0.000000000
11.766664784,0.000000000,0.000000000,0.000000000,0.000000000,0.000000000,9.800000000,1.000000000,0.000000000,0.000000000,0.000000000
11.770831450,0.000000000,0.000000000,0.000000000,0.000000000,0.000000000,9.800000000,1.000000000,0.000000000,0.000000000,0.000000000
11.779164782,0.000000000,0.000000000,0.000000000,0.000000000,0.000000000,9.800000000,1.000000000,0.000000000,0.000000000,0.000000000
11.783331448,0.000000000,0.000000000,0.000000000,0.000000000,0.000000000,9.800000000,1.000000000,0.000000000,0.000000000,0.000000000
11.787498114,0.000000000,0.000000000,0.000000000,0.000000000,0.000000000,9.800000000,1.000000000,0.000000000,0.000000000,0.000000000
11.791664780,0.000000000,0.000000000,0.000000000,0.000000000,0.000000000,9.800000000,1.000000000,0.000000000,0.000000000,0.000000000
11.795831446,0.000000000,0.000000000,0.000000000,0.000000000,0.000000000,9.800000000,1.000000000,0.000000000,0.000000000,0.000000000
11.804164778,0.000000000,0.000000000,0.000000000,0.000000000,0.000000000,9.800000000,1.000000000,0.000000000,0.000000000,0.000000000
11.808331444,0.000000000,0.000000000,0.000000000,0.000000000,0.000000000,9.800000000,1.000000000,0.000000000,0.000000000,0.000000000
11.812498110,0.000000000,0.000000000,0.000000000,0.000000000,0.000000000,9.800000000,1.000000000,0.000000000,0.000000000,0.000000000
11.816664776,0.000000000,0.000000000,0.000000000,0.000000000,0.000000000,9.800000000,1.000000000,0.000000000,0.000000000,0.000000000
11.820831442,0.000000000,0.000000000,0.000000000,0.000000000,0.000000000,9.800000000,1.000000000,0.000000000,0.000000000,0.000000000
11.829164774,0.000000000,0.000000000,0.000000000,0.000000000,0.000000000,9.800000000,1.000000000,0.000000000,0.000000000,0.000000000
11.833331440,0.000000000,0.000000000,0.000000000,0.000000000,0.000000000,9.800000000,1.000000000,0.000000000,0.000000000,0.000000000
11.837498106,0.000000000,0.000000000,0.000000000,0.000000000,0.000000000,9.800000000,1.000000000,0.000000000,0.000000000,0.000000000
11.841664772,0.000000000,0.000000000,0.000000000,0.000000000,0.000000000,9.800000000,1.000000000,0.000000000,0.000000000,0.000000000
11.845831438,0.000000000,0.000000000,0.000000000,0.000000000,0.000000000,9.800000000,1.000000000,0.000000000,0.000000000,0.000000000
11.854164770,0.000000000,0.000000000,0.000000000,0.000000000,0.000000000,9.800000000,1.000000000,0.000000000,0.000000000,0.000000000
11.858331436,0.000000000,0.000000000,0.000000000,0.000000000,0.000000000,9.800000000,1.000000000,0.000000000,0.000000000,0.000000000
11.862498102,0.000000000,0.000000000,0.000000000,0.000000000,0.000000000,9.800000000,1.000000000,0.000000000,0.000000000,0.000000000
11.866664768,0.000000000,0.000000000,0.000000000,0.000000000,0.000000000,9.800000000,1.000000000,0.000000000,0.000000000,0.000000000
11.870831434,0.000000000,0.000000000,0.000000000,0.000000000,0.000000000,9.800000000,1.000000000,0.000000000,0.000000000,0.000000000
11.879164766,0.000000000,0.000000000,0.000000000,0.000000000,0.000000000,9.800000000,1.000000000,0.000000000,0.000000000,0.000000000
11.883331432,0.000000000,0.000000000,0.000000000,0.000000000,0.000000000,9.800000000,1.000000000,0.000000000,0.000000000,0.000000000
11.887498098,0.000000000,0.000000000,0.000000000,0.000000000,0.000000000,9.800000000,1.000000000,0.000000000,0.000000000,0.000000000
11.891664764,0.000000000,0.000000000,0.000000000,0.000000000,0.000000000,9.800000000,1.000000000,0.000000000,0.000000000,0.000000000
11.895831430,0.000000000,0.000000000,0.000000000,0.000000000,0.000000000,9.800000000,1.000000000,0.000000000,0.000000000,0.000000000
11.904164762,0.000000000,0.000000000,0.000000000,0.000000000,0.000000000,9.800000000,1.000000000,0.000000000,0.000000000,0.000000000
11.908331428,0.000000000,0.000000000,0.000000000,0.000000000,0.000000000,9.800000000,1.000000000,0.000000000,0.000000000,0.000000000
11.912498094,0.000000000,0.000000000,0.000000000,0.000000000,0.000000000,9.800000000,1.000000000,0.000000000,0.000000000,0.000000000
11.916664760,0.000000000,0.000000000,0.000000000,0.000000000,0.000000000,9.800000000,1.000000000,0.000000000,0.000000000,0.000000000
11.920831426,0.000000000,0.000000000,0.000000000,0.000000000,0.000000000,9.800000000,1.000000000,0.000000000,0.000000000,0.000000000
11.929164758,0.000000000,0.000000000,0.000000000,0.000000000,0.000000000,9.800000000,1.000000000,0.000000000,0.000000000,0.000000000
11.933331424,0.000000000,0.000000000,0.000000000,0.000000000,0.000000000,9.800000000,1.000000000,0.000000000,0.000000000,0.000000000
11.937498090,0.000000000,0.000000000,0.000000000,0.000000000,0.000000000,9.800000000,1.000000000,0.000000000,0.000000000,0.000000000
11.941664756,0.000000000,0.000000000,0.000000000,0.000000000,0.000000000,9.800000000,1.000000000,0.000000000,0.000000000,0.000000000
11.945831422,0.000000000,0.000000000,0.000000000,0.000000000,0.000000000,9.800000000,1.000000000,0.000000000,0.000000000,0.000000000
11.954164754,0.000000000,0.000000000,0.000000000,0.000000000,0.000000000,9.800000000,1.000000000,0.000000000,0.000000000,0.000000000
11.958331420,0.000000000,0.000000000,0.000000000,0.000000000,0.000000000,9.800000000,1.000000000,0.000000000,0.000000000,0.000000000
11.962498086,0.000000000,0.000000000,0.000000000,0.000000000,0.000000000,9.800000000,1.000000000,0.000000000,0.000000000,0.000000000
11.966664752,0.000000000,0.000000000,0.000000000,0.000000000,0.000000000,9.800000000,1.000000000,0.000000000,0.000000000,0.000000000
11.970831418,0.000000000,0.000000000,0.000000000,0.000000000,0.000000000,9.800000000,1.000000000,0.000000000,0.000000000,0.000000000
11.979164750,0.000000000,0.000000000,0.000000000,0.000000000,0.000000000,9.800000000,1.000000000,0.000000000,0.000000000,0.000000000
11.983331416,0.000000000,0.000000000,0.000000000,0.000000000,0.000000000,9.800000000,1.000000000,0.000000000,0.000000000,0.000000000
11.987498082,0.000000000,0.000000000,0.000000000,0.000000000,0.000000000,9.800000000,1.000000000,0.000000000,0.000000000,0.000000000
11.991664748,0.000000000,0.000000000,0.000000000,0.000000000,0.000000000,9.800000000,1.000000000,0.000000000,0.000000000,0.000000000
11.995831414,0.000000000,0.000000000,0.000000000,0.000000000,0.000000000,9.800000000,1.000000000,0.000000000,0.000000000,0.000000000
12.004164746,0.000000000,0.000000000,0.000000000,0.000000000,0.000000000,9.800000000,1.000000000,0.000000000,0.000000000,0.000000000
12.008331412,0.000000000,0.000000000,0.000000000,0.000000000,0.000000000,9.800000000,1.000000000,0.000000000,0.000000000,0.000000000
12.012498078,0.000000000,0.000000000,0.000000000,0.000000000,0.000000000,9.800000000,1.000000000,0.000000000,0.000000000,0.000000000
12.016664744,0.000000000,0.000000000,0.000000000,0.000000000,0.000000000,9.800000000,1.000000000,0.000000000,0.000000000,0.000000000
12.020831410,0.000000000,0.000000000,0.000000000,0.000000000,0.000000000,9.800000000,1.000000000,0.000000000,0.000000000,0.000000000
12.029164742,0.000000000,0.000000000,0.000000000,0.000000000,0.000000000,9.800000000,1.000000000,0.000000000,0.000000000,0.000000000
12.033331408,0.000000000,0.000000000,0.000000000,0.000000000,0.000000000,9.800000000,1.000000000,0.000000000,0.000000000,0.000000000
12.037498074,0.000000000,0.000000000,0.000000000,0.000000000,0.000000000,9.800000000,1.000000000,0.000000000,0.000000000,0.000000000
12.041664740,0.000000000,0.000000000,0.000000000,0.000000000,0.000000000,9.800000000,1.000000000,0.000000000,0.000000000,0.000000000
12.045831406,0.000000000,0.000000000,0.000000000,0.000000000,0.000000000,9.800000000,1.000000000,0.000000000,0.000000000,0.000000000
12.054164738,0.000000000,0.000000000,0.000000000,0.000000000,0.000000000,9.800000000,1.000000000,0.000000000,0.000000000,0.000000000
12.058331404,0.000000000,0.000000000,0.000000000,0.000000000,0.000000000,9.800000000,1.000000000,0.000000000,0.000000000,0.000000000
12.062498070,0.000000000,0.000000000,0.000000000,0.000000000,0.000000000,9.800000000,1.000000000,0.000000000,0.000000000,0.000000000
12.066664736,0.000000000,0.000000000,0.000000000,0.000000000,0.000000000,9.800000000,1.000000000,0.000000000,0.000000000,0.000000000
12.070831402,0.000000000,0.000000000,0.000000000,0.000000000,0.000000000,9.800000000,1.000000000,0.000000000,0.000000000,0.000000000
12.079164734,0.000000000,0.000000000,0.000000000,0.000000000,0.000000000,9.800000000,1.000000000,0.000000000,0.000000000,0.000000000
12.083331400,0.000000000,0.000000000,0.000000000,0.000000000,0.000000000,9.800000000,1.000000000,0.000000000,0.000000000,0.000000000
12.087498066,0.000000000,0.000000000,0.000000000,0.000000000,0.000000000,9.800000000,1.000000000,0.000000000,0.000000000,0.000000000
12.091664732,0.000000000,0.000000000,0.000000000,0.000000000,0.000000000,9.800000000,1.000000000,0.000000000,0.000000000,0.000000000
12.095831398,0.000000000,0.000000000,0.000000000,0.000000000,0.000000000,9.800000000,1.000000000,0.000000000,0.000000000,0.000000000
12.104164730,0.000000000,0.000000000,0.000000000,0.000000000,0.000000000,9.800000000,1.000000000,0.000000000,0.000000000,0.000000000
12.108331396,0.000000000,0.000000000,0.000000000,0.000000000,0.000000000,9.800000000,1.000000000,0.000000000,0.000000000,0.000000000
12.112498062,0.000000000,0.000000000,0.000000000,0.000000000,0.000000000,9.800000000,1.000000000,0.000000000,0.000000000,0.000000000
12.116664728,0.000000000,0.000000000,0.000000000,0.000000000,0.000000000,9.800000000,1.000000000,0.000000000,0.000000000,0.000000000
12.120831394,0.000000000,0.000000000,0.000000000,0.000000000,0.000000000,9.800000000,1.000000000,0.000000000,0.000000000,0.000000000
12.129164726,0.000000000,0.000000000,0.000000000,0.000000000,0.000000000,9.800000000,1.000000000,0.000000000,0.000000000,0.000000000
12.133331392,0.000000000,0.000000000,0.000000000,0.000000000,0.000000000,9.800000000,1.000000000,0.000000000,0.000000000,0.000000000
12.137498058,0.000000000,0.000000000,0.000000000,0.000000000,0.000000000,9.800000000,1.000000000,0.000000000,0.000000000,0.000000000
12.141664724,0.000000000,0.000000000,0.000000000,0.000000000,0.000000000,9.800000000,1.000000000,0.000000000,0.000000000,0.000000000
12.145831390,0.000000000,0.000000000,0.000000000,0.000000000,0.000000000,9.800000000,1.000000000,0.000000000,0.000000000,0.000000000
12.154164722,0.000000000,0.000000000,0.000000000,0.000000000,0.000000000,9.800000000,1.000000000,0.000000000,0.000000000,0.000000000
12.158331388,0.000000000,0.000000000,0.000000000,0.000000000,0.000000000,9.800000000,1.000000000,0.000000000,0.000000000,0.000000000
12.162498054,0.000000000,0.000000000,0.000000000,0.000000000,0.000000000,9.800000000,1.000000000,0.000000000,0.000000000,0.000000000
12.166664720,0.000000000,0.000000000,0.000000000,0.000000000,0.000000000,9.800000000,1.000000000,0.000000000,0.000000000,0.000000000
12.170831386,0.000000000,0.000000000,0.000000000,0.000000000,0.000000000,9.800000000,1.000000000,0.000000000,0.000000000,0.000000000
12.179164718,0.000000000,0.000000000,0.000000000,0.000000000,0.000000000,9.800000000,1.000000000,0.000000000,0.000000000,0.000000000
12.183331384,0.000000000,0.000000000,0.000000000,0.000000000,0.000000000,9.800000000,1.000000000,0.000000000,0.000000000,0.000000000
12.187498050,0.000000000,0.000000000,0.000000000,0.000000000,0.000000000,9.800000000,1.000000000,0.000000000,0.000000000,0.000000000
12.191664716,0.000000000,0.000000000,0.000000000,0.000000000,0.000000000,9.800000000,1.000000000,0.000000000,0.000000000,0.000000000
12.195831382,0.000000000,0.000000000,0.000000000,0.000000000,0.000000000,9.800000000,1.000000000,0.000000000,0.000000000,0.000000000
12.204164714,0.000000000,0.000000000,0.000000000,0.000000000,0.000000000,9.800000000,1.000000000,0.000000000,0.000000000,0.000000000
12.208331380,0.000000000,0.000000000,0.000000000,0.000000000,0.000000000,9.800000000,1.000000000,0.000000000,0.000000000,0.000000000
12.212498046,0.000000000,0.000000000,0.000000000,0.000000000,0.000000000,9.800000000,1.000000000,0.000000000,0.000000000,0.000000000
12.216664712,0.000000000,0.000000000,0.000000000,0.000000000,0.000000000,9.800000000,1.000000000,0.000000000,0.000000000,0.000000000
12.220831378,0.000000000,0.000000000,0.000000000,0.000000000,0.000000000,9.800000000,1.000000000,0.000000000,0.000000000,0.000000000
12.229164710,0.000000000,0.000000000,0.000000000,0.000000000,0.000000000,9.800000000,1.000000000,0.000000000,0.000000000,0.000000000
12.233331376,0.000000000,0.000000000,0.000000000,0.000000000,0.000000000,9.800000000,1.000000000,0.000000000,0.000000000,0.000000000
12.237498042,0.000000000,0.000000000,0.000000000,0.000000000,0.000000000,9.800000000,1.000000000,0.000000000,0.000000000,0.000000000
12.241664708,0.000000000,0.000000000,0.000000000,0.000000000,0.000000000,9.800000000,1.000000000,0.000000000,0.000000000,0.000000000
12.245831374,0.000000000,0.000000000,0.000000000,0.000000000,0.000000000,9.800000000,1.000000000,0.000000000,0.000000000,0.000000000
12.254164706,0.000000000,0.000000000,0.000000000,0.000000000,0.000000000,9.800000000,1.000000000,0.000000000,0.000000000,0.000000000
12.258331372,0.000000000,0.000000000,0.000000000,0.000000000,0.000000000,9.800000000,1.000000000,0.000000000,0.000000000,0.000000000
12.262498038,0.000000000,0.000000000,0.000000000,0.000000000,0.000000000,9.800000000,1.000000000,0.000000000,0.000000000,0.000000000
12.266664704,0.000000000,0.000000000,0.000000000,0.000000000,0.000000000,9.800000000,1.000000000,0.000000000,0.000000000,0.000000000
12.270831370,0.000000000,0.000000000,0.000000000,0.000000000,0.000000000,9.800000000,1.000000000,0.000000000,0.000000000,0.000000000
12.279164702,0.000000000,0.000000000,0.000000000,0.000000000,0.000000000,9.800000000,1.000000000,0.000000000,0.000000000,0.000000000
12.283331368,0.000000000,0.000000000,0.000000000,0.000000000,0.000000000,9.800000000,1.000000000,0.000000000,0.000000000,0.000000000
12.287498034,0.000000000,0.000000000,0.000000000,0.000000000,0.000000000,9.800000000,1.000000000,0.000000000,0.000000000,0.000000000
12.291664700,0.000000000,0.000000000,0.000000000,0.000000000,0.000000000,9.800000000,1.000000000,0.000000000,0.000000000,0.000000000
12.295831366,0.000000000,0.000000000,0.000000000,0.000000000,0.000000000,9.800000000,1.000000000,0.000000000,0.000000000,0.000000000
12.304164698,0.000000000,0.000000000,0.000000000,0.000000000,0.000000000,9.800000000,1.000000000,0.000000000,0.000000000,0.000000000
12.308331364,0.000000000,0.000000000,0.000000000,0.000000000,0.000000000,9.800000000,1.000000000,0.000000000,0.000000000,0.000000000
12.312498030,0.000000000,0.000000000,0.000000000,0.000000000,0.000000000,9.800000000,1.000000000,0.000000000,0.000000000,0.000000000
12.316664696,0.000000000,0.000000000,0.000000000,0.000000000,0.000000000,9.800000000,1.000000000,0.000000000,0.000000000,0.000000000
12.320831362,0.000000000,0.000000000,0.000000000,0.000000000,0.000000000,9.800000000,1.000000000,0.000000000,0.000000000,0.000000000
12.329164694,0.000000000,0.000000000,0.000000000,0.000000000,0.000000000,9.800000000,1.000000000,0.000000000,0.000000000,0.000000000
12.333331360,0.000000000,0.000000000,0.000000000,0.000000000,0.000000000,9.800000000,1.000000000,0.000000000,0.000000000,0.000000000
12.337498026,0.000000000,0.000000000,0.000000000,0.000000000,0.000000000,9.800000000,1.000000000,0.000000000,0.000000000,0.000000000
12.341664692,0.000000000,0.000000000,0.000000000,0.000000000,0.000000000,9.800000000,1.000000000,0.000000000,0.000000000,0.000000000
12.345831358,0.000000000,0.000000000,0.000000000,0.000000000,0.000000000,9.800000000,1.000000000,0.000000000,0.000000000,0.000000000
12.354164690,0.000000000,0.000000000,0.000000000,0.000000000,0.000000000,9.800000000,1.000000000,0.000000000,0.000000000,0.000000000
12.358331356,0.000000000,0.000000000,0.000000000,0.000000000,0.000000000,9.800000000,1.000000000,0.000000000,0.000000000,0.000000000
12.362498022,0.000000000,0.000000000,0.000000000,0.000000000,0.000000000,9.800000000,1.000000000,0.000000000,0.000000000,0.000000000
12.366664688,0.000000000,0.000000000,0.000000000,0.000000000,0.000000000,9.800000000,1.000000000,0.000000000,0.000000000,0.000000000
12.370831354,0.000000000,0.000000000,0.000000000,0.000000000,0.000000000,9.800000000,1.000000000,0.000000000,0.000000000,0.000000000
12.379164686,0.000000000,0.000000000,0.000000000,0.000000000,0.000000000,9.800000000,1.000000000,0.000000000,0.000000000,0.000000000
12.383331352,0.000000000,0.000000000,0.000000000,0.000000000,0.000000000,9.800000000,1.000000000,0.000000000,0.000000000,0.000000000
12.387498018,0.000000000,0.000000000,0.000000000,0.000000000,0.000000000,9.800000000,1.000000000,0.000000000,0.000000000,0.000000000
12.391664684,0.000000000,0.000000000,0.000000000,0.000000000,0.000000000,9.800000000,1.000000000,0.000000000,0.000000000,0.000000000
12.395831350,0.000000000,0.000000000,0.000000000,0.000000000,0.000000000,9.800000000,1.000000000,0.000000000,0.000000000,0.000000000
12.404164682,0.000000000,0.000000000,0.000000000,0.000000000,0.000000000,9.800000000,1.000000000,0.000000000,0.000000000,0.000000000
12.408331348,0.000000000,0.000000000,0.000000000,0.000000000,0.000000000,9.800000000,1.000000000,0.000000000,0.000000000,0.000000000
12.412498014,0.000000000,0.000000000,0.000000000,0.000000000,0.000000000,9.800000000,1.000000000,0.000000000,0.000000000,0.000000000
12.416664680,0.000000000,0.000000000,0.000000000,0.000000000,0.000000000,9.800000000,1.000000000,0.000000000,0.000000000,0.000000000
12.420831346,0.000000000,0.000000000,0.000000000,0.000000000,0.000000000,9.800000000,1.000000000,0.000000000,0.000000000,0.000000000
12.429164678,0.000000000,0.000000000,0.000000000,0.000000000,0.000000000,9.800000000,1.000000000,0.000000000,0.000000000,0.000000000
12.433331344,0.000000000,0.000000000,0.000000000,0.000000000,0.000000000,9.800000000,1.000000000,0.000000000,0.000000000,0.000000000
12.437498010,0.000000000,0.000000000,0.000000000,0.000000000,0.000000000,9.800000000,1.000000000,0.000000000,0.000000000,0.000000000
12.441664676,0.000000000,0.000000000,0.000000000,0.000000000,0.000000000,9.800000000,1.000000000,0.000000000,0.000000000,0.000000000
12.445831342,0.000000000,0.000000000,0.000000000,0.000000000,0.000000000,9.800000000,1.000000000,0.000000000,0.000000000,0.000000000
12.454164674,0.000000000,0.000000000,0.000000000,0.000000000,0.000000000,9.800000000,1.000000000,0.000000000,0.000000000,0.000000000
12.458331340,0.000000000,0.000000000,0.000000000,0.000000000,0.000000000,9.800000000,1.000000000,0.000000000,0.000000000,0.000000000
12.462498006,0.000000000,0.000000000,0.000000000,0.000000000,0.000000000,9.800000000,1.000000000,0.000000000,0.000000000,0.000000000
12.466664672,0.000000000,0.000000000,0.000000000,0.000000000,0.000000000,9.800000000,1.000000000,0.000000000,0.000000000,0.000000000
12.470831338,0.000000000,0.000000000,0.000000000,0.000000000,0.000000000,9.800000000,1.000000000,0.000000000,0.000000000,0.000000000
12.479164670,0.000000000,0.000000000,0.000000000,0.000000000,0.000000000,9.800000000,1.000000000,0.000000000,0.000000000,0.000000000
12.483331336,0.000000000,0.000000000,0.000000000,0.000000000,0.000000000,9.800000000,1.000000000,0.000000000,0.000000000,0.000000000
12.487498002,0.000000000,0.000000000,0.000000000,0.000000000,0.000000000,9.800000000,1.000000000,0.000000000,0.000000000,0.000000000
12.491664668,0.000000000,0.000000000,0.000000000,0.000000000,0.000000000,9.800000000,1.000000000,0.000000000,0.000000000,0.000000000
12.495831334,0.000000000,0.000000000,0.000000000,0.000000000,0.000000000,9.800000000,1.000000000,0.000000000,0.000000000,0.000000000
12.504164666,0.000000000,0.000000000,0.000000000,0.000000000,0.000000000,9.800000000,1.000000000,0.000000000,0.000000000,0.000000000
12.508331332,0.000000000,0.000000000,0.000000000,0.000000000,0.000000000,9.800000000,1.000000000,0.000000000,0.000000000,0.000000000
12.512497998,0.000000000,0.000000000,0.000000000,0.000000000,0.000000000,9.800000000,1.000000000,0.000000000,0.000000000,0.000000000
12.516664664,0.000000000,0.000000000,0.000000000,0.000000000,0.000000000,9.800000000,1.000000000,0.000000000,0.000000000,0.000000000
12.520831330,0.000000000,0.000000000,0.000000000,0.000000000,0.000000000,9.800000000,1.000000000,0.000000000,0.000000000,0.000000000
12.529164662,0.000000000,0.000000000,0.000000000,0.000000000,0.000000000,9.800000000,1.000000000,0.000000000,0.000000000,0.000000000
12.533331328,0.000000000,0.000000000,0.000000000,0.000000000,0.000000000,9.800000000,1.000000000,0.000000000,0.000000000,0.000000000
12.537497994,0.000000000,0.000000000,0.000000000,0.000000000,0.000000000,9.800000000,1.000000000,0.000000000,0.000000000,0.000000000
12.541664660,0.000000000,0.000000000,0.000000000,0.000000000,0.000000000,9.800000000,1.000000000,0.000000000,0.000000000,0.000000000
12.545831326,0.000000000,0.000000000,0.000000000,0.000000000,0.000000000,9.800000000,1.000000000,0.000000000,0.000000000,0.000000000
12.554164658,0.000000000,0.000000000,0.000000000,0.000000000,0.000000000,9.800000000,1.000000000,0.000000000,0.000000000,0.000000000
12.558331324,0.000000000,0.000000000,0.000000000,0.000000000,0.000000000,9.800000000,1.000000000,0.000000000,0.000000000,0.000000000
12.562497990,0.000000000,0.000000000,0.000000000,0.000000000,0.000000000,9.800000000,1.000000000,0.000000000,0.000000000,0.000000000
12.566664656,0.000000000,0.000000000,0.000000000,0.000000000,0.000000000,9.800000000,1.000000000,0.000000000,0.000000000,0.000000000
12.570831322,0.000000000,0.000000000,0.000000000,0.000000000,0.000000000,9.800000000,1.000000000,0.000000000,0.000000000,0.000000000
12.579164654,0.000000000,0.000000000,0.000000000,0.000000000,0.000000000,9.800000000,1.000000000,0.000000000,0.000000000,0.000000000
12.583331320,0.000000000,0.000000000,0.000000000,0.000000000,0.000000000,9.800000000,1.000000000,0.000000000,0.000000000,0.000000000
12.587497986,0.000000000,0.000000000,0.000000000,0.000000000,0.000000000,9.800000000,1.000000000,0.000000000,0.000000000,0.000000000
12.591664652,0.000000000,0.000000000,0.000000000,0.000000000,0.000000000,9.800000000,1.000000000,0.000000000,0.000000000,0.000000000
12.595831318,0.000000000,0.000000000,0.000000000,0.000000000,0.000000000,9.800000000,1.000000000,0.000000000,0.000000000,0.000000000
12.604164650,0.000000000,0.000000000,0.000000000,0.000000000,0.000000000,9.800000000,1.000000000,0.000000000,0.000000000,0.000000000
12.608331316,0.000000000,0.000000000,0.000000000,0.000000000,0.000000000,9.800000000,1.000000000,0.000000000,0.000000000,0.000000000
12.612497982,0.000000000,0.000000000,0.000000000,0.000000000,0.000000000,9.800000000,1.000000000,0.000000000,0.000000000,0.000000000
12.616664648,0.000000000,0.000000000,0.000000000,0.000000000,0.000000000,9.800000000,1.000000000,0.000000000,0.000000000,0.000000000
12.620831314,0.000000000,0.000000000,0.000000000,0.000000000,0.000000000,9.800000000,1.000000000,0.000000000,0.000000000,0.000000000
12.629164646,0.000000000,0.000000000,0.000000000,0.000000000,0.000000000,9.800000000,1.000000000,0.000000000,0.000000000,0.000000000
12.633331312,0.000000000,0.000000000,0.000000000,0.000000000,0.000000000,9.800000000,1.000000000,0.000000000,0.000000000,0.000000000
12.637497978,0.000000000,0.000000000,0.000000000,0.000000000,0.000000000,9.800000000,1.000000000,0.000000000,0.000000000,0.000000000
12.641664644,0.000000000,0.000000000,0.000000000,0.000000000,0.000000000,9.800000000,1.000000000,0.000000000,0.000000000,0.000000000
12.645831310,0.000000000,0.000000000,0.000000000,0.000000000,0.000000000,9.800000000,1.000000000,0.000000000,0.000000000,0.000000000
12.654164642,0.000000000,0.000000000,0.000000000,0.000000000,0.000000000,9.800000000,1.000000000,0.000000000,0.000000000,0.000000000
12.658331308,0.000000000,0.000000000,0.000000000,0.000000000,0.000000000,9.800000000,1.000000000,0.000000000,0.000000000,0.000000000
12.662497974,0.000000000,0.000000000,0.000000000,0.000000000,0.000000000,9.800000000,1.000000000,0.000000000,0.000000000,0.000000000
12.666664640,0.000000000,0.000000000,0.000000000,0.000000000,0.000000000,9.800000000,1.000000000,0.000000000,0.000000000,0.000000000
12.670831306,0.000000000,0.000000000,0.000000000,0.000000000,0.000000000,9.800000000,1.000000000,0.000000000,0.000000000,0.000000000
12.679164638,0.000000000,0.000000000,0.000000000,0.000000000,0.000000000,9.800000000,1.000000000,0.000000000,0.000000000,0.000000000
12.683331304,0.000000000,0.000000000,0.000000000,0.000000000,0.000000000,9.800000000,1.000000000,0.000000000,0.000000000,0.000000000
12.687497970,0.000000000,0.000000000,0.000000000,0.000000000,0.000000000,9.800000000,1.000000000,0.000000000,0.000000000,0.000000000
12.691664636,0.000000000,0.000000000,0.000000000,0.000000000,0.000000000,9.800000000,1.000000000,0.000000000,0.000000000,0.000000000
12.695831302,0.000000000,0.000000000,0.000000000,0.000000000,0.000000000,9.800000000,1.000000000,0.000000000,0.000000000,0.000000000
12.704164634,0.000000000,0.000000000,0.000000000,0.000000000,0.000000000,9.800000000,1.000000000,0.000000000,0.000000000,0.000000000
12.708331300,0.000000000,0.000000000,0.000000000,0.000000000,0.000000000,9.800000000,1.000000000,0.000000000,0.000000000,0.000000000
12.712497966,0.000000000,0.000000000,0.000000000,0.000000000,0.000000000,9.800000000,1.000000000,0.000000000,0.000000000,0.000000000
12.716664632,0.000000000,0.000000000,0.000000000,0.000000000,0.000000000,9.800000000,1.000000000,0.000000000,0.000000000,0.000000000
12.720831298,0.000000000,0.000000000,0.000000000,0.000000000,0.000000000,9.800000000,1.000000000,0.000000000,0.000000000,0.000000000
12.729164630,0.000000000,0.000000000,0.000000000,0.000000000,0.000000000,9.800000000,1.000000000,0.000000000,0.000000000,0.000000000
12.733331296,0.000000000,0.000000000,0.000000000,0.000000000,0.000000000,9.800000000,1.000000000,0.000000000,0.000000000,0.000000000
12.737497962,0.000000000,0.000000000,0.000000000,0.000000000,0.000000000,9.800000000,1.000000000,0.000000000,0.000000000,0.000000000
12.741664628,0.000000000,0.000000000,0.000000000,0.000000000,0.000000000,9.800000000,1.000000000,0.000000000,0.000000000,0.000000000
12.745831294,0.000000000,0.000000000,0.000000000,0.000000000,0.000000000,9.800000000,1.000000000,0.000000000,0.000000000,0.000000000
12.754164626,0.000000000,0.000000000,0.000000000,0.000000000,0.000000000,9.800000000,1.000000000,0.000000000,0.000000000,0.000000000
12.758331292,0.000000000,0.000000000,0.000000000,0.000000000,0.000000000,9.800000000,1.000000000,0.000000000,0.000000000,0.000000000
12.762497958,0.000000000,0.000000000,0.000000000,0.000000000,0.000000000,9.800000000,1.000000000,0.000000000,0.000000000,0.000000000
12.766664624,0.000000000,0.000000000,0.000000000,0.000000000,0.000000000,9.800000000,1.000000000,0.000000000,0.000000000,0.000000000
12.770831290,0.000000000,0.000000000,0.000000000,0.000000000,0.000000000,9.800000000,1.000000000,0.000000000,0.000000000,0.000000000
12.779164622,0.000000000,0.000000000,0.000000000,0.000000000,0.000000000,9.800000000,1.000000000,0.000000000,0.000000000,0.000000000
12.783331288,0.000000000,0.000000000,0.000000000,0.000000000,0.000000000,9.800000000,1.000000000,0.000000000,0.000000000,0.000000000
12.787497954,0.000000000,0.000000000,0.000000000,0.000000000,0.000000000,9.800000000,1.000000000,0.000000000,0.000000000,0.000000000
12.791664620,0.000000000,0.000000000,0.000000000,0.000000000,0.000000000,9.800000000,1.000000000,0.000000000,0.000000000,0.000000000
12.795831286,0.000000000,0.000000000,0.000000000,0.000000000,0.000000000,9.800000000,1.000000000,0.000000000,0.000000000,0.000000000
12.804164618,0.000000000,0.000000000,0.000000000,0.000000000,0.000000000,9.800000000,1.000000000,0.000000000,0.000000000,0.000000000
12.808331284,0.000000000,0.000000000,0.000000000,0.000000000,0.000000000,9.800000000,1.000000000,0.000000000,0.000000000,0.000000000
12.812497950,0.000000000,0.000000000,0.000000000,0.000000000,0.000000000,9.800000000,1.000000000,0.000000000,0.000000000,0.000000000
12.816664616,0.000000000,0.000000000,0.000000000,0.000000000,0.000000000,9.800000000,1.000000000,0.000000000,0.000000000,0.000000000
12.820831282,0.000000000,0.000000000,0.000000000,0.000000000,0.000000000,9.800000000,1.000000000,0.000000000,0.000000000,0.000000000
12.829164614,0.000000000,0.000000000,0.000000000,0.000000000,0.000000000,9.800000000,1.000000000,0.000000000,0.000000000,0.000000000
12.833331280,0.000000000,0.000000000,0.000000000,0.000000000,0.000000000,9.800000000,1.000000000,0.000000000,0.000000000,0.000000000
12.837497946,0.000000000,0.000000000,0.000000000,0.000000000,0.000000000,9.800000000,1.000000000,0.000000000,0.000000000,0.000000000
12.841664612,0.000000000,0.000000000,0.000000000,0.000000000,0.000000000,9.800000000,1.000000000,0.000000000,0.000000000,0.000000000
12.845831278,0.000000000,0.000000000,0.000000000,0.000000000,0.000000000,9.800000000,1.000000000,0.000000000,0.000000000,0.000000000
12.854164610,0.000000000,0.000000000,0.000000000,0.000000000,0.000000000,9.800000000,1.000000000,0.000000000,0.000000000,0.000000000
12.858331276,0.000000000,0.000000000,0.000000000,0.000000000,0.000000000,9.800000000,1.000000000,0.000000000,0.000000000,0.000000000
12.862497942,0.000000000,0.000000000,0.000000000,0.000000000,0.000000000,9.800000000,1.000000000,0.000000000,0.000000000,0.000000000
12.866664608,0.000000000,0.000000000,0.000000000,0.000000000,0.000000000,9.800000000,1.000000000,0.000000000,0.000000000,0.000000000
12.870831274,0.000000000,0.000000000,0.000000000,0.000000000,0.000000000,9.800000000,1.000000000,0.000000000,0.000000000,0.000000000
12.879164606,0.000000000,0.000000000,0.000000000,0.000000000,0.000000000,9.800000000,1.000000000,0.000000000,0.000000000,0.000000000
12.883331272,0.000000000,0.000000000,0.000000000,0.000000000,0.000000000,9.800000000,1.000000000,0.000000000,0.000000000,0.000000000
12.887497938,0.000000000,0.000000000,0.000000000,0.000000000,0.000000000,9.800000000,1.000000000,0.000000000,0.000000000,0.000000000
12.891664604,0.000000000,0.000000000,0.000000000,0.000000000,0.000000000,9.800000000,1.000000000,0.000000000,0.000000000,0.000000000
12.895831270,0.000000000,0.000000000,0.000000000,0.000000000,0.000000000,9.800000000,1.000000000,0.000000000,0.000000000,0.000000000
12.904164602,0.000000000,0.000000000,0.000000000,0.000000000,0.000000000,9.800000000,1.000000000,0.000000000,0.000000000,0.000000000
12.908331268,0.000000000,0.000000000,0.000000000,0.000000000,0.000000000,9.800000000,1.000000000,0.000000000,0.000000000,0.000000000
12.912497934,0.000000000,0.000000000,0.000000000,0.000000000,0.000000000,9.800000000,1.000000000,0.000000000,0.000000000,0.000000000
12.916664600,0.000000000,0.000000000,0.000000000,0.000000000,0.000000000,9.800000000,1.000000000,0.000000000,0.000000000,0.000000000
12.920831266,0.000000000,0.000000000,0.000000000,0.000000000,0.000000000,9.800000000,1.000000000,0.000000000,0.000000000,0.000000000
12.929164598,0.000000000,0.000000000,0.000000000,0.000000000,0.000000000,9.800000000,1.000000000,0.000000000,0.000000000,0.000000000
12.933331264,0.000000000,0.000000000,0.000000000,0.000000000,0.000000000,9.800000000,1.000000000,0.000000000,0.000000000,0.000000000
12.937497930,0.000000000,0.000000000,0.000000000,0.000000000,0.000000000,9.800000000,1.000000000,0.000000000,0.000000000,0.000000000
12.941664596,0.000000000,0.000000000,0.000000000,0.000000000,0.000000000,9.800000000,1.000000000,0.000000000,0.000000000,0.000000000
12.945831262,0.000000000,0.000000000,0.000000000,0.000000000,0.000000000,9.800000000,1.000000000,0.000000000,0.000000000,0.000000000
12.954164594,0.000000000,0.000000000,0.000000000,0.000000000,0.000000000,9.800000000,1.000000000,0.000000000,0.000000000,0.000000000
12.958331260,0.000000000,0.000000000,0.000000000,0.000000000,0.000000000,9.800000000,1.000000000,0.000000000,0.000000000,0.000000000
12.962497926,0.000000000,0.000000000,0.000000000,0.000000000,0.000000000,9.800000000,1.000000000,0.000000000,0.000000000,0.000000000
12.966664592,0.000000000,0.000000000,0.000000000,0.000000000,0.000000000,9.800000000,1.000000000,0.000000000,0.000000000,0.000000000
12.970831258,0.000000000,0.000000000,0.000000000,0.000000000,0.000000000,9.800000000,1.000000000,0.000000000,0.000000000,0.000000000
12.979164590,0.000000000,0.000000000,0.000000000,0.000000000,0.000000000,9.800000000,1.000000000,0.000000000,0.000000000,0.000000000
12.983331256,0.000000000,0.000000000,0.000000000,0.000000000,0.000000000,9.800000000,1.000000000,0.000000000,0.000000000,0.000000000
12.987497922,0.000000000,0.000000000,0.000000000,0.000000000,0.000000000,9.800000000,1.000000000,0.000000000,0.000000000,0.000000000
12.991664588,0.000000000,0.000000000,0.000000000,0.000000000,0.000000000,9.800000000,1.000000000,0.000000000,0.000000000,0.000000000
12.995831254,0.000000000,0.000000000,0.000000000,0.000000000,0.000000000,9.800000000,1.000000000,0.000000000,0.000000000,0.000000000
13.004164586,0.000000000,0.000000000,0.000000000,0.000000000,0.000000000,9.800000000,1.000000000,0.000000000,0.000000000,0.000000000
13.008331252,0.000000000,0.000000000,0.000000000,0.000000000,0.000000000,9.800000000,1.000000000,0.000000000,0.000000000,0.000000000
13.012497918,0.000000000,0.000000000,0.000000000,0.000000000,0.000000000,9.800000000,1.000000000,0.000000000,0.000000000,0.000000000
13.016664584,0.000000000,0.000000000,0.000000000,0.000000000,0.000000000,9.800000000,1.000000000,0.000000000,0.000000000,0.000000000
13.020831250,0.000000000,0.000000000,0.000000000,0.000000000,0.000000000,9.800000000,1.000000000,0.000000000,0.000000000,0.000000000
13.029164582,0.000000000,0.000000000,0.000000000,0.000000000,0.000000000,9.800000000,1.000000000,0.000000000,0.000000000,0.000000000
13.033331248,0.000000000,0.000000000,0.000000000,0.000000000,0.000000000,9.800000000,1.000000000,0.000000000,0.000000000,0.000000000
13.037497914,0.000000000,0.000000000,0.000000000,0.000000000,0.000000000,9.800000000,1.000000000,0.000000000,0.000000000,0.000000000
13.041664580,0.000000000,0.000000000,0.000000000,0.000000000,0.000000000,9.800000000,1.000000000,0.000000000,0.000000000,0.000000000
13.045831246,0.000000000,0.000000000,0.000000000,0.000000000,0.000000000,9.800000000,1.000000000,0.000000000,0.000000000,0.000000000
13.054164578,0.000000000,0.000000000,0.000000000,0.000000000,0.000000000,9.800000000,1.000000000,0.000000000,0.000000000,0.000000000
13.058331244,0.000000000,0.000000000,0.000000000,0.000000000,0.000000000,9.800000000,1.000000000,0.000000000,0.000000000,0.000000000
13.062497910,0.000000000,0.000000000,0.000000000,0.000000000,0.000000000,9.800000000,1.000000000,0.000000000,0.000000000,0.000000000
13.066664576,0.000000000,0.000000000,0.000000000,0.000000000,0.000000000,9.800000000,1.000000000,0.000000000,0.000000000,0.000000000
13.070831242,0.000000000,0.000000000,0.000000000,0.000000000,0.000000000,9.800000000,1.000000000,0.000000000,0.000000000,0.000000000
13.079164574,0.000000000,0.000000000,0.000000000,0.000000000,0.000000000,9.800000000,1.000000000,0.000000000,0.000000000,0.000000000
13.083331240,0.000000000,0.000000000,0.000000000,0.000000000,0.000000000,9.800000000,1.000000000,0.000000000,0.000000000,0.000000000
13.087497906,0.000000000,0.000000000,0.000000000,0.000000000,0.000000000,9.800000000,1.000000000,0.000000000,0.000000000,0.000000000
13.091664572,0.000000000,0.000000000,0.000000000,0.000000000,0.000000000,9.800000000,1.000000000,0.000000000,0.000000000,0.000000000
13.095831238,0.000000000,0.000000000,0.000000000,0.000000000,0.000000000,9.800000000,1.000000000,0.000000000,0.000000000,0.000000000
13.104164570,0.000000000,0.000000000,0.000000000,0.000000000,0.000000000,9.800000000,1.000000000,0.000000000,0.000000000,0.000000000
13.108331236,0.000000000,0.000000000,0.000000000,0.000000000,0.000000000,9.800000000,1.000000000,0.000000000,0.000000000,0.000000000
13.112497902,0.000000000,0.000000000,0.000000000,0.000000000,0.000000000,9.800000000,1.000000000,0.000000000,0.000000000,0.000000000
13.116664568,0.000000000,0.000000000,0.000000000,0.000000000,0.000000000,9.800000000,1.000000000,0.000000000,0.000000000,0.000000000
13.120831234,0.000000000,0.000000000,0.000000000,0.000000000,0.000000000,9.800000000,1.000000000,0.000000000,0.000000000,0.000000000
13.129164566,0.000000000,0.000000000,0.000000000,0.000000000,0.000000000,9.800000000,1.000000000,0.000000000,0.000000000,0.000000000
13.133331232,0.000000000,0.000000000,0.000000000,0.000000000,0.000000000,9.800000000,1.000000000,0.000000000,0.000000000,0.000000000
13.137497898,0.000000000,0.000000000,0.000000000,0.000000000,0.000000000,9.800000000,1.000000000,0.000000000,0.000000000,0.000000000
13.141664564,0.000000000,0.000000000,0.000000000,0.000000000,0.000000000,9.800000000,1.000000000,0.000000000,0.000000000,0.000000000
13.145831230,0.000000000,0.000000000,0.000000000,0.000000000,0.000000000,9.800000000,1.000000000,0.000000000,0.000000000,0.000000000
13.154164562,0.000000000,0.000000000,0.000000000,0.000000000,0.000000000,9.800000000,1.000000000,0.000000000,0.000000000,0.000000000
13.158331228,0.000000000,0.000000000,0.000000000,0.000000000,0.000000000,9.800000000,1.000000000,0.000000000,0.000000000,0.000000000
13.162497894,0.000000000,0.000000000,0.000000000,0.000000000,0.000000000,9.800000000,1.000000000,0.000000000,0.000000000,0.000000000
13.166664560,0.000000000,0.000000000,0.000000000,0.000000000,0.000000000,9.800000000,1.000000000,0.000000000,0.000000000,0.000000000
13.170831226,0.000000000,0.000000000,0.000000000,0.000000000,0.000000000,9.800000000,1.000000000,0.000000000,0.000000000,0.000000000
13.179164558,0.000000000,0.000000000,0.000000000,0.000000000,0.000000000,9.800000000,1.000000000,0.000000000,0.000000000,0.000000000
13.183331224,0.000000000,0.000000000,0.000000000,0.000000000,0.000000000,9.800000000,1.000000000,0.000000000,0.000000000,0.000000000
13.187497890,0.000000000,0.000000000,0.000000000,0.000000000,0.000000000,9.800000000,1.000000000,0.000000000,0.000000000,0.000000000
13.191664556,0.000000000,0.000000000,0.000000000,0.000000000,0.000000000,9.800000000,1.000000000,0.000000000,0.000000000,0.000000000
13.195831222,0.000000000,0.000000000,0.000000000,0.000000000,0.000000000,9.800000000,1.000000000,0.000000000,0.000000000,0.000000000
13.204164554,0.000000000,0.000000000,0.000000000,0.000000000,0.000000000,9.800000000,1.000000000,0.000000000,0.000000000,0.000000000
13.208331220,0.000000000,0.000000000,0.000000000,0.000000000,0.000000000,9.800000000,1.000000000,0.000000000,0.000000000,0.000000000
13.212497886,0.000000000,0.000000000,0.000000000,0.000000000,0.000000000,9.800000000,1.000000000,0.000000000,0.000000000,0.000000000
13.216664552,0.000000000,0.000000000,0.000000000,0.000000000,0.000000000,9.800000000,1.000000000,0.000000000,0.000000000,0.000000000
13.220831218,0.000000000,0.000000000,0.000000000,0.000000000,0.000000000,9.800000000,1.000000000,0.000000000,0.000000000,0.000000000
13.229164550,0.000000000,0.000000000,0.000000000,0.000000000,0.000000000,9.800000000,1.000000000,0.000000000,0.000000000,0.000000000
13.233331216,0.000000000,0.000000000,0.000000000,0.000000000,0.000000000,9.800000000,1.000000000,0.000000000,0.000000000,0.000000000
13.237497882,0.000000000,0.000000000,0.000000000,0.000000000,0.000000000,9.800000000,1.000000000,0.000000000,0.000000000,0.000000000
13.241664548,0.000000000,0.000000000,0.000000000,0.000000000,0.000000000,9.800000000,1.000000000,0.000000000,0.000000000,0.000000000
13.245831214,0.000000000,0.000000000,0.000000000,0.000000000,0.000000000,9.800000000,1.000000000,0.000000000,0.000000000,0.000000000
13.254164546,0.000000000,0.000000000,0.000000000,0.000000000,0.000000000,9.800000000,1.000000000,0.000000000,0.000000000,0.000000000
13.258331212,0.000000000,0.000000000,0.000000000,0.000000000,0.000000000,9.800000000,1.000000000,0.000000000,0.000000000,0.000000000
13.262497878,0.000000000,0.000000000,0.000000000,0.000000000,0.000000000,9.800000000,1.000000000,0.000000000,0.000000000,0.000000000
13.266664544,0.000000000,0.000000000,0.000000000,0.000000000,0.000000000,9.800000000,1.000000000,0.000000000,0.000000000,0.000000000
13.270831210,0.000000000,0.000000000,0.000000000,0.000000000,0.000000000,9.800000000,1.000000000,0.000000000,0.000000000,0.000000000
13.279164542,0.000000000,0.000000000,0.000000000,0.000000000,0.000000000,9.800000000,1.000000000,0.000000000,0.000000000,0.000000000
13.283331208,0.000000000,0.000000000,0.000000000,0.000000000,0.000000000,9.800000000,1.000000000,0.000000000,0.000000000,0.000000000
13.287497874,0.000000000,0.000000000,0.000000000,0.000000000,0.000000000,9.800000000,1.000000000,0.000000000,0.000000000,0.000000000
13.291664540,0.000000000,0.000000000,0.000000000,0.000000000,0.000000000,9.800000000,1.000000000,0.000000000,0.000000000,0.000000000
13.295831206,0.000000000,0.000000000,0.000000000,0.000000000,0.000000000,9.800000000,1.000000000,0.000000000,0.000000000,0.000000000
13.304164538,0.000000000,0.000000000,0.000000000,0.000000000,0.000000000,9.800000000,1.000000000,0.000000000,0.000000000,0.000000000
13.308331204,0.000000000,0.000000000,0.000000000,0.000000000,0.000000000,9.800000000,1.000000000,0.000000000,0.000000000,0.000000000
13.312497870,0.000000000,0.000000000,0.000000000,0.000000000,0.000000000,9.800000000,1.000000000,0.000000000,0.000000000,0.000000000
13.316664536,0.000000000,0.000000000,0.000000000,0.000000000,0.000000000,9.800000000,1.000000000,0.000000000,0.000000000,0.000000000
13.320831202,0.000000000,0.000000000,0.000000000,0.000000000,0.000000000,9.800000000,1.000000000,0.000000000,0.000000000,0.000000000
13.329164534,0.000000000,0.000000000,0.000000000,0.000000000,0.000000000,9.800000000,1.000000000,0.000000000,0.000000000,0.000000000
13.333331200,0.000000000,0.000000000,0.000000000,0.000000000,0.000000000,9.800000000,1.000000000,0.000000000,0.000000000,0.000000000
13.337497866,0.000000000,0.000000000,0.000000000,0.000000000,0.000000000,9.800000000,1.000000000,0.000000000,0.000000000,0.000000000
13.341664532,0.000000000,0.000000000,0.000000000,0.000000000,0.000000000,9.800000000,1.000000000,0.000000000,0.000000000,0.000000000
13.345831198,0.000000000,0.000000000,0.000000000,0.000000000,0.000000000,9.800000000,1.000000000,0.000000000,0.000000000,0.000000000
13.354164530,0.000000000,0.000000000,0.000000000,0.000000000,0.000000000,9.800000000,1.000000000,0.000000000,0.000000000,0.000000000
13.358331196,0.000000000,0.000000000,0.000000000,0.000000000,0.000000000,9.800000000,1.000000000,0.000000000,0.000000000,0.000000000
13.362497862,0.000000000,0.000000000,0.000000000,0.000000000,0.000000000,9.800000000,1.000000000,0.000000000,0.000000000,0.000000000
13.366664528,0.000000000,0.000000000,0.000000000,0.000000000,0.000000000,9.800000000,1.000000000,0.000000000,0.000000000,0.000000000
13.370831194,0.000000000,0.000000000,0.000000000,0.000000000,0.000000000,9.800000000,1.000000000,0.000000000,0.000000000,0.000000000
13.379164526,0.000000000,0.000000000,0.000000000,0.000000000,0.000000000,9.800000000,1.000000000,0.000000000,0.000000000,0.000000000
13.383331192,0.000000000,0.000000000,0.000000000,0.000000000,0.000000000,9.800000000,1.000000000,0.000000000,0.000000000,0.000000000
13.387497858,0.000000000,0.000000000,0.000000000,0.000000000,0.000000000,9.800000000,1.000000000,0.000000000,0.000000000,0.000000000
13.391664524,0.000000000,0.000000000,0.000000000,0.000000000,0.000000000,9.800000000,1.000000000,0.000000000,0.000000000,0.000000000
13.395831190,0.000000000,0.000000000,0.000000000,0.000000000,0.000000000,9.800000000,1.000000000,0.000000000,0.000000000,0.000000000
13.404164522,0.000000000,0.000000000,0.000000000,0.000000000,0.000000000,9.800000000,1.000000000,0.000000000,0.000000000,0.000000000
13.408331188,0.000000000,0.000000000,0.000000000,0.000000000,0.000000000,9.800000000,1.000000000,0.000000000,0.000000000,0.000000000
13.412497854,0.000000000,0.000000000,0.000000000,0.000000000,0.000000000,9.800000000,1.000000000,0.000000000,0.000000000,0.000000000
13.416664520,0.000000000,0.000000000,0.000000000,0.000000000,0.000000000,9.800000000,1.000000000,0.000000000,0.000000000,0.000000000
13.420831186,0.000000000,0.000000000,0.000000000,0.000000000,0.000000000,9.800000000,1.000000000,0.000000000,0.000000000,0.000000000
13.429164518,0.000000000,0.000000000,0.000000000,0.000000000,0.000000000,9.800000000,1.000000000,0.000000000,0.000000000,0.000000000
13.433331184,0.000000000,0.000000000,0.000000000,0.000000000,0.000000000,9.800000000,1.000000000,0.000000000,0.000000000,0.000000000
13.437497850,0.000000000,0.000000000,0.000000000,0.000000000,0.000000000,9.800000000,1.000000000,0.000000000,0.000000000,0.000000000
13.441664516,0.000000000,0.000000000,0.000000000,0.000000000,0.000000000,9.800000000,1.000000000,0.000000000,0.000000000,0.000000000
13.445831182,0.000000000,0.000000000,0.000000000,0.000000000,0.000000000,9.800000000,1.000000000,0.000000000,0.000000000,0.000000000
13.454164514,0.000000000,0.000000000,0.000000000,0.000000000,0.000000000,9.800000000,1.000000000,0.000000000,0.000000000,0.000000000
13.458331180,0.000000000,0.000000000,0.000000000,0.000000000,0.000000000,9.800000000,1.000000000,0.000000000,0.000000000,0.000000000
13.462497846,0.000000000,0.000000000,0.000000000,0.000000000,0.000000000,9.800000000,1.000000000,0.000000000,0.000000000,0.000000000
13.466664512,0.000000000,0.000000000,0.000000000,0.000000000,0.000000000,9.800000000,1.000000000,0.000000000,0.000000000,0.000000000
13.470831178,0.000000000,0.000000000,0.000000000,0.000000000,0.000000000,9.800000000,1.000000000,0.000000000,0.000000000,0.000000000
13.479164510,0.000000000,0.000000000,0.000000000,0.000000000,0.000000000,9.800000000,1.000000000,0.000000000,0.000000000,0.000000000
13.483331176,0.000000000,0.000000000,0.000000000,0.000000000,0.000000000,9.800000000,1.000000000,0.000000000,0.000000000,0.000000000
13.487497842,0.000000000,0.000000000,0.000000000,0.000000000,0.000000000,9.800000000,1.000000000,0.000000000,0.000000000,0.000000000
13.491664508,0.000000000,0.000000000,0.000000000,0.000000000,0.000000000,9.800000000,1.000000000,0.000000000,0.000000000,0.000000000
13.495831174,0.000000000,0.000000000,0.000000000,0.000000000,0.000000000,9.800000000,1.000000000,0.000000000,0.000000000,0.000000000
13.504164506,0.000000000,0.000000000,0.000000000,0.000000000,0.000000000,9.800000000,1.000000000,0.000000000,0.000000000,0.000000000
13.508331172,0.000000000,0.000000000,0.000000000,0.000000000,0.000000000,9.800000000,1.000000000,0.000000000,0.000000000,0.000000000
13.512497838,0.000000000,0.000000000,0.000000000,0.000000000,0.000000000,9.800000000,1.000000000,0.000000000,0.000000000,0.000000000
13.516664504,0.000000000,0.000000000,0.000000000,0.000000000,0.000000000,9.800000000,1.000000000,0.000000000,0.000000000,0.000000000
13.520831170,0.000000000,0.000000000,0.000000000,0.000000000,0.000000000,9.800000000,1.000000000,0.000000000,0.000000000,0.000000000
13.529164502,0.000000000,0.000000000,0.000000000,0.000000000,0.000000000,9.800000000,1.000000000,0.000000000,0.000000000,0.000000000
13.533331168,0.000000000,0.000000000,0.000000000,0.000000000,0.000000000,9.800000000,1.000000000,0.000000000,0.000000000,0.000000000
13.537497834,0.000000000,0.000000000,0.000000000,0.000000000,0.000000000,9.800000000,1.000000000,0.000000000,0.000000000,0.000000000
13.541664500,0.000000000,0.000000000,0.000000000,0.000000000,0.000000000,9.800000000,1.000000000,0.000000000,0.000000000,0.000000000
13.545831166,0.000000000,0.000000000,0.000000000,0.000000000,0.000000000,9.800000000,1.000000000,0.000000000,0.000000000,0.000000000
13.554164498,0.000000000,0.000000000,0.000000000,0.000000000,0.000000000,9.800000000,1.000000000,0.000000000,0.000000000,0.000000000
13.558331164,0.000000000,0.000000000,0.000000000,0.000000000,0.000000000,9.800000000,1.000000000,0.000000000,0.000000000,0.000000000
13.562497830,0.000000000,0.000000000,0.000000000,0.000000000,0.000000000,9.800000000,1.000000000,0.000000000,0.000000000,0.000000000
13.566664496,0.000000000,0.000000000,0.000000000,0.000000000,0.000000000,9.800000000,1.000000000,0.000000000,0.000000000,0.000000000
13.570831162,0.000000000,0.000000000,0.000000000,0.000000000,0.000000000,9.800000000,1.000000000,0.000000000,0.000000000,0.000000000
13.579164494,0.000000000,0.000000000,0.000000000,0.000000000,0.000000000,9.800000000,1.000000000,0.000000000,0.000000000,0.000000000
13.583331160,0.000000000,0.000000000,0.000000000,0.000000000,0.000000000,9.800000000,1.000000000,0.000000000,0.000000000,0.000000000
13.587497826,0.000000000,0.000000000,0.000000000,0.000000000,0.000000000,9.800000000,1.000000000,0.000000000,0.000000000,0.000000000
13.591664492,0.000000000,0.000000000,0.000000000,0.000000000,0.000000000,9.800000000,1.000000000,0.000000000,0.000000000,0.000000000
13.595831158,0.000000000,0.000000000,0.000000000,0.000000000,0.000000000,9.800000000,1.000000000,0.000000000,0.000000000,0.000000000
13.604164490,0.000000000,0.000000000,0.000000000,0.000000000,0.000000000,9.800000000,1.000000000,0.000000000,0.000000000,0.000000000
13.608331156,0.000000000,0.000000000,0.000000000,0.000000000,0.000000000,9.800000000,1.000000000,0.000000000,0.000000000,0.000000000
13.612497822,0.000000000,0.000000000,0.000000000,0.000000000,0.000000000,9.800000000,1.000000000,0.000000000,0.000000000,0.000000000
13.616664488,0.000000000,0.000000000,0.000000000,0.000000000,0.000000000,9.800000000,1.000000000,0.000000000,0.000000000,0.000000000
13.620831154,0.000000000,0.000000000,0.000000000,0.000000000,0.000000000,9.800000000,1.000000000,0.000000000,0.000000000,0.000000000
13.629164486,0.000000000,0.000000000,0.000000000,0.000000000,0.000000000,9.800000000,1.000000000,0.000000000,0.000000000,0.000000000
13.633331152,0.000000000,0.000000000,0.000000000,0.000000000,0.000000000,9.800000000,1.000000000,0.000000000,0.000000000,0.000000000
13.637497818,0.000000000,0.000000000,0.000000000,0.000000000,0.000000000,9.800000000,1.000000000,0.000000000,0.000000000,0.000000000
13.641664484,0.000000000,0.000000000,0.000000000,0.000000000,0.000000000,9.800000000,1.000000000,0.000000000,0.000000000,0.000000000
13.645831150,0.000000000,0.000000000,0.000000000,0.000000000,0.000000000,9.800000000,1.000000000,0.000000000,0.000000000,0.000000000
13.654164482,0.000000000,0.000000000,0.000000000,0.000000000,0.000000000,9.800000000,1.000000000,0.000000000,0.000000000,0.000000000
13.658331148,0.000000000,0.000000000,0.000000000,0.000000000,0.000000000,9.800000000,1.000000000,0.000000000,0.000000000,0.000000000
13.662497814,0.000000000,0.000000000,0.000000000,0.000000000,0.000000000,9.800000000,1.000000000,0.000000000,0.000000000,0.000000000
13.666664480,0.000000000,0.000000000,0.000000000,0.000000000,0.000000000,9.800000000,1.000000000,0.000000000,0.000000000,0.000000000
13.670831146,0.000000000,0.000000000,0.000000000,0.000000000,0.000000000,9.800000000,1.000000000,0.000000000,0.000000000,0.000000000
13.679164478,0.000000000,0.000000000,0.000000000,0.000000000,0.000000000,9.800000000,1.000000000,0.000000000,0.000000000,0.000000000
13.683331144,0.000000000,0.000000000,0.000000000,0.000000000,0.000000000,9.800000000,1.000000000,0.000000000,0.000000000,0.000000000
13.687497810,0.000000000,0.000000000,0.000000000,0.000000000,0.000000000,9.800000000,1.000000000,0.000000000,0.000000000,0.000000000
13.691664476,0.000000000,0.000000000,0.000000000,0.000000000,0.000000000,9.800000000,1.000000000,0.000000000,0.000000000,0.000000000
13.695831142,0.000000000,0.000000000,0.000000000,0.000000000,0.000000000,9.800000000,1.000000000,0.000000000,0.000000000,0.000000000
13.704164474,0.000000000,0.000000000,0.000000000,0.000000000,0.000000000,9.800000000,1.000000000,0.000000000,0.000000000,0.000000000
13.708331140,0.000000000,0.000000000,0.000000000,0.000000000,0.000000000,9.800000000,1.000000000,0.000000000,0.000000000,0.000000000
13.712497806,0.000000000,0.000000000,0.000000000,0.000000000,0.000000000,9.800000000,1.000000000,0.000000000,0.000000000,0.000000000
13.716664472,0.000000000,0.000000000,0.000000000,0.000000000,0.000000000,9.800000000,1.000000000,0.000000000,0.000000000,0.000000000
13.720831138,0.000000000,0.000000000,0.000000000,0.000000000,0.000000000,9.800000000,1.000000000,0.000000000,0.000000000,0.000000000
13.729164470,0.000000000,0.000000000,0.000000000,0.000000000,0.000000000,9.800000000,1.000000000,0.000000000,0.000000000,0.000000000
13.733331136,0.000000000,0.000000000,0.000000000,0.000000000,0.000000000,9.800000000,1.000000000,0.000000000,0.000000000,0.000000000
13.737497802,0.000000000,0.000000000,0.000000000,0.000000000,0.000000000,9.800000000,1.000000000,0.000000000,0.000000000,0.000000000
13.741664468,0.000000000,0.000000000,0.000000000,0.000000000,0.000000000,9.800000000,1.000000000,0.000000000,0.000000000,0.000000000
13.745831134,0.000000000,0.000000000,0.000000000,0.000000000,0.000000000,9.800000000,1.000000000,0.000000000,0.000000000,0.000000000
13.754164466,0.000000000,0.000000000,0.000000000,0.000000000,0.000000000,9.800000000,1.000000000,0.000000000,0.000000000,0.000000000
13.758331132,0.000000000,0.000000000,0.000000000,0.000000000,0.000000000,9.800000000,1.000000000,0.000000000,0.000000000,0.000000000
13.762497798,0.000000000,0.000000000,0.000000000,0.000000000,0.000000000,9.800000000,1.000000000,0.000000000,0.000000000,0.000000000
13.766664464,0.000000000,0.000000000,0.000000000,0.000000000,0.000000000,9.800000000,1.000000000,0.000000000,0.000000000,0.000000000
13.770831130,0.000000000,0.000000000,0.000000000,0.000000000,0.000000000,9.800000000,1.000000000,0.000000000,0.000000000,0.000000000
13.779164462,0.000000000,0.000000000,0.000000000,0.000000000,0.000000000,9.800000000,1.000000000,0.000000000,0.000000000,0.000000000
13.783331128,0.000000000,0.000000000,0.000000000,0.000000000,0.000000000,9.800000000,1.000000000,0.000000000,0.000000000,0.000000000
13.787497794,0.000000000,0.000000000,0.000000000,0.000000000,0.000000000,9.800000000,1.000000000,0.000000000,0.000000000,0.000000000
13.791664460,0.000000000,0.000000000,0.000000000,0.000000000,0.000000000,9.800000000,1.000000000,0.000000000,0.000000000,0.000000000
13.795831126,0.000000000,0.000000000,0.000000000,0.000000000,0.000000000,9.800000000,1.000000000,0.000000000,0.000000000,0.000000000
13.804164458,0.000000000,0.000000000,0.000000000,0.000000000,0.000000000,9.800000000,1.000000000,0.000000000,0.000000000,0.000000000
13.808331124,0.000000000,0.000000000,0.000000000,0.000000000,0.000000000,9.800000000,1.000000000,0.000000000,0.000000000,0.000000000
13.812497790,0.000000000,0.000000000,0.000000000,0.000000000,0.000000000,9.800000000,1.000000000,0.000000000,0.000000000,0.000000000
13.816664456,0.000000000,0.000000000,0.000000000,0.000000000,0.000000000,9.800000000,1.000000000,0.000000000,0.000000000,0.000000000
13.820831122,0.000000000,0.000000000,0.000000000,0.000000000,0.000000000,9.800000000,1.000000000,0.000000000,0.000000000,0.000000000
13.829164454,0.000000000,0.000000000,0.000000000,0.000000000,0.000000000,9.800000000,1.000000000,0.000000000,0.000000000,0.000000000
13.833331120,0.000000000,0.000000000,0.000000000,0.000000000,0.000000000,9.800000000,1.000000000,0.000000000,0.000000000,0.000000000
13.837497786,0.000000000,0.000000000,0.000000000,0.000000000,0.000000000,9.800000000,1.000000000,0.000000000,0.000000000,0.000000000
13.841664452,0.000000000,0.000000000,0.000000000,0.000000000,0.000000000,9.800000000,1.000000000,0.000000000,0.000000000,0.000000000
13.845831118,0.000000000,0.000000000,0.000000000,0.000000000,0.000000000,9.800000000,1.000000000,0.000000000,0.000000000,0.000000000
13.854164450,0.000000000,0.000000000,0.000000000,0.000000000,0.000000000,9.800000000,1.000000000,0.000000000,0.000000000,0.000000000
13.858331116,0.000000000,0.000000000,0.000000000,0.000000000,0.000000000,9.800000000,1.000000000,0.000000000,0.000000000,0.000000000
13.862497782,0.000000000,0.000000000,0.000000000,0.000000000,0.000000000,9.800000000,1.000000000,0.000000000,0.000000000,0.000000000
13.866664448,0.000000000,0.000000000,0.000000000,0.000000000,0.000000000,9.800000000,1.000000000,0.000000000,0.000000000,0.000000000
13.870831114,0.000000000,0.000000000,0.000000000,0.000000000,0.000000000,9.800000000,1.000000000,0.000000000,0.000000000,0.000000000
13.879164446,0.000000000,0.000000000,0.000000000,0.000000000,0.000000000,9.800000000,1.000000000,0.000000000,0.000000000,0.000000000
13.883331112,0.000000000,0.000000000,0.000000000,0.000000000,0.000000000,9.800000000,1.000000000,0.000000000,0.000000000,0.000000000
13.887497778,0.000000000,0.000000000,0.000000000,0.000000000,0.000000000,9.800000000,1.000000000,0.000000000,0.000000000,0.000000000
13.891664444,0.000000000,0.000000000,0.000000000,0.000000000,0.000000000,9.800000000,1.000000000,0.000000000,0.000000000,0.000000000
13.895831110,0.000000000,0.000000000,0.000000000,0.000000000,0.000000000,9.800000000,1.000000000,0.000000000,0.000000000,0.000000000
13.904164442,0.000000000,0.000000000,0.000000000,0.000000000,0.000000000,9.800000000,1.000000000,0.000000000,0.000000000,0.000000000
13.908331108,0.000000000,0.000000000,0.000000000,0.000000000,0.000000000,9.800000000,1.000000000,0.000000000,0.000000000,0.000000000
13.912497774,0.000000000,0.000000000,0.000000000,0.000000000,0.000000000,9.800000000,1.000000000,0.000000000,0.000000000,0.000000000
13.916664440,0.000000000,0.000000000,0.000000000,0.000000000,0.000000000,9.800000000,1.000000000,0.000000000,0.000000000,0.000000000
13.920831106,0.000000000,0.000000000,0.000000000,0.000000000,0.000000000,9.800000000,1.000000000,0.000000000,0.000000000,0.000000000
13.929164438,0.000000000,0.000000000,0.000000000,0.000000000,0.000000000,9.800000000,1.000000000,0.000000000,0.000000000,0.000000000
13.933331104,0.000000000,0.000000000,0.000000000,0.000000000,0.000000000,9.800000000,1.000000000,0.000000000,0.000000000,0.000000000
13.937497770,0.000000000,0.000000000,0.000000000,0.000000000,0.000000000,9.800000000,1.000000000,0.000000000,0.000000000,0.000000000
13.941664436,0.000000000,0.000000000,0.000000000,0.000000000,0.000000000,9.800000000,1.000000000,0.000000000,0.000000000,0.000000000
13.945831102,0.000000000,0.000000000,0.000000000,0.000000000,0.000000000,9.800000000,1.000000000,0.000000000,0.000000000,0.000000000
13.954164434,0.000000000,0.000000000,0.000000000,0.000000000,0.000000000,9.800000000,1.000000000,0.000000000,0.000000000,0.000000000
13.958331100,0.000000000,0.000000000,0.000000000,0.000000000,0.000000000,9.800000000,1.000000000,0.000000000,0.000000000,0.000000000
13.962497766,0.000000000,0.000000000,0.000000000,0.000000000,0.000000000,9.800000000,1.000000000,0.000000000,0.000000000,0.000000000
13.966664432,0.000000000,0.000000000,0.000000000,0.000000000,0.000000000,9.800000000,1.000000000,0.000000000,0.000000000,0.000000000
13.970831098,0.000000000,0.000000000,0.000000000,0.000000000,0.000000000,9.800000000,1.000000000,0.000000000,0.000000000,0.000000000
13.979164430,0.000000000,0.000000000,0.000000000,0.000000000,0.000000000,9.800000000,1.000000000,0.000000000,0.000000000,0.000000000
13.983331096,0.000000000,0.000000000,0.000000000,0.000000000,0.000000000,9.800000000,1.000000000,0.000000000,0.000000000,0.000000000
13.987497762,0.000000000,0.000000000,0.000000000,0.000000000,0.000000000,9.800000000,1.000000000,0.000000000,0.000000000,0.000000000
13.991664428,0.000000000,0.000000000,0.000000000,0.000000000,0.000000000,9.800000000,1.000000000,0.000000000,0.000000000,0.000000000
13.995831094,0.000000000,0.000000000,0.000000000,0.000000000,0.000000000,9.800000000,1.000000000,0.000000000,0.000000000,0.000000000
14.004164426,0.000000000,0.000000000,0.000000000,0.000000000,0.000000000,9.800000000,1.000000000,0.000000000,0.000000000,0.000000000
14.008331092,0.000000000,0.000000000,0.000000000,0.000000000,0.000000000,9.800000000,1.000000000,0.000000000,0.000000000,0.000000000
14.012497758,0.000000000,0.000000000,0.000000000,0.000000000,0.000000000,9.800000000,1.000000000,0.000000000,0.000000000,0.000000000
14.016664424,0.000000000,0.000000000,0.000000000,0.000000000,0.000000000,9.800000000,1.000000000,0.000000000,0.000000000,0.000000000
14.020831090,0.000000000,0.000000000,0.000000000,0.000000000,0.000000000,9.800000000,1.000000000,0.000000000,0.000000000,0.000000000
14.029164422,0.000000000,0.000000000,0.000000000,0.000000000,0.000000000,9.800000000,1.000000000,0.000000000,0.000000000,0.000000000
14.033331088,0.000000000,0.000000000,0.000000000,0.000000000,0.000000000,9.800000000,1.000000000,0.000000000,0.000000000,0.000000000
14.037497754,0.000000000,0.000000000,0.000000000,0.000000000,0.000000000,9.800000000,1.000000000,0.000000000,0.000000000,0.000000000
14.041664420,0.000000000,0.000000000,0.000000000,0.000000000,0.000000000,9.800000000,1.000000000,0.000000000,0.000000000,0.000000000
14.045831086,0.000000000,0.000000000,0.000000000,0.000000000,0.000000000,9.800000000,1.000000000,0.000000000,0.000000000,0.000000000
14.054164418,0.000000000,0.000000000,0.000000000,0.000000000,0.000000000,9.800000000,1.000000000,0.000000000,0.000000000,0.000000000
14.058331084,0.000000000,0.000000000,0.000000000,0.000000000,0.000000000,9.800000000,1.000000000,0.000000000,0.000000000,0.000000000
14.062497750,0.000000000,0.000000000,0.000000000,0.000000000,0.000000000,9.800000000,1.000000000,0.000000000,0.000000000,0.000000000
14.066664416,0.000000000,0.000000000,0.000000000,0.000000000,0.000000000,9.800000000,1.000000000,0.000000000,0.000000000,0.000000000
14.070831082,0.000000000,0.000000000,0.000000000,0.000000000,0.000000000,9.800000000,1.000000000,0.000000000,0.000000000,0.000000000
14.079164414,0.000000000,0.000000000,0.000000000,0.000000000,0.000000000,9.800000000,1.000000000,0.000000000,0.000000000,0.000000000
14.083331080,0.000000000,0.000000000,0.000000000,0.000000000,0.000000000,9.800000000,1.000000000,0.000000000,0.000000000,0.000000000
14.087497746,0.000000000,0.000000000,0.000000000,0.000000000,0.000000000,9.800000000,1.000000000,0.000000000,0.000000000,0.000000000
14.091664412,0.000000000,0.000000000,0.000000000,0.000000000,0.000000000,9.800000000,1.000000000,0.000000000,0.000000000,0.000000000
14.095831078,0.000000000,0.000000000,0.000000000,0.000000000,0.000000000,9.800000000,1.000000000,0.000000000,0.000000000,0.000000000
14.104164410,0.000000000,0.000000000,0.000000000,0.000000000,0.000000000,9.800000000,1.000000000,0.000000000,0.000000000,0.000000000
14.108331076,0.000000000,0.000000000,0.000000000,0.000000000,0.000000000,9.800000000,1.000000000,0.000000000,0.000000000,0.000000000
14.112497742,0.000000000,0.000000000,0.000000000,0.000000000,0.000000000,9.800000000,1.000000000,0.000000000,0.000000000,0.000000000
14.116664408,0.000000000,0.000000000,0.000000000,0.000000000,0.000000000,9.800000000,1.000000000,0.000000000,0.000000000,0.000000000
14.120831074,0.000000000,0.000000000,0.000000000,0.000000000,0.000000000,9.800000000,1.000000000,0.000000000,0.000000000,0.000000000
14.129164406,0.000000000,0.000000000,0.000000000,0.000000000,0.000000000,9.800000000,1.000000000,0.000000000,0.000000000,0.000000000
14.133331072,0.000000000,0.000000000,0.000000000,0.000000000,0.000000000,9.800000000,1.000000000,0.000000000,0.000000000,0.000000000
14.137497738,0.000000000,0.000000000,0.000000000,0.000000000,0.000000000,9.800000000,1.000000000,0.000000000,0.000000000,0.000000000
14.141664404,0.000000000,0.000000000,0.000000000,0.000000000,0.000000000,9.800000000,1.000000000,0.000000000,0.000000000,0.000000000
14.145831070,0.000000000,0.000000000,0.000000000,0.000000000,0.000000000,9.800000000,1.000000000,0.000000000,0.000000000,0.000000000
14.154164402,0.000000000,0.000000000,0.000000000,0.000000000,0.000000000,9.800000000,1.000000000,0.000000000,0.000000000,0.000000000
14.158331068,0.000000000,0.000000000,0.000000000,0.000000000,0.000000000,9.800000000,1.000000000,0.000000000,0.000000000,0.000000000
14.162497734,0.000000000,0.000000000,0.000000000,0.000000000,0.000000000,9.800000000,1.000000000,0.000000000,0.000000000,0.000000000
14.166664400,0.000000000,0.000000000,0.000000000,0.000000000,0.000000000,9.800000000,1.000000000,0.000000000,0.000000000,0.000000000
14.170831066,0.000000000,0.000000000,0.000000000,0.000000000,0.000000000,9.800000000,1.000000000,0.000000000,0.000000000,0.000000000
14.179164398,0.000000000,0.000000000,0.000000000,0.000000000,0.000000000,9.800000000,1.000000000,0.000000000,0.000000000,0.000000000
14.183331064,0.000000000,0.000000000,0.000000000,0.000000000,0.000000000,9.800000000,1.000000000,0.000000000,0.000000000,0.000000000
14.187497730,0.000000000,0.000000000,0.000000000,0.000000000,0.000000000,9.800000000,1.000000000,0.000000000,0.000000000,0.000000000
14.191664396,0.000000000,0.000000000,0.000000000,0.000000000,0.000000000,9.800000000,1.000000000,0.000000000,0.000000000,0.000000000
14.195831062,0.000000000,0.000000000,0.000000000,0.000000000,0.000000000,9.800000000,1.000000000,0.000000000,0.000000000,0.000000000
14.204164394,0.000000000,0.000000000,0.000000000,0.000000000,0.000000000,9.800000000,1.000000000,0.000000000,0.000000000,0.000000000
14.208331060,0.000000000,0.000000000,0.000000000,0.000000000,0.000000000,9.800000000,1.000000000,0.000000000,0.000000000,0.000000000
14.212497726,0.000000000,0.000000000,0.000000000,0.000000000,0.000000000,9.800000000,1.000000000,0.000000000,0.000000000,0.000000000
14.216664392,0.000000000,0.000000000,0.000000000,0.000000000,0.000000000,9.800000000,1.000000000,0.000000000,0.000000000,0.000000000
14.220831058,0.000000000,0.000000000,0.000000000,0.000000000,0.000000000,9.800000000,1.000000000,0.000000000,0.000000000,0.000000000
14.229164390,0.000000000,0.000000000,0.000000000,0.000000000,0.000000000,9.800000000,1.000000000,0.000000000,0.000000000,0.000000000
14.233331056,0.000000000,0.000000000,0.000000000,0.000000000,0.000000000,9.800000000,1.000000000,0.000000000,0.000000000,0.000000000
14.237497722,0.000000000,0.000000000,0.000000000,0.000000000,0.000000000,9.800000000,1.000000000,0.000000000,0.000000000,0.000000000
14.241664388,0.000000000,0.000000000,0.000000000,0.000000000,0.000000000,9.800000000,1.000000000,0.000000000,0.000000000,0.000000000
14.245831054,0.000000000,0.000000000,0.000000000,0.000000000,0.000000000,9.800000000,1.000000000,0.000000000,0.000000000,0.000000000
14.254164386,0.000000000,0.000000000,0.000000000,0.000000000,0.000000000,9.800000000,1.000000000,0.000000000,0.000000000,0.000000000
14.258331052,0.000000000,0.000000000,0.000000000,0.000000000,0.000000000,9.800000000,1.000000000,0.000000000,0.000000000,0.000000000
14.262497718,0.000000000,0.000000000,0.000000000,0.000000000,0.000000000,9.800000000,1.000000000,0.000000000,0.000000000,0.000000000
14.266664384,0.000000000,0.000000000,0.000000000,0.000000000,0.000000000,9.800000000,1.000000000,0.000000000,0.000000000,0.000000000
14.270831050,0.000000000,0.000000000,0.000000000,0.000000000,0.000000000,9.800000000,1.000000000,0.000000000,0.000000000,0.000000000
14.279164382,0.000000000,0.000000000,0.000000000,0.000000000,0.000000000,9.800000000,1.000000000,0.000000000,0.000000000,0.000000000
14.283331048,0.000000000,0.000000000,0.000000000,0.000000000,0.000000000,9.800000000,1.000000000,0.000000000,0.000000000,0.000000000
14.287497714,0.000000000,0.000000000,0.000000000,0.000000000,0.000000000,9.800000000,1.000000000,0.000000000,0.000000000,0.000000000
14.291664380,0.000000000,0.000000000,0.000000000,0.000000000,0.000000000,9.800000000,1.000000000,0.000000000,0.000000000,0.000000000
14.295831046,0.000000000,0.000000000,0.000000000,0.000000000,0.000000000,9.800000000,1.000000000,0.000000000,0.000000000,0.000000000
14.304164378,0.000000000,0.000000000,0.000000000,0.000000000,0.000000000,9.800000000,1.000000000,0.000000000,0.000000000,0.000000000
14.308331044,0.000000000,0.000000000,0.000000000,0.000000000,0.000000000,9.800000000,1.000000000,0.000000000,0.000000000,0.000000000
14.312497710,0.000000000,0.000000000,0.000000000,0.000000000,0.000000000,9.800000000,1.000000000,0.000000000,0.000000000,0.000000000
14.316664376,0.000000000,0.000000000,0.000000000,0.000000000,0.000000000,9.800000000,1.000000000,0.000000000,0.000000000,0.000000000
14.320831042,0.000000000,0.000000000,0.000000000,0.000000000,0.000000000,9.800000000,1.000000000,0.000000000,0.000000000,0.000000000
14.329164374,0.000000000,0.000000000,0.000000000,0.000000000,0.000000000,9.800000000,1.000000000,0.000000000,0.000000000,0.000000000
14.333331040,0.000000000,0.000000000,0.000000000,0.000000000,0.000000000,9.800000000,1.000000000,0.000000000,0.000000000,0.000000000
14.337497706,0.000000000,0.000000000,0.000000000,0.000000000,0.000000000,9.800000000,1.000000000,0.000000000,0.000000000,0.000000000
14.341664372,0.000000000,0.000000000,0.000000000,0.000000000,0.000000000,9.800000000,1.000000000,0.000000000,0.000000000,0.000000000
14.345831038,0.000000000,0.000000000,0.000000000,0.000000000,0.000000000,9.800000000,1.000000000,0.000000000,0.000000000,0.000000000
14.354164370,0.000000000,0.000000000,0.000000000,0.000000000,0.000000000,9.800000000,1.000000000,0.000000000,0.000000000,0.000000000
14.358331036,0.000000000,0.000000000,0.000000000,0.000000000,0.000000000,9.800000000,1.000000000,0.000000000,0.000000000,0.000000000
14.362497702,0.000000000,0.000000000,0.000000000,0.000000000,0.000000000,9.800000000,1.000000000,0.000000000,0.000000000,0.000000000
14.366664368,0.000000000,0.000000000,0.000000000,0.000000000,0.000000000,9.800000000,1.000000000,0.000000000,0.000000000,0.000000000
14.370831034,0.000000000,0.000000000,0.000000000,0.000000000,0.000000000,9.800000000,1.000000000,0.000000000,0.000000000,0.000000000
14.379164366,0.000000000,0.000000000,0.000000000,0.000000000,0.000000000,9.800000000,1.000000000,0.000000000,0.000000000,0.000000000
14.383331032,0.000000000,0.000000000,0.000000000,0.000000000,0.000000000,9.800000000,1.000000000,0.000000000,0.000000000,0.000000000
14.387497698,0.000000000,0.000000000,0.000000000,0.000000000,0.000000000,9.800000000,1.000000000,0.000000000,0.000000000,0.000000000
14.391664364,0.000000000,0.000000000,0.000000000,0.000000000,0.000000000,9.800000000,1.000000000,0.000000000,0.000000000,0.000000000
14.395831030,0.000000000,0.000000000,0.000000000,0.000000000,0.000000000,9.800000000,1.000000000,0.000000000,0.000000000,0.000000000
14.404164362,0.000000000,0.000000000,0.000000000,0.000000000,0.000000000,9.800000000,1.000000000,0.000000000,0.000000000,0.000000000
14.408331028,0.000000000,0.000000000,0.000000000,0.000000000,0.000000000,9.800000000,1.000000000,0.000000000,0.000000000,0.000000000
14.412497694,0.000000000,0.000000000,0.000000000,0.000000000,0.000000000,9.800000000,1.000000000,0.000000000,0.000000000,0.000000000
14.416664360,0.000000000,0.000000000,0.000000000,0.000000000,0.000000000,9.800000000,1.000000000,0.000000000,0.000000000,0.000000000
14.420831026,0.000000000,0.000000000,0.000000000,0.000000000,0.000000000,9.800000000,1.000000000,0.000000000,0.000000000,0.000000000
14.429164358,0.000000000,0.000000000,0.000000000,0.000000000,0.000000000,9.800000000,1.000000000,0.000000000,0.000000000,0.000000000
14.433331024,0.000000000,0.000000000,0.000000000,0.000000000,0.000000000,9.800000000,1.000000000,0.000000000,0.000000000,0.000000000
14.437497690,0.000000000,0.000000000,0.000000000,0.000000000,0.000000000,9.800000000,1.000000000,0.000000000,0.000000000,0.000000000
14.441664356,0.000000000,0.000000000,0.000000000,0.000000000,0.000000000,9.800000000,1.000000000,0.000000000,0.000000000,0.000000000
14.445831022,0.000000000,0.000000000,0.000000000,0.000000000,0.000000000,9.800000000,1.000000000,0.000000000,0.000000000,0.000000000
14.454164354,0.000000000,0.000000000,0.000000000,0.000000000,0.000000000,9.800000000,1.000000000,0.000000000,0.000000000,0.000000000
14.458331020,0.000000000,0.000000000,0.000000000,0.000000000,0.000000000,9.800000000,1.000000000,0.000000000,0.000000000,0.000000000
14.462497686,0.000000000,0.000000000,0.000000000,0.000000000,0.000000000,9.800000000,1.000000000,0.000000000,0.000000000,0.000000000
14.466664352,0.000000000,0.000000000,0.000000000,0.000000000,0.000000000,9.800000000,1.000000000,0.000000000,0.000000000,0.000000000
14.470831018,0.000000000,0.000000000,0.000000000,0.000000000,0.000000000,9.800000000,1.000000000,0.000000000,0.000000000,0.000000000
14.479164350,0.000000000,0.000000000,0.000000000,0.000000000,0.000000000,9.800000000,1.000000000,0.000000000,0.000000000,0.000000000
14.483331016,0.000000000,0.000000000,0.000000000,0.000000000,0.000000000,9.800000000,1.000000000,0.000000000,0.000000000,0.000000000
14.487497682,0.000000000,0.000000000,0.000000000,0.000000000,0.000000000,9.800000000,1.000000000,0.000000000,0.000000000,0.000000000
14.491664348,0.000000000,0.000000000,0.000000000,0.000000000,0.000000000,9.800000000,1.000000000,0.000000000,0.000000000,0.000000000
14.495831014,0.000000000,0.000000000,0.000000000,0.000000000,0.000000000,9.800000000,1.000000000,0.000000000,0.000000000,0.000000000
14.504164346,0.000000000,0.000000000,0.000000000,0.000000000,0.000000000,9.800000000,1.000000000,0.000000000,0.000000000,0.000000000
14.508331012,0.000000000,0.000000000,0.000000000,0.000000000,0.000000000,9.800000000,1.000000000,0.000000000,0.000000000,0.000000000
14.512497678,0.000000000,0.000000000,0.000000000,0.000000000,0.000000000,9.800000000,1.000000000,0.000000000,0.000000000,0.000000000
14.516664344,0.000000000,0.000000000,0.000000000,0.000000000,0.000000000,9.800000000,1.000000000,0.000000000,0.000000000,0.000000000
14.520831010,0.000000000,0.000000000,0.000000000,0.000000000,0.000000000,9.800000000,1.000000000,0.000000000,0.000000000,0.000000000
14.529164342,0.000000000,0.000000000,0.000000000,0.000000000,0.000000000,9.800000000,1.000000000,0.000000000,0.000000000,0.000000000
14.533331008,0.000000000,0.000000000,0.000000000,0.000000000,0.000000000,9.800000000,1.000000000,0.000000000,0.000000000,0.000000000
14.537497674,0.000000000,0.000000000,0.000000000,0.000000000,0.000000000,9.800000000,1.000000000,0.000000000,0.000000000,0.000000000
14.541664340,0.000000000,0.000000000,0.000000000,0.000000000,0.000000000,9.800000000,1.000000000,0.000000000,0.000000000,0.000000000
14.545831006,0.000000000,0.000000000,0.000000000,0.000000000,0.000000000,9.800000000,1.000000000,0.000000000,0.000000000,0.000000000
14.554164338,0.000000000,0.000000000,0.000000000,0.000000000,0.000000000,9.800000000,1.000000000,0.000000000,0.000000000,0.000000000
14.558331004,0.000000000,0.000000000,0.000000000,0.000000000,0.000000000,9.800000000,1.000000000,0.000000000,0.000000000,0.000000000
14.562497670,0.000000000,0.000000000,0.000000000,0.000000000,0.000000000,9.800000000,1.000000000,0.000000000,0.000000000,0.000000000
14.566664336,0.000000000,0.000000000,0.000000000,0.000000000,0.000000000,9.800000000,1.000000000,0.000000000,0.000000000,0.000000000
14.570831002,0.000000000,0.000000000,0.000000000,0.000000000,0.000000000,9.800000000,1.000000000,0.000000000,0.000000000,0.000000000
14.579164334,0.000000000,0.000000000,0.000000000,0.000000000,0.000000000,9.800000000,1.000000000,0.000000000,0.000000000,0.000000000
14.583331000,0.000000000,0.000000000,0.000000000,0.000000000,0.000000000,9.800000000,1.000000000,0.000000000,0.000000000,0.000000000
14.587497666,0.000000000,0.000000000,0.000000000,0.000000000,0.000000000,9.800000000,1.000000000,0.000000000,0.000000000,0.000000000
14.591664332,0.000000000,0.000000000,0.000000000,0.000000000,0.000000000,9.800000000,1.000000000,0.000000000,0.000000000,0.000000000
14.595830998,0.000000000,0.000000000,0.000000000,0.000000000,0.000000000,9.800000000,1.000000000,0.000000000,0.000000000,0.000000000
14.604164330,0.000000000,0.000000000,0.000000000,0.000000000,0.000000000,9.800000000,1.000000000,0.000000000,0.000000000,0.000000000
14.608330996,0.000000000,0.000000000,0.000000000,0.000000000,0.000000000,9.800000000,1.000000000,0.000000000,0.000000000,0.000000000
14.612497662,0.000000000,0.000000000,0.000000000,0.000000000,0.000000000,9.800000000,1.000000000,0.000000000,0.000000000,0.000000000
14.616664328,0.000000000,0.000000000,0.000000000,0.000000000,0.000000000,9.800000000,1.000000000,0.000000000,0.000000000,0.000000000
14.620830994,0.000000000,0.000000000,0.000000000,0.000000000,0.000000000,9.800000000,1.000000000,0.000000000,0.000000000,0.000000000
14.629164326,0.000000000,0.000000000,0.000000000,0.000000000,0.000000000,9.800000000,1.000000000,0.000000000,0.000000000,0.000000000
14.633330992,0.000000000,0.000000000,0.000000000,0.000000000,0.000000000,9.800000000,1.000000000,0.000000000,0.000000000,0.000000000
14.637497658,0.000000000,0.000000000,0.000000000,0.000000000,0.000000000,9.800000000,1.000000000,0.000000000,0.000000000,0.000000000
14.641664324,0.000000000,0.000000000,0.000000000,0.000000000,0.000000000,9.800000000,1.000000000,0.000000000,0.000000000,0.000000000
14.645830990,0.000000000,0.000000000,0.000000000,0.000000000,0.000000000,9.800000000,1.000000000,0.000000000,0.000000000,0.000000000
14.654164322,0.000000000,0.000000000,0.000000000,0.000000000,0.000000000,9.800000000,1.000000000,0.000000000,0.000000000,0.000000000
14.658330988,0.000000000,0.000000000,0.000000000,0.000000000,0.000000000,9.800000000,1.000000000,0.000000000,0.000000000,0.000000000
14.662497654,0.000000000,0.000000000,0.000000000,0.000000000,0.000000000,9.800000000,1.000000000,0.000000000,0.000000000,0.000000000
14.666664320,0.000000000,0.000000000,0.000000000,0.000000000,0.000000000,9.800000000,1.000000000,0.000000000,0.000000000,0.000000000
14.670830986,0.000000000,0.000000000,0.000000000,0.000000000,0.000000000,9.800000000,1.000000000,0.000000000,0.000000000,0.000000000
14.679164318,0.000000000,0.000000000,0.000000000,0.000000000,0.000000000,9.800000000,1.000000000,0.000000000,0.000000000,0.000000000
14.683330984,0.000000000,0.000000000,0.000000000,0.000000000,0.000000000,9.800000000,1.000000000,0.000000000,0.000000000,0.000000000
14.687497650,0.000000000,0.000000000,0.000000000,0.000000000,0.000000000,9.800000000,1.000000000,0.000000000,0.000000000,0.000000000
14.691664316,0.000000000,0.000000000,0.000000000,0.000000000,0.000000000,9.800000000,1.000000000,0.000000000,0.000000000,0.000000000
14.695830982,0.000000000,0.000000000,0.000000000,0.000000000,0.000000000,9.800000000,1.000000000,0.000000000,0.000000000,0.000000000
14.704164314,0.000000000,0.000000000,0.000000000,0.000000000,0.000000000,9.800000000,1.000000000,0.000000000,0.000000000,0.000000000
14.708330980,0.000000000,0.000000000,0.000000000,0.000000000,0.000000000,9.800000000,1.000000000,0.000000000,0.000000000,0.000000000
14.712497646,0.000000000,0.000000000,0.000000000,0.000000000,0.000000000,9.800000000,1.000000000,0.000000000,0.000000000,0.000000000
14.716664312,0.000000000,0.000000000,0.000000000,0.000000000,0.000000000,9.800000000,1.000000000,0.000000000,0.000000000,0.000000000
14.720830978,0.000000000,0.000000000,0.000000000,0.000000000,0.000000000,9.800000000,1.000000000,0.000000000,0.000000000,0.000000000
14.729164310,0.000000000,0.000000000,0.000000000,0.000000000,0.000000000,9.800000000,1.000000000,0.000000000,0.000000000,0.000000000
14.733330976,0.000000000,0.000000000,0.000000000,0.000000000,0.000000000,9.800000000,1.000000000,0.000000000,0.000000000,0.000000000
14.737497642,0.000000000,0.000000000,0.000000000,0.000000000,0.000000000,9.800000000,1.000000000,0.000000000,0.000000000,0.000000000
14.741664308,0.000000000,0.000000000,0.000000000,0.000000000,0.000000000,9.800000000,1.000000000,0.000000000,0.000000000,0.000000000
14.745830974,0.000000000,0.000000000,0.000000000,0.000000000,0.000000000,9.800000000,1.000000000,0.000000000,0.000000000,0.000000000
14.754164306,0.000000000,0.000000000,0.000000000,0.000000000,0.000000000,9.800000000,1.000000000,0.000000000,0.000000000,0.000000000
14.758330972,0.000000000,0.000000000,0.000000000,0.000000000,0.000000000,9.800000000,1.000000000,0.000000000,0.000000000,0.000000000
14.762497638,0.000000000,0.000000000,0.000000000,0.000000000,0.000000000,9.800000000,1.000000000,0.000000000,0.000000000,0.000000000
14.766664304,0.000000000,0.000000000,0.000000000,0.000000000,0.000000000,9.800000000,1.000000000,0.000000000,0.000000000,0.000000000
14.770830970,0.000000000,0.000000000,0.000000000,0.000000000,0.000000000,9.800000000,1.000000000,0.000000000,0.000000000,0.000000000
14.779164302,0.000000000,0.000000000,0.000000000,0.000000000,0.000000000,9.800000000,1.000000000,0.000000000,0.000000000,0.000000000
14.783330968,0.000000000,0.000000000,0.000000000,0.000000000,0.000000000,9.800000000,1.000000000,0.000000000,0.000000000,0.000000000
14.787497634,0.000000000,0.000000000,0.000000000,0.000000000,0.000000000,9.800000000,1.000000000,0.000000000,0.000000000,0.000000000
14.791664300,0.000000000,0.000000000,0.000000000,0.000000000,0.000000000,9.800000000,1.000000000,0.000000000,0.000000000,0.000000000
14.795830966,0.000000000,0.000000000,0.000000000,0.000000000,0.000000000,9.800000000,1.000000000,0.000000000,0.000000000,0.000000000
14.804164298,0.000000000,0.000000000,0.000000000,0.000000000,0.000000000,9.800000000,1.000000000,0.000000000,0.000000000,0.000000000
14.808330964,0.000000000,0.000000000,0.000000000,0.000000000,0.000000000,9.800000000,1.000000000,0.000000000,0.000000000,0.000000000
14.812497630,0.000000000,0.000000000,0.000000000,0.000000000,0.000000000,9.800000000,1.000000000,0.000000000,0.000000000,0.000000000
14.816664296,0.000000000,0.000000000,0.000000000,0.000000000,0.000000000,9.800000000,1.000000000,0.000000000,0.000000000,0.000000000
14.820830962,0.000000000,0.000000000,0.000000000,0.000000000,0.000000000,9.800000000,1.000000000,0.000000000,0.000000000,0.000000000
14.829164294,0.000000000,0.000000000,0.000000000,0.000000000,0.000000000,9.800000000,1.000000000,0.000000000,0.000000000,0.000000000
14.833330960,0.000000000,0.000000000,0.000000000,0.000000000,0.000000000,9.800000000,1.000000000,0.000000000,0.000000000,0.000000000
14.837497626,0.000000000,0.000000000,0.000000000,0.000000000,0.000000000,9.800000000,1.000000000,0.000000000,0.000000000,0.000000000
14.841664292,0.000000000,0.000000000,0.000000000,0.000000000,0.000000000,9.800000000,1.000000000,0.000000000,0.000000000,0.000000000
14.845830958,0.000000000,0.000000000,0.000000000,0.000000000,0.000000000,9.800000000,1.000000000,0.000000000,0.000000000,0.000000000
14.854164290,0.000000000,0.000000000,0.000000000,0.000000000,0.000000000,9.800000000,1.000000000,0.000000000,0.000000000,0.000000000
14.858330956,0.000000000,0.000000000,0.000000000,0.000000000,0.000000000,9.800000000,1.000000000,0.000000000,0.000000000,0.000000000
14.862497622,0.000000000,0.000000000,0.000000000,0.000000000,0.000000000,9.800000000,1.000000000,0.000000000,0.000000000,0.000000000
14.866664288,0.000000000,0.000000000,0.000000000,0.000000000,0.000000000,9.800000000,1.000000000,0.000000000,0.000000000,0.000000000
14.870830954,0.000000000,0.000000000,0.000000000,0.000000000,0.000000000,9.800000000,1.000000000,0.000000000,0.000000000,0.000000000
14.879164286,0.000000000,0.000000000,0.000000000,0.000000000,0.000000000,9.800000000,1.000000000,0.000000000,0.000000000,0.000000000
14.883330952,0.000000000,0.000000000,0.000000000,0.000000000,0.000000000,9.800000000,1.000000000,0.000000000,0.000000000,0.000000000
14.887497618,0.000000000,0.000000000,0.000000000,0.000000000,0.000000000,9.800000000,1.000000000,0.000000000,0.000000000,0.000000000
14.891664284,0.000000000,0.000000000,0.000000000,0.000000000,0.000000000,9.800000000,1.000000000,0.000000000,0.000000000,0.000000000
14.895830950,0.000000000,0.000000000,0.000000000,0.000000000,0.000000000,9.800000000,1.000000000,0.000000000,0.000000000,0.000000000
14.904164282,0.000000000,0.000000000,0.000000000,0.000000000,0.000000000,9.800000000,1.000000000,0.000000000,0.000000000,0.000000000
14.908330948,0.000000000,0.000000000,0.000000000,0.000000000,0.000000000,9.800000000,1.000000000,0.000000000,0.000000000,0.000000000
14.912497614,0.000000000,0.000000000,0.000000000,0.000000000,0.000000000,9.800000000,1.000000000,0.000000000,0.000000000,0.000000000
14.916664280,0.000000000,0.000000000,0.000000000,0.000000000,0.000000000,9.800000000,1.000000000,0.000000000,0.000000000,0.000000000
14.920830946,0.000000000,0.000000000,0.000000000,0.000000000,0.000000000,9.800000000,1.000000000,0.000000000,0.000000000,0.000000000
14.929164278,0.000000000,0.000000000,0.000000000,0.000000000,0.000000000,9.800000000,1.000000000,0.000000000,0.000000000,0.000000000
14.933330944,0.000000000,0.000000000,0.000000000,0.000000000,0.000000000,9.800000000,1.000000000,0.000000000,0.000000000,0.000000000
14.937497610,0.000000000,0.000000000,0.000000000,0.000000000,0.000000000,9.800000000,1.000000000,0.000000000,0.000000000,0.000000000
14.941664276,0.000000000,0.000000000,0.000000000,0.000000000,0.000000000,9.800000000,1.000000000,0.000000000,0.000000000,0.000000000
14.945830942,0.000000000,0.000000000,0.000000000,0.000000000,0.000000000,9.800000000,1.000000000,0.000000000,0.000000000,0.000000000
14.954164274,0.000000000,0.000000000,0.000000000,0.000000000,0.000000000,9.800000000,1.000000000,0.000000000,0.000000000,0.000000000
14.958330940,0.000000000,0.000000000,0.000000000,0.000000000,0.000000000,9.800000000,1.000000000,0.000000000,0.000000000,0.000000000
14.962497606,0.000000000,0.000000000,0.000000000,0.000000000,0.000000000,9.800000000,1.000000000,0.000000000,0.000000000,0.000000000
14.966664272,0.000000000,0.000000000,0.000000000,0.000000000,0.000000000,9.800000000,1.000000000,0.000000000,0.000000000,0.000000000
14.970830938,0.000000000,0.000000000,0.000000000,0.000000000,0.000000000,9.800000000,1.000000000,0.000000000,0.000000000,0.000000000
14.979164270,0.000000000,0.000000000,0.000000000,0.000000000,0.000000000,9.800000000,1.000000000,0.000000000,0.000000000,0.000000000
14.983330936,0.000000000,0.000000000,0.000000000,0.000000000,0.000000000,9.800000000,1.000000000,0.000000000,0.000000000,0.000000000
14.987497602,0.000000000,0.000000000,0.000000000,0.000000000,0.000000000,9.800000000,1.000000000,0.000000000,0.000000000,0.000000000
14.991664268,0.000000000,0.000000000,0.000000000,0.000000000,0.000000000,9.800000000,1.000000000,0.000000000,0.000000000,0.000000000
14.995830934,0.000000000,0.000000000,0.000000000,0.000000000,0.000000000,9.800000000,1.000000000,0.000000000,0.000000000,0.000000000
15.004164266,0.000000000,0.000000000,0.000000000,0.000000000,0.000000000,9.800000000,1.000000000,0.000000000,0.000000000,0.000000000
15.008330932,0.000000000,0.000000000,0.000000000,0.000000000,0.000000000,9.800000000,1.000000000,0.000000000,0.000000000,0.000000000
15.012497598,0.000000000,0.000000000,0.000000000,0.000000000,0.000000000,9.800000000,1.000000000,0.000000000,0.000000000,0.000000000
15.016664264,0.000000000,0.000000000,0.000000000,0.000000000,0.000000000,9.800000000,1.000000000,0.000000000,0.000000000,0.000000000
15.020830930,0.000000000,0.000000000,0.000000000,0.000000000,0.000000000,9.800000000,1.000000000,0.000000000,0.000000000,0.000000000
15.029164262,0.000000000,0.000000000,0.000000000,0.000000000,0.000000000,9.800000000,1.000000000,0.000000000,0.000000000,0.000000000
15.033330928,0.000000000,0.000000000,0.000000000,0.000000000,0.000000000,9.800000000,1.000000000,0.000000000,0.000000000,0.000000000
15.037497594,0.000000000,0.000000000,0.000000000,0.000000000,0.000000000,9.800000000,1.000000000,0.000000000,0.000000000,0.000000000
15.041664260,0.000000000,0.000000000,0.000000000,0.000000000,0.000000000,9.800000000,1.000000000,0.000000000,0.000000000,0.000000000
15.045830926,0.000000000,0.000000000,0.000000000,0.000000000,0.000000000,9.800000000,1.000000000,0.000000000,0.000000000,0.000000000
15.054164258,0.000000000,0.000000000,0.000000000,0.000000000,0.000000000,9.800000000,1.000000000,0.000000000,0.000000000,0.000000000
15.058330924,0.000000000,0.000000000,0.000000000,0.000000000,0.000000000,9.800000000,1.000000000,0.000000000,0.000000000,0.000000000
15.062497590,0.000000000,0.000000000,0.000000000,0.000000000,0.000000000,9.800000000,1.000000000,0.000000000,0.000000000,0.000000000
15.066664256,0.000000000,0.000000000,0.000000000,0.000000000,0.000000000,9.800000000,1.000000000,0.000000000,0.000000000,0.000000000
15.070830922,0.000000000,0.000000000,0.000000000,0.000000000,0.000000000,9.800000000,1.000000000,0.000000000,0.000000000,0.000000000
15.079164254,0.000000000,0.000000000,0.000000000,0.000000000,0.000000000,9.800000000,1.000000000,0.000000000,0.000000000,0.000000000
15.083330920,0.000000000,0.000000000,0.000000000,0.000000000,0.000000000,9.800000000,1.000000000,0.000000000,0.000000000,0.000000000
15.087497586,0.000000000,0.000000000,0.000000000,0.000000000,0.000000000,9.800000000,1.000000000,0.000000000,0.000000000,0.000000000
15.091664252,0.000000000,0.000000000,0.000000000,0.000000000,0.000000000,9.800000000,1.000000000,0.000000000,0.000000000,0.000000000
15.095830918,0.000000000,0.000000000,0.000000000,0.000000000,0.000000000,9.800000000,1.000000000,0.000000000,0.000000000,0.000000000
15.104164250,0.000000000,0.000000000,0.000000000,0.000000000,0.000000000,9.800000000,1.000000000,0.000000000,0.000000000,0.000000000
15.108330916,0.000000000,0.000000000,0.000000000,0.000000000,0.000000000,9.800000000,1.000000000,0.000000000,0.000000000,0.000000000
15.112497582,0.000000000,0.000000000,0.000000000,0.000000000,0.000000000,9.800000000,1.000000000,0.000000000,0.000000000,0.000000000
15.116664248,0.000000000,0.000000000,0.000000000,0.000000000,0.000000000,9.800000000,1.000000000,0.000000000,0.000000000,0.000000000
15.120830914,0.000000000,0.000000000,0.000000000,0.000000000,0.000000000,9.800000000,1.000000000,0.000000000,0.000000000,0.000000000
15.129164246,0.000000000,0.000000000,0.000000000,0.000000000,0.000000000,9.800000000,1.000000000,0.000000000,0.000000000,0.000000000
15.133330912,0.000000000,0.000000000,0.000000000,0.000000000,0.000000000,9.800000000,1.000000000,0.000000000,0.000000000,0.000000000
15.137497578,0.000000000,0.000000000,0.000000000,0.000000000,0.000000000,9.800000000,1.000000000,0.000000000,0.000000000,0.000000000
15.141664244,0.000000000,0.000000000,0.000000000,0.000000000,0.000000000,9.800000000,1.000000000,0.000000000,0.000000000,0.000000000
15.145830910,0.000000000,0.000000000,0.000000000,0.000000000,0.000000000,9.800000000,1.000000000,0.000000000,0.000000000,0.000000000
15.154164242,0.000000000,0.000000000,0.000000000,0.000000000,0.000000000,9.800000000,1.000000000,0.000000000,0.000000000,0.000000000
15.158330908,0.000000000,0.000000000,0.000000000,0.000000000,0.000000000,9.800000000,1.000000000,0.000000000,0.000000000,0.000000000
15.162497574,0.000000000,0.000000000,0.000000000,0.000000000,0.000000000,9.800000000,1.000000000,0.000000000,0.000000000,0.000000000
15.166664240,0.000000000,0.000000000,0.000000000,0.000000000,0.000000000,9.800000000,1.000000000,0.000000000,0.000000000,0.000000000
15.170830906,0.000000000,0.000000000,0.000000000,0.000000000,0.000000000,9.800000000,1.000000000,0.000000000,0.000000000,0.000000000
15.179164238,0.000000000,0.000000000,0.000000000,0.000000000,0.000000000,9.800000000,1.000000000,0.000000000,0.000000000,0.000000000
15.183330904,0.000000000,0.000000000,0.000000000,0.000000000,0.000000000,9.800000000,1.000000000,0.000000000,0.000000000,0.000000000
15.187497570,0.000000000,0.000000000,0.000000000,0.000000000,0.000000000,9.800000000,1.000000000,0.000000000,0.000000000,0.000000000
15.191664236,0.000000000,0.000000000,0.000000000,0.000000000,0.000000000,9.800000000,1.000000000,0.000000000,0.000000000,0.000000000
15.195830902,0.000000000,0.000000000,0.000000000,0.000000000,0.000000000,9.800000000,1.000000000,0.000000000,0.000000000,0.000000000
15.204164234,0.000000000,0.000000000,0.000000000,0.000000000,0.000000000,9.800000000,1.000000000,0.000000000,0.000000000,0.000000000
15.208330900,0.000000000,0.000000000,0.000000000,0.000000000,0.000000000,9.800000000,1.000000000,0.000000000,0.000000000,0.000000000
15.212497566,0.000000000,0.000000000,0.000000000,0.000000000,0.000000000,9.800000000,1.000000000,0.000000000,0.000000000,0.000000000
15.216664232,0.000000000,0.000000000,0.000000000,0.000000000,0.000000000,9.800000000,1.000000000,0.000000000,0.000000000,0.000000000
15.220830898,0.000000000,0.000000000,0.000000000,0.000000000,0.000000000,9.800000000,1.000000000,0.000000000,0.000000000,0.000000000
15.229164230,0.000000000,0.000000000,0.000000000,0.000000000,0.000000000,9.800000000,1.000000000,0.000000000,0.000000000,0.000000000
15.233330896,0.000000000,0.000000000,0.000000000,0.000000000,0.000000000,9.800000000,1.000000000,0.000000000,0.000000000,0.000000000
15.237497562,0.000000000,0.000000000,0.000000000,0.000000000,0.000000000,9.800000000,1.000000000,0.000000000,0.000000000,0.000000000
15.241664228,0.000000000,0.000000000,0.000000000,0.000000000,0.000000000,9.800000000,1.000000000,0.000000000,0.000000000,0.000000000
15.245830894,0.000000000,0.000000000,0.000000000,0.000000000,0.000000000,9.800000000,1.000000000,0.000000000,0.000000000,0.000000000
15.254164226,0.000000000,0.000000000,0.000000000,0.000000000,0.000000000,9.800000000,1.000000000,0.000000000,0.000000000,0.000000000
15.258330892,0.000000000,0.000000000,0.000000000,0.000000000,0.000000000,9.800000000,1.000000000,0.000000000,0.000000000,0.000000000
15.262497558,0.000000000,0.000000000,0.000000000,0.000000000,0.000000000,9.800000000,1.000000000,0.000000000,0.000000000,0.000000000
15.266664224,0.000000000,0.000000000,0.000000000,0.000000000,0.000000000,9.800000000,1.000000000,0.000000000,0.000000000,0.000000000
15.270830890,0.000000000,0.000000000,0.000000000,0.000000000,0.000000000,9.800000000,1.000000000,0.000000000,0.000000000,0.000000000
15.279164222,0.000000000,0.000000000,0.000000000,0.000000000,0.000000000,9.800000000,1.000000000,0.000000000,0.000000000,0.000000000
15.283330888,0.000000000,0.000000000,0.000000000,0.000000000,0.000000000,9.800000000,1.000000000,0.000000000,0.000000000,0.000000000
15.287497554,0.000000000,0.000000000,0.000000000,0.000000000,0.000000000,9.800000000,1.000000000,0.000000000,0.000000000,0.000000000
15.291664220,0.000000000,0.000000000,0.000000000,0.000000000,0.000000000,9.800000000,1.000000000,0.000000000,0.000000000,0.000000000
15.295830886,0.000000000,0.000000000,0.000000000,0.000000000,0.000000000,9.800000000,1.000000000,0.000000000,0.000000000,0.000000000
15.304164218,0.000000000,0.000000000,0.000000000,0.000000000,0.000000000,9.800000000,1.000000000,0.000000000,0.000000000,0.000000000
15.308330884,0.000000000,0.000000000,0.000000000,0.000000000,0.000000000,9.800000000,1.000000000,0.000000000,0.000000000,0.000000000
15.312497550,0.000000000,0.000000000,0.000000000,0.000000000,0.000000000,9.800000000,1.000000000,0.000000000,0.000000000,0.000000000
15.316664216,0.000000000,0.000000000,0.000000000,0.000000000,0.000000000,9.800000000,1.000000000,0.000000000,0.000000000,0.000000000
15.320830882,0.000000000,0.000000000,0.000000000,0.000000000,0.000000000,9.800000000,1.000000000,0.000000000,0.000000000,0.000000000
15.329164214,0.000000000,0.000000000,0.000000000,0.000000000,0.000000000,9.800000000,1.000000000,0.000000000,0.000000000,0.000000000
15.333330880,0.000000000,0.000000000,0.000000000,0.000000000,0.000000000,9.800000000,1.000000000,0.000000000,0.000000000,0.000000000
15.337497546,0.000000000,0.000000000,0.000000000,0.000000000,0.000000000,9.800000000,1.000000000,0.000000000,0.000000000,0.000000000
15.341664212,0.000000000,0.000000000,0.000000000,0.000000000,0.000000000,9.800000000,1.000000000,0.000000000,0.000000000,0.000000000
15.345830878,0.000000000,0.000000000,0.000000000,0.000000000,0.000000000,9.800000000,1.000000000,0.000000000,0.000000000,0.000000000
15.354164210,0.000000000,0.000000000,0.000000000,0.000000000,0.000000000,9.800000000,1.000000000,0.000000000,0.000000000,0.000000000
15.358330876,0.000000000,0.000000000,0.000000000,0.000000000,0.000000000,9.800000000,1.000000000,0.000000000,0.000000000,0.000000000
15.362497542,0.000000000,0.000000000,0.000000000,0.000000000,0.000000000,9.800000000,1.000000000,0.000000000,0.000000000,0.000000000
15.366664208,0.000000000,0.000000000,0.000000000,0.000000000,0.000000000,9.800000000,1.000000000,0.000000000,0.000000000,0.000000000
15.370830874,0.000000000,0.000000000,0.000000000,0.000000000,0.000000000,9.800000000,1.000000000,0.000000000,0.000000000,0.000000000
15.379164206,0.000000000,0.000000000,0.000000000,0.000000000,0.000000000,9.800000000,1.000000000,0.000000000,0.000000000,0.000000000
15.383330872,0.000000000,0.000000000,0.000000000,0.000000000,0.000000000,9.800000000,1.000000000,0.000000000,0.000000000,0.000000000
15.387497538,0.000000000,0.000000000,0.000000000,0.000000000,0.000000000,9.800000000,1.000000000,0.000000000,0.000000000,0.000000000
15.391664204,0.000000000,0.000000000,0.000000000,0.000000000,0.000000000,9.800000000,1.000000000,0.000000000,0.000000000,0.000000000
15.395830870,0.000000000,0.000000000,0.000000000,0.000000000,0.000000000,9.800000000,1.000000000,0.000000000,0.000000000,0.000000000
15.404164202,0.000000000,0.000000000,0.000000000,0.000000000,0.000000000,9.800000000,1.000000000,0.000000000,0.000000000,0.000000000
15.408330868,0.000000000,0.000000000,0.000000000,0.000000000,0.000000000,9.800000000,1.000000000,0.000000000,0.000000000,0.000000000
15.412497534,0.000000000,0.000000000,0.000000000,0.000000000,0.000000000,9.800000000,1.000000000,0.000000000,0.000000000,0.000000000
15.416664200,0.000000000,0.000000000,0.000000000,0.000000000,0.000000000,9.800000000,1.000000000,0.000000000,0.000000000,0.000000000
15.420830866,0.000000000,0.000000000,0.000000000,0.000000000,0.000000000,9.800000000,1.000000000,0.000000000,0.000000000,0.000000000
15.429164198,0.000000000,0.000000000,0.000000000,0.000000000,0.000000000,9.800000000,1.000000000,0.000000000,0.000000000,0.000000000
15.433330864,0.000000000,0.000000000,0.000000000,0.000000000,0.000000000,9.800000000,1.000000000,0.000000000,0.000000000,0.000000000
15.437497530,0.000000000,0.000000000,0.000000000,0.000000000,0.000000000,9.800000000,1.000000000,0.000000000,0.000000000,0.000000000
15.441664196,0.000000000,0.000000000,0.000000000,0.000000000,0.000000000,9.800000000,1.000000000,0.000000000,0.000000000,0.000000000
15.445830862,0.000000000,0.000000000,0.000000000,0.000000000,0.000000000,9.800000000,1.000000000,0.000000000,0.000000000,0.000000000
15.454164194,0.000000000,0.000000000,0.000000000,0.000000000,0.000000000,9.800000000,1.000000000,0.000000000,0.000000000,0.000000000
15.458330860,0.000000000,0.000000000,0.000000000,0.000000000,0.000000000,9.800000000,1.000000000,0.000000000,0.000000000,0.000000000
15.462497526,0.000000000,0.000000000,0.000000000,0.000000000,0.000000000,9.800000000,1.000000000,0.000000000,0.000000000,0.000000000
15.466664192,0.000000000,0.000000000,0.000000000,0.000000000,0.000000000,9.800000000,1.000000000,0.000000000,0.000000000,0.000000000
15.470830858,0.000000000,0.000000000,0.000000000,0.000000000,0.000000000,9.800000000,1.000000000,0.000000000,0.000000000,0.000000000
15.479164190,0.000000000,0.000000000,0.000000000,0.000000000,0.000000000,9.800000000,1.000000000,0.000000000,0.000000000,0.000000000
15.483330856,0.000000000,0.000000000,0.000000000,0.000000000,0.000000000,9.800000000,1.000000000,0.000000000,0.000000000,0.000000000
15.487497522,0.000000000,0.000000000,0.000000000,0.000000000,0.000000000,9.800000000,1.000000000,0.000000000,0.000000000,0.000000000
15.491664188,0.000000000,0.000000000,0.000000000,0.000000000,0.000000000,9.800000000,1.000000000,0.000000000,0.000000000,0.000000000
15.495830854,0.000000000,0.000000000,0.000000000,0.000000000,0.000000000,9.800000000,1.000000000,0.000000000,0.000000000,0.000000000
15.504164186,0.000000000,0.000000000,0.000000000,0.000000000,0.000000000,9.800000000,1.000000000,0.000000000,0.000000000,0.000000000
15.508330852,0.000000000,0.000000000,0.000000000,0.000000000,0.000000000,9.800000000,1.000000000,0.000000000,0.000000000,0.000000000
15.512497518,0.000000000,0.000000000,0.000000000,0.000000000,0.000000000,9.800000000,1.000000000,0.000000000,0.000000000,0.000000000
15.516664184,0.000000000,0.000000000,0.000000000,0.000000000,0.000000000,9.800000000,1.000000000,0.000000000,0.000000000,0.000000000
15.520830850,0.000000000,0.000000000,0.000000000,0.000000000,0.000000000,9.800000000,1.000000000,0.000000000,0.000000000,0.000000000
15.529164182,0.000000000,0.000000000,0.000000000,0.000000000,0.000000000,9.800000000,1.000000000,0.000000000,0.000000000,0.000000000
15.533330848,0.000000000,0.000000000,0.000000000,0.000000000,0.000000000,9.800000000,1.000000000,0.000000000,0.000000000,0.000000000
15.537497514,0.000000000,0.000000000,0.000000000,0.000000000,0.000000000,9.800000000,1.000000000,0.000000000,0.000000000,0.000000000
15.541664180,0.000000000,0.000000000,0.000000000,0.000000000,0.000000000,9.800000000,1.000000000,0.000000000,0.000000000,0.000000000
15.545830846,0.000000000,0.000000000,0.000000000,0.000000000,0.000000000,9.800000000,1.000000000,0.000000000,0.000000000,0.000000000
15.554164178,0.000000000,0.000000000,0.000000000,0.000000000,0.000000000,9.800000000,1.000000000,0.000000000,0.000000000,0.000000000
15.558330844,0.000000000,0.000000000,0.000000000,0.000000000,0.000000000,9.800000000,1.000000000,0.000000000,0.000000000,0.000000000
15.562497510,0.000000000,0.000000000,0.000000000,0.000000000,0.000000000,9.800000000,1.000000000,0.000000000,0.000000000,0.000000000
15.566664176,0.000000000,0.000000000,0.000000000,0.000000000,0.000000000,9.800000000,1.000000000,0.000000000,0.000000000,0.000000000
15.570830842,0.000000000,0.000000000,0.000000000,0.000000000,0.000000000,9.800000000,1.000000000,0.000000000,0.000000000,0.000000000
15.579164174,0.000000000,0.000000000,0.000000000,0.000000000,0.000000000,9.800000000,1.000000000,0.000000000,0.000000000,0.000000000
15.583330840,0.000000000,0.000000000,0.000000000,0.000000000,0.000000000,9.800000000,1.000000000,0.000000000,0.000000000,0.000000000
15.587497506,0.000000000,0.000000000,0.000000000,0.000000000,0.000000000,9.800000000,1.000000000,0.000000000,0.000000000,0.000000000
15.591664172,0.000000000,0.000000000,0.000000000,0.000000000,0.000000000,9.800000000,1.000000000,0.000000000,0.000000000,0.000000000
15.595830838,0.000000000,0.000000000,0.000000000,0.000000000,0.000000000,9.800000000,1.000000000,0.000000000,0.000000000,0.000000000
15.604164170,0.000000000,0.000000000,0.000000000,0.000000000,0.000000000,9.800000000,1.000000000,0.000000000,0.000000000,0.000000000
15.608330836,0.000000000,0.000000000,0.000000000,0.000000000,0.000000000,9.800000000,1.000000000,0.000000000,0.000000000,0.000000000
15.612497502,0.000000000,0.000000000,0.000000000,0.000000000,0.000000000,9.800000000,1.000000000,0.000000000,0.000000000,0.000000000
15.616664168,0.000000000,0.000000000,0.000000000,0.000000000,0.000000000,9.800000000,1.000000000,0.000000000,0.000000000,0.000000000
15.620830834,0.000000000,0.000000000,0.000000000,0.000000000,0.000000000,9.800000000,1.000000000,0.000000000,0.000000000,0.000000000
15.629164166,0.000000000,0.000000000,0.000000000,0.000000000,0.000000000,9.800000000,1.000000000,0.000000000,0.000000000,0.000000000
15.633330832,0.000000000,0.000000000,0.000000000,0.000000000,0.000000000,9.800000000,1.000000000,0.000000000,0.000000000,0.000000000
15.637497498,0.000000000,0.000000000,0.000000000,0.000000000,0.000000000,9.800000000,1.000000000,0.000000000,0.000000000,0.000000000
15.641664164,0.000000000,0.000000000,0.000000000,0.000000000,0.000000000,9.800000000,1.000000000,0.000000000,0.000000000,0.000000000
15.645830830,0.000000000,0.000000000,0.000000000,0.000000000,0.000000000,9.800000000,1.000000000,0.000000000,0.000000000,0.000000000
15.654164162,0.000000000,0.000000000,0.000000000,0.000000000,0.000000000,9.800000000,1.000000000,0.000000000,0.000000000,0.000000000
15.658330828,0.000000000,0.000000000,0.000000000,0.000000000,0.000000000,9.800000000,1.000000000,0.000000000,0.000000000,0.000000000
15.662497494,0.000000000,0.000000000,0.000000000,0.000000000,0.000000000,9.800000000,1.000000000,0.000000000,0.000000000,0.000000000
15.666664160,0.000000000,0.000000000,0.000000000,0.000000000,0.000000000,9.800000000,1.000000000,0.000000000,0.000000000,0.000000000
15.670830826,0.000000000,0.000000000,0.000000000,0.000000000,0.000000000,9.800000000,1.000000000,0.000000000,0.000000000,0.000000000
15.679164158,0.000000000,0.000000000,0.000000000,0.000000000,0.000000000,9.800000000,1.000000000,0.000000000,0.000000000,0.000000000
15.683330824,0.000000000,0.000000000,0.000000000,0.000000000,0.000000000,9.800000000,1.000000000,0.000000000,0.000000000,0.000000000
15.687497490,0.000000000,0.000000000,0.000000000,0.000000000,0.000000000,9.800000000,1.000000000,0.000000000,0.000000000,0.000000000
15.691664156,0.000000000,0.000000000,0.000000000,0.000000000,0.000000000,9.800000000,1.000000000,0.000000000,0.000000000,0.000000000
15.695830822,0.000000000,0.000000000,0.000000000,0.000000000,0.000000000,9.800000000,1.000000000,0.000000000,0.000000000,0.000000000
15.704164154,0.000000000,0.000000000,0.000000000,0.000000000,0.000000000,9.800000000,1.000000000,0.000000000,0.000000000,0.000000000
15.708330820,0.000000000,0.000000000,0.000000000,0.000000000,0.000000000,9.800000000,1.000000000,0.000000000,0.000000000,0.000000000
15.712497486,0.000000000,0.000000000,0.000000000,0.000000000,0.000000000,9.800000000,1.000000000,0.000000000,0.000000000,0.000000000
15.716664152,0.000000000,0.000000000,0.000000000,0.000000000,0.000000000,9.800000000,1.000000000,0.000000000,0.000000000,0.000000000
15.720830818,0.000000000,0.000000000,0.000000000,0.000000000,0.000000000,9.800000000,1.000000000,0.000000000,0.000000000,0.000000000
15.729164150,0.000000000,0.000000000,0.000000000,0.000000000,0.000000000,9.800000000,1.000000000,0.000000000,0.000000000,0.000000000
15.733330816,0.000000000,0.000000000,0.000000000,0.000000000,0.000000000,9.800000000,1.000000000,0.000000000,0.000000000,0.000000000
15.737497482,0.000000000,0.000000000,0.000000000,0.000000000,0.000000000,9.800000000,1.000000000,0.000000000,0.000000000,0.000000000
15.741664148,0.000000000,0.000000000,0.000000000,0.000000000,0.000000000,9.800000000,1.000000000,0.000000000,0.000000000,0.000000000
15.745830814,0.000000000,0.000000000,0.000000000,0.000000000,0.000000000,9.800000000,1.000000000,0.000000000,0.000000000,0.000000000
15.754164146,0.000000000,0.000000000,0.000000000,0.000000000,0.000000000,9.800000000,1.000000000,0.000000000,0.000000000,0.000000000
15.758330812,0.000000000,0.000000000,0.000000000,0.000000000,0.000000000,9.800000000,1.000000000,0.000000000,0.000000000,0.000000000
15.762497478,0.000000000,0.000000000,0.000000000,0.000000000,0.000000000,9.800000000,1.000000000,0.000000000,0.000000000,0.000000000
15.766664144,0.000000000,0.000000000,0.000000000,0.000000000,0.000000000,9.800000000,1.000000000,0.000000000,0.000000000,0.000000000
15.770830810,0.000000000,0.000000000,0.000000000,0.000000000,0.000000000,9.800000000,1.000000000,0.000000000,0.000000000,0.000000000
15.779164142,0.000000000,0.000000000,0.000000000,0.000000000,0.000000000,9.800000000,1.000000000,0.000000000,0.000000000,0.000000000
15.783330808,0.000000000,0.000000000,0.000000000,0.000000000,0.000000000,9.800000000,1.000000000,0.000000000,0.000000000,0.000000000
15.787497474,0.000000000,0.000000000,0.000000000,0.000000000,0.000000000,9.800000000,1.000000000,0.000000000,0.000000000,0.000000000
15.791664140,0.000000000,0.000000000,0.000000000,0.000000000,0.000000000,9.800000000,1.000000000,0.000000000,0.000000000,0.000000000
15.795830806,0.000000000,0.000000000,0.000000000,0.000000000,0.000000000,9.800000000,1.000000000,0.000000000,0.000000000,0.000000000
15.804164138,0.000000000,0.000000000,0.000000000,0.000000000,0.000000000,9.800000000,1.000000000,0.000000000,0.000000000,0.000000000
15.808330804,0.000000000,0.000000000,0.000000000,0.000000000,0.000000000,9.800000000,1.000000000,0.000000000,0.000000000,0.000000000
15.812497470,0.000000000,0.000000000,0.000000000,0.000000000,0.000000000,9.800000000,1.000000000,0.000000000,0.000000000,0.000000000
15.816664136,0.000000000,0.000000000,0.000000000,0.000000000,0.000000000,9.800000000,1.000000000,0.000000000,0.000000000,0.000000000
15.820830802,0.000000000,0.000000000,0.000000000,0.000000000,0.000000000,9.800000000,1.000000000,0.000000000,0.000000000,0.000000000
15.829164134,0.000000000,0.000000000,0.000000000,0.000000000,0.000000000,9.800000000,1.000000000,0.000000000,0.000000000,0.000000000
15.833330800,0.000000000,0.000000000,0.000000000,0.000000000,0.000000000,9.800000000,1.000000000,0.000000000,0.000000000,0.000000000
15.837497466,0.000000000,0.000000000,0.000000000,0.000000000,0.000000000,9.800000000,1.000000000,0.000000000,0.000000000,0.000000000
15.841664132,0.000000000,0.000000000,0.000000000,0.000000000,0.000000000,9.800000000,1.000000000,0.000000000,0.000000000,0.000000000
15.845830798,0.000000000,0.000000000,0.000000000,0.000000000,0.000000000,9.800000000,1.000000000,0.000000000,0.000000000,0.000000000
15.854164130,0.000000000,0.000000000,0.000000000,0.000000000,0.000000000,9.800000000,1.000000000,0.000000000,0.000000000,0.000000000
15.858330796,0.000000000,0.000000000,0.000000000,0.000000000,0.000000000,9.800000000,1.000000000,0.000000000,0.000000000,0.000000000
15.862497462,0.000000000,0.000000000,0.000000000,0.000000000,0.000000000,9.800000000,1.000000000,0.000000000,0.000000000,0.000000000
15.866664128,0.000000000,0.000000000,0.000000000,0.000000000,0.000000000,9.800000000,1.000000000,0.000000000,0.000000000,0.000000000
15.870830794,0.000000000,0.000000000,0.000000000,0.000000000,0.000000000,9.800000000,1.000000000,0.000000000,0.000000000,0.000000000
15.879164126,0.000000000,0.000000000,0.000000000,0.000000000,0.000000000,9.800000000,1.000000000,0.000000000,0.000000000,0.000000000
15.883330792,0.000000000,0.000000000,0.000000000,0.000000000,0.000000000,9.800000000,1.000000000,0.000000000,0.000000000,0.000000000
15.887497458,0.000000000,0.000000000,0.000000000,0.000000000,0.000000000,9.800000000,1.000000000,0.000000000,0.000000000,0.000000000
15.891664124,0.000000000,0.000000000,0.000000000,0.000000000,0.000000000,9.800000000,1.000000000,0.000000000,0.000000000,0.000000000
15.895830790,0.000000000,0.000000000,0.000000000,0.000000000,0.000000000,9.800000000,1.000000000,0.000000000,0.000000000,0.000000000
15.904164122,0.000000000,0.000000000,0.000000000,0.000000000,0.000000000,9.800000000,1.000000000,0.000000000,0.000000000,0.000000000
15.908330788,0.000000000,0.000000000,0.000000000,0.000000000,0.000000000,9.800000000,1.000000000,0.000000000,0.000000000,0.000000000
15.912497454,0.000000000,0.000000000,0.000000000,0.000000000,0.000000000,9.800000000,1.000000000,0.000000000,0.000000000,0.000000000
15.916664120,0.000000000,0.000000000,0.000000000,0.000000000,0.000000000,9.800000000,1.000000000,0.000000000,0.000000000,0.000000000
15.920830786,0.000000000,0.000000000,0.000000000,0.000000000,0.000000000,9.800000000,1.000000000,0.000000000,0.000000000,0.000000000
15.929164118,0.000000000,0.000000000,0.000000000,0.000000000,0.000000000,9.800000000,1.000000000,0.000000000,0.000000000,0.000000000
15.933330784,0.000000000,0.000000000,0.000000000,0.000000000,0.000000000,9.800000000,1.000000000,0.000000000,0.000000000,0.000000000
15.937497450,0.000000000,0.000000000,0.000000000,0.000000000,0.000000000,9.800000000,1.000000000,0.000000000,0.000000000,0.000000000
15.941664116,0.000000000,0.000000000,0.000000000,0.000000000,0.000000000,9.800000000,1.000000000,0.000000000,0.000000000,0.000000000
15.945830782,0.000000000,0.000000000,0.000000000,0.000000000,0.000000000,9.800000000,1.000000000,0.000000000,0.000000000,0.000000000
15.954164114,0.000000000,0.000000000,0.000000000,0.000000000,0.000000000,9.800000000,1.000000000,0.000000000,0.000000000,0.000000000
15.958330780,0.000000000,0.000000000,0.000000000,0.000000000,0.000000000,9.800000000,1.000000000,0.000000000,0.000000000,0.000000000
15.962497446,0.000000000,0.000000000,0.000000000,0.000000000,0.000000000,9.800000000,1.000000000,0.000000000,0.000000000,0.000000000
15.966664112,0.000000000,0.000000000,0.000000000,0.000000000,0.000000000,9.800000000,1.000000000,0.000000000,0.000000000,0.000000000
15.970830778,0.000000000,0.000000000,0.000000000,0.000000000,0.000000000,9.800000000,1.000000000,0.000000000,0.000000000,0.000000000
15.979164110,0.000000000,0.000000000,0.000000000,0.000000000,0.000000000,9.800000000,1.000000000,0.000000000,0.000000000,0.000000000
15.983330776,0.000000000,0.000000000,0.000000000,0.000000000,0.000000000,9.800000000,1.000000000,0.000000000,0.000000000,0.000000000
15.987497442,0.000000000,0.000000000,0.000000000,0.000000000,0.000000000,9.800000000,1.000000000,0.000000000,0.000000000,0.000000000
15.991664108,0.000000000,0.000000000,0.000000000,0.000000000,0.000000000,9.800000000,1.000000000,0.000000000,0.000000000,0.000000000
15.995830774,0.000000000,0.000000000,0.000000000,0.000000000,0.000000000,9.800000000,1.000000000,0.000000000,0.000000000,0.000000000
16.004164106,0.000000000,0.000000000,0.000000000,0.000000000,0.000000000,9.800000000,1.000000000,0.000000000,0.000000000,0.000000000
16.008330772,0.000000000,0.000000000,0.000000000,0.000000000,0.000000000,9.800000000,1.000000000,0.000000000,0.000000000,0.000000000
16.012497438,0.000000000,0.000000000,0.000000000,0.000000000,0.000000000,9.800000000,1.000000000,0.000000000,0.000000000,0.000000000
16.016664104,0.000000000,0.000000000,0.000000000,0.000000000,0.000000000,9.800000000,1.000000000,0.000000000,0.000000000,0.000000000
16.020830770,0.000000000,0.000000000,0.000000000,0.000000000,0.000000000,9.800000000,1.000000000,0.000000000,0.000000000,0.000000000
16.029164102,0.000000000,0.000000000,0.000000000,0.000000000,0.000000000,9.800000000,1.000000000,0.000000000,0.000000000,0.000000000
16.033330768,0.000000000,0.000000000,0.000000000,0.000000000,0.000000000,9.800000000,1.000000000,0.000000000,0.000000000,0.000000000
16.037497434,0.000000000,0.000000000,0.000000000,0.000000000,0.000000000,9.800000000,1.000000000,0.000000000,0.000000000,0.000000000
16.041664100,0.000000000,0.000000000,0.000000000,0.000000000,0.000000000,9.800000000,1.000000000,0.000000000,0.000000000,0.000000000
16.045830766,0.000000000,0.000000000,0.000000000,0.000000000,0.000000000,9.800000000,1.000000000,0.000000000,0.000000000,0.000000000
16.054164098,0.000000000,0.000000000,0.000000000,0.000000000,0.000000000,9.800000000,1.000000000,0.000000000,0.000000000,0.000000000
16.058330764,0.000000000,0.000000000,0.000000000,0.000000000,0.000000000,9.800000000,1.000000000,0.000000000,0.000000000,0.000000000
16.062497430,0.000000000,0.000000000,0.000000000,0.000000000,0.000000000,9.800000000,1.000000000,0.000000000,0.000000000,0.000000000
16.066664096,0.000000000,0.000000000,0.000000000,0.000000000,0.000000000,9.800000000,1.000000000,0.000000000,0.000000000,0.000000000
16.070830762,0.000000000,0.000000000,0.000000000,0.000000000,0.000000000,9.800000000,1.000000000,0.000000000,0.000000000,0.000000000
16.079164094,0.000000000,0.000000000,0.000000000,0.000000000,0.000000000,9.800000000,1.000000000,0.000000000,0.000000000,0.000000000
16.083330760,0.000000000,0.000000000,0.000000000,0.000000000,0.000000000,9.800000000,1.000000000,0.000000000,0.000000000,0.000000000
16.087497426,0.000000000,0.000000000,0.000000000,0.000000000,0.000000000,9.800000000,1.000000000,0.000000000,0.000000000,0.000000000
16.091664092,0.000000000,0.000000000,0.000000000,0.000000000,0.000000000,9.800000000,1.000000000,0.000000000,0.000000000,0.000000000
16.095830758,0.000000000,0.000000000,0.000000000,0.000000000,0.000000000,9.800000000,1.000000000,0.000000000,0.000000000,0.000000000
16.104164090,0.000000000,0.000000000,0.000000000,0.000000000,0.000000000,9.800000000,1.000000000,0.000000000,0.000000000,0.000000000
16.108330756,0.000000000,0.000000000,0.000000000,0.000000000,0.000000000,9.800000000,1.000000000,0.000000000,0.000000000,0.000000000
16.112497422,0.000000000,0.000000000,0.000000000,0.000000000,0.000000000,9.800000000,1.000000000,0.000000000,0.000000000,0.000000000
16.116664088,0.000000000,0.000000000,0.000000000,0.000000000,0.000000000,9.800000000,1.000000000,0.000000000,0.000000000,0.000000000
16.120830754,0.000000000,0.000000000,0.000000000,0.000000000,0.000000000,9.800000000,1.000000000,0.000000000,0.000000000,0.000000000
16.129164086,0.000000000,0.000000000,0.000000000,0.000000000,0.000000000,9.800000000,1.000000000,0.000000000,0.000000000,0.000000000
16.133330752,0.000000000,0.000000000,0.000000000,0.000000000,0.000000000,9.800000000,1.000000000,0.000000000,0.000000000,0.000000000
16.137497418,0.000000000,0.000000000,0.000000000,0.000000000,0.000000000,9.800000000,1.000000000,0.000000000,0.000000000,0.000000000
16.141664084,0.000000000,0.000000000,0.000000000,0.000000000,0.000000000,9.800000000,1.000000000,0.000000000,0.000000000,0.000000000
16.145830750,0.000000000,0.000000000,0.000000000,0.000000000,0.000000000,9.800000000,1.000000000,0.000000000,0.000000000,0.000000000
16.154164082,0.000000000,0.000000000,0.000000000,0.000000000,0.000000000,9.800000000,1.000000000,0.000000000,0.000000000,0.000000000
16.158330748,0.000000000,0.000000000,0.000000000,0.000000000,0.000000000,9.800000000,1.000000000,0.000000000,0.000000000,0.000000000
16.162497414,0.000000000,0.000000000,0.000000000,0.000000000,0.000000000,9.800000000,1.000000000,0.000000000,0.000000000,0.000000000
16.166664080,0.000000000,0.000000000,0.000000000,0.000000000,0.000000000,9.800000000,1.000000000,0.000000000,0.000000000,0.000000000
16.170830746,0.000000000,0.000000000,0.000000000,0.000000000,0.000000000,9.800000000,1.000000000,0.000000000,0.000000000,0.000000000
16.179164078,0.000000000,0.000000000,0.000000000,0.000000000,0.000000000,9.800000000,1.000000000,0.000000000,0.000000000,0.000000000
16.183330744,0.000000000,0.000000000,0.000000000,0.000000000,0.000000000,9.800000000,1.000000000,0.000000000,0.000000000,0.000000000
16.187497410,0.000000000,0.000000000,0.000000000,0.000000000,0.000000000,9.800000000,1.000000000,0.000000000,0.000000000,0.000000000
16.191664076,0.000000000,0.000000000,0.000000000,0.000000000,0.000000000,9.800000000,1.000000000,0.000000000,0.000000000,0.000000000
16.195830742,0.000000000,0.000000000,0.000000000,0.000000000,0.000000000,9.800000000,1.000000000,0.000000000,0.000000000,0.000000000
16.204164074,0.000000000,0.000000000,0.000000000,0.000000000,0.000000000,9.800000000,1.000000000,0.000000000,0.000000000,0.000000000
16.208330740,0.000000000,0.000000000,0.000000000,0.000000000,0.000000000,9.800000000,1.000000000,0.000000000,0.000000000,0.000000000
16.212497406,0.000000000,0.000000000,0.000000000,0.000000000,0.000000000,9.800000000,1.000000000,0.000000000,0.000000000,0.000000000
16.216664072,0.000000000,0.000000000,0.000000000,0.000000000,0.000000000,9.800000000,1.000000000,0.000000000,0.000000000,0.000000000
16.220830738,0.000000000,0.000000000,0.000000000,0.000000000,0.000000000,9.800000000,1.000000000,0.000000000,0.000000000,0.000000000
16.229164070,0.000000000,0.000000000,0.000000000,0.000000000,0.000000000,9.800000000,1.000000000,0.000000000,0.000000000,0.000000000
16.233330736,0.000000000,0.000000000,0.000000000,0.000000000,0.000000000,9.800000000,1.000000000,0.000000000,0.000000000,0.000000000
16.237497402,0.000000000,0.000000000,0.000000000,0.000000000,0.000000000,9.800000000,1.000000000,0.000000000,0.000000000,0.000000000
16.241664068,0.000000000,0.000000000,0.000000000,0.000000000,0.000000000,9.800000000,1.000000000,0.000000000,0.000000000,0.000000000
16.245830734,0.000000000,0.000000000,0.000000000,0.000000000,0.000000000,9.800000000,1.000000000,0.000000000,0.000000000,0.000000000
16.254164066,0.000000000,0.000000000,0.000000000,0.000000000,0.000000000,9.800000000,1.000000000,0.000000000,0.000000000,0.000000000
16.258330732,0.000000000,0.000000000,0.000000000,0.000000000,0.000000000,9.800000000,1.000000000,0.000000000,0.000000000,0.000000000
16.262497398,0.000000000,0.000000000,0.000000000,0.000000000,0.000000000,9.800000000,1.000000000,0.000000000,0.000000000,0.000000000
16.266664064,0.000000000,0.000000000,0.000000000,0.000000000,0.000000000,9.800000000,1.000000000,0.000000000,0.000000000,0.000000000
16.270830730,0.000000000,0.000000000,0.000000000,0.000000000,0.000000000,9.800000000,1.000000000,0.000000000,0.000000000,0.000000000
16.279164062,0.000000000,0.000000000,0.000000000,0.000000000,0.000000000,9.800000000,1.000000000,0.000000000,0.000000000,0.000000000
16.283330728,0.000000000,0.000000000,0.000000000,0.000000000,0.000000000,9.800000000,1.000000000,0.000000000,0.000000000,0.000000000
16.287497394,0.000000000,0.000000000,0.000000000,0.000000000,0.000000000,9.800000000,1.000000000,0.000000000,0.000000000,0.000000000
16.291664060,0.000000000,0.000000000,0.000000000,0.000000000,0.000000000,9.800000000,1.000000000,0.000000000,0.000000000,0.000000000
16.295830726,0.000000000,0.000000000,0.000000000,0.000000000,0.000000000,9.800000000,1.000000000,0.000000000,0.000000000,0.000000000
16.304164058,0.000000000,0.000000000,0.000000000,0.000000000,0.000000000,9.800000000,1.000000000,0.000000000,0.000000000,0.000000000
16.308330724,0.000000000,0.000000000,0.000000000,0.000000000,0.000000000,9.800000000,1.000000000,0.000000000,0.000000000,0.000000000
16.312497390,0.000000000,0.000000000,0.000000000,0.000000000,0.000000000,9.800000000,1.000000000,0.000000000,0.000000000,0.000000000
16.316664056,0.000000000,0.000000000,0.000000000,0.000000000,0.000000000,9.800000000,1.000000000,0.000000000,0.000000000,0.000000000
16.320830722,0.000000000,0.000000000,0.000000000,0.000000000,0.000000000,9.800000000,1.000000000,0.000000000,0.000000000,0.000000000
16.329164054,0.000000000,0.000000000,0.000000000,0.000000000,0.000000000,9.800000000,1.000000000,0.000000000,0.000000000,0.000000000
16.333330720,0.000000000,0.000000000,0.000000000,0.000000000,0.000000000,9.800000000,1.000000000,0.000000000,0.000000000,0.000000000
16.337497386,0.000000000,0.000000000,0.000000000,0.000000000,0.000000000,9.800000000,1.000000000,0.000000000,0.000000000,0.000000000
16.341664052,0.000000000,0.000000000,0.000000000,0.000000000,0.000000000,9.800000000,1.000000000,0.000000000,0.000000000,0.000000000
16.345830718,0.000000000,0.000000000,0.000000000,0.000000000,0.000000000,9.800000000,1.000000000,0.000000000,0.000000000,0.000000000
16.354164050,0.000000000,0.000000000,0.000000000,0.000000000,0.000000000,9.800000000,1.000000000,0.000000000,0.000000000,0.000000000
16.358330716,0.000000000,0.000000000,0.000000000,0.000000000,0.000000000,9.800000000,1.000000000,0.000000000,0.000000000,0.000000000
16.362497382,0.000000000,0.000000000,0.000000000,0.000000000,0.000000000,9.800000000,1.000000000,0.000000000,0.000000000,0.000000000
16.366664048,0.000000000,0.000000000,0.000000000,0.000000000,0.000000000,9.800000000,1.000000000,0.000000000,0.000000000,0.000000000
16.370830714,0.000000000,0.000000000,0.000000000,0.000000000,0.000000000,9.800000000,1.000000000,0.000000000,0.000000000,0.000000000
16.379164046,0.000000000,0.000000000,0.000000000,0.000000000,0.000000000,9.800000000,1.000000000,0.000000000,0.000000000,0.000000000
16.383330712,0.000000000,0.000000000,0.000000000,0.000000000,0.000000000,9.800000000,1.000000000,0.000000000,0.000000000,0.000000000
16.387497378,0.000000000,0.000000000,0.000000000,0.000000000,0.000000000,9.800000000,1.000000000,0.000000000,0.000000000,0.000000000
16.391664044,0.000000000,0.000000000,0.000000000,0.000000000,0.000000000,9.800000000,1.000000000,0.000000000,0.000000000,0.000000000
16.395830710,0.000000000,0.000000000,0.000000000,0.000000000,0.000000000,9.800000000,1.000000000,0.000000000,0.000000000,0.000000000
16.404164042,0.000000000,0.000000000,0.000000000,0.000000000,0.000000000,9.800000000,1.000000000,0.000000000,0.000000000,0.000000000
16.408330708,0.000000000,0.000000000,0.000000000,0.000000000,0.000000000,9.800000000,1.000000000,0.000000000,0.000000000,0.000000000
16.412497374,0.000000000,0.000000000,0.000000000,0.000000000,0.000000000,9.800000000,1.000000000,0.000000000,0.000000000,0.000000000
16.416664040,0.000000000,0.000000000,0.000000000,0.000000000,0.000000000,9.800000000,1.000000000,0.000000000,0.000000000,0.000000000
16.420830706,0.000000000,0.000000000,0.000000000,0.000000000,0.000000000,9.800000000,1.000000000,0.000000000,0.000000000,0.000000000
16.429164038,0.000000000,0.000000000,0.000000000,0.000000000,0.000000000,9.800000000,1.000000000,0.000000000,0.000000000,0.000000000
16.433330704,0.000000000,0.000000000,0.000000000,0.000000000,0.000000000,9.800000000,1.000000000,0.000000000,0.000000000,0.000000000
16.437497370,0.000000000,0.000000000,0.000000000,0.000000000,0.000000000,9.800000000,1.000000000,0.000000000,0.000000000,0.000000000
16.441664036,0.000000000,0.000000000,0.000000000,0.000000000,0.000000000,9.800000000,1.000000000,0.000000000,0.000000000,0.000000000
16.445830702,0.000000000,0.000000000,0.000000000,0.000000000,0.000000000,9.800000000,1.000000000,0.000000000,0.000000000,0.000000000
16.454164034,0.000000000,0.000000000,0.000000000,0.000000000,0.000000000,9.800000000,1.000000000,0.000000000,0.000000000,0.000000000
16.458330700,0.000000000,0.000000000,0.000000000,0.000000000,0.000000000,9.800000000,1.000000000,0.000000000,0.000000000,0.000000000
16.462497366,0.000000000,0.000000000,0.000000000,0.000000000,0.000000000,9.800000000,1.000000000,0.000000000,0.000000000,0.000000000
16.466664032,0.000000000,0.000000000,0.000000000,0.000000000,0.000000000,9.800000000,1.000000000,0.000000000,0.000000000,0.000000000
16.470830698,0.000000000,0.000000000,0.000000000,0.000000000,0.000000000,9.800000000,1.000000000,0.000000000,0.000000000,0.000000000
16.479164030,0.000000000,0.000000000,0.000000000,0.000000000,0.000000000,9.800000000,1.000000000,0.000000000,0.000000000,0.000000000
16.483330696,0.000000000,0.000000000,0.000000000,0.000000000,0.000000000,9.800000000,1.000000000,0.000000000,0.000000000,0.000000000
16.487497362,0.000000000,0.000000000,0.000000000,0.000000000,0.000000000,9.800000000,1.000000000,0.000000000,0.000000000,0.000000000
16.491664028,0.000000000,0.000000000,0.000000000,0.000000000,0.000000000,9.800000000,1.000000000,0.000000000,0.000000000,0.000000000
16.495830694,0.000000000,0.000000000,0.000000000,0.000000000,0.000000000,9.800000000,1.000000000,0.000000000,0.000000000,0.000000000
16.504164026,0.000000000,0.000000000,0.000000000,0.000000000,0.000000000,9.800000000,1.000000000,0.000000000,0.000000000,0.000000000
16.508330692,0.000000000,0.000000000,0.000000000,0.000000000,0.000000000,9.800000000,1.000000000,0.000000000,0.000000000,0.000000000
16.512497358,0.000000000,0.000000000,0.000000000,0.000000000,0.000000000,9.800000000,1.000000000,0.000000000,0.000000000,0.000000000
16.516664024,0.000000000,0.000000000,0.000000000,0.000000000,0.000000000,9.800000000,1.000000000,0.000000000,0.000000000,0.000000000
16.520830690,0.000000000,0.000000000,0.000000000,0.000000000,0.000000000,9.800000000,1.000000000,0.000000000,0.000000000,0.000000000
16.529164022,0.000000000,0.000000000,0.000000000,0.000000000,0.000000000,9.800000000,1.000000000,0.000000000,0.000000000,0.000000000
16.533330688,0.000000000,0.000000000,0.000000000,0.000000000,0.000000000,9.800000000,1.000000000,0.000000000,0.000000000,0.000000000
16.537497354,0.000000000,0.000000000,0.000000000,0.000000000,0.000000000,9.800000000,1.000000000,0.000000000,0.000000000,0.000000000
16.541664020,0.000000000,0.000000000,0.000000000,0.000000000,0.000000000,9.800000000,1.000000000,0.000000000,0.000000000,0.000000000
16.545830686,0.000000000,0.000000000,0.000000000,0.000000000,0.000000000,9.800000000,1.000000000,0.000000000,0.000000000,0.000000000
16.554164018,0.000000000,0.000000000,0.000000000,0.000000000,0.000000000,9.800000000,1.000000000,0.000000000,0.000000000,0.000000000
16.558330684,0.000000000,0.000000000,0.000000000,0.000000000,0.000000000,9.800000000,1.000000000,0.000000000,0.000000000,0.000000000
16.562497350,0.000000000,0.000000000,0.000000000,0.000000000,0.000000000,9.800000000,1.000000000,0.000000000,0.000000000,0.000000000
16.566664016,0.000000000,0.000000000,0.000000000,0.000000000,0.000000000,9.800000000,1.000000000,0.000000000,0.000000000,0.000000000
16.570830682,0.000000000,0.000000000,0.000000000,0.000000000,0.000000000,9.800000000,1.000000000,0.000000000,0.000000000,0.000000000
16.579164014,0.000000000,0.000000000,0.000000000,0.000000000,0.000000000,9.800000000,1.000000000,0.000000000,0.000000000,0.000000000
16.583330680,0.000000000,0.000000000,0.000000000,0.000000000,0.000000000,9.800000000,1.000000000,0.000000000,0.000000000,0.000000000
16.587497346,0.000000000,0.000000000,0.000000000,0.000000000,0.000000000,9.800000000,1.000000000,0.000000000,0.000000000,0.000000000
16.591664012,0.000000000,0.000000000,0.000000000,0.000000000,0.000000000,9.800000000,1.000000000,0.000000000,0.000000000,0.000000000
16.595830678,0.000000000,0.000000000,0.000000000,0.000000000,0.000000000,9.800000000,1.000000000,0.000000000,0.000000000,0.000000000
16.604164010,0.000000000,0.000000000,0.000000000,0.000000000,0.000000000,9.800000000,1.000000000,0.000000000,0.000000000,0.000000000
16.608330676,0.000000000,0.000000000,0.000000000,0.000000000,0.000000000,9.800000000,1.000000000,0.000000000,0.000000000,0.000000000
16.612497342,0.000000000,0.000000000,0.000000000,0.000000000,0.000000000,9.800000000,1.000000000,0.000000000,0.000000000,0.000000000
16.616664008,0.000000000,0.000000000,0.000000000,0.000000000,0.000000000,9.800000000,1.000000000,0.000000000,0.000000000,0.000000000
16.620830674,0.000000000,0.000000000,0.000000000,0.000000000,0.000000000,9.800000000,1.000000000,0.000000000,0.000000000,0.000000000
16.629164006,0.000000000,0.000000000,0.000000000,0.000000000,0.000000000,9.800000000,1.000000000,0.000000000,0.000000000,0.000000000
16.633330672,0.000000000,0.000000000,0.000000000,0.000000000,0.000000000,9.800000000,1.000000000,0.000000000,0.000000000,0.000000000
16.637497338,0.000000000,0.000000000,0.000000000,0.000000000,0.000000000,9.800000000,1.000000000,0.000000000,0.000000000,0.000000000
16.641664004,0.000000000,0.000000000,0.000000000,0.000000000,0.000000000,9.800000000,1.000000000,0.000000000,0.000000000,0.000000000
16.645830670,0.000000000,0.000000000,0.000000000,0.000000000,0.000000000,9.800000000,1.000000000,0.000000000,0.000000000,0.000000000
16.654164002,0.000000000,0.000000000,0.000000000,0.000000000,0.000000000,9.800000000,1.000000000,0.000000000,0.000000000,0.000000000
16.658330668,0.000000000,0.000000000,0.000000000,0.000000000,0.000000000,9.800000000,1.000000000,0.000000000,0.000000000,0.000000000
16.662497334,0.000000000,0.000000000,0.000000000,0.000000000,0.000000000,9.800000000,1.000000000,0.000000000,0.000000000,0.000000000
16.666664000,0.000000000,0.000000000,0.000000000,0.000000000,0.000000000,9.800000000,1.000000000,0.000000000,0.000000000,0.000000000
16.670830666,0.000000000,0.000000000,0.000000000,0.000000000,0.000000000,9.800000000,1.000000000,0.000000000,0.000000000,0.000000000
16.679163998,0.000000000,0.000000000,0.000000000,0.000000000,0.000000000,9.800000000,1.000000000,0.000000000,0.000000000,0.000000000
16.683330664,0.000000000,0.000000000,0.000000000,0.000000000,0.000000000,9.800000000,1.000000000,0.000000000,0.000000000,0.000000000
16.687497330,0.000000000,0.000000000,0.000000000,0.000000000,0.000000000,9.800000000,1.000000000,0.000000000,0.000000000,0.000000000
16.691663996,0.000000000,0.000000000,0.000000000,0.000000000,0.000000000,9.800000000,1.000000000,0.000000000,0.000000000,0.000000000
16.695830662,0.000000000,0.000000000,0.000000000,0.000000000,0.000000000,9.800000000,1.000000000,0.000000000,0.000000000,0.000000000
16.704163994,0.000000000,0.000000000,0.000000000,0.000000000,0.000000000,9.800000000,1.000000000,0.000000000,0.000000000,0.000000000
16.708330660,0.000000000,0.000000000,0.000000000,0.000000000,0.000000000,9.800000000,1.000000000,0.000000000,0.000000000,0.000000000
16.712497326,0.000000000,0.000000000,0.000000000,0.000000000,0.000000000,9.800000000,1.000000000,0.000000000,0.000000000,0.000000000
16.716663992,0.000000000,0.000000000,0.000000000,0.000000000,0.000000000,9.800000000,1.000000000,0.000000000,0.000000000,0.000000000
16.720830658,0.000000000,0.000000000,0.000000000,0.000000000,0.000000000,9.800000000,1.000000000,0.000000000,0.000000000,0.000000000
16.729163990,0.000000000,0.000000000,0.000000000,0.000000000,0.000000000,9.800000000,1.000000000,0.000000000,0.000000000,0.000000000
16.733330656,0.000000000,0.000000000,0.000000000,0.000000000,0.000000000,9.800000000,1.000000000,0.000000000,0.000000000,0.000000000
16.737497322,0.000000000,0.000000000,0.000000000,0.000000000,0.000000000,9.800000000,1.000000000,0.000000000,0.000000000,0.000000000
16.741663988,0.000000000,0.000000000,0.000000000,0.000000000,0.000000000,9.800000000,1.000000000,0.000000000,0.000000000,0.000000000
16.745830654,0.000000000,0.000000000,0.000000000,0.000000000,0.000000000,9.800000000,1.000000000,0.000000000,0.000000000,0.000000000
16.754163986,0.000000000,0.000000000,0.000000000,0.000000000,0.000000000,9.800000000,1.000000000,0.000000000,0.000000000,0.000000000
16.758330652,0.000000000,0.000000000,0.000000000,0.000000000,0.000000000,9.800000000,1.000000000,0.000000000,0.000000000,0.000000000
16.762497318,0.000000000,0.000000000,0.000000000,0.000000000,0.000000000,9.800000000,1.000000000,0.000000000,0.000000000,0.000000000
16.766663984,0.000000000,0.000000000,0.000000000,0.000000000,0.000000000,9.800000000,1.000000000,0.000000000,0.000000000,0.000000000
16.770830650,0.000000000,0.000000000,0.000000000,0.000000000,0.000000000,9.800000000,1.000000000,0.000000000,0.000000000,0.000000000
16.779163982,0.000000000,0.000000000,0.000000000,0.000000000,0.000000000,9.800000000,1.000000000,0.000000000,0.000000000,0.000000000
16.783330648,0.000000000,0.000000000,0.000000000,0.000000000,0.000000000,9.800000000,1.000000000,0.000000000,0.000000000,0.000000000
16.787497314,0.000000000,0.000000000,0.000000000,0.000000000,0.000000000,9.800000000,1.000000000,0.000000000,0.000000000,0.000000000
16.791663980,0.000000000,0.000000000,0.000000000,0.000000000,0.000000000,9.800000000,1.000000000,0.000000000,0.000000000,0.000000000
16.795830646,0.000000000,0.000000000,0.000000000,0.000000000,0.000000000,9.800000000,1.000000000,0.000000000,0.000000000,0.000000000
16.804163978,0.000000000,0.000000000,0.000000000,0.000000000,0.000000000,9.800000000,1.000000000,0.000000000,0.000000000,0.000000000
16.808330644,0.000000000,0.000000000,0.000000000,0.000000000,0.000000000,9.800000000,1.000000000,0.000000000,0.000000000,0.000000000
16.812497310,0.000000000,0.000000000,0.000000000,0.000000000,0.000000000,9.800000000,1.000000000,0.000000000,0.000000000,0.000000000
16.816663976,0.000000000,0.000000000,0.000000000,0.000000000,0.000000000,9.800000000,1.000000000,0.000000000,0.000000000,0.000000000
16.820830642,0.000000000,0.000000000,0.000000000,0.000000000,0.000000000,9.800000000,1.000000000,0.000000000,0.000000000,0.000000000
16.829163974,0.000000000,0.000000000,0.000000000,0.000000000,0.000000000,9.800000000,1.000000000,0.000000000,0.000000000,0.000000000
16.833330640,0.000000000,0.000000000,0.000000000,0.000000000,0.000000000,9.800000000,1.000000000,0.000000000,0.000000000,0.000000000
16.837497306,0.000000000,0.000000000,0.000000000,0.000000000,0.000000000,9.800000000,1.000000000,0.000000000,0.000000000,0.000000000
16.841663972,0.000000000,0.000000000,0.000000000,0.000000000,0.000000000,9.800000000,1.000000000,0.000000000,0.000000000,0.000000000
16.845830638,0.000000000,0.000000000,0.000000000,0.000000000,0.000000000,9.800000000,1.000000000,0.000000000,0.000000000,0.000000000
16.854163970,0.000000000,0.000000000,0.000000000,0.000000000,0.000000000,9.800000000,1.000000000,0.000000000,0.000000000,0.000000000
16.858330636,0.000000000,0.000000000,0.000000000,0.000000000,0.000000000,9.800000000,1.000000000,0.000000000,0.000000000,0.000000000
16.862497302,0.000000000,0.000000000,0.000000000,0.000000000,0.000000000,9.800000000,1.000000000,0.000000000,0.000000000,0.000000000
16.866663968,0.000000000,0.000000000,0.000000000,0.000000000,0.000000000,9.800000000,1.000000000,0.000000000,0.000000000,0.000000000
16.870830634,0.000000000,0.000000000,0.000000000,0.000000000,0.000000000,9.800000000,1.000000000,0.000000000,0.000000000,0.000000000
16.879163966,0.000000000,0.000000000,0.000000000,0.000000000,0.000000000,9.800000000,1.000000000,0.000000000,0.000000000,0.000000000
16.883330632,0.000000000,0.000000000,0.000000000,0.000000000,0.000000000,9.800000000,1.000000000,0.000000000,0.000000000,0.000000000
16.887497298,0.000000000,0.000000000,0.000000000,0.000000000,0.000000000,9.800000000,1.000000000,0.000000000,0.000000000,0.000000000
16.891663964,0.000000000,0.000000000,0.000000000,0.000000000,0.000000000,9.800000000,1.000000000,0.000000000,0.000000000,0.000000000
16.895830630,0.000000000,0.000000000,0.000000000,0.000000000,0.000000000,9.800000000,1.000000000,0.000000000,0.000000000,0.000000000
16.904163962,0.000000000,0.000000000,0.000000000,0.000000000,0.000000000,9.800000000,1.000000000,0.000000000,0.000000000,0.000000000
16.908330628,0.000000000,0.000000000,0.000000000,0.000000000,0.000000000,9.800000000,1.000000000,0.000000000,0.000000000,0.000000000
16.912497294,0.000000000,0.000000000,0.000000000,0.000000000,0.000000000,9.800000000,1.000000000,0.000000000,0.000000000,0.000000000
16.916663960,0.000000000,0.000000000,0.000000000,0.000000000,0.000000000,9.800000000,1.000000000,0.000000000,0.000000000,0.000000000
16.920830626,0.000000000,0.000000000,0.000000000,0.000000000,0.000000000,9.800000000,1.000000000,0.000000000,0.000000000,0.000000000
16.929163958,0.000000000,0.000000000,0.000000000,0.000000000,0.000000000,9.800000000,1.000000000,0.000000000,0.000000000,0.000000000
16.933330624,0.000000000,0.000000000,0.000000000,0.000000000,0.000000000,9.800000000,1.000000000,0.000000000,0.000000000,0.000000000
16.937497290,0.000000000,0.000000000,0.000000000,0.000000000,0.000000000,9.800000000,1.000000000,0.000000000,0.000000000,0.000000000
16.941663956,0.000000000,0.000000000,0.000000000,0.000000000,0.000000000,9.800000000,1.000000000,0.000000000,0.000000000,0.000000000
16.945830622,0.000000000,0.000000000,0.000000000,0.000000000,0.000000000,9.800000000,1.000000000,0.000000000,0.000000000,0.000000000
16.954163954,0.000000000,0.000000000,0.000000000,0.000000000,0.000000000,9.800000000,1.000000000,0.000000000,0.000000000,0.000000000
16.958330620,0.000000000,0.000000000,0.000000000,0.000000000,0.000000000,9.800000000,1.000000000,0.000000000,0.000000000,0.000000000
16.962497286,0.000000000,0.000000000,0.000000000,0.000000000,0.000000000,9.800000000,1.000000000,0.000000000,0.000000000,0.000000000
16.966663952,0.000000000,0.000000000,0.000000000,0.000000000,0.000000000,9.800000000,1.000000000,0.000000000,0.000000000,0.000000000
16.970830618,0.000000000,0.000000000,0.000000000,0.000000000,0.000000000,9.800000000,1.000000000,0.000000000,0.000000000,0.000000000
16.979163950,0.000000000,0.000000000,0.000000000,0.000000000,0.000000000,9.800000000,1.000000000,0.000000000,0.000000000,0.000000000
16.983330616,0.000000000,0.000000000,0.000000000,0.000000000,0.000000000,9.800000000,1.000000000,0.000000000,0.000000000,0.000000000
16.987497282,0.000000000,0.000000000,0.000000000,0.000000000,0.000000000,9.800000000,1.000000000,0.000000000,0.000000000,0.000000000
16.991663948,0.000000000,0.000000000,0.000000000,0.000000000,0.000000000,9.800000000,1.000000000,0.000000000,0.000000000,0.000000000
16.995830614,0.000000000,0.000000000,0.000000000,0.000000000,0.000000000,9.800000000,1.000000000,0.000000000,0.000000000,0.000000000
17.004163946,0.000000000,0.000000000,0.000000000,0.000000000,0.000000000,9.800000000,1.000000000,0.000000000,0.000000000,0.000000000
17.008330612,0.000000000,0.000000000,0.000000000,0.000000000,0.000000000,9.800000000,1.000000000,0.000000000,0.000000000,0.000000000
17.012497278,0.000000000,0.000000000,0.000000000,0.000000000,0.000000000,9.800000000,1.000000000,0.000000000,0.000000000,0.000000000
17.016663944,0.000000000,0.000000000,0.000000000,0.000000000,0.000000000,9.800000000,1.000000000,0.000000000,0.000000000,0.000000000
17.020830610,0.000000000,0.000000000,0.000000000,0.000000000,0.000000000,9.800000000,1.000000000,0.000000000,0.000000000,0.000000000
17.029163942,0.000000000,0.000000000,0.000000000,0.000000000,0.000000000,9.800000000,1.000000000,0.000000000,0.000000000,0.000000000
17.033330608,0.000000000,0.000000000,0.000000000,0.000000000,0.000000000,9.800000000,1.000000000,0.000000000,0.000000000,0.000000000
17.037497274,0.000000000,0.000000000,0.000000000,0.000000000,0.000000000,9.800000000,1.000000000,0.000000000,0.000000000,0.000000000
17.041663940,0.000000000,0.000000000,0.000000000,0.000000000,0.000000000,9.800000000,1.000000000,0.000000000,0.000000000,0.000000000
17.045830606,0.000000000,0.000000000,0.000000000,0.000000000,0.000000000,9.800000000,1.000000000,0.000000000,0.000000000,0.000000000
17.054163938,0.000000000,0.000000000,0.000000000,0.000000000,0.000000000,9.800000000,1.000000000,0.000000000,0.000000000,0.000000000
17.058330604,0.000000000,0.000000000,0.000000000,0.000000000,0.000000000,9.800000000,1.000000000,0.000000000,0.000000000,0.000000000
17.062497270,0.000000000,0.000000000,0.000000000,0.000000000,0.000000000,9.800000000,1.000000000,0.000000000,0.000000000,0.000000000
17.066663936,0.000000000,0.000000000,0.000000000,0.000000000,0.000000000,9.800000000,1.000000000,0.000000000,0.000000000,0.000000000
17.070830602,0.000000000,0.000000000,0.000000000,0.000000000,0.000000000,9.800000000,1.000000000,0.000000000,0.000000000,0.000000000
17.079163934,0.000000000,0.000000000,0.000000000,0.000000000,0.000000000,9.800000000,1.000000000,0.000000000,0.000000000,0.000000000
17.083330600,0.000000000,0.000000000,0.000000000,0.000000000,0.000000000,9.800000000,1.000000000,0.000000000,0.000000000,0.000000000
17.087497266,0.000000000,0.000000000,0.000000000,0.000000000,0.000000000,9.800000000,1.000000000,0.000000000,0.000000000,0.000000000
17.091663932,0.000000000,0.000000000,0.000000000,0.000000000,0.000000000,9.800000000,1.000000000,0.000000000,0.000000000,0.000000000
17.095830598,0.000000000,0.000000000,0.000000000,0.000000000,0.000000000,9.800000000,1.000000000,0.000000000,0.000000000,0.000000000
17.104163930,0.000000000,0.000000000,0.000000000,0.000000000,0.000000000,9.800000000,1.000000000,0.000000000,0.000000000,0.000000000
17.108330596,0.000000000,0.000000000,0.000000000,0.000000000,0.000000000,9.800000000,1.000000000,0.000000000,0.000000000,0.000000000
17.112497262,0.000000000,0.000000000,0.000000000,0.000000000,0.000000000,9.800000000,1.000000000,0.000000000,0.000000000,0.000000000
17.116663928,0.000000000,0.000000000,0.000000000,0.000000000,0.000000000,9.800000000,1.000000000,0.000000000,0.000000000,0.000000000
17.120830594,0.000000000,0.000000000,0.000000000,0.000000000,0.000000000,9.800000000,1.000000000,0.000000000,0.000000000,0.000000000
17.129163926,0.000000000,0.000000000,0.000000000,0.000000000,0.000000000,9.800000000,1.000000000,0.000000000,0.000000000,0.000000000
17.133330592,0.000000000,0.000000000,0.000000000,0.000000000,0.000000000,9.800000000,1.000000000,0.000000000,0.000000000,0.000000000
17.137497258,0.000000000,0.000000000,0.000000000,0.000000000,0.000000000,9.800000000,1.000000000,0.000000000,0.000000000,0.000000000
17.141663924,0.000000000,0.000000000,0.000000000,0.000000000,0.000000000,9.800000000,1.000000000,0.000000000,0.000000000,0.000000000
17.145830590,0.000000000,0.000000000,0.000000000,0.000000000,0.000000000,9.800000000,1.000000000,0.000000000,0.000000000,0.000000000
17.154163922,0.000000000,0.000000000,0.000000000,0.000000000,0.000000000,9.800000000,1.000000000,0.000000000,0.000000000,0.000000000
17.158330588,0.000000000,0.000000000,0.000000000,0.000000000,0.000000000,9.800000000,1.000000000,0.000000000,0.000000000,0.000000000
17.162497254,0.000000000,0.000000000,0.000000000,0.000000000,0.000000000,9.800000000,1.000000000,0.000000000,0.000000000,0.000000000
17.166663920,0.000000000,0.000000000,0.000000000,0.000000000,0.000000000,9.800000000,1.000000000,0.000000000,0.000000000,0.000000000
17.170830586,0.000000000,0.000000000,0.000000000,0.000000000,0.000000000,9.800000000,1.000000000,0.000000000,0.000000000,0.000000000
17.179163918,0.000000000,0.000000000,0.000000000,0.000000000,0.000000000,9.800000000,1.000000000,0.000000000,0.000000000,0.000000000
17.183330584,0.000000000,0.000000000,0.000000000,0.000000000,0.000000000,9.800000000,1.000000000,0.000000000,0.000000000,0.000000000
17.187497250,0.000000000,0.000000000,0.000000000,0.000000000,0.000000000,9.800000000,1.000000000,0.000000000,0.000000000,0.000000000
17.191663916,0.000000000,0.000000000,0.000000000,0.000000000,0.000000000,9.800000000,1.000000000,0.000000000,0.000000000,0.000000000
17.195830582,0.000000000,0.000000000,0.000000000,0.000000000,0.000000000,9.800000000,1.000000000,0.000000000,0.000000000,0.000000000
17.204163914,0.000000000,0.000000000,0.000000000,0.000000000,0.000000000,9.800000000,1.000000000,0.000000000,0.000000000,0.000000000
17.208330580,0.000000000,0.000000000,0.000000000,0.000000000,0.000000000,9.800000000,1.000000000,0.000000000,0.000000000,0.000000000
17.212497246,0.000000000,0.000000000,0.000000000,0.000000000,0.000000000,9.800000000,1.000000000,0.000000000,0.000000000,0.000000000
17.216663912,0.000000000,0.000000000,0.000000000,0.000000000,0.000000000,9.800000000,1.000000000,0.000000000,0.000000000,0.000000000
17.220830578,0.000000000,0.000000000,0.000000000,0.000000000,0.000000000,9.800000000,1.000000000,0.000000000,0.000000000,0.000000000
17.229163910,0.000000000,0.000000000,0.000000000,0.000000000,0.000000000,9.800000000,1.000000000,0.000000000,0.000000000,0.000000000
17.233330576,0.000000000,0.000000000,0.000000000,0.000000000,0.000000000,9.800000000,1.000000000,0.000000000,0.000000000,0.000000000
17.237497242,0.000000000,0.000000000,0.000000000,0.000000000,0.000000000,9.800000000,1.000000000,0.000000000,0.000000000,0.000000000
17.241663908,0.000000000,0.000000000,0.000000000,0.000000000,0.000000000,9.800000000,1.000000000,0.000000000,0.000000000,0.000000000
17.245830574,0.000000000,0.000000000,0.000000000,0.000000000,0.000000000,9.800000000,1.000000000,0.000000000,0.000000000,0.000000000
17.254163906,0.000000000,0.000000000,0.000000000,0.000000000,0.000000000,9.800000000,1.000000000,0.000000000,0.000000000,0.000000000
17.258330572,0.000000000,0.000000000,0.000000000,0.000000000,0.000000000,9.800000000,1.000000000,0.000000000,0.000000000,0.000000000
17.262497238,0.000000000,0.000000000,0.000000000,0.000000000,0.000000000,9.800000000,1.000000000,0.000000000,0.000000000,0.000000000
17.266663904,0.000000000,0.000000000,0.000000000,0.000000000,0.000000000,9.800000000,1.000000000,0.000000000,0.000000000,0.000000000
17.270830570,0.000000000,0.000000000,0.000000000,0.000000000,0.000000000,9.800000000,1.000000000,0.000000000,0.000000000,0.000000000
17.279163902,0.000000000,0.000000000,0.000000000,0.000000000,0.000000000,9.800000000,1.000000000,0.000000000,0.000000000,0.000000000
17.283330568,0.000000000,0.000000000,0.000000000,0.000000000,0.000000000,9.800000000,1.000000000,0.000000000,0.000000000,0.000000000
17.287497234,0.000000000,0.000000000,0.000000000,0.000000000,0.000000000,9.800000000,1.000000000,0.000000000,0.000000000,0.000000000
17.291663900,0.000000000,0.000000000,0.000000000,0.000000000,0.000000000,9.800000000,1.000000000,0.000000000,0.000000000,0.000000000
17.295830566,0.000000000,0.000000000,0.000000000,0.000000000,0.000000000,9.800000000,1.000000000,0.000000000,0.000000000,0.000000000
17.304163898,0.000000000,0.000000000,0.000000000,0.000000000,0.000000000,9.800000000,1.000000000,0.000000000,0.000000000,0.000000000
17.308330564,0.000000000,0.000000000,0.000000000,0.000000000,0.000000000,9.800000000,1.000000000,0.000000000,0.000000000,0.000000000
17.312497230,0.000000000,0.000000000,0.000000000,0.000000000,0.000000000,9.800000000,1.000000000,0.000000000,0.000000000,0.000000000
17.316663896,0.000000000,0.000000000,0.000000000,0.000000000,0.000000000,9.800000000,1.000000000,0.000000000,0.000000000,0.000000000
17.320830562,0.000000000,0.000000000,0.000000000,0.000000000,0.000000000,9.800000000,1.000000000,0.000000000,0.000000000,0.000000000
17.329163894,0.000000000,0.000000000,0.000000000,0.000000000,0.000000000,9.800000000,1.000000000,0.000000000,0.000000000,0.000000000
17.333330560,0.000000000,0.000000000,0.000000000,0.000000000,0.000000000,9.800000000,1.000000000,0.000000000,0.000000000,0.000000000
17.337497226,0.000000000,0.000000000,0.000000000,0.000000000,0.000000000,9.800000000,1.000000000,0.000000000,0.000000000,0.000000000
17.341663892,0.000000000,0.000000000,0.000000000,0.000000000,0.000000000,9.800000000,1.000000000,0.000000000,0.000000000,0.000000000
17.345830558,0.000000000,0.000000000,0.000000000,0.000000000,0.000000000,9.800000000,1.000000000,0.000000000,0.000000000,0.000000000
17.354163890,0.000000000,0.000000000,0.000000000,0.000000000,0.000000000,9.800000000,1.000000000,0.000000000,0.000000000,0.000000000
17.358330556,0.000000000,0.000000000,0.000000000,0.000000000,0.000000000,9.800000000,1.000000000,0.000000000,0.000000000,0.000000000
17.362497222,0.000000000,0.000000000,0.000000000,0.000000000,0.000000000,9.800000000,1.000000000,0.000000000,0.000000000,0.000000000
17.366663888,0.000000000,0.000000000,0.000000000,0.000000000,0.000000000,9.800000000,1.000000000,0.000000000,0.000000000,0.000000000
17.370830554,0.000000000,0.000000000,0.000000000,0.000000000,0.000000000,9.800000000,1.000000000,0.000000000,0.000000000,0.000000000
17.379163886,0.000000000,0.000000000,0.000000000,0.000000000,0.000000000,9.800000000,1.000000000,0.000000000,0.000000000,0.000000000
17.383330552,0.000000000,0.000000000,0.000000000,0.000000000,0.000000000,9.800000000,1.000000000,0.000000000,0.000000000,0.000000000
17.387497218,0.000000000,0.000000000,0.000000000,0.000000000,0.000000000,9.800000000,1.000000000,0.000000000,0.000000000,0.000000000
17.391663884,0.000000000,0.000000000,0.000000000,0.000000000,0.000000000,9.800000000,1.000000000,0.000000000,0.000000000,0.000000000
17.395830550,0.000000000,0.000000000,0.000000000,0.000000000,0.000000000,9.800000000,1.000000000,0.000000000,0.000000000,0.000000000
17.404163882,0.000000000,0.000000000,0.000000000,0.000000000,0.000000000,9.800000000,1.000000000,0.000000000,0.000000000,0.000000000
17.408330548,0.000000000,0.000000000,0.000000000,0.000000000,0.000000000,9.800000000,1.000000000,0.000000000,0.000000000,0.000000000
17.412497214,0.000000000,0.000000000,0.000000000,0.000000000,0.000000000,9.800000000,1.000000000,0.000000000,0.000000000,0.000000000
17.416663880,0.000000000,0.000000000,0.000000000,0.000000000,0.000000000,9.800000000,1.000000000,0.000000000,0.000000000,0.000000000
17.420830546,0.000000000,0.000000000,0.000000000,0.000000000,0.000000000,9.800000000,1.000000000,0.000000000,0.000000000,0.000000000
17.429163878,0.000000000,0.000000000,0.000000000,0.000000000,0.000000000,9.800000000,1.000000000,0.000000000,0.000000000,0.000000000
17.433330544,0.000000000,0.000000000,0.000000000,0.000000000,0.000000000,9.800000000,1.000000000,0.000000000,0.000000000,0.000000000
17.437497210,0.000000000,0.000000000,0.000000000,0.000000000,0.000000000,9.800000000,1.000000000,0.000000000,0.000000000,0.000000000
17.441663876,0.000000000,0.000000000,0.000000000,0.000000000,0.000000000,9.800000000,1.000000000,0.000000000,0.000000000,0.000000000
17.445830542,0.000000000,0.000000000,0.000000000,0.000000000,0.000000000,9.800000000,1.000000000,0.000000000,0.000000000,0.000000000
17.454163874,0.000000000,0.000000000,0.000000000,0.000000000,0.000000000,9.800000000,1.000000000,0.000000000,0.000000000,0.000000000
17.458330540,0.000000000,0.000000000,0.000000000,0.000000000,0.000000000,9.800000000,1.000000000,0.000000000,0.000000000,0.000000000
17.462497206,0.000000000,0.000000000,0.000000000,0.000000000,0.000000000,9.800000000,1.000000000,0.000000000,0.000000000,0.000000000
17.466663872,0.000000000,0.000000000,0.000000000,0.000000000,0.000000000,9.800000000,1.000000000,0.000000000,0.000000000,0.000000000
17.470830538,0.000000000,0.000000000,0.000000000,0.000000000,0.000000000,9.800000000,1.000000000,0.000000000,0.000000000,0.000000000
17.479163870,0.000000000,0.000000000,0.000000000,0.000000000,0.000000000,9.800000000,1.000000000,0.000000000,0.000000000,0.000000000
17.483330536,0.000000000,0.000000000,0.000000000,0.000000000,0.000000000,9.800000000,1.000000000,0.000000000,0.000000000,0.000000000
17.487497202,0.000000000,0.000000000,0.000000000,0.000000000,0.000000000,9.800000000,1.000000000,0.000000000,0.000000000,0.000000000
17.491663868,0.000000000,0.000000000,0.000000000,0.000000000,0.000000000,9.800000000,1.000000000,0.000000000,0.000000000,0.000000000
17.495830534,0.000000000,0.000000000,0.000000000,0.000000000,0.000000000,9.800000000,1.000000000,0.000000000,0.000000000,0.000000000
17.504163866,0.000000000,0.000000000,0.000000000,0.000000000,0.000000000,9.800000000,1.000000000,0.000000000,0.000000000,0.000000000
17.508330532,0.000000000,0.000000000,0.000000000,0.000000000,0.000000000,9.800000000,1.000000000,0.000000000,0.000000000,0.000000000
17.512497198,0.000000000,0.000000000,0.000000000,0.000000000,0.000000000,9.800000000,1.000000000,0.000000000,0.000000000,0.000000000
17.516663864,0.000000000,0.000000000,0.000000000,0.000000000,0.000000000,9.800000000,1.000000000,0.000000000,0.000000000,0.000000000
17.520830530,0.000000000,0.000000000,0.000000000,0.000000000,0.000000000,9.800000000,1.000000000,0.000000000,0.000000000,0.000000000
17.529163862,0.000000000,0.000000000,0.000000000,0.000000000,0.000000000,9.800000000,1.000000000,0.000000000,0.000000000,0.000000000
17.533330528,0.000000000,0.000000000,0.000000000,0.000000000,0.000000000,9.800000000,1.000000000,0.000000000,0.000000000,0.000000000
17.537497194,0.000000000,0.000000000,0.000000000,0.000000000,0.000000000,9.800000000,1.000000000,0.000000000,0.000000000,0.000000000
17.541663860,0.000000000,0.000000000,0.000000000,0.000000000,0.000000000,9.800000000,1.000000000,0.000000000,0.000000000,0.000000000
17.545830526,0.000000000,0.000000000,0.000000000,0.000000000,0.000000000,9.800000000,1.000000000,0.000000000,0.000000000,0.000000000
17.554163858,0.000000000,0.000000000,0.000000000,0.000000000,0.000000000,9.800000000,1.000000000,0.000000000,0.000000000,0.000000000
17.558330524,0.000000000,0.000000000,0.000000000,0.000000000,0.000000000,9.800000000,1.000000000,0.000000000,0.000000000,0.000000000
17.562497190,0.000000000,0.000000000,0.000000000,0.000000000,0.000000000,9.800000000,1.000000000,0.000000000,0.000000000,0.000000000
17.566663856,0.000000000,0.000000000,0.000000000,0.000000000,0.000000000,9.800000000,1.000000000,0.000000000,0.000000000,0.000000000
17.570830522,0.000000000,0.000000000,0.000000000,0.000000000,0.000000000,9.800000000,1.000000000,0.000000000,0.000000000,0.000000000
17.579163854,0.000000000,0.000000000,0.000000000,0.000000000,0.000000000,9.800000000,1.000000000,0.000000000,0.000000000,0.000000000
17.583330520,0.000000000,0.000000000,0.000000000,0.000000000,0.000000000,9.800000000,1.000000000,0.000000000,0.000000000,0.000000000
17.587497186,0.000000000,0.000000000,0.000000000,0.000000000,0.000000000,9.800000000,1.000000000,0.000000000,0.000000000,0.000000000
17.591663852,0.000000000,0.000000000,0.000000000,0.000000000,0.000000000,9.800000000,1.000000000,0.000000000,0.000000000,0.000000000
17.595830518,0.000000000,0.000000000,0.000000000,0.000000000,0.000000000,9.800000000,1.000000000,0.000000000,0.000000000,0.000000000
17.604163850,0.000000000,0.000000000,0.000000000,0.000000000,0.000000000,9.800000000,1.000000000,0.000000000,0.000000000,0.000000000
17.608330516,0.000000000,0.000000000,0.000000000,0.000000000,0.000000000,9.800000000,1.000000000,0.000000000,0.000000000,0.000000000
17.612497182,0.000000000,0.000000000,0.000000000,0.000000000,0.000000000,9.800000000,1.000000000,0.000000000,0.000000000,0.000000000
17.616663848,0.000000000,0.000000000,0.000000000,0.000000000,0.000000000,9.800000000,1.000000000,0.000000000,0.000000000,0.000000000
17.620830514,0.000000000,0.000000000,0.000000000,0.000000000,0.000000000,9.800000000,1.000000000,0.000000000,0.000000000,0.000000000
17.629163846,0.000000000,0.000000000,0.000000000,0.000000000,0.000000000,9.800000000,1.000000000,0.000000000,0.000000000,0.000000000
17.633330512,0.000000000,0.000000000,0.000000000,0.000000000,0.000000000,9.800000000,1.000000000,0.000000000,0.000000000,0.000000000
17.637497178,0.000000000,0.000000000,0.000000000,0.000000000,0.000000000,9.800000000,1.000000000,0.000000000,0.000000000,0.000000000
17.641663844,0.000000000,0.000000000,0.000000000,0.000000000,0.000000000,9.800000000,1.000000000,0.000000000,0.000000000,0.000000000
17.645830510,0.000000000,0.000000000,0.000000000,0.000000000,0.000000000,9.800000000,1.000000000,0.000000000,0.000000000,0.000000000
17.654163842,0.000000000,0.000000000,0.000000000,0.000000000,0.000000000,9.800000000,1.000000000,0.000000000,0.000000000,0.000000000
17.658330508,0.000000000,0.000000000,0.000000000,0.000000000,0.000000000,9.800000000,1.000000000,0.000000000,0.000000000,0.000000000
17.662497174,0.000000000,0.000000000,0.000000000,0.000000000,0.000000000,9.800000000,1.000000000,0.000000000,0.000000000,0.000000000
17.666663840,0.000000000,0.000000000,0.000000000,0.000000000,0.000000000,9.800000000,1.000000000,0.000000000,0.000000000,0.000000000
17.670830506,0.000000000,0.000000000,0.000000000,0.000000000,0.000000000,9.800000000,1.000000000,0.000000000,0.000000000,0.000000000
17.679163838,0.000000000,0.000000000,0.000000000,0.000000000,0.000000000,9.800000000,1.000000000,0.000000000,0.000000000,0.000000000
17.683330504,0.000000000,0.000000000,0.000000000,0.000000000,0.000000000,9.800000000,1.000000000,0.000000000,0.000000000,0.000000000
17.687497170,0.000000000,0.000000000,0.000000000,0.000000000,0.000000000,9.800000000,1.000000000,0.000000000,0.000000000,0.000000000
17.691663836,0.000000000,0.000000000,0.000000000,0.000000000,0.000000000,9.800000000,1.000000000,0.000000000,0.000000000,0.000000000
17.695830502,0.000000000,0.000000000,0.000000000,0.000000000,0.000000000,9.800000000,1.000000000,0.000000000,0.000000000,0.000000000
17.704163834,0.000000000,0.000000000,0.000000000,0.000000000,0.000000000,9.800000000,1.000000000,0.000000000,0.000000000,0.000000000
17.708330500,0.000000000,0.000000000,0.000000000,0.000000000,0.000000000,9.800000000,1.000000000,0.000000000,0.000000000,0.000000000
17.712497166,0.000000000,0.000000000,0.000000000,0.000000000,0.000000000,9.800000000,1.000000000,0.000000000,0.000000000,0.000000000
17.716663832,0.000000000,0.000000000,0.000000000,0.000000000,0.000000000,9.800000000,1.000000000,0.000000000,0.000000000,0.000000000
17.720830498,0.000000000,0.000000000,0.000000000,0.000000000,0.000000000,9.800000000,1.000000000,0.000000000,0.000000000,0.000000000
17.729163830,0.000000000,0.000000000,0.000000000,0.000000000,0.000000000,9.800000000,1.000000000,0.000000000,0.000000000,0.000000000
17.733330496,0.000000000,0.000000000,0.000000000,0.000000000,0.000000000,9.800000000,1.000000000,0.000000000,0.000000000,0.000000000
17.737497162,0.000000000,0.000000000,0.000000000,0.000000000,0.000000000,9.800000000,1.000000000,0.000000000,0.000000000,0.000000000
17.741663828,0.000000000,0.000000000,0.000000000,0.000000000,0.000000000,9.800000000,1.000000000,0.000000000,0.000000000,0.000000000
17.745830494,0.000000000,0.000000000,0.000000000,0.000000000,0.000000000,9.800000000,1.000000000,0.000000000,0.000000000,0.000000000
17.754163826,0.000000000,0.000000000,0.000000000,0.000000000,0.000000000,9.800000000,1.000000000,0.000000000,0.000000000,0.000000000
17.758330492,0.000000000,0.000000000,0.000000000,0.000000000,0.000000000,9.800000000,1.000000000,0.000000000,0.000000000,0.000000000
17.762497158,0.000000000,0.000000000,0.000000000,0.000000000,0.000000000,9.800000000,1.000000000,0.000000000,0.000000000,0.000000000
17.766663824,0.000000000,0.000000000,0.000000000,0.000000000,0.000000000,9.800000000,1.000000000,0.000000000,0.000000000,0.000000000
17.770830490,0.000000000,0.000000000,0.000000000,0.000000000,0.000000000,9.800000000,1.000000000,0.000000000,0.000000000,0.000000000
17.779163822,0.000000000,0.000000000,0.000000000,0.000000000,0.000000000,9.800000000,1.000000000,0.000000000,0.000000000,0.000000000
17.783330488,0.000000000,0.000000000,0.000000000,0.000000000,0.000000000,9.800000000,1.000000000,0.000000000,0.000000000,0.000000000
17.787497154,0.000000000,0.000000000,0.000000000,0.000000000,0.000000000,9.800000000,1.000000000,0.000000000,0.000000000,0.000000000
17.791663820,0.000000000,0.000000000,0.000000000,0.000000000,0.000000000,9.800000000,1.000000000,0.000000000,0.000000000,0.000000000
17.795830486,0.000000000,0.000000000,0.000000000,0.000000000,0.000000000,9.800000000,1.000000000,0.000000000,0.000000000,0.000000000
17.804163818,0.000000000,0.000000000,0.000000000,0.000000000,0.000000000,9.800000000,1.000000000,0.000000000,0.000000000,0.000000000
17.808330484,0.000000000,0.000000000,0.000000000,0.000000000,0.000000000,9.800000000,1.000000000,0.000000000,0.000000000,0.000000000
17.812497150,0.000000000,0.000000000,0.000000000,0.000000000,0.000000000,9.800000000,1.000000000,0.000000000,0.000000000,0.000000000
17.816663816,0.000000000,0.000000000,0.000000000,0.000000000,0.000000000,9.800000000,1.000000000,0.000000000,0.000000000,0.000000000
17.820830482,0.000000000,0.000000000,0.000000000,0.000000000,0.000000000,9.800000000,1.000000000,0.000000000,0.000000000,0.000000000
17.829163814,0.000000000,0.000000000,0.000000000,0.000000000,0.000000000,9.800000000,1.000000000,0.000000000,0.000000000,0.000000000
17.833330480,0.000000000,0.000000000,0.000000000,0.000000000,0.000000000,9.800000000,1.000000000,0.000000000,0.000000000,0.000000000
17.837497146,0.000000000,0.000000000,0.000000000,0.000000000,0.000000000,9.800000000,1.000000000,0.000000000,0.000000000,0.000000000
17.841663812,0.000000000,0.000000000,0.000000000,0.000000000,0.000000000,9.800000000,1.000000000,0.000000000,0.000000000,0.000000000
17.845830478,0.000000000,0.000000000,0.000000000,0.000000000,0.000000000,9.800000000,1.000000000,0.000000000,0.000000000,0.000000000
17.854163810,0.000000000,0.000000000,0.000000000,0.000000000,0.000000000,9.800000000,1.000000000,0.000000000,0.000000000,0.000000000
17.858330476,0.000000000,0.000000000,0.000000000,0.000000000,0.000000000,9.800000000,1.000000000,0.000000000,0.000000000,0.000000000
17.862497142,0.000000000,0.000000000,0.000000000,0.000000000,0.000000000,9.800000000,1.000000000,0.000000000,0.000000000,0.000000000
17.866663808,0.000000000,0.000000000,0.000000000,0.000000000,0.000000000,9.800000000,1.000000000,0.000000000,0.000000000,0.000000000
17.870830474,0.000000000,0.000000000,0.000000000,0.000000000,0.000000000,9.800000000,1.000000000,0.000000000,0.000000000,0.000000000
17.879163806,0.000000000,0.000000000,0.000000000,0.000000000,0.000000000,9.800000000,1.000000000,0.000000000,0.000000000,0.000000000
17.883330472,0.000000000,0.000000000,0.000000000,0.000000000,0.000000000,9.800000000,1.000000000,0.000000000,0.000000000,0.000000000
17.887497138,0.000000000,0.000000000,0.000000000,0.000000000,0.000000000,9.800000000,1.000000000,0.000000000,0.000000000,0.000000000
17.891663804,0.000000000,0.000000000,0.000000000,0.000000000,0.000000000,9.800000000,1.000000000,0.000000000,0.000000000,0.000000000
17.895830470,0.000000000,0.000000000,0.000000000,0.000000000,0.000000000,9.800000000,1.000000000,0.000000000,0.000000000,0.000000000
17.904163802,0.000000000,0.000000000,0.000000000,0.000000000,0.000000000,9.800000000,1.000000000,0.000000000,0.000000000,0.000000000
17.908330468,0.000000000,0.000000000,0.000000000,0.000000000,0.000000000,9.800000000,1.000000000,0.000000000,0.000000000,0.000000000
17.912497134,0.000000000,0.000000000,0.000000000,0.000000000,0.000000000,9.800000000,1.000000000,0.000000000,0.000000000,0.000000000
17.916663800,0.000000000,0.000000000,0.000000000,0.000000000,0.000000000,9.800000000,1.000000000,0.000000000,0.000000000,0.000000000
17.920830466,0.000000000,0.000000000,0.000000000,0.000000000,0.000000000,9.800000000,1.000000000,0.000000000,0.000000000,0.000000000
17.929163798,0.000000000,0.000000000,0.000000000,0.000000000,0.000000000,9.800000000,1.000000000,0.000000000,0.000000000,0.000000000
17.933330464,0.000000000,0.000000000,0.000000000,0.000000000,0.000000000,9.800000000,1.000000000,0.000000000,0.000000000,0.000000000
17.937497130,0.000000000,0.000000000,0.000000000,0.000000000,0.000000000,9.800000000,1.000000000,0.000000000,0.000000000,0.000000000
17.941663796,0.000000000,0.000000000,0.000000000,0.000000000,0.000000000,9.800000000,1.000000000,0.000000000,0.000000000,0.000000000
17.945830462,0.000000000,0.000000000,0.000000000,0.000000000,0.000000000,9.800000000,1.000000000,0.000000000,0.000000000,0.000000000
17.954163794,0.000000000,0.000000000,0.000000000,0.000000000,0.000000000,9.800000000,1.000000000,0.000000000,0.000000000,0.000000000
17.958330460,0.000000000,0.000000000,0.000000000,0.000000000,0.000000000,9.800000000,1.000000000,0.000000000,0.000000000,0.000000000
17.962497126,0.000000000,0.000000000,0.000000000,0.000000000,0.000000000,9.800000000,1.000000000,0.000000000,0.000000000,0.000000000
17.966663792,0.000000000,0.000000000,0.000000000,0.000000000,0.000000000,9.800000000,1.000000000,0.000000000,0.000000000,0.000000000
17.970830458,0.000000000,0.000000000,0.000000000,0.000000000,0.000000000,9.800000000,1.000000000,0.000000000,0.000000000,0.000000000
17.979163790,0.000000000,0.000000000,0.000000000,0.000000000,0.000000000,9.800000000,1.000000000,0.000000000,0.000000000,0.000000000
17.983330456,0.000000000,0.000000000,0.000000000,0.000000000,0.000000000,9.800000000,1.000000000,0.000000000,0.000000000,0.000000000
17.987497122,0.000000000,0.000000000,0.000000000,0.000000000,0.000000000,9.800000000,1.000000000,0.000000000,0.000000000,0.000000000
17.991663788,0.000000000,0.000000000,0.000000000,0.000000000,0.000000000,9.800000000,1.000000000,0.000000000,0.000000000,0.000000000
17.995830454,0.000000000,0.000000000,0.000000000,0.000000000,0.000000000,9.800000000,1.000000000,0.000000000,0.000000000,0.000000000
18.004163786,0.000000000,0.000000000,0.000000000,0.000000000,0.000000000,9.800000000,1.000000000,0.000000000,0.000000000,0.000000000
18.008330452,0.000000000,0.000000000,0.000000000,0.000000000,0.000000000,9.800000000,1.000000000,0.000000000,0.000000000,0.000000000
18.012497118,0.000000000,0.000000000,0.000000000,0.000000000,0.000000000,9.800000000,1.000000000,0.000000000,0.000000000,0.000000000
18.016663784,0.000000000,0.000000000,0.000000000,0.000000000,0.000000000,9.800000000,1.000000000,0.000000000,0.000000000,0.000000000
18.020830450,0.000000000,0.000000000,0.000000000,0.000000000,0.000000000,9.800000000,1.000000000,0.000000000,0.000000000,0.000000000
18.029163782,0.000000000,0.000000000,0.000000000,0.000000000,0.000000000,9.800000000,1.000000000,0.000000000,0.000000000,0.000000000
18.033330448,0.000000000,0.000000000,0.000000000,0.000000000,0.000000000,9.800000000,1.000000000,0.000000000,0.000000000,0.000000000
18.037497114,0.000000000,0.000000000,0.000000000,0.000000000,0.000000000,9.800000000,1.000000000,0.000000000,0.000000000,0.000000000
18.041663780,0.000000000,0.000000000,0.000000000,0.000000000,0.000000000,9.800000000,1.000000000,0.000000000,0.000000000,0.000000000
18.045830446,0.000000000,0.000000000,0.000000000,0.000000000,0.000000000,9.800000000,1.000000000,0.000000000,0.000000000,0.000000000
18.054163778,0.000000000,0.000000000,0.000000000,0.000000000,0.000000000,9.800000000,1.000000000,0.000000000,0.000000000,0.000000000
18.058330444,0.000000000,0.000000000,0.000000000,0.000000000,0.000000000,9.800000000,1.000000000,0.000000000,0.000000000,0.000000000
18.062497110,0.000000000,0.000000000,0.000000000,0.000000000,0.000000000,9.800000000,1.000000000,0.000000000,0.000000000,0.000000000
18.066663776,0.000000000,0.000000000,0.000000000,0.000000000,0.000000000,9.800000000,1.000000000,0.000000000,0.000000000,0.000000000
18.070830442,0.000000000,0.000000000,0.000000000,0.000000000,0.000000000,9.800000000,1.000000000,0.000000000,0.000000000,0.000000000
18.079163774,0.000000000,0.000000000,0.000000000,0.000000000,0.000000000,9.800000000,1.000000000,0.000000000,0.000000000,0.000000000
18.083330440,0.000000000,0.000000000,0.000000000,0.000000000,0.000000000,9.800000000,1.000000000,0.000000000,0.000000000,0.000000000
18.087497106,0.000000000,0.000000000,0.000000000,0.000000000,0.000000000,9.800000000,1.000000000,0.000000000,0.000000000,0.000000000
18.091663772,0.000000000,0.000000000,0.000000000,0.000000000,0.000000000,9.800000000,1.000000000,0.000000000,0.000000000,0.000000000
18.095830438,0.000000000,0.000000000,0.000000000,0.000000000,0.000000000,9.800000000,1.000000000,0.000000000,0.000000000,0.000000000
18.104163770,0.000000000,0.000000000,0.000000000,0.000000000,0.000000000,9.800000000,1.000000000,0.000000000,0.000000000,0.000000000
18.108330436,0.000000000,0.000000000,0.000000000,0.000000000,0.000000000,9.800000000,1.000000000,0.000000000,0.000000000,0.000000000
18.112497102,0.000000000,0.000000000,0.000000000,0.000000000,0.000000000,9.800000000,1.000000000,0.000000000,0.000000000,0.000000000
18.116663768,0.000000000,0.000000000,0.000000000,0.000000000,0.000000000,9.800000000,1.000000000,0.000000000,0.000000000,0.000000000
18.120830434,0.000000000,0.000000000,0.000000000,0.000000000,0.000000000,9.800000000,1.000000000,0.000000000,0.000000000,0.000000000
18.129163766,0.000000000,0.000000000,0.000000000,0.000000000,0.000000000,9.800000000,1.000000000,0.000000000,0.000000000,0.000000000
18.133330432,0.000000000,0.000000000,0.000000000,0.000000000,0.000000000,9.800000000,1.000000000,0.000000000,0.000000000,0.000000000
18.137497098,0.000000000,0.000000000,0.000000000,0.000000000,0.000000000,9.800000000,1.000000000,0.000000000,0.000000000,0.000000000
18.141663764,0.000000000,0.000000000,0.000000000,0.000000000,0.000000000,9.800000000,1.000000000,0.000000000,0.000000000,0.000000000
18.145830430,0.000000000,0.000000000,0.000000000,0.000000000,0.000000000,9.800000000,1.000000000,0.000000000,0.000000000,0.000000000
18.154163762,0.000000000,0.000000000,0.000000000,0.000000000,0.000000000,9.800000000,1.000000000,0.000000000,0.000000000,0.000000000
18.158330428,0.000000000,0.000000000,0.000000000,0.000000000,0.000000000,9.800000000,1.000000000,0.000000000,0.000000000,0.000000000
18.162497094,0.000000000,0.000000000,0.000000000,0.000000000,0.000000000,9.800000000,1.000000000,0.000000000,0.000000000,0.000000000
18.166663760,0.000000000,0.000000000,0.000000000,0.000000000,0.000000000,9.800000000,1.000000000,0.000000000,0.000000000,0.000000000
18.170830426,0.000000000,0.000000000,0.000000000,0.000000000,0.000000000,9.800000000,1.000000000,0.000000000,0.000000000,0.000000000
18.179163758,0.000000000,0.000000000,0.000000000,0.000000000,0.000000000,9.800000000,1.000000000,0.000000000,0.000000000,0.000000000
18.183330424,0.000000000,0.000000000,0.000000000,0.000000000,0.000000000,9.800000000,1.000000000,0.000000000,0.000000000,0.000000000
18.187497090,0.000000000,0.000000000,0.000000000,0.000000000,0.000000000,9.800000000,1.000000000,0.000000000,0.000000000,0.000000000
18.191663756,0.000000000,0.000000000,0.000000000,0.000000000,0.000000000,9.800000000,1.000000000,0.000000000,0.000000000,0.000000000
18.195830422,0.000000000,0.000000000,0.000000000,0.000000000,0.000000000,9.800000000,1.000000000,0.000000000,0.000000000,0.000000000
18.204163754,0.000000000,0.000000000,0.000000000,0.000000000,0.000000000,9.800000000,1.000000000,0.000000000,0.000000000,0.000000000
18.208330420,0.000000000,0.000000000,0.000000000,0.000000000,0.000000000,9.800000000,1.000000000,0.000000000,0.000000000,0.000000000
18.212497086,0.000000000,0.000000000,0.000000000,0.000000000,0.000000000,9.800000000,1.000000000,0.000000000,0.000000000,0.000000000
18.216663752,0.000000000,0.000000000,0.000000000,0.000000000,0.000000000,9.800000000,1.000000000,0.000000000,0.000000000,0.000000000
18.220830418,0.000000000,0.000000000,0.000000000,0.000000000,0.000000000,9.800000000,1.000000000,0.000000000,0.000000000,0.000000000
18.229163750,0.000000000,0.000000000,0.000000000,0.000000000,0.000000000,9.800000000,1.000000000,0.000000000,0.000000000,0.000000000
18.233330416,0.000000000,0.000000000,0.000000000,0.000000000,0.000000000,9.800000000,1.000000000,0.000000000,0.000000000,0.000000000
18.237497082,0.000000000,0.000000000,0.000000000,0.000000000,0.000000000,9.800000000,1.000000000,0.000000000,0.000000000,0.000000000
18.241663748,0.000000000,0.000000000,0.000000000,0.000000000,0.000000000,9.800000000,1.000000000,0.000000000,0.000000000,0.000000000
18.245830414,0.000000000,0.000000000,0.000000000,0.000000000,0.000000000,9.800000000,1.000000000,0.000000000,0.000000000,0.000000000
18.254163746,0.000000000,0.000000000,0.000000000,0.000000000,0.000000000,9.800000000,1.000000000,0.000000000,0.000000000,0.000000000
18.258330412,0.000000000,0.000000000,0.000000000,0.000000000,0.000000000,9.800000000,1.000000000,0.000000000,0.000000000,0.000000000
18.262497078,0.000000000,0.000000000,0.000000000,0.000000000,0.000000000,9.800000000,1.000000000,0.000000000,0.000000000,0.000000000
18.266663744,0.000000000,0.000000000,0.000000000,0.000000000,0.000000000,9.800000000,1.000000000,0.000000000,0.000000000,0.000000000
18.270830410,0.000000000,0.000000000,0.000000000,0.000000000,0.000000000,9.800000000,1.000000000,0.000000000,0.000000000,0.000000000
18.279163742,0.000000000,0.000000000,0.000000000,0.000000000,0.000000000,9.800000000,1.000000000,0.000000000,0.000000000,0.000000000
18.283330408,0.000000000,0.000000000,0.000000000,0.000000000,0.000000000,9.800000000,1.000000000,0.000000000,0.000000000,0.000000000
18.287497074,0.000000000,0.000000000,0.000000000,0.000000000,0.000000000,9.800000000,1.000000000,0.000000000,0.000000000,0.000000000
18.291663740,0.000000000,0.000000000,0.000000000,0.000000000,0.000000000,9.800000000,1.000000000,0.000000000,0.000000000,0.000000000
18.295830406,0.000000000,0.000000000,0.000000000,0.000000000,0.000000000,9.800000000,1.000000000,0.000000000,0.000000000,0.000000000
18.304163738,0.000000000,0.000000000,0.000000000,0.000000000,0.000000000,9.800000000,1.000000000,0.000000000,0.000000000,0.000000000
18.308330404,0.000000000,0.000000000,0.000000000,0.000000000,0.000000000,9.800000000,1.000000000,0.000000000,0.000000000,0.000000000
18.312497070,0.000000000,0.000000000,0.000000000,0.000000000,0.000000000,9.800000000,1.000000000,0.000000000,0.000000000,0.000000000
18.316663736,0.000000000,0.000000000,0.000000000,0.000000000,0.000000000,9.800000000,1.000000000,0.000000000,0.000000000,0.000000000
18.320830402,0.000000000,0.000000000,0.000000000,0.000000000,0.000000000,9.800000000,1.000000000,0.000000000,0.000000000,0.000000000
18.329163734,0.000000000,0.000000000,0.000000000,0.000000000,0.000000000,9.800000000,1.000000000,0.000000000,0.000000000,0.000000000
18.333330400,0.000000000,0.000000000,0.000000000,0.000000000,0.000000000,9.800000000,1.000000000,0.000000000,0.000000000,0.000000000
18.337497066,0.000000000,0.000000000,0.000000000,0.000000000,0.000000000,9.800000000,1.000000000,0.000000000,0.000000000,0.000000000
18.341663732,0.000000000,0.000000000,0.000000000,0.000000000,0.000000000,9.800000000,1.000000000,0.000000000,0.000000000,0.000000000
18.345830398,0.000000000,0.000000000,0.000000000,0.000000000,0.000000000,9.800000000,1.000000000,0.000000000,0.000000000,0.000000000
18.354163730,0.000000000,0.000000000,0.000000000,0.000000000,0.000000000,9.800000000,1.000000000,0.000000000,0.000000000,0.000000000
18.358330396,0.000000000,0.000000000,0.000000000,0.000000000,0.000000000,9.800000000,1.000000000,0.000000000,0.000000000,0.000000000
18.362497062,0.000000000,0.000000000,0.000000000,0.000000000,0.000000000,9.800000000,1.000000000,0.000000000,0.000000000,0.000000000
18.366663728,0.000000000,0.000000000,0.000000000,0.000000000,0.000000000,9.800000000,1.000000000,0.000000000,0.000000000,0.000000000
18.370830394,0.000000000,0.000000000,0.000000000,0.000000000,0.000000000,9.800000000,1.000000000,0.000000000,0.000000000,0.000000000
18.379163726,0.000000000,0.000000000,0.000000000,0.000000000,0.000000000,9.800000000,1.000000000,0.000000000,0.000000000,0.000000000
18.383330392,0.000000000,0.000000000,0.000000000,0.000000000,0.000000000,9.800000000,1.000000000,0.000000000,0.000000000,0.000000000
18.387497058,0.000000000,0.000000000,0.000000000,0.000000000,0.000000000,9.800000000,1.000000000,0.000000000,0.000000000,0.000000000
18.391663724,0.000000000,0.000000000,0.000000000,0.000000000,0.000000000,9.800000000,1.000000000,0.000000000,0.000000000,0.000000000
18.395830390,0.000000000,0.000000000,0.000000000,0.000000000,0.000000000,9.800000000,1.000000000,0.000000000,0.000000000,0.000000000
18.404163722,0.000000000,0.000000000,0.000000000,0.000000000,0.000000000,9.800000000,1.000000000,0.000000000,0.000000000,0.000000000
18.408330388,0.000000000,0.000000000,0.000000000,0.000000000,0.000000000,9.800000000,1.000000000,0.000000000,0.000000000,0.000000000
18.412497054,0.000000000,0.000000000,0.000000000,0.000000000,0.000000000,9.800000000,1.000000000,0.000000000,0.000000000,0.000000000
18.416663720,0.000000000,0.000000000,0.000000000,0.000000000,0.000000000,9.800000000,1.000000000,0.000000000,0.000000000,0.000000000
18.420830386,0.000000000,0.000000000,0.000000000,0.000000000,0.000000000,9.800000000,1.000000000,0.000000000,0.000000000,0.000000000
18.429163718,0.000000000,0.000000000,0.000000000,0.000000000,0.000000000,9.800000000,1.000000000,0.000000000,0.000000000,0.000000000
18.433330384,0.000000000,0.000000000,0.000000000,0.000000000,0.000000000,9.800000000,1.000000000,0.000000000,0.000000000,0.000000000
18.437497050,0.000000000,0.000000000,0.000000000,0.000000000,0.000000000,9.800000000,1.000000000,0.000000000,0.000000000,0.000000000
18.441663716,0.000000000,0.000000000,0.000000000,0.000000000,0.000000000,9.800000000,1.000000000,0.000000000,0.000000000,0.000000000
18.445830382,0.000000000,0.000000000,0.000000000,0.000000000,0.000000000,9.800000000,1.000000000,0.000000000,0.000000000,0.000000000
18.454163714,0.000000000,0.000000000,0.000000000,0.000000000,0.000000000,9.800000000,1.000000000,0.000000000,0.000000000,0.000000000
18.458330380,0.000000000,0.000000000,0.000000000,0.000000000,0.000000000,9.800000000,1.000000000,0.000000000,0.000000000,0.000000000
18.462497046,0.000000000,0.000000000,0.000000000,0.000000000,0.000000000,9.800000000,1.000000000,0.000000000,0.000000000,0.000000000
18.466663712,0.000000000,0.000000000,0.000000000,0.000000000,0.000000000,9.800000000,1.000000000,0.000000000,0.000000000,0.000000000
18.470830378,0.000000000,0.000000000,0.000000000,0.000000000,0.000000000,9.800000000,1.000000000,0.000000000,0.000000000,0.000000000
18.479163710,0.000000000,0.000000000,0.000000000,0.000000000,0.000000000,9.800000000,1.000000000,0.000000000,0.000000000,0.000000000
18.483330376,0.000000000,0.000000000,0.000000000,0.000000000,0.000000000,9.800000000,1.000000000,0.000000000,0.000000000,0.000000000
18.487497042,0.000000000,0.000000000,0.000000000,0.000000000,0.000000000,9.800000000,1.000000000,0.000000000,0.000000000,0.000000000
18.491663708,0.000000000,0.000000000,0.000000000,0.000000000,0.000000000,9.800000000,1.000000000,0.000000000,0.000000000,0.000000000
18.495830374,0.000000000,0.000000000,0.000000000,0.000000000,0.000000000,9.800000000,1.000000000,0.000000000,0.000000000,0.000000000
18.504163706,0.000000000,0.000000000,0.000000000,0.000000000,0.000000000,9.800000000,1.000000000,0.000000000,0.000000000,0.000000000
18.508330372,0.000000000,0.000000000,0.000000000,0.000000000,0.000000000,9.800000000,1.000000000,0.000000000,0.000000000,0.000000000
18.512497038,0.000000000,0.000000000,0.000000000,0.000000000,0.000000000,9.800000000,1.000000000,0.000000000,0.000000000,0.000000000
18.516663704,0.000000000,0.000000000,0.000000000,0.000000000,0.000000000,9.800000000,1.000000000,0.000000000,0.000000000,0.000000000
18.520830370,0.000000000,0.000000000,0.000000000,0.000000000,0.000000000,9.800000000,1.000000000,0.000000000,0.000000000,0.000000000
18.529163702,0.000000000,0.000000000,0.000000000,0.000000000,0.000000000,9.800000000,1.000000000,0.000000000,0.000000000,0.000000000
18.533330368,0.000000000,0.000000000,0.000000000,0.000000000,0.000000000,9.800000000,1.000000000,0.000000000,0.000000000,0.000000000
18.537497034,0.000000000,0.000000000,0.000000000,0.000000000,0.000000000,9.800000000,1.000000000,0.000000000,0.000000000,0.000000000
18.541663700,0.000000000,0.000000000,0.000000000,0.000000000,0.000000000,9.800000000,1.000000000,0.000000000,0.000000000,0.000000000
18.545830366,0.000000000,0.000000000,0.000000000,0.000000000,0.000000000,9.800000000,1.000000000,0.000000000,0.000000000,0.000000000
18.554163698,0.000000000,0.000000000,0.000000000,0.000000000,0.000000000,9.800000000,1.000000000,0.000000000,0.000000000,0.000000000
18.558330364,0.000000000,0.000000000,0.000000000,0.000000000,0.000000000,9.800000000,1.000000000,0.000000000,0.000000000,0.000000000
18.562497030,0.000000000,0.000000000,0.000000000,0.000000000,0.000000000,9.800000000,1.000000000,0.000000000,0.000000000,0.000000000
18.566663696,0.000000000,0.000000000,0.000000000,0.000000000,0.000000000,9.800000000,1.000000000,0.000000000,0.000000000,0.000000000
18.570830362,0.000000000,0.000000000,0.000000000,0.000000000,0.000000000,9.800000000,1.000000000,0.000000000,0.000000000,0.000000000
18.579163694,0.000000000,0.000000000,0.000000000,0.000000000,0.000000000,9.800000000,1.000000000,0.000000000,0.000000000,0.000000000
18.583330360,0.000000000,0.000000000,0.000000000,0.000000000,0.000000000,9.800000000,1.000000000,0.000000000,0.000000000,0.000000000
18.587497026,0.000000000,0.000000000,0.000000000,0.000000000,0.000000000,9.800000000,1.000000000,0.000000000,0.000000000,0.000000000
18.591663692,0.000000000,0.000000000,0.000000000,0.000000000,0.000000000,9.800000000,1.000000000,0.000000000,0.000000000,0.000000000
18.595830358,0.000000000,0.000000000,0.000000000,0.000000000,0.000000000,9.800000000,1.000000000,0.000000000,0.000000000,0.000000000
18.604163690,0.000000000,0.000000000,0.000000000,0.000000000,0.000000000,9.800000000,1.000000000,0.000000000,0.000000000,0.000000000
18.608330356,0.000000000,0.000000000,0.000000000,0.000000000,0.000000000,9.800000000,1.000000000,0.000000000,0.000000000,0.000000000
18.612497022,0.000000000,0.000000000,0.000000000,0.000000000,0.000000000,9.800000000,1.000000000,0.000000000,0.000000000,0.000000000
18.616663688,0.000000000,0.000000000,0.000000000,0.000000000,0.000000000,9.800000000,1.000000000,0.000000000,0.000000000,0.000000000
18.620830354,0.000000000,0.000000000,0.000000000,0.000000000,0.000000000,9.800000000,1.000000000,0.000000000,0.000000000,0.000000000
18.629163686,0.000000000,0.000000000,0.000000000,0.000000000,0.000000000,9.800000000,1.000000000,0.000000000,0.000000000,0.000000000
18.633330352,0.000000000,0.000000000,0.000000000,0.000000000,0.000000000,9.800000000,1.000000000,0.000000000,0.000000000,0.000000000
18.637497018,0.000000000,0.000000000,0.000000000,0.000000000,0.000000000,9.800000000,1.000000000,0.000000000,0.000000000,0.000000000
18.641663684,0.000000000,0.000000000,0.000000000,0.000000000,0.000000000,9.800000000,1.000000000,0.000000000,0.000000000,0.000000000
18.645830350,0.000000000,0.000000000,0.000000000,0.000000000,0.000000000,9.800000000,1.000000000,0.000000000,0.000000000,0.000000000
18.654163682,0.000000000,0.000000000,0.000000000,0.000000000,0.000000000,9.800000000,1.000000000,0.000000000,0.000000000,0.000000000
18.658330348,0.000000000,0.000000000,0.000000000,0.000000000,0.000000000,9.800000000,1.000000000,0.000000000,0.000000000,0.000000000
18.662497014,0.000000000,0.000000000,0.000000000,0.000000000,0.000000000,9.800000000,1.000000000,0.000000000,0.000000000,0.000000000
18.666663680,0.000000000,0.000000000,0.000000000,0.000000000,0.000000000,9.800000000,1.000000000,0.000000000,0.000000000,0.000000000
18.670830346,0.000000000,0.000000000,0.000000000,0.000000000,0.000000000,9.800000000,1.000000000,0.000000000,0.000000000,0.000000000
18.679163678,0.000000000,0.000000000,0.000000000,0.000000000,0.000000000,9.800000000,1.000000000,0.000000000,0.000000000,0.000000000
18.683330344,0.000000000,0.000000000,0.000000000,0.000000000,0.000000000,9.800000000,1.000000000,0.000000000,0.000000000,0.000000000
18.687497010,0.000000000,0.000000000,0.000000000,0.000000000,0.000000000,9.800000000,1.000000000,0.000000000,0.000000000,0.000000000
18.691663676,0.000000000,0.000000000,0.000000000,0.000000000,0.000000000,9.800000000,1.000000000,0.000000000,0.000000000,0.000000000
18.695830342,0.000000000,0.000000000,0.000000000,0.000000000,0.000000000,9.800000000,1.000000000,0.000000000,0.000000000,0.000000000
18.704163674,0.000000000,0.000000000,0.000000000,0.000000000,0.000000000,9.800000000,1.000000000,0.000000000,0.000000000,0.000000000
18.708330340,0.000000000,0.000000000,0.000000000,0.000000000,0.000000000,9.800000000,1.000000000,0.000000000,0.000000000,0.000000000
18.712497006,0.000000000,0.000000000,0.000000000,0.000000000,0.000000000,9.800000000,1.000000000,0.000000000,0.000000000,0.000000000
18.716663672,0.000000000,0.000000000,0.000000000,0.000000000,0.000000000,9.800000000,1.000000000,0.000000000,0.000000000,0.000000000
18.720830338,0.000000000,0.000000000,0.000000000,0.000000000,0.000000000,9.800000000,1.000000000,0.000000000,0.000000000,0.000000000
18.729163670,0.000000000,0.000000000,0.000000000,0.000000000,0.000000000,9.800000000,1.000000000,0.000000000,0.000000000,0.000000000
18.733330336,0.000000000,0.000000000,0.000000000,0.000000000,0.000000000,9.800000000,1.000000000,0.000000000,0.000000000,0.000000000
18.737497002,0.000000000,0.000000000,0.000000000,0.000000000,0.000000000,9.800000000,1.000000000,0.000000000,0.000000000,0.000000000
18.741663668,0.000000000,0.000000000,0.000000000,0.000000000,0.000000000,9.800000000,1.000000000,0.000000000,0.000000000,0.000000000
18.745830334,0.000000000,0.000000000,0.000000000,0.000000000,0.000000000,9.800000000,1.000000000,0.000000000,0.000000000,0.000000000
18.754163666,0.000000000,0.000000000,0.000000000,0.000000000,0.000000000,9.800000000,1.000000000,0.000000000,0.000000000,0.000000000
18.758330332,0.000000000,0.000000000,0.000000000,0.000000000,0.000000000,9.800000000,1.000000000,0.000000000,0.000000000,0.000000000
18.762496998,0.000000000,0.000000000,0.000000000,0.000000000,0.000000000,9.800000000,1.000000000,0.000000000,0.000000000,0.000000000
18.766663664,0.000000000,0.000000000,0.000000000,0.000000000,0.000000000,9.800000000,1.000000000,0.000000000,0.000000000,0.000000000
18.770830330,0.000000000,0.000000000,0.000000000,0.000000000,0.000000000,9.800000000,1.000000000,0.000000000,0.000000000,0.000000000
18.779163662,0.000000000,0.000000000,0.000000000,0.000000000,0.000000000,9.800000000,1.000000000,0.000000000,0.000000000,0.000000000
18.783330328,0.000000000,0.000000000,0.000000000,0.000000000,0.000000000,9.800000000,1.000000000,0.000000000,0.000000000,0.000000000
18.787496994,0.000000000,0.000000000,0.000000000,0.000000000,0.000000000,9.800000000,1.000000000,0.000000000,0.000000000,0.000000000
18.791663660,0.000000000,0.000000000,0.000000000,0.000000000,0.000000000,9.800000000,1.000000000,0.000000000,0.000000000,0.000000000
18.795830326,0.000000000,0.000000000,0.000000000,0.000000000,0.000000000,9.800000000,1.000000000,0.000000000,0.000000000,0.000000000
18.804163658,0.000000000,0.000000000,0.000000000,0.000000000,0.000000000,9.800000000,1.000000000,0.000000000,0.000000000,0.000000000
18.808330324,0.000000000,0.000000000,0.000000000,0.000000000,0.000000000,9.800000000,1.000000000,0.000000000,0.000000000,0.000000000
18.812496990,0.000000000,0.000000000,0.000000000,0.000000000,0.000000000,9.800000000,1.000000000,0.000000000,0.000000000,0.000000000
18.816663656,0.000000000,0.000000000,0.000000000,0.000000000,0.000000000,9.800000000,1.000000000,0.000000000,0.000000000,0.000000000
18.820830322,0.000000000,0.000000000,0.000000000,0.000000000,0.000000000,9.800000000,1.000000000,0.000000000,0.000000000,0.000000000
18.829163654,0.000000000,0.000000000,0.000000000,0.000000000,0.000000000,9.800000000,1.000000000,0.000000000,0.000000000,0.000000000
18.833330320,0.000000000,0.000000000,0.000000000,0.000000000,0.000000000,9.800000000,1.000000000,0.000000000,0.000000000,0.000000000
18.837496986,0.000000000,0.000000000,0.000000000,0.000000000,0.000000000,9.800000000,1.000000000,0.000000000,0.000000000,0.000000000
18.841663652,0.000000000,0.000000000,0.000000000,0.000000000,0.000000000,9.800000000,1.000000000,0.000000000,0.000000000,0.000000000
18.845830318,0.000000000,0.000000000,0.000000000,0.000000000,0.000000000,9.800000000,1.000000000,0.000000000,0.000000000,0.000000000
18.854163650,0.000000000,0.000000000,0.000000000,0.000000000,0.000000000,9.800000000,1.000000000,0.000000000,0.000000000,0.000000000
18.858330316,0.000000000,0.000000000,0.000000000,0.000000000,0.000000000,9.800000000,1.000000000,0.000000000,0.000000000,0.000000000
18.862496982,0.000000000,0.000000000,0.000000000,0.000000000,0.000000000,9.800000000,1.000000000,0.000000000,0.000000000,0.000000000
18.866663648,0.000000000,0.000000000,0.000000000,0.000000000,0.000000000,9.800000000,1.000000000,0.000000000,0.000000000,0.000000000
18.870830314,0.000000000,0.000000000,0.000000000,0.000000000,0.000000000,9.800000000,1.000000000,0.000000000,0.000000000,0.000000000
18.879163646,0.000000000,0.000000000,0.000000000,0.000000000,0.000000000,9.800000000,1.000000000,0.000000000,0.000000000,0.000000000
18.883330312,0.000000000,0.000000000,0.000000000,0.000000000,0.000000000,9.800000000,1.000000000,0.000000000,0.000000000,0.000000000
18.887496978,0.000000000,0.000000000,0.000000000,0.000000000,0.000000000,9.800000000,1.000000000,0.000000000,0.000000000,0.000000000
18.891663644,0.000000000,0.000000000,0.000000000,0.000000000,0.000000000,9.800000000,1.000000000,0.000000000,0.000000000,0.000000000
18.895830310,0.000000000,0.000000000,0.000000000,0.000000000,0.000000000,9.800000000,1.000000000,0.000000000,0.000000000,0.000000000
18.904163642,0.000000000,0.000000000,0.000000000,0.000000000,0.000000000,9.800000000,1.000000000,0.000000000,0.000000000,0.000000000
18.908330308,0.000000000,0.000000000,0.000000000,0.000000000,0.000000000,9.800000000,1.000000000,0.000000000,0.000000000,0.000000000
18.912496974,0.000000000,0.000000000,0.000000000,0.000000000,0.000000000,9.800000000,1.000000000,0.000000000,0.000000000,0.000000000
18.916663640,0.000000000,0.000000000,0.000000000,0.000000000,0.000000000,9.800000000,1.000000000,0.000000000,0.000000000,0.000000000
18.920830306,0.000000000,0.000000000,0.000000000,0.000000000,0.000000000,9.800000000,1.000000000,0.000000000,0.000000000,0.000000000
18.929163638,0.000000000,0.000000000,0.000000000,0.000000000,0.000000000,9.800000000,1.000000000,0.000000000,0.000000000,0.000000000
18.933330304,0.000000000,0.000000000,0.000000000,0.000000000,0.000000000,9.800000000,1.000000000,0.000000000,0.000000000,0.000000000
18.937496970,0.000000000,0.000000000,0.000000000,0.000000000,0.000000000,9.800000000,1.000000000,0.000000000,0.000000000,0.000000000
18.941663636,0.000000000,0.000000000,0.000000000,0.000000000,0.000000000,9.800000000,1.000000000,0.000000000,0.000000000,0.000000000
18.945830302,0.000000000,0.000000000,0.000000000,0.000000000,0.000000000,9.800000000,1.000000000,0.000000000,0.000000000,0.000000000
18.954163634,0.000000000,0.000000000,0.000000000,0.000000000,0.000000000,9.800000000,1.000000000,0.000000000,0.000000000,0.000000000
18.958330300,0.000000000,0.000000000,0.000000000,0.000000000,0.000000000,9.800000000,1.000000000,0.000000000,0.000000000,0.000000000
18.962496966,0.000000000,0.000000000,0.000000000,0.000000000,0.000000000,9.800000000,1.000000000,0.000000000,0.000000000,0.000000000
18.966663632,0.000000000,0.000000000,0.000000000,0.000000000,0.000000000,9.800000000,1.000000000,0.000000000,0.000000000,0.000000000
18.970830298,0.000000000,0.000000000,0.000000000,0.000000000,0.000000000,9.800000000,1.000000000,0.000000000,0.000000000,0.000000000
18.979163630,0.000000000,0.000000000,0.000000000,0.000000000,0.000000000,9.800000000,1.000000000,0.000000000,0.000000000,0.000000000
18.983330296,0.000000000,0.000000000,0.000000000,0.000000000,0.000000000,9.800000000,1.000000000,0.000000000,0.000000000,0.000000000
18.987496962,0.000000000,0.000000000,0.000000000,0.000000000,0.000000000,9.800000000,1.000000000,0.000000000,0.000000000,0.000000000
18.991663628,0.000000000,0.000000000,0.000000000,0.000000000,0.000000000,9.800000000,1.000000000,0.000000000,0.000000000,0.000000000
18.995830294,0.000000000,0.000000000,0.000000000,0.000000000,0.000000000,9.800000000,1.000000000,0.000000000,0.000000000,0.000000000
19.004163626,0.000000000,0.000000000,0.000000000,0.000000000,0.000000000,9.800000000,1.000000000,0.000000000,0.000000000,0.000000000
19.008330292,0.000000000,0.000000000,0.000000000,0.000000000,0.000000000,9.800000000,1.000000000,0.000000000,0.000000000,0.000000000
19.012496958,0.000000000,0.000000000,0.000000000,0.000000000,0.000000000,9.800000000,1.000000000,0.000000000,0.000000000,0.000000000
19.016663624,0.000000000,0.000000000,0.000000000,0.000000000,0.000000000,9.800000000,1.000000000,0.000000000,0.000000000,0.000000000
19.020830290,0.000000000,0.000000000,0.000000000,0.000000000,0.000000000,9.800000000,1.000000000,0.000000000,0.000000000,0.000000000
19.029163622,0.000000000,0.000000000,0.000000000,0.000000000,0.000000000,9.800000000,1.000000000,0.000000000,0.000000000,0.000000000
19.033330288,0.000000000,0.000000000,0.000000000,0.000000000,0.000000000,9.800000000,1.000000000,0.000000000,0.000000000,0.000000000
19.037496954,0.000000000,0.000000000,0.000000000,0.000000000,0.000000000,9.800000000,1.000000000,0.000000000,0.000000000,0.000000000
19.041663620,0.000000000,0.000000000,0.000000000,0.000000000,0.000000000,9.800000000,1.000000000,0.000000000,0.000000000,0.000000000
19.045830286,0.000000000,0.000000000,0.000000000,0.000000000,0.000000000,9.800000000,1.000000000,0.000000000,0.000000000,0.000000000
19.054163618,0.000000000,0.000000000,0.000000000,0.000000000,0.000000000,9.800000000,1.000000000,0.000000000,0.000000000,0.000000000
19.058330284,0.000000000,0.000000000,0.000000000,0.000000000,0.000000000,9.800000000,1.000000000,0.000000000,0.000000000,0.000000000
19.062496950,0.000000000,0.000000000,0.000000000,0.000000000,0.000000000,9.800000000,1.000000000,0.000000000,0.000000000,0.000000000
19.066663616,0.000000000,0.000000000,0.000000000,0.000000000,0.000000000,9.800000000,1.000000000,0.000000000,0.000000000,0.000000000
19.070830282,0.000000000,0.000000000,0.000000000,0.000000000,0.000000000,9.800000000,1.000000000,0.000000000,0.000000000,0.000000000
19.079163614,0.000000000,0.000000000,0.000000000,0.000000000,0.000000000,9.800000000,1.000000000,0.000000000,0.000000000,0.000000000
19.083330280,0.000000000,0.000000000,0.000000000,0.000000000,0.000000000,9.800000000,1.000000000,0.000000000,0.000000000,0.000000000
19.087496946,0.000000000,0.000000000,0.000000000,0.000000000,0.000000000,9.800000000,1.000000000,0.000000000,0.000000000,0.000000000
19.091663612,0.000000000,0.000000000,0.000000000,0.000000000,0.000000000,9.800000000,1.000000000,0.000000000,0.000000000,0.000000000
19.095830278,0.000000000,0.000000000,0.000000000,0.000000000,0.000000000,9.800000000,1.000000000,0.000000000,0.000000000,0.000000000
19.104163610,0.000000000,0.000000000,0.000000000,0.000000000,0.000000000,9.800000000,1.000000000,0.000000000,0.000000000,0.000000000
19.108330276,0.000000000,0.000000000,0.000000000,0.000000000,0.000000000,9.800000000,1.000000000,0.000000000,0.000000000,0.000000000
19.112496942,0.000000000,0.000000000,0.000000000,0.000000000,0.000000000,9.800000000,1.000000000,0.000000000,0.000000000,0.000000000
19.116663608,0.000000000,0.000000000,0.000000000,0.000000000,0.000000000,9.800000000,1.000000000,0.000000000,0.000000000,0.000000000
19.120830274,0.000000000,0.000000000,0.000000000,0.000000000,0.000000000,9.800000000,1.000000000,0.000000000,0.000000000,0.000000000
19.129163606,0.000000000,0.000000000,0.000000000,0.000000000,0.000000000,9.800000000,1.000000000,0.000000000,0.000000000,0.000000000
19.133330272,0.000000000,0.000000000,0.000000000,0.000000000,0.000000000,9.800000000,1.000000000,0.000000000,0.000000000,0.000000000
19.137496938,0.000000000,0.000000000,0.000000000,0.000000000,0.000000000,9.800000000,1.000000000,0.000000000,0.000000000,0.000000000
19.141663604,0.000000000,0.000000000,0.000000000,0.000000000,0.000000000,9.800000000,1.000000000,0.000000000,0.000000000,0.000000000
19.145830270,0.000000000,0.000000000,0.000000000,0.000000000,0.000000000,9.800000000,1.000000000,0.000000000,0.000000000,0.000000000
19.154163602,0.000000000,0.000000000,0.000000000,0.000000000,0.000000000,9.800000000,1.000000000,0.000000000,0.000000000,0.000000000
19.158330268,0.000000000,0.000000000,0.000000000,0.000000000,0.000000000,9.800000000,1.000000000,0.000000000,0.000000000,0.000000000
19.162496934,0.000000000,0.000000000,0.000000000,0.000000000,0.000000000,9.800000000,1.000000000,0.000000000,0.000000000,0.000000000
19.166663600,0.000000000,0.000000000,0.000000000,0.000000000,0.000000000,9.800000000,1.000000000,0.000000000,0.000000000,0.000000000
19.170830266,0.000000000,0.000000000,0.000000000,0.000000000,0.000000000,9.800000000,1.000000000,0.000000000,0.000000000,0.000000000
19.179163598,0.000000000,0.000000000,0.000000000,0.000000000,0.000000000,9.800000000,1.000000000,0.000000000,0.000000000,0.000000000
19.183330264,0.000000000,0.000000000,0.000000000,0.000000000,0.000000000,9.800000000,1.000000000,0.000000000,0.000000000,0.000000000
19.187496930,0.000000000,0.000000000,0.000000000,0.000000000,0.000000000,9.800000000,1.000000000,0.000000000,0.000000000,0.000000000
19.191663596,0.000000000,0.000000000,0.000000000,0.000000000,0.000000000,9.800000000,1.000000000,0.000000000,0.000000000,0.000000000
19.195830262,0.000000000,0.000000000,0.000000000,0.000000000,0.000000000,9.800000000,1.000000000,0.000000000,0.000000000,0.000000000
19.204163594,0.000000000,0.000000000,0.000000000,0.000000000,0.000000000,9.800000000,1.000000000,0.000000000,0.000000000,0.000000000
19.208330260,0.000000000,0.000000000,0.000000000,0.000000000,0.000000000,9.800000000,1.000000000,0.000000000,0.000000000,0.000000000
19.212496926,0.000000000,0.000000000,0.000000000,0.000000000,0.000000000,9.800000000,1.000000000,0.000000000,0.000000000,0.000000000
19.216663592,0.000000000,0.000000000,0.000000000,0.000000000,0.000000000,9.800000000,1.000000000,0.000000000,0.000000000,0.000000000
19.220830258,0.000000000,0.000000000,0.000000000,0.000000000,0.000000000,9.800000000,1.000000000,0.000000000,0.000000000,0.000000000
19.229163590,0.000000000,0.000000000,0.000000000,0.000000000,0.000000000,9.800000000,1.000000000,0.000000000,0.000000000,0.000000000
19.233330256,0.000000000,0.000000000,0.000000000,0.000000000,0.000000000,9.800000000,1.000000000,0.000000000,0.000000000,0.000000000
19.237496922,0.000000000,0.000000000,0.000000000,0.000000000,0.000000000,9.800000000,1.000000000,0.000000000,0.000000000,0.000000000
19.241663588,0.000000000,0.000000000,0.000000000,0.000000000,0.000000000,9.800000000,1.000000000,0.000000000,0.000000000,0.000000000
19.245830254,0.000000000,0.000000000,0.000000000,0.000000000,0.000000000,9.800000000,1.000000000,0.000000000,0.000000000,0.000000000
19.254163586,0.000000000,0.000000000,0.000000000,0.000000000,0.000000000,9.800000000,1.000000000,0.000000000,0.000000000,0.000000000
19.258330252,0.000000000,0.000000000,0.000000000,0.000000000,0.000000000,9.800000000,1.000000000,0.000000000,0.000000000,0.000000000
19.262496918,0.000000000,0.000000000,0.000000000,0.000000000,0.000000000,9.800000000,1.000000000,0.000000000,0.000000000,0.000000000
19.266663584,0.000000000,0.000000000,0.000000000,0.000000000,0.000000000,9.800000000,1.000000000,0.000000000,0.000000000,0.000000000
19.270830250,0.000000000,0.000000000,0.000000000,0.000000000,0.000000000,9.800000000,1.000000000,0.000000000,0.000000000,0.000000000
19.279163582,0.000000000,0.000000000,0.000000000,0.000000000,0.000000000,9.800000000,1.000000000,0.000000000,0.000000000,0.000000000
19.283330248,0.000000000,0.000000000,0.000000000,0.000000000,0.000000000,9.800000000,1.000000000,0.000000000,0.000000000,0.000000000
19.287496914,0.000000000,0.000000000,0.000000000,0.000000000,0.000000000,9.800000000,1.000000000,0.000000000,0.000000000,0.000000000
19.291663580,0.000000000,0.000000000,0.000000000,0.000000000,0.000000000,9.800000000,1.000000000,0.000000000,0.000000000,0.000000000
19.295830246,0.000000000,0.000000000,0.000000000,0.000000000,0.000000000,9.800000000,1.000000000,0.000000000,0.000000000,0.000000000
19.304163578,0.000000000,0.000000000,0.000000000,0.000000000,0.000000000,9.800000000,1.000000000,0.000000000,0.000000000,0.000000000
19.308330244,0.000000000,0.000000000,0.000000000,0.000000000,0.000000000,9.800000000,1.000000000,0.000000000,0.000000000,0.000000000
19.312496910,0.000000000,0.000000000,0.000000000,0.000000000,0.000000000,9.800000000,1.000000000,0.000000000,0.000000000,0.000000000
19.316663576,0.000000000,0.000000000,0.000000000,0.000000000,0.000000000,9.800000000,1.000000000,0.000000000,0.000000000,0.000000000
19.320830242,0.000000000,0.000000000,0.000000000,0.000000000,0.000000000,9.800000000,1.000000000,0.000000000,0.000000000,0.000000000
19.329163574,0.000000000,0.000000000,0.000000000,0.000000000,0.000000000,9.800000000,1.000000000,0.000000000,0.000000000,0.000000000
19.333330240,0.000000000,0.000000000,0.000000000,0.000000000,0.000000000,9.800000000,1.000000000,0.000000000,0.000000000,0.000000000
19.337496906,0.000000000,0.000000000,0.000000000,0.000000000,0.000000000,9.800000000,1.000000000,0.000000000,0.000000000,0.000000000
19.341663572,0.000000000,0.000000000,0.000000000,0.000000000,0.000000000,9.800000000,1.000000000,0.000000000,0.000000000,0.000000000
19.345830238,0.000000000,0.000000000,0.000000000,0.000000000,0.000000000,9.800000000,1.000000000,0.000000000,0.000000000,0.000000000
19.354163570,0.000000000,0.000000000,0.000000000,0.000000000,0.000000000,9.800000000,1.000000000,0.000000000,0.000000000,0.000000000
19.358330236,0.000000000,0.000000000,0.000000000,0.000000000,0.000000000,9.800000000,1.000000000,0.000000000,0.000000000,0.000000000
19.362496902,0.000000000,0.000000000,0.000000000,0.000000000,0.000000000,9.800000000,1.000000000,0.000000000,0.000000000,0.000000000
19.366663568,0.000000000,0.000000000,0.000000000,0.000000000,0.000000000,9.800000000,1.000000000,0.000000000,0.000000000,0.000000000
19.370830234,0.000000000,0.000000000,0.000000000,0.000000000,0.000000000,9.800000000,1.000000000,0.000000000,0.000000000,0.000000000
19.379163566,0.000000000,0.000000000,0.000000000,0.000000000,0.000000000,9.800000000,1.000000000,0.000000000,0.000000000,0.000000000
19.383330232,0.000000000,0.000000000,0.000000000,0.000000000,0.000000000,9.800000000,1.000000000,0.000000000,0.000000000,0.000000000
19.387496898,0.000000000,0.000000000,0.000000000,0.000000000,0.000000000,9.800000000,1.000000000,0.000000000,0.000000000,0.000000000
19.391663564,0.000000000,0.000000000,0.000000000,0.000000000,0.000000000,9.800000000,1.000000000,0.000000000,0.000000000,0.000000000
19.395830230,0.000000000,0.000000000,0.000000000,0.000000000,0.000000000,9.800000000,1.000000000,0.000000000,0.000000000,0.000000000
19.404163562,0.000000000,0.000000000,0.000000000,0.000000000,0.000000000,9.800000000,1.000000000,0.000000000,0.000000000,0.000000000
19.408330228,0.000000000,0.000000000,0.000000000,0.000000000,0.000000000,9.800000000,1.000000000,0.000000000,0.000000000,0.000000000
19.412496894,0.000000000,0.000000000,0.000000000,0.000000000,0.000000000,9.800000000,1.000000000,0.000000000,0.000000000,0.000000000
19.416663560,0.000000000,0.000000000,0.000000000,0.000000000,0.000000000,9.800000000,1.000000000,0.000000000,0.000000000,0.000000000
19.420830226,0.000000000,0.000000000,0.000000000,0.000000000,0.000000000,9.800000000,1.000000000,0.000000000,0.000000000,0.000000000
19.429163558,0.000000000,0.000000000,0.000000000,0.000000000,0.000000000,9.800000000,1.000000000,0.000000000,0.000000000,0.000000000
19.433330224,0.000000000,0.000000000,0.000000000,0.000000000,0.000000000,9.800000000,1.000000000,0.000000000,0.000000000,0.000000000
19.437496890,0.000000000,0.000000000,0.000000000,0.000000000,0.000000000,9.800000000,1.000000000,0.000000000,0.000000000,0.000000000
19.441663556,0.000000000,0.000000000,0.000000000,0.000000000,0.000000000,9.800000000,1.000000000,0.000000000,0.000000000,0.000000000
19.445830222,0.000000000,0.000000000,0.000000000,0.000000000,0.000000000,9.800000000,1.000000000,0.000000000,0.000000000,0.000000000
19.454163554,0.000000000,0.000000000,0.000000000,0.000000000,0.000000000,9.800000000,1.000000000,0.000000000,0.000000000,0.000000000
19.458330220,0.000000000,0.000000000,0.000000000,0.000000000,0.000000000,9.800000000,1.000000000,0.000000000,0.000000000,0.000000000
19.462496886,0.000000000,0.000000000,0.000000000,0.000000000,0.000000000,9.800000000,1.000000000,0.000000000,0.000000000,0.000000000
19.466663552,0.000000000,0.000000000,0.000000000,0.000000000,0.000000000,9.800000000,1.000000000,0.000000000,0.000000000,0.000000000
19.470830218,0.000000000,0.000000000,0.000000000,0.000000000,0.000000000,9.800000000,1.000000000,0.000000000,0.000000000,0.000000000
19.479163550,0.000000000,0.000000000,0.000000000,0.000000000,0.000000000,9.800000000,1.000000000,0.000000000,0.000000000,0.000000000
19.483330216,0.000000000,0.000000000,0.000000000,0.000000000,0.000000000,9.800000000,1.000000000,0.000000000,0.000000000,0.000000000
19.487496882,0.000000000,0.000000000,0.000000000,0.000000000,0.000000000,9.800000000,1.000000000,0.000000000,0.000000000,0.000000000
19.491663548,0.000000000,0.000000000,0.000000000,0.000000000,0.000000000,9.800000000,1.000000000,0.000000000,0.000000000,0.000000000
19.495830214,0.000000000,0.000000000,0.000000000,0.000000000,0.000000000,9.800000000,1.000000000,0.000000000,0.000000000,0.000000000
19.504163546,0.000000000,0.000000000,0.000000000,0.000000000,0.000000000,9.800000000,1.000000000,0.000000000,0.000000000,0.000000000
19.508330212,0.000000000,0.000000000,0.000000000,0.000000000,0.000000000,9.800000000,1.000000000,0.000000000,0.000000000,0.000000000
19.512496878,0.000000000,0.000000000,0.000000000,0.000000000,0.000000000,9.800000000,1.000000000,0.000000000,0.000000000,0.000000000
19.516663544,0.000000000,0.000000000,0.000000000,0.000000000,0.000000000,9.800000000,1.000000000,0.000000000,0.000000000,0.000000000
19.520830210,0.000000000,0.000000000,0.000000000,0.000000000,0.000000000,9.800000000,1.000000000,0.000000000,0.000000000,0.000000000
19.529163542,0.000000000,0.000000000,0.000000000,0.000000000,0.000000000,9.800000000,1.000000000,0.000000000,0.000000000,0.000000000
19.533330208,0.000000000,0.000000000,0.000000000,0.000000000,0.000000000,9.800000000,1.000000000,0.000000000,0.000000000,0.000000000
19.537496874,0.000000000,0.000000000,0.000000000,0.000000000,0.000000000,9.800000000,1.000000000,0.000000000,0.000000000,0.000000000
19.541663540,0.000000000,0.000000000,0.000000000,0.000000000,0.000000000,9.800000000,1.000000000,0.000000000,0.000000000,0.000000000
19.545830206,0.000000000,0.000000000,0.000000000,0.000000000,0.000000000,9.800000000,1.000000000,0.000000000,0.000000000,0.000000000
19.554163538,0.000000000,0.000000000,0.000000000,0.000000000,0.000000000,9.800000000,1.000000000,0.000000000,0.000000000,0.000000000
19.558330204,0.000000000,0.000000000,0.000000000,0.000000000,0.000000000,9.800000000,1.000000000,0.000000000,0.000000000,0.000000000
19.562496870,0.000000000,0.000000000,0.000000000,0.000000000,0.000000000,9.800000000,1.000000000,0.000000000,0.000000000,0.000000000
19.566663536,0.000000000,0.000000000,0.000000000,0.000000000,0.000000000,9.800000000,1.000000000,0.000000000,0.000000000,0.000000000
19.570830202,0.000000000,0.000000000,0.000000000,0.000000000,0.000000000,9.800000000,1.000000000,0.000000000,0.000000000,0.000000000
19.579163534,0.000000000,0.000000000,0.000000000,0.000000000,0.000000000,9.800000000,1.000000000,0.000000000,0.000000000,0.000000000
19.583330200,0.000000000,0.000000000,0.000000000,0.000000000,0.000000000,9.800000000,1.000000000,0.000000000,0.000000000,0.000000000
19.587496866,0.000000000,0.000000000,0.000000000,0.000000000,0.000000000,9.800000000,1.000000000,0.000000000,0.000000000,0.000000000
19.591663532,0.000000000,0.000000000,0.000000000,0.000000000,0.000000000,9.800000000,1.000000000,0.000000000,0.000000000,0.000000000
19.595830198,0.000000000,0.000000000,0.000000000,0.000000000,0.000000000,9.800000000,1.000000000,0.000000000,0.000000000,0.000000000
19.604163530,0.000000000,0.000000000,0.000000000,0.000000000,0.000000000,9.800000000,1.000000000,0.000000000,0.000000000,0.000000000
19.608330196,0.000000000,0.000000000,0.000000000,0.000000000,0.000000000,9.800000000,1.000000000,0.000000000,0.000000000,0.000000000
19.612496862,0.000000000,0.000000000,0.000000000,0.000000000,0.000000000,9.800000000,1.000000000,0.000000000,0.000000000,0.000000000
19.616663528,0.000000000,0.000000000,0.000000000,0.000000000,0.000000000,9.800000000,1.000000000,0.000000000,0.000000000,0.000000000
19.620830194,0.000000000,0.000000000,0.000000000,0.000000000,0.000000000,9.800000000,1.000000000,0.000000000,0.000000000,0.000000000
19.629163526,0.000000000,0.000000000,0.000000000,0.000000000,0.000000000,9.800000000,1.000000000,0.000000000,0.000000000,0.000000000
19.633330192,0.000000000,0.000000000,0.000000000,0.000000000,0.000000000,9.800000000,1.000000000,0.000000000,0.000000000,0.000000000
19.637496858,0.000000000,0.000000000,0.000000000,0.000000000,0.000000000,9.800000000,1.000000000,0.000000000,0.000000000,0.000000000
19.641663524,0.000000000,0.000000000,0.000000000,0.000000000,0.000000000,9.800000000,1.000000000,0.000000000,0.000000000,0.000000000
19.645830190,0.000000000,0.000000000,0.000000000,0.000000000,0.000000000,9.800000000,1.000000000,0.000000000,0.000000000,0.000000000
19.654163522,0.000000000,0.000000000,0.000000000,0.000000000,0.000000000,9.800000000,1.000000000,0.000000000,0.000000000,0.000000000
19.658330188,0.000000000,0.000000000,0.000000000,0.000000000,0.000000000,9.800000000,1.000000000,0.000000000,0.000000000,0.000000000
19.662496854,0.000000000,0.000000000,0.000000000,0.000000000,0.000000000,9.800000000,1.000000000,0.000000000,0.000000000,0.000000000
19.666663520,0.000000000,0.000000000,0.000000000,0.000000000,0.000000000,9.800000000,1.000000000,0.000000000,0.000000000,0.000000000
19.670830186,0.000000000,0.000000000,0.000000000,0.000000000,0.000000000,9.800000000,1.000000000,0.000000000,0.000000000,0.000000000
19.679163518,0.000000000,0.000000000,0.000000000,0.000000000,0.000000000,9.800000000,1.000000000,0.000000000,0.000000000,0.000000000
19.683330184,0.000000000,0.000000000,0.000000000,0.000000000,0.000000000,9.800000000,1.000000000,0.000000000,0.000000000,0.000000000
19.687496850,0.000000000,0.000000000,0.000000000,0.000000000,0.000000000,9.800000000,1.000000000,0.000000000,0.000000000,0.000000000
19.691663516,0.000000000,0.000000000,0.000000000,0.000000000,0.000000000,9.800000000,1.000000000,0.000000000,0.000000000,0.000000000
19.695830182,0.000000000,0.000000000,0.000000000,0.000000000,0.000000000,9.800000000,1.000000000,0.000000000,0.000000000,0.000000000
19.704163514,0.000000000,0.000000000,0.000000000,0.000000000,0.000000000,9.800000000,1.000000000,0.000000000,0.000000000,0.000000000
19.708330180,0.000000000,0.000000000,0.000000000,0.000000000,0.000000000,9.800000000,1.000000000,0.000000000,0.000000000,0.000000000
19.712496846,0.000000000,0.000000000,0.000000000,0.000000000,0.000000000,9.800000000,1.000000000,0.000000000,0.000000000,0.000000000
19.716663512,0.000000000,0.000000000,0.000000000,0.000000000,0.000000000,9.800000000,1.000000000,0.000000000,0.000000000,0.000000000
19.720830178,0.000000000,0.000000000,0.000000000,0.000000000,0.000000000,9.800000000,1.000000000,0.000000000,0.000000000,0.000000000
19.729163510,0.000000000,0.000000000,0.000000000,0.000000000,0.000000000,9.800000000,1.000000000,0.000000000,0.000000000,0.000000000
19.733330176,0.000000000,0.000000000,0.000000000,0.000000000,0.000000000,9.800000000,1.000000000,0.000000000,0.000000000,0.000000000
19.737496842,0.000000000,0.000000000,0.000000000,0.000000000,0.000000000,9.800000000,1.000000000,0.000000000,0.000000000,0.000000000
19.741663508,0.000000000,0.000000000,0.000000000,0.000000000,0.000000000,9.800000000,1.000000000,0.000000000,0.000000000,0.000000000
19.745830174,0.000000000,0.000000000,0.000000000,0.000000000,0.000000000,9.800000000,1.000000000,0.000000000,0.000000000,0.000000000
19.754163506,0.000000000,0.000000000,0.000000000,0.000000000,0.000000000,9.800000000,1.000000000,0.000000000,0.000000000,0.000000000
19.758330172,0.000000000,0.000000000,0.000000000,0.000000000,0.000000000,9.800000000,1.000000000,0.000000000,0.000000000,0.000000000
19.762496838,0.000000000,0.000000000,0.000000000,0.000000000,0.000000000,9.800000000,1.000000000,0.000000000,0.000000000,0.000000000
19.766663504,0.000000000,0.000000000,0.000000000,0.000000000,0.000000000,9.800000000,1.000000000,0.000000000,0.000000000,0.000000000
19.770830170,0.000000000,0.000000000,0.000000000,0.000000000,0.000000000,9.800000000,1.000000000,0.000000000,0.000000000,0.000000000
19.779163502,0.000000000,0.000000000,0.000000000,0.000000000,0.000000000,9.800000000,1.000000000,0.000000000,0.000000000,0.000000000
19.783330168,0.000000000,0.000000000,0.000000000,0.000000000,0.000000000,9.800000000,1.000000000,0.000000000,0.000000000,0.000000000
19.787496834,0.000000000,0.000000000,0.000000000,0.000000000,0.000000000,9.800000000,1.000000000,0.000000000,0.000000000,0.000000000
19.791663500,0.000000000,0.000000000,0.000000000,0.000000000,0.000000000,9.800000000,1.000000000,0.000000000,0.000000000,0.000000000
19.795830166,0.000000000,0.000000000,0.000000000,0.000000000,0.000000000,9.800000000,1.000000000,0.000000000,0.000000000,0.000000000
19.804163498,0.000000000,0.000000000,0.000000000,0.000000000,0.000000000,9.800000000,1.000000000,0.000000000,0.000000000,0.000000000
19.808330164,0.000000000,0.000000000,0.000000000,0.000000000,0.000000000,9.800000000,1.000000000,0.000000000,0.000000000,0.000000000
19.812496830,0.000000000,0.000000000,0.000000000,0.000000000,0.000000000,9.800000000,1.000000000,0.000000000,0.000000000,0.000000000
19.816663496,0.000000000,0.000000000,0.000000000,0.000000000,0.000000000,9.800000000,1.000000000,0.000000000,0.000000000,0.000000000
19.820830162,0.000000000,0.000000000,0.000000000,0.000000000,0.000000000,9.800000000,1.000000000,0.000000000,0.000000000,0.000000000
19.829163494,0.000000000,0.000000000,0.000000000,0.000000000,0.000000000,9.800000000,1.000000000,0.000000000,0.000000000,0.000000000
19.833330160,0.000000000,0.000000000,0.000000000,0.000000000,0.000000000,9.800000000,1.000000000,0.000000000,0.000000000,0.000000000
19.837496826,0.000000000,0.000000000,0.000000000,0.000000000,0.000000000,9.800000000,1.000000000,0.000000000,0.000000000,0.000000000
19.841663492,0.000000000,0.000000000,0.000000000,0.000000000,0.000000000,9.800000000,1.000000000,0.000000000,0.000000000,0.000000000
19.845830158,0.000000000,0.000000000,0.000000000,0.000000000,0.000000000,9.800000000,1.000000000,0.000000000,0.000000000,0.000000000
19.854163490,0.000000000,0.000000000,0.000000000,0.000000000,0.000000000,9.800000000,1.000000000,0.000000000,0.000000000,0.000000000
19.858330156,0.000000000,0.000000000,0.000000000,0.000000000,0.000000000,9.800000000,1.000000000,0.000000000,0.000000000,0.000000000
19.862496822,0.000000000,0.000000000,0.000000000,0.000000000,0.000000000,9.800000000,1.000000000,0.000000000,0.000000000,0.000000000
19.866663488,0.000000000,0.000000000,0.000000000,0.000000000,0.000000000,9.800000000,1.000000000,0.000000000,0.000000000,0.000000000
19.870830154,0.000000000,0.000000000,0.000000000,0.000000000,0.000000000,9.800000000,1.000000000,0.000000000,0.000000000,0.000000000
19.879163486,0.000000000,0.000000000,0.000000000,0.000000000,0.000000000,9.800000000,1.000000000,0.000000000,0.000000000,0.000000000
19.883330152,0.000000000,0.000000000,0.000000000,0.000000000,0.000000000,9.800000000,1.000000000,0.000000000,0.000000000,0.000000000
19.887496818,0.000000000,0.000000000,0.000000000,0.000000000,0.000000000,9.800000000,1.000000000,0.000000000,0.000000000,0.000000000
19.891663484,0.000000000,0.000000000,0.000000000,0.000000000,0.000000000,9.800000000,1.000000000,0.000000000,0.000000000,0.000000000
19.895830150,0.000000000,0.000000000,0.000000000,0.000000000,0.000000000,9.800000000,1.000000000,0.000000000,0.000000000,0.000000000
19.904163482,0.000000000,0.000000000,0.000000000,0.000000000,0.000000000,9.800000000,1.000000000,0.000000000,0.000000000,0.000000000
19.908330148,0.000000000,0.000000000,0.000000000,0.000000000,0.000000000,9.800000000,1.000000000,0.000000000,0.000000000,0.000000000
19.912496814,0.000000000,0.000000000,0.000000000,0.000000000,0.000000000,9.800000000,1.000000000,0.000000000,0.000000000,0.000000000
19.916663480,0.000000000,0.000000000,0.000000000,0.000000000,0.000000000,9.800000000,1.000000000,0.000000000,0.000000000,0.000000000
19.920830146,0.000000000,0.000000000,0.000000000,0.000000000,0.000000000,9.800000000,1.000000000,0.000000000,0.000000000,0.000000000
19.929163478,0.000000000,0.000000000,0.000000000,0.000000000,0.000000000,9.800000000,1.000000000,0.000000000,0.000000000,0.000000000
19.933330144,0.000000000,0.000000000,0.000000000,0.000000000,0.000000000,9.800000000,1.000000000,0.000000000,0.000000000,0.000000000
19.937496810,0.000000000,0.000000000,0.000000000,0.000000000,0.000000000,9.800000000,1.000000000,0.000000000,0.000000000,0.000000000
19.941663476,0.000000000,0.000000000,0.000000000,0.000000000,0.000000000,9.800000000,1.000000000,0.000000000,0.000000000,0.000000000
19.945830142,0.000000000,0.000000000,0.000000000,0.000000000,0.000000000,9.800000000,1.000000000,0.000000000,0.000000000,0.000000000
19.954163474,0.000000000,0.000000000,0.000000000,0.000000000,0.000000000,9.800000000,1.000000000,0.000000000,0.000000000,0.000000000
19.958330140,0.000000000,0.000000000,0.000000000,0.000000000,0.000000000,9.800000000,1.000000000,0.000000000,0.000000000,0.000000000
19.962496806,0.000000000,0.000000000,0.000000000,0.000000000,0.000000000,9.800000000,1.000000000,0.000000000,0.000000000,0.000000000
19.966663472,0.000000000,0.000000000,0.000000000,0.000000000,0.000000000,9.800000000,1.000000000,0.000000000,0.000000000,0.000000000
19.970830138,0.000000000,0.000000000,0.000000000,0.000000000,0.000000000,9.800000000,1.000000000,0.000000000,0.000000000,0.000000000
19.979163470,0.000000000,0.000000000,0.000000000,0.000000000,0.000000000,9.800000000,1.000000000,0.000000000,0.000000000,0.000000000
19.983330136,0.000000000,0.000000000,0.000000000,0.000000000,0.000000000,9.800000000,1.000000000,0.000000000,0.000000000,0.000000000
19.987496802,0.000000000,0.000000000,0.000000000,0.000000000,0.000000000,9.800000000,1.000000000,0.000000000,0.000000000,0.000000000
19.991663468,0.000000000,0.000000000,0.000000000,0.000000000,0.000000000,9.800000000,1.000000000,0.000000000,0.000000000,0.000000000
19.995830134,0.000000000,0.000000000,0.000000000,0.000000000,0.000000000,9.800000000,1.000000000,0.000000000,0.000000000,0.000000000
20.004163466,0.000000000,0.000000000,0.000000000,0.000000000,0.000000000,9.800000000,1.000000000,0.000000000,0.000000000,0.000000000
20.008330132,0.000000000,0.000000000,0.000000000,0.000000000,0.000000000,9.800000000,1.000000000,0.000000000,0.000000000,0.000000000
20.012496798,0.000000000,0.000000000,0.000000000,0.000000000,0.000000000,9.800000000,1.000000000,0.000000000,0.000000000,0.000000000
20.016663464,0.000000000,0.000000000,0.000000000,0.000000000,0.000000000,9.800000000,1.000000000,0.000000000,0.000000000,0.000000000
20.020830130,0.000000000,0.000000000,0.000000000,0.000000000,0.000000000,9.800000000,1.000000000,0.000000000,0.000000000,0.000000000
20.029163462,0.000000000,0.000000000,0.000000000,0.000000000,0.000000000,9.800000000,1.000000000,0.000000000,0.000000000,0.000000000
20.033330128,0.000000000,0.000000000,0.000000000,0.000000000,0.000000000,9.800000000,1.000000000,0.000000000,0.000000000,0.000000000
20.037496794,0.000000000,0.000000000,0.000000000,0.000000000,0.000000000,9.800000000,1.000000000,0.000000000,0.000000000,0.000000000
20.041663460,0.000000000,0.000000000,0.000000000,0.000000000,0.000000000,9.800000000,1.000000000,0.000000000,0.000000000,0.000000000
20.045830126,0.000000000,0.000000000,0.000000000,0.000000000,0.000000000,9.800000000,1.000000000,0.000000000,0.000000000,0.000000000
20.054163458,0.000000000,0.000000000,0.000000000,0.000000000,0.000000000,9.800000000,1.000000000,0.000000000,0.000000000,0.000000000
20.058330124,0.000000000,0.000000000,0.000000000,0.000000000,0.000000000,9.800000000,1.000000000,0.000000000,0.000000000,0.000000000
20.062496790,0.000000000,0.000000000,0.000000000,0.000000000,0.000000000,9.800000000,1.000000000,0.000000000,0.000000000,0.000000000
20.066663456,0.000000000,0.000000000,0.000000000,0.000000000,0.000000000,9.800000000,1.000000000,0.000000000,0.000000000,0.000000000
20.070830122,0.000000000,0.000000000,0.000000000,0.000000000,0.000000000,9.800000000,1.000000000,0.000000000,0.000000000,0.000000000
20.079163454,0.000000000,0.000000000,0.000000000,0.000000000,0.000000000,9.800000000,1.000000000,0.000000000,0.000000000,0.000000000
20.083330120,0.000000000,0.000000000,0.000000000,0.000000000,0.000000000,9.800000000,1.000000000,0.000000000,0.000000000,0.000000000
20.087496786,0.000000000,0.000000000,0.000000000,0.000000000,0.000000000,9.800000000,1.000000000,0.000000000,0.000000000,0.000000000
20.091663452,0.000000000,0.000000000,0.000000000,0.000000000,0.000000000,9.800000000,1.000000000,0.000000000,0.000000000,0.000000000
20.095830118,0.000000000,0.000000000,0.000000000,0.000000000,0.000000000,9.800000000,1.000000000,0.000000000,0.000000000,0.000000000
20.104163450,0.000000000,0.000000000,0.000000000,0.000000000,0.000000000,9.800000000,1.000000000,0.000000000,0.000000000,0.000000000
20.108330116,0.000000000,0.000000000,0.000000000,0.000000000,0.000000000,9.800000000,1.000000000,0.000000000,0.000000000,0.000000000
20.112496782,0.000000000,0.000000000,0.000000000,0.000000000,0.000000000,9.800000000,1.000000000,0.000000000,0.000000000,0.000000000
20.116663448,0.000000000,0.000000000,0.000000000,0.000000000,0.000000000,9.800000000,1.000000000,0.000000000,0.000000000,0.000000000
20.120830114,0.000000000,0.000000000,0.000000000,0.000000000,0.000000000,9.800000000,1.000000000,0.000000000,0.000000000,0.000000000
20.129163446,0.000000000,0.000000000,0.000000000,0.000000000,0.000000000,9.800000000,1.000000000,0.000000000,0.000000000,0.000000000
20.133330112,0.000000000,0.000000000,0.000000000,0.000000000,0.000000000,9.800000000,1.000000000,0.000000000,0.000000000,0.000000000
20.137496778,0.000000000,0.000000000,0.000000000,0.000000000,0.000000000,9.800000000,1.000000000,0.000000000,0.000000000,0.000000000
20.141663444,0.000000000,0.000000000,0.000000000,0.000000000,0.000000000,9.800000000,1.000000000,0.000000000,0.000000000,0.000000000
20.145830110,0.000000000,0.000000000,0.000000000,0.000000000,0.000000000,9.800000000,1.000000000,0.000000000,0.000000000,0.000000000
20.154163442,0.000000000,0.000000000,0.000000000,0.000000000,0.000000000,9.800000000,1.000000000,0.000000000,0.000000000,0.000000000
20.158330108,0.000000000,0.000000000,0.000000000,0.000000000,0.000000000,9.800000000,1.000000000,0.000000000,0.000000000,0.000000000
20.162496774,0.000000000,0.000000000,0.000000000,0.000000000,0.000000000,9.800000000,1.000000000,0.000000000,0.000000000,0.000000000
20.166663440,0.000000000,0.000000000,0.000000000,0.000000000,0.000000000,9.800000000,1.000000000,0.000000000,0.000000000,0.000000000
20.170830106,0.000000000,0.000000000,0.000000000,0.000000000,0.000000000,9.800000000,1.000000000,0.000000000,0.000000000,0.000000000
20.179163438,0.000000000,0.000000000,0.000000000,0.000000000,0.000000000,9.800000000,1.000000000,0.000000000,0.000000000,0.000000000
20.183330104,0.000000000,0.000000000,0.000000000,0.000000000,0.000000000,9.800000000,1.000000000,0.000000000,0.000000000,0.000000000
20.187496770,0.000000000,0.000000000,0.000000000,0.000000000,0.000000000,9.800000000,1.000000000,0.000000000,0.000000000,0.000000000
20.191663436,0.000000000,0.000000000,0.000000000,0.000000000,0.000000000,9.800000000,1.000000000,0.000000000,0.000000000,0.000000000
20.195830102,0.000000000,0.000000000,0.000000000,0.000000000,0.000000000,9.800000000,1.000000000,0.000000000,0.000000000,0.000000000
20.204163434,0.000000000,0.000000000,0.000000000,0.000000000,0.000000000,9.800000000,1.000000000,0.000000000,0.000000000,0.000000000
20.208330100,0.000000000,0.000000000,0.000000000,0.000000000,0.000000000,9.800000000,1.000000000,0.000000000,0.000000000,0.000000000
20.212496766,0.000000000,0.000000000,0.000000000,0.000000000,0.000000000,9.800000000,1.000000000,0.000000000,0.000000000,0.000000000
20.216663432,0.000000000,0.000000000,0.000000000,0.000000000,0.000000000,9.800000000,1.000000000,0.000000000,0.000000000,0.000000000
20.220830098,0.000000000,0.000000000,0.000000000,0.000000000,0.000000000,9.800000000,1.000000000,0.000000000,0.000000000,0.000000000
20.229163430,0.000000000,0.000000000,0.000000000,0.000000000,0.000000000,9.800000000,1.000000000,0.000000000,0.000000000,0.000000000
20.233330096,0.000000000,0.000000000,0.000000000,0.000000000,0.000000000,9.800000000,1.000000000,0.000000000,0.000000000,0.000000000
20.237496762,0.000000000,0.000000000,0.000000000,0.000000000,0.000000000,9.800000000,1.000000000,0.000000000,0.000000000,0.000000000
20.241663428,0.000000000,0.000000000,0.000000000,0.000000000,0.000000000,9.800000000,1.000000000,0.000000000,0.000000000,0.000000000
20.245830094,0.000000000,0.000000000,0.000000000,0.000000000,0.000000000,9.800000000,1.000000000,0.000000000,0.000000000,0.000000000
20.254163426,0.000000000,0.000000000,0.000000000,0.000000000,0.000000000,9.800000000,1.000000000,0.000000000,0.000000000,0.000000000
20.258330092,0.000000000,0.000000000,0.000000000,0.000000000,0.000000000,9.800000000,1.000000000,0.000000000,0.000000000,0.000000000
20.262496758,0.000000000,0.000000000,0.000000000,0.000000000,0.000000000,9.800000000,1.000000000,0.000000000,0.000000000,0.000000000
20.266663424,0.000000000,0.000000000,0.000000000,0.000000000,0.000000000,9.800000000,1.000000000,0.000000000,0.000000000,0.000000000
20.270830090,0.000000000,0.000000000,0.000000000,0.000000000,0.000000000,9.800000000,1.000000000,0.000000000,0.000000000,0.000000000
20.279163422,0.000000000,0.000000000,0.000000000,0.000000000,0.000000000,9.800000000,1.000000000,0.000000000,0.000000000,0.000000000
20.283330088,0.000000000,0.000000000,0.000000000,0.000000000,0.000000000,9.800000000,1.000000000,0.000000000,0.000000000,0.000000000
20.287496754,0.000000000,0.000000000,0.000000000,0.000000000,0.000000000,9.800000000,1.000000000,0.000000000,0.000000000,0.000000000
20.291663420,0.000000000,0.000000000,0.000000000,0.000000000,0.000000000,9.800000000,1.000000000,0.000000000,0.000000000,0.000000000
20.295830086,0.000000000,0.000000000,0.000000000,0.000000000,0.000000000,9.800000000,1.000000000,0.000000000,0.000000000,0.000000000
20.304163418,0.000000000,0.000000000,0.000000000,0.000000000,0.000000000,9.800000000,1.000000000,0.000000000,0.000000000,0.000000000
20.308330084,0.000000000,0.000000000,0.000000000,0.000000000,0.000000000,9.800000000,1.000000000,0.000000000,0.000000000,0.000000000
20.312496750,0.000000000,0.000000000,0.000000000,0.000000000,0.000000000,9.800000000,1.000000000,0.000000000,0.000000000,0.000000000
20.316663416,0.000000000,0.000000000,0.000000000,0.000000000,0.000000000,9.800000000,1.000000000,0.000000000,0.000000000,0.000000000
20.320830082,0.000000000,0.000000000,0.000000000,0.000000000,0.000000000,9.800000000,1.000000000,0.000000000,0.000000000,0.000000000
20.329163414,0.000000000,0.000000000,0.000000000,0.000000000,0.000000000,9.800000000,1.000000000,0.000000000,0.000000000,0.000000000
20.333330080,0.000000000,0.000000000,0.000000000,0.000000000,0.000000000,9.800000000,1.000000000,0.000000000,0.000000000,0.000000000
20.337496746,0.000000000,0.000000000,0.000000000,0.000000000,0.000000000,9.800000000,1.000000000,0.000000000,0.000000000,0.000000000
20.341663412,0.000000000,0.000000000,0.000000000,0.000000000,0.000000000,9.800000000,1.000000000,0.000000000,0.000000000,0.000000000
20.345830078,0.000000000,0.000000000,0.000000000,0.000000000,0.000000000,9.800000000,1.000000000,0.000000000,0.000000000,0.000000000
20.354163410,0.000000000,0.000000000,0.000000000,0.000000000,0.000000000,9.800000000,1.000000000,0.000000000,0.000000000,0.000000000
20.358330076,0.000000000,0.000000000,0.000000000,0.000000000,0.000000000,9.800000000,1.000000000,0.000000000,0.000000000,0.000000000
20.362496742,0.000000000,0.000000000,0.000000000,0.000000000,0.000000000,9.800000000,1.000000000,0.000000000,0.000000000,0.000000000
20.366663408,0.000000000,0.000000000,0.000000000,0.000000000,0.000000000,9.800000000,1.000000000,0.000000000,0.000000000,0.000000000
20.370830074,0.000000000,0.000000000,0.000000000,0.000000000,0.000000000,9.800000000,1.000000000,0.000000000,0.000000000,0.000000000
20.379163406,0.000000000,0.000000000,0.000000000,0.000000000,0.000000000,9.800000000,1.000000000,0.000000000,0.000000000,0.000000000
20.383330072,0.000000000,0.000000000,0.000000000,0.000000000,0.000000000,9.800000000,1.000000000,0.000000000,0.000000000,0.000000000
20.387496738,0.000000000,0.000000000,0.000000000,0.000000000,0.000000000,9.800000000,1.000000000,0.000000000,0.000000000,0.000000000
20.391663404,0.000000000,0.000000000,0.000000000,0.000000000,0.000000000,9.800000000,1.000000000,0.000000000,0.000000000,0.000000000
20.395830070,0.000000000,0.000000000,0.000000000,0.000000000,0.000000000,9.800000000,1.000000000,0.000000000,0.000000000,0.000000000
20.404163402,0.000000000,0.000000000,0.000000000,0.000000000,0.000000000,9.800000000,1.000000000,0.000000000,0.000000000,0.000000000
20.408330068,0.000000000,0.000000000,0.000000000,0.000000000,0.000000000,9.800000000,1.000000000,0.000000000,0.000000000,0.000000000
20.412496734,0.000000000,0.000000000,0.000000000,0.000000000,0.000000000,9.800000000,1.000000000,0.000000000,0.000000000,0.000000000
20.416663400,0.000000000,0.000000000,0.000000000,0.000000000,0.000000000,9.800000000,1.000000000,0.000000000,0.000000000,0.000000000
20.420830066,0.000000000,0.000000000,0.000000000,0.000000000,0.000000000,9.800000000,1.000000000,0.000000000,0.000000000,0.000000000
20.429163398,0.000000000,0.000000000,0.000000000,0.000000000,0.000000000,9.800000000,1.000000000,0.000000000,0.000000000,0.000000000
20.433330064,0.000000000,0.000000000,0.000000000,0.000000000,0.000000000,9.800000000,1.000000000,0.000000000,0.000000000,0.000000000
20.437496730,0.000000000,0.000000000,0.000000000,0.000000000,0.000000000,9.800000000,1.000000000,0.000000000,0.000000000,0.000000000
20.441663396,0.000000000,0.000000000,0.000000000,0.000000000,0.000000000,9.800000000,1.000000000,0.000000000,0.000000000,0.000000000
20.445830062,0.000000000,0.000000000,0.000000000,0.000000000,0.000000000,9.800000000,1.000000000,0.000000000,0.000000000,0.000000000
20.454163394,0.000000000,0.000000000,0.000000000,0.000000000,0.000000000,9.800000000,1.000000000,0.000000000,0.000000000,0.000000000
20.458330060,0.000000000,0.000000000,0.000000000,0.000000000,0.000000000,9.800000000,1.000000000,0.000000000,0.000000000,0.000000000
20.462496726,0.000000000,0.000000000,0.000000000,0.000000000,0.000000000,9.800000000,1.000000000,0.000000000,0.000000000,0.000000000
20.466663392,0.000000000,0.000000000,0.000000000,0.000000000,0.000000000,9.800000000,1.000000000,0.000000000,0.000000000,0.000000000
20.470830058,0.000000000,0.000000000,0.000000000,0.000000000,0.000000000,9.800000000,1.000000000,0.000000000,0.000000000,0.000000000
20.479163390,0.000000000,0.000000000,0.000000000,0.000000000,0.000000000,9.800000000,1.000000000,0.000000000,0.000000000,0.000000000
20.483330056,0.000000000,0.000000000,0.000000000,0.000000000,0.000000000,9.800000000,1.000000000,0.000000000,0.000000000,0.000000000
20.487496722,0.000000000,0.000000000,0.000000000,0.000000000,0.000000000,9.800000000,1.000000000,0.000000000,0.000000000,0.000000000
20.491663388,0.000000000,0.000000000,0.000000000,0.000000000,0.000000000,9.800000000,1.000000000,0.000000000,0.000000000,0.000000000
20.495830054,0.000000000,0.000000000,0.000000000,0.000000000,0.000000000,9.800000000,1.000000000,0.000000000,0.000000000,0.000000000
20.504163386,0.000000000,0.000000000,0.000000000,0.000000000,0.000000000,9.800000000,1.000000000,0.000000000,0.000000000,0.000000000
20.508330052,0.000000000,0.000000000,0.000000000,0.000000000,0.000000000,9.800000000,1.000000000,0.000000000,0.000000000,0.000000000
20.512496718,0.000000000,0.000000000,0.000000000,0.000000000,0.000000000,9.800000000,1.000000000,0.000000000,0.000000000,0.000000000
20.516663384,0.000000000,0.000000000,0.000000000,0.000000000,0.000000000,9.800000000,1.000000000,0.000000000,0.000000000,0.000000000
20.520830050,0.000000000,0.000000000,0.000000000,0.000000000,0.000000000,9.800000000,1.000000000,0.000000000,0.000000000,0.000000000
20.529163382,0.000000000,0.000000000,0.000000000,0.000000000,0.000000000,9.800000000,1.000000000,0.000000000,0.000000000,0.000000000
20.533330048,0.000000000,0.000000000,0.000000000,0.000000000,0.000000000,9.800000000,1.000000000,0.000000000,0.000000000,0.000000000
20.537496714,0.000000000,0.000000000,0.000000000,0.000000000,0.000000000,9.800000000,1.000000000,0.000000000,0.000000000,0.000000000
20.541663380,0.000000000,0.000000000,0.000000000,0.000000000,0.000000000,9.800000000,1.000000000,0.000000000,0.000000000,0.000000000
20.545830046,0.000000000,0.000000000,0.000000000,0.000000000,0.000000000,9.800000000,1.000000000,0.000000000,0.000000000,0.000000000
20.554163378,0.000000000,0.000000000,0.000000000,0.000000000,0.000000000,9.800000000,1.000000000,0.000000000,0.000000000,0.000000000
20.558330044,0.000000000,0.000000000,0.000000000,0.000000000,0.000000000,9.800000000,1.000000000,0.000000000,0.000000000,0.000000000
20.562496710,0.000000000,0.000000000,0.000000000,0.000000000,0.000000000,9.800000000,1.000000000,0.000000000,0.000000000,0.000000000
20.566663376,0.000000000,0.000000000,0.000000000,0.000000000,0.000000000,9.800000000,1.000000000,0.000000000,0.000000000,0.000000000
20.570830042,0.000000000,0.000000000,0.000000000,0.000000000,0.000000000,9.800000000,1.000000000,0.000000000,0.000000000,0.000000000
20.579163374,0.000000000,0.000000000,0.000000000,0.000000000,0.000000000,9.800000000,1.000000000,0.000000000,0.000000000,0.000000000
20.583330040,0.000000000,0.000000000,0.000000000,0.000000000,0.000000000,9.800000000,1.000000000,0.000000000,0.000000000,0.000000000
20.587496706,0.000000000,0.000000000,0.000000000,0.000000000,0.000000000,9.800000000,1.000000000,0.000000000,0.000000000,0.000000000
20.591663372,0.000000000,0.000000000,0.000000000,0.000000000,0.000000000,9.800000000,1.000000000,0.000000000,0.000000000,0.000000000
20.595830038,0.000000000,0.000000000,0.000000000,0.000000000,0.000000000,9.800000000,1.000000000,0.000000000,0.000000000,0.000000000
20.604163370,0.000000000,0.000000000,0.000000000,0.000000000,0.000000000,9.800000000,1.000000000,0.000000000,0.000000000,0.000000000
20.608330036,0.000000000,0.000000000,0.000000000,0.000000000,0.000000000,9.800000000,1.000000000,0.000000000,0.000000000,0.000000000
20.612496702,0.000000000,0.000000000,0.000000000,0.000000000,0.000000000,9.800000000,1.000000000,0.000000000,0.000000000,0.000000000
20.616663368,0.000000000,0.000000000,0.000000000,0.000000000,0.000000000,9.800000000,1.000000000,0.000000000,0.000000000,0.000000000
20.620830034,0.000000000,0.000000000,0.000000000,0.000000000,0.000000000,9.800000000,1.000000000,0.000000000,0.000000000,0.000000000
20.629163366,0.000000000,0.000000000,0.000000000,0.000000000,0.000000000,9.800000000,1.000000000,0.000000000,0.000000000,0.000000000
20.633330032,0.000000000,0.000000000,0.000000000,0.000000000,0.000000000,9.800000000,1.000000000,0.000000000,0.000000000,0.000000000
20.637496698,0.000000000,0.000000000,0.000000000,0.000000000,0.000000000,9.800000000,1.000000000,0.000000000,0.000000000,0.000000000
20.641663364,0.000000000,0.000000000,0.000000000,0.000000000,0.000000000,9.800000000,1.000000000,0.000000000,0.000000000,0.000000000
20.645830030,0.000000000,0.000000000,0.000000000,0.000000000,0.000000000,9.800000000,1.000000000,0.000000000,0.000000000,0.000000000
20.654163362,0.000000000,0.000000000,0.000000000,0.000000000,0.000000000,9.800000000,1.000000000,0.000000000,0.000000000,0.000000000
20.658330028,0.000000000,0.000000000,0.000000000,0.000000000,0.000000000,9.800000000,1.000000000,0.000000000,0.000000000,0.000000000
20.662496694,0.000000000,0.000000000,0.000000000,0.000000000,0.000000000,9.800000000,1.000000000,0.000000000,0.000000000,0.000000000
20.666663360,0.000000000,0.000000000,0.000000000,0.000000000,0.000000000,9.800000000,1.000000000,0.000000000,0.000000000,0.000000000
20.670830026,0.000000000,0.000000000,0.000000000,0.000000000,0.000000000,9.800000000,1.000000000,0.000000000,0.000000000,0.000000000
20.679163358,0.000000000,0.000000000,0.000000000,0.000000000,0.000000000,9.800000000,1.000000000,0.000000000,0.000000000,0.000000000
20.683330024,0.000000000,0.000000000,0.000000000,0.000000000,0.000000000,9.800000000,1.000000000,0.000000000,0.000000000,0.000000000
20.687496690,0.000000000,0.000000000,0.000000000,0.000000000,0.000000000,9.800000000,1.000000000,0.000000000,0.000000000,0.000000000
20.691663356,0.000000000,0.000000000,0.000000000,0.000000000,0.000000000,9.800000000,1.000000000,0.000000000,0.000000000,0.000000000
20.695830022,0.000000000,0.000000000,0.000000000,0.000000000,0.000000000,9.800000000,1.000000000,0.000000000,0.000000000,0.000000000
20.704163354,0.000000000,0.000000000,0.000000000,0.000000000,0.000000000,9.800000000,1.000000000,0.000000000,0.000000000,0.000000000
20.708330020,0.000000000,0.000000000,0.000000000,0.000000000,0.000000000,9.800000000,1.000000000,0.000000000,0.000000000,0.000000000
20.712496686,0.000000000,0.000000000,0.000000000,0.000000000,0.000000000,9.800000000,1.000000000,0.000000000,0.000000000,0.000000000
20.716663352,0.000000000,0.000000000,0.000000000,0.000000000,0.000000000,9.800000000,1.000000000,0.000000000,0.000000000,0.000000000
20.720830018,0.000000000,0.000000000,0.000000000,0.000000000,0.000000000,9.800000000,1.000000000,0.000000000,0.000000000,0.000000000
20.729163350,0.000000000,0.000000000,0.000000000,0.000000000,0.000000000,9.800000000,1.000000000,0.000000000,0.000000000,0.000000000
20.733330016,0.000000000,0.000000000,0.000000000,0.000000000,0.000000000,9.800000000,1.000000000,0.000000000,0.000000000,0.000000000
20.737496682,0.000000000,0.000000000,0.000000000,0.000000000,0.000000000,9.800000000,1.000000000,0.000000000,0.000000000,0.000000000
20.741663348,0.000000000,0.000000000,0.000000000,0.000000000,0.000000000,9.800000000,1.000000000,0.000000000,0.000000000,0.000000000
20.745830014,0.000000000,0.000000000,0.000000000,0.000000000,0.000000000,9.800000000,1.000000000,0.000000000,0.000000000,0.000000000
20.754163346,0.000000000,0.000000000,0.000000000,0.000000000,0.000000000,9.800000000,1.000000000,0.000000000,0.000000000,0.000000000
20.758330012,0.000000000,0.000000000,0.000000000,0.000000000,0.000000000,9.800000000,1.000000000,0.000000000,0.000000000,0.000000000
20.762496678,0.000000000,0.000000000,0.000000000,0.000000000,0.000000000,9.800000000,1.000000000,0.000000000,0.000000000,0.000000000
20.766663344,0.000000000,0.000000000,0.000000000,0.000000000,0.000000000,9.800000000,1.000000000,0.000000000,0.000000000,0.000000000
20.770830010,0.000000000,0.000000000,0.000000000,0.000000000,0.000000000,9.800000000,1.000000000,0.000000000,0.000000000,0.000000000
20.779163342,0.000000000,0.000000000,0.000000000,0.000000000,0.000000000,9.800000000,1.000000000,0.000000000,0.000000000,0.000000000
20.783330008,0.000000000,0.000000000,0.000000000,0.000000000,0.000000000,9.800000000,1.000000000,0.000000000,0.000000000,0.000000000
20.787496674,0.000000000,0.000000000,0.000000000,0.000000000,0.000000000,9.800000000,1.000000000,0.000000000,0.000000000,0.000000000
20.791663340,0.000000000,0.000000000,0.000000000,0.000000000,0.000000000,9.800000000,1.000000000,0.000000000,0.000000000,0.000000000
20.795830006,0.000000000,0.000000000,0.000000000,0.000000000,0.000000000,9.800000000,1.000000000,0.000000000,0.000000000,0.000000000
20.804163338,0.000000000,0.000000000,0.000000000,0.000000000,0.000000000,9.800000000,1.000000000,0.000000000,0.000000000,0.000000000
20.808330004,0.000000000,0.000000000,0.000000000,0.000000000,0.000000000,9.800000000,1.000000000,0.000000000,0.000000000,0.000000000
20.812496670,0.000000000,0.000000000,0.000000000,0.000000000,0.000000000,9.800000000,1.000000000,0.000000000,0.000000000,0.000000000
20.816663336,0.000000000,0.000000000,0.000000000,0.000000000,0.000000000,9.800000000,1.000000000,0.000000000,0.000000000,0.000000000
20.820830002,0.000000000,0.000000000,0.000000000,0.000000000,0.000000000,9.800000000,1.000000000,0.000000000,0.000000000,0.000000000
20.829163334,0.000000000,0.000000000,0.000000000,0.000000000,0.000000000,9.800000000,1.000000000,0.000000000,0.000000000,0.000000000
20.833330000,0.000000000,0.000000000,0.000000000,0.000000000,0.000000000,9.800000000,1.000000000,0.000000000,0.000000000,0.000000000
20.837496666,0.000000000,0.000000000,0.000000000,0.000000000,0.000000000,9.800000000,1.000000000,0.000000000,0.000000000,0.000000000
20.841663332,0.000000000,0.000000000,0.000000000,0.000000000,0.000000000,9.800000000,1.000000000,0.000000000,0.000000000,0.000000000
20.845829998,0.000000000,0.000000000,0.000000000,0.000000000,0.000000000,9.800000000,1.000000000,0.000000000,0.000000000,0.000000000
20.854163330,0.000000000,0.000000000,0.000000000,0.000000000,0.000000000,9.800000000,1.000000000,0.000000000,0.000000000,0.000000000
20.858329996,0.000000000,0.000000000,0.000000000,0.000000000,0.000000000,9.800000000,1.000000000,0.000000000,0.000000000,0.000000000
20.862496662,0.000000000,0.000000000,0.000000000,0.000000000,0.000000000,9.800000000,1.000000000,0.000000000,0.000000000,0.000000000
20.866663328,0.000000000,0.000000000,0.000000000,0.000000000,0.000000000,9.800000000,1.000000000,0.000000000,0.000000000,0.000000000
20.870829994,0.000000000,0.000000000,0.000000000,0.000000000,0.000000000,9.800000000,1.000000000,0.000000000,0.000000000,0.000000000
20.879163326,0.000000000,0.000000000,0.000000000,0.000000000,0.000000000,9.800000000,1.000000000,0.000000000,0.000000000,0.000000000
20.883329992,0.000000000,0.000000000,0.000000000,0.000000000,0.000000000,9.800000000,1.000000000,0.000000000,0.000000000,0.000000000
20.887496658,0.000000000,0.000000000,0.000000000,0.000000000,0.000000000,9.800000000,1.000000000,0.000000000,0.000000000,0.000000000
20.891663324,0.000000000,0.000000000,0.000000000,0.000000000,0.000000000,9.800000000,1.000000000,0.000000000,0.000000000,0.000000000
20.895829990,0.000000000,0.000000000,0.000000000,0.000000000,0.000000000,9.800000000,1.000000000,0.000000000,0.000000000,0.000000000
20.904163322,0.000000000,0.000000000,0.000000000,0.000000000,0.000000000,9.800000000,1.000000000,0.000000000,0.000000000,0.000000000
20.908329988,0.000000000,0.000000000,0.000000000,0.000000000,0.000000000,9.800000000,1.000000000,0.000000000,0.000000000,0.000000000
20.912496654,0.000000000,0.000000000,0.000000000,0.000000000,0.000000000,9.800000000,1.000000000,0.000000000,0.000000000,0.000000000
20.916663320,0.000000000,0.000000000,0.000000000,0.000000000,0.000000000,9.800000000,1.000000000,0.000000000,0.000000000,0.000000000
20.920829986,0.000000000,0.000000000,0.000000000,0.000000000,0.000000000,9.800000000,1.000000000,0.000000000,0.000000000,0.000000000
20.929163318,0.000000000,0.000000000,0.000000000,0.000000000,0.000000000,9.800000000,1.000000000,0.000000000,0.000000000,0.000000000
20.933329984,0.000000000,0.000000000,0.000000000,0.000000000,0.000000000,9.800000000,1.000000000,0.000000000,0.000000000,0.000000000
20.937496650,0.000000000,0.000000000,0.000000000,0.000000000,0.000000000,9.800000000,1.000000000,0.000000000,0.000000000,0.000000000
20.941663316,0.000000000,0.000000000,0.000000000,0.000000000,0.000000000,9.800000000,1.000000000,0.000000000,0.000000000,0.000000000
20.945829982,0.000000000,0.000000000,0.000000000,0.000000000,0.000000000,9.800000000,1.000000000,0.000000000,0.000000000,0.000000000
20.954163314,0.000000000,0.000000000,0.000000000,0.000000000,0.000000000,9.800000000,1.000000000,0.000000000,0.000000000,0.000000000
20.958329980,0.000000000,0.000000000,0.000000000,0.000000000,0.000000000,9.800000000,1.000000000,0.000000000,0.000000000,0.000000000
20.962496646,0.000000000,0.000000000,0.000000000,0.000000000,0.000000000,9.800000000,1.000000000,0.000000000,0.000000000,0.000000000
20.966663312,0.000000000,0.000000000,0.000000000,0.000000000,0.000000000,9.800000000,1.000000000,0.000000000,0.000000000,0.000000000
20.970829978,0.000000000,0.000000000,0.000000000,0.000000000,0.000000000,9.800000000,1.000000000,0.000000000,0.000000000,0.000000000
20.979163310,0.000000000,0.000000000,0.000000000,0.000000000,0.000000000,9.800000000,1.000000000,0.000000000,0.000000000,0.000000000
20.983329976,0.000000000,0.000000000,0.000000000,0.000000000,0.000000000,9.800000000,1.000000000,0.000000000,0.000000000,0.000000000
20.987496642,0.000000000,0.000000000,0.000000000,0.000000000,0.000000000,9.800000000,1.000000000,0.000000000,0.000000000,0.000000000
20.991663308,0.000000000,0.000000000,0.000000000,0.000000000,0.000000000,9.800000000,1.000000000,0.000000000,0.000000000,0.000000000
20.995829974,0.000000000,0.000000000,0.000000000,0.000000000,0.000000000,9.800000000,1.000000000,0.000000000,0.000000000,0.000000000
21.004163306,0.000000000,0.000000000,0.000000000,0.000000000,0.000000000,9.800000000,1.000000000,0.000000000,0.000000000,0.000000000
21.008329972,0.000000000,0.000000000,0.000000000,0.000000000,0.000000000,9.800000000,1.000000000,0.000000000,0.000000000,0.000000000
21.012496638,0.000000000,0.000000000,0.000000000,0.000000000,0.000000000,9.800000000,1.000000000,0.000000000,0.000000000,0.000000000
21.016663304,0.000000000,0.000000000,0.000000000,0.000000000,0.000000000,9.800000000,1.000000000,0.000000000,0.000000000,0.000000000
21.020829970,0.000000000,0.000000000,0.000000000,0.000000000,0.000000000,9.800000000,1.000000000,0.000000000,0.000000000,0.000000000
21.029163302,0.000000000,0.000000000,0.000000000,0.000000000,0.000000000,9.800000000,1.000000000,0.000000000,0.000000000,0.000000000
21.033329968,0.000000000,0.000000000,0.000000000,0.000000000,0.000000000,9.800000000,1.000000000,0.000000000,0.000000000,0.000000000
21.037496634,0.000000000,0.000000000,0.000000000,0.000000000,0.000000000,9.800000000,1.000000000,0.000000000,0.000000000,0.000000000
21.041663300,0.000000000,0.000000000,0.000000000,0.000000000,0.000000000,9.800000000,1.000000000,0.000000000,0.000000000,0.000000000
21.045829966,0.000000000,0.000000000,0.000000000,0.000000000,0.000000000,9.800000000,1.000000000,0.000000000,0.000000000,0.000000000
21.054163298,0.000000000,0.000000000,0.000000000,0.000000000,0.000000000,9.800000000,1.000000000,0.000000000,0.000000000,0.000000000
21.058329964,0.000000000,0.000000000,0.000000000,0.000000000,0.000000000,9.800000000,1.000000000,0.000000000,0.000000000,0.000000000
21.062496630,0.000000000,0.000000000,0.000000000,0.000000000,0.000000000,9.800000000,1.000000000,0.000000000,0.000000000,0.000000000
21.066663296,0.000000000,0.000000000,0.000000000,0.000000000,0.000000000,9.800000000,1.000000000,0.000000000,0.000000000,0.000000000
21.070829962,0.000000000,0.000000000,0.000000000,0.000000000,0.000000000,9.800000000,1.000000000,0.000000000,0.000000000,0.000000000
21.079163294,0.000000000,0.000000000,0.000000000,0.000000000,0.000000000,9.800000000,1.000000000,0.000000000,0.000000000,0.000000000
21.083329960,0.000000000,0.000000000,0.000000000,0.000000000,0.000000000,9.800000000,1.000000000,0.000000000,0.000000000,0.000000000
21.087496626,0.000000000,0.000000000,0.000000000,0.000000000,0.000000000,9.800000000,1.000000000,0.000000000,0.000000000,0.000000000
21.091663292,0.000000000,0.000000000,0.000000000,0.000000000,0.000000000,9.800000000,1.000000000,0.000000000,0.000000000,0.000000000
21.095829958,0.000000000,0.000000000,0.000000000,0.000000000,0.000000000,9.800000000,1.000000000,0.000000000,0.000000000,0.000000000
21.104163290,0.000000000,0.000000000,0.000000000,0.000000000,0.000000000,9.800000000,1.000000000,0.000000000,0.000000000,0.000000000
21.108329956,0.000000000,0.000000000,0.000000000,0.000000000,0.000000000,9.800000000,1.000000000,0.000000000,0.000000000,0.000000000
21.112496622,0.000000000,0.000000000,0.000000000,0.000000000,0.000000000,9.800000000,1.000000000,0.000000000,0.000000000,0.000000000
21.116663288,0.000000000,0.000000000,0.000000000,0.000000000,0.000000000,9.800000000,1.000000000,0.000000000,0.000000000,0.000000000
21.120829954,0.000000000,0.000000000,0.000000000,0.000000000,0.000000000,9.800000000,1.000000000,0.000000000,0.000000000,0.000000000
21.129163286,0.000000000,0.000000000,0.000000000,0.000000000,0.000000000,9.800000000,1.000000000,0.000000000,0.000000000,0.000000000
21.133329952,0.000000000,0.000000000,0.000000000,0.000000000,0.000000000,9.800000000,1.000000000,0.000000000,0.000000000,0.000000000
21.137496618,0.000000000,0.000000000,0.000000000,0.000000000,0.000000000,9.800000000,1.000000000,0.000000000,0.000000000,0.000000000
21.141663284,0.000000000,0.000000000,0.000000000,0.000000000,0.000000000,9.800000000,1.000000000,0.000000000,0.000000000,0.000000000
21.145829950,0.000000000,0.000000000,0.000000000,0.000000000,0.000000000,9.800000000,1.000000000,0.000000000,0.000000000,0.000000000
21.154163282,0.000000000,0.000000000,0.000000000,0.000000000,0.000000000,9.800000000,1.000000000,0.000000000,0.000000000,0.000000000
21.158329948,0.000000000,0.000000000,0.000000000,0.000000000,0.000000000,9.800000000,1.000000000,0.000000000,0.000000000,0.000000000
21.162496614,0.000000000,0.000000000,0.000000000,0.000000000,0.000000000,9.800000000,1.000000000,0.000000000,0.000000000,0.000000000
21.166663280,0.000000000,0.000000000,0.000000000,0.000000000,0.000000000,9.800000000,1.000000000,0.000000000,0.000000000,0.000000000
21.170829946,0.000000000,0.000000000,0.000000000,0.000000000,0.000000000,9.800000000,1.000000000,0.000000000,0.000000000,0.000000000
21.179163278,0.000000000,0.000000000,0.000000000,0.000000000,0.000000000,9.800000000,1.000000000,0.000000000,0.000000000,0.000000000
21.183329944,0.000000000,0.000000000,0.000000000,0.000000000,0.000000000,9.800000000,1.000000000,0.000000000,0.000000000,0.000000000
21.187496610,0.000000000,0.000000000,0.000000000,0.000000000,0.000000000,9.800000000,1.000000000,0.000000000,0.000000000,0.000000000
21.191663276,0.000000000,0.000000000,0.000000000,0.000000000,0.000000000,9.800000000,1.000000000,0.000000000,0.000000000,0.000000000
21.195829942,0.000000000,0.000000000,0.000000000,0.000000000,0.000000000,9.800000000,1.000000000,0.000000000,0.000000000,0.000000000
21.204163274,0.000000000,0.000000000,0.000000000,0.000000000,0.000000000,9.800000000,1.000000000,0.000000000,0.000000000,0.000000000
21.208329940,0.000000000,0.000000000,0.000000000,0.000000000,0.000000000,9.800000000,1.000000000,0.000000000,0.000000000,0.000000000
21.212496606,0.000000000,0.000000000,0.000000000,0.000000000,0.000000000,9.800000000,1.000000000,0.000000000,0.000000000,0.000000000
21.216663272,0.000000000,0.000000000,0.000000000,0.000000000,0.000000000,9.800000000,1.000000000,0.000000000,0.000000000,0.000000000
21.220829938,0.000000000,0.000000000,0.000000000,0.000000000,0.000000000,9.800000000,1.000000000,0.000000000,0.000000000,0.000000000
21.229163270,0.000000000,0.000000000,0.000000000,0.000000000,0.000000000,9.800000000,1.000000000,0.000000000,0.000000000,0.000000000
21.233329936,0.000000000,0.000000000,0.000000000,0.000000000,0.000000000,9.800000000,1.000000000,0.000000000,0.000000000,0.000000000
21.237496602,0.000000000,0.000000000,0.000000000,0.000000000,0.000000000,9.800000000,1.000000000,0.000000000,0.000000000,0.000000000
21.241663268,0.000000000,0.000000000,0.000000000,0.000000000,0.000000000,9.800000000,1.000000000,0.000000000,0.000000000,0.000000000
21.245829934,0.000000000,0.000000000,0.000000000,0.000000000,0.000000000,9.800000000,1.000000000,0.000000000,0.000000000,0.000000000
21.254163266,0.000000000,0.000000000,0.000000000,0.000000000,0.000000000,9.800000000,1.000000000,0.000000000,0.000000000,0.000000000
21.258329932,0.000000000,0.000000000,0.000000000,0.000000000,0.000000000,9.800000000,1.000000000,0.000000000,0.000000000,0.000000000
21.262496598,0.000000000,0.000000000,0.000000000,0.000000000,0.000000000,9.800000000,1.000000000,0.000000000,0.000000000,0.000000000
21.266663264,0.000000000,0.000000000,0.000000000,0.000000000,0.000000000,9.800000000,1.000000000,0.000000000,0.000000000,0.000000000
21.270829930,0.000000000,0.000000000,0.000000000,0.000000000,0.000000000,9.800000000,1.000000000,0.000000000,0.000000000,0.000000000
21.279163262,0.000000000,0.000000000,0.000000000,0.000000000,0.000000000,9.800000000,1.000000000,0.000000000,0.000000000,0.000000000
21.283329928,0.000000000,0.000000000,0.000000000,0.000000000,0.000000000,9.800000000,1.000000000,0.000000000,0.000000000,0.000000000
21.287496594,0.000000000,0.000000000,0.000000000,0.000000000,0.000000000,9.800000000,1.000000000,0.000000000,0.000000000,0.000000000
21.291663260,0.000000000,0.000000000,0.000000000,0.000000000,0.000000000,9.800000000,1.000000000,0.000000000,0.000000000,0.000000000
21.295829926,0.000000000,0.000000000,0.000000000,0.000000000,0.000000000,9.800000000,1.000000000,0.000000000,0.000000000,0.000000000
21.304163258,0.000000000,0.000000000,0.000000000,0.000000000,0.000000000,9.800000000,1.000000000,0.000000000,0.000000000,0.000000000
21.308329924,0.000000000,0.000000000,0.000000000,0.000000000,0.000000000,9.800000000,1.000000000,0.000000000,0.000000000,0.000000000
21.312496590,0.000000000,0.000000000,0.000000000,0.000000000,0.000000000,9.800000000,1.000000000,0.000000000,0.000000000,0.000000000
21.316663256,0.000000000,0.000000000,0.000000000,0.000000000,0.000000000,9.800000000,1.000000000,0.000000000,0.000000000,0.000000000
21.320829922,0.000000000,0.000000000,0.000000000,0.000000000,0.000000000,9.800000000,1.000000000,0.000000000,0.000000000,0.000000000
21.329163254,0.000000000,0.000000000,0.000000000,0.000000000,0.000000000,9.800000000,1.000000000,0.000000000,0.000000000,0.000000000
21.333329920,0.000000000,0.000000000,0.000000000,0.000000000,0.000000000,9.800000000,1.000000000,0.000000000,0.000000000,0.000000000
21.337496586,0.000000000,0.000000000,0.000000000,0.000000000,0.000000000,9.800000000,1.000000000,0.000000000,0.000000000,0.000000000
21.341663252,0.000000000,0.000000000,0.000000000,0.000000000,0.000000000,9.800000000,1.000000000,0.000000000,0.000000000,0.000000000
21.345829918,0.000000000,0.000000000,0.000000000,0.000000000,0.000000000,9.800000000,1.000000000,0.000000000,0.000000000,0.000000000
21.354163250,0.000000000,0.000000000,0.000000000,0.000000000,0.000000000,9.800000000,1.000000000,0.000000000,0.000000000,0.000000000
21.358329916,0.000000000,0.000000000,0.000000000,0.000000000,0.000000000,9.800000000,1.000000000,0.000000000,0.000000000,0.000000000
21.362496582,0.000000000,0.000000000,0.000000000,0.000000000,0.000000000,9.800000000,1.000000000,0.000000000,0.000000000,0.000000000
21.366663248,0.000000000,0.000000000,0.000000000,0.000000000,0.000000000,9.800000000,1.000000000,0.000000000,0.000000000,0.000000000
21.370829914,0.000000000,0.000000000,0.000000000,0.000000000,0.000000000,9.800000000,1.000000000,0.000000000,0.000000000,0.000000000
21.379163246,0.000000000,0.000000000,0.000000000,0.000000000,0.000000000,9.800000000,1.000000000,0.000000000,0.000000000,0.000000000
21.383329912,0.000000000,0.000000000,0.000000000,0.000000000,0.000000000,9.800000000,1.000000000,0.000000000,0.000000000,0.000000000
21.387496578,0.000000000,0.000000000,0.000000000,0.000000000,0.000000000,9.800000000,1.000000000,0.000000000,0.000000000,0.000000000
21.391663244,0.000000000,0.000000000,0.000000000,0.000000000,0.000000000,9.800000000,1.000000000,0.000000000,0.000000000,0.000000000
21.395829910,0.000000000,0.000000000,0.000000000,0.000000000,0.000000000,9.800000000,1.000000000,0.000000000,0.000000000,0.000000000
21.404163242,0.000000000,0.000000000,0.000000000,0.000000000,0.000000000,9.800000000,1.000000000,0.000000000,0.000000000,0.000000000
21.408329908,0.000000000,0.000000000,0.000000000,0.000000000,0.000000000,9.800000000,1.000000000,0.000000000,0.000000000,0.000000000
21.412496574,0.000000000,0.000000000,0.000000000,0.000000000,0.000000000,9.800000000,1.000000000,0.000000000,0.000000000,0.000000000
21.416663240,0.000000000,0.000000000,0.000000000,0.000000000,0.000000000,9.800000000,1.000000000,0.000000000,0.000000000,0.000000000
21.420829906,0.000000000,0.000000000,0.000000000,0.000000000,0.000000000,9.800000000,1.000000000,0.000000000,0.000000000,0.000000000
21.429163238,0.000000000,0.000000000,0.000000000,0.000000000,0.000000000,9.800000000,1.000000000,0.000000000,0.000000000,0.000000000
21.433329904,0.000000000,0.000000000,0.000000000,0.000000000,0.000000000,9.800000000,1.000000000,0.000000000,0.000000000,0.000000000
21.437496570,0.000000000,0.000000000,0.000000000,0.000000000,0.000000000,9.800000000,1.000000000,0.000000000,0.000000000,0.000000000
21.441663236,0.000000000,0.000000000,0.000000000,0.000000000,0.000000000,9.800000000,1.000000000,0.000000000,0.000000000,0.000000000
21.445829902,0.000000000,0.000000000,0.000000000,0.000000000,0.000000000,9.800000000,1.000000000,0.000000000,0.000000000,0.000000000
21.454163234,0.000000000,0.000000000,0.000000000,0.000000000,0.000000000,9.800000000,1.000000000,0.000000000,0.000000000,0.000000000
21.458329900,0.000000000,0.000000000,0.000000000,0.000000000,0.000000000,9.800000000,1.000000000,0.000000000,0.000000000,0.000000000
21.462496566,0.000000000,0.000000000,0.000000000,0.000000000,0.000000000,9.800000000,1.000000000,0.000000000,0.000000000,0.000000000
21.466663232,0.000000000,0.000000000,0.000000000,0.000000000,0.000000000,9.800000000,1.000000000,0.000000000,0.000000000,0.000000000
21.470829898,0.000000000,0.000000000,0.000000000,0.000000000,0.000000000,9.800000000,1.000000000,0.000000000,0.000000000,0.000000000
21.479163230,0.000000000,0.000000000,0.000000000,0.000000000,0.000000000,9.800000000,1.000000000,0.000000000,0.000000000,0.000000000
21.483329896,0.000000000,0.000000000,0.000000000,0.000000000,0.000000000,9.800000000,1.000000000,0.000000000,0.000000000,0.000000000
21.487496562,0.000000000,0.000000000,0.000000000,0.000000000,0.000000000,9.800000000,1.000000000,0.000000000,0.000000000,0.000000000
21.491663228,0.000000000,0.000000000,0.000000000,0.000000000,0.000000000,9.800000000,1.000000000,0.000000000,0.000000000,0.000000000
21.495829894,0.000000000,0.000000000,0.000000000,0.000000000,0.000000000,9.800000000,1.000000000,0.000000000,0.000000000,0.000000000
21.504163226,0.000000000,0.000000000,0.000000000,0.000000000,0.000000000,9.800000000,1.000000000,0.000000000,0.000000000,0.000000000
21.508329892,0.000000000,0.000000000,0.000000000,0.000000000,0.000000000,9.800000000,1.000000000,0.000000000,0.000000000,0.000000000
21.512496558,0.000000000,0.000000000,0.000000000,0.000000000,0.000000000,9.800000000,1.000000000,0.000000000,0.000000000,0.000000000
21.516663224,0.000000000,0.000000000,0.000000000,0.000000000,0.000000000,9.800000000,1.000000000,0.000000000,0.000000000,0.000000000
21.520829890,0.000000000,0.000000000,0.000000000,0.000000000,0.000000000,9.800000000,1.000000000,0.000000000,0.000000000,0.000000000
21.529163222,0.000000000,0.000000000,0.000000000,0.000000000,0.000000000,9.800000000,1.000000000,0.000000000,0.000000000,0.000000000
21.533329888,0.000000000,0.000000000,0.000000000,0.000000000,0.000000000,9.800000000,1.000000000,0.000000000,0.000000000,0.000000000
21.537496554,0.000000000,0.000000000,0.000000000,0.000000000,0.000000000,9.800000000,1.000000000,0.000000000,0.000000000,0.000000000
21.541663220,0.000000000,0.000000000,0.000000000,0.000000000,0.000000000,9.800000000,1.000000000,0.000000000,0.000000000,0.000000000
21.545829886,0.000000000,0.000000000,0.000000000,0.000000000,0.000000000,9.800000000,1.000000000,0.000000000,0.000000000,0.000000000
21.554163218,0.000000000,0.000000000,0.000000000,0.000000000,0.000000000,9.800000000,1.000000000,0.000000000,0.000000000,0.000000000
21.558329884,0.000000000,0.000000000,0.000000000,0.000000000,0.000000000,9.800000000,1.000000000,0.000000000,0.000000000,0.000000000
21.562496550,0.000000000,0.000000000,0.000000000,0.000000000,0.000000000,9.800000000,1.000000000,0.000000000,0.000000000,0.000000000
21.566663216,0.000000000,0.000000000,0.000000000,0.000000000,0.000000000,9.800000000,1.000000000,0.000000000,0.000000000,0.000000000
21.570829882,0.000000000,0.000000000,0.000000000,0.000000000,0.000000000,9.800000000,1.000000000,0.000000000,0.000000000,0.000000000
21.579163214,0.000000000,0.000000000,0.000000000,0.000000000,0.000000000,9.800000000,1.000000000,0.000000000,0.000000000,0.000000000
21.583329880,0.000000000,0.000000000,0.000000000,0.000000000,0.000000000,9.800000000,1.000000000,0.000000000,0.000000000,0.000000000
21.587496546,0.000000000,0.000000000,0.000000000,0.000000000,0.000000000,9.800000000,1.000000000,0.000000000,0.000000000,0.000000000
21.591663212,0.000000000,0.000000000,0.000000000,0.000000000,0.000000000,9.800000000,1.000000000,0.000000000,0.000000000,0.000000000
21.595829878,0.000000000,0.000000000,0.000000000,0.000000000,0.000000000,9.800000000,1.000000000,0.000000000,0.000000000,0.000000000
21.604163210,0.000000000,0.000000000,0.000000000,0.000000000,0.000000000,9.800000000,1.000000000,0.000000000,0.000000000,0.000000000
21.608329876,0.000000000,0.000000000,0.000000000,0.000000000,0.000000000,9.800000000,1.000000000,0.000000000,0.000000000,0.000000000
21.612496542,0.000000000,0.000000000,0.000000000,0.000000000,0.000000000,9.800000000,1.000000000,0.000000000,0.000000000,0.000000000
21.616663208,0.000000000,0.000000000,0.000000000,0.000000000,0.000000000,9.800000000,1.000000000,0.000000000,0.000000000,0.000000000
21.620829874,0.000000000,0.000000000,0.000000000,0.000000000,0.000000000,9.800000000,1.000000000,0.000000000,0.000000000,0.000000000
21.629163206,0.000000000,0.000000000,0.000000000,0.000000000,0.000000000,9.800000000,1.000000000,0.000000000,0.000000000,0.000000000
21.633329872,0.000000000,0.000000000,0.000000000,0.000000000,0.000000000,9.800000000,1.000000000,0.000000000,0.000000000,0.000000000
21.637496538,0.000000000,0.000000000,0.000000000,0.000000000,0.000000000,9.800000000,1.000000000,0.000000000,0.000000000,0.000000000
21.641663204,0.000000000,0.000000000,0.000000000,0.000000000,0.000000000,9.800000000,1.000000000,0.000000000,0.000000000,0.000000000
21.645829870,0.000000000,0.000000000,0.000000000,0.000000000,0.000000000,9.800000000,1.000000000,0.000000000,0.000000000,0.000000000
21.654163202,0.000000000,0.000000000,0.000000000,0.000000000,0.000000000,9.800000000,1.000000000,0.000000000,0.000000000,0.000000000
21.658329868,0.000000000,0.000000000,0.000000000,0.000000000,0.000000000,9.800000000,1.000000000,0.000000000,0.000000000,0.000000000
21.662496534,0.000000000,0.000000000,0.000000000,0.000000000,0.000000000,9.800000000,1.000000000,0.000000000,0.000000000,0.000000000
21.666663200,0.000000000,0.000000000,0.000000000,0.000000000,0.000000000,9.800000000,1.000000000,0.000000000,0.000000000,0.000000000
21.670829866,0.000000000,0.000000000,0.000000000,0.000000000,0.000000000,9.800000000,1.000000000,0.000000000,0.000000000,0.000000000
21.679163198,0.000000000,0.000000000,0.000000000,0.000000000,0.000000000,9.800000000,1.000000000,0.000000000,0.000000000,0.000000000
21.683329864,0.000000000,0.000000000,0.000000000,0.000000000,0.000000000,9.800000000,1.000000000,0.000000000,0.000000000,0.000000000
21.687496530,0.000000000,0.000000000,0.000000000,0.000000000,0.000000000,9.800000000,1.000000000,0.000000000,0.000000000,0.000000000
21.691663196,0.000000000,0.000000000,0.000000000,0.000000000,0.000000000,9.800000000,1.000000000,0.000000000,0.000000000,0.000000000
21.695829862,0.000000000,0.000000000,0.000000000,0.000000000,0.000000000,9.800000000,1.000000000,0.000000000,0.000000000,0.000000000
21.704163194,0.000000000,0.000000000,0.000000000,0.000000000,0.000000000,9.800000000,1.000000000,0.000000000,0.000000000,0.000000000
21.708329860,0.000000000,0.000000000,0.000000000,0.000000000,0.000000000,9.800000000,1.000000000,0.000000000,0.000000000,0.000000000
21.712496526,0.000000000,0.000000000,0.000000000,0.000000000,0.000000000,9.800000000,1.000000000,0.000000000,0.000000000,0.000000000
21.716663192,0.000000000,0.000000000,0.000000000,0.000000000,0.000000000,9.800000000,1.000000000,0.000000000,0.000000000,0.000000000
21.720829858,0.000000000,0.000000000,0.000000000,0.000000000,0.000000000,9.800000000,1.000000000,0.000000000,0.000000000,0.000000000
21.729163190,0.000000000,0.000000000,0.000000000,0.000000000,0.000000000,9.800000000,1.000000000,0.000000000,0.000000000,0.000000000
21.733329856,0.000000000,0.000000000,0.000000000,0.000000000,0.000000000,9.800000000,1.000000000,0.000000000,0.000000000,0.000000000
21.737496522,0.000000000,0.000000000,0.000000000,0.000000000,0.000000000,9.800000000,1.000000000,0.000000000,0.000000000,0.000000000
21.741663188,0.000000000,0.000000000,0.000000000,0.000000000,0.000000000,9.800000000,1.000000000,0.000000000,0.000000000,0.000000000
21.745829854,0.000000000,0.000000000,0.000000000,0.000000000,0.000000000,9.800000000,1.000000000,0.000000000,0.000000000,0.000000000
21.754163186,0.000000000,0.000000000,0.000000000,0.000000000,0.000000000,9.800000000,1.000000000,0.000000000,0.000000000,0.000000000
21.758329852,0.000000000,0.000000000,0.000000000,0.000000000,0.000000000,9.800000000,1.000000000,0.000000000,0.000000000,0.000000000
21.762496518,0.000000000,0.000000000,0.000000000,0.000000000,0.000000000,9.800000000,1.000000000,0.000000000,0.000000000,0.000000000
21.766663184,0.000000000,0.000000000,0.000000000,0.000000000,0.000000000,9.800000000,1.000000000,0.000000000,0.000000000,0.000000000
21.770829850,0.000000000,0.000000000,0.000000000,0.000000000,0.000000000,9.800000000,1.000000000,0.000000000,0.000000000,0.000000000
21.779163182,0.000000000,0.000000000,0.000000000,0.000000000,0.000000000,9.800000000,1.000000000,0.000000000,0.000000000,0.000000000
21.783329848,0.000000000,0.000000000,0.000000000,0.000000000,0.000000000,9.800000000,1.000000000,0.000000000,0.000000000,0.000000000
21.787496514,0.000000000,0.000000000,0.000000000,0.000000000,0.000000000,9.800000000,1.000000000,0.000000000,0.000000000,0.000000000
21.791663180,0.000000000,0.000000000,0.000000000,0.000000000,0.000000000,9.800000000,1.000000000,0.000000000,0.000000000,0.000000000
21.795829846,0.000000000,0.000000000,0.000000000,0.000000000,0.000000000,9.800000000,1.000000000,0.000000000,0.000000000,0.000000000
21.804163178,0.000000000,0.000000000,0.000000000,0.000000000,0.000000000,9.800000000,1.000000000,0.000000000,0.000000000,0.000000000
21.808329844,0.000000000,0.000000000,0.000000000,0.000000000,0.000000000,9.800000000,1.000000000,0.000000000,0.000000000,0.000000000
21.812496510,0.000000000,0.000000000,0.000000000,0.000000000,0.000000000,9.800000000,1.000000000,0.000000000,0.000000000,0.000000000
21.816663176,0.000000000,0.000000000,0.000000000,0.000000000,0.000000000,9.800000000,1.000000000,0.000000000,0.000000000,0.000000000
21.820829842,0.000000000,0.000000000,0.000000000,0.000000000,0.000000000,9.800000000,1.000000000,0.000000000,0.000000000,0.000000000
21.829163174,0.000000000,0.000000000,0.000000000,0.000000000,0.000000000,9.800000000,1.000000000,0.000000000,0.000000000,0.000000000
21.833329840,0.000000000,0.000000000,0.000000000,0.000000000,0.000000000,9.800000000,1.000000000,0.000000000,0.000000000,0.000000000
21.837496506,0.000000000,0.000000000,0.000000000,0.000000000,0.000000000,9.800000000,1.000000000,0.000000000,0.000000000,0.000000000
21.841663172,0.000000000,0.000000000,0.000000000,0.000000000,0.000000000,9.800000000,1.000000000,0.000000000,0.000000000,0.000000000
21.845829838,0.000000000,0.000000000,0.000000000,0.000000000,0.000000000,9.800000000,1.000000000,0.000000000,0.000000000,0.000000000
21.854163170,0.000000000,0.000000000,0.000000000,0.000000000,0.000000000,9.800000000,1.000000000,0.000000000,0.000000000,0.000000000
21.858329836,0.000000000,0.000000000,0.000000000,0.000000000,0.000000000,9.800000000,1.000000000,0.000000000,0.000000000,0.000000000
21.862496502,0.000000000,0.000000000,0.000000000,0.000000000,0.000000000,9.800000000,1.000000000,0.000000000,0.000000000,0.000000000
21.866663168,0.000000000,0.000000000,0.000000000,0.000000000,0.000000000,9.800000000,1.000000000,0.000000000,0.000000000,0.000000000
21.870829834,0.000000000,0.000000000,0.000000000,0.000000000,0.000000000,9.800000000,1.000000000,0.000000000,0.000000000,0.000000000
21.879163166,0.000000000,0.000000000,0.000000000,0.000000000,0.000000000,9.800000000,1.000000000,0.000000000,0.000000000,0.000000000
21.883329832,0.000000000,0.000000000,0.000000000,0.000000000,0.000000000,9.800000000,1.000000000,0.000000000,0.000000000,0.000000000
21.887496498,0.000000000,0.000000000,0.000000000,0.000000000,0.000000000,9.800000000,1.000000000,0.000000000,0.000000000,0.000000000
21.891663164,0.000000000,0.000000000,0.000000000,0.000000000,0.000000000,9.800000000,1.000000000,0.000000000,0.000000000,0.000000000
21.895829830,0.000000000,0.000000000,0.000000000,0.000000000,0.000000000,9.800000000,1.000000000,0.000000000,0.000000000,0.000000000
21.904163162,0.000000000,0.000000000,0.000000000,0.000000000,0.000000000,9.800000000,1.000000000,0.000000000,0.000000000,0.000000000
21.908329828,0.000000000,0.000000000,0.000000000,0.000000000,0.000000000,9.800000000,1.000000000,0.000000000,0.000000000,0.000000000
21.912496494,0.000000000,0.000000000,0.000000000,0.000000000,0.000000000,9.800000000,1.000000000,0.000000000,0.000000000,0.000000000
21.916663160,0.000000000,0.000000000,0.000000000,0.000000000,0.000000000,9.800000000,1.000000000,0.000000000,0.000000000,0.000000000
21.920829826,0.000000000,0.000000000,0.000000000,0.000000000,0.000000000,9.800000000,1.000000000,0.000000000,0.000000000,0.000000000
21.929163158,0.000000000,0.000000000,0.000000000,0.000000000,0.000000000,9.800000000,1.000000000,0.000000000,0.000000000,0.000000000
21.933329824,0.000000000,0.000000000,0.000000000,0.000000000,0.000000000,9.800000000,1.000000000,0.000000000,0.000000000,0.000000000
21.937496490,0.000000000,0.000000000,0.000000000,0.000000000,0.000000000,9.800000000,1.000000000,0.000000000,0.000000000,0.000000000
21.941663156,0.000000000,0.000000000,0.000000000,0.000000000,0.000000000,9.800000000,1.000000000,0.000000000,0.000000000,0.000000000
21.945829822,0.000000000,0.000000000,0.000000000,0.000000000,0.000000000,9.800000000,1.000000000,0.000000000,0.000000000,0.000000000
21.954163154,0.000000000,0.000000000,0.000000000,0.000000000,0.000000000,9.800000000,1.000000000,0.000000000,0.000000000,0.000000000
21.958329820,0.000000000,0.000000000,0.000000000,0.000000000,0.000000000,9.800000000,1.000000000,0.000000000,0.000000000,0.000000000
21.962496486,0.000000000,0.000000000,0.000000000,0.000000000,0.000000000,9.800000000,1.000000000,0.000000000,0.000000000,0.000000000
21.966663152,0.000000000,0.000000000,0.000000000,0.000000000,0.000000000,9.800000000,1.000000000,0.000000000,0.000000000,0.000000000
21.970829818,0.000000000,0.000000000,0.000000000,0.000000000,0.000000000,9.800000000,1.000000000,0.000000000,0.000000000,0.000000000
21.979163150,0.000000000,0.000000000,0.000000000,0.000000000,0.000000000,9.800000000,1.000000000,0.000000000,0.000000000,0.000000000
21.983329816,0.000000000,0.000000000,0.000000000,0.000000000,0.000000000,9.800000000,1.000000000,0.000000000,0.000000000,0.000000000
21.987496482,0.000000000,0.000000000,0.000000000,0.000000000,0.000000000,9.800000000,1.000000000,0.000000000,0.000000000,0.000000000
21.991663148,0.000000000,0.000000000,0.000000000,0.000000000,0.000000000,9.800000000,1.000000000,0.000000000,0.000000000,0.000000000
21.995829814,0.000000000,0.000000000,0.000000000,0.000000000,0.000000000,9.800000000,1.000000000,0.000000000,0.000000000,0.000000000
22.004163146,0.000000000,0.000000000,0.000000000,0.000000000,0.000000000,9.800000000,1.000000000,0.000000000,0.000000000,0.000000000
22.008329812,0.000000000,0.000000000,0.000000000,0.000000000,0.000000000,9.800000000,1.000000000,0.000000000,0.000000000,0.000000000
22.012496478,0.000000000,0.000000000,0.000000000,0.000000000,0.000000000,9.800000000,1.000000000,0.000000000,0.000000000,0.000000000
22.016663144,0.000000000,0.000000000,0.000000000,0.000000000,0.000000000,9.800000000,1.000000000,0.000000000,0.000000000,0.000000000
22.020829810,0.000000000,0.000000000,0.000000000,0.000000000,0.000000000,9.800000000,1.000000000,0.000000000,0.000000000,0.000000000
22.029163142,0.000000000,0.000000000,0.000000000,0.000000000,0.000000000,9.800000000,1.000000000,0.000000000,0.000000000,0.000000000
22.033329808,0.000000000,0.000000000,0.000000000,0.000000000,0.000000000,9.800000000,1.000000000,0.000000000,0.000000000,0.000000000
22.037496474,0.000000000,0.000000000,0.000000000,0.000000000,0.000000000,9.800000000,1.000000000,0.000000000,0.000000000,0.000000000
22.041663140,0.000000000,0.000000000,0.000000000,0.000000000,0.000000000,9.800000000,1.000000000,0.000000000,0.000000000,0.000000000
22.045829806,0.000000000,0.000000000,0.000000000,0.000000000,0.000000000,9.800000000,1.000000000,0.000000000,0.000000000,0.000000000
22.054163138,0.000000000,0.000000000,0.000000000,0.000000000,0.000000000,9.800000000,1.000000000,0.000000000,0.000000000,0.000000000
22.058329804,0.000000000,0.000000000,0.000000000,0.000000000,0.000000000,9.800000000,1.000000000,0.000000000,0.000000000,0.000000000
22.062496470,0.000000000,0.000000000,0.000000000,0.000000000,0.000000000,9.800000000,1.000000000,0.000000000,0.000000000,0.000000000
22.066663136,0.000000000,0.000000000,0.000000000,0.000000000,0.000000000,9.800000000,1.000000000,0.000000000,0.000000000,0.000000000
22.070829802,0.000000000,0.000000000,0.000000000,0.000000000,0.000000000,9.800000000,1.000000000,0.000000000,0.000000000,0.000000000
22.079163134,0.000000000,0.000000000,0.000000000,0.000000000,0.000000000,9.800000000,1.000000000,0.000000000,0.000000000,0.000000000
22.083329800,0.000000000,0.000000000,0.000000000,0.000000000,0.000000000,9.800000000,1.000000000,0.000000000,0.000000000,0.000000000
22.087496466,0.000000000,0.000000000,0.000000000,0.000000000,0.000000000,9.800000000,1.000000000,0.000000000,0.000000000,0.000000000
22.091663132,0.000000000,0.000000000,0.000000000,0.000000000,0.000000000,9.800000000,1.000000000,0.000000000,0.000000000,0.000000000
22.095829798,0.000000000,0.000000000,0.000000000,0.000000000,0.000000000,9.800000000,1.000000000,0.000000000,0.000000000,0.000000000
22.104163130,0.000000000,0.000000000,0.000000000,0.000000000,0.000000000,9.800000000,1.000000000,0.000000000,0.000000000,0.000000000
22.108329796,0.000000000,0.000000000,0.000000000,0.000000000,0.000000000,9.800000000,1.000000000,0.000000000,0.000000000,0.000000000
22.112496462,0.000000000,0.000000000,0.000000000,0.000000000,0.000000000,9.800000000,1.000000000,0.000000000,0.000000000,0.000000000
22.116663128,0.000000000,0.000000000,0.000000000,0.000000000,0.000000000,9.800000000,1.000000000,0.000000000,0.000000000,0.000000000
22.120829794,0.000000000,0.000000000,0.000000000,0.000000000,0.000000000,9.800000000,1.000000000,0.000000000,0.000000000,0.000000000
22.129163126,0.000000000,0.000000000,0.000000000,0.000000000,0.000000000,9.800000000,1.000000000,0.000000000,0.000000000,0.000000000
22.133329792,0.000000000,0.000000000,0.000000000,0.000000000,0.000000000,9.800000000,1.000000000,0.000000000,0.000000000,0.000000000
22.137496458,0.000000000,0.000000000,0.000000000,0.000000000,0.000000000,9.800000000,1.000000000,0.000000000,0.000000000,0.000000000
22.141663124,0.000000000,0.000000000,0.000000000,0.000000000,0.000000000,9.800000000,1.000000000,0.000000000,0.000000000,0.000000000
22.145829790,0.000000000,0.000000000,0.000000000,0.000000000,0.000000000,9.800000000,1.000000000,0.000000000,0.000000000,0.000000000
22.154163122,0.000000000,0.000000000,0.000000000,0.000000000,0.000000000,9.800000000,1.000000000,0.000000000,0.000000000,0.000000000
22.158329788,0.000000000,0.000000000,0.000000000,0.000000000,0.000000000,9.800000000,1.000000000,0.000000000,0.000000000,0.000000000
22.162496454,0.000000000,0.000000000,0.000000000,0.000000000,0.000000000,9.800000000,1.000000000,0.000000000,0.000000000,0.000000000
22.166663120,0.000000000,0.000000000,0.000000000,0.000000000,0.000000000,9.800000000,1.000000000,0.000000000,0.000000000,0.000000000
22.170829786,0.000000000,0.000000000,0.000000000,0.000000000,0.000000000,9.800000000,1.000000000,0.000000000,0.000000000,0.000000000
22.179163118,0.000000000,0.000000000,0.000000000,0.000000000,0.000000000,9.800000000,1.000000000,0.000000000,0.000000000,0.000000000
22.183329784,0.000000000,0.000000000,0.000000000,0.000000000,0.000000000,9.800000000,1.000000000,0.000000000,0.000000000,0.000000000
22.187496450,0.000000000,0.000000000,0.000000000,0.000000000,0.000000000,9.800000000,1.000000000,0.000000000,0.000000000,0.000000000
22.191663116,0.000000000,0.000000000,0.000000000,0.000000000,0.000000000,9.800000000,1.000000000,0.000000000,0.000000000,0.000000000
22.195829782,0.000000000,0.000000000,0.000000000,0.000000000,0.000000000,9.800000000,1.000000000,0.000000000,0.000000000,0.000000000
22.204163114,0.000000000,0.000000000,0.000000000,0.000000000,0.000000000,9.800000000,1.000000000,0.000000000,0.000000000,0.000000000
22.208329780,0.000000000,0.000000000,0.000000000,0.000000000,0.000000000,9.800000000,1.000000000,0.000000000,0.000000000,0.000000000
22.212496446,0.000000000,0.000000000,0.000000000,0.000000000,0.000000000,9.800000000,1.000000000,0.000000000,0.000000000,0.000000000
22.216663112,0.000000000,0.000000000,0.000000000,0.000000000,0.000000000,9.800000000,1.000000000,0.000000000,0.000000000,0.000000000
22.220829778,0.000000000,0.000000000,0.000000000,0.000000000,0.000000000,9.800000000,1.000000000,0.000000000,0.000000000,0.000000000
22.229163110,0.000000000,0.000000000,0.000000000,0.000000000,0.000000000,9.800000000,1.000000000,0.000000000,0.000000000,0.000000000
22.233329776,0.000000000,0.000000000,0.000000000,0.000000000,0.000000000,9.800000000,1.000000000,0.000000000,0.000000000,0.000000000
22.237496442,0.000000000,0.000000000,0.000000000,0.000000000,0.000000000,9.800000000,1.000000000,0.000000000,0.000000000,0.000000000
22.241663108,0.000000000,0.000000000,0.000000000,0.000000000,0.000000000,9.800000000,1.000000000,0.000000000,0.000000000,0.000000000
22.245829774,0.000000000,0.000000000,0.000000000,0.000000000,0.000000000,9.800000000,1.000000000,0.000000000,0.000000000,0.000000000
22.254163106,0.000000000,0.000000000,0.000000000,0.000000000,0.000000000,9.800000000,1.000000000,0.000000000,0.000000000,0.000000000
22.258329772,0.000000000,0.000000000,0.000000000,0.000000000,0.000000000,9.800000000,1.000000000,0.000000000,0.000000000,0.000000000
22.262496438,0.000000000,0.000000000,0.000000000,0.000000000,0.000000000,9.800000000,1.000000000,0.000000000,0.000000000,0.000000000
22.266663104,0.000000000,0.000000000,0.000000000,0.000000000,0.000000000,9.800000000,1.000000000,0.000000000,0.000000000,0.000000000
22.270829770,0.000000000,0.000000000,0.000000000,0.000000000,0.000000000,9.800000000,1.000000000,0.000000000,0.000000000,0.000000000
22.279163102,0.000000000,0.000000000,0.000000000,0.000000000,0.000000000,9.800000000,1.000000000,0.000000000,0.000000000,0.000000000
22.283329768,0.000000000,0.000000000,0.000000000,0.000000000,0.000000000,9.800000000,1.000000000,0.000000000,0.000000000,0.000000000
22.287496434,0.000000000,0.000000000,0.000000000,0.000000000,0.000000000,9.800000000,1.000000000,0.000000000,0.000000000,0.000000000
22.291663100,0.000000000,0.000000000,0.000000000,0.000000000,0.000000000,9.800000000,1.000000000,0.000000000,0.000000000,0.000000000
22.295829766,0.000000000,0.000000000,0.000000000,0.000000000,0.000000000,9.800000000,1.000000000,0.000000000,0.000000000,0.000000000
22.304163098,0.000000000,0.000000000,0.000000000,0.000000000,0.000000000,9.800000000,1.000000000,0.000000000,0.000000000,0.000000000
22.308329764,0.000000000,0.000000000,0.000000000,0.000000000,0.000000000,9.800000000,1.000000000,0.000000000,0.000000000,0.000000000
22.312496430,0.000000000,0.000000000,0.000000000,0.000000000,0.000000000,9.800000000,1.000000000,0.000000000,0.000000000,0.000000000
22.316663096,0.000000000,0.000000000,0.000000000,0.000000000,0.000000000,9.800000000,1.000000000,0.000000000,0.000000000,0.000000000
22.320829762,0.000000000,0.000000000,0.000000000,0.000000000,0.000000000,9.800000000,1.000000000,0.000000000,0.000000000,0.000000000
22.329163094,0.000000000,0.000000000,0.000000000,0.000000000,0.000000000,9.800000000,1.000000000,0.000000000,0.000000000,0.000000000
22.333329760,0.000000000,0.000000000,0.000000000,0.000000000,0.000000000,9.800000000,1.000000000,0.000000000,0.000000000,0.000000000
22.337496426,0.000000000,0.000000000,0.000000000,0.000000000,0.000000000,9.800000000,1.000000000,0.000000000,0.000000000,0.000000000
22.341663092,0.000000000,0.000000000,0.000000000,0.000000000,0.000000000,9.800000000,1.000000000,0.000000000,0.000000000,0.000000000
22.345829758,0.000000000,0.000000000,0.000000000,0.000000000,0.000000000,9.800000000,1.000000000,0.000000000,0.000000000,0.000000000
22.354163090,0.000000000,0.000000000,0.000000000,0.000000000,0.000000000,9.800000000,1.000000000,0.000000000,0.000000000,0.000000000
22.358329756,0.000000000,0.000000000,0.000000000,0.000000000,0.000000000,9.800000000,1.000000000,0.000000000,0.000000000,0.000000000
22.362496422,0.000000000,0.000000000,0.000000000,0.000000000,0.000000000,9.800000000,1.000000000,0.000000000,0.000000000,0.000000000
22.366663088,0.000000000,0.000000000,0.000000000,0.000000000,0.000000000,9.800000000,1.000000000,0.000000000,0.000000000,0.000000000
22.370829754,0.000000000,0.000000000,0.000000000,0.000000000,0.000000000,9.800000000,1.000000000,0.000000000,0.000000000,0.000000000
22.379163086,0.000000000,0.000000000,0.000000000,0.000000000,0.000000000,9.800000000,1.000000000,0.000000000,0.000000000,0.000000000
22.383329752,0.000000000,0.000000000,0.000000000,0.000000000,0.000000000,9.800000000,1.000000000,0.000000000,0.000000000,0.000000000
22.387496418,0.000000000,0.000000000,0.000000000,0.000000000,0.000000000,9.800000000,1.000000000,0.000000000,0.000000000,0.000000000
22.391663084,0.000000000,0.000000000,0.000000000,0.000000000,0.000000000,9.800000000,1.000000000,0.000000000,0.000000000,0.000000000
22.395829750,0.000000000,0.000000000,0.000000000,0.000000000,0.000000000,9.800000000,1.000000000,0.000000000,0.000000000,0.000000000
22.404163082,0.000000000,0.000000000,0.000000000,0.000000000,0.000000000,9.800000000,1.000000000,0.000000000,0.000000000,0.000000000
22.408329748,0.000000000,0.000000000,0.000000000,0.000000000,0.000000000,9.800000000,1.000000000,0.000000000,0.000000000,0.000000000
22.412496414,0.000000000,0.000000000,0.000000000,0.000000000,0.000000000,9.800000000,1.000000000,0.000000000,0.000000000,0.000000000
22.416663080,0.000000000,0.000000000,0.000000000,0.000000000,0.000000000,9.800000000,1.000000000,0.000000000,0.000000000,0.000000000
22.420829746,0.000000000,0.000000000,0.000000000,0.000000000,0.000000000,9.800000000,1.000000000,0.000000000,0.000000000,0.000000000
22.429163078,0.000000000,0.000000000,0.000000000,0.000000000,0.000000000,9.800000000,1.000000000,0.000000000,0.000000000,0.000000000
22.433329744,0.000000000,0.000000000,0.000000000,0.000000000,0.000000000,9.800000000,1.000000000,0.000000000,0.000000000,0.000000000
22.437496410,0.000000000,0.000000000,0.000000000,0.000000000,0.000000000,9.800000000,1.000000000,0.000000000,0.000000000,0.000000000
22.441663076,0.000000000,0.000000000,0.000000000,0.000000000,0.000000000,9.800000000,1.000000000,0.000000000,0.000000000,0.000000000
22.445829742,0.000000000,0.000000000,0.000000000,0.000000000,0.000000000,9.800000000,1.000000000,0.000000000,0.000000000,0.000000000
22.454163074,0.000000000,0.000000000,0.000000000,0.000000000,0.000000000,9.800000000,1.000000000,0.000000000,0.000000000,0.000000000
22.458329740,0.000000000,0.000000000,0.000000000,0.000000000,0.000000000,9.800000000,1.000000000,0.000000000,0.000000000,0.000000000
22.462496406,0.000000000,0.000000000,0.000000000,0.000000000,0.000000000,9.800000000,1.000000000,0.000000000,0.000000000,0.000000000
22.466663072,0.000000000,0.000000000,0.000000000,0.000000000,0.000000000,9.800000000,1.000000000,0.000000000,0.000000000,0.000000000
22.470829738,0.000000000,0.000000000,0.000000000,0.000000000,0.000000000,9.800000000,1.000000000,0.000000000,0.000000000,0.000000000
22.479163070,0.000000000,0.000000000,0.000000000,0.000000000,0.000000000,9.800000000,1.000000000,0.000000000,0.000000000,0.000000000
22.483329736,0.000000000,0.000000000,0.000000000,0.000000000,0.000000000,9.800000000,1.000000000,0.000000000,0.000000000,0.000000000
22.487496402,0.000000000,0.000000000,0.000000000,0.000000000,0.000000000,9.800000000,1.000000000,0.000000000,0.000000000,0.000000000
22.491663068,0.000000000,0.000000000,0.000000000,0.000000000,0.000000000,9.800000000,1.000000000,0.000000000,0.000000000,0.000000000
22.495829734,0.000000000,0.000000000,0.000000000,0.000000000,0.000000000,9.800000000,1.000000000,0.000000000,0.000000000,0.000000000
22.504163066,0.000000000,0.000000000,0.000000000,0.000000000,0.000000000,9.800000000,1.000000000,0.000000000,0.000000000,0.000000000
22.508329732,0.000000000,0.000000000,0.000000000,0.000000000,0.000000000,9.800000000,1.000000000,0.000000000,0.000000000,0.000000000
22.512496398,0.000000000,0.000000000,0.000000000,0.000000000,0.000000000,9.800000000,1.000000000,0.000000000,0.000000000,0.000000000
22.516663064,0.000000000,0.000000000,0.000000000,0.000000000,0.000000000,9.800000000,1.000000000,0.000000000,0.000000000,0.000000000
22.520829730,0.000000000,0.000000000,0.000000000,0.000000000,0.000000000,9.800000000,1.000000000,0.000000000,0.000000000,0.000000000
22.529163062,0.000000000,0.000000000,0.000000000,0.000000000,0.000000000,9.800000000,1.000000000,0.000000000,0.000000000,0.000000000
22.533329728,0.000000000,0.000000000,0.000000000,0.000000000,0.000000000,9.800000000,1.000000000,0.000000000,0.000000000,0.000000000
22.537496394,0.000000000,0.000000000,0.000000000,0.000000000,0.000000000,9.800000000,1.000000000,0.000000000,0.000000000,0.000000000
22.541663060,0.000000000,0.000000000,0.000000000,0.000000000,0.000000000,9.800000000,1.000000000,0.000000000,0.000000000,0.000000000
22.545829726,0.000000000,0.000000000,0.000000000,0.000000000,0.000000000,9.800000000,1.000000000,0.000000000,0.000000000,0.000000000
22.554163058,0.000000000,0.000000000,0.000000000,0.000000000,0.000000000,9.800000000,1.000000000,0.000000000,0.000000000,0.000000000
22.558329724,0.000000000,0.000000000,0.000000000,0.000000000,0.000000000,9.800000000,1.000000000,0.000000000,0.000000000,0.000000000
22.562496390,0.000000000,0.000000000,0.000000000,0.000000000,0.000000000,9.800000000,1.000000000,0.000000000,0.000000000,0.000000000
22.566663056,0.000000000,0.000000000,0.000000000,0.000000000,0.000000000,9.800000000,1.000000000,0.000000000,0.000000000,0.000000000
22.570829722,0.000000000,0.000000000,0.000000000,0.000000000,0.000000000,9.800000000,1.000000000,0.000000000,0.000000000,0.000000000
22.579163054,0.000000000,0.000000000,0.000000000,0.000000000,0.000000000,9.800000000,1.000000000,0.000000000,0.000000000,0.000000000
22.583329720,0.000000000,0.000000000,0.000000000,0.000000000,0.000000000,9.800000000,1.000000000,0.000000000,0.000000000,0.000000000
22.587496386,0.000000000,0.000000000,0.000000000,0.000000000,0.000000000,9.800000000,1.000000000,0.000000000,0.000000000,0.000000000
22.591663052,0.000000000,0.000000000,0.000000000,0.000000000,0.000000000,9.800000000,1.000000000,0.000000000,0.000000000,0.000000000
22.595829718,0.000000000,0.000000000,0.000000000,0.000000000,0.000000000,9.800000000,1.000000000,0.000000000,0.000000000,0.000000000
22.604163050,0.000000000,0.000000000,0.000000000,0.000000000,0.000000000,9.800000000,1.000000000,0.000000000,0.000000000,0.000000000
22.608329716,0.000000000,0.000000000,0.000000000,0.000000000,0.000000000,9.800000000,1.000000000,0.000000000,0.000000000,0.000000000
22.612496382,0.000000000,0.000000000,0.000000000,0.000000000,0.000000000,9.800000000,1.000000000,0.000000000,0.000000000,0.000000000
22.616663048,0.000000000,0.000000000,0.000000000,0.000000000,0.000000000,9.800000000,1.000000000,0.000000000,0.000000000,0.000000000
22.620829714,0.000000000,0.000000000,0.000000000,0.000000000,0.000000000,9.800000000,1.000000000,0.000000000,0.000000000,0.000000000
22.629163046,0.000000000,0.000000000,0.000000000,0.000000000,0.000000000,9.800000000,1.000000000,0.000000000,0.000000000,0.000000000
22.633329712,0.000000000,0.000000000,0.000000000,0.000000000,0.000000000,9.800000000,1.000000000,0.000000000,0.000000000,0.000000000
22.637496378,0.000000000,0.000000000,0.000000000,0.000000000,0.000000000,9.800000000,1.000000000,0.000000000,0.000000000,0.000000000
22.641663044,0.000000000,0.000000000,0.000000000,0.000000000,0.000000000,9.800000000,1.000000000,0.000000000,0.000000000,0.000000000
22.645829710,0.000000000,0.000000000,0.000000000,0.000000000,0.000000000,9.800000000,1.000000000,0.000000000,0.000000000,0.000000000
22.654163042,0.000000000,0.000000000,0.000000000,0.000000000,0.000000000,9.800000000,1.000000000,0.000000000,0.000000000,0.000000000
22.658329708,0.000000000,0.000000000,0.000000000,0.000000000,0.000000000,9.800000000,1.000000000,0.000000000,0.000000000,0.000000000
22.662496374,0.000000000,0.000000000,0.000000000,0.000000000,0.000000000,9.800000000,1.000000000,0.000000000,0.000000000,0.000000000
22.666663040,0.000000000,0.000000000,0.000000000,0.000000000,0.000000000,9.800000000,1.000000000,0.000000000,0.000000000,0.000000000
22.670829706,0.000000000,0.000000000,0.000000000,0.000000000,0.000000000,9.800000000,1.000000000,0.000000000,0.000000000,0.000000000
22.679163038,0.000000000,0.000000000,0.000000000,0.000000000,0.000000000,9.800000000,1.000000000,0.000000000,0.000000000,0.000000000
22.683329704,0.000000000,0.000000000,0.000000000,0.000000000,0.000000000,9.800000000,1.000000000,0.000000000,0.000000000,0.000000000
22.687496370,0.000000000,0.000000000,0.000000000,0.000000000,0.000000000,9.800000000,1.000000000,0.000000000,0.000000000,0.000000000
22.691663036,0.000000000,0.000000000,0.000000000,0.000000000,0.000000000,9.800000000,1.000000000,0.000000000,0.000000000,0.000000000
22.695829702,0.000000000,0.000000000,0.000000000,0.000000000,0.000000000,9.800000000,1.000000000,0.000000000,0.000000000,0.000000000
22.704163034,0.000000000,0.000000000,0.000000000,0.000000000,0.000000000,9.800000000,1.000000000,0.000000000,0.000000000,0.000000000
22.708329700,0.000000000,0.000000000,0.000000000,0.000000000,0.000000000,9.800000000,1.000000000,0.000000000,0.000000000,0.000000000
22.712496366,0.000000000,0.000000000,0.000000000,0.000000000,0.000000000,9.800000000,1.000000000,0.000000000,0.000000000,0.000000000
22.716663032,0.000000000,0.000000000,0.000000000,0.000000000,0.000000000,9.800000000,1.000000000,0.000000000,0.000000000,0.000000000
22.720829698,0.000000000,0.000000000,0.000000000,0.000000000,0.000000000,9.800000000,1.000000000,0.000000000,0.000000000,0.000000000
22.729163030,0.000000000,0.000000000,0.000000000,0.000000000,0.000000000,9.800000000,1.000000000,0.000000000,0.000000000,0.000000000
22.733329696,0.000000000,0.000000000,0.000000000,0.000000000,0.000000000,9.800000000,1.000000000,0.000000000,0.000000000,0.000000000
22.737496362,0.000000000,0.000000000,0.000000000,0.000000000,0.000000000,9.800000000,1.000000000,0.000000000,0.000000000,0.000000000
22.741663028,0.000000000,0.000000000,0.000000000,0.000000000,0.000000000,9.800000000,1.000000000,0.000000000,0.000000000,0.000000000
22.745829694,0.000000000,0.000000000,0.000000000,0.000000000,0.000000000,9.800000000,1.000000000,0.000000000,0.000000000,0.000000000
22.754163026,0.000000000,0.000000000,0.000000000,0.000000000,0.000000000,9.800000000,1.000000000,0.000000000,0.000000000,0.000000000
22.758329692,0.000000000,0.000000000,0.000000000,0.000000000,0.000000000,9.800000000,1.000000000,0.000000000,0.000000000,0.000000000
22.762496358,0.000000000,0.000000000,0.000000000,0.000000000,0.000000000,9.800000000,1.000000000,0.000000000,0.000000000,0.000000000
22.766663024,0.000000000,0.000000000,0.000000000,0.000000000,0.000000000,9.800000000,1.000000000,0.000000000,0.000000000,0.000000000
22.770829690,0.000000000,0.000000000,0.000000000,0.000000000,0.000000000,9.800000000,1.000000000,0.000000000,0.000000000,0.000000000
22.779163022,0.000000000,0.000000000,0.000000000,0.000000000,0.000000000,9.800000000,1.000000000,0.000000000,0.000000000,0.000000000
22.783329688,0.000000000,0.000000000,0.000000000,0.000000000,0.000000000,9.800000000,1.000000000,0.000000000,0.000000000,0.000000000
22.787496354,0.000000000,0.000000000,0.000000000,0.000000000,0.000000000,9.800000000,1.000000000,0.000000000,0.000000000,0.000000000
22.791663020,0.000000000,0.000000000,0.000000000,0.000000000,0.000000000,9.800000000,1.000000000,0.000000000,0.000000000,0.000000000
22.795829686,0.000000000,0.000000000,0.000000000,0.000000000,0.000000000,9.800000000,1.000000000,0.000000000,0.000000000,0.000000000
22.804163018,0.000000000,0.000000000,0.000000000,0.000000000,0.000000000,9.800000000,1.000000000,0.000000000,0.000000000,0.000000000
22.808329684,0.000000000,0.000000000,0.000000000,0.000000000,0.000000000,9.800000000,1.000000000,0.000000000,0.000000000,0.000000000
22.812496350,0.000000000,0.000000000,0.000000000,0.000000000,0.000000000,9.800000000,1.000000000,0.000000000,0.000000000,0.000000000
22.816663016,0.000000000,0.000000000,0.000000000,0.000000000,0.000000000,9.800000000,1.000000000,0.000000000,0.000000000,0.000000000
22.820829682,0.000000000,0.000000000,0.000000000,0.000000000,0.000000000,9.800000000,1.000000000,0.000000000,0.000000000,0.000000000
22.829163014,0.000000000,0.000000000,0.000000000,0.000000000,0.000000000,9.800000000,1.000000000,0.000000000,0.000000000,0.000000000
22.833329680,0.000000000,0.000000000,0.000000000,0.000000000,0.000000000,9.800000000,1.000000000,0.000000000,0.000000000,0.000000000
22.837496346,0.000000000,0.000000000,0.000000000,0.000000000,0.000000000,9.800000000,1.000000000,0.000000000,0.000000000,0.000000000
22.841663012,0.000000000,0.000000000,0.000000000,0.000000000,0.000000000,9.800000000,1.000000000,0.000000000,0.000000000,0.000000000
22.845829678,0.000000000,0.000000000,0.000000000,0.000000000,0.000000000,9.800000000,1.000000000,0.000000000,0.000000000,0.000000000
22.854163010,0.000000000,0.000000000,0.000000000,0.000000000,0.000000000,9.800000000,1.000000000,0.000000000,0.000000000,0.000000000
22.858329676,0.000000000,0.000000000,0.000000000,0.000000000,0.000000000,9.800000000,1.000000000,0.000000000,0.000000000,0.000000000
22.862496342,0.000000000,0.000000000,0.000000000,0.000000000,0.000000000,9.800000000,1.000000000,0.000000000,0.000000000,0.000000000
22.866663008,0.000000000,0.000000000,0.000000000,0.000000000,0.000000000,9.800000000,1.000000000,0.000000000,0.000000000,0.000000000
22.870829674,0.000000000,0.000000000,0.000000000,0.000000000,0.000000000,9.800000000,1.000000000,0.000000000,0.000000000,0.000000000
22.879163006,0.000000000,0.000000000,0.000000000,0.000000000,0.000000000,9.800000000,1.000000000,0.000000000,0.000000000,0.000000000
22.883329672,0.000000000,0.000000000,0.000000000,0.000000000,0.000000000,9.800000000,1.000000000,0.000000000,0.000000000,0.000000000
22.887496338,0.000000000,0.000000000,0.000000000,0.000000000,0.000000000,9.800000000,1.000000000,0.000000000,0.000000000,0.000000000
22.891663004,0.000000000,0.000000000,0.000000000,0.000000000,0.000000000,9.800000000,1.000000000,0.000000000,0.000000000,0.000000000
22.895829670,0.000000000,0.000000000,0.000000000,0.000000000,0.000000000,9.800000000,1.000000000,0.000000000,0.000000000,0.000000000
22.904163002,0.000000000,0.000000000,0.000000000,0.000000000,0.000000000,9.800000000,1.000000000,0.000000000,0.000000000,0.000000000
22.908329668,0.000000000,0.000000000,0.000000000,0.000000000,0.000000000,9.800000000,1.000000000,0.000000000,0.000000000,0.000000000
22.912496334,0.000000000,0.000000000,0.000000000,0.000000000,0.000000000,9.800000000,1.000000000,0.000000000,0.000000000,0.000000000
22.916663000,0.000000000,0.000000000,0.000000000,0.000000000,0.000000000,9.800000000,1.000000000,0.000000000,0.000000000,0.000000000
22.920829666,0.000000000,0.000000000,0.000000000,0.000000000,0.000000000,9.800000000,1.000000000,0.000000000,0.000000000,0.000000000
22.929162998,0.000000000,0.000000000,0.000000000,0.000000000,0.000000000,9.800000000,1.000000000,0.000000000,0.000000000,0.000000000
22.933329664,0.000000000,0.000000000,0.000000000,0.000000000,0.000000000,9.800000000,1.000000000,0.000000000,0.000000000,0.000000000
22.937496330,0.000000000,0.000000000,0.000000000,0.000000000,0.000000000,9.800000000,1.000000000,0.000000000,0.000000000,0.000000000
22.941662996,0.000000000,0.000000000,0.000000000,0.000000000,0.000000000,9.800000000,1.000000000,0.000000000,0.000000000,0.000000000
22.945829662,0.000000000,0.000000000,0.000000000,0.000000000,0.000000000,9.800000000,1.000000000,0.000000000,0.000000000,0.000000000
22.954162994,0.000000000,0.000000000,0.000000000,0.000000000,0.000000000,9.800000000,1.000000000,0.000000000,0.000000000,0.000000000
22.958329660,0.000000000,0.000000000,0.000000000,0.000000000,0.000000000,9.800000000,1.000000000,0.000000000,0.000000000,0.000000000
22.962496326,0.000000000,0.000000000,0.000000000,0.000000000,0.000000000,9.800000000,1.000000000,0.000000000,0.000000000,0.000000000
22.966662992,0.000000000,0.000000000,0.000000000,0.000000000,0.000000000,9.800000000,1.000000000,0.000000000,0.000000000,0.000000000
22.970829658,0.000000000,0.000000000,0.000000000,0.000000000,0.000000000,9.800000000,1.000000000,0.000000000,0.000000000,0.000000000
22.979162990,0.000000000,0.000000000,0.000000000,0.000000000,0.000000000,9.800000000,1.000000000,0.000000000,0.000000000,0.000000000
22.983329656,0.000000000,0.000000000,0.000000000,0.000000000,0.000000000,9.800000000,1.000000000,0.000000000,0.000000000,0.000000000
22.987496322,0.000000000,0.000000000,0.000000000,0.000000000,0.000000000,9.800000000,1.000000000,0.000000000,0.000000000,0.000000000
22.991662988,0.000000000,0.000000000,0.000000000,0.000000000,0.000000000,9.800000000,1.000000000,0.000000000,0.000000000,0.000000000
22.995829654,0.000000000,0.000000000,0.000000000,0.000000000,0.000000000,9.800000000,1.000000000,0.000000000,0.000000000,0.000000000
23.004162986,0.000000000,0.000000000,0.000000000,0.000000000,0.000000000,9.800000000,1.000000000,0.000000000,0.000000000,0.000000000
23.008329652,0.000000000,0.000000000,0.000000000,0.000000000,0.000000000,9.800000000,1.000000000,0.000000000,0.000000000,0.000000000
23.012496318,0.000000000,0.000000000,0.000000000,0.000000000,0.000000000,9.800000000,1.000000000,0.000000000,0.000000000,0.000000000
23.016662984,0.000000000,0.000000000,0.000000000,0.000000000,0.000000000,9.800000000,1.000000000,0.000000000,0.000000000,0.000000000
23.020829650,0.000000000,0.000000000,0.000000000,0.000000000,0.000000000,9.800000000,1.000000000,0.000000000,0.000000000,0.000000000
23.029162982,0.000000000,0.000000000,0.000000000,0.000000000,0.000000000,9.800000000,1.000000000,0.000000000,0.000000000,0.000000000
23.033329648,0.000000000,0.000000000,0.000000000,0.000000000,0.000000000,9.800000000,1.000000000,0.000000000,0.000000000,0.000000000
23.037496314,0.000000000,0.000000000,0.000000000,0.000000000,0.000000000,9.800000000,1.000000000,0.000000000,0.000000000,0.000000000
23.041662980,0.000000000,0.000000000,0.000000000,0.000000000,0.000000000,9.800000000,1.000000000,0.000000000,0.000000000,0.000000000
23.045829646,0.000000000,0.000000000,0.000000000,0.000000000,0.000000000,9.800000000,1.000000000,0.000000000,0.000000000,0.000000000
23.054162978,0.000000000,0.000000000,0.000000000,0.000000000,0.000000000,9.800000000,1.000000000,0.000000000,0.000000000,0.000000000
23.058329644,0.000000000,0.000000000,0.000000000,0.000000000,0.000000000,9.800000000,1.000000000,0.000000000,0.000000000,0.000000000
23.062496310,0.000000000,0.000000000,0.000000000,0.000000000,0.000000000,9.800000000,1.000000000,0.000000000,0.000000000,0.000000000
23.066662976,0.000000000,0.000000000,0.000000000,0.000000000,0.000000000,9.800000000,1.000000000,0.000000000,0.000000000,0.000000000
23.070829642,0.000000000,0.000000000,0.000000000,0.000000000,0.000000000,9.800000000,1.000000000,0.000000000,0.000000000,0.000000000
23.079162974,0.000000000,0.000000000,0.000000000,0.000000000,0.000000000,9.800000000,1.000000000,0.000000000,0.000000000,0.000000000
23.083329640,0.000000000,0.000000000,0.000000000,0.000000000,0.000000000,9.800000000,1.000000000,0.000000000,0.000000000,0.000000000
23.087496306,0.000000000,0.000000000,0.000000000,0.000000000,0.000000000,9.800000000,1.000000000,0.000000000,0.000000000,0.000000000
23.091662972,0.000000000,0.000000000,0.000000000,0.000000000,0.000000000,9.800000000,1.000000000,0.000000000,0.000000000,0.000000000
23.095829638,0.000000000,0.000000000,0.000000000,0.000000000,0.000000000,9.800000000,1.000000000,0.000000000,0.000000000,0.000000000
23.104162970,0.000000000,0.000000000,0.000000000,0.000000000,0.000000000,9.800000000,1.000000000,0.000000000,0.000000000,0.000000000
23.108329636,0.000000000,0.000000000,0.000000000,0.000000000,0.000000000,9.800000000,1.000000000,0.000000000,0.000000000,0.000000000
23.112496302,0.000000000,0.000000000,0.000000000,0.000000000,0.000000000,9.800000000,1.000000000,0.000000000,0.000000000,0.000000000
23.116662968,0.000000000,0.000000000,0.000000000,0.000000000,0.000000000,9.800000000,1.000000000,0.000000000,0.000000000,0.000000000
23.120829634,0.000000000,0.000000000,0.000000000,0.000000000,0.000000000,9.800000000,1.000000000,0.000000000,0.000000000,0.000000000
23.129162966,0.000000000,0.000000000,0.000000000,0.000000000,0.000000000,9.800000000,1.000000000,0.000000000,0.000000000,0.000000000
23.133329632,0.000000000,0.000000000,0.000000000,0.000000000,0.000000000,9.800000000,1.000000000,0.000000000,0.000000000,0.000000000
23.137496298,0.000000000,0.000000000,0.000000000,0.000000000,0.000000000,9.800000000,1.000000000,0.000000000,0.000000000,0.000000000
23.141662964,0.000000000,0.000000000,0.000000000,0.000000000,0.000000000,9.800000000,1.000000000,0.000000000,0.000000000,0.000000000
23.145829630,0.000000000,0.000000000,0.000000000,0.000000000,0.000000000,9.800000000,1.000000000,0.000000000,0.000000000,0.000000000
23.154162962,0.000000000,0.000000000,0.000000000,0.000000000,0.000000000,9.800000000,1.000000000,0.000000000,0.000000000,0.000000000
23.158329628,0.000000000,0.000000000,0.000000000,0.000000000,0.000000000,9.800000000,1.000000000,0.000000000,0.000000000,0.000000000
23.162496294,0.000000000,0.000000000,0.000000000,0.000000000,0.000000000,9.800000000,1.000000000,0.000000000,0.000000000,0.000000000
23.166662960,0.000000000,0.000000000,0.000000000,0.000000000,0.000000000,9.800000000,1.000000000,0.000000000,0.000000000,0.000000000
23.170829626,0.000000000,0.000000000,0.000000000,0.000000000,0.000000000,9.800000000,1.000000000,0.000000000,0.000000000,0.000000000
23.179162958,0.000000000,0.000000000,0.000000000,0.000000000,0.000000000,9.800000000,1.000000000,0.000000000,0.000000000,0.000000000
23.183329624,0.000000000,0.000000000,0.000000000,0.000000000,0.000000000,9.800000000,1.000000000,0.000000000,0.000000000,0.000000000
23.187496290,0.000000000,0.000000000,0.000000000,0.000000000,0.000000000,9.800000000,1.000000000,0.000000000,0.000000000,0.000000000
23.191662956,0.000000000,0.000000000,0.000000000,0.000000000,0.000000000,9.800000000,1.000000000,0.000000000,0.000000000,0.000000000
23.195829622,0.000000000,0.000000000,0.000000000,0.000000000,0.000000000,9.800000000,1.000000000,0.000000000,0.000000000,0.000000000
23.204162954,0.000000000,0.000000000,0.000000000,0.000000000,0.000000000,9.800000000,1.000000000,0.000000000,0.000000000,0.000000000
23.208329620,0.000000000,0.000000000,0.000000000,0.000000000,0.000000000,9.800000000,1.000000000,0.000000000,0.000000000,0.000000000
23.212496286,0.000000000,0.000000000,0.000000000,0.000000000,0.000000000,9.800000000,1.000000000,0.000000000,0.000000000,0.000000000
23.216662952,0.000000000,0.000000000,0.000000000,0.000000000,0.000000000,9.800000000,1.000000000,0.000000000,0.000000000,0.000000000
23.220829618,0.000000000,0.000000000,0.000000000,0.000000000,0.000000000,9.800000000,1.000000000,0.000000000,0.000000000,0.000000000
23.229162950,0.000000000,0.000000000,0.000000000,0.000000000,0.000000000,9.800000000,1.000000000,0.000000000,0.000000000,0.000000000
23.233329616,0.000000000,0.000000000,0.000000000,0.000000000,0.000000000,9.800000000,1.000000000,0.000000000,0.000000000,0.000000000
23.237496282,0.000000000,0.000000000,0.000000000,0.000000000,0.000000000,9.800000000,1.000000000,0.000000000,0.000000000,0.000000000
23.241662948,0.000000000,0.000000000,0.000000000,0.000000000,0.000000000,9.800000000,1.000000000,0.000000000,0.000000000,0.000000000
23.245829614,0.000000000,0.000000000,0.000000000,0.000000000,0.000000000,9.800000000,1.000000000,0.000000000,0.000000000,0.000000000
23.254162946,0.000000000,0.000000000,0.000000000,0.000000000,0.000000000,9.800000000,1.000000000,0.000000000,0.000000000,0.000000000
23.258329612,0.000000000,0.000000000,0.000000000,0.000000000,0.000000000,9.800000000,1.000000000,0.000000000,0.000000000,0.000000000
23.262496278,0.000000000,0.000000000,0.000000000,0.000000000,0.000000000,9.800000000,1.000000000,0.000000000,0.000000000,0.000000000
23.266662944,0.000000000,0.000000000,0.000000000,0.000000000,0.000000000,9.800000000,1.000000000,0.000000000,0.000000000,0.000000000
23.270829610,0.000000000,0.000000000,0.000000000,0.000000000,0.000000000,9.800000000,1.000000000,0.000000000,0.000000000,0.000000000
23.279162942,0.000000000,0.000000000,0.000000000,0.000000000,0.000000000,9.800000000,1.000000000,0.000000000,0.000000000,0.000000000
23.283329608,0.000000000,0.000000000,0.000000000,0.000000000,0.000000000,9.800000000,1.000000000,0.000000000,0.000000000,0.000000000
23.287496274,0.000000000,0.000000000,0.000000000,0.000000000,0.000000000,9.800000000,1.000000000,0.000000000,0.000000000,0.000000000
23.291662940,0.000000000,0.000000000,0.000000000,0.000000000,0.000000000,9.800000000,1.000000000,0.000000000,0.000000000,0.000000000
23.295829606,0.000000000,0.000000000,0.000000000,0.000000000,0.000000000,9.800000000,1.000000000,0.000000000,0.000000000,0.000000000
23.304162938,0.000000000,0.000000000,0.000000000,0.000000000,0.000000000,9.800000000,1.000000000,0.000000000,0.000000000,0.000000000
23.308329604,0.000000000,0.000000000,0.000000000,0.000000000,0.000000000,9.800000000,1.000000000,0.000000000,0.000000000,0.000000000
23.312496270,0.000000000,0.000000000,0.000000000,0.000000000,0.000000000,9.800000000,1.000000000,0.000000000,0.000000000,0.000000000
23.316662936,0.000000000,0.000000000,0.000000000,0.000000000,0.000000000,9.800000000,1.000000000,0.000000000,0.000000000,0.000000000
23.320829602,0.000000000,0.000000000,0.000000000,0.000000000,0.000000000,9.800000000,1.000000000,0.000000000,0.000000000,0.000000000
23.329162934,0.000000000,0.000000000,0.000000000,0.000000000,0.000000000,9.800000000,1.000000000,0.000000000,0.000000000,0.000000000
23.333329600,0.000000000,0.000000000,0.000000000,0.000000000,0.000000000,9.800000000,1.000000000,0.000000000,0.000000000,0.000000000
23.337496266,0.000000000,0.000000000,0.000000000,0.000000000,0.000000000,9.800000000,1.000000000,0.000000000,0.000000000,0.000000000
23.341662932,0.000000000,0.000000000,0.000000000,0.000000000,0.000000000,9.800000000,1.000000000,0.000000000,0.000000000,0.000000000
23.345829598,0.000000000,0.000000000,0.000000000,0.000000000,0.000000000,9.800000000,1.000000000,0.000000000,0.000000000,0.000000000
23.354162930,0.000000000,0.000000000,0.000000000,0.000000000,0.000000000,9.800000000,1.000000000,0.000000000,0.000000000,0.000000000
23.358329596,0.000000000,0.000000000,0.000000000,0.000000000,0.000000000,9.800000000,1.000000000,0.000000000,0.000000000,0.000000000
23.362496262,0.000000000,0.000000000,0.000000000,0.000000000,0.000000000,9.800000000,1.000000000,0.000000000,0.000000000,0.000000000
23.366662928,0.000000000,0.000000000,0.000000000,0.000000000,0.000000000,9.800000000,1.000000000,0.000000000,0.000000000,0.000000000
23.370829594,0.000000000,0.000000000,0.000000000,0.000000000,0.000000000,9.800000000,1.000000000,0.000000000,0.000000000,0.000000000
23.379162926,0.000000000,0.000000000,0.000000000,0.000000000,0.000000000,9.800000000,1.000000000,0.000000000,0.000000000,0.000000000
23.383329592,0.000000000,0.000000000,0.000000000,0.000000000,0.000000000,9.800000000,1.000000000,0.000000000,0.000000000,0.000000000
23.387496258,0.000000000,0.000000000,0.000000000,0.000000000,0.000000000,9.800000000,1.000000000,0.000000000,0.000000000,0.000000000
23.391662924,0.000000000,0.000000000,0.000000000,0.000000000,0.000000000,9.800000000,1.000000000,0.000000000,0.000000000,0.000000000
23.395829590,0.000000000,0.000000000,0.000000000,0.000000000,0.000000000,9.800000000,1.000000000,0.000000000,0.000000000,0.000000000
23.404162922,0.000000000,0.000000000,0.000000000,0.000000000,0.000000000,9.800000000,1.000000000,0.000000000,0.000000000,0.000000000
23.408329588,0.000000000,0.000000000,0.000000000,0.000000000,0.000000000,9.800000000,1.000000000,0.000000000,0.000000000,0.000000000
23.412496254,0.000000000,0.000000000,0.000000000,0.000000000,0.000000000,9.800000000,1.000000000,0.000000000,0.000000000,0.000000000
23.416662920,0.000000000,0.000000000,0.000000000,0.000000000,0.000000000,9.800000000,1.000000000,0.000000000,0.000000000,0.000000000
23.420829586,0.000000000,0.000000000,0.000000000,0.000000000,0.000000000,9.800000000,1.000000000,0.000000000,0.000000000,0.000000000
23.429162918,0.000000000,0.000000000,0.000000000,0.000000000,0.000000000,9.800000000,1.000000000,0.000000000,0.000000000,0.000000000
23.433329584,0.000000000,0.000000000,0.000000000,0.000000000,0.000000000,9.800000000,1.000000000,0.000000000,0.000000000,0.000000000
23.437496250,0.000000000,0.000000000,0.000000000,0.000000000,0.000000000,9.800000000,1.000000000,0.000000000,0.000000000,0.000000000
23.441662916,0.000000000,0.000000000,0.000000000,0.000000000,0.000000000,9.800000000,1.000000000,0.000000000,0.000000000,0.000000000
23.445829582,0.000000000,0.000000000,0.000000000,0.000000000,0.000000000,9.800000000,1.000000000,0.000000000,0.000000000,0.000000000
23.454162914,0.000000000,0.000000000,0.000000000,0.000000000,0.000000000,9.800000000,1.000000000,0.000000000,0.000000000,0.000000000
23.458329580,0.000000000,0.000000000,0.000000000,0.000000000,0.000000000,9.800000000,1.000000000,0.000000000,0.000000000,0.000000000
23.462496246,0.000000000,0.000000000,0.000000000,0.000000000,0.000000000,9.800000000,1.000000000,0.000000000,0.000000000,0.000000000
23.466662912,0.000000000,0.000000000,0.000000000,0.000000000,0.000000000,9.800000000,1.000000000,0.000000000,0.000000000,0.000000000
23.470829578,0.000000000,0.000000000,0.000000000,0.000000000,0.000000000,9.800000000,1.000000000,0.000000000,0.000000000,0.000000000
23.479162910,0.000000000,0.000000000,0.000000000,0.000000000,0.000000000,9.800000000,1.000000000,0.000000000,0.000000000,0.000000000
23.483329576,0.000000000,0.000000000,0.000000000,0.000000000,0.000000000,9.800000000,1.000000000,0.000000000,0.000000000,0.000000000
23.487496242,0.000000000,0.000000000,0.000000000,0.000000000,0.000000000,9.800000000,1.000000000,0.000000000,0.000000000,0.000000000
23.491662908,0.000000000,0.000000000,0.000000000,0.000000000,0.000000000,9.800000000,1.000000000,0.000000000,0.000000000,0.000000000
23.495829574,0.000000000,0.000000000,0.000000000,0.000000000,0.000000000,9.800000000,1.000000000,0.000000000,0.000000000,0.000000000
23.504162906,0.000000000,0.000000000,0.000000000,0.000000000,0.000000000,9.800000000,1.000000000,0.000000000,0.000000000,0.000000000
23.508329572,0.000000000,0.000000000,0.000000000,0.000000000,0.000000000,9.800000000,1.000000000,0.000000000,0.000000000,0.000000000
23.512496238,0.000000000,0.000000000,0.000000000,0.000000000,0.000000000,9.800000000,1.000000000,0.000000000,0.000000000,0.000000000
23.516662904,0.000000000,0.000000000,0.000000000,0.000000000,0.000000000,9.800000000,1.000000000,0.000000000,0.000000000,0.000000000
23.520829570,0.000000000,0.000000000,0.000000000,0.000000000,0.000000000,9.800000000,1.000000000,0.000000000,0.000000000,0.000000000
23.529162902,0.000000000,0.000000000,0.000000000,0.000000000,0.000000000,9.800000000,1.000000000,0.000000000,0.000000000,0.000000000
23.533329568,0.000000000,0.000000000,0.000000000,0.000000000,0.000000000,9.800000000,1.000000000,0.000000000,0.000000000,0.000000000
23.537496234,0.000000000,0.000000000,0.000000000,0.000000000,0.000000000,9.800000000,1.000000000,0.000000000,0.000000000,0.000000000
23.541662900,0.000000000,0.000000000,0.000000000,0.000000000,0.000000000,9.800000000,1.000000000,0.000000000,0.000000000,0.000000000
23.545829566,0.000000000,0.000000000,0.000000000,0.000000000,0.000000000,9.800000000,1.000000000,0.000000000,0.000000000,0.000000000
23.554162898,0.000000000,0.000000000,0.000000000,0.000000000,0.000000000,9.800000000,1.000000000,0.000000000,0.000000000,0.000000000
23.558329564,0.000000000,0.000000000,0.000000000,0.000000000,0.000000000,9.800000000,1.000000000,0.000000000,0.000000000,0.000000000
23.562496230,0.000000000,0.000000000,0.000000000,0.000000000,0.000000000,9.800000000,1.000000000,0.000000000,0.000000000,0.000000000
23.566662896,0.000000000,0.000000000,0.000000000,0.000000000,0.000000000,9.800000000,1.000000000,0.000000000,0.000000000,0.000000000
23.570829562,0.000000000,0.000000000,0.000000000,0.000000000,0.000000000,9.800000000,1.000000000,0.000000000,0.000000000,0.000000000
23.579162894,0.000000000,0.000000000,0.000000000,0.000000000,0.000000000,9.800000000,1.000000000,0.000000000,0.000000000,0.000000000
23.583329560,0.000000000,0.000000000,0.000000000,0.000000000,0.000000000,9.800000000,1.000000000,0.000000000,0.000000000,0.000000000
23.587496226,0.000000000,0.000000000,0.000000000,0.000000000,0.000000000,9.800000000,1.000000000,0.000000000,0.000000000,0.000000000
23.591662892,0.000000000,0.000000000,0.000000000,0.000000000,0.000000000,9.800000000,1.000000000,0.000000000,0.000000000,0.000000000
23.595829558,0.000000000,0.000000000,0.000000000,0.000000000,0.000000000,9.800000000,1.000000000,0.000000000,0.000000000,0.000000000
23.604162890,0.000000000,0.000000000,0.000000000,0.000000000,0.000000000,9.800000000,1.000000000,0.000000000,0.000000000,0.000000000
23.608329556,0.000000000,0.000000000,0.000000000,0.000000000,0.000000000,9.800000000,1.000000000,0.000000000,0.000000000,0.000000000
23.612496222,0.000000000,0.000000000,0.000000000,0.000000000,0.000000000,9.800000000,1.000000000,0.000000000,0.000000000,0.000000000
23.616662888,0.000000000,0.000000000,0.000000000,0.000000000,0.000000000,9.800000000,1.000000000,0.000000000,0.000000000,0.000000000
23.620829554,0.000000000,0.000000000,0.000000000,0.000000000,0.000000000,9.800000000,1.000000000,0.000000000,0.000000000,0.000000000
23.629162886,0.000000000,0.000000000,0.000000000,0.000000000,0.000000000,9.800000000,1.000000000,0.000000000,0.000000000,0.000000000
23.633329552,0.000000000,0.000000000,0.000000000,0.000000000,0.000000000,9.800000000,1.000000000,0.000000000,0.000000000,0.000000000
23.637496218,0.000000000,0.000000000,0.000000000,0.000000000,0.000000000,9.800000000,1.000000000,0.000000000,0.000000000,0.000000000
23.641662884,0.000000000,0.000000000,0.000000000,0.000000000,0.000000000,9.800000000,1.000000000,0.000000000,0.000000000,0.000000000
23.645829550,0.000000000,0.000000000,0.000000000,0.000000000,0.000000000,9.800000000,1.000000000,0.000000000,0.000000000,0.000000000
23.654162882,0.000000000,0.000000000,0.000000000,0.000000000,0.000000000,9.800000000,1.000000000,0.000000000,0.000000000,0.000000000
23.658329548,0.000000000,0.000000000,0.000000000,0.000000000,0.000000000,9.800000000,1.000000000,0.000000000,0.000000000,0.000000000
23.662496214,0.000000000,0.000000000,0.000000000,0.000000000,0.000000000,9.800000000,1.000000000,0.000000000,0.000000000,0.000000000
23.666662880,0.000000000,0.000000000,0.000000000,0.000000000,0.000000000,9.800000000,1.000000000,0.000000000,0.000000000,0.000000000
23.670829546,0.000000000,0.000000000,0.000000000,0.000000000,0.000000000,9.800000000,1.000000000,0.000000000,0.000000000,0.000000000
23.679162878,0.000000000,0.000000000,0.000000000,0.000000000,0.000000000,9.800000000,1.000000000,0.000000000,0.000000000,0.000000000
23.683329544,0.000000000,0.000000000,0.000000000,0.000000000,0.000000000,9.800000000,1.000000000,0.000000000,0.000000000,0.000000000
23.687496210,0.000000000,0.000000000,0.000000000,0.000000000,0.000000000,9.800000000,1.000000000,0.000000000,0.000000000,0.000000000
23.691662876,0.000000000,0.000000000,0.000000000,0.000000000,0.000000000,9.800000000,1.000000000,0.000000000,0.000000000,0.000000000
23.695829542,0.000000000,0.000000000,0.000000000,0.000000000,0.000000000,9.800000000,1.000000000,0.000000000,0.000000000,0.000000000
23.704162874,0.000000000,0.000000000,0.000000000,0.000000000,0.000000000,9.800000000,1.000000000,0.000000000,0.000000000,0.000000000
23.708329540,0.000000000,0.000000000,0.000000000,0.000000000,0.000000000,9.800000000,1.000000000,0.000000000,0.000000000,0.000000000
23.712496206,0.000000000,0.000000000,0.000000000,0.000000000,0.000000000,9.800000000,1.000000000,0.000000000,0.000000000,0.000000000
23.716662872,0.000000000,0.000000000,0.000000000,0.000000000,0.000000000,9.800000000,1.000000000,0.000000000,0.000000000,0.000000000
23.720829538,0.000000000,0.000000000,0.000000000,0.000000000,0.000000000,9.800000000,1.000000000,0.000000000,0.000000000,0.000000000
23.729162870,0.000000000,0.000000000,0.000000000,0.000000000,0.000000000,9.800000000,1.000000000,0.000000000,0.000000000,0.000000000
23.733329536,0.000000000,0.000000000,0.000000000,0.000000000,0.000000000,9.800000000,1.000000000,0.000000000,0.000000000,0.000000000
23.737496202,0.000000000,0.000000000,0.000000000,0.000000000,0.000000000,9.800000000,1.000000000,0.000000000,0.000000000,0.000000000
23.741662868,0.000000000,0.000000000,0.000000000,0.000000000,0.000000000,9.800000000,1.000000000,0.000000000,0.000000000,0.000000000
23.745829534,0.000000000,0.000000000,0.000000000,0.000000000,0.000000000,9.800000000,1.000000000,0.000000000,0.000000000,0.000000000
23.754162866,0.000000000,0.000000000,0.000000000,0.000000000,0.000000000,9.800000000,1.000000000,0.000000000,0.000000000,0.000000000
23.758329532,0.000000000,0.000000000,0.000000000,0.000000000,0.000000000,9.800000000,1.000000000,0.000000000,0.000000000,0.000000000
23.762496198,0.000000000,0.000000000,0.000000000,0.000000000,0.000000000,9.800000000,1.000000000,0.000000000,0.000000000,0.000000000
23.766662864,0.000000000,0.000000000,0.000000000,0.000000000,0.000000000,9.800000000,1.000000000,0.000000000,0.000000000,0.000000000
23.770829530,0.000000000,0.000000000,0.000000000,0.000000000,0.000000000,9.800000000,1.000000000,0.000000000,0.000000000,0.000000000
23.779162862,0.000000000,0.000000000,0.000000000,0.000000000,0.000000000,9.800000000,1.000000000,0.000000000,0.000000000,0.000000000
23.783329528,0.000000000,0.000000000,0.000000000,0.000000000,0.000000000,9.800000000,1.000000000,0.000000000,0.000000000,0.000000000
23.787496194,0.000000000,0.000000000,0.000000000,0.000000000,0.000000000,9.800000000,1.000000000,0.000000000,0.000000000,0.000000000
23.791662860,0.000000000,0.000000000,0.000000000,0.000000000,0.000000000,9.800000000,1.000000000,0.000000000,0.000000000,0.000000000
23.795829526,0.000000000,0.000000000,0.000000000,0.000000000,0.000000000,9.800000000,1.000000000,0.000000000,0.000000000,0.000000000
23.804162858,0.000000000,0.000000000,0.000000000,0.000000000,0.000000000,9.800000000,1.000000000,0.000000000,0.000000000,0.000000000
23.808329524,0.000000000,0.000000000,0.000000000,0.000000000,0.000000000,9.800000000,1.000000000,0.000000000,0.000000000,0.000000000
23.812496190,0.000000000,0.000000000,0.000000000,0.000000000,0.000000000,9.800000000,1.000000000,0.000000000,0.000000000,0.000000000
23.816662856,0.000000000,0.000000000,0.000000000,0.000000000,0.000000000,9.800000000,1.000000000,0.000000000,0.000000000,0.000000000
23.820829522,0.000000000,0.000000000,0.000000000,0.000000000,0.000000000,9.800000000,1.000000000,0.000000000,0.000000000,0.000000000
23.829162854,0.000000000,0.000000000,0.000000000,0.000000000,0.000000000,9.800000000,1.000000000,0.000000000,0.000000000,0.000000000
23.833329520,0.000000000,0.000000000,0.000000000,0.000000000,0.000000000,9.800000000,1.000000000,0.000000000,0.000000000,0.000000000
23.837496186,0.000000000,0.000000000,0.000000000,0.000000000,0.000000000,9.800000000,1.000000000,0.000000000,0.000000000,0.000000000
23.841662852,0.000000000,0.000000000,0.000000000,0.000000000,0.000000000,9.800000000,1.000000000,0.000000000,0.000000000,0.000000000
23.845829518,0.000000000,0.000000000,0.000000000,0.000000000,0.000000000,9.800000000,1.000000000,0.000000000,0.000000000,0.000000000
23.854162850,0.000000000,0.000000000,0.000000000,0.000000000,0.000000000,9.800000000,1.000000000,0.000000000,0.000000000,0.000000000
23.858329516,0.000000000,0.000000000,0.000000000,0.000000000,0.000000000,9.800000000,1.000000000,0.000000000,0.000000000,0.000000000
23.862496182,0.000000000,0.000000000,0.000000000,0.000000000,0.000000000,9.800000000,1.000000000,0.000000000,0.000000000,0.000000000
23.866662848,0.000000000,0.000000000,0.000000000,0.000000000,0.000000000,9.800000000,1.000000000,0.000000000,0.000000000,0.000000000
23.870829514,0.000000000,0.000000000,0.000000000,0.000000000,0.000000000,9.800000000,1.000000000,0.000000000,0.000000000,0.000000000
23.879162846,0.000000000,0.000000000,0.000000000,0.000000000,0.000000000,9.800000000,1.000000000,0.000000000,0.000000000,0.000000000
23.883329512,0.000000000,0.000000000,0.000000000,0.000000000,0.000000000,9.800000000,1.000000000,0.000000000,0.000000000,0.000000000
23.887496178,0.000000000,0.000000000,0.000000000,0.000000000,0.000000000,9.800000000,1.000000000,0.000000000,0.000000000,0.000000000
23.891662844,0.000000000,0.000000000,0.000000000,0.000000000,0.000000000,9.800000000,1.000000000,0.000000000,0.000000000,0.000000000
23.895829510,0.000000000,0.000000000,0.000000000,0.000000000,0.000000000,9.800000000,1.000000000,0.000000000,0.000000000,0.000000000
23.904162842,0.000000000,0.000000000,0.000000000,0.000000000,0.000000000,9.800000000,1.000000000,0.000000000,0.000000000,0.000000000
23.908329508,0.000000000,0.000000000,0.000000000,0.000000000,0.000000000,9.800000000,1.000000000,0.000000000,0.000000000,0.000000000
23.912496174,0.000000000,0.000000000,0.000000000,0.000000000,0.000000000,9.800000000,1.000000000,0.000000000,0.000000000,0.000000000
23.916662840,0.000000000,0.000000000,0.000000000,0.000000000,0.000000000,9.800000000,1.000000000,0.000000000,0.000000000,0.000000000
23.920829506,0.000000000,0.000000000,0.000000000,0.000000000,0.000000000,9.800000000,1.000000000,0.000000000,0.000000000,0.000000000
23.929162838,0.000000000,0.000000000,0.000000000,0.000000000,0.000000000,9.800000000,1.000000000,0.000000000,0.000000000,0.000000000
23.933329504,0.000000000,0.000000000,0.000000000,0.000000000,0.000000000,9.800000000,1.000000000,0.000000000,0.000000000,0.000000000
23.937496170,0.000000000,0.000000000,0.000000000,0.000000000,0.000000000,9.800000000,1.000000000,0.000000000,0.000000000,0.000000000
23.941662836,0.000000000,0.000000000,0.000000000,0.000000000,0.000000000,9.800000000,1.000000000,0.000000000,0.000000000,0.000000000
23.945829502,0.000000000,0.000000000,0.000000000,0.000000000,0.000000000,9.800000000,1.000000000,0.000000000,0.000000000,0.000000000
23.954162834,0.000000000,0.000000000,0.000000000,0.000000000,0.000000000,9.800000000,1.000000000,0.000000000,0.000000000,0.000000000
23.958329500,0.000000000,0.000000000,0.000000000,0.000000000,0.000000000,9.800000000,1.000000000,0.000000000,0.000000000,0.000000000
23.962496166,0.000000000,0.000000000,0.000000000,0.000000000,0.000000000,9.800000000,1.000000000,0.000000000,0.000000000,0.000000000
23.966662832,0.000000000,0.000000000,0.000000000,0.000000000,0.000000000,9.800000000,1.000000000,0.000000000,0.000000000,0.000000000
23.970829498,0.000000000,0.000000000,0.000000000,0.000000000,0.000000000,9.800000000,1.000000000,0.000000000,0.000000000,0.000000000
23.979162830,0.000000000,0.000000000,0.000000000,0.000000000,0.000000000,9.800000000,1.000000000,0.000000000,0.000000000,0.000000000
23.983329496,0.000000000,0.000000000,0.000000000,0.000000000,0.000000000,9.800000000,1.000000000,0.000000000,0.000000000,0.000000000
23.987496162,0.000000000,0.000000000,0.000000000,0.000000000,0.000000000,9.800000000,1.000000000,0.000000000,0.000000000,0.000000000
23.991662828,0.000000000,0.000000000,0.000000000,0.000000000,0.000000000,9.800000000,1.000000000,0.000000000,0.000000000,0.000000000
23.995829494,0.000000000,0.000000000,0.000000000,0.000000000,0.000000000,9.800000000,1.000000000,0.000000000,0.000000000,0.000000000
24.004162826,0.000000000,0.000000000,0.000000000,0.000000000,0.000000000,9.800000000,1.000000000,0.000000000,0.000000000,0.000000000
24.008329492,0.000000000,0.000000000,0.000000000,0.000000000,0.000000000,9.800000000,1.000000000,0.000000000,0.000000000,0.000000000
24.012496158,0.000000000,0.000000000,0.000000000,0.000000000,0.000000000,9.800000000,1.000000000,0.000000000,0.000000000,0.000000000
24.016662824,0.000000000,0.000000000,0.000000000,0.000000000,0.000000000,9.800000000,1.000000000,0.000000000,0.000000000,0.000000000
24.020829490,0.000000000,0.000000000,0.000000000,0.000000000,0.000000000,9.800000000,1.000000000,0.000000000,0.000000000,0.000000000
24.029162822,0.000000000,0.000000000,0.000000000,0.000000000,0.000000000,9.800000000,1.000000000,0.000000000,0.000000000,0.000000000
24.033329488,0.000000000,0.000000000,0.000000000,0.000000000,0.000000000,9.800000000,1.000000000,0.000000000,0.000000000,0.000000000
24.037496154,0.000000000,0.000000000,0.000000000,0.000000000,0.000000000,9.800000000,1.000000000,0.000000000,0.000000000,0.000000000
24.041662820,0.000000000,0.000000000,0.000000000,0.000000000,0.000000000,9.800000000,1.000000000,0.000000000,0.000000000,0.000000000
24.045829486,0.000000000,0.000000000,0.000000000,0.000000000,0.000000000,9.800000000,1.000000000,0.000000000,0.000000000,0.000000000
24.054162818,0.000000000,0.000000000,0.000000000,0.000000000,0.000000000,9.800000000,1.000000000,0.000000000,0.000000000,0.000000000
24.058329484,0.000000000,0.000000000,0.000000000,0.000000000,0.000000000,9.800000000,1.000000000,0.000000000,0.000000000,0.000000000
24.062496150,0.000000000,0.000000000,0.000000000,0.000000000,0.000000000,9.800000000,1.000000000,0.000000000,0.000000000,0.000000000
24.066662816,0.000000000,0.000000000,0.000000000,0.000000000,0.000000000,9.800000000,1.000000000,0.000000000,0.000000000,0.000000000
24.070829482,0.000000000,0.000000000,0.000000000,0.000000000,0.000000000,9.800000000,1.000000000,0.000000000,0.000000000,0.000000000
24.079162814,0.000000000,0.000000000,0.000000000,0.000000000,0.000000000,9.800000000,1.000000000,0.000000000,0.000000000,0.000000000
24.083329480,0.000000000,0.000000000,0.000000000,0.000000000,0.000000000,9.800000000,1.000000000,0.000000000,0.000000000,0.000000000
24.087496146,0.000000000,0.000000000,0.000000000,0.000000000,0.000000000,9.800000000,1.000000000,0.000000000,0.000000000,0.000000000
24.091662812,0.000000000,0.000000000,0.000000000,0.000000000,0.000000000,9.800000000,1.000000000,0.000000000,0.000000000,0.000000000
24.095829478,0.000000000,0.000000000,0.000000000,0.000000000,0.000000000,9.800000000,1.000000000,0.000000000,0.000000000,0.000000000
24.104162810,0.000000000,0.000000000,0.000000000,0.000000000,0.000000000,9.800000000,1.000000000,0.000000000,0.000000000,0.000000000
24.108329476,0.000000000,0.000000000,0.000000000,0.000000000,0.000000000,9.800000000,1.000000000,0.000000000,0.000000000,0.000000000
24.112496142,0.000000000,0.000000000,0.000000000,0.000000000,0.000000000,9.800000000,1.000000000,0.000000000,0.000000000,0.000000000
24.116662808,0.000000000,0.000000000,0.000000000,0.000000000,0.000000000,9.800000000,1.000000000,0.000000000,0.000000000,0.000000000
24.120829474,0.000000000,0.000000000,0.000000000,0.000000000,0.000000000,9.800000000,1.000000000,0.000000000,0.000000000,0.000000000
24.129162806,0.000000000,0.000000000,0.000000000,0.000000000,0.000000000,9.800000000,1.000000000,0.000000000,0.000000000,0.000000000
24.133329472,0.000000000,0.000000000,0.000000000,0.000000000,0.000000000,9.800000000,1.000000000,0.000000000,0.000000000,0.000000000
24.137496138,0.000000000,0.000000000,0.000000000,0.000000000,0.000000000,9.800000000,1.000000000,0.000000000,0.000000000,0.000000000
24.141662804,0.000000000,0.000000000,0.000000000,0.000000000,0.000000000,9.800000000,1.000000000,0.000000000,0.000000000,0.000000000
24.145829470,0.000000000,0.000000000,0.000000000,0.000000000,0.000000000,9.800000000,1.000000000,0.000000000,0.000000000,0.000000000
24.154162802,0.000000000,0.000000000,0.000000000,0.000000000,0.000000000,9.800000000,1.000000000,0.000000000,0.000000000,0.000000000
24.158329468,0.000000000,0.000000000,0.000000000,0.000000000,0.000000000,9.800000000,1.000000000,0.000000000,0.000000000,0.000000000
24.162496134,0.000000000,0.000000000,0.000000000,0.000000000,0.000000000,9.800000000,1.000000000,0.000000000,0.000000000,0.000000000
24.166662800,0.000000000,0.000000000,0.000000000,0.000000000,0.000000000,9.800000000,1.000000000,0.000000000,0.000000000,0.000000000
24.170829466,0.000000000,0.000000000,0.000000000,0.000000000,0.000000000,9.800000000,1.000000000,0.000000000,0.000000000,0.000000000
24.179162798,0.000000000,0.000000000,0.000000000,0.000000000,0.000000000,9.800000000,1.000000000,0.000000000,0.000000000,0.000000000
24.183329464,0.000000000,0.000000000,0.000000000,0.000000000,0.000000000,9.800000000,1.000000000,0.000000000,0.000000000,0.000000000
24.187496130,0.000000000,0.000000000,0.000000000,0.000000000,0.000000000,9.800000000,1.000000000,0.000000000,0.000000000,0.000000000
24.191662796,0.000000000,0.000000000,0.000000000,0.000000000,0.000000000,9.800000000,1.000000000,0.000000000,0.000000000,0.000000000
24.195829462,0.000000000,0.000000000,0.000000000,0.000000000,0.000000000,9.800000000,1.000000000,0.000000000,0.000000000,0.000000000
24.204162794,0.000000000,0.000000000,0.000000000,0.000000000,0.000000000,9.800000000,1.000000000,0.000000000,0.000000000,0.000000000
24.208329460,0.000000000,0.000000000,0.000000000,0.000000000,0.000000000,9.800000000,1.000000000,0.000000000,0.000000000,0.000000000
24.212496126,0.000000000,0.000000000,0.000000000,0.000000000,0.000000000,9.800000000,1.000000000,0.000000000,0.000000000,0.000000000
24.216662792,0.000000000,0.000000000,0.000000000,0.000000000,0.000000000,9.800000000,1.000000000,0.000000000,0.000000000,0.000000000
24.220829458,0.000000000,0.000000000,0.000000000,0.000000000,0.000000000,9.800000000,1.000000000,0.000000000,0.000000000,0.000000000
24.229162790,0.000000000,0.000000000,0.000000000,0.000000000,0.000000000,9.800000000,1.000000000,0.000000000,0.000000000,0.000000000
24.233329456,0.000000000,0.000000000,0.000000000,0.000000000,0.000000000,9.800000000,1.000000000,0.000000000,0.000000000,0.000000000
24.237496122,0.000000000,0.000000000,0.000000000,0.000000000,0.000000000,9.800000000,1.000000000,0.000000000,0.000000000,0.000000000
24.241662788,0.000000000,0.000000000,0.000000000,0.000000000,0.000000000,9.800000000,1.000000000,0.000000000,0.000000000,0.000000000
24.245829454,0.000000000,0.000000000,0.000000000,0.000000000,0.000000000,9.800000000,1.000000000,0.000000000,0.000000000,0.000000000
24.254162786,0.000000000,0.000000000,0.000000000,0.000000000,0.000000000,9.800000000,1.000000000,0.000000000,0.000000000,0.000000000
24.258329452,0.000000000,0.000000000,0.000000000,0.000000000,0.000000000,9.800000000,1.000000000,0.000000000,0.000000000,0.000000000
24.262496118,0.000000000,0.000000000,0.000000000,0.000000000,0.000000000,9.800000000,1.000000000,0.000000000,0.000000000,0.000000000
24.266662784,0.000000000,0.000000000,0.000000000,0.000000000,0.000000000,9.800000000,1.000000000,0.000000000,0.000000000,0.000000000
24.270829450,0.000000000,0.000000000,0.000000000,0.000000000,0.000000000,9.800000000,1.000000000,0.000000000,0.000000000,0.000000000
24.279162782,0.000000000,0.000000000,0.000000000,0.000000000,0.000000000,9.800000000,1.000000000,0.000000000,0.000000000,0.000000000
24.283329448,0.000000000,0.000000000,0.000000000,0.000000000,0.000000000,9.800000000,1.000000000,0.000000000,0.000000000,0.000000000
24.287496114,0.000000000,0.000000000,0.000000000,0.000000000,0.000000000,9.800000000,1.000000000,0.000000000,0.000000000,0.000000000
24.291662780,0.000000000,0.000000000,0.000000000,0.000000000,0.000000000,9.800000000,1.000000000,0.000000000,0.000000000,0.000000000
24.295829446,0.000000000,0.000000000,0.000000000,0.000000000,0.000000000,9.800000000,1.000000000,0.000000000,0.000000000,0.000000000
24.304162778,0.000000000,0.000000000,0.000000000,0.000000000,0.000000000,9.800000000,1.000000000,0.000000000,0.000000000,0.000000000
24.308329444,0.000000000,0.000000000,0.000000000,0.000000000,0.000000000,9.800000000,1.000000000,0.000000000,0.000000000,0.000000000
24.312496110,0.000000000,0.000000000,0.000000000,0.000000000,0.000000000,9.800000000,1.000000000,0.000000000,0.000000000,0.000000000
24.316662776,0.000000000,0.000000000,0.000000000,0.000000000,0.000000000,9.800000000,1.000000000,0.000000000,0.000000000,0.000000000
24.320829442,0.000000000,0.000000000,0.000000000,0.000000000,0.000000000,9.800000000,1.000000000,0.000000000,0.000000000,0.000000000
24.329162774,0.000000000,0.000000000,0.000000000,0.000000000,0.000000000,9.800000000,1.000000000,0.000000000,0.000000000,0.000000000
24.333329440,0.000000000,0.000000000,0.000000000,0.000000000,0.000000000,9.800000000,1.000000000,0.000000000,0.000000000,0.000000000
24.337496106,0.000000000,0.000000000,0.000000000,0.000000000,0.000000000,9.800000000,1.000000000,0.000000000,0.000000000,0.000000000
24.341662772,0.000000000,0.000000000,0.000000000,0.000000000,0.000000000,9.800000000,1.000000000,0.000000000,0.000000000,0.000000000
24.345829438,0.000000000,0.000000000,0.000000000,0.000000000,0.000000000,9.800000000,1.000000000,0.000000000,0.000000000,0.000000000
24.354162770,0.000000000,0.000000000,0.000000000,0.000000000,0.000000000,9.800000000,1.000000000,0.000000000,0.000000000,0.000000000
24.358329436,0.000000000,0.000000000,0.000000000,0.000000000,0.000000000,9.800000000,1.000000000,0.000000000,0.000000000,0.000000000
24.362496102,0.000000000,0.000000000,0.000000000,0.000000000,0.000000000,9.800000000,1.000000000,0.000000000,0.000000000,0.000000000
24.366662768,0.000000000,0.000000000,0.000000000,0.000000000,0.000000000,9.800000000,1.000000000,0.000000000,0.000000000,0.000000000
24.370829434,0.000000000,0.000000000,0.000000000,0.000000000,0.000000000,9.800000000,1.000000000,0.000000000,0.000000000,0.000000000
24.379162766,0.000000000,0.000000000,0.000000000,0.000000000,0.000000000,9.800000000,1.000000000,0.000000000,0.000000000,0.000000000
24.383329432,0.000000000,0.000000000,0.000000000,0.000000000,0.000000000,9.800000000,1.000000000,0.000000000,0.000000000,0.000000000
24.387496098,0.000000000,0.000000000,0.000000000,0.000000000,0.000000000,9.800000000,1.000000000,0.000000000,0.000000000,0.000000000
24.391662764,0.000000000,0.000000000,0.000000000,0.000000000,0.000000000,9.800000000,1.000000000,0.000000000,0.000000000,0.000000000
24.395829430,0.000000000,0.000000000,0.000000000,0.000000000,0.000000000,9.800000000,1.000000000,0.000000000,0.000000000,0.000000000
24.404162762,0.000000000,0.000000000,0.000000000,0.000000000,0.000000000,9.800000000,1.000000000,0.000000000,0.000000000,0.000000000
24.408329428,0.000000000,0.000000000,0.000000000,0.000000000,0.000000000,9.800000000,1.000000000,0.000000000,0.000000000,0.000000000
24.412496094,0.000000000,0.000000000,0.000000000,0.000000000,0.000000000,9.800000000,1.000000000,0.000000000,0.000000000,0.000000000
24.416662760,0.000000000,0.000000000,0.000000000,0.000000000,0.000000000,9.800000000,1.000000000,0.000000000,0.000000000,0.000000000
24.420829426,0.000000000,0.000000000,0.000000000,0.000000000,0.000000000,9.800000000,1.000000000,0.000000000,0.000000000,0.000000000
24.429162758,0.000000000,0.000000000,0.000000000,0.000000000,0.000000000,9.800000000,1.000000000,0.000000000,0.000000000,0.000000000
24.433329424,0.000000000,0.000000000,0.000000000,0.000000000,0.000000000,9.800000000,1.000000000,0.000000000,0.000000000,0.000000000
24.437496090,0.000000000,0.000000000,0.000000000,0.000000000,0.000000000,9.800000000,1.000000000,0.000000000,0.000000000,0.000000000
24.441662756,0.000000000,0.000000000,0.000000000,0.000000000,0.000000000,9.800000000,1.000000000,0.000000000,0.000000000,0.000000000
24.445829422,0.000000000,0.000000000,0.000000000,0.000000000,0.000000000,9.800000000,1.000000000,0.000000000,0.000000000,0.000000000
24.454162754,0.000000000,0.000000000,0.000000000,0.000000000,0.000000000,9.800000000,1.000000000,0.000000000,0.000000000,0.000000000
24.458329420,0.000000000,0.000000000,0.000000000,0.000000000,0.000000000,9.800000000,1.000000000,0.000000000,0.000000000,0.000000000
24.462496086,0.000000000,0.000000000,0.000000000,0.000000000,0.000000000,9.800000000,1.000000000,0.000000000,0.000000000,0.000000000
24.466662752,0.000000000,0.000000000,0.000000000,0.000000000,0.000000000,9.800000000,1.000000000,0.000000000,0.000000000,0.000000000
24.470829418,0.000000000,0.000000000,0.000000000,0.000000000,0.000000000,9.800000000,1.000000000,0.000000000,0.000000000,0.000000000
24.479162750,0.000000000,0.000000000,0.000000000,0.000000000,0.000000000,9.800000000,1.000000000,0.000000000,0.000000000,0.000000000
24.483329416,0.000000000,0.000000000,0.000000000,0.000000000,0.000000000,9.800000000,1.000000000,0.000000000,0.000000000,0.000000000
24.487496082,0.000000000,0.000000000,0.000000000,0.000000000,0.000000000,9.800000000,1.000000000,0.000000000,0.000000000,0.000000000
24.491662748,0.000000000,0.000000000,0.000000000,0.000000000,0.000000000,9.800000000,1.000000000,0.000000000,0.000000000,0.000000000
24.495829414,0.000000000,0.000000000,0.000000000,0.000000000,0.000000000,9.800000000,1.000000000,0.000000000,0.000000000,0.000000000
24.504162746,0.000000000,0.000000000,0.000000000,0.000000000,0.000000000,9.800000000,1.000000000,0.000000000,0.000000000,0.000000000
24.508329412,0.000000000,0.000000000,0.000000000,0.000000000,0.000000000,9.800000000,1.000000000,0.000000000,0.000000000,0.000000000
24.512496078,0.000000000,0.000000000,0.000000000,0.000000000,0.000000000,9.800000000,1.000000000,0.000000000,0.000000000,0.000000000
24.516662744,0.000000000,0.000000000,0.000000000,0.000000000,0.000000000,9.800000000,1.000000000,0.000000000,0.000000000,0.000000000
24.520829410,0.000000000,0.000000000,0.000000000,0.000000000,0.000000000,9.800000000,1.000000000,0.000000000,0.000000000,0.000000000
24.529162742,0.000000000,0.000000000,0.000000000,0.000000000,0.000000000,9.800000000,1.000000000,0.000000000,0.000000000,0.000000000
24.533329408,0.000000000,0.000000000,0.000000000,0.000000000,0.000000000,9.800000000,1.000000000,0.000000000,0.000000000,0.000000000
24.537496074,0.000000000,0.000000000,0.000000000,0.000000000,0.000000000,9.800000000,1.000000000,0.000000000,0.000000000,0.000000000
24.541662740,0.000000000,0.000000000,0.000000000,0.000000000,0.000000000,9.800000000,1.000000000,0.000000000,0.000000000,0.000000000
24.545829406,0.000000000,0.000000000,0.000000000,0.000000000,0.000000000,9.800000000,1.000000000,0.000000000,0.000000000,0.000000000
24.554162738,0.000000000,0.000000000,0.000000000,0.000000000,0.000000000,9.800000000,1.000000000,0.000000000,0.000000000,0.000000000
24.558329404,0.000000000,0.000000000,0.000000000,0.000000000,0.000000000,9.800000000,1.000000000,0.000000000,0.000000000,0.000000000
24.562496070,0.000000000,0.000000000,0.000000000,0.000000000,0.000000000,9.800000000,1.000000000,0.000000000,0.000000000,0.000000000
24.566662736,0.000000000,0.000000000,0.000000000,0.000000000,0.000000000,9.800000000,1.000000000,0.000000000,0.000000000,0.000000000
24.570829402,0.000000000,0.000000000,0.000000000,0.000000000,0.000000000,9.800000000,1.000000000,0.000000000,0.000000000,0.000000000
24.579162734,0.000000000,0.000000000,0.000000000,0.000000000,0.000000000,9.800000000,1.000000000,0.000000000,0.000000000,0.000000000
24.583329400,0.000000000,0.000000000,0.000000000,0.000000000,0.000000000,9.800000000,1.000000000,0.000000000,0.000000000,0.000000000
24.587496066,0.000000000,0.000000000,0.000000000,0.000000000,0.000000000,9.800000000,1.000000000,0.000000000,0.000000000,0.000000000
24.591662732,0.000000000,0.000000000,0.000000000,0.000000000,0.000000000,9.800000000,1.000000000,0.000000000,0.000000000,0.000000000
24.595829398,0.000000000,0.000000000,0.000000000,0.000000000,0.000000000,9.800000000,1.000000000,0.000000000,0.000000000,0.000000000
24.604162730,0.000000000,0.000000000,0.000000000,0.000000000,0.000000000,9.800000000,1.000000000,0.000000000,0.000000000,0.000000000
24.608329396,0.000000000,0.000000000,0.000000000,0.000000000,0.000000000,9.800000000,1.000000000,0.000000000,0.000000000,0.000000000
24.612496062,0.000000000,0.000000000,0.000000000,0.000000000,0.000000000,9.800000000,1.000000000,0.000000000,0.000000000,0.000000000
24.616662728,0.000000000,0.000000000,0.000000000,0.000000000,0.000000000,9.800000000,1.000000000,0.000000000,0.000000000,0.000000000
24.620829394,0.000000000,0.000000000,0.000000000,0.000000000,0.000000000,9.800000000,1.000000000,0.000000000,0.000000000,0.000000000
24.629162726,0.000000000,0.000000000,0.000000000,0.000000000,0.000000000,9.800000000,1.000000000,0.000000000,0.000000000,0.000000000
24.633329392,0.000000000,0.000000000,0.000000000,0.000000000,0.000000000,9.800000000,1.000000000,0.000000000,0.000000000,0.000000000
24.637496058,0.000000000,0.000000000,0.000000000,0.000000000,0.000000000,9.800000000,1.000000000,0.000000000,0.000000000,0.000000000
24.641662724,0.000000000,0.000000000,0.000000000,0.000000000,0.000000000,9.800000000,1.000000000,0.000000000,0.000000000,0.000000000
24.645829390,0.000000000,0.000000000,0.000000000,0.000000000,0.000000000,9.800000000,1.000000000,0.000000000,0.000000000,0.000000000
24.654162722,0.000000000,0.000000000,0.000000000,0.000000000,0.000000000,9.800000000,1.000000000,0.000000000,0.000000000,0.000000000
24.658329388,0.000000000,0.000000000,0.000000000,0.000000000,0.000000000,9.800000000,1.000000000,0.000000000,0.000000000,0.000000000
24.662496054,0.000000000,0.000000000,0.000000000,0.000000000,0.000000000,9.800000000,1.000000000,0.000000000,0.000000000,0.000000000
24.666662720,0.000000000,0.000000000,0.000000000,0.000000000,0.000000000,9.800000000,1.000000000,0.000000000,0.000000000,0.000000000
24.670829386,0.000000000,0.000000000,0.000000000,0.000000000,0.000000000,9.800000000,1.000000000,0.000000000,0.000000000,0.000000000
24.679162718,0.000000000,0.000000000,0.000000000,0.000000000,0.000000000,9.800000000,1.000000000,0.000000000,0.000000000,0.000000000
24.683329384,0.000000000,0.000000000,0.000000000,0.000000000,0.000000000,9.800000000,1.000000000,0.000000000,0.000000000,0.000000000
24.687496050,0.000000000,0.000000000,0.000000000,0.000000000,0.000000000,9.800000000,1.000000000,0.000000000,0.000000000,0.000000000
24.691662716,0.000000000,0.000000000,0.000000000,0.000000000,0.000000000,9.800000000,1.000000000,0.000000000,0.000000000,0.000000000
24.695829382,0.000000000,0.000000000,0.000000000,0.000000000,0.000000000,9.800000000,1.000000000,0.000000000,0.000000000,0.000000000
24.704162714,0.000000000,0.000000000,0.000000000,0.000000000,0.000000000,9.800000000,1.000000000,0.000000000,0.000000000,0.000000000
24.708329380,0.000000000,0.000000000,0.000000000,0.000000000,0.000000000,9.800000000,1.000000000,0.000000000,0.000000000,0.000000000
24.712496046,0.000000000,0.000000000,0.000000000,0.000000000,0.000000000,9.800000000,1.000000000,0.000000000,0.000000000,0.000000000
24.716662712,0.000000000,0.000000000,0.000000000,0.000000000,0.000000000,9.800000000,1.000000000,0.000000000,0.000000000,0.000000000
24.720829378,0.000000000,0.000000000,0.000000000,0.000000000,0.000000000,9.800000000,1.000000000,0.000000000,0.000000000,0.000000000
24.729162710,0.000000000,0.000000000,0.000000000,0.000000000,0.000000000,9.800000000,1.000000000,0.000000000,0.000000000,0.000000000
24.733329376,0.000000000,0.000000000,0.000000000,0.000000000,0.000000000,9.800000000,1.000000000,0.000000000,0.000000000,0.000000000
24.737496042,0.000000000,0.000000000,0.000000000,0.000000000,0.000000000,9.800000000,1.000000000,0.000000000,0.000000000,0.000000000
24.741662708,0.000000000,0.000000000,0.000000000,0.000000000,0.000000000,9.800000000,1.000000000,0.000000000,0.000000000,0.000000000
24.745829374,0.000000000,0.000000000,0.000000000,0.000000000,0.000000000,9.800000000,1.000000000,0.000000000,0.000000000,0.000000000
24.754162706,0.000000000,0.000000000,0.000000000,0.000000000,0.000000000,9.800000000,1.000000000,0.000000000,0.000000000,0.000000000
24.758329372,0.000000000,0.000000000,0.000000000,0.000000000,0.000000000,9.800000000,1.000000000,0.000000000,0.000000000,0.000000000
24.762496038,0.000000000,0.000000000,0.000000000,0.000000000,0.000000000,9.800000000,1.000000000,0.000000000,0.000000000,0.000000000
24.766662704,0.000000000,0.000000000,0.000000000,0.000000000,0.000000000,9.800000000,1.000000000,0.000000000,0.000000000,0.000000000
24.770829370,0.000000000,0.000000000,0.000000000,0.000000000,0.000000000,9.800000000,1.000000000,0.000000000,0.000000000,0.000000000
24.779162702,0.000000000,0.000000000,0.000000000,0.000000000,0.000000000,9.800000000,1.000000000,0.000000000,0.000000000,0.000000000
24.783329368,0.000000000,0.000000000,0.000000000,0.000000000,0.000000000,9.800000000,1.000000000,0.000000000,0.000000000,0.000000000
24.787496034,0.000000000,0.000000000,0.000000000,0.000000000,0.000000000,9.800000000,1.000000000,0.000000000,0.000000000,0.000000000
24.791662700,0.000000000,0.000000000,0.000000000,0.000000000,0.000000000,9.800000000,1.000000000,0.000000000,0.000000000,0.000000000
24.795829366,0.000000000,0.000000000,0.000000000,0.000000000,0.000000000,9.800000000,1.000000000,0.000000000,0.000000000,0.000000000
24.804162698,0.000000000,0.000000000,0.000000000,0.000000000,0.000000000,9.800000000,1.000000000,0.000000000,0.000000000,0.000000000
24.808329364,0.000000000,0.000000000,0.000000000,0.000000000,0.000000000,9.800000000,1.000000000,0.000000000,0.000000000,0.000000000
24.812496030,0.000000000,0.000000000,0.000000000,0.000000000,0.000000000,9.800000000,1.000000000,0.000000000,0.000000000,0.000000000
24.816662696,0.000000000,0.000000000,0.000000000,0.000000000,0.000000000,9.800000000,1.000000000,0.000000000,0.000000000,0.000000000
24.820829362,0.000000000,0.000000000,0.000000000,0.000000000,0.000000000,9.800000000,1.000000000,0.000000000,0.000000000,0.000000000
24.829162694,0.000000000,0.000000000,0.000000000,0.000000000,0.000000000,9.800000000,1.000000000,0.000000000,0.000000000,0.000000000
24.833329360,0.000000000,0.000000000,0.000000000,0.000000000,0.000000000,9.800000000,1.000000000,0.000000000,0.000000000,0.000000000
24.837496026,0.000000000,0.000000000,0.000000000,0.000000000,0.000000000,9.800000000,1.000000000,0.000000000,0.000000000,0.000000000
24.841662692,0.000000000,0.000000000,0.000000000,0.000000000,0.000000000,9.800000000,1.000000000,0.000000000,0.000000000,0.000000000
24.845829358,0.000000000,0.000000000,0.000000000,0.000000000,0.000000000,9.800000000,1.000000000,0.000000000,0.000000000,0.000000000
24.854162690,0.000000000,0.000000000,0.000000000,0.000000000,0.000000000,9.800000000,1.000000000,0.000000000,0.000000000,0.000000000
24.858329356,0.000000000,0.000000000,0.000000000,0.000000000,0.000000000,9.800000000,1.000000000,0.000000000,0.000000000,0.000000000
24.862496022,0.000000000,0.000000000,0.000000000,0.000000000,0.000000000,9.800000000,1.000000000,0.000000000,0.000000000,0.000000000
24.866662688,0.000000000,0.000000000,0.000000000,0.000000000,0.000000000,9.800000000,1.000000000,0.000000000,0.000000000,0.000000000
24.870829354,0.000000000,0.000000000,0.000000000,0.000000000,0.000000000,9.800000000,1.000000000,0.000000000,0.000000000,0.000000000
24.879162686,0.000000000,0.000000000,0.000000000,0.000000000,0.000000000,9.800000000,1.000000000,0.000000000,0.000000000,0.000000000
24.883329352,0.000000000,0.000000000,0.000000000,0.000000000,0.000000000,9.800000000,1.000000000,0.000000000,0.000000000,0.000000000
24.887496018,0.000000000,0.000000000,0.000000000,0.000000000,0.000000000,9.800000000,1.000000000,0.000000000,0.000000000,0.000000000
24.891662684,0.000000000,0.000000000,0.000000000,0.000000000,0.000000000,9.800000000,1.000000000,0.000000000,0.000000000,0.000000000
24.895829350,0.000000000,0.000000000,0.000000000,0.000000000,0.000000000,9.800000000,1.000000000,0.000000000,0.000000000,0.000000000
24.904162682,0.000000000,0.000000000,0.000000000,0.000000000,0.000000000,9.800000000,1.000000000,0.000000000,0.000000000,0.000000000
24.908329348,0.000000000,0.000000000,0.000000000,0.000000000,0.000000000,9.800000000,1.000000000,0.000000000,0.000000000,0.000000000
24.912496014,0.000000000,0.000000000,0.000000000,0.000000000,0.000000000,9.800000000,1.000000000,0.000000000,0.000000000,0.000000000
24.916662680,0.000000000,0.000000000,0.000000000,0.000000000,0.000000000,9.800000000,1.000000000,0.000000000,0.000000000,0.000000000
24.920829346,0.000000000,0.000000000,0.000000000,0.000000000,0.000000000,9.800000000,1.000000000,0.000000000,0.000000000,0.000000000
24.929162678,0.000000000,0.000000000,0.000000000,0.000000000,0.000000000,9.800000000,1.000000000,0.000000000,0.000000000,0.000000000
24.933329344,0.000000000,0.000000000,0.000000000,0.000000000,0.000000000,9.800000000,1.000000000,0.000000000,0.000000000,0.000000000
24.937496010,0.000000000,0.000000000,0.000000000,0.000000000,0.000000000,9.800000000,1.000000000,0.000000000,0.000000000,0.000000000
24.941662676,0.000000000,0.000000000,0.000000000,0.000000000,0.000000000,9.800000000,1.000000000,0.000000000,0.000000000,0.000000000
24.945829342,0.000000000,0.000000000,0.000000000,0.000000000,0.000000000,9.800000000,1.000000000,0.000000000,0.000000000,0.000000000
24.954162674,0.000000000,0.000000000,0.000000000,0.000000000,0.000000000,9.800000000,1.000000000,0.000000000,0.000000000,0.000000000
24.958329340,0.000000000,0.000000000,0.000000000,0.000000000,0.000000000,9.800000000,1.000000000,0.000000000,0.000000000,0.000000000
24.962496006,0.000000000,0.000000000,0.000000000,0.000000000,0.000000000,9.800000000,1.000000000,0.000000000,0.000000000,0.000000000
24.966662672,0.000000000,0.000000000,0.000000000,0.000000000,0.000000000,9.800000000,1.000000000,0.000000000,0.000000000,0.000000000
24.970829338,0.000000000,0.000000000,0.000000000,0.000000000,0.000000000,9.800000000,1.000000000,0.000000000,0.000000000,0.000000000
24.979162670,0.000000000,0.000000000,0.000000000,0.000000000,0.000000000,9.800000000,1.000000000,0.000000000,0.000000000,0.000000000
24.983329336,0.000000000,0.000000000,0.000000000,0.000000000,0.000000000,9.800000000,1.000000000,0.000000000,0.000000000,0.000000000
24.987496002,0.000000000,0.000000000,0.000000000,0.000000000,0.000000000,9.800000000,1.000000000,0.000000000,0.000000000,0.000000000
24.991662668,0.000000000,0.000000000,0.000000000,0.000000000,0.000000000,9.800000000,1.000000000,0.000000000,0.000000000,0.000000000
24.995829334,0.000000000,0.000000000,0.000000000,0.000000000,0.000000000,9.800000000,1.000000000,0.000000000,0.000000000,0.000000000
25.004162666,0.000000000,0.000000000,0.000000000,0.000000000,0.000000000,9.800000000,1.000000000,0.000000000,0.000000000,0.000000000
25.008329332,0.000000000,0.000000000,0.000000000,0.000000000,0.000000000,9.800000000,1.000000000,0.000000000,0.000000000,0.000000000
25.012495998,0.000000000,0.000000000,0.000000000,0.000000000,0.000000000,9.800000000,1.000000000,0.000000000,0.000000000,0.000000000
25.016662664,0.000000000,0.000000000,0.000000000,0.000000000,0.000000000,9.800000000,1.000000000,0.000000000,0.000000000,0.000000000
25.020829330,0.000000000,0.000000000,0.000000000,0.000000000,0.000000000,9.800000000,1.000000000,0.000000000,0.000000000,0.000000000
25.029162662,0.000000000,0.000000000,0.000000000,0.000000000,0.000000000,9.800000000,1.000000000,0.000000000,0.000000000,0.000000000
25.033329328,0.000000000,0.000000000,0.000000000,0.000000000,0.000000000,9.800000000,1.000000000,0.000000000,0.000000000,0.000000000
25.037495994,0.000000000,0.000000000,0.000000000,0.000000000,0.000000000,9.800000000,1.000000000,0.000000000,0.000000000,0.000000000
25.041662660,0.000000000,0.000000000,0.000000000,0.000000000,0.000000000,9.800000000,1.000000000,0.000000000,0.000000000,0.000000000
25.045829326,0.000000000,0.000000000,0.000000000,0.000000000,0.000000000,9.800000000,1.000000000,0.000000000,0.000000000,0.000000000
25.054162658,0.000000000,0.000000000,0.000000000,0.000000000,0.000000000,9.800000000,1.000000000,0.000000000,0.000000000,0.000000000
25.058329324,0.000000000,0.000000000,0.000000000,0.000000000,0.000000000,9.800000000,1.000000000,0.000000000,0.000000000,0.000000000
25.062495990,0.000000000,0.000000000,0.000000000,0.000000000,0.000000000,9.800000000,1.000000000,0.000000000,0.000000000,0.000000000
25.066662656,0.000000000,0.000000000,0.000000000,0.000000000,0.000000000,9.800000000,1.000000000,0.000000000,0.000000000,0.000000000
25.070829322,0.000000000,0.000000000,0.000000000,0.000000000,0.000000000,9.800000000,1.000000000,0.000000000,0.000000000,0.000000000
25.079162654,0.000000000,0.000000000,0.000000000,0.000000000,0.000000000,9.800000000,1.000000000,0.000000000,0.000000000,0.000000000
25.083329320,0.000000000,0.000000000,0.000000000,0.000000000,0.000000000,9.800000000,1.000000000,0.000000000,0.000000000,0.000000000
25.087495986,0.000000000,0.000000000,0.000000000,0.000000000,0.000000000,9.800000000,1.000000000,0.000000000,0.000000000,0.000000000
25.091662652,0.000000000,0.000000000,0.000000000,0.000000000,0.000000000,9.800000000,1.000000000,0.000000000,0.000000000,0.000000000
25.095829318,0.000000000,0.000000000,0.000000000,0.000000000,0.000000000,9.800000000,1.000000000,0.000000000,0.000000000,0.000000000
25.104162650,0.000000000,0.000000000,0.000000000,0.000000000,0.000000000,9.800000000,1.000000000,0.000000000,0.000000000,0.000000000
25.108329316,0.000000000,0.000000000,0.000000000,0.000000000,0.000000000,9.800000000,1.000000000,0.000000000,0.000000000,0.000000000
25.112495982,0.000000000,0.000000000,0.000000000,0.000000000,0.000000000,9.800000000,1.000000000,0.000000000,0.000000000,0.000000000
25.116662648,0.000000000,0.000000000,0.000000000,0.000000000,0.000000000,9.800000000,1.000000000,0.000000000,0.000000000,0.000000000
25.120829314,0.000000000,0.000000000,0.000000000,0.000000000,0.000000000,9.800000000,1.000000000,0.000000000,0.000000000,0.000000000
25.129162646,0.000000000,0.000000000,0.000000000,0.000000000,0.000000000,9.800000000,1.000000000,0.000000000,0.000000000,0.000000000
25.133329312,0.000000000,0.000000000,0.000000000,0.000000000,0.000000000,9.800000000,1.000000000,0.000000000,0.000000000,0.000000000
25.137495978,0.000000000,0.000000000,0.000000000,0.000000000,0.000000000,9.800000000,1.000000000,0.000000000,0.000000000,0.000000000
25.141662644,0.000000000,0.000000000,0.000000000,0.000000000,0.000000000,9.800000000,1.000000000,0.000000000,0.000000000,0.000000000
25.145829310,0.000000000,0.000000000,0.000000000,0.000000000,0.000000000,9.800000000,1.000000000,0.000000000,0.000000000,0.000000000
25.154162642,0.000000000,0.000000000,0.000000000,0.000000000,0.000000000,9.800000000,1.000000000,0.000000000,0.000000000,0.000000000
25.158329308,0.000000000,0.000000000,0.000000000,0.000000000,0.000000000,9.800000000,1.000000000,0.000000000,0.000000000,0.000000000
25.162495974,0.000000000,0.000000000,0.000000000,0.000000000,0.000000000,9.800000000,1.000000000,0.000000000,0.000000000,0.000000000
25.166662640,0.000000000,0.000000000,0.000000000,0.000000000,0.000000000,9.800000000,1.000000000,0.000000000,0.000000000,0.000000000
25.170829306,0.000000000,0.000000000,0.000000000,0.000000000,0.000000000,9.800000000,1.000000000,0.000000000,0.000000000,0.000000000
25.179162638,0.000000000,0.000000000,0.000000000,0.000000000,0.000000000,9.800000000,1.000000000,0.000000000,0.000000000,0.000000000
25.183329304,0.000000000,0.000000000,0.000000000,0.000000000,0.000000000,9.800000000,1.000000000,0.000000000,0.000000000,0.000000000
25.187495970,0.000000000,0.000000000,0.000000000,0.000000000,0.000000000,9.800000000,1.000000000,0.000000000,0.000000000,0.000000000
25.191662636,0.000000000,0.000000000,0.000000000,0.000000000,0.000000000,9.800000000,1.000000000,0.000000000,0.000000000,0.000000000
25.195829302,0.000000000,0.000000000,0.000000000,0.000000000,0.000000000,9.800000000,1.000000000,0.000000000,0.000000000,0.000000000
25.204162634,0.000000000,0.000000000,0.000000000,0.000000000,0.000000000,9.800000000,1.000000000,0.000000000,0.000000000,0.000000000
25.208329300,0.000000000,0.000000000,0.000000000,0.000000000,0.000000000,9.800000000,1.000000000,0.000000000,0.000000000,0.000000000
25.212495966,0.000000000,0.000000000,0.000000000,0.000000000,0.000000000,9.800000000,1.000000000,0.000000000,0.000000000,0.000000000
25.216662632,0.000000000,0.000000000,0.000000000,0.000000000,0.000000000,9.800000000,1.000000000,0.000000000,0.000000000,0.000000000
25.220829298,0.000000000,0.000000000,0.000000000,0.000000000,0.000000000,9.800000000,1.000000000,0.000000000,0.000000000,0.000000000
25.229162630,0.000000000,0.000000000,0.000000000,0.000000000,0.000000000,9.800000000,1.000000000,0.000000000,0.000000000,0.000000000
25.233329296,0.000000000,0.000000000,0.000000000,0.000000000,0.000000000,9.800000000,1.000000000,0.000000000,0.000000000,0.000000000
25.237495962,0.000000000,0.000000000,0.000000000,0.000000000,0.000000000,9.800000000,1.000000000,0.000000000,0.000000000,0.000000000
25.241662628,0.000000000,0.000000000,0.000000000,0.000000000,0.000000000,9.800000000,1.000000000,0.000000000,0.000000000,0.000000000
25.245829294,0.000000000,0.000000000,0.000000000,0.000000000,0.000000000,9.800000000,1.000000000,0.000000000,0.000000000,0.000000000
25.254162626,0.000000000,0.000000000,0.000000000,0.000000000,0.000000000,9.800000000,1.000000000,0.000000000,0.000000000,0.000000000
25.258329292,0.000000000,0.000000000,0.000000000,0.000000000,0.000000000,9.800000000,1.000000000,0.000000000,0.000000000,0.000000000
25.262495958,0.000000000,0.000000000,0.000000000,0.000000000,0.000000000,9.800000000,1.000000000,0.000000000,0.000000000,0.000000000
25.266662624,0.000000000,0.000000000,0.000000000,0.000000000,0.000000000,9.800000000,1.000000000,0.000000000,0.000000000,0.000000000
25.270829290,0.000000000,0.000000000,0.000000000,0.000000000,0.000000000,9.800000000,1.000000000,0.000000000,0.000000000,0.000000000
25.279162622,0.000000000,0.000000000,0.000000000,0.000000000,0.000000000,9.800000000,1.000000000,0.000000000,0.000000000,0.000000000
25.283329288,0.000000000,0.000000000,0.000000000,0.000000000,0.000000000,9.800000000,1.000000000,0.000000000,0.000000000,0.000000000
25.287495954,0.000000000,0.000000000,0.000000000,0.000000000,0.000000000,9.800000000,1.000000000,0.000000000,0.000000000,0.000000000
25.291662620,0.000000000,0.000000000,0.000000000,0.000000000,0.000000000,9.800000000,1.000000000,0.000000000,0.000000000,0.000000000
25.295829286,0.000000000,0.000000000,0.000000000,0.000000000,0.000000000,9.800000000,1.000000000,0.000000000,0.000000000,0.000000000
25.304162618,0.000000000,0.000000000,0.000000000,0.000000000,0.000000000,9.800000000,1.000000000,0.000000000,0.000000000,0.000000000
25.308329284,0.000000000,0.000000000,0.000000000,0.000000000,0.000000000,9.800000000,1.000000000,0.000000000,0.000000000,0.000000000
25.312495950,0.000000000,0.000000000,0.000000000,0.000000000,0.000000000,9.800000000,1.000000000,0.000000000,0.000000000,0.000000000
25.316662616,0.000000000,0.000000000,0.000000000,0.000000000,0.000000000,9.800000000,1.000000000,0.000000000,0.000000000,0.000000000
25.320829282,0.000000000,0.000000000,0.000000000,0.000000000,0.000000000,9.800000000,1.000000000,0.000000000,0.000000000,0.000000000
25.329162614,0.000000000,0.000000000,0.000000000,0.000000000,0.000000000,9.800000000,1.000000000,0.000000000,0.000000000,0.000000000
25.333329280,0.000000000,0.000000000,0.000000000,0.000000000,0.000000000,9.800000000,1.000000000,0.000000000,0.000000000,0.000000000
25.337495946,0.000000000,0.000000000,0.000000000,0.000000000,0.000000000,9.800000000,1.000000000,0.000000000,0.000000000,0.000000000
25.341662612,0.000000000,0.000000000,0.000000000,0.000000000,0.000000000,9.800000000,1.000000000,0.000000000,0.000000000,0.000000000
25.345829278,0.000000000,0.000000000,0.000000000,0.000000000,0.000000000,9.800000000,1.000000000,0.000000000,0.000000000,0.000000000
25.354162610,0.000000000,0.000000000,0.000000000,0.000000000,0.000000000,9.800000000,1.000000000,0.000000000,0.000000000,0.000000000
25.358329276,0.000000000,0.000000000,0.000000000,0.000000000,0.000000000,9.800000000,1.000000000,0.000000000,0.000000000,0.000000000
25.362495942,0.000000000,0.000000000,0.000000000,0.000000000,0.000000000,9.800000000,1.000000000,0.000000000,0.000000000,0.000000000
25.366662608,0.000000000,0.000000000,0.000000000,0.000000000,0.000000000,9.800000000,1.000000000,0.000000000,0.000000000,0.000000000
25.370829274,0.000000000,0.000000000,0.000000000,0.000000000,0.000000000,9.800000000,1.000000000,0.000000000,0.000000000,0.000000000
25.379162606,0.000000000,0.000000000,0.000000000,0.000000000,0.000000000,9.800000000,1.000000000,0.000000000,0.000000000,0.000000000
25.383329272,0.000000000,0.000000000,0.000000000,0.000000000,0.000000000,9.800000000,1.000000000,0.000000000,0.000000000,0.000000000
25.387495938,0.000000000,0.000000000,0.000000000,0.000000000,0.000000000,9.800000000,1.000000000,0.000000000,0.000000000,0.000000000
25.391662604,0.000000000,0.000000000,0.000000000,0.000000000,0.000000000,9.800000000,1.000000000,0.000000000,0.000000000,0.000000000
25.395829270,0.000000000,0.000000000,0.000000000,0.000000000,0.000000000,9.800000000,1.000000000,0.000000000,0.000000000,0.000000000
25.404162602,0.000000000,0.000000000,0.000000000,0.000000000,0.000000000,9.800000000,1.000000000,0.000000000,0.000000000,0.000000000
25.408329268,0.000000000,0.000000000,0.000000000,0.000000000,0.000000000,9.800000000,1.000000000,0.000000000,0.000000000,0.000000000
25.412495934,0.000000000,0.000000000,0.000000000,0.000000000,0.000000000,9.800000000,1.000000000,0.000000000,0.000000000,0.000000000
25.416662600,0.000000000,0.000000000,0.000000000,0.000000000,0.000000000,9.800000000,1.000000000,0.000000000,0.000000000,0.000000000
25.420829266,0.000000000,0.000000000,0.000000000,0.000000000,0.000000000,9.800000000,1.000000000,0.000000000,0.000000000,0.000000000
25.429162598,0.000000000,0.000000000,0.000000000,0.000000000,0.000000000,9.800000000,1.000000000,0.000000000,0.000000000,0.000000000
25.433329264,0.000000000,0.000000000,0.000000000,0.000000000,0.000000000,9.800000000,1.000000000,0.000000000,0.000000000,0.000000000
25.437495930,0.000000000,0.000000000,0.000000000,0.000000000,0.000000000,9.800000000,1.000000000,0.000000000,0.000000000,0.000000000
25.441662596,0.000000000,0.000000000,0.000000000,0.000000000,0.000000000,9.800000000,1.000000000,0.000000000,0.000000000,0.000000000
25.445829262,0.000000000,0.000000000,0.000000000,0.000000000,0.000000000,9.800000000,1.000000000,0.000000000,0.000000000,0.000000000
25.454162594,0.000000000,0.000000000,0.000000000,0.000000000,0.000000000,9.800000000,1.000000000,0.000000000,0.000000000,0.000000000
25.458329260,0.000000000,0.000000000,0.000000000,0.000000000,0.000000000,9.800000000,1.000000000,0.000000000,0.000000000,0.000000000
25.462495926,0.000000000,0.000000000,0.000000000,0.000000000,0.000000000,9.800000000,1.000000000,0.000000000,0.000000000,0.000000000
25.466662592,0.000000000,0.000000000,0.000000000,0.000000000,0.000000000,9.800000000,1.000000000,0.000000000,0.000000000,0.000000000
25.470829258,0.000000000,0.000000000,0.000000000,0.000000000,0.000000000,9.800000000,1.000000000,0.000000000,0.000000000,0.000000000
25.479162590,0.000000000,0.000000000,0.000000000,0.000000000,0.000000000,9.800000000,1.000000000,0.000000000,0.000000000,0.000000000
25.483329256,0.000000000,0.000000000,0.000000000,0.000000000,0.000000000,9.800000000,1.000000000,0.000000000,0.000000000,0.000000000
25.487495922,0.000000000,0.000000000,0.000000000,0.000000000,0.000000000,9.800000000,1.000000000,0.000000000,0.000000000,0.000000000
25.491662588,0.000000000,0.000000000,0.000000000,0.000000000,0.000000000,9.800000000,1.000000000,0.000000000,0.000000000,0.000000000
25.495829254,0.000000000,0.000000000,0.000000000,0.000000000,0.000000000,9.800000000,1.000000000,0.000000000,0.000000000,0.000000000
25.504162586,0.000000000,0.000000000,0.000000000,0.000000000,0.000000000,9.800000000,1.000000000,0.000000000,0.000000000,0.000000000
25.508329252,0.000000000,0.000000000,0.000000000,0.000000000,0.000000000,9.800000000,1.000000000,0.000000000,0.000000000,0.000000000
25.512495918,0.000000000,0.000000000,0.000000000,0.000000000,0.000000000,9.800000000,1.000000000,0.000000000,0.000000000,0.000000000
25.516662584,0.000000000,0.000000000,0.000000000,0.000000000,0.000000000,9.800000000,1.000000000,0.000000000,0.000000000,0.000000000
25.520829250,0.000000000,0.000000000,0.000000000,0.000000000,0.000000000,9.800000000,1.000000000,0.000000000,0.000000000,0.000000000
25.529162582,0.000000000,0.000000000,0.000000000,0.000000000,0.000000000,9.800000000,1.000000000,0.000000000,0.000000000,0.000000000
25.533329248,0.000000000,0.000000000,0.000000000,0.000000000,0.000000000,9.800000000,1.000000000,0.000000000,0.000000000,0.000000000
25.537495914,0.000000000,0.000000000,0.000000000,0.000000000,0.000000000,9.800000000,1.000000000,0.000000000,0.000000000,0.000000000
25.541662580,0.000000000,0.000000000,0.000000000,0.000000000,0.000000000,9.800000000,1.000000000,0.000000000,0.000000000,0.000000000
25.545829246,0.000000000,0.000000000,0.000000000,0.000000000,0.000000000,9.800000000,1.000000000,0.000000000,0.000000000,0.000000000
25.554162578,0.000000000,0.000000000,0.000000000,0.000000000,0.000000000,9.800000000,1.000000000,0.000000000,0.000000000,0.000000000
25.558329244,0.000000000,0.000000000,0.000000000,0.000000000,0.000000000,9.800000000,1.000000000,0.000000000,0.000000000,0.000000000
25.562495910,0.000000000,0.000000000,0.000000000,0.000000000,0.000000000,9.800000000,1.000000000,0.000000000,0.000000000,0.000000000
25.566662576,0.000000000,0.000000000,0.000000000,0.000000000,0.000000000,9.800000000,1.000000000,0.000000000,0.000000000,0.000000000
25.570829242,0.000000000,0.000000000,0.000000000,0.000000000,0.000000000,9.800000000,1.000000000,0.000000000,0.000000000,0.000000000
25.579162574,0.000000000,0.000000000,0.000000000,0.000000000,0.000000000,9.800000000,1.000000000,0.000000000,0.000000000,0.000000000
25.583329240,0.000000000,0.000000000,0.000000000,0.000000000,0.000000000,9.800000000,1.000000000,0.000000000,0.000000000,0.000000000
25.587495906,0.000000000,0.000000000,0.000000000,0.000000000,0.000000000,9.800000000,1.000000000,0.000000000,0.000000000,0.000000000
25.591662572,0.000000000,0.000000000,0.000000000,0.000000000,0.000000000,9.800000000,1.000000000,0.000000000,0.000000000,0.000000000
25.595829238,0.000000000,0.000000000,0.000000000,0.000000000,0.000000000,9.800000000,1.000000000,0.000000000,0.000000000,0.000000000
25.604162570,0.000000000,0.000000000,0.000000000,0.000000000,0.000000000,9.800000000,1.000000000,0.000000000,0.000000000,0.000000000
25.608329236,0.000000000,0.000000000,0.000000000,0.000000000,0.000000000,9.800000000,1.000000000,0.000000000,0.000000000,0.000000000
25.612495902,0.000000000,0.000000000,0.000000000,0.000000000,0.000000000,9.800000000,1.000000000,0.000000000,0.000000000,0.000000000
25.616662568,0.000000000,0.000000000,0.000000000,0.000000000,0.000000000,9.800000000,1.000000000,0.000000000,0.000000000,0.000000000
25.620829234,0.000000000,0.000000000,0.000000000,0.000000000,0.000000000,9.800000000,1.000000000,0.000000000,0.000000000,0.000000000
25.629162566,0.000000000,0.000000000,0.000000000,0.000000000,0.000000000,9.800000000,1.000000000,0.000000000,0.000000000,0.000000000
25.633329232,0.000000000,0.000000000,0.000000000,0.000000000,0.000000000,9.800000000,1.000000000,0.000000000,0.000000000,0.000000000
25.637495898,0.000000000,0.000000000,0.000000000,0.000000000,0.000000000,9.800000000,1.000000000,0.000000000,0.000000000,0.000000000
25.641662564,0.000000000,0.000000000,0.000000000,0.000000000,0.000000000,9.800000000,1.000000000,0.000000000,0.000000000,0.000000000
25.645829230,0.000000000,0.000000000,0.000000000,0.000000000,0.000000000,9.800000000,1.000000000,0.000000000,0.000000000,0.000000000
25.654162562,0.000000000,0.000000000,0.000000000,0.000000000,0.000000000,9.800000000,1.000000000,0.000000000,0.000000000,0.000000000
25.658329228,0.000000000,0.000000000,0.000000000,0.000000000,0.000000000,9.800000000,1.000000000,0.000000000,0.000000000,0.000000000
25.662495894,0.000000000,0.000000000,0.000000000,0.000000000,0.000000000,9.800000000,1.000000000,0.000000000,0.000000000,0.000000000
25.666662560,0.000000000,0.000000000,0.000000000,0.000000000,0.000000000,9.800000000,1.000000000,0.000000000,0.000000000,0.000000000
25.670829226,0.000000000,0.000000000,0.000000000,0.000000000,0.000000000,9.800000000,1.000000000,0.000000000,0.000000000,0.000000000
25.679162558,0.000000000,0.000000000,0.000000000,0.000000000,0.000000000,9.800000000,1.000000000,0.000000000,0.000000000,0.000000000
25.683329224,0.000000000,0.000000000,0.000000000,0.000000000,0.000000000,9.800000000,1.000000000,0.000000000,0.000000000,0.000000000
25.687495890,0.000000000,0.000000000,0.000000000,0.000000000,0.000000000,9.800000000,1.000000000,0.000000000,0.000000000,0.000000000
25.691662556,0.000000000,0.000000000,0.000000000,0.000000000,0.000000000,9.800000000,1.000000000,0.000000000,0.000000000,0.000000000
25.695829222,0.000000000,0.000000000,0.000000000,0.000000000,0.000000000,9.800000000,1.000000000,0.000000000,0.000000000,0.000000000
25.704162554,0.000000000,0.000000000,0.000000000,0.000000000,0.000000000,9.800000000,1.000000000,0.000000000,0.000000000,0.000000000
25.708329220,0.000000000,0.000000000,0.000000000,0.000000000,0.000000000,9.800000000,1.000000000,0.000000000,0.000000000,0.000000000
25.712495886,0.000000000,0.000000000,0.000000000,0.000000000,0.000000000,9.800000000,1.000000000,0.000000000,0.000000000,0.000000000
25.716662552,0.000000000,0.000000000,0.000000000,0.000000000,0.000000000,9.800000000,1.000000000,0.000000000,0.000000000,0.000000000
25.720829218,0.000000000,0.000000000,0.000000000,0.000000000,0.000000000,9.800000000,1.000000000,0.000000000,0.000000000,0.000000000
25.729162550,0.000000000,0.000000000,0.000000000,0.000000000,0.000000000,9.800000000,1.000000000,0.000000000,0.000000000,0.000000000
25.733329216,0.000000000,0.000000000,0.000000000,0.000000000,0.000000000,9.800000000,1.000000000,0.000000000,0.000000000,0.000000000
25.737495882,0.000000000,0.000000000,0.000000000,0.000000000,0.000000000,9.800000000,1.000000000,0.000000000,0.000000000,0.000000000
25.741662548,0.000000000,0.000000000,0.000000000,0.000000000,0.000000000,9.800000000,1.000000000,0.000000000,0.000000000,0.000000000
25.745829214,0.000000000,0.000000000,0.000000000,0.000000000,0.000000000,9.800000000,1.000000000,0.000000000,0.000000000,0.000000000
25.754162546,0.000000000,0.000000000,0.000000000,0.000000000,0.000000000,9.800000000,1.000000000,0.000000000,0.000000000,0.000000000
25.758329212,0.000000000,0.000000000,0.000000000,0.000000000,0.000000000,9.800000000,1.000000000,0.000000000,0.000000000,0.000000000
25.762495878,0.000000000,0.000000000,0.000000000,0.000000000,0.000000000,9.800000000,1.000000000,0.000000000,0.000000000,0.000000000
25.766662544,0.000000000,0.000000000,0.000000000,0.000000000,0.000000000,9.800000000,1.000000000,0.000000000,0.000000000,0.000000000
25.770829210,0.000000000,0.000000000,0.000000000,0.000000000,0.000000000,9.800000000,1.000000000,0.000000000,0.000000000,0.000000000
25.779162542,0.000000000,0.000000000,0.000000000,0.000000000,0.000000000,9.800000000,1.000000000,0.000000000,0.000000000,0.000000000
25.783329208,0.000000000,0.000000000,0.000000000,0.000000000,0.000000000,9.800000000,1.000000000,0.000000000,0.000000000,0.000000000
25.787495874,0.000000000,0.000000000,0.000000000,0.000000000,0.000000000,9.800000000,1.000000000,0.000000000,0.000000000,0.000000000
25.791662540,0.000000000,0.000000000,0.000000000,0.000000000,0.000000000,9.800000000,1.000000000,0.000000000,0.000000000,0.000000000
25.795829206,0.000000000,0.000000000,0.000000000,0.000000000,0.000000000,9.800000000,1.000000000,0.000000000,0.000000000,0.000000000
25.804162538,0.000000000,0.000000000,0.000000000,0.000000000,0.000000000,9.800000000,1.000000000,0.000000000,0.000000000,0.000000000
25.808329204,0.000000000,0.000000000,0.000000000,0.000000000,0.000000000,9.800000000,1.000000000,0.000000000,0.000000000,0.000000000
25.812495870,0.000000000,0.000000000,0.000000000,0.000000000,0.000000000,9.800000000,1.000000000,0.000000000,0.000000000,0.000000000
25.816662536,0.000000000,0.000000000,0.000000000,0.000000000,0.000000000,9.800000000,1.000000000,0.000000000,0.000000000,0.000000000
25.820829202,0.000000000,0.000000000,0.000000000,0.000000000,0.000000000,9.800000000,1.000000000,0.000000000,0.000000000,0.000000000
25.829162534,0.000000000,0.000000000,0.000000000,0.000000000,0.000000000,9.800000000,1.000000000,0.000000000,0.000000000,0.000000000
25.833329200,0.000000000,0.000000000,0.000000000,0.000000000,0.000000000,9.800000000,1.000000000,0.000000000,0.000000000,0.000000000
25.837495866,0.000000000,0.000000000,0.000000000,0.000000000,0.000000000,9.800000000,1.000000000,0.000000000,0.000000000,0.000000000
25.841662532,0.000000000,0.000000000,0.000000000,0.000000000,0.000000000,9.800000000,1.000000000,0.000000000,0.000000000,0.000000000
25.845829198,0.000000000,0.000000000,0.000000000,0.000000000,0.000000000,9.800000000,1.000000000,0.000000000,0.000000000,0.000000000
25.854162530,0.000000000,0.000000000,0.000000000,0.000000000,0.000000000,9.800000000,1.000000000,0.000000000,0.000000000,0.000000000
25.858329196,0.000000000,0.000000000,0.000000000,0.000000000,0.000000000,9.800000000,1.000000000,0.000000000,0.000000000,0.000000000
25.862495862,0.000000000,0.000000000,0.000000000,0.000000000,0.000000000,9.800000000,1.000000000,0.000000000,0.000000000,0.000000000
25.866662528,0.000000000,0.000000000,0.000000000,0.000000000,0.000000000,9.800000000,1.000000000,0.000000000,0.000000000,0.000000000
25.870829194,0.000000000,0.000000000,0.000000000,0.000000000,0.000000000,9.800000000,1.000000000,0.000000000,0.000000000,0.000000000
25.879162526,0.000000000,0.000000000,0.000000000,0.000000000,0.000000000,9.800000000,1.000000000,0.000000000,0.000000000,0.000000000
25.883329192,0.000000000,0.000000000,0.000000000,0.000000000,0.000000000,9.800000000,1.000000000,0.000000000,0.000000000,0.000000000
25.887495858,0.000000000,0.000000000,0.000000000,0.000000000,0.000000000,9.800000000,1.000000000,0.000000000,0.000000000,0.000000000
25.891662524,0.000000000,0.000000000,0.000000000,0.000000000,0.000000000,9.800000000,1.000000000,0.000000000,0.000000000,0.000000000
25.895829190,0.000000000,0.000000000,0.000000000,0.000000000,0.000000000,9.800000000,1.000000000,0.000000000,0.000000000,0.000000000
25.904162522,0.000000000,0.000000000,0.000000000,0.000000000,0.000000000,9.800000000,1.000000000,0.000000000,0.000000000,0.000000000
25.908329188,0.000000000,0.000000000,0.000000000,0.000000000,0.000000000,9.800000000,1.000000000,0.000000000,0.000000000,0.000000000
25.912495854,0.000000000,0.000000000,0.000000000,0.000000000,0.000000000,9.800000000,1.000000000,0.000000000,0.000000000,0.000000000
25.916662520,0.000000000,0.000000000,0.000000000,0.000000000,0.000000000,9.800000000,1.000000000,0.000000000,0.000000000,0.000000000
25.920829186,0.000000000,0.000000000,0.000000000,0.000000000,0.000000000,9.800000000,1.000000000,0.000000000,0.000000000,0.000000000
25.929162518,0.000000000,0.000000000,0.000000000,0.000000000,0.000000000,9.800000000,1.000000000,0.000000000,0.000000000,0.000000000
25.933329184,0.000000000,0.000000000,0.000000000,0.000000000,0.000000000,9.800000000,1.000000000,0.000000000,0.000000000,0.000000000
25.937495850,0.000000000,0.000000000,0.000000000,0.000000000,0.000000000,9.800000000,1.000000000,0.000000000,0.000000000,0.000000000
25.941662516,0.000000000,0.000000000,0.000000000,0.000000000,0.000000000,9.800000000,1.000000000,0.000000000,0.000000000,0.000000000
25.945829182,0.000000000,0.000000000,0.000000000,0.000000000,0.000000000,9.800000000,1.000000000,0.000000000,0.000000000,0.000000000
25.954162514,0.000000000,0.000000000,0.000000000,0.000000000,0.000000000,9.800000000,1.000000000,0.000000000,0.000000000,0.000000000
25.958329180,0.000000000,0.000000000,0.000000000,0.000000000,0.000000000,9.800000000,1.000000000,0.000000000,0.000000000,0.000000000
25.962495846,0.000000000,0.000000000,0.000000000,0.000000000,0.000000000,9.800000000,1.000000000,0.000000000,0.000000000,0.000000000
25.966662512,0.000000000,0.000000000,0.000000000,0.000000000,0.000000000,9.800000000,1.000000000,0.000000000,0.000000000,0.000000000
25.970829178,0.000000000,0.000000000,0.000000000,0.000000000,0.000000000,9.800000000,1.000000000,0.000000000,0.000000000,0.000000000
25.979162510,0.000000000,0.000000000,0.000000000,0.000000000,0.000000000,9.800000000,1.000000000,0.000000000,0.000000000,0.000000000
25.983329176,0.000000000,0.000000000,0.000000000,0.000000000,0.000000000,9.800000000,1.000000000,0.000000000,0.000000000,0.000000000
25.987495842,0.000000000,0.000000000,0.000000000,0.000000000,0.000000000,9.800000000,1.000000000,0.000000000,0.000000000,0.000000000
25.991662508,0.000000000,0.000000000,0.000000000,0.000000000,0.000000000,9.800000000,1.000000000,0.000000000,0.000000000,0.000000000
25.995829174,0.000000000,0.000000000,0.000000000,0.000000000,0.000000000,9.800000000,1.000000000,0.000000000,0.000000000,0.000000000
26.004162506,0.000000000,0.000000000,0.000000000,0.000000000,0.000000000,9.800000000,1.000000000,0.000000000,0.000000000,0.000000000
26.008329172,0.000000000,0.000000000,0.000000000,0.000000000,0.000000000,9.800000000,1.000000000,0.000000000,0.000000000,0.000000000
26.012495838,0.000000000,0.000000000,0.000000000,0.000000000,0.000000000,9.800000000,1.000000000,0.000000000,0.000000000,0.000000000
26.016662504,0.000000000,0.000000000,0.000000000,0.000000000,0.000000000,9.800000000,1.000000000,0.000000000,0.000000000,0.000000000
26.020829170,0.000000000,0.000000000,0.000000000,0.000000000,0.000000000,9.800000000,1.000000000,0.000000000,0.000000000,0.000000000
26.029162502,0.000000000,0.000000000,0.000000000,0.000000000,0.000000000,9.800000000,1.000000000,0.000000000,0.000000000,0.000000000
26.033329168,0.000000000,0.000000000,0.000000000,0.000000000,0.000000000,9.800000000,1.000000000,0.000000000,0.000000000,0.000000000
26.037495834,0.000000000,0.000000000,0.000000000,0.000000000,0.000000000,9.800000000,1.000000000,0.000000000,0.000000000,0.000000000
26.041662500,0.000000000,0.000000000,0.000000000,0.000000000,0.000000000,9.800000000,1.000000000,0.000000000,0.000000000,0.000000000
26.045829166,0.000000000,0.000000000,0.000000000,0.000000000,0.000000000,9.800000000,1.000000000,0.000000000,0.000000000,0.000000000
26.054162498,0.000000000,0.000000000,0.000000000,0.000000000,0.000000000,9.800000000,1.000000000,0.000000000,0.000000000,0.000000000
26.058329164,0.000000000,0.000000000,0.000000000,0.000000000,0.000000000,9.800000000,1.000000000,0.000000000,0.000000000,0.000000000
26.062495830,0.000000000,0.000000000,0.000000000,0.000000000,0.000000000,9.800000000,1.000000000,0.000000000,0.000000000,0.000000000
26.066662496,0.000000000,0.000000000,0.000000000,0.000000000,0.000000000,9.800000000,1.000000000,0.000000000,0.000000000,0.000000000
26.070829162,0.000000000,0.000000000,0.000000000,0.000000000,0.000000000,9.800000000,1.000000000,0.000000000,0.000000000,0.000000000
26.079162494,0.000000000,0.000000000,0.000000000,0.000000000,0.000000000,9.800000000,1.000000000,0.000000000,0.000000000,0.000000000
26.083329160,0.000000000,0.000000000,0.000000000,0.000000000,0.000000000,9.800000000,1.000000000,0.000000000,0.000000000,0.000000000
26.087495826,0.000000000,0.000000000,0.000000000,0.000000000,0.000000000,9.800000000,1.000000000,0.000000000,0.000000000,0.000000000
26.091662492,0.000000000,0.000000000,0.000000000,0.000000000,0.000000000,9.800000000,1.000000000,0.000000000,0.000000000,0.000000000
26.095829158,0.000000000,0.000000000,0.000000000,0.000000000,0.000000000,9.800000000,1.000000000,0.000000000,0.000000000,0.000000000
26.104162490,0.000000000,0.000000000,0.000000000,0.000000000,0.000000000,9.800000000,1.000000000,0.000000000,0.000000000,0.000000000
26.108329156,0.000000000,0.000000000,0.000000000,0.000000000,0.000000000,9.800000000,1.000000000,0.000000000,0.000000000,0.000000000
26.112495822,0.000000000,0.000000000,0.000000000,0.000000000,0.000000000,9.800000000,1.000000000,0.000000000,0.000000000,0.000000000
26.116662488,0.000000000,0.000000000,0.000000000,0.000000000,0.000000000,9.800000000,1.000000000,0.000000000,0.000000000,0.000000000
26.120829154,0.000000000,0.000000000,0.000000000,0.000000000,0.000000000,9.800000000,1.000000000,0.000000000,0.000000000,0.000000000
26.129162486,0.000000000,0.000000000,0.000000000,0.000000000,0.000000000,9.800000000,1.000000000,0.000000000,0.000000000,0.000000000
26.133329152,0.000000000,0.000000000,0.000000000,0.000000000,0.000000000,9.800000000,1.000000000,0.000000000,0.000000000,0.000000000
26.137495818,0.000000000,0.000000000,0.000000000,0.000000000,0.000000000,9.800000000,1.000000000,0.000000000,0.000000000,0.000000000
26.141662484,0.000000000,0.000000000,0.000000000,0.000000000,0.000000000,9.800000000,1.000000000,0.000000000,0.000000000,0.000000000
26.145829150,0.000000000,0.000000000,0.000000000,0.000000000,0.000000000,9.800000000,1.000000000,0.000000000,0.000000000,0.000000000
26.154162482,0.000000000,0.000000000,0.000000000,0.000000000,0.000000000,9.800000000,1.000000000,0.000000000,0.000000000,0.000000000
26.158329148,0.000000000,0.000000000,0.000000000,0.000000000,0.000000000,9.800000000,1.000000000,0.000000000,0.000000000,0.000000000
26.162495814,0.000000000,0.000000000,0.000000000,0.000000000,0.000000000,9.800000000,1.000000000,0.000000000,0.000000000,0.000000000
26.166662480,0.000000000,0.000000000,0.000000000,0.000000000,0.000000000,9.800000000,1.000000000,0.000000000,0.000000000,0.000000000
26.170829146,0.000000000,0.000000000,0.000000000,0.000000000,0.000000000,9.800000000,1.000000000,0.000000000,0.000000000,0.000000000
26.179162478,0.000000000,0.000000000,0.000000000,0.000000000,0.000000000,9.800000000,1.000000000,0.000000000,0.000000000,0.000000000
26.183329144,0.000000000,0.000000000,0.000000000,0.000000000,0.000000000,9.800000000,1.000000000,0.000000000,0.000000000,0.000000000
26.187495810,0.000000000,0.000000000,0.000000000,0.000000000,0.000000000,9.800000000,1.000000000,0.000000000,0.000000000,0.000000000
26.191662476,0.000000000,0.000000000,0.000000000,0.000000000,0.000000000,9.800000000,1.000000000,0.000000000,0.000000000,0.000000000
26.195829142,0.000000000,0.000000000,0.000000000,0.000000000,0.000000000,9.800000000,1.000000000,0.000000000,0.000000000,0.000000000
26.204162474,0.000000000,0.000000000,0.000000000,0.000000000,0.000000000,9.800000000,1.000000000,0.000000000,0.000000000,0.000000000
26.208329140,0.000000000,0.000000000,0.000000000,0.000000000,0.000000000,9.800000000,1.000000000,0.000000000,0.000000000,0.000000000
26.212495806,0.000000000,0.000000000,0.000000000,0.000000000,0.000000000,9.800000000,1.000000000,0.000000000,0.000000000,0.000000000
26.216662472,0.000000000,0.000000000,0.000000000,0.000000000,0.000000000,9.800000000,1.000000000,0.000000000,0.000000000,0.000000000
26.220829138,0.000000000,0.000000000,0.000000000,0.000000000,0.000000000,9.800000000,1.000000000,0.000000000,0.000000000,0.000000000
26.229162470,0.000000000,0.000000000,0.000000000,0.000000000,0.000000000,9.800000000,1.000000000,0.000000000,0.000000000,0.000000000
26.233329136,0.000000000,0.000000000,0.000000000,0.000000000,0.000000000,9.800000000,1.000000000,0.000000000,0.000000000,0.000000000
26.237495802,0.000000000,0.000000000,0.000000000,0.000000000,0.000000000,9.800000000,1.000000000,0.000000000,0.000000000,0.000000000
26.241662468,0.000000000,0.000000000,0.000000000,0.000000000,0.000000000,9.800000000,1.000000000,0.000000000,0.000000000,0.000000000
26.245829134,0.000000000,0.000000000,0.000000000,0.000000000,0.000000000,9.800000000,1.000000000,0.000000000,0.000000000,0.000000000
26.254162466,0.000000000,0.000000000,0.000000000,0.000000000,0.000000000,9.800000000,1.000000000,0.000000000,0.000000000,0.000000000
26.258329132,0.000000000,0.000000000,0.000000000,0.000000000,0.000000000,9.800000000,1.000000000,0.000000000,0.000000000,0.000000000
26.262495798,0.000000000,0.000000000,0.000000000,0.000000000,0.000000000,9.800000000,1.000000000,0.000000000,0.000000000,0.000000000
26.266662464,0.000000000,0.000000000,0.000000000,0.000000000,0.000000000,9.800000000,1.000000000,0.000000000,0.000000000,0.000000000
26.270829130,0.000000000,0.000000000,0.000000000,0.000000000,0.000000000,9.800000000,1.000000000,0.000000000,0.000000000,0.000000000
26.279162462,0.000000000,0.000000000,0.000000000,0.000000000,0.000000000,9.800000000,1.000000000,0.000000000,0.000000000,0.000000000
26.283329128,0.000000000,0.000000000,0.000000000,0.000000000,0.000000000,9.800000000,1.000000000,0.000000000,0.000000000,0.000000000
26.287495794,0.000000000,0.000000000,0.000000000,0.000000000,0.000000000,9.800000000,1.000000000,0.000000000,0.000000000,0.000000000
26.291662460,0.000000000,0.000000000,0.000000000,0.000000000,0.000000000,9.800000000,1.000000000,0.000000000,0.000000000,0.000000000
26.295829126,0.000000000,0.000000000,0.000000000,0.000000000,0.000000000,9.800000000,1.000000000,0.000000000,0.000000000,0.000000000
26.304162458,0.000000000,0.000000000,0.000000000,0.000000000,0.000000000,9.800000000,1.000000000,0.000000000,0.000000000,0.000000000
26.308329124,0.000000000,0.000000000,0.000000000,0.000000000,0.000000000,9.800000000,1.000000000,0.000000000,0.000000000,0.000000000
26.312495790,0.000000000,0.000000000,0.000000000,0.000000000,0.000000000,9.800000000,1.000000000,0.000000000,0.000000000,0.000000000
26.316662456,0.000000000,0.000000000,0.000000000,0.000000000,0.000000000,9.800000000,1.000000000,0.000000000,0.000000000,0.000000000
26.320829122,0.000000000,0.000000000,0.000000000,0.000000000,0.000000000,9.800000000,1.000000000,0.000000000,0.000000000,0.000000000
26.329162454,0.000000000,0.000000000,0.000000000,0.000000000,0.000000000,9.800000000,1.000000000,0.000000000,0.000000000,0.000000000
26.333329120,0.000000000,0.000000000,0.000000000,0.000000000,0.000000000,9.800000000,1.000000000,0.000000000,0.000000000,0.000000000
26.337495786,0.000000000,0.000000000,0.000000000,0.000000000,0.000000000,9.800000000,1.000000000,0.000000000,0.000000000,0.000000000
26.341662452,0.000000000,0.000000000,0.000000000,0.000000000,0.000000000,9.800000000,1.000000000,0.000000000,0.000000000,0.000000000
26.345829118,0.000000000,0.000000000,0.000000000,0.000000000,0.000000000,9.800000000,1.000000000,0.000000000,0.000000000,0.000000000
26.354162450,0.000000000,0.000000000,0.000000000,0.000000000,0.000000000,9.800000000,1.000000000,0.000000000,0.000000000,0.000000000
26.358329116,0.000000000,0.000000000,0.000000000,0.000000000,0.000000000,9.800000000,1.000000000,0.000000000,0.000000000,0.000000000
26.362495782,0.000000000,0.000000000,0.000000000,0.000000000,0.000000000,9.800000000,1.000000000,0.000000000,0.000000000,0.000000000
26.366662448,0.000000000,0.000000000,0.000000000,0.000000000,0.000000000,9.800000000,1.000000000,0.000000000,0.000000000,0.000000000
26.370829114,0.000000000,0.000000000,0.000000000,0.000000000,0.000000000,9.800000000,1.000000000,0.000000000,0.000000000,0.000000000
26.379162446,0.000000000,0.000000000,0.000000000,0.000000000,0.000000000,9.800000000,1.000000000,0.000000000,0.000000000,0.000000000
26.383329112,0.000000000,0.000000000,0.000000000,0.000000000,0.000000000,9.800000000,1.000000000,0.000000000,0.000000000,0.000000000
26.387495778,0.000000000,0.000000000,0.000000000,0.000000000,0.000000000,9.800000000,1.000000000,0.000000000,0.000000000,0.000000000
26.391662444,0.000000000,0.000000000,0.000000000,0.000000000,0.000000000,9.800000000,1.000000000,0.000000000,0.000000000,0.000000000
26.395829110,0.000000000,0.000000000,0.000000000,0.000000000,0.000000000,9.800000000,1.000000000,0.000000000,0.000000000,0.000000000
26.404162442,0.000000000,0.000000000,0.000000000,0.000000000,0.000000000,9.800000000,1.000000000,0.000000000,0.000000000,0.000000000
26.408329108,0.000000000,0.000000000,0.000000000,0.000000000,0.000000000,9.800000000,1.000000000,0.000000000,0.000000000,0.000000000
26.412495774,0.000000000,0.000000000,0.000000000,0.000000000,0.000000000,9.800000000,1.000000000,0.000000000,0.000000000,0.000000000
26.416662440,0.000000000,0.000000000,0.000000000,0.000000000,0.000000000,9.800000000,1.000000000,0.000000000,0.000000000,0.000000000
26.420829106,0.000000000,0.000000000,0.000000000,0.000000000,0.000000000,9.800000000,1.000000000,0.000000000,0.000000000,0.000000000
26.429162438,0.000000000,0.000000000,0.000000000,0.000000000,0.000000000,9.800000000,1.000000000,0.000000000,0.000000000,0.000000000
26.433329104,0.000000000,0.000000000,0.000000000,0.000000000,0.000000000,9.800000000,1.000000000,0.000000000,0.000000000,0.000000000
26.437495770,0.000000000,0.000000000,0.000000000,0.000000000,0.000000000,9.800000000,1.000000000,0.000000000,0.000000000,0.000000000
26.441662436,0.000000000,0.000000000,0.000000000,0.000000000,0.000000000,9.800000000,1.000000000,0.000000000,0.000000000,0.000000000
26.445829102,0.000000000,0.000000000,0.000000000,0.000000000,0.000000000,9.800000000,1.000000000,0.000000000,0.000000000,0.000000000
26.454162434,0.000000000,0.000000000,0.000000000,0.000000000,0.000000000,9.800000000,1.000000000,0.000000000,0.000000000,0.000000000
26.458329100,0.000000000,0.000000000,0.000000000,0.000000000,0.000000000,9.800000000,1.000000000,0.000000000,0.000000000,0.000000000
26.462495766,0.000000000,0.000000000,0.000000000,0.000000000,0.000000000,9.800000000,1.000000000,0.000000000,0.000000000,0.000000000
26.466662432,0.000000000,0.000000000,0.000000000,0.000000000,0.000000000,9.800000000,1.000000000,0.000000000,0.000000000,0.000000000
26.470829098,0.000000000,0.000000000,0.000000000,0.000000000,0.000000000,9.800000000,1.000000000,0.000000000,0.000000000,0.000000000
26.479162430,0.000000000,0.000000000,0.000000000,0.000000000,0.000000000,9.800000000,1.000000000,0.000000000,0.000000000,0.000000000
26.483329096,0.000000000,0.000000000,0.000000000,0.000000000,0.000000000,9.800000000,1.000000000,0.000000000,0.000000000,0.000000000
26.487495762,0.000000000,0.000000000,0.000000000,0.000000000,0.000000000,9.800000000,1.000000000,0.000000000,0.000000000,0.000000000
26.491662428,0.000000000,0.000000000,0.000000000,0.000000000,0.000000000,9.800000000,1.000000000,0.000000000,0.000000000,0.000000000
26.495829094,0.000000000,0.000000000,0.000000000,0.000000000,0.000000000,9.800000000,1.000000000,0.000000000,0.000000000,0.000000000
26.504162426,0.000000000,0.000000000,0.000000000,0.000000000,0.000000000,9.800000000,1.000000000,0.000000000,0.000000000,0.000000000
26.508329092,0.000000000,0.000000000,0.000000000,0.000000000,0.000000000,9.800000000,1.000000000,0.000000000,0.000000000,0.000000000
26.512495758,0.000000000,0.000000000,0.000000000,0.000000000,0.000000000,9.800000000,1.000000000,0.000000000,0.000000000,0.000000000
26.516662424,0.000000000,0.000000000,0.000000000,0.000000000,0.000000000,9.800000000,1.000000000,0.000000000,0.000000000,0.000000000
26.520829090,0.000000000,0.000000000,0.000000000,0.000000000,0.000000000,9.800000000,1.000000000,0.000000000,0.000000000,0.000000000
26.529162422,0.000000000,0.000000000,0.000000000,0.000000000,0.000000000,9.800000000,1.000000000,0.000000000,0.000000000,0.000000000
26.533329088,0.000000000,0.000000000,0.000000000,0.000000000,0.000000000,9.800000000,1.000000000,0.000000000,0.000000000,0.000000000
26.537495754,0.000000000,0.000000000,0.000000000,0.000000000,0.000000000,9.800000000,1.000000000,0.000000000,0.000000000,0.000000000
26.541662420,0.000000000,0.000000000,0.000000000,0.000000000,0.000000000,9.800000000,1.000000000,0.000000000,0.000000000,0.000000000
26.545829086,0.000000000,0.000000000,0.000000000,0.000000000,0.000000000,9.800000000,1.000000000,0.000000000,0.000000000,0.000000000
26.554162418,0.000000000,0.000000000,0.000000000,0.000000000,0.000000000,9.800000000,1.000000000,0.000000000,0.000000000,0.000000000
26.558329084,0.000000000,0.000000000,0.000000000,0.000000000,0.000000000,9.800000000,1.000000000,0.000000000,0.000000000,0.000000000
26.562495750,0.000000000,0.000000000,0.000000000,0.000000000,0.000000000,9.800000000,1.000000000,0.000000000,0.000000000,0.000000000
26.566662416,0.000000000,0.000000000,0.000000000,0.000000000,0.000000000,9.800000000,1.000000000,0.000000000,0.000000000,0.000000000
26.570829082,0.000000000,0.000000000,0.000000000,0.000000000,0.000000000,9.800000000,1.000000000,0.000000000,0.000000000,0.000000000
26.579162414,0.000000000,0.000000000,0.000000000,0.000000000,0.000000000,9.800000000,1.000000000,0.000000000,0.000000000,0.000000000
26.583329080,0.000000000,0.000000000,0.000000000,0.000000000,0.000000000,9.800000000,1.000000000,0.000000000,0.000000000,0.000000000
26.587495746,0.000000000,0.000000000,0.000000000,0.000000000,0.000000000,9.800000000,1.000000000,0.000000000,0.000000000,0.000000000
26.591662412,0.000000000,0.000000000,0.000000000,0.000000000,0.000000000,9.800000000,1.000000000,0.000000000,0.000000000,0.000000000
26.595829078,0.000000000,0.000000000,0.000000000,0.000000000,0.000000000,9.800000000,1.000000000,0.000000000,0.000000000,0.000000000
26.604162410,0.000000000,0.000000000,0.000000000,0.000000000,0.000000000,9.800000000,1.000000000,0.000000000,0.000000000,0.000000000
26.608329076,0.000000000,0.000000000,0.000000000,0.000000000,0.000000000,9.800000000,1.000000000,0.000000000,0.000000000,0.000000000
26.612495742,0.000000000,0.000000000,0.000000000,0.000000000,0.000000000,9.800000000,1.000000000,0.000000000,0.000000000,0.000000000
26.616662408,0.000000000,0.000000000,0.000000000,0.000000000,0.000000000,9.800000000,1.000000000,0.000000000,0.000000000,0.000000000
26.620829074,0.000000000,0.000000000,0.000000000,0.000000000,0.000000000,9.800000000,1.000000000,0.000000000,0.000000000,0.000000000
26.629162406,0.000000000,0.000000000,0.000000000,0.000000000,0.000000000,9.800000000,1.000000000,0.000000000,0.000000000,0.000000000
26.633329072,0.000000000,0.000000000,0.000000000,0.000000000,0.000000000,9.800000000,1.000000000,0.000000000,0.000000000,0.000000000
26.637495738,0.000000000,0.000000000,0.000000000,0.000000000,0.000000000,9.800000000,1.000000000,0.000000000,0.000000000,0.000000000
26.641662404,0.000000000,0.000000000,0.000000000,0.000000000,0.000000000,9.800000000,1.000000000,0.000000000,0.000000000,0.000000000
26.645829070,0.000000000,0.000000000,0.000000000,0.000000000,0.000000000,9.800000000,1.000000000,0.000000000,0.000000000,0.000000000
26.654162402,0.000000000,0.000000000,0.000000000,0.000000000,0.000000000,9.800000000,1.000000000,0.000000000,0.000000000,0.000000000
26.658329068,0.000000000,0.000000000,0.000000000,0.000000000,0.000000000,9.800000000,1.000000000,0.000000000,0.000000000,0.000000000
26.662495734,0.000000000,0.000000000,0.000000000,0.000000000,0.000000000,9.800000000,1.000000000,0.000000000,0.000000000,0.000000000
26.666662400,0.000000000,0.000000000,0.000000000,0.000000000,0.000000000,9.800000000,1.000000000,0.000000000,0.000000000,0.000000000
26.670829066,0.000000000,0.000000000,0.000000000,0.000000000,0.000000000,9.800000000,1.000000000,0.000000000,0.000000000,0.000000000
26.679162398,0.000000000,0.000000000,0.000000000,0.000000000,0.000000000,9.800000000,1.000000000,0.000000000,0.000000000,0.000000000
26.683329064,0.000000000,0.000000000,0.000000000,0.000000000,0.000000000,9.800000000,1.000000000,0.000000000,0.000000000,0.000000000
26.687495730,0.000000000,0.000000000,0.000000000,0.000000000,0.000000000,9.800000000,1.000000000,0.000000000,0.000000000,0.000000000
26.691662396,0.000000000,0.000000000,0.000000000,0.000000000,0.000000000,9.800000000,1.000000000,0.000000000,0.000000000,0.000000000
26.695829062,0.000000000,0.000000000,0.000000000,0.000000000,0.000000000,9.800000000,1.000000000,0.000000000,0.000000000,0.000000000
26.704162394,0.000000000,0.000000000,0.000000000,0.000000000,0.000000000,9.800000000,1.000000000,0.000000000,0.000000000,0.000000000
26.708329060,0.000000000,0.000000000,0.000000000,0.000000000,0.000000000,9.800000000,1.000000000,0.000000000,0.000000000,0.000000000
26.712495726,0.000000000,0.000000000,0.000000000,0.000000000,0.000000000,9.800000000,1.000000000,0.000000000,0.000000000,0.000000000
26.716662392,0.000000000,0.000000000,0.000000000,0.000000000,0.000000000,9.800000000,1.000000000,0.000000000,0.000000000,0.000000000
26.720829058,0.000000000,0.000000000,0.000000000,0.000000000,0.000000000,9.800000000,1.000000000,0.000000000,0.000000000,0.000000000
26.729162390,0.000000000,0.000000000,0.000000000,0.000000000,0.000000000,9.800000000,1.000000000,0.000000000,0.000000000,0.000000000
26.733329056,0.000000000,0.000000000,0.000000000,0.000000000,0.000000000,9.800000000,1.000000000,0.000000000,0.000000000,0.000000000
26.737495722,0.000000000,0.000000000,0.000000000,0.000000000,0.000000000,9.800000000,1.000000000,0.000000000,0.000000000,0.000000000
26.741662388,0.000000000,0.000000000,0.000000000,0.000000000,0.000000000,9.800000000,1.000000000,0.000000000,0.000000000,0.000000000
26.745829054,0.000000000,0.000000000,0.000000000,0.000000000,0.000000000,9.800000000,1.000000000,0.000000000,0.000000000,0.000000000
26.754162386,0.000000000,0.000000000,0.000000000,0.000000000,0.000000000,9.800000000,1.000000000,0.000000000,0.000000000,0.000000000
26.758329052,0.000000000,0.000000000,0.000000000,0.000000000,0.000000000,9.800000000,1.000000000,0.000000000,0.000000000,0.000000000
26.762495718,0.000000000,0.000000000,0.000000000,0.000000000,0.000000000,9.800000000,1.000000000,0.000000000,0.000000000,0.000000000
26.766662384,0.000000000,0.000000000,0.000000000,0.000000000,0.000000000,9.800000000,1.000000000,0.000000000,0.000000000,0.000000000
26.770829050,0.000000000,0.000000000,0.000000000,0.000000000,0.000000000,9.800000000,1.000000000,0.000000000,0.000000000,0.000000000
26.779162382,0.000000000,0.000000000,0.000000000,0.000000000,0.000000000,9.800000000,1.000000000,0.000000000,0.000000000,0.000000000
26.783329048,0.000000000,0.000000000,0.000000000,0.000000000,0.000000000,9.800000000,1.000000000,0.000000000,0.000000000,0.000000000
26.787495714,0.000000000,0.000000000,0.000000000,0.000000000,0.000000000,9.800000000,1.000000000,0.000000000,0.000000000,0.000000000
26.791662380,0.000000000,0.000000000,0.000000000,0.000000000,0.000000000,9.800000000,1.000000000,0.000000000,0.000000000,0.000000000
26.795829046,0.000000000,0.000000000,0.000000000,0.000000000,0.000000000,9.800000000,1.000000000,0.000000000,0.000000000,0.000000000
26.804162378,0.000000000,0.000000000,0.000000000,0.000000000,0.000000000,9.800000000,1.000000000,0.000000000,0.000000000,0.000000000
26.808329044,0.000000000,0.000000000,0.000000000,0.000000000,0.000000000,9.800000000,1.000000000,0.000000000,0.000000000,0.000000000
26.812495710,0.000000000,0.000000000,0.000000000,0.000000000,0.000000000,9.800000000,1.000000000,0.000000000,0.000000000,0.000000000
26.816662376,0.000000000,0.000000000,0.000000000,0.000000000,0.000000000,9.800000000,1.000000000,0.000000000,0.000000000,0.000000000
26.820829042,0.000000000,0.000000000,0.000000000,0.000000000,0.000000000,9.800000000,1.000000000,0.000000000,0.000000000,0.000000000
26.829162374,0.000000000,0.000000000,0.000000000,0.000000000,0.000000000,9.800000000,1.000000000,0.000000000,0.000000000,0.000000000
26.833329040,0.000000000,0.000000000,0.000000000,0.000000000,0.000000000,9.800000000,1.000000000,0.000000000,0.000000000,0.000000000
26.837495706,0.000000000,0.000000000,0.000000000,0.000000000,0.000000000,9.800000000,1.000000000,0.000000000,0.000000000,0.000000000
26.841662372,0.000000000,0.000000000,0.000000000,0.000000000,0.000000000,9.800000000,1.000000000,0.000000000,0.000000000,0.000000000
26.845829038,0.000000000,0.000000000,0.000000000,0.000000000,0.000000000,9.800000000,1.000000000,0.000000000,0.000000000,0.000000000
26.854162370,0.000000000,0.000000000,0.000000000,0.000000000,0.000000000,9.800000000,1.000000000,0.000000000,0.000000000,0.000000000
26.858329036,0.000000000,0.000000000,0.000000000,0.000000000,0.000000000,9.800000000,1.000000000,0.000000000,0.000000000,0.000000000
26.862495702,0.000000000,0.000000000,0.000000000,0.000000000,0.000000000,9.800000000,1.000000000,0.000000000,0.000000000,0.000000000
26.866662368,0.000000000,0.000000000,0.000000000,0.000000000,0.000000000,9.800000000,1.000000000,0.000000000,0.000000000,0.000000000
26.870829034,0.000000000,0.000000000,0.000000000,0.000000000,0.000000000,9.800000000,1.000000000,0.000000000,0.000000000,0.000000000
26.879162366,0.000000000,0.000000000,0.000000000,0.000000000,0.000000000,9.800000000,1.000000000,0.000000000,0.000000000,0.000000000
26.883329032,0.000000000,0.000000000,0.000000000,0.000000000,0.000000000,9.800000000,1.000000000,0.000000000,0.000000000,0.000000000
26.887495698,0.000000000,0.000000000,0.000000000,0.000000000,0.000000000,9.800000000,1.000000000,0.000000000,0.000000000,0.000000000
26.891662364,0.000000000,0.000000000,0.000000000,0.000000000,0.000000000,9.800000000,1.000000000,0.000000000,0.000000000,0.000000000
26.895829030,0.000000000,0.000000000,0.000000000,0.000000000,0.000000000,9.800000000,1.000000000,0.000000000,0.000000000,0.000000000
26.904162362,0.000000000,0.000000000,0.000000000,0.000000000,0.000000000,9.800000000,1.000000000,0.000000000,0.000000000,0.000000000
26.908329028,0.000000000,0.000000000,0.000000000,0.000000000,0.000000000,9.800000000,1.000000000,0.000000000,0.000000000,0.000000000
26.912495694,0.000000000,0.000000000,0.000000000,0.000000000,0.000000000,9.800000000,1.000000000,0.000000000,0.000000000,0.000000000
26.916662360,0.000000000,0.000000000,0.000000000,0.000000000,0.000000000,9.800000000,1.000000000,0.000000000,0.000000000,0.000000000
26.920829026,0.000000000,0.000000000,0.000000000,0.000000000,0.000000000,9.800000000,1.000000000,0.000000000,0.000000000,0.000000000
26.929162358,0.000000000,0.000000000,0.000000000,0.000000000,0.000000000,9.800000000,1.000000000,0.000000000,0.000000000,0.000000000
26.933329024,0.000000000,0.000000000,0.000000000,0.000000000,0.000000000,9.800000000,1.000000000,0.000000000,0.000000000,0.000000000
26.937495690,0.000000000,0.000000000,0.000000000,0.000000000,0.000000000,9.800000000,1.000000000,0.000000000,0.000000000,0.000000000
26.941662356,0.000000000,0.000000000,0.000000000,0.000000000,0.000000000,9.800000000,1.000000000,0.000000000,0.000000000,0.000000000
26.945829022,0.000000000,0.000000000,0.000000000,0.000000000,0.000000000,9.800000000,1.000000000,0.000000000,0.000000000,0.000000000
26.954162354,0.000000000,0.000000000,0.000000000,0.000000000,0.000000000,9.800000000,1.000000000,0.000000000,0.000000000,0.000000000
26.958329020,0.000000000,0.000000000,0.000000000,0.000000000,0.000000000,9.800000000,1.000000000,0.000000000,0.000000000,0.000000000
26.962495686,0.000000000,0.000000000,0.000000000,0.000000000,0.000000000,9.800000000,1.000000000,0.000000000,0.000000000,0.000000000
26.966662352,0.000000000,0.000000000,0.000000000,0.000000000,0.000000000,9.800000000,1.000000000,0.000000000,0.000000000,0.000000000
26.970829018,0.000000000,0.000000000,0.000000000,0.000000000,0.000000000,9.800000000,1.000000000,0.000000000,0.000000000,0.000000000
26.979162350,0.000000000,0.000000000,0.000000000,0.000000000,0.000000000,9.800000000,1.000000000,0.000000000,0.000000000,0.000000000
26.983329016,0.000000000,0.000000000,0.000000000,0.000000000,0.000000000,9.800000000,1.000000000,0.000000000,0.000000000,0.000000000
26.987495682,0.000000000,0.000000000,0.000000000,0.000000000,0.000000000,9.800000000,1.000000000,0.000000000,0.000000000,0.000000000
26.991662348,0.000000000,0.000000000,0.000000000,0.000000000,0.000000000,9.800000000,1.000000000,0.000000000,0.000000000,0.000000000
26.995829014,0.000000000,0.000000000,0.000000000,0.000000000,0.000000000,9.800000000,1.000000000,0.000000000,0.000000000,0.000000000
27.004162346,0.000000000,0.000000000,0.000000000,0.000000000,0.000000000,9.800000000,1.000000000,0.000000000,0.000000000,0.000000000
27.008329012,0.000000000,0.000000000,0.000000000,0.000000000,0.000000000,9.800000000,1.000000000,0.000000000,0.000000000,0.000000000
27.012495678,0.000000000,0.000000000,0.000000000,0.000000000,0.000000000,9.800000000,1.000000000,0.000000000,0.000000000,0.000000000
27.016662344,0.000000000,0.000000000,0.000000000,0.000000000,0.000000000,9.800000000,1.000000000,0.000000000,0.000000000,0.000000000
27.020829010,0.000000000,0.000000000,0.000000000,0.000000000,0.000000000,9.800000000,1.000000000,0.000000000,0.000000000,0.000000000
27.029162342,0.000000000,0.000000000,0.000000000,0.000000000,0.000000000,9.800000000,1.000000000,0.000000000,0.000000000,0.000000000
27.033329008,0.000000000,0.000000000,0.000000000,0.000000000,0.000000000,9.800000000,1.000000000,0.000000000,0.000000000,0.000000000
27.037495674,0.000000000,0.000000000,0.000000000,0.000000000,0.000000000,9.800000000,1.000000000,0.000000000,0.000000000,0.000000000
27.041662340,0.000000000,0.000000000,0.000000000,0.000000000,0.000000000,9.800000000,1.000000000,0.000000000,0.000000000,0.000000000
27.045829006,0.000000000,0.000000000,0.000000000,0.000000000,0.000000000,9.800000000,1.000000000,0.000000000,0.000000000,0.000000000
27.054162338,0.000000000,0.000000000,0.000000000,0.000000000,0.000000000,9.800000000,1.000000000,0.000000000,0.000000000,0.000000000
27.058329004,0.000000000,0.000000000,0.000000000,0.000000000,0.000000000,9.800000000,1.000000000,0.000000000,0.000000000,0.000000000
27.062495670,0.000000000,0.000000000,0.000000000,0.000000000,0.000000000,9.800000000,1.000000000,0.000000000,0.000000000,0.000000000
27.066662336,0.000000000,0.000000000,0.000000000,0.000000000,0.000000000,9.800000000,1.000000000,0.000000000,0.000000000,0.000000000
27.070829002,0.000000000,0.000000000,0.000000000,0.000000000,0.000000000,9.800000000,1.000000000,0.000000000,0.000000000,0.000000000
27.079162334,0.000000000,0.000000000,0.000000000,0.000000000,0.000000000,9.800000000,1.000000000,0.000000000,0.000000000,0.000000000
27.083329000,0.000000000,0.000000000,0.000000000,0.000000000,0.000000000,9.800000000,1.000000000,0.000000000,0.000000000,0.000000000
27.087495666,0.000000000,0.000000000,0.000000000,0.000000000,0.000000000,9.800000000,1.000000000,0.000000000,0.000000000,0.000000000
27.091662332,0.000000000,0.000000000,0.000000000,0.000000000,0.000000000,9.800000000,1.000000000,0.000000000,0.000000000,0.000000000
27.095828998,0.000000000,0.000000000,0.000000000,0.000000000,0.000000000,9.800000000,1.000000000,0.000000000,0.000000000,0.000000000
27.104162330,0.000000000,0.000000000,0.000000000,0.000000000,0.000000000,9.800000000,1.000000000,0.000000000,0.000000000,0.000000000
27.108328996,0.000000000,0.000000000,0.000000000,0.000000000,0.000000000,9.800000000,1.000000000,0.000000000,0.000000000,0.000000000
27.112495662,0.000000000,0.000000000,0.000000000,0.000000000,0.000000000,9.800000000,1.000000000,0.000000000,0.000000000,0.000000000
27.116662328,0.000000000,0.000000000,0.000000000,0.000000000,0.000000000,9.800000000,1.000000000,0.000000000,0.000000000,0.000000000
27.120828994,0.000000000,0.000000000,0.000000000,0.000000000,0.000000000,9.800000000,1.000000000,0.000000000,0.000000000,0.000000000
27.129162326,0.000000000,0.000000000,0.000000000,0.000000000,0.000000000,9.800000000,1.000000000,0.000000000,0.000000000,0.000000000
27.133328992,0.000000000,0.000000000,0.000000000,0.000000000,0.000000000,9.800000000,1.000000000,0.000000000,0.000000000,0.000000000
27.137495658,0.000000000,0.000000000,0.000000000,0.000000000,0.000000000,9.800000000,1.000000000,0.000000000,0.000000000,0.000000000
27.141662324,0.000000000,0.000000000,0.000000000,0.000000000,0.000000000,9.800000000,1.000000000,0.000000000,0.000000000,0.000000000
27.145828990,0.000000000,0.000000000,0.000000000,0.000000000,0.000000000,9.800000000,1.000000000,0.000000000,0.000000000,0.000000000
27.154162322,0.000000000,0.000000000,0.000000000,0.000000000,0.000000000,9.800000000,1.000000000,0.000000000,0.000000000,0.000000000
27.158328988,0.000000000,0.000000000,0.000000000,0.000000000,0.000000000,9.800000000,1.000000000,0.000000000,0.000000000,0.000000000
27.162495654,0.000000000,0.000000000,0.000000000,0.000000000,0.000000000,9.800000000,1.000000000,0.000000000,0.000000000,0.000000000
27.166662320,0.000000000,0.000000000,0.000000000,0.000000000,0.000000000,9.800000000,1.000000000,0.000000000,0.000000000,0.000000000
27.170828986,0.000000000,0.000000000,0.000000000,0.000000000,0.000000000,9.800000000,1.000000000,0.000000000,0.000000000,0.000000000
27.179162318,0.000000000,0.000000000,0.000000000,0.000000000,0.000000000,9.800000000,1.000000000,0.000000000,0.000000000,0.000000000
27.183328984,0.000000000,0.000000000,0.000000000,0.000000000,0.000000000,9.800000000,1.000000000,0.000000000,0.000000000,0.000000000
27.187495650,0.000000000,0.000000000,0.000000000,0.000000000,0.000000000,9.800000000,1.000000000,0.000000000,0.000000000,0.000000000
27.191662316,0.000000000,0.000000000,0.000000000,0.000000000,0.000000000,9.800000000,1.000000000,0.000000000,0.000000000,0.000000000
27.195828982,0.000000000,0.000000000,0.000000000,0.000000000,0.000000000,9.800000000,1.000000000,0.000000000,0.000000000,0.000000000
27.204162314,0.000000000,0.000000000,0.000000000,0.000000000,0.000000000,9.800000000,1.000000000,0.000000000,0.000000000,0.000000000
27.208328980,0.000000000,0.000000000,0.000000000,0.000000000,0.000000000,9.800000000,1.000000000,0.000000000,0.000000000,0.000000000
27.212495646,0.000000000,0.000000000,0.000000000,0.000000000,0.000000000,9.800000000,1.000000000,0.000000000,0.000000000,0.000000000
27.216662312,0.000000000,0.000000000,0.000000000,0.000000000,0.000000000,9.800000000,1.000000000,0.000000000,0.000000000,0.000000000
27.220828978,0.000000000,0.000000000,0.000000000,0.000000000,0.000000000,9.800000000,1.000000000,0.000000000,0.000000000,0.000000000
27.229162310,0.000000000,0.000000000,0.000000000,0.000000000,0.000000000,9.800000000,1.000000000,0.000000000,0.000000000,0.000000000
27.233328976,0.000000000,0.000000000,0.000000000,0.000000000,0.000000000,9.800000000,1.000000000,0.000000000,0.000000000,0.000000000
27.237495642,0.000000000,0.000000000,0.000000000,0.000000000,0.000000000,9.800000000,1.000000000,0.000000000,0.000000000,0.000000000
27.241662308,0.000000000,0.000000000,0.000000000,0.000000000,0.000000000,9.800000000,1.000000000,0.000000000,0.000000000,0.000000000
27.245828974,0.000000000,0.000000000,0.000000000,0.000000000,0.000000000,9.800000000,1.000000000,0.000000000,0.000000000,0.000000000
27.254162306,0.000000000,0.000000000,0.000000000,0.000000000,0.000000000,9.800000000,1.000000000,0.000000000,0.000000000,0.000000000
27.258328972,0.000000000,0.000000000,0.000000000,0.000000000,0.000000000,9.800000000,1.000000000,0.000000000,0.000000000,0.000000000
27.262495638,0.000000000,0.000000000,0.000000000,0.000000000,0.000000000,9.800000000,1.000000000,0.000000000,0.000000000,0.000000000
27.266662304,0.000000000,0.000000000,0.000000000,0.000000000,0.000000000,9.800000000,1.000000000,0.000000000,0.000000000,0.000000000
27.270828970,0.000000000,0.000000000,0.000000000,0.000000000,0.000000000,9.800000000,1.000000000,0.000000000,0.000000000,0.000000000
27.279162302,0.000000000,0.000000000,0.000000000,0.000000000,0.000000000,9.800000000,1.000000000,0.000000000,0.000000000,0.000000000
27.283328968,0.000000000,0.000000000,0.000000000,0.000000000,0.000000000,9.800000000,1.000000000,0.000000000,0.000000000,0.000000000
27.287495634,0.000000000,0.000000000,0.000000000,0.000000000,0.000000000,9.800000000,1.000000000,0.000000000,0.000000000,0.000000000
27.291662300,0.000000000,0.000000000,0.000000000,0.000000000,0.000000000,9.800000000,1.000000000,0.000000000,0.000000000,0.000000000
27.295828966,0.000000000,0.000000000,0.000000000,0.000000000,0.000000000,9.800000000,1.000000000,0.000000000,0.000000000,0.000000000
27.304162298,0.000000000,0.000000000,0.000000000,0.000000000,0.000000000,9.800000000,1.000000000,0.000000000,0.000000000,0.000000000
27.308328964,0.000000000,0.000000000,0.000000000,0.000000000,0.000000000,9.800000000,1.000000000,0.000000000,0.000000000,0.000000000
27.312495630,0.000000000,0.000000000,0.000000000,0.000000000,0.000000000,9.800000000,1.000000000,0.000000000,0.000000000,0.000000000
27.316662296,0.000000000,0.000000000,0.000000000,0.000000000,0.000000000,9.800000000,1.000000000,0.000000000,0.000000000,0.000000000
27.320828962,0.000000000,0.000000000,0.000000000,0.000000000,0.000000000,9.800000000,1.000000000,0.000000000,0.000000000,0.000000000
27.329162294,0.000000000,0.000000000,0.000000000,0.000000000,0.000000000,9.800000000,1.000000000,0.000000000,0.000000000,0.000000000
27.333328960,0.000000000,0.000000000,0.000000000,0.000000000,0.000000000,9.800000000,1.000000000,0.000000000,0.000000000,0.000000000
27.337495626,0.000000000,0.000000000,0.000000000,0.000000000,0.000000000,9.800000000,1.000000000,0.000000000,0.000000000,0.000000000
27.341662292,0.000000000,0.000000000,0.000000000,0.000000000,0.000000000,9.800000000,1.000000000,0.000000000,0.000000000,0.000000000
27.345828958,0.000000000,0.000000000,0.000000000,0.000000000,0.000000000,9.800000000,1.000000000,0.000000000,0.000000000,0.000000000
27.354162290,0.000000000,0.000000000,0.000000000,0.000000000,0.000000000,9.800000000,1.000000000,0.000000000,0.000000000,0.000000000
27.358328956,0.000000000,0.000000000,0.000000000,0.000000000,0.000000000,9.800000000,1.000000000,0.000000000,0.000000000,0.000000000
27.362495622,0.000000000,0.000000000,0.000000000,0.000000000,0.000000000,9.800000000,1.000000000,0.000000000,0.000000000,0.000000000
27.366662288,0.000000000,0.000000000,0.000000000,0.000000000,0.000000000,9.800000000,1.000000000,0.000000000,0.000000000,0.000000000
27.370828954,0.000000000,0.000000000,0.000000000,0.000000000,0.000000000,9.800000000,1.000000000,0.000000000,0.000000000,0.000000000
27.379162286,0.000000000,0.000000000,0.000000000,0.000000000,0.000000000,9.800000000,1.000000000,0.000000000,0.000000000,0.000000000
27.383328952,0.000000000,0.000000000,0.000000000,0.000000000,0.000000000,9.800000000,1.000000000,0.000000000,0.000000000,0.000000000
27.387495618,0.000000000,0.000000000,0.000000000,0.000000000,0.000000000,9.800000000,1.000000000,0.000000000,0.000000000,0.000000000
27.391662284,0.000000000,0.000000000,0.000000000,0.000000000,0.000000000,9.800000000,1.000000000,0.000000000,0.000000000,0.000000000
27.395828950,0.000000000,0.000000000,0.000000000,0.000000000,0.000000000,9.800000000,1.000000000,0.000000000,0.000000000,0.000000000
27.404162282,0.000000000,0.000000000,0.000000000,0.000000000,0.000000000,9.800000000,1.000000000,0.000000000,0.000000000,0.000000000
27.408328948,0.000000000,0.000000000,0.000000000,0.000000000,0.000000000,9.800000000,1.000000000,0.000000000,0.000000000,0.000000000
27.412495614,0.000000000,0.000000000,0.000000000,0.000000000,0.000000000,9.800000000,1.000000000,0.000000000,0.000000000,0.000000000
27.416662280,0.000000000,0.000000000,0.000000000,0.000000000,0.000000000,9.800000000,1.000000000,0.000000000,0.000000000,0.000000000
27.420828946,0.000000000,0.000000000,0.000000000,0.000000000,0.000000000,9.800000000,1.000000000,0.000000000,0.000000000,0.000000000
27.429162278,0.000000000,0.000000000,0.000000000,0.000000000,0.000000000,9.800000000,1.000000000,0.000000000,0.000000000,0.000000000
27.433328944,0.000000000,0.000000000,0.000000000,0.000000000,0.000000000,9.800000000,1.000000000,0.000000000,0.000000000,0.000000000
27.437495610,0.000000000,0.000000000,0.000000000,0.000000000,0.000000000,9.800000000,1.000000000,0.000000000,0.000000000,0.000000000
27.441662276,0.000000000,0.000000000,0.000000000,0.000000000,0.000000000,9.800000000,1.000000000,0.000000000,0.000000000,0.000000000
27.445828942,0.000000000,0.000000000,0.000000000,0.000000000,0.000000000,9.800000000,1.000000000,0.000000000,0.000000000,0.000000000
27.454162274,0.000000000,0.000000000,0.000000000,0.000000000,0.000000000,9.800000000,1.000000000,0.000000000,0.000000000,0.000000000
27.458328940,0.000000000,0.000000000,0.000000000,0.000000000,0.000000000,9.800000000,1.000000000,0.000000000,0.000000000,0.000000000
27.462495606,0.000000000,0.000000000,0.000000000,0.000000000,0.000000000,9.800000000,1.000000000,0.000000000,0.000000000,0.000000000
27.466662272,0.000000000,0.000000000,0.000000000,0.000000000,0.000000000,9.800000000,1.000000000,0.000000000,0.000000000,0.000000000
27.470828938,0.000000000,0.000000000,0.000000000,0.000000000,0.000000000,9.800000000,1.000000000,0.000000000,0.000000000,0.000000000
27.479162270,0.000000000,0.000000000,0.000000000,0.000000000,0.000000000,9.800000000,1.000000000,0.000000000,0.000000000,0.000000000
27.483328936,0.000000000,0.000000000,0.000000000,0.000000000,0.000000000,9.800000000,1.000000000,0.000000000,0.000000000,0.000000000
27.487495602,0.000000000,0.000000000,0.000000000,0.000000000,0.000000000,9.800000000,1.000000000,0.000000000,0.000000000,0.000000000
27.491662268,0.000000000,0.000000000,0.000000000,0.000000000,0.000000000,9.800000000,1.000000000,0.000000000,0.000000000,0.000000000
27.495828934,0.000000000,0.000000000,0.000000000,0.000000000,0.000000000,9.800000000,1.000000000,0.000000000,0.000000000,0.000000000
27.504162266,0.000000000,0.000000000,0.000000000,0.000000000,0.000000000,9.800000000,1.000000000,0.000000000,0.000000000,0.000000000
27.508328932,0.000000000,0.000000000,0.000000000,0.000000000,0.000000000,9.800000000,1.000000000,0.000000000,0.000000000,0.000000000
27.512495598,0.000000000,0.000000000,0.000000000,0.000000000,0.000000000,9.800000000,1.000000000,0.000000000,0.000000000,0.000000000
27.516662264,0.000000000,0.000000000,0.000000000,0.000000000,0.000000000,9.800000000,1.000000000,0.000000000,0.000000000,0.000000000
27.520828930,0.000000000,0.000000000,0.000000000,0.000000000,0.000000000,9.800000000,1.000000000,0.000000000,0.000000000,0.000000000
27.529162262,0.000000000,0.000000000,0.000000000,0.000000000,0.000000000,9.800000000,1.000000000,0.000000000,0.000000000,0.000000000
27.533328928,0.000000000,0.000000000,0.000000000,0.000000000,0.000000000,9.800000000,1.000000000,0.000000000,0.000000000,0.000000000
27.537495594,0.000000000,0.000000000,0.000000000,0.000000000,0.000000000,9.800000000,1.000000000,0.000000000,0.000000000,0.000000000
27.541662260,0.000000000,0.000000000,0.000000000,0.000000000,0.000000000,9.800000000,1.000000000,0.000000000,0.000000000,0.000000000
27.545828926,0.000000000,0.000000000,0.000000000,0.000000000,0.000000000,9.800000000,1.000000000,0.000000000,0.000000000,0.000000000
27.554162258,0.000000000,0.000000000,0.000000000,0.000000000,0.000000000,9.800000000,1.000000000,0.000000000,0.000000000,0.000000000
27.558328924,0.000000000,0.000000000,0.000000000,0.000000000,0.000000000,9.800000000,1.000000000,0.000000000,0.000000000,0.000000000
27.562495590,0.000000000,0.000000000,0.000000000,0.000000000,0.000000000,9.800000000,1.000000000,0.000000000,0.000000000,0.000000000
27.566662256,0.000000000,0.000000000,0.000000000,0.000000000,0.000000000,9.800000000,1.000000000,0.000000000,0.000000000,0.000000000
27.570828922,0.000000000,0.000000000,0.000000000,0.000000000,0.000000000,9.800000000,1.000000000,0.000000000,0.000000000,0.000000000
27.579162254,0.000000000,0.000000000,0.000000000,0.000000000,0.000000000,9.800000000,1.000000000,0.000000000,0.000000000,0.000000000
27.583328920,0.000000000,0.000000000,0.000000000,0.000000000,0.000000000,9.800000000,1.000000000,0.000000000,0.000000000,0.000000000
27.587495586,0.000000000,0.000000000,0.000000000,0.000000000,0.000000000,9.800000000,1.000000000,0.000000000,0.000000000,0.000000000
27.591662252,0.000000000,0.000000000,0.000000000,0.000000000,0.000000000,9.800000000,1.000000000,0.000000000,0.000000000,0.000000000
27.595828918,0.000000000,0.000000000,0.000000000,0.000000000,0.000000000,9.800000000,1.000000000,0.000000000,0.000000000,0.000000000
27.604162250,0.000000000,0.000000000,0.000000000,0.000000000,0.000000000,9.800000000,1.000000000,0.000000000,0.000000000,0.000000000
27.608328916,0.000000000,0.000000000,0.000000000,0.000000000,0.000000000,9.800000000,1.000000000,0.000000000,0.000000000,0.000000000
27.612495582,0.000000000,0.000000000,0.000000000,0.000000000,0.000000000,9.800000000,1.000000000,0.000000000,0.000000000,0.000000000
27.616662248,0.000000000,0.000000000,0.000000000,0.000000000,0.000000000,9.800000000,1.000000000,0.000000000,0.000000000,0.000000000
27.620828914,0.000000000,0.000000000,0.000000000,0.000000000,0.000000000,9.800000000,1.000000000,0.000000000,0.000000000,0.000000000
27.629162246,0.000000000,0.000000000,0.000000000,0.000000000,0.000000000,9.800000000,1.000000000,0.000000000,0.000000000,0.000000000
27.633328912,0.000000000,0.000000000,0.000000000,0.000000000,0.000000000,9.800000000,1.000000000,0.000000000,0.000000000,0.000000000
27.637495578,0.000000000,0.000000000,0.000000000,0.000000000,0.000000000,9.800000000,1.000000000,0.000000000,0.000000000,0.000000000
27.641662244,0.000000000,0.000000000,0.000000000,0.000000000,0.000000000,9.800000000,1.000000000,0.000000000,0.000000000,0.000000000
27.645828910,0.000000000,0.000000000,0.000000000,0.000000000,0.000000000,9.800000000,1.000000000,0.000000000,0.000000000,0.000000000
27.654162242,0.000000000,0.000000000,0.000000000,0.000000000,0.000000000,9.800000000,1.000000000,0.000000000,0.000000000,0.000000000
27.658328908,0.000000000,0.000000000,0.000000000,0.000000000,0.000000000,9.800000000,1.000000000,0.000000000,0.000000000,0.000000000
27.662495574,0.000000000,0.000000000,0.000000000,0.000000000,0.000000000,9.800000000,1.000000000,0.000000000,0.000000000,0.000000000
27.666662240,0.000000000,0.000000000,0.000000000,0.000000000,0.000000000,9.800000000,1.000000000,0.000000000,0.000000000,0.000000000
27.670828906,0.000000000,0.000000000,0.000000000,0.000000000,0.000000000,9.800000000,1.000000000,0.000000000,0.000000000,0.000000000
27.679162238,0.000000000,0.000000000,0.000000000,0.000000000,0.000000000,9.800000000,1.000000000,0.000000000,0.000000000,0.000000000
27.683328904,0.000000000,0.000000000,0.000000000,0.000000000,0.000000000,9.800000000,1.000000000,0.000000000,0.000000000,0.000000000
27.687495570,0.000000000,0.000000000,0.000000000,0.000000000,0.000000000,9.800000000,1.000000000,0.000000000,0.000000000,0.000000000
27.691662236,0.000000000,0.000000000,0.000000000,0.000000000,0.000000000,9.800000000,1.000000000,0.000000000,0.000000000,0.000000000
27.695828902,0.000000000,0.000000000,0.000000000,0.000000000,0.000000000,9.800000000,1.000000000,0.000000000,0.000000000,0.000000000
27.704162234,0.000000000,0.000000000,0.000000000,0.000000000,0.000000000,9.800000000,1.000000000,0.000000000,0.000000000,0.000000000
27.708328900,0.000000000,0.000000000,0.000000000,0.000000000,0.000000000,9.800000000,1.000000000,0.000000000,0.000000000,0.000000000
27.712495566,0.000000000,0.000000000,0.000000000,0.000000000,0.000000000,9.800000000,1.000000000,0.000000000,0.000000000,0.000000000
27.716662232,0.000000000,0.000000000,0.000000000,0.000000000,0.000000000,9.800000000,1.000000000,0.000000000,0.000000000,0.000000000
27.720828898,0.000000000,0.000000000,0.000000000,0.000000000,0.000000000,9.800000000,1.000000000,0.000000000,0.000000000,0.000000000
27.729162230,0.000000000,0.000000000,0.000000000,0.000000000,0.000000000,9.800000000,1.000000000,0.000000000,0.000000000,0.000000000
27.733328896,0.000000000,0.000000000,0.000000000,0.000000000,0.000000000,9.800000000,1.000000000,0.000000000,0.000000000,0.000000000
27.737495562,0.000000000,0.000000000,0.000000000,0.000000000,0.000000000,9.800000000,1.000000000,0.000000000,0.000000000,0.000000000
27.741662228,0.000000000,0.000000000,0.000000000,0.000000000,0.000000000,9.800000000,1.000000000,0.000000000,0.000000000,0.000000000
27.745828894,0.000000000,0.000000000,0.000000000,0.000000000,0.000000000,9.800000000,1.000000000,0.000000000,0.000000000,0.000000000
27.754162226,0.000000000,0.000000000,0.000000000,0.000000000,0.000000000,9.800000000,1.000000000,0.000000000,0.000000000,0.000000000
27.758328892,0.000000000,0.000000000,0.000000000,0.000000000,0.000000000,9.800000000,1.000000000,0.000000000,0.000000000,0.000000000
27.762495558,0.000000000,0.000000000,0.000000000,0.000000000,0.000000000,9.800000000,1.000000000,0.000000000,0.000000000,0.000000000
27.766662224,0.000000000,0.000000000,0.000000000,0.000000000,0.000000000,9.800000000,1.000000000,0.000000000,0.000000000,0.000000000
27.770828890,0.000000000,0.000000000,0.000000000,0.000000000,0.000000000,9.800000000,1.000000000,0.000000000,0.000000000,0.000000000
27.779162222,0.000000000,0.000000000,0.000000000,0.000000000,0.000000000,9.800000000,1.000000000,0.000000000,0.000000000,0.000000000
27.783328888,0.000000000,0.000000000,0.000000000,0.000000000,0.000000000,9.800000000,1.000000000,0.000000000,0.000000000,0.000000000
27.787495554,0.000000000,0.000000000,0.000000000,0.000000000,0.000000000,9.800000000,1.000000000,0.000000000,0.000000000,0.000000000
27.791662220,0.000000000,0.000000000,0.000000000,0.000000000,0.000000000,9.800000000,1.000000000,0.000000000,0.000000000,0.000000000
27.795828886,0.000000000,0.000000000,0.000000000,0.000000000,0.000000000,9.800000000,1.000000000,0.000000000,0.000000000,0.000000000
27.804162218,0.000000000,0.000000000,0.000000000,0.000000000,0.000000000,9.800000000,1.000000000,0.000000000,0.000000000,0.000000000
27.808328884,0.000000000,0.000000000,0.000000000,0.000000000,0.000000000,9.800000000,1.000000000,0.000000000,0.000000000,0.000000000
27.812495550,0.000000000,0.000000000,0.000000000,0.000000000,0.000000000,9.800000000,1.000000000,0.000000000,0.000000000,0.000000000
27.816662216,0.000000000,0.000000000,0.000000000,0.000000000,0.000000000,9.800000000,1.000000000,0.000000000,0.000000000,0.000000000
27.820828882,0.000000000,0.000000000,0.000000000,0.000000000,0.000000000,9.800000000,1.000000000,0.000000000,0.000000000,0.000000000
27.829162214,0.000000000,0.000000000,0.000000000,0.000000000,0.000000000,9.800000000,1.000000000,0.000000000,0.000000000,0.000000000
27.833328880,0.000000000,0.000000000,0.000000000,0.000000000,0.000000000,9.800000000,1.000000000,0.000000000,0.000000000,0.000000000
27.837495546,0.000000000,0.000000000,0.000000000,0.000000000,0.000000000,9.800000000,1.000000000,0.000000000,0.000000000,0.000000000
27.841662212,0.000000000,0.000000000,0.000000000,0.000000000,0.000000000,9.800000000,1.000000000,0.000000000,0.000000000,0.000000000
27.845828878,0.000000000,0.000000000,0.000000000,0.000000000,0.000000000,9.800000000,1.000000000,0.000000000,0.000000000,0.000000000
27.854162210,0.000000000,0.000000000,0.000000000,0.000000000,0.000000000,9.800000000,1.000000000,0.000000000,0.000000000,0.000000000
27.858328876,0.000000000,0.000000000,0.000000000,0.000000000,0.000000000,9.800000000,1.000000000,0.000000000,0.000000000,0.000000000
27.862495542,0.000000000,0.000000000,0.000000000,0.000000000,0.000000000,9.800000000,1.000000000,0.000000000,0.000000000,0.000000000
27.866662208,0.000000000,0.000000000,0.000000000,0.000000000,0.000000000,9.800000000,1.000000000,0.000000000,0.000000000,0.000000000
27.870828874,0.000000000,0.000000000,0.000000000,0.000000000,0.000000000,9.800000000,1.000000000,0.000000000,0.000000000,0.000000000
27.879162206,0.000000000,0.000000000,0.000000000,0.000000000,0.000000000,9.800000000,1.000000000,0.000000000,0.000000000,0.000000000
27.883328872,0.000000000,0.000000000,0.000000000,0.000000000,0.000000000,9.800000000,1.000000000,0.000000000,0.000000000,0.000000000
27.887495538,0.000000000,0.000000000,0.000000000,0.000000000,0.000000000,9.800000000,1.000000000,0.000000000,0.000000000,0.000000000
27.891662204,0.000000000,0.000000000,0.000000000,0.000000000,0.000000000,9.800000000,1.000000000,0.000000000,0.000000000,0.000000000
27.895828870,0.000000000,0.000000000,0.000000000,0.000000000,0.000000000,9.800000000,1.000000000,0.000000000,0.000000000,0.000000000
27.904162202,0.000000000,0.000000000,0.000000000,0.000000000,0.000000000,9.800000000,1.000000000,0.000000000,0.000000000,0.000000000
27.908328868,0.000000000,0.000000000,0.000000000,0.000000000,0.000000000,9.800000000,1.000000000,0.000000000,0.000000000,0.000000000
27.912495534,0.000000000,0.000000000,0.000000000,0.000000000,0.000000000,9.800000000,1.000000000,0.000000000,0.000000000,0.000000000
27.916662200,0.000000000,0.000000000,0.000000000,0.000000000,0.000000000,9.800000000,1.000000000,0.000000000,0.000000000,0.000000000
27.920828866,0.000000000,0.000000000,0.000000000,0.000000000,0.000000000,9.800000000,1.000000000,0.000000000,0.000000000,0.000000000
27.929162198,0.000000000,0.000000000,0.000000000,0.000000000,0.000000000,9.800000000,1.000000000,0.000000000,0.000000000,0.000000000
27.933328864,0.000000000,0.000000000,0.000000000,0.000000000,0.000000000,9.800000000,1.000000000,0.000000000,0.000000000,0.000000000
27.937495530,0.000000000,0.000000000,0.000000000,0.000000000,0.000000000,9.800000000,1.000000000,0.000000000,0.000000000,0.000000000
27.941662196,0.000000000,0.000000000,0.000000000,0.000000000,0.000000000,9.800000000,1.000000000,0.000000000,0.000000000,0.000000000
27.945828862,0.000000000,0.000000000,0.000000000,0.000000000,0.000000000,9.800000000,1.000000000,0.000000000,0.000000000,0.000000000
27.954162194,0.000000000,0.000000000,0.000000000,0.000000000,0.000000000,9.800000000,1.000000000,0.000000000,0.000000000,0.000000000
27.958328860,0.000000000,0.000000000,0.000000000,0.000000000,0.000000000,9.800000000,1.000000000,0.000000000,0.000000000,0.000000000
27.962495526,0.000000000,0.000000000,0.000000000,0.000000000,0.000000000,9.800000000,1.000000000,0.000000000,0.000000000,0.000000000
27.966662192,0.000000000,0.000000000,0.000000000,0.000000000,0.000000000,9.800000000,1.000000000,0.000000000,0.000000000,0.000000000
27.970828858,0.000000000,0.000000000,0.000000000,0.000000000,0.000000000,9.800000000,1.000000000,0.000000000,0.000000000,0.000000000
27.979162190,0.000000000,0.000000000,0.000000000,0.000000000,0.000000000,9.800000000,1.000000000,0.000000000,0.000000000,0.000000000
27.983328856,0.000000000,0.000000000,0.000000000,0.000000000,0.000000000,9.800000000,1.000000000,0.000000000,0.000000000,0.000000000
27.987495522,0.000000000,0.000000000,0.000000000,0.000000000,0.000000000,9.800000000,1.000000000,0.000000000,0.000000000,0.000000000
27.991662188,0.000000000,0.000000000,0.000000000,0.000000000,0.000000000,9.800000000,1.000000000,0.000000000,0.000000000,0.000000000
27.995828854,0.000000000,0.000000000,0.000000000,0.000000000,0.000000000,9.800000000,1.000000000,0.000000000,0.000000000,0.000000000
28.004162186,0.000000000,0.000000000,0.000000000,0.000000000,0.000000000,9.800000000,1.000000000,0.000000000,0.000000000,0.000000000
28.008328852,0.000000000,0.000000000,0.000000000,0.000000000,0.000000000,9.800000000,1.000000000,0.000000000,0.000000000,0.000000000
28.012495518,0.000000000,0.000000000,0.000000000,0.000000000,0.000000000,9.800000000,1.000000000,0.000000000,0.000000000,0.000000000
28.016662184,0.000000000,0.000000000,0.000000000,0.000000000,0.000000000,9.800000000,1.000000000,0.000000000,0.000000000,0.000000000
28.020828850,0.000000000,0.000000000,0.000000000,0.000000000,0.000000000,9.800000000,1.000000000,0.000000000,0.000000000,0.000000000
28.029162182,0.000000000,0.000000000,0.000000000,0.000000000,0.000000000,9.800000000,1.000000000,0.000000000,0.000000000,0.000000000
28.033328848,0.000000000,0.000000000,0.000000000,0.000000000,0.000000000,9.800000000,1.000000000,0.000000000,0.000000000,0.000000000
28.037495514,0.000000000,0.000000000,0.000000000,0.000000000,0.000000000,9.800000000,1.000000000,0.000000000,0.000000000,0.000000000
28.041662180,0.000000000,0.000000000,0.000000000,0.000000000,0.000000000,9.800000000,1.000000000,0.000000000,0.000000000,0.000000000
28.045828846,0.000000000,0.000000000,0.000000000,0.000000000,0.000000000,9.800000000,1.000000000,0.000000000,0.000000000,0.000000000
28.054162178,0.000000000,0.000000000,0.000000000,0.000000000,0.000000000,9.800000000,1.000000000,0.000000000,0.000000000,0.000000000
28.058328844,0.000000000,0.000000000,0.000000000,0.000000000,0.000000000,9.800000000,1.000000000,0.000000000,0.000000000,0.000000000
28.062495510,0.000000000,0.000000000,0.000000000,0.000000000,0.000000000,9.800000000,1.000000000,0.000000000,0.000000000,0.000000000
28.066662176,0.000000000,0.000000000,0.000000000,0.000000000,0.000000000,9.800000000,1.000000000,0.000000000,0.000000000,0.000000000
28.070828842,0.000000000,0.000000000,0.000000000,0.000000000,0.000000000,9.800000000,1.000000000,0.000000000,0.000000000,0.000000000
28.079162174,0.000000000,0.000000000,0.000000000,0.000000000,0.000000000,9.800000000,1.000000000,0.000000000,0.000000000,0.000000000
28.083328840,0.000000000,0.000000000,0.000000000,0.000000000,0.000000000,9.800000000,1.000000000,0.000000000,0.000000000,0.000000000
28.087495506,0.000000000,0.000000000,0.000000000,0.000000000,0.000000000,9.800000000,1.000000000,0.000000000,0.000000000,0.000000000
28.091662172,0.000000000,0.000000000,0.000000000,0.000000000,0.000000000,9.800000000,1.000000000,0.000000000,0.000000000,0.000000000
28.095828838,0.000000000,0.000000000,0.000000000,0.000000000,0.000000000,9.800000000,1.000000000,0.000000000,0.000000000,0.000000000
28.104162170,0.000000000,0.000000000,0.000000000,0.000000000,0.000000000,9.800000000,1.000000000,0.000000000,0.000000000,0.000000000
28.108328836,0.000000000,0.000000000,0.000000000,0.000000000,0.000000000,9.800000000,1.000000000,0.000000000,0.000000000,0.000000000
28.112495502,0.000000000,0.000000000,0.000000000,0.000000000,0.000000000,9.800000000,1.000000000,0.000000000,0.000000000,0.000000000
28.116662168,0.000000000,0.000000000,0.000000000,0.000000000,0.000000000,9.800000000,1.000000000,0.000000000,0.000000000,0.000000000
28.120828834,0.000000000,0.000000000,0.000000000,0.000000000,0.000000000,9.800000000,1.000000000,0.000000000,0.000000000,0.000000000
28.129162166,0.000000000,0.000000000,0.000000000,0.000000000,0.000000000,9.800000000,1.000000000,0.000000000,0.000000000,0.000000000
28.133328832,0.000000000,0.000000000,0.000000000,0.000000000,0.000000000,9.800000000,1.000000000,0.000000000,0.000000000,0.000000000
28.137495498,0.000000000,0.000000000,0.000000000,0.000000000,0.000000000,9.800000000,1.000000000,0.000000000,0.000000000,0.000000000
28.141662164,0.000000000,0.000000000,0.000000000,0.000000000,0.000000000,9.800000000,1.000000000,0.000000000,0.000000000,0.000000000
28.145828830,0.000000000,0.000000000,0.000000000,0.000000000,0.000000000,9.800000000,1.000000000,0.000000000,0.000000000,0.000000000
28.154162162,0.000000000,0.000000000,0.000000000,0.000000000,0.000000000,9.800000000,1.000000000,0.000000000,0.000000000,0.000000000
28.158328828,0.000000000,0.000000000,0.000000000,0.000000000,0.000000000,9.800000000,1.000000000,0.000000000,0.000000000,0.000000000
28.162495494,0.000000000,0.000000000,0.000000000,0.000000000,0.000000000,9.800000000,1.000000000,0.000000000,0.000000000,0.000000000
28.166662160,0.000000000,0.000000000,0.000000000,0.000000000,0.000000000,9.800000000,1.000000000,0.000000000,0.000000000,0.000000000
28.170828826,0.000000000,0.000000000,0.000000000,0.000000000,0.000000000,9.800000000,1.000000000,0.000000000,0.000000000,0.000000000
28.179162158,0.000000000,0.000000000,0.000000000,0.000000000,0.000000000,9.800000000,1.000000000,0.000000000,0.000000000,0.000000000
28.183328824,0.000000000,0.000000000,0.000000000,0.000000000,0.000000000,9.800000000,1.000000000,0.000000000,0.000000000,0.000000000
28.187495490,0.000000000,0.000000000,0.000000000,0.000000000,0.000000000,9.800000000,1.000000000,0.000000000,0.000000000,0.000000000
28.191662156,0.000000000,0.000000000,0.000000000,0.000000000,0.000000000,9.800000000,1.000000000,0.000000000,0.000000000,0.000000000
28.195828822,0.000000000,0.000000000,0.000000000,0.000000000,0.000000000,9.800000000,1.000000000,0.000000000,0.000000000,0.000000000
28.204162154,0.000000000,0.000000000,0.000000000,0.000000000,0.000000000,9.800000000,1.000000000,0.000000000,0.000000000,0.000000000
28.208328820,0.000000000,0.000000000,0.000000000,0.000000000,0.000000000,9.800000000,1.000000000,0.000000000,0.000000000,0.000000000
28.212495486,0.000000000,0.000000000,0.000000000,0.000000000,0.000000000,9.800000000,1.000000000,0.000000000,0.000000000,0.000000000
28.216662152,0.000000000,0.000000000,0.000000000,0.000000000,0.000000000,9.800000000,1.000000000,0.000000000,0.000000000,0.000000000
28.220828818,0.000000000,0.000000000,0.000000000,0.000000000,0.000000000,9.800000000,1.000000000,0.000000000,0.000000000,0.000000000
28.229162150,0.000000000,0.000000000,0.000000000,0.000000000,0.000000000,9.800000000,1.000000000,0.000000000,0.000000000,0.000000000
28.233328816,0.000000000,0.000000000,0.000000000,0.000000000,0.000000000,9.800000000,1.000000000,0.000000000,0.000000000,0.000000000
28.237495482,0.000000000,0.000000000,0.000000000,0.000000000,0.000000000,9.800000000,1.000000000,0.000000000,0.000000000,0.000000000
28.241662148,0.000000000,0.000000000,0.000000000,0.000000000,0.000000000,9.800000000,1.000000000,0.000000000,0.000000000,0.000000000
28.245828814,0.000000000,0.000000000,0.000000000,0.000000000,0.000000000,9.800000000,1.000000000,0.000000000,0.000000000,0.000000000
28.254162146,0.000000000,0.000000000,0.000000000,0.000000000,0.000000000,9.800000000,1.000000000,0.000000000,0.000000000,0.000000000
28.258328812,0.000000000,0.000000000,0.000000000,0.000000000,0.000000000,9.800000000,1.000000000,0.000000000,0.000000000,0.000000000
28.262495478,0.000000000,0.000000000,0.000000000,0.000000000,0.000000000,9.800000000,1.000000000,0.000000000,0.000000000,0.000000000
28.266662144,0.000000000,0.000000000,0.000000000,0.000000000,0.000000000,9.800000000,1.000000000,0.000000000,0.000000000,0.000000000
28.270828810,0.000000000,0.000000000,0.000000000,0.000000000,0.000000000,9.800000000,1.000000000,0.000000000,0.000000000,0.000000000
28.279162142,0.000000000,0.000000000,0.000000000,0.000000000,0.000000000,9.800000000,1.000000000,0.000000000,0.000000000,0.000000000
28.283328808,0.000000000,0.000000000,0.000000000,0.000000000,0.000000000,9.800000000,1.000000000,0.000000000,0.000000000,0.000000000
28.287495474,0.000000000,0.000000000,0.000000000,0.000000000,0.000000000,9.800000000,1.000000000,0.000000000,0.000000000,0.000000000
28.291662140,0.000000000,0.000000000,0.000000000,0.000000000,0.000000000,9.800000000,1.000000000,0.000000000,0.000000000,0.000000000
28.295828806,0.000000000,0.000000000,0.000000000,0.000000000,0.000000000,9.800000000,1.000000000,0.000000000,0.000000000,0.000000000
28.304162138,0.000000000,0.000000000,0.000000000,0.000000000,0.000000000,9.800000000,1.000000000,0.000000000,0.000000000,0.000000000
28.308328804,0.000000000,0.000000000,0.000000000,0.000000000,0.000000000,9.800000000,1.000000000,0.000000000,0.000000000,0.000000000
28.312495470,0.000000000,0.000000000,0.000000000,0.000000000,0.000000000,9.800000000,1.000000000,0.000000000,0.000000000,0.000000000
28.316662136,0.000000000,0.000000000,0.000000000,0.000000000,0.000000000,9.800000000,1.000000000,0.000000000,0.000000000,0.000000000
28.320828802,0.000000000,0.000000000,0.000000000,0.000000000,0.000000000,9.800000000,1.000000000,0.000000000,0.000000000,0.000000000
28.329162134,0.000000000,0.000000000,0.000000000,0.000000000,0.000000000,9.800000000,1.000000000,0.000000000,0.000000000,0.000000000
28.333328800,0.000000000,0.000000000,0.000000000,0.000000000,0.000000000,9.800000000,1.000000000,0.000000000,0.000000000,0.000000000
28.337495466,0.000000000,0.000000000,0.000000000,0.000000000,0.000000000,9.800000000,1.000000000,0.000000000,0.000000000,0.000000000
28.341662132,0.000000000,0.000000000,0.000000000,0.000000000,0.000000000,9.800000000,1.000000000,0.000000000,0.000000000,0.000000000
28.345828798,0.000000000,0.000000000,0.000000000,0.000000000,0.000000000,9.800000000,1.000000000,0.000000000,0.000000000,0.000000000
28.354162130,0.000000000,0.000000000,0.000000000,0.000000000,0.000000000,9.800000000,1.000000000,0.000000000,0.000000000,0.000000000
28.358328796,0.000000000,0.000000000,0.000000000,0.000000000,0.000000000,9.800000000,1.000000000,0.000000000,0.000000000,0.000000000
28.362495462,0.000000000,0.000000000,0.000000000,0.000000000,0.000000000,9.800000000,1.000000000,0.000000000,0.000000000,0.000000000
28.366662128,0.000000000,0.000000000,0.000000000,0.000000000,0.000000000,9.800000000,1.000000000,0.000000000,0.000000000,0.000000000
28.370828794,0.000000000,0.000000000,0.000000000,0.000000000,0.000000000,9.800000000,1.000000000,0.000000000,0.000000000,0.000000000
28.379162126,0.000000000,0.000000000,0.000000000,0.000000000,0.000000000,9.800000000,1.000000000,0.000000000,0.000000000,0.000000000
28.383328792,0.000000000,0.000000000,0.000000000,0.000000000,0.000000000,9.800000000,1.000000000,0.000000000,0.000000000,0.000000000
28.387495458,0.000000000,0.000000000,0.000000000,0.000000000,0.000000000,9.800000000,1.000000000,0.000000000,0.000000000,0.000000000
28.391662124,0.000000000,0.000000000,0.000000000,0.000000000,0.000000000,9.800000000,1.000000000,0.000000000,0.000000000,0.000000000
28.395828790,0.000000000,0.000000000,0.000000000,0.000000000,0.000000000,9.800000000,1.000000000,0.000000000,0.000000000,0.000000000
28.404162122,0.000000000,0.000000000,0.000000000,0.000000000,0.000000000,9.800000000,1.000000000,0.000000000,0.000000000,0.000000000
28.408328788,0.000000000,0.000000000,0.000000000,0.000000000,0.000000000,9.800000000,1.000000000,0.000000000,0.000000000,0.000000000
28.412495454,0.000000000,0.000000000,0.000000000,0.000000000,0.000000000,9.800000000,1.000000000,0.000000000,0.000000000,0.000000000
28.416662120,0.000000000,0.000000000,0.000000000,0.000000000,0.000000000,9.800000000,1.000000000,0.000000000,0.000000000,0.000000000
28.420828786,0.000000000,0.000000000,0.000000000,0.000000000,0.000000000,9.800000000,1.000000000,0.000000000,0.000000000,0.000000000
28.429162118,0.000000000,0.000000000,0.000000000,0.000000000,0.000000000,9.800000000,1.000000000,0.000000000,0.000000000,0.000000000
28.433328784,0.000000000,0.000000000,0.000000000,0.000000000,0.000000000,9.800000000,1.000000000,0.000000000,0.000000000,0.000000000
28.437495450,0.000000000,0.000000000,0.000000000,0.000000000,0.000000000,9.800000000,1.000000000,0.000000000,0.000000000,0.000000000
28.441662116,0.000000000,0.000000000,0.000000000,0.000000000,0.000000000,9.800000000,1.000000000,0.000000000,0.000000000,0.000000000
28.445828782,0.000000000,0.000000000,0.000000000,0.000000000,0.000000000,9.800000000,1.000000000,0.000000000,0.000000000,0.000000000
28.454162114,0.000000000,0.000000000,0.000000000,0.000000000,0.000000000,9.800000000,1.000000000,0.000000000,0.000000000,0.000000000
28.458328780,0.000000000,0.000000000,0.000000000,0.000000000,0.000000000,9.800000000,1.000000000,0.000000000,0.000000000,0.000000000
28.462495446,0.000000000,0.000000000,0.000000000,0.000000000,0.000000000,9.800000000,1.000000000,0.000000000,0.000000000,0.000000000
28.466662112,0.000000000,0.000000000,0.000000000,0.000000000,0.000000000,9.800000000,1.000000000,0.000000000,0.000000000,0.000000000
28.470828778,0.000000000,0.000000000,0.000000000,0.000000000,0.000000000,9.800000000,1.000000000,0.000000000,0.000000000,0.000000000
28.479162110,0.000000000,0.000000000,0.000000000,0.000000000,0.000000000,9.800000000,1.000000000,0.000000000,0.000000000,0.000000000
28.483328776,0.000000000,0.000000000,0.000000000,0.000000000,0.000000000,9.800000000,1.000000000,0.000000000,0.000000000,0.000000000
28.487495442,0.000000000,0.000000000,0.000000000,0.000000000,0.000000000,9.800000000,1.000000000,0.000000000,0.000000000,0.000000000
28.491662108,0.000000000,0.000000000,0.000000000,0.000000000,0.000000000,9.800000000,1.000000000,0.000000000,0.000000000,0.000000000
28.495828774,0.000000000,0.000000000,0.000000000,0.000000000,0.000000000,9.800000000,1.000000000,0.000000000,0.000000000,0.000000000
28.504162106,0.000000000,0.000000000,0.000000000,0.000000000,0.000000000,9.800000000,1.000000000,0.000000000,0.000000000,0.000000000
28.508328772,0.000000000,0.000000000,0.000000000,0.000000000,0.000000000,9.800000000,1.000000000,0.000000000,0.000000000,0.000000000
28.512495438,0.000000000,0.000000000,0.000000000,0.000000000,0.000000000,9.800000000,1.000000000,0.000000000,0.000000000,0.000000000
28.516662104,0.000000000,0.000000000,0.000000000,0.000000000,0.000000000,9.800000000,1.000000000,0.000000000,0.000000000,0.000000000
28.520828770,0.000000000,0.000000000,0.000000000,0.000000000,0.000000000,9.800000000,1.000000000,0.000000000,0.000000000,0.000000000
28.529162102,0.000000000,0.000000000,0.000000000,0.000000000,0.000000000,9.800000000,1.000000000,0.000000000,0.000000000,0.000000000
28.533328768,0.000000000,0.000000000,0.000000000,0.000000000,0.000000000,9.800000000,1.000000000,0.000000000,0.000000000,0.000000000
28.537495434,0.000000000,0.000000000,0.000000000,0.000000000,0.000000000,9.800000000,1.000000000,0.000000000,0.000000000,0.000000000
28.541662100,0.000000000,0.000000000,0.000000000,0.000000000,0.000000000,9.800000000,1.000000000,0.000000000,0.000000000,0.000000000
28.545828766,0.000000000,0.000000000,0.000000000,0.000000000,0.000000000,9.800000000,1.000000000,0.000000000,0.000000000,0.000000000
28.554162098,0.000000000,0.000000000,0.000000000,0.000000000,0.000000000,9.800000000,1.000000000,0.000000000,0.000000000,0.000000000
28.558328764,0.000000000,0.000000000,0.000000000,0.000000000,0.000000000,9.800000000,1.000000000,0.000000000,0.000000000,0.000000000
28.562495430,0.000000000,0.000000000,0.000000000,0.000000000,0.000000000,9.800000000,1.000000000,0.000000000,0.000000000,0.000000000
28.566662096,0.000000000,0.000000000,0.000000000,0.000000000,0.000000000,9.800000000,1.000000000,0.000000000,0.000000000,0.000000000
28.570828762,0.000000000,0.000000000,0.000000000,0.000000000,0.000000000,9.800000000,1.000000000,0.000000000,0.000000000,0.000000000
28.579162094,0.000000000,0.000000000,0.000000000,0.000000000,0.000000000,9.800000000,1.000000000,0.000000000,0.000000000,0.000000000
28.583328760,0.000000000,0.000000000,0.000000000,0.000000000,0.000000000,9.800000000,1.000000000,0.000000000,0.000000000,0.000000000
28.587495426,0.000000000,0.000000000,0.000000000,0.000000000,0.000000000,9.800000000,1.000000000,0.000000000,0.000000000,0.000000000
28.591662092,0.000000000,0.000000000,0.000000000,0.000000000,0.000000000,9.800000000,1.000000000,0.000000000,0.000000000,0.000000000
28.595828758,0.000000000,0.000000000,0.000000000,0.000000000,0.000000000,9.800000000,1.000000000,0.000000000,0.000000000,0.000000000
28.604162090,0.000000000,0.000000000,0.000000000,0.000000000,0.000000000,9.800000000,1.000000000,0.000000000,0.000000000,0.000000000
28.608328756,0.000000000,0.000000000,0.000000000,0.000000000,0.000000000,9.800000000,1.000000000,0.000000000,0.000000000,0.000000000
28.612495422,0.000000000,0.000000000,0.000000000,0.000000000,0.000000000,9.800000000,1.000000000,0.000000000,0.000000000,0.000000000
28.616662088,0.000000000,0.000000000,0.000000000,0.000000000,0.000000000,9.800000000,1.000000000,0.000000000,0.000000000,0.000000000
28.620828754,0.000000000,0.000000000,0.000000000,0.000000000,0.000000000,9.800000000,1.000000000,0.000000000,0.000000000,0.000000000
28.629162086,0.000000000,0.000000000,0.000000000,0.000000000,0.000000000,9.800000000,1.000000000,0.000000000,0.000000000,0.000000000
28.633328752,0.000000000,0.000000000,0.000000000,0.000000000,0.000000000,9.800000000,1.000000000,0.000000000,0.000000000,0.000000000
28.637495418,0.000000000,0.000000000,0.000000000,0.000000000,0.000000000,9.800000000,1.000000000,0.000000000,0.000000000,0.000000000
28.641662084,0.000000000,0.000000000,0.000000000,0.000000000,0.000000000,9.800000000,1.000000000,0.000000000,0.000000000,0.000000000
28.645828750,0.000000000,0.000000000,0.000000000,0.000000000,0.000000000,9.800000000,1.000000000,0.000000000,0.000000000,0.000000000
28.654162082,0.000000000,0.000000000,0.000000000,0.000000000,0.000000000,9.800000000,1.000000000,0.000000000,0.000000000,0.000000000
28.658328748,0.000000000,0.000000000,0.000000000,0.000000000,0.000000000,9.800000000,1.000000000,0.000000000,0.000000000,0.000000000
28.662495414,0.000000000,0.000000000,0.000000000,0.000000000,0.000000000,9.800000000,1.000000000,0.000000000,0.000000000,0.000000000
28.666662080,0.000000000,0.000000000,0.000000000,0.000000000,0.000000000,9.800000000,1.000000000,0.000000000,0.000000000,0.000000000
28.670828746,0.000000000,0.000000000,0.000000000,0.000000000,0.000000000,9.800000000,1.000000000,0.000000000,0.000000000,0.000000000
28.679162078,0.000000000,0.000000000,0.000000000,0.000000000,0.000000000,9.800000000,1.000000000,0.000000000,0.000000000,0.000000000
28.683328744,0.000000000,0.000000000,0.000000000,0.000000000,0.000000000,9.800000000,1.000000000,0.000000000,0.000000000,0.000000000
28.687495410,0.000000000,0.000000000,0.000000000,0.000000000,0.000000000,9.800000000,1.000000000,0.000000000,0.000000000,0.000000000
28.691662076,0.000000000,0.000000000,0.000000000,0.000000000,0.000000000,9.800000000,1.000000000,0.000000000,0.000000000,0.000000000
28.695828742,0.000000000,0.000000000,0.000000000,0.000000000,0.000000000,9.800000000,1.000000000,0.000000000,0.000000000,0.000000000
28.704162074,0.000000000,0.000000000,0.000000000,0.000000000,0.000000000,9.800000000,1.000000000,0.000000000,0.000000000,0.000000000
28.708328740,0.000000000,0.000000000,0.000000000,0.000000000,0.000000000,9.800000000,1.000000000,0.000000000,0.000000000,0.000000000
28.712495406,0.000000000,0.000000000,0.000000000,0.000000000,0.000000000,9.800000000,1.000000000,0.000000000,0.000000000,0.000000000
28.716662072,0.000000000,0.000000000,0.000000000,0.000000000,0.000000000,9.800000000,1.000000000,0.000000000,0.000000000,0.000000000
28.720828738,0.000000000,0.000000000,0.000000000,0.000000000,0.000000000,9.800000000,1.000000000,0.000000000,0.000000000,0.000000000
28.729162070,0.000000000,0.000000000,0.000000000,0.000000000,0.000000000,9.800000000,1.000000000,0.000000000,0.000000000,0.000000000
28.733328736,0.000000000,0.000000000,0.000000000,0.000000000,0.000000000,9.800000000,1.000000000,0.000000000,0.000000000,0.000000000
28.737495402,0.000000000,0.000000000,0.000000000,0.000000000,0.000000000,9.800000000,1.000000000,0.000000000,0.000000000,0.000000000
28.741662068,0.000000000,0.000000000,0.000000000,0.000000000,0.000000000,9.800000000,1.000000000,0.000000000,0.000000000,0.000000000
28.745828734,0.000000000,0.000000000,0.000000000,0.000000000,0.000000000,9.800000000,1.000000000,0.000000000,0.000000000,0.000000000
28.754162066,0.000000000,0.000000000,0.000000000,0.000000000,0.000000000,9.800000000,1.000000000,0.000000000,0.000000000,0.000000000
28.758328732,0.000000000,0.000000000,0.000000000,0.000000000,0.000000000,9.800000000,1.000000000,0.000000000,0.000000000,0.000000000
28.762495398,0.000000000,0.000000000,0.000000000,0.000000000,0.000000000,9.800000000,1.000000000,0.000000000,0.000000000,0.000000000
28.766662064,0.000000000,0.000000000,0.000000000,0.000000000,0.000000000,9.800000000,1.000000000,0.000000000,0.000000000,0.000000000
28.770828730,0.000000000,0.000000000,0.000000000,0.000000000,0.000000000,9.800000000,1.000000000,0.000000000,0.000000000,0.000000000
28.779162062,0.000000000,0.000000000,0.000000000,0.000000000,0.000000000,9.800000000,1.000000000,0.000000000,0.000000000,0.000000000
28.783328728,0.000000000,0.000000000,0.000000000,0.000000000,0.000000000,9.800000000,1.000000000,0.000000000,0.000000000,0.000000000
28.787495394,0.000000000,0.000000000,0.000000000,0.000000000,0.000000000,9.800000000,1.000000000,0.000000000,0.000000000,0.000000000
28.791662060,0.000000000,0.000000000,0.000000000,0.000000000,0.000000000,9.800000000,1.000000000,0.000000000,0.000000000,0.000000000
28.795828726,0.000000000,0.000000000,0.000000000,0.000000000,0.000000000,9.800000000,1.000000000,0.000000000,0.000000000,0.000000000
28.804162058,0.000000000,0.000000000,0.000000000,0.000000000,0.000000000,9.800000000,1.000000000,0.000000000,0.000000000,0.000000000
28.808328724,0.000000000,0.000000000,0.000000000,0.000000000,0.000000000,9.800000000,1.000000000,0.000000000,0.000000000,0.000000000
28.812495390,0.000000000,0.000000000,0.000000000,0.000000000,0.000000000,9.800000000,1.000000000,0.000000000,0.000000000,0.000000000
28.816662056,0.000000000,0.000000000,0.000000000,0.000000000,0.000000000,9.800000000,1.000000000,0.000000000,0.000000000,0.000000000
28.820828722,0.000000000,0.000000000,0.000000000,0.000000000,0.000000000,9.800000000,1.000000000,0.000000000,0.000000000,0.000000000
28.829162054,0.000000000,0.000000000,0.000000000,0.000000000,0.000000000,9.800000000,1.000000000,0.000000000,0.000000000,0.000000000
28.833328720,0.000000000,0.000000000,0.000000000,0.000000000,0.000000000,9.800000000,1.000000000,0.000000000,0.000000000,0.000000000
28.837495386,0.000000000,0.000000000,0.000000000,0.000000000,0.000000000,9.800000000,1.000000000,0.000000000,0.000000000,0.000000000
28.841662052,0.000000000,0.000000000,0.000000000,0.000000000,0.000000000,9.800000000,1.000000000,0.000000000,0.000000000,0.000000000
28.845828718,0.000000000,0.000000000,0.000000000,0.000000000,0.000000000,9.800000000,1.000000000,0.000000000,0.000000000,0.000000000
28.854162050,0.000000000,0.000000000,0.000000000,0.000000000,0.000000000,9.800000000,1.000000000,0.000000000,0.000000000,0.000000000
28.858328716,0.000000000,0.000000000,0.000000000,0.000000000,0.000000000,9.800000000,1.000000000,0.000000000,0.000000000,0.000000000
28.862495382,0.000000000,0.000000000,0.000000000,0.000000000,0.000000000,9.800000000,1.000000000,0.000000000,0.000000000,0.000000000
28.866662048,0.000000000,0.000000000,0.000000000,0.000000000,0.000000000,9.800000000,1.000000000,0.000000000,0.000000000,0.000000000
28.870828714,0.000000000,0.000000000,0.000000000,0.000000000,0.000000000,9.800000000,1.000000000,0.000000000,0.000000000,0.000000000
28.879162046,0.000000000,0.000000000,0.000000000,0.000000000,0.000000000,9.800000000,1.000000000,0.000000000,0.000000000,0.000000000
28.883328712,0.000000000,0.000000000,0.000000000,0.000000000,0.000000000,9.800000000,1.000000000,0.000000000,0.000000000,0.000000000
28.887495378,0.000000000,0.000000000,0.000000000,0.000000000,0.000000000,9.800000000,1.000000000,0.000000000,0.000000000,0.000000000
28.891662044,0.000000000,0.000000000,0.000000000,0.000000000,0.000000000,9.800000000,1.000000000,0.000000000,0.000000000,0.000000000
28.895828710,0.000000000,0.000000000,0.000000000,0.000000000,0.000000000,9.800000000,1.000000000,0.000000000,0.000000000,0.000000000
28.904162042,0.000000000,0.000000000,0.000000000,0.000000000,0.000000000,9.800000000,1.000000000,0.000000000,0.000000000,0.000000000
28.908328708,0.000000000,0.000000000,0.000000000,0.000000000,0.000000000,9.800000000,1.000000000,0.000000000,0.000000000,0.000000000
28.912495374,0.000000000,0.000000000,0.000000000,0.000000000,0.000000000,9.800000000,1.000000000,0.000000000,0.000000000,0.000000000
28.916662040,0.000000000,0.000000000,0.000000000,0.000000000,0.000000000,9.800000000,1.000000000,0.000000000,0.000000000,0.000000000
28.920828706,0.000000000,0.000000000,0.000000000,0.000000000,0.000000000,9.800000000,1.000000000,0.000000000,0.000000000,0.000000000
28.929162038,0.000000000,0.000000000,0.000000000,0.000000000,0.000000000,9.800000000,1.000000000,0.000000000,0.000000000,0.000000000
28.933328704,0.000000000,0.000000000,0.000000000,0.000000000,0.000000000,9.800000000,1.000000000,0.000000000,0.000000000,0.000000000
28.937495370,0.000000000,0.000000000,0.000000000,0.000000000,0.000000000,9.800000000,1.000000000,0.000000000,0.000000000,0.000000000
28.941662036,0.000000000,0.000000000,0.000000000,0.000000000,0.000000000,9.800000000,1.000000000,0.000000000,0.000000000,0.000000000
28.945828702,0.000000000,0.000000000,0.000000000,0.000000000,0.000000000,9.800000000,1.000000000,0.000000000,0.000000000,0.000000000
28.954162034,0.000000000,0.000000000,0.000000000,0.000000000,0.000000000,9.800000000,1.000000000,0.000000000,0.000000000,0.000000000
28.958328700,0.000000000,0.000000000,0.000000000,0.000000000,0.000000000,9.800000000,1.000000000,0.000000000,0.000000000,0.000000000
28.962495366,0.000000000,0.000000000,0.000000000,0.000000000,0.000000000,9.800000000,1.000000000,0.000000000,0.000000000,0.000000000
28.966662032,0.000000000,0.000000000,0.000000000,0.000000000,0.000000000,9.800000000,1.000000000,0.000000000,0.000000000,0.000000000
28.970828698,0.000000000,0.000000000,0.000000000,0.000000000,0.000000000,9.800000000,1.000000000,0.000000000,0.000000000,0.000000000
28.979162030,0.000000000,0.000000000,0.000000000,0.000000000,0.000000000,9.800000000,1.000000000,0.000000000,0.000000000,0.000000000
28.983328696,0.000000000,0.000000000,0.000000000,0.000000000,0.000000000,9.800000000,1.000000000,0.000000000,0.000000000,0.000000000
28.987495362,0.000000000,0.000000000,0.000000000,0.000000000,0.000000000,9.800000000,1.000000000,0.000000000,0.000000000,0.000000000
28.991662028,0.000000000,0.000000000,0.000000000,0.000000000,0.000000000,9.800000000,1.000000000,0.000000000,0.000000000,0.000000000
28.995828694,0.000000000,0.000000000,0.000000000,0.000000000,0.000000000,9.800000000,1.000000000,0.000000000,0.000000000,0.000000000
29.004162026,0.000000000,0.000000000,0.000000000,0.000000000,0.000000000,9.800000000,1.000000000,0.000000000,0.000000000,0.000000000
29.008328692,0.000000000,0.000000000,0.000000000,0.000000000,0.000000000,9.800000000,1.000000000,0.000000000,0.000000000,0.000000000
29.012495358,0.000000000,0.000000000,0.000000000,0.000000000,0.000000000,9.800000000,1.000000000,0.000000000,0.000000000,0.000000000
29.016662024,0.000000000,0.000000000,0.000000000,0.000000000,0.000000000,9.800000000,1.000000000,0.000000000,0.000000000,0.000000000
29.020828690,0.000000000,0.000000000,0.000000000,0.000000000,0.000000000,9.800000000,1.000000000,0.000000000,0.000000000,0.000000000
29.029162022,0.000000000,0.000000000,0.000000000,0.000000000,0.000000000,9.800000000,1.000000000,0.000000000,0.000000000,0.000000000
29.033328688,0.000000000,0.000000000,0.000000000,0.000000000,0.000000000,9.800000000,1.000000000,0.000000000,0.000000000,0.000000000
29.037495354,0.000000000,0.000000000,0.000000000,0.000000000,0.000000000,9.800000000,1.000000000,0.000000000,0.000000000,0.000000000
29.041662020,0.000000000,0.000000000,0.000000000,0.000000000,0.000000000,9.800000000,1.000000000,0.000000000,0.000000000,0.000000000
29.045828686,0.000000000,0.000000000,0.000000000,0.000000000,0.000000000,9.800000000,1.000000000,0.000000000,0.000000000,0.000000000
29.054162018,0.000000000,0.000000000,0.000000000,0.000000000,0.000000000,9.800000000,1.000000000,0.000000000,0.000000000,0.000000000
29.058328684,0.000000000,0.000000000,0.000000000,0.000000000,0.000000000,9.800000000,1.000000000,0.000000000,0.000000000,0.000000000
29.062495350,0.000000000,0.000000000,0.000000000,0.000000000,0.000000000,9.800000000,1.000000000,0.000000000,0.000000000,0.000000000
29.066662016,0.000000000,0.000000000,0.000000000,0.000000000,0.000000000,9.800000000,1.000000000,0.000000000,0.000000000,0.000000000
29.070828682,0.000000000,0.000000000,0.000000000,0.000000000,0.000000000,9.800000000,1.000000000,0.000000000,0.000000000,0.000000000
29.079162014,0.000000000,0.000000000,0.000000000,0.000000000,0.000000000,9.800000000,1.000000000,0.000000000,0.000000000,0.000000000
29.083328680,0.000000000,0.000000000,0.000000000,0.000000000,0.000000000,9.800000000,1.000000000,0.000000000,0.000000000,0.000000000
29.087495346,0.000000000,0.000000000,0.000000000,0.000000000,0.000000000,9.800000000,1.000000000,0.000000000,0.000000000,0.000000000
29.091662012,0.000000000,0.000000000,0.000000000,0.000000000,0.000000000,9.800000000,1.000000000,0.000000000,0.000000000,0.000000000
29.095828678,0.000000000,0.000000000,0.000000000,0.000000000,0.000000000,9.800000000,1.000000000,0.000000000,0.000000000,0.000000000
29.104162010,0.000000000,0.000000000,0.000000000,0.000000000,0.000000000,9.800000000,1.000000000,0.000000000,0.000000000,0.000000000
29.108328676,0.000000000,0.000000000,0.000000000,0.000000000,0.000000000,9.800000000,1.000000000,0.000000000,0.000000000,0.000000000
29.112495342,0.000000000,0.000000000,0.000000000,0.000000000,0.000000000,9.800000000,1.000000000,0.000000000,0.000000000,0.000000000
29.116662008,0.000000000,0.000000000,0.000000000,0.000000000,0.000000000,9.800000000,1.000000000,0.000000000,0.000000000,0.000000000
29.120828674,0.000000000,0.000000000,0.000000000,0.000000000,0.000000000,9.800000000,1.000000000,0.000000000,0.000000000,0.000000000
29.129162006,0.000000000,0.000000000,0.000000000,0.000000000,0.000000000,9.800000000,1.000000000,0.000000000,0.000000000,0.000000000
29.133328672,0.000000000,0.000000000,0.000000000,0.000000000,0.000000000,9.800000000,1.000000000,0.000000000,0.000000000,0.000000000
29.137495338,0.000000000,0.000000000,0.000000000,0.000000000,0.000000000,9.800000000,1.000000000,0.000000000,0.000000000,0.000000000
29.141662004,0.000000000,0.000000000,0.000000000,0.000000000,0.000000000,9.800000000,1.000000000,0.000000000,0.000000000,0.000000000
29.145828670,0.000000000,0.000000000,0.000000000,0.000000000,0.000000000,9.800000000,1.000000000,0.000000000,0.000000000,0.000000000
29.154162002,0.000000000,0.000000000,0.000000000,0.000000000,0.000000000,9.800000000,1.000000000,0.000000000,0.000000000,0.000000000
29.158328668,0.000000000,0.000000000,0.000000000,0.000000000,0.000000000,9.800000000,1.000000000,0.000000000,0.000000000,0.000000000
29.162495334,0.000000000,0.000000000,0.000000000,0.000000000,0.000000000,9.800000000,1.000000000,0.000000000,0.000000000,0.000000000
29.166662000,0.000000000,0.000000000,0.000000000,0.000000000,0.000000000,9.800000000,1.000000000,0.000000000,0.000000000,0.000000000
29.170828666,0.000000000,0.000000000,0.000000000,0.000000000,0.000000000,9.800000000,1.000000000,0.000000000,0.000000000,0.000000000
29.179161998,0.000000000,0.000000000,0.000000000,0.000000000,0.000000000,9.800000000,1.000000000,0.000000000,0.000000000,0.000000000
29.183328664,0.000000000,0.000000000,0.000000000,0.000000000,0.000000000,9.800000000,1.000000000,0.000000000,0.000000000,0.000000000
29.187495330,0.000000000,0.000000000,0.000000000,0.000000000,0.000000000,9.800000000,1.000000000,0.000000000,0.000000000,0.000000000
29.191661996,0.000000000,0.000000000,0.000000000,0.000000000,0.000000000,9.800000000,1.000000000,0.000000000,0.000000000,0.000000000
29.195828662,0.000000000,0.000000000,0.000000000,0.000000000,0.000000000,9.800000000,1.000000000,0.000000000,0.000000000,0.000000000
29.204161994,0.000000000,0.000000000,0.000000000,0.000000000,0.000000000,9.800000000,1.000000000,0.000000000,0.000000000,0.000000000
29.208328660,0.000000000,0.000000000,0.000000000,0.000000000,0.000000000,9.800000000,1.000000000,0.000000000,0.000000000,0.000000000
29.212495326,0.000000000,0.000000000,0.000000000,0.000000000,0.000000000,9.800000000,1.000000000,0.000000000,0.000000000,0.000000000
29.216661992,0.000000000,0.000000000,0.000000000,0.000000000,0.000000000,9.800000000,1.000000000,0.000000000,0.000000000,0.000000000
29.220828658,0.000000000,0.000000000,0.000000000,0.000000000,0.000000000,9.800000000,1.000000000,0.000000000,0.000000000,0.000000000
29.229161990,0.000000000,0.000000000,0.000000000,0.000000000,0.000000000,9.800000000,1.000000000,0.000000000,0.000000000,0.000000000
29.233328656,0.000000000,0.000000000,0.000000000,0.000000000,0.000000000,9.800000000,1.000000000,0.000000000,0.000000000,0.000000000
29.237495322,0.000000000,0.000000000,0.000000000,0.000000000,0.000000000,9.800000000,1.000000000,0.000000000,0.000000000,0.000000000
29.241661988,0.000000000,0.000000000,0.000000000,0.000000000,0.000000000,9.800000000,1.000000000,0.000000000,0.000000000,0.000000000
29.245828654,0.000000000,0.000000000,0.000000000,0.000000000,0.000000000,9.800000000,1.000000000,0.000000000,0.000000000,0.000000000
29.254161986,0.000000000,0.000000000,0.000000000,0.000000000,0.000000000,9.800000000,1.000000000,0.000000000,0.000000000,0.000000000
29.258328652,0.000000000,0.000000000,0.000000000,0.000000000,0.000000000,9.800000000,1.000000000,0.000000000,0.000000000,0.000000000
29.262495318,0.000000000,0.000000000,0.000000000,0.000000000,0.000000000,9.800000000,1.000000000,0.000000000,0.000000000,0.000000000
29.266661984,0.000000000,0.000000000,0.000000000,0.000000000,0.000000000,9.800000000,1.000000000,0.000000000,0.000000000,0.000000000
29.270828650,0.000000000,0.000000000,0.000000000,0.000000000,0.000000000,9.800000000,1.000000000,0.000000000,0.000000000,0.000000000
29.279161982,0.000000000,0.000000000,0.000000000,0.000000000,0.000000000,9.800000000,1.000000000,0.000000000,0.000000000,0.000000000
29.283328648,0.000000000,0.000000000,0.000000000,0.000000000,0.000000000,9.800000000,1.000000000,0.000000000,0.000000000,0.000000000
29.287495314,0.000000000,0.000000000,0.000000000,0.000000000,0.000000000,9.800000000,1.000000000,0.000000000,0.000000000,0.000000000
29.291661980,0.000000000,0.000000000,0.000000000,0.000000000,0.000000000,9.800000000,1.000000000,0.000000000,0.000000000,0.000000000
29.295828646,0.000000000,0.000000000,0.000000000,0.000000000,0.000000000,9.800000000,1.000000000,0.000000000,0.000000000,0.000000000
29.304161978,0.000000000,0.000000000,0.000000000,0.000000000,0.000000000,9.800000000,1.000000000,0.000000000,0.000000000,0.000000000
29.308328644,0.000000000,0.000000000,0.000000000,0.000000000,0.000000000,9.800000000,1.000000000,0.000000000,0.000000000,0.000000000
29.312495310,0.000000000,0.000000000,0.000000000,0.000000000,0.000000000,9.800000000,1.000000000,0.000000000,0.000000000,0.000000000
29.316661976,0.000000000,0.000000000,0.000000000,0.000000000,0.000000000,9.800000000,1.000000000,0.000000000,0.000000000,0.000000000
29.320828642,0.000000000,0.000000000,0.000000000,0.000000000,0.000000000,9.800000000,1.000000000,0.000000000,0.000000000,0.000000000
29.329161974,0.000000000,0.000000000,0.000000000,0.000000000,0.000000000,9.800000000,1.000000000,0.000000000,0.000000000,0.000000000
29.333328640,0.000000000,0.000000000,0.000000000,0.000000000,0.000000000,9.800000000,1.000000000,0.000000000,0.000000000,0.000000000
29.337495306,0.000000000,0.000000000,0.000000000,0.000000000,0.000000000,9.800000000,1.000000000,0.000000000,0.000000000,0.000000000
29.341661972,0.000000000,0.000000000,0.000000000,0.000000000,0.000000000,9.800000000,1.000000000,0.000000000,0.000000000,0.000000000
29.345828638,0.000000000,0.000000000,0.000000000,0.000000000,0.000000000,9.800000000,1.000000000,0.000000000,0.000000000,0.000000000
29.354161970,0.000000000,0.000000000,0.000000000,0.000000000,0.000000000,9.800000000,1.000000000,0.000000000,0.000000000,0.000000000
29.358328636,0.000000000,0.000000000,0.000000000,0.000000000,0.000000000,9.800000000,1.000000000,0.000000000,0.000000000,0.000000000
29.362495302,0.000000000,0.000000000,0.000000000,0.000000000,0.000000000,9.800000000,1.000000000,0.000000000,0.000000000,0.000000000
29.366661968,0.000000000,0.000000000,0.000000000,0.000000000,0.000000000,9.800000000,1.000000000,0.000000000,0.000000000,0.000000000
29.370828634,0.000000000,0.000000000,0.000000000,0.000000000,0.000000000,9.800000000,1.000000000,0.000000000,0.000000000,0.000000000
29.379161966,0.000000000,0.000000000,0.000000000,0.000000000,0.000000000,9.800000000,1.000000000,0.000000000,0.000000000,0.000000000
29.383328632,0.000000000,0.000000000,0.000000000,0.000000000,0.000000000,9.800000000,1.000000000,0.000000000,0.000000000,0.000000000
29.387495298,0.000000000,0.000000000,0.000000000,0.000000000,0.000000000,9.800000000,1.000000000,0.000000000,0.000000000,0.000000000
29.391661964,0.000000000,0.000000000,0.000000000,0.000000000,0.000000000,9.800000000,1.000000000,0.000000000,0.000000000,0.000000000
29.395828630,0.000000000,0.000000000,0.000000000,0.000000000,0.000000000,9.800000000,1.000000000,0.000000000,0.000000000,0.000000000
29.404161962,0.000000000,0.000000000,0.000000000,0.000000000,0.000000000,9.800000000,1.000000000,0.000000000,0.000000000,0.000000000
29.408328628,0.000000000,0.000000000,0.000000000,0.000000000,0.000000000,9.800000000,1.000000000,0.000000000,0.000000000,0.000000000
29.412495294,0.000000000,0.000000000,0.000000000,0.000000000,0.000000000,9.800000000,1.000000000,0.000000000,0.000000000,0.000000000
29.416661960,0.000000000,0.000000000,0.000000000,0.000000000,0.000000000,9.800000000,1.000000000,0.000000000,0.000000000,0.000000000
29.420828626,0.000000000,0.000000000,0.000000000,0.000000000,0.000000000,9.800000000,1.000000000,0.000000000,0.000000000,0.000000000
29.429161958,0.000000000,0.000000000,0.000000000,0.000000000,0.000000000,9.800000000,1.000000000,0.000000000,0.000000000,0.000000000
29.433328624,0.000000000,0.000000000,0.000000000,0.000000000,0.000000000,9.800000000,1.000000000,0.000000000,0.000000000,0.000000000
29.437495290,0.000000000,0.000000000,0.000000000,0.000000000,0.000000000,9.800000000,1.000000000,0.000000000,0.000000000,0.000000000
29.441661956,0.000000000,0.000000000,0.000000000,0.000000000,0.000000000,9.800000000,1.000000000,0.000000000,0.000000000,0.000000000
29.445828622,0.000000000,0.000000000,0.000000000,0.000000000,0.000000000,9.800000000,1.000000000,0.000000000,0.000000000,0.000000000
29.454161954,0.000000000,0.000000000,0.000000000,0.000000000,0.000000000,9.800000000,1.000000000,0.000000000,0.000000000,0.000000000
29.458328620,0.000000000,0.000000000,0.000000000,0.000000000,0.000000000,9.800000000,1.000000000,0.000000000,0.000000000,0.000000000
29.462495286,0.000000000,0.000000000,0.000000000,0.000000000,0.000000000,9.800000000,1.000000000,0.000000000,0.000000000,0.000000000
29.466661952,0.000000000,0.000000000,0.000000000,0.000000000,0.000000000,9.800000000,1.000000000,0.000000000,0.000000000,0.000000000
29.470828618,0.000000000,0.000000000,0.000000000,0.000000000,0.000000000,9.800000000,1.000000000,0.000000000,0.000000000,0.000000000
29.479161950,0.000000000,0.000000000,0.000000000,0.000000000,0.000000000,9.800000000,1.000000000,0.000000000,0.000000000,0.000000000
29.483328616,0.000000000,0.000000000,0.000000000,0.000000000,0.000000000,9.800000000,1.000000000,0.000000000,0.000000000,0.000000000
29.487495282,0.000000000,0.000000000,0.000000000,0.000000000,0.000000000,9.800000000,1.000000000,0.000000000,0.000000000,0.000000000
29.491661948,0.000000000,0.000000000,0.000000000,0.000000000,0.000000000,9.800000000,1.000000000,0.000000000,0.000000000,0.000000000
29.495828614,0.000000000,0.000000000,0.000000000,0.000000000,0.000000000,9.800000000,1.000000000,0.000000000,0.000000000,0.000000000
29.504161946,0.000000000,0.000000000,0.000000000,0.000000000,0.000000000,9.800000000,1.000000000,0.000000000,0.000000000,0.000000000
29.508328612,0.000000000,0.000000000,0.000000000,0.000000000,0.000000000,9.800000000,1.000000000,0.000000000,0.000000000,0.000000000
29.512495278,0.000000000,0.000000000,0.000000000,0.000000000,0.000000000,9.800000000,1.000000000,0.000000000,0.000000000,0.000000000
29.516661944,0.000000000,0.000000000,0.000000000,0.000000000,0.000000000,9.800000000,1.000000000,0.000000000,0.000000000,0.000000000
29.520828610,0.000000000,0.000000000,0.000000000,0.000000000,0.000000000,9.800000000,1.000000000,0.000000000,0.000000000,0.000000000
29.529161942,0.000000000,0.000000000,0.000000000,0.000000000,0.000000000,9.800000000,1.000000000,0.000000000,0.000000000,0.000000000
29.533328608,0.000000000,0.000000000,0.000000000,0.000000000,0.000000000,9.800000000,1.000000000,0.000000000,0.000000000,0.000000000
29.537495274,0.000000000,0.000000000,0.000000000,0.000000000,0.000000000,9.800000000,1.000000000,0.000000000,0.000000000,0.000000000
29.541661940,0.000000000,0.000000000,0.000000000,0.000000000,0.000000000,9.800000000,1.000000000,0.000000000,0.000000000,0.000000000
29.545828606,0.000000000,0.000000000,0.000000000,0.000000000,0.000000000,9.800000000,1.000000000,0.000000000,0.000000000,0.000000000
29.554161938,0.000000000,0.000000000,0.000000000,0.000000000,0.000000000,9.800000000,1.000000000,0.000000000,0.000000000,0.000000000
29.558328604,0.000000000,0.000000000,0.000000000,0.000000000,0.000000000,9.800000000,1.000000000,0.000000000,0.000000000,0.000000000
29.562495270,0.000000000,0.000000000,0.000000000,0.000000000,0.000000000,9.800000000,1.000000000,0.000000000,0.000000000,0.000000000
29.566661936,0.000000000,0.000000000,0.000000000,0.000000000,0.000000000,9.800000000,1.000000000,0.000000000,0.000000000,0.000000000
29.570828602,0.000000000,0.000000000,0.000000000,0.000000000,0.000000000,9.800000000,1.000000000,0.000000000,0.000000000,0.000000000
29.579161934,0.000000000,0.000000000,0.000000000,0.000000000,0.000000000,9.800000000,1.000000000,0.000000000,0.000000000,0.000000000
29.583328600,0.000000000,0.000000000,0.000000000,0.000000000,0.000000000,9.800000000,1.000000000,0.000000000,0.000000000,0.000000000
29.587495266,0.000000000,0.000000000,0.000000000,0.000000000,0.000000000,9.800000000,1.000000000,0.000000000,0.000000000,0.000000000
29.591661932,0.000000000,0.000000000,0.000000000,0.000000000,0.000000000,9.800000000,1.000000000,0.000000000,0.000000000,0.000000000
29.595828598,0.000000000,0.000000000,0.000000000,0.000000000,0.000000000,9.800000000,1.000000000,0.000000000,0.000000000,0.000000000
29.604161930,0.000000000,0.000000000,0.000000000,0.000000000,0.000000000,9.800000000,1.000000000,0.000000000,0.000000000,0.000000000
29.608328596,0.000000000,0.000000000,0.000000000,0.000000000,0.000000000,9.800000000,1.000000000,0.000000000,0.000000000,0.000000000
29.612495262,0.000000000,0.000000000,0.000000000,0.000000000,0.000000000,9.800000000,1.000000000,0.000000000,0.000000000,0.000000000
29.616661928,0.000000000,0.000000000,0.000000000,0.000000000,0.000000000,9.800000000,1.000000000,0.000000000,0.000000000,0.000000000
29.620828594,0.000000000,0.000000000,0.000000000,0.000000000,0.000000000,9.800000000,1.000000000,0.000000000,0.000000000,0.000000000
29.629161926,0.000000000,0.000000000,0.000000000,0.000000000,0.000000000,9.800000000,1.000000000,0.000000000,0.000000000,0.000000000
29.633328592,0.000000000,0.000000000,0.000000000,0.000000000,0.000000000,9.800000000,1.000000000,0.000000000,0.000000000,0.000000000
29.637495258,0.000000000,0.000000000,0.000000000,0.000000000,0.000000000,9.800000000,1.000000000,0.000000000,0.000000000,0.000000000
29.641661924,0.000000000,0.000000000,0.000000000,0.000000000,0.000000000,9.800000000,1.000000000,0.000000000,0.000000000,0.000000000
29.645828590,0.000000000,0.000000000,0.000000000,0.000000000,0.000000000,9.800000000,1.000000000,0.000000000,0.000000000,0.000000000
29.654161922,0.000000000,0.000000000,0.000000000,0.000000000,0.000000000,9.800000000,1.000000000,0.000000000,0.000000000,0.000000000
29.658328588,0.000000000,0.000000000,0.000000000,0.000000000,0.000000000,9.800000000,1.000000000,0.000000000,0.000000000,0.000000000
29.662495254,0.000000000,0.000000000,0.000000000,0.000000000,0.000000000,9.800000000,1.000000000,0.000000000,0.000000000,0.000000000
29.666661920,0.000000000,0.000000000,0.000000000,0.000000000,0.000000000,9.800000000,1.000000000,0.000000000,0.000000000,0.000000000
29.670828586,0.000000000,0.000000000,0.000000000,0.000000000,0.000000000,9.800000000,1.000000000,0.000000000,0.000000000,0.000000000
29.679161918,0.000000000,0.000000000,0.000000000,0.000000000,0.000000000,9.800000000,1.000000000,0.000000000,0.000000000,0.000000000
29.683328584,0.000000000,0.000000000,0.000000000,0.000000000,0.000000000,9.800000000,1.000000000,0.000000000,0.000000000,0.000000000
29.687495250,0.000000000,0.000000000,0.000000000,0.000000000,0.000000000,9.800000000,1.000000000,0.000000000,0.000000000,0.000000000
29.691661916,0.000000000,0.000000000,0.000000000,0.000000000,0.000000000,9.800000000,1.000000000,0.000000000,0.000000000,0.000000000
29.695828582,0.000000000,0.000000000,0.000000000,0.000000000,0.000000000,9.800000000,1.000000000,0.000000000,0.000000000,0.000000000
29.704161914,0.000000000,0.000000000,0.000000000,0.000000000,0.000000000,9.800000000,1.000000000,0.000000000,0.000000000,0.000000000
29.708328580,0.000000000,0.000000000,0.000000000,0.000000000,0.000000000,9.800000000,1.000000000,0.000000000,0.000000000,0.000000000
29.712495246,0.000000000,0.000000000,0.000000000,0.000000000,0.000000000,9.800000000,1.000000000,0.000000000,0.000000000,0.000000000
29.716661912,0.000000000,0.000000000,0.000000000,0.000000000,0.000000000,9.800000000,1.000000000,0.000000000,0.000000000,0.000000000
29.720828578,0.000000000,0.000000000,0.000000000,0.000000000,0.000000000,9.800000000,1.000000000,0.000000000,0.000000000,0.000000000
29.729161910,0.000000000,0.000000000,0.000000000,0.000000000,0.000000000,9.800000000,1.000000000,0.000000000,0.000000000,0.000000000
29.733328576,0.000000000,0.000000000,0.000000000,0.000000000,0.000000000,9.800000000,1.000000000,0.000000000,0.000000000,0.000000000
29.737495242,0.000000000,0.000000000,0.000000000,0.000000000,0.000000000,9.800000000,1.000000000,0.000000000,0.000000000,0.000000000
29.741661908,0.000000000,0.000000000,0.000000000,0.000000000,0.000000000,9.800000000,1.000000000,0.000000000,0.000000000,0.000000000
29.745828574,0.000000000,0.000000000,0.000000000,0.000000000,0.000000000,9.800000000,1.000000000,0.000000000,0.000000000,0.000000000
29.754161906,0.000000000,0.000000000,0.000000000,0.000000000,0.000000000,9.800000000,1.000000000,0.000000000,0.000000000,0.000000000
29.758328572,0.000000000,0.000000000,0.000000000,0.000000000,0.000000000,9.800000000,1.000000000,0.000000000,0.000000000,0.000000000
29.762495238,0.000000000,0.000000000,0.000000000,0.000000000,0.000000000,9.800000000,1.000000000,0.000000000,0.000000000,0.000000000
29.766661904,0.000000000,0.000000000,0.000000000,0.000000000,0.000000000,9.800000000,1.000000000,0.000000000,0.000000000,0.000000000
29.770828570,0.000000000,0.000000000,0.000000000,0.000000000,0.000000000,9.800000000,1.000000000,0.000000000,0.000000000,0.000000000
29.779161902,0.000000000,0.000000000,0.000000000,0.000000000,0.000000000,9.800000000,1.000000000,0.000000000,0.000000000,0.000000000
29.783328568,0.000000000,0.000000000,0.000000000,0.000000000,0.000000000,9.800000000,1.000000000,0.000000000,0.000000000,0.000000000
29.787495234,0.000000000,0.000000000,0.000000000,0.000000000,0.000000000,9.800000000,1.000000000,0.000000000,0.000000000,0.000000000
29.791661900,0.000000000,0.000000000,0.000000000,0.000000000,0.000000000,9.800000000,1.000000000,0.000000000,0.000000000,0.000000000
29.795828566,0.000000000,0.000000000,0.000000000,0.000000000,0.000000000,9.800000000,1.000000000,0.000000000,0.000000000,0.000000000
29.804161898,0.000000000,0.000000000,0.000000000,0.000000000,0.000000000,9.800000000,1.000000000,0.000000000,0.000000000,0.000000000
29.808328564,0.000000000,0.000000000,0.000000000,0.000000000,0.000000000,9.800000000,1.000000000,0.000000000,0.000000000,0.000000000
29.812495230,0.000000000,0.000000000,0.000000000,0.000000000,0.000000000,9.800000000,1.000000000,0.000000000,0.000000000,0.000000000
29.816661896,0.000000000,0.000000000,0.000000000,0.000000000,0.000000000,9.800000000,1.000000000,0.000000000,0.000000000,0.000000000
29.820828562,0.000000000,0.000000000,0.000000000,0.000000000,0.000000000,9.800000000,1.000000000,0.000000000,0.000000000,0.000000000
29.829161894,0.000000000,0.000000000,0.000000000,0.000000000,0.000000000,9.800000000,1.000000000,0.000000000,0.000000000,0.000000000
29.833328560,0.000000000,0.000000000,0.000000000,0.000000000,0.000000000,9.800000000,1.000000000,0.000000000,0.000000000,0.000000000
29.837495226,0.000000000,0.000000000,0.000000000,0.000000000,0.000000000,9.800000000,1.000000000,0.000000000,0.000000000,0.000000000
29.841661892,0.000000000,0.000000000,0.000000000,0.000000000,0.000000000,9.800000000,1.000000000,0.000000000,0.000000000,0.000000000
29.845828558,0.000000000,0.000000000,0.000000000,0.000000000,0.000000000,9.800000000,1.000000000,0.000000000,0.000000000,0.000000000
29.854161890,0.000000000,0.000000000,0.000000000,0.000000000,0.000000000,9.800000000,1.000000000,0.000000000,0.000000000,0.000000000
29.858328556,0.000000000,0.000000000,0.000000000,0.000000000,0.000000000,9.800000000,1.000000000,0.000000000,0.000000000,0.000000000
29.862495222,0.000000000,0.000000000,0.000000000,0.000000000,0.000000000,9.800000000,1.000000000,0.000000000,0.000000000,0.000000000
29.866661888,0.000000000,0.000000000,0.000000000,0.000000000,0.000000000,9.800000000,1.000000000,0.000000000,0.000000000,0.000000000
29.870828554,0.000000000,0.000000000,0.000000000,0.000000000,0.000000000,9.800000000,1.000000000,0.000000000,0.000000000,0.000000000
29.879161886,0.000000000,0.000000000,0.000000000,0.000000000,0.000000000,9.800000000,1.000000000,0.000000000,0.000000000,0.000000000
29.883328552,0.000000000,0.000000000,0.000000000,0.000000000,0.000000000,9.800000000,1.000000000,0.000000000,0.000000000,0.000000000
29.887495218,0.000000000,0.000000000,0.000000000,0.000000000,0.000000000,9.800000000,1.000000000,0.000000000,0.000000000,0.000000000
29.891661884,0.000000000,0.000000000,0.000000000,0.000000000,0.000000000,9.800000000,1.000000000,0.000000000,0.000000000,0.000000000
29.895828550,0.000000000,0.000000000,0.000000000,0.000000000,0.000000000,9.800000000,1.000000000,0.000000000,0.000000000,0.000000000
29.904161882,0.000000000,0.000000000,0.000000000,0.000000000,0.000000000,9.800000000,1.000000000,0.000000000,0.000000000,0.000000000
29.908328548,0.000000000,0.000000000,0.000000000,0.000000000,0.000000000,9.800000000,1.000000000,0.000000000,0.000000000,0.000000000
29.912495214,0.000000000,0.000000000,0.000000000,0.000000000,0.000000000,9.800000000,1.000000000,0.000000000,0.000000000,0.000000000
29.916661880,0.000000000,0.000000000,0.000000000,0.000000000,0.000000000,9.800000000,1.000000000,0.000000000,0.000000000,0.000000000
29.920828546,0.000000000,0.000000000,0.000000000,0.000000000,0.000000000,9.800000000,1.000000000,0.000000000,0.000000000,0.000000000
29.929161878,0.000000000,0.000000000,0.000000000,0.000000000,0.000000000,9.800000000,1.000000000,0.000000000,0.000000000,0.000000000
29.933328544,0.000000000,0.000000000,0.000000000,0.000000000,0.000000000,9.800000000,1.000000000,0.000000000,0.000000000,0.000000000
