t,wx,wy,wz,ax,ay,az,qw,qx,qy,qz
0.008333332,0.000000000,0.000000000,0.822467033,-0.000000000,0.000000000,9.800000000,0.999998532,0.000000000,0.000000000,0.001713472
0.012499998,0.000000000,0.000000000,0.822467033,-0.000000000,-0.000000000,9.800000000,0.999994128,0.000000000,0.000000000,0.003426939
0.016666664,0.000000000,0.000000000,0.822467033,-0.000000000,0.000000000,9.800000000,0.999986788,0.000000000,0.000000000,0.005140395
0.020833330,0.000000000,0.000000000,0.822308495,0.000000000,-0.000000000,9.800000000,0.999976514,0.000000000,0.000000000,0.006853507
0.029166662,0.000000000,0.000000000,0.822308495,-0.000000000,-0.000000000,9.800000000,0.999947163,0.000000000,0.000000000,0.010279664
0.033333328,0.000000000,0.000000000,0.822308495,0.000000000,0.000000000,9.800000000,0.999928085,0.000000000,0.000000000,0.011992700
0.037499994,0.000000000,0.000000000,0.822308495,-0.000000000,0.000000000,9.800000000,0.999906072,0.000000000,0.000000000,0.013705701
0.041666660,0.000000000,0.000000000,0.821832941,0.000000000,0.000000000,9.800000000,0.999881141,0.000000000,0.000000000,0.015417671
0.045833326,0.000000000,0.000000000,0.821040555,0.000000000,0.000000000,9.800000000,0.999853306,0.000000000,0.000000000,0.017127945
0.054166658,0.000000000,0.000000000,0.821040555,0.000000000,0.000000000,9.800000000,0.999788861,0.000000000,0.000000000,0.020548338
0.058333324,0.000000000,0.000000000,0.821040555,0.000000000,0.000000000,9.800000000,0.999752250,0.000000000,0.000000000,0.022258447
0.062499990,0.000000000,0.000000000,0.819931643,0.000000000,-0.000000000,9.800000000,0.999712770,0.000000000,0.000000000,0.023966181
0.066666656,0.000000000,0.000000000,0.819931643,0.000000000,0.000000000,9.800000000,0.999670373,0.000000000,0.000000000,0.025673845
0.070833322,0.000000000,0.000000000,0.818506631,0.000000000,0.000000000,9.800000000,0.999625140,0.000000000,0.000000000,0.027378467
0.079166654,0.000000000,0.000000000,0.818506631,0.000000000,0.000000000,9.800000000,0.999525954,0.000000000,0.000000000,0.030787467
0.083333320,0.000000000,0.000000000,0.818506631,0.000000000,0.000000000,9.800000000,0.999472001,0.000000000,0.000000000,0.032491835
0.087499986,0.000000000,0.000000000,0.818506631,-0.000000000,0.000000000,9.800000000,0.999415142,0.000000000,0.000000000,0.034196108
0.091666652,0.000000000,0.000000000,0.818506631,-0.000000000,0.000000000,9.800000000,0.999355377,0.000000000,0.000000000,0.035900282
0.095833318,0.000000000,0.000000000,0.818506631,-0.000000000,-0.000000000,9.800000000,0.999292706,0.000000000,0.000000000,0.037604352
0.104166650,0.000000000,0.000000000,0.814710629,0.000000000,0.000000000,9.800000000,0.999159296,0.000000000,0.000000000,0.040996355
0.108333316,0.000000000,0.000000000,0.812341103,0.000000000,0.000000000,9.800000000,0.999088484,0.000000000,0.000000000,0.042687249
0.112499982,0.000000000,0.000000000,0.812341103,0.000000000,0.000000000,9.800000000,0.999014810,0.000000000,0.000000000,0.044378022
0.116666648,0.000000000,0.000000000,0.812341103,0.000000000,0.000000000,9.800000000,0.998938275,0.000000000,0.000000000,0.046068667
0.120833314,0.000000000,0.000000000,0.812341103,0.000000000,0.000000000,9.800000000,0.998858879,0.000000000,0.000000000,0.047759180
0.129166646,0.000000000,0.000000000,0.809658403,0.000000000,0.000000000,9.800000000,0.998692076,0.000000000,0.000000000,0.051128629
0.133333312,0.000000000,0.000000000,0.809658403,0.000000000,0.000000000,9.800000000,0.998604412,0.000000000,0.000000000,0.052813137
0.137499978,0.000000000,0.000000000,0.806663565,0.000000000,0.000000000,9.800000000,0.998514247,0.000000000,0.000000000,0.054491265
0.141666644,0.000000000,0.000000000,0.806663565,-0.000000000,-0.000000000,9.800000000,0.998421262,0.000000000,0.000000000,0.056169239
0.145833310,0.000000000,0.000000000,0.806663565,-0.000000000,-0.000000000,9.800000000,0.998325457,0.000000000,0.000000000,0.057847055
0.154166642,0.000000000,0.000000000,0.803357743,-0.000000000,0.000000000,9.800000000,0.998126232,0.000000000,0.000000000,0.061188443
0.158333308,0.000000000,0.000000000,0.799742211,-0.000000000,-0.000000000,9.800000000,0.998022899,0.000000000,0.000000000,0.062851365
0.162499974,0.000000000,0.000000000,0.799742211,0.000000000,-0.000000000,9.800000000,0.997916795,0.000000000,0.000000000,0.064514112
0.166666640,0.000000000,0.000000000,0.799742211,0.000000000,-0.000000000,9.800000000,0.997807921,0.000000000,0.000000000,0.066176680
0.170833306,0.000000000,0.000000000,0.795818364,0.000000000,-0.000000000,9.800000000,0.997696832,0.000000000,0.000000000,0.067830908
0.179166638,0.000000000,0.000000000,0.795818364,0.000000000,-0.000000000,9.800000000,0.997466426,0.000000000,0.000000000,0.071138802
0.183333304,0.000000000,0.000000000,0.795818364,-0.000000000,-0.000000000,9.800000000,0.997347110,0.000000000,0.000000000,0.072792457
0.187499970,0.000000000,0.000000000,0.791587713,0.000000000,0.000000000,9.800000000,0.997225709,0.000000000,0.000000000,0.074437123
0.191666636,0.000000000,0.000000000,0.791587713,0.000000000,0.000000000,9.800000000,0.997101596,0.000000000,0.000000000,0.076081587
0.195833302,0.000000000,0.000000000,0.787051890,0.000000000,-0.000000000,9.800000000,0.996975505,0.000000000,0.000000000,0.077716423
0.204166634,0.000000000,0.000000000,0.787051890,0.000000000,-0.000000000,9.800000000,0.996715283,0.000000000,0.000000000,0.080985463
0.208333300,0.000000000,0.000000000,0.782212644,0.000000000,0.000000000,9.800000000,0.996581985,0.000000000,0.000000000,0.082609611
0.212499966,0.000000000,0.000000000,0.782212644,0.000000000,-0.000000000,9.800000000,0.996446040,0.000000000,0.000000000,0.084233540
0.216666632,0.000000000,0.000000000,0.782212644,0.000000000,0.000000000,9.800000000,0.996307449,0.000000000,0.000000000,0.085857245
0.220833298,0.000000000,0.000000000,0.777071841,0.000000000,-0.000000000,9.800000000,0.996167149,0.000000000,0.000000000,0.087470054
0.229166630,0.000000000,0.000000000,0.777071841,0.000000000,-0.000000000,9.800000000,0.995878718,0.000000000,0.000000000,0.090694978
0.233333296,0.000000000,0.000000000,0.771631461,0.000000000,0.000000000,9.800000000,0.995731633,0.000000000,0.000000000,0.092295801
0.237499962,0.000000000,0.000000000,0.771631461,0.000000000,0.000000000,9.800000000,0.995581975,0.000000000,0.000000000,0.093896384
0.241666628,0.000000000,0.000000000,0.771631461,0.000000000,0.000000000,9.800000000,0.995429744,0.000000000,0.000000000,0.095496725
0.245833294,0.000000000,0.000000000,0.771631461,0.000000000,0.000000000,9.800000000,0.995274941,0.000000000,0.000000000,0.097096820
0.254166626,0.000000000,0.000000000,0.765893603,0.000000000,0.000000000,9.800000000,0.994960016,0.000000000,0.000000000,0.100272464
0.258333292,0.000000000,0.000000000,0.759860478,0.000000000,0.000000000,9.800000000,0.994800034,0.000000000,0.000000000,0.101847401
0.262499958,0.000000000,0.000000000,0.759860478,0.000000000,-0.000000000,9.800000000,0.994637558,0.000000000,0.000000000,0.103422084
0.266666624,0.000000000,0.000000000,0.759860478,-0.000000000,-0.000000000,9.800000000,0.994472591,0.000000000,0.000000000,0.104996507
0.270833290,0.000000000,0.000000000,0.759860478,-0.000000000,0.000000000,9.800000000,0.994305131,0.000000000,0.000000000,0.106570667
0.279166622,0.000000000,0.000000000,0.753534413,0.000000000,0.000000000,9.800000000,0.993965628,0.000000000,0.000000000,0.109691983
0.283333288,0.000000000,0.000000000,0.746917846,-0.000000000,-0.000000000,9.800000000,0.993793735,0.000000000,0.000000000,0.111238538
0.287499954,0.000000000,0.000000000,0.746917846,0.000000000,0.000000000,9.800000000,0.993619436,0.000000000,0.000000000,0.112784824
0.291666620,0.000000000,0.000000000,0.746917846,-0.000000000,0.000000000,9.800000000,0.993442731,0.000000000,0.000000000,0.114330836
0.295833286,0.000000000,0.000000000,0.740013328,-0.000000000,0.000000000,9.800000000,0.993265287,0.000000000,0.000000000,0.115862285
0.304166618,0.000000000,0.000000000,0.732823521,-0.000000000,-0.000000000,9.800000000,0.992905099,0.000000000,0.000000000,0.118909479
0.308333284,0.000000000,0.000000000,0.732823521,-0.000000000,-0.000000000,9.800000000,0.992722401,0.000000000,0.000000000,0.120425224
0.312499950,0.000000000,0.000000000,0.732823521,-0.000000000,-0.000000000,9.800000000,0.992537389,0.000000000,0.000000000,0.121940687
0.316666616,0.000000000,0.000000000,0.732823521,-0.000000000,-0.000000000,9.800000000,0.992350064,0.000000000,0.000000000,0.123455867
0.320833282,0.000000000,0.000000000,0.732823521,-0.000000000,-0.000000000,9.800000000,0.992160425,0.000000000,0.000000000,0.124970758
0.329166614,0.000000000,0.000000000,0.725351196,-0.000000000,0.000000000,9.800000000,0.991778196,0.000000000,0.000000000,0.127968786
0.333333280,0.000000000,0.000000000,0.725351196,0.000000000,0.000000000,9.800000000,0.991583684,0.000000000,0.000000000,0.129467363
0.337499946,0.000000000,0.000000000,0.717599235,0.000000000,0.000000000,9.800000000,0.991389022,0.000000000,0.000000000,0.130949633
0.341666612,0.000000000,0.000000000,0.717599235,0.000000000,0.000000000,9.800000000,0.991192145,0.000000000,0.000000000,0.132431611
0.345833278,0.000000000,0.000000000,0.717599235,0.000000000,-0.000000000,9.800000000,0.990993052,0.000000000,0.000000000,0.133913293
0.354166610,0.000000000,0.000000000,0.709570626,0.000000000,-0.000000000,9.800000000,0.990590512,0.000000000,0.000000000,0.136859187
0.358333276,0.000000000,0.000000000,0.709570626,0.000000000,0.000000000,9.800000000,0.990387115,0.000000000,0.000000000,0.138323399
0.362499942,0.000000000,0.000000000,0.701268464,0.000000000,0.000000000,9.800000000,0.990183971,0.000000000,0.000000000,0.139770182
0.366666608,0.000000000,0.000000000,0.701268464,0.000000000,0.000000000,9.800000000,0.989978713,0.000000000,0.000000000,0.141216667
0.370833274,0.000000000,0.000000000,0.701268464,0.000000000,0.000000000,9.800000000,0.989771343,0.000000000,0.000000000,0.142662851
0.379166606,0.000000000,0.000000000,0.692695950,0.000000000,0.000000000,9.800000000,0.989355463,0.000000000,0.000000000,0.145518963
0.383333272,0.000000000,0.000000000,0.683856388,0.000000000,0.000000000,9.800000000,0.989147138,0.000000000,0.000000000,0.146928350
0.387499938,0.000000000,0.000000000,0.683856388,0.000000000,0.000000000,9.800000000,0.988936805,0.000000000,0.000000000,0.148337439
0.391666604,0.000000000,0.000000000,0.683856388,0.000000000,0.000000000,9.800000000,0.988724465,0.000000000,0.000000000,0.149746227
0.395833270,0.000000000,0.000000000,0.674753187,0.000000000,0.000000000,9.800000000,0.988512984,0.000000000,0.000000000,0.151135964
0.404166602,0.000000000,0.000000000,0.674753187,0.000000000,0.000000000,9.800000000,0.988084164,0.000000000,0.000000000,0.153914539
0.408333268,0.000000000,0.000000000,0.665389856,0.000000000,0.000000000,9.800000000,0.987869854,0.000000000,0.000000000,0.155284101
0.412499934,0.000000000,0.000000000,0.665389856,-0.000000000,0.000000000,9.800000000,0.987653645,0.000000000,0.000000000,0.156653365
0.416666600,0.000000000,0.000000000,0.665389856,0.000000000,0.000000000,9.800000000,0.987435539,0.000000000,0.000000000,0.158022328
0.420833266,0.000000000,0.000000000,0.665389856,-0.000000000,0.000000000,9.800000000,0.987215535,0.000000000,0.000000000,0.159390987
0.429166598,0.000000000,0.000000000,0.655770004,0.000000000,0.000000000,9.800000000,0.986776335,0.000000000,0.000000000,0.162087831
0.433333264,0.000000000,0.000000000,0.645897341,-0.000000000,-0.000000000,9.800000000,0.986557333,0.000000000,0.000000000,0.163415509
0.437499930,0.000000000,0.000000000,0.645897341,-0.000000000,-0.000000000,9.800000000,0.986336545,0.000000000,0.000000000,0.164742891
0.441666596,0.000000000,0.000000000,0.645897341,0.000000000,-0.000000000,9.800000000,0.986113971,0.000000000,0.000000000,0.166069975
0.445833262,0.000000000,0.000000000,0.635775672,0.000000000,0.000000000,9.800000000,0.985893141,0.000000000,0.000000000,0.167375969
0.454166594,0.000000000,0.000000000,0.635775672,0.000000000,0.000000000,9.800000000,0.985446292,0.000000000,0.000000000,0.169987074
0.458333260,0.000000000,0.000000000,0.625408899,0.000000000,0.000000000,9.800000000,0.985223974,0.000000000,0.000000000,0.171270901
0.462499926,0.000000000,0.000000000,0.625408899,0.000000000,-0.000000000,9.800000000,0.984999983,0.000000000,0.000000000,0.172554438
0.466666592,0.000000000,0.000000000,0.625408899,0.000000000,-0.000000000,9.800000000,0.984774319,0.000000000,0.000000000,0.173837683
0.470833258,0.000000000,0.000000000,0.614801020,0.000000000,0.000000000,9.800000000,0.984550854,0.000000000,0.000000000,0.175098873
0.479166590,0.000000000,0.000000000,0.614801020,0.000000000,-0.000000000,9.800000000,0.984099079,0.000000000,0.000000000,0.177620391
0.483333256,0.000000000,0.000000000,0.603956123,0.000000000,-0.000000000,9.800000000,0.983874810,0.000000000,0.000000000,0.178858485
0.487499922,0.000000000,0.000000000,0.603956123,0.000000000,0.000000000,9.800000000,0.983648984,0.000000000,0.000000000,0.180096295
0.491666588,0.000000000,0.000000000,0.603956123,0.000000000,0.000000000,9.800000000,0.983421601,0.000000000,0.000000000,0.181333820
0.495833254,0.000000000,0.000000000,0.603956123,0.000000000,0.000000000,9.800000000,0.983192661,0.000000000,0.000000000,0.182571058
0.504166586,0.000000000,0.000000000,0.592878389,0.000000000,-0.000000000,9.800000000,0.982738651,0.000000000,0.000000000,0.184999306
0.508333252,0.000000000,0.000000000,0.581572090,0.000000000,0.000000000,9.800000000,0.982513783,0.000000000,0.000000000,0.186189864
0.512499918,0.000000000,0.000000000,0.581572090,0.000000000,0.000000000,9.800000000,0.982287473,0.000000000,0.000000000,0.187380149
0.516666584,0.000000000,0.000000000,0.581572090,0.000000000,0.000000000,9.800000000,0.982059721,0.000000000,0.000000000,0.188570159
0.520833250,0.000000000,0.000000000,0.581572090,0.000000000,0.000000000,9.800000000,0.981830527,0.000000000,0.000000000,0.189759892
0.529166582,0.000000000,0.000000000,0.570041583,0.000000000,0.000000000,9.800000000,0.981372431,0.000000000,0.000000000,0.192114946
0.533333248,0.000000000,0.000000000,0.570041583,0.000000000,0.000000000,9.800000000,0.981143586,0.000000000,0.000000000,0.193280275
0.537499914,0.000000000,0.000000000,0.558291315,0.000000000,-0.000000000,9.800000000,0.980918116,0.000000000,0.000000000,0.194421318
0.541666580,0.000000000,0.000000000,0.558291315,0.000000000,-0.000000000,9.800000000,0.980691320,0.000000000,0.000000000,0.195562099
0.545833246,0.000000000,0.000000000,0.558291315,-0.000000000,-0.000000000,9.800000000,0.980463197,0.000000000,0.000000000,0.196702615
0.554166578,0.000000000,0.000000000,0.546325815,0.000000000,-0.000000000,9.800000000,0.980012892,0.000000000,0.000000000,0.198933988
0.558333244,0.000000000,0.000000000,0.534149696,0.000000000,0.000000000,9.800000000,0.979790909,0.000000000,0.000000000,0.200024435
0.562499910,0.000000000,0.000000000,0.534149696,0.000000000,0.000000000,9.800000000,0.979567713,0.000000000,0.000000000,0.201114633
0.566666576,0.000000000,0.000000000,0.534149696,0.000000000,0.000000000,9.800000000,0.979343304,0.000000000,0.000000000,0.202204583
0.570833242,0.000000000,0.000000000,0.521767652,0.000000000,-0.000000000,9.800000000,0.979122926,0.000000000,0.000000000,0.203269025
0.579166574,0.000000000,0.000000000,0.521767652,0.000000000,0.000000000,9.800000000,0.978678699,0.000000000,0.000000000,0.205397187
0.583333240,0.000000000,0.000000000,0.521767652,0.000000000,-0.000000000,9.800000000,0.978454851,0.000000000,0.000000000,0.206460905
0.587499906,0.000000000,0.000000000,0.509184457,0.000000000,0.000000000,9.800000000,0.978235286,0.000000000,0.000000000,0.207498734
0.591666572,0.000000000,0.000000000,0.509184457,-0.000000000,-0.000000000,9.800000000,0.978014621,0.000000000,0.000000000,0.208536330
0.595833238,0.000000000,0.000000000,0.496404962,-0.000000000,0.000000000,9.800000000,0.977798435,0.000000000,0.000000000,0.209547658
0.604166570,0.000000000,0.000000000,0.496404962,0.000000000,0.000000000,9.800000000,0.977362925,0.000000000,0.000000000,0.211569641
0.608333236,0.000000000,0.000000000,0.496404962,0.000000000,0.000000000,9.800000000,0.977143602,0.000000000,0.000000000,0.212580294
0.612499902,0.000000000,0.000000000,0.483434093,-0.000000000,-0.000000000,9.800000000,0.976929005,0.000000000,0.000000000,0.213564320
0.616666568,0.000000000,0.000000000,0.483434093,-0.000000000,-0.000000000,9.800000000,0.976713417,0.000000000,0.000000000,0.214548130
0.620833234,0.000000000,0.000000000,0.470276851,0.000000000,-0.000000000,9.800000000,0.976502747,0.000000000,0.000000000,0.215504955
0.629166566,0.000000000,0.000000000,0.470276851,0.000000000,-0.000000000,9.800000000,0.976078593,0.000000000,0.000000000,0.217417984
0.633333232,0.000000000,0.000000000,0.456938309,-0.000000000,-0.000000000,9.800000000,0.975871179,0.000000000,0.000000000,0.218347068
0.637499898,0.000000000,0.000000000,0.456938309,0.000000000,-0.000000000,9.800000000,0.975662880,0.000000000,0.000000000,0.219275954
0.641666564,0.000000000,0.000000000,0.456938309,0.000000000,-0.000000000,9.800000000,0.975453697,0.000000000,0.000000000,0.220204642
0.645833230,0.000000000,0.000000000,0.456938309,-0.000000000,-0.000000000,9.800000000,0.975243631,0.000000000,0.000000000,0.221133129
0.654166562,0.000000000,0.000000000,0.456938309,-0.000000000,-0.000000000,9.800000000,0.974820846,0.000000000,0.000000000,0.222989503
0.658333228,0.000000000,0.000000000,0.429737959,0.000000000,-0.000000000,9.800000000,0.974620816,0.000000000,0.000000000,0.223862158
0.662499894,0.000000000,0.000000000,0.429737959,0.000000000,-0.000000000,9.800000000,0.974420004,0.000000000,0.000000000,0.224734634
0.666666560,0.000000000,0.000000000,0.429737959,0.000000000,-0.000000000,9.800000000,0.974218411,0.000000000,0.000000000,0.225606930
0.670833226,0.000000000,0.000000000,0.415886638,-0.000000000,0.000000000,9.800000000,0.974022573,0.000000000,0.000000000,0.226450937
0.679166558,0.000000000,0.000000000,0.415886638,-0.000000000,-0.000000000,9.800000000,0.973628703,0.000000000,0.000000000,0.228138442
0.683333224,0.000000000,0.000000000,0.401874985,0.000000000,0.000000000,9.800000000,0.973437355,0.000000000,0.000000000,0.228953522
0.687499890,0.000000000,0.000000000,0.401874985,-0.000000000,0.000000000,9.800000000,0.973245325,0.000000000,0.000000000,0.229768442
0.691666556,0.000000000,0.000000000,0.401874985,0.000000000,0.000000000,9.800000000,0.973052613,0.000000000,0.000000000,0.230583201
0.695833222,0.000000000,0.000000000,0.387708401,-0.000000000,0.000000000,9.800000000,0.972866048,0.000000000,0.000000000,0.231369085
0.704166554,0.000000000,0.000000000,0.387708401,-0.000000000,-0.000000000,9.800000000,0.972491013,0.000000000,0.000000000,0.232940400
0.708333220,0.000000000,0.000000000,0.387708401,0.000000000,0.000000000,9.800000000,0.972302544,0.000000000,0.000000000,0.233725830
0.712499886,0.000000000,0.000000000,0.387708401,0.000000000,0.000000000,9.800000000,0.972113440,0.000000000,0.000000000,0.234511108
0.716666552,0.000000000,0.000000000,0.373392348,-0.000000000,-0.000000000,9.800000000,0.971930720,0.000000000,0.000000000,0.235267244
0.720833218,0.000000000,0.000000000,0.358932346,0.000000000,0.000000000,9.800000000,0.971754521,0.000000000,0.000000000,0.235993964
0.729166550,0.000000000,0.000000000,0.358932346,0.000000000,0.000000000,9.800000000,0.971400493,0.000000000,0.000000000,0.237447009
0.733333216,0.000000000,0.000000000,0.344333968,0.000000000,0.000000000,9.800000000,0.971229908,0.000000000,0.000000000,0.238143794
0.737499882,0.000000000,0.000000000,0.344333968,-0.000000000,0.000000000,9.800000000,0.971058822,0.000000000,0.000000000,0.238840456
0.741666548,0.000000000,0.000000000,0.344333968,0.000000000,0.000000000,9.800000000,0.970887237,0.000000000,0.000000000,0.239536995
0.745833214,0.000000000,0.000000000,0.344333968,0.000000000,0.000000000,9.800000000,0.970715153,0.000000000,0.000000000,0.240233412
0.754166546,0.000000000,0.000000000,0.329602844,0.000000000,0.000000000,9.800000000,0.970376900,0.000000000,0.000000000,0.241596092
0.758333212,0.000000000,0.000000000,0.314744651,-0.000000000,0.000000000,9.800000000,0.970218273,0.000000000,0.000000000,0.242232334
0.762499878,0.000000000,0.000000000,0.314744651,0.000000000,0.000000000,9.800000000,0.970059228,0.000000000,0.000000000,0.242868471
0.766666544,0.000000000,0.000000000,0.314744651,-0.000000000,0.000000000,9.800000000,0.969899766,0.000000000,0.000000000,0.243504504
0.770833210,0.000000000,0.000000000,0.299765118,0.000000000,0.000000000,9.800000000,0.969747506,0.000000000,0.000000000,0.244110169
0.779166542,0.000000000,0.000000000,0.299765118,0.000000000,0.000000000,9.800000000,0.969441851,0.000000000,0.000000000,0.245321214
0.783333208,0.000000000,0.000000000,0.299765118,0.000000000,0.000000000,9.800000000,0.969288456,0.000000000,0.000000000,0.245926592
0.787499874,0.000000000,0.000000000,0.284670019,0.000000000,0.000000000,9.800000000,0.969142436,0.000000000,0.000000000,0.246501398
0.791666540,0.000000000,0.000000000,0.284670019,0.000000000,0.000000000,9.800000000,0.968996075,0.000000000,0.000000000,0.247076116
0.795833206,0.000000000,0.000000000,0.269465176,0.000000000,0.000000000,9.800000000,0.968857217,0.000000000,0.000000000,0.247620058
0.804166538,0.000000000,0.000000000,0.269465176,0.000000000,0.000000000,9.800000000,0.968578586,0.000000000,0.000000000,0.248707707
0.808333204,0.000000000,0.000000000,0.254156448,0.000000000,0.000000000,9.800000000,0.968446761,0.000000000,0.000000000,0.249220527
0.812499870,0.000000000,0.000000000,0.254156448,0.000000000,0.000000000,9.800000000,0.968314665,0.000000000,0.000000000,0.249733277
0.816666536,0.000000000,0.000000000,0.254156448,0.000000000,0.000000000,9.800000000,0.968182297,0.000000000,0.000000000,0.250245958
0.820833202,0.000000000,0.000000000,0.238749738,-0.000000000,0.000000000,9.800000000,0.968057706,0.000000000,0.000000000,0.250727496
0.829166534,0.000000000,0.000000000,0.238749738,-0.000000000,0.000000000,9.800000000,0.967807806,0.000000000,0.000000000,0.251690387
0.833333200,0.000000000,0.000000000,0.238749738,-0.000000000,-0.000000000,9.800000000,0.967682497,0.000000000,0.000000000,0.252171738
0.837499866,0.000000000,0.000000000,0.223250986,0.000000000,0.000000000,9.800000000,0.967565105,0.000000000,0.000000000,0.252621786
0.841666532,0.000000000,0.000000000,0.223250986,0.000000000,0.000000000,9.800000000,0.967447505,0.000000000,0.000000000,0.253071779
0.845833198,0.000000000,0.000000000,0.207666166,0.000000000,0.000000000,9.800000000,0.967337926,0.000000000,0.000000000,0.253490310
0.854166530,0.000000000,0.000000000,0.207666166,0.000000000,0.000000000,9.800000000,0.967118225,0.000000000,0.000000000,0.254327229
0.858333196,0.000000000,0.000000000,0.192001287,-0.000000000,-0.000000000,9.800000000,0.967016416,0.000000000,0.000000000,0.254714059
0.862499862,0.000000000,0.000000000,0.192001287,0.000000000,0.000000000,9.800000000,0.966914452,0.000000000,0.000000000,0.255100847
0.866666528,0.000000000,0.000000000,0.192001287,-0.000000000,-0.000000000,9.800000000,0.966812334,0.000000000,0.000000000,0.255487595
0.870833194,0.000000000,0.000000000,0.176262388,0.000000000,0.000000000,9.800000000,0.966718450,0.000000000,0.000000000,0.255842604
0.879166526,0.000000000,0.000000000,0.176262388,0.000000000,0.000000000,9.800000000,0.966530292,0.000000000,0.000000000,0.256552519
0.883333192,0.000000000,0.000000000,0.176262388,0.000000000,0.000000000,9.800000000,0.966436017,0.000000000,0.000000000,0.256907424
0.887499858,0.000000000,0.000000000,0.176262388,0.000000000,0.000000000,9.800000000,0.966341612,0.000000000,0.000000000,0.257262295
0.891666524,0.000000000,0.000000000,0.160455536,-0.000000000,0.000000000,9.800000000,0.966255560,0.000000000,0.000000000,0.257585312
0.895833190,0.000000000,0.000000000,0.160455536,0.000000000,0.000000000,9.800000000,0.966169400,0.000000000,0.000000000,0.257908300
0.904166522,0.000000000,0.000000000,0.144586825,0.000000000,0.000000000,9.800000000,0.966013849,0.000000000,0.000000000,0.258490317
0.908333188,0.000000000,0.000000000,0.128662374,0.000000000,-0.000000000,9.800000000,0.965944527,0.000000000,0.000000000,0.258749244
0.912499854,0.000000000,0.000000000,0.128662374,0.000000000,-0.000000000,9.800000000,0.965875135,0.000000000,0.000000000,0.259008153
0.916666520,0.000000000,0.000000000,0.128662374,0.000000000,-0.000000000,9.800000000,0.965805674,0.000000000,0.000000000,0.259267043
0.920833186,0.000000000,0.000000000,0.128662374,0.000000000,-0.000000000,9.800000000,0.965736144,0.000000000,0.000000000,0.259525915
0.929166518,0.000000000,0.000000000,0.112688321,0.000000000,0.000000000,9.800000000,0.965614181,0.000000000,0.000000000,0.259979333
0.933333184,0.000000000,0.000000000,0.096670824,-0.000000000,-0.000000000,9.800000000,0.965561802,0.000000000,0.000000000,0.260173800
0.937499850,0.000000000,0.000000000,0.096670824,-0.000000000,0.000000000,9.800000000,0.965509384,0.000000000,0.000000000,0.260368256
0.941666516,0.000000000,0.000000000,0.096670824,0.000000000,-0.000000000,9.800000000,0.965456927,0.000000000,0.000000000,0.260562702
0.945833182,0.000000000,0.000000000,0.096670824,-0.000000000,-0.000000000,9.800000000,0.965404431,0.000000000,0.000000000,0.260757138
0.954166514,0.000000000,0.000000000,0.096670824,-0.000000000,-0.000000000,9.800000000,0.965299321,0.000000000,0.000000000,0.261145976
0.958333180,0.000000000,0.000000000,0.096670824,0.000000000,0.000000000,9.800000000,0.965246707,0.000000000,0.000000000,0.261340380
0.962499846,0.000000000,0.000000000,0.064530215,0.000000000,-0.000000000,9.800000000,0.965211564,0.000000000,0.000000000,0.261470143
0.966666512,0.000000000,0.000000000,0.064530215,0.000000000,-0.000000000,9.800000000,0.965176404,0.000000000,0.000000000,0.261599902
0.970833178,0.000000000,0.000000000,0.064530215,-0.000000000,-0.000000000,9.800000000,0.965141227,0.000000000,0.000000000,0.261729656
0.979166510,0.000000000,0.000000000,0.064530215,-0.000000000,-0.000000000,9.800000000,0.965070819,0.000000000,0.000000000,0.261989150
0.983333176,0.000000000,0.000000000,0.048419494,-0.000000000,-0.000000000,9.800000000,0.965044386,0.000000000,0.000000000,0.262086499
0.987499842,0.000000000,0.000000000,0.032290106,0.000000000,0.000000000,9.800000000,0.965026753,0.000000000,0.000000000,0.262151418
0.991666508,0.000000000,0.000000000,0.032290106,0.000000000,0.000000000,9.800000000,0.965009116,0.000000000,0.000000000,0.262216336
0.995833174,0.000000000,0.000000000,0.016148269,0.000000000,-0.000000000,9.800000000,0.965000294,0.000000000,0.000000000,0.262248801
1.004166506,0.000000000,0.000000000,0.016148269,0.000000000,0.000000000,9.800000000,0.964982646,0.000000000,0.000000000,0.262313730
1.008333172,0.000000000,0.000000000,0.016148269,0.000000000,-0.000000000,9.800000000,0.964973821,0.000000000,0.000000000,0.262346194
1.012499838,0.000000000,0.000000000,0.016148269,0.000000000,0.000000000,9.800000000,0.964964994,0.000000000,0.000000000,0.262378657
1.016666504,0.000000000,0.000000000,0.016148269,0.000000000,0.000000000,9.800000000,0.964956167,0.000000000,0.000000000,0.262411121
1.020833170,0.000000000,0.000000000,0.016148269,0.000000000,-0.000000000,9.800000000,0.964947338,0.000000000,0.000000000,0.262443584
1.029166502,0.000000000,0.000000000,0.016148269,0.000000000,-0.000000000,9.800000000,0.964929678,0.000000000,0.000000000,0.262508509
1.033333168,0.000000000,0.000000000,0.016148269,0.000000000,0.000000000,9.800000000,0.964920846,0.000000000,0.000000000,0.262540971
1.037499834,0.000000000,0.000000000,0.016148269,0.000000000,0.000000000,9.800000000,0.964912013,0.000000000,0.000000000,0.262573433
1.041666500,0.000000000,0.000000000,0.016148269,0.000000000,-0.000000000,9.800000000,0.964903179,0.000000000,0.000000000,0.262605895
1.045833166,0.000000000,0.000000000,0.016148269,0.000000000,0.000000000,9.800000000,0.964894343,0.000000000,0.000000000,0.262638356
1.054166498,0.000000000,0.000000000,0.016148269,0.000000000,-0.000000000,9.800000000,0.964876670,0.000000000,0.000000000,0.262703278
1.058333164,0.000000000,0.000000000,0.016148269,0.000000000,-0.000000000,9.800000000,0.964867831,0.000000000,0.000000000,0.262735738
1.062499830,0.000000000,0.000000000,0.016148269,0.000000000,0.000000000,9.800000000,0.964858992,0.000000000,0.000000000,0.262768199
1.066666496,0.000000000,0.000000000,-0.064529803,0.000000000,0.000000000,9.800000000,0.964894309,0.000000000,0.000000000,0.262638483
1.070833162,0.000000000,0.000000000,-0.064529803,0.000000000,0.000000000,9.800000000,0.964929608,0.000000000,0.000000000,0.262508764
1.079166494,0.000000000,0.000000000,-0.080615648,0.000000000,0.000000000,9.800000000,0.965008943,0.000000000,0.000000000,0.262216970
1.083333160,0.000000000,0.000000000,-0.080615648,0.000000000,-0.000000000,9.800000000,0.965052969,0.000000000,0.000000000,0.262054894
1.087499826,0.000000000,0.000000000,-0.096670414,0.000000000,-0.000000000,9.800000000,0.965105726,0.000000000,0.000000000,0.261860530
1.091666492,0.000000000,0.000000000,-0.096670414,-0.000000000,-0.000000000,9.800000000,0.965158445,0.000000000,0.000000000,0.261666156
1.095833158,0.000000000,0.000000000,-0.096670414,0.000000000,-0.000000000,9.800000000,0.965211124,0.000000000,0.000000000,0.261471771
1.104166490,0.000000000,0.000000000,-0.112687912,-0.000000000,0.000000000,9.800000000,0.965333787,0.000000000,0.000000000,0.261018543
1.108333156,0.000000000,0.000000000,-0.128661966,-0.000000000,0.000000000,9.800000000,0.965403717,0.000000000,0.000000000,0.260759780
1.112499822,0.000000000,0.000000000,-0.128661966,-0.000000000,0.000000000,9.800000000,0.965473578,0.000000000,0.000000000,0.260500999
1.116666488,0.000000000,0.000000000,-0.128661966,-0.000000000,0.000000000,9.800000000,0.965543369,0.000000000,0.000000000,0.260242198
1.120833154,0.000000000,0.000000000,-0.144586418,0.000000000,0.000000000,9.800000000,0.965621716,0.000000000,0.000000000,0.259951344
1.129166486,0.000000000,0.000000000,-0.144586418,0.000000000,0.000000000,9.800000000,0.965778147,0.000000000,0.000000000,0.259369564
1.133333152,0.000000000,0.000000000,-0.160455130,-0.000000000,-0.000000000,9.800000000,0.965864795,0.000000000,0.000000000,0.259046708
1.137499818,0.000000000,0.000000000,-0.160455130,0.000000000,0.000000000,9.800000000,0.965951336,0.000000000,0.000000000,0.258723823
1.141666484,0.000000000,0.000000000,-0.160455130,0.000000000,0.000000000,9.800000000,0.966037769,0.000000000,0.000000000,0.258400909
1.145833150,0.000000000,0.000000000,-0.176261984,0.000000000,0.000000000,9.800000000,0.966132591,0.000000000,0.000000000,0.258046150
1.154166482,0.000000000,0.000000000,-0.176261984,0.000000000,0.000000000,9.800000000,0.966321846,0.000000000,0.000000000,0.257336529
1.158333148,0.000000000,0.000000000,-0.192000885,0.000000000,0.000000000,9.800000000,0.966424704,0.000000000,0.000000000,0.256949978
1.162499814,0.000000000,0.000000000,-0.192000885,-0.000000000,0.000000000,9.800000000,0.966527407,0.000000000,0.000000000,0.256563386
1.166666480,0.000000000,0.000000000,-0.192000885,0.000000000,0.000000000,9.800000000,0.966629956,0.000000000,0.000000000,0.256176753
1.170833146,0.000000000,0.000000000,-0.192000885,0.000000000,0.000000000,9.800000000,0.966732350,0.000000000,0.000000000,0.255790078
1.179166478,0.000000000,0.000000000,-0.207665766,0.000000000,-0.000000000,9.800000000,0.966953316,0.000000000,0.000000000,0.254953494
1.183333144,0.000000000,0.000000000,-0.223250588,0.000000000,0.000000000,9.800000000,0.967071792,0.000000000,0.000000000,0.254503732
1.187499810,0.000000000,0.000000000,-0.223250588,0.000000000,0.000000000,9.800000000,0.967190058,0.000000000,0.000000000,0.254053914
1.191666476,0.000000000,0.000000000,-0.223250588,0.000000000,0.000000000,9.800000000,0.967308116,0.000000000,0.000000000,0.253604041
1.195833142,0.000000000,0.000000000,-0.223250588,0.000000000,0.000000000,9.800000000,0.967425964,0.000000000,0.000000000,0.253154113
1.204166474,0.000000000,0.000000000,-0.238749342,-0.000000000,-0.000000000,9.800000000,0.967677320,0.000000000,0.000000000,0.252191604
1.208333140,0.000000000,0.000000000,-0.238749342,-0.000000000,-0.000000000,9.800000000,0.967802639,0.000000000,0.000000000,0.251710255
1.212499806,0.000000000,0.000000000,-0.238749342,0.000000000,-0.000000000,9.800000000,0.967927718,0.000000000,0.000000000,0.251228844
1.216666472,0.000000000,0.000000000,-0.254156055,0.000000000,0.000000000,9.800000000,0.968060606,0.000000000,0.000000000,0.250716299
1.220833138,0.000000000,0.000000000,-0.269464785,-0.000000000,-0.000000000,9.800000000,0.968201202,0.000000000,0.000000000,0.250172805
1.229166470,0.000000000,0.000000000,-0.269464785,0.000000000,-0.000000000,9.800000000,0.968481478,0.000000000,0.000000000,0.249085581
1.233333136,0.000000000,0.000000000,-0.284669632,0.000000000,0.000000000,9.800000000,0.968629031,0.000000000,0.000000000,0.248511168
1.237499802,0.000000000,0.000000000,-0.284669632,0.000000000,0.000000000,9.800000000,0.968776243,0.000000000,0.000000000,0.247936667
1.241666468,0.000000000,0.000000000,-0.284669632,0.000000000,0.000000000,9.800000000,0.968923114,0.000000000,0.000000000,0.247362080
1.245833134,0.000000000,0.000000000,-0.284669632,0.000000000,0.000000000,9.800000000,0.969069645,0.000000000,0.000000000,0.246787405
1.254166466,0.000000000,0.000000000,-0.299764733,0.000000000,0.000000000,9.800000000,0.969377131,0.000000000,0.000000000,0.245576826
1.258333132,0.000000000,0.000000000,-0.299764733,0.000000000,0.000000000,9.800000000,0.969530307,0.000000000,0.000000000,0.244971393
1.262499798,0.000000000,0.000000000,-0.314744269,0.000000000,0.000000000,9.800000000,0.969690731,0.000000000,0.000000000,0.244335603
1.266666464,0.000000000,0.000000000,-0.314744269,0.000000000,0.000000000,9.800000000,0.969850737,0.000000000,0.000000000,0.243699707
1.270833130,0.000000000,0.000000000,-0.314744269,0.000000000,0.000000000,9.800000000,0.970010327,0.000000000,0.000000000,0.243063707
1.279166462,0.000000000,0.000000000,-0.314744269,0.000000000,0.000000000,9.800000000,0.970328255,0.000000000,0.000000000,0.241791394
1.283333128,0.000000000,0.000000000,-0.344333593,0.000000000,-0.000000000,9.800000000,0.970501457,0.000000000,0.000000000,0.241095256
1.287499794,0.000000000,0.000000000,-0.344333593,0.000000000,-0.000000000,9.800000000,0.970674160,0.000000000,0.000000000,0.240398993
1.291666460,0.000000000,0.000000000,-0.344333593,0.000000000,-0.000000000,9.800000000,0.970846363,0.000000000,0.000000000,0.239702607
1.295833126,0.000000000,0.000000000,-0.358931974,0.000000000,0.000000000,9.800000000,0.971025335,0.000000000,0.000000000,0.238976566
1.304166458,0.000000000,0.000000000,-0.358931974,-0.000000000,0.000000000,9.800000000,0.971381650,0.000000000,0.000000000,0.237524082
1.308333124,0.000000000,0.000000000,-0.373391980,0.000000000,0.000000000,9.800000000,0.971566126,0.000000000,0.000000000,0.236768373
1.312499790,0.000000000,0.000000000,-0.373391980,-0.000000000,0.000000000,9.800000000,0.971750014,0.000000000,0.000000000,0.236012520
1.316666456,0.000000000,0.000000000,-0.373391980,0.000000000,0.000000000,9.800000000,0.971933314,0.000000000,0.000000000,0.235256525
1.320833122,0.000000000,0.000000000,-0.387708036,0.000000000,0.000000000,9.800000000,0.972123020,0.000000000,0.000000000,0.234471393
1.329166454,0.000000000,0.000000000,-0.387708036,0.000000000,0.000000000,9.800000000,0.972500528,0.000000000,0.000000000,0.232900672
1.333333120,0.000000000,0.000000000,-0.387708036,-0.000000000,0.000000000,9.800000000,0.972688330,0.000000000,0.000000000,0.232115083
1.337499786,0.000000000,0.000000000,-0.401874624,0.000000000,-0.000000000,9.800000000,0.972882325,0.000000000,0.000000000,0.231300630
1.341666452,0.000000000,0.000000000,-0.401874624,0.000000000,-0.000000000,9.800000000,0.973075638,0.000000000,0.000000000,0.230486014
1.345833118,0.000000000,0.000000000,-0.401874624,0.000000000,-0.000000000,9.800000000,0.973268269,0.000000000,0.000000000,0.229671237
1.354166450,0.000000000,0.000000000,-0.415886281,0.000000000,-0.000000000,9.800000000,0.973664795,0.000000000,0.000000000,0.227984356
1.358333116,0.000000000,0.000000000,-0.429737607,-0.000000000,-0.000000000,9.800000000,0.973868516,0.000000000,0.000000000,0.227112556
1.362499782,0.000000000,0.000000000,-0.429737607,-0.000000000,-0.000000000,9.800000000,0.974071457,0.000000000,0.000000000,0.226240573
1.366666448,0.000000000,0.000000000,-0.429737607,0.000000000,0.000000000,9.800000000,0.974273617,0.000000000,0.000000000,0.225368410
1.370833114,0.000000000,0.000000000,-0.429737607,-0.000000000,-0.000000000,9.800000000,0.974474995,0.000000000,0.000000000,0.224496065
1.379166446,0.000000000,0.000000000,-0.443423260,0.000000000,0.000000000,9.800000000,0.974888110,0.000000000,0.000000000,0.222695247
1.383333112,0.000000000,0.000000000,-0.456937965,-0.000000000,-0.000000000,9.800000000,0.975099664,0.000000000,0.000000000,0.221767097
1.387499778,0.000000000,0.000000000,-0.456937965,-0.000000000,-0.000000000,9.800000000,0.975310334,0.000000000,0.000000000,0.220838747
1.391666444,0.000000000,0.000000000,-0.456937965,0.000000000,-0.000000000,9.800000000,0.975520120,0.000000000,0.000000000,0.219910196
1.395833110,0.000000000,0.000000000,-0.470276512,0.000000000,0.000000000,9.800000000,0.975735108,0.000000000,0.000000000,0.218954332
1.404166442,0.000000000,0.000000000,-0.470276512,0.000000000,0.000000000,9.800000000,0.976162272,0.000000000,0.000000000,0.217041975
1.408333108,0.000000000,0.000000000,-0.483433759,-0.000000000,0.000000000,9.800000000,0.976380371,0.000000000,0.000000000,0.216058720
1.412499774,0.000000000,0.000000000,-0.483433759,0.000000000,0.000000000,9.800000000,0.976597480,0.000000000,0.000000000,0.215075245
1.416666440,0.000000000,0.000000000,-0.483433759,0.000000000,0.000000000,9.800000000,0.976813599,0.000000000,0.000000000,0.214091553
1.420833106,0.000000000,0.000000000,-0.496404632,0.000000000,-0.000000000,9.800000000,0.977034485,0.000000000,0.000000000,0.213081241
1.429166438,0.000000000,0.000000000,-0.496404632,0.000000000,-0.000000000,9.800000000,0.977473122,0.000000000,0.000000000,0.211059935
1.433333104,0.000000000,0.000000000,-0.496404632,0.000000000,-0.000000000,9.800000000,0.977690872,0.000000000,0.000000000,0.210048943
1.437499770,0.000000000,0.000000000,-0.496404632,-0.000000000,-0.000000000,9.800000000,0.977907577,0.000000000,0.000000000,0.209037727
1.441666436,0.000000000,0.000000000,-0.509184133,-0.000000000,0.000000000,9.800000000,0.978128774,0.000000000,0.000000000,0.208000245
1.445833102,0.000000000,0.000000000,-0.521767333,0.000000000,0.000000000,9.800000000,0.978354295,0.000000000,0.000000000,0.206936881
1.454166434,0.000000000,0.000000000,-0.521767333,0.000000000,0.000000000,9.800000000,0.978801870,0.000000000,0.000000000,0.204809422
1.458333100,0.000000000,0.000000000,-0.521767333,0.000000000,0.000000000,9.800000000,0.979023923,0.000000000,0.000000000,0.203745329
1.462499766,0.000000000,0.000000000,-0.534149382,0.000000000,0.000000000,9.800000000,0.979250046,0.000000000,0.000000000,0.202655734
1.466666432,0.000000000,0.000000000,-0.534149382,0.000000000,0.000000000,9.800000000,0.979474958,0.000000000,0.000000000,0.201565889
1.470833098,0.000000000,0.000000000,-0.534149382,0.000000000,0.000000000,9.800000000,0.979698656,0.000000000,0.000000000,0.200475794
1.479166430,0.000000000,0.000000000,-0.546325506,0.000000000,-0.000000000,9.800000000,0.980152471,0.000000000,0.000000000,0.198245133
1.483333096,0.000000000,0.000000000,-0.558291012,-0.000000000,-0.000000000,9.800000000,0.980382388,0.000000000,0.000000000,0.197104978
1.487499762,0.000000000,0.000000000,-0.558291012,-0.000000000,-0.000000000,9.800000000,0.980610979,0.000000000,0.000000000,0.195964556
1.491666428,0.000000000,0.000000000,-0.558291012,0.000000000,-0.000000000,9.800000000,0.980838243,0.000000000,0.000000000,0.194823870
1.495833094,0.000000000,0.000000000,-0.570041285,0.000000000,0.000000000,9.800000000,0.981068922,0.000000000,0.000000000,0.193658903
1.504166426,0.000000000,0.000000000,-0.570041285,0.000000000,0.000000000,9.800000000,0.981526127,0.000000000,0.000000000,0.191328152
1.508333092,0.000000000,0.000000000,-0.581571797,0.000000000,0.000000000,9.800000000,0.981757221,0.000000000,0.000000000,0.190138787
1.512499758,0.000000000,0.000000000,-0.581571797,0.000000000,0.000000000,9.800000000,0.981986874,0.000000000,0.000000000,0.188949143
1.516666424,0.000000000,0.000000000,-0.581571797,0.000000000,0.000000000,9.800000000,0.982215086,0.000000000,0.000000000,0.187759222
1.520833090,0.000000000,0.000000000,-0.592878103,-0.000000000,0.000000000,9.800000000,0.982446250,0.000000000,0.000000000,0.186545884
1.529166422,0.000000000,0.000000000,-0.592878103,0.000000000,0.000000000,9.800000000,0.982904080,0.000000000,0.000000000,0.184118355
1.533333088,0.000000000,0.000000000,-0.592878103,0.000000000,0.000000000,9.800000000,0.983130747,0.000000000,0.000000000,0.182904169
1.537499754,0.000000000,0.000000000,-0.592878103,0.000000000,0.000000000,9.800000000,0.983355913,0.000000000,0.000000000,0.181689703
1.541666420,0.000000000,0.000000000,-0.603955842,0.000000000,0.000000000,9.800000000,0.983583744,0.000000000,0.000000000,0.180452261
1.545833086,0.000000000,0.000000000,-0.614800745,0.000000000,0.000000000,9.800000000,0.983814067,0.000000000,0.000000000,0.179192305
1.554166418,0.000000000,0.000000000,-0.614800745,0.000000000,0.000000000,9.800000000,0.984269870,0.000000000,0.000000000,0.176671514
1.558333084,0.000000000,0.000000000,-0.625408631,-0.000000000,0.000000000,9.800000000,0.984499225,0.000000000,0.000000000,0.175388925
1.562499750,0.000000000,0.000000000,-0.625408631,0.000000000,0.000000000,9.800000000,0.984726910,0.000000000,0.000000000,0.174106039
1.566666416,0.000000000,0.000000000,-0.625408631,0.000000000,0.000000000,9.800000000,0.984952923,0.000000000,0.000000000,0.172822857
1.570833082,0.000000000,0.000000000,-0.635775409,0.000000000,0.000000000,9.800000000,0.985180968,0.000000000,0.000000000,0.171518104
1.579166414,0.000000000,0.000000000,-0.635775409,0.000000000,0.000000000,9.800000000,0.985631873,0.000000000,0.000000000,0.168907698
1.583333080,0.000000000,0.000000000,-0.635775409,0.000000000,-0.000000000,9.800000000,0.985854732,0.000000000,0.000000000,0.167602049
1.587499746,0.000000000,0.000000000,-0.645897085,0.000000000,0.000000000,9.800000000,0.986079368,0.000000000,0.000000000,0.166275313
1.591666412,0.000000000,0.000000000,-0.645897085,0.000000000,0.000000000,9.800000000,0.986302218,0.000000000,0.000000000,0.164948276
1.595833078,0.000000000,0.000000000,-0.655769755,-0.000000000,-0.000000000,9.800000000,0.986526648,0.000000000,0.000000000,0.163600650
1.604166410,0.000000000,0.000000000,-0.655769755,-0.000000000,-0.000000000,9.800000000,0.986969983,0.000000000,0.000000000,0.160904483
1.608333076,0.000000000,0.000000000,-0.665389613,0.000000000,-0.000000000,9.800000000,0.987192085,0.000000000,0.000000000,0.159536163
1.612499742,0.000000000,0.000000000,-0.665389613,0.000000000,0.000000000,9.800000000,0.987412290,0.000000000,0.000000000,0.158167537
1.616666408,0.000000000,0.000000000,-0.665389613,0.000000000,0.000000000,9.800000000,0.987630597,0.000000000,0.000000000,0.156798607
1.620833074,0.000000000,0.000000000,-0.674752951,0.000000000,-0.000000000,9.800000000,0.987850039,0.000000000,0.000000000,0.155410105
1.629166406,0.000000000,0.000000000,-0.674752951,-0.000000000,-0.000000000,9.800000000,0.988283065,0.000000000,0.000000000,0.152632184
1.633333072,0.000000000,0.000000000,-0.683856159,-0.000000000,0.000000000,9.800000000,0.988499517,0.000000000,0.000000000,0.151224022
1.637499738,0.000000000,0.000000000,-0.683856159,-0.000000000,0.000000000,9.800000000,0.988713963,0.000000000,0.000000000,0.149815554
1.641666404,0.000000000,0.000000000,-0.683856159,0.000000000,0.000000000,9.800000000,0.988926401,0.000000000,0.000000000,0.148406782
1.645833070,0.000000000,0.000000000,-0.692695727,-0.000000000,0.000000000,9.800000000,0.989139540,0.000000000,0.000000000,0.146979492
1.654166402,0.000000000,0.000000000,-0.692695727,0.000000000,0.000000000,9.800000000,0.989559636,0.000000000,0.000000000,0.144123998
1.658333068,0.000000000,0.000000000,-0.701268248,-0.000000000,-0.000000000,9.800000000,0.989769141,0.000000000,0.000000000,0.142678123
1.662499734,0.000000000,0.000000000,-0.701268248,-0.000000000,-0.000000000,9.800000000,0.989976534,0.000000000,0.000000000,0.141231943
1.666666400,0.000000000,0.000000000,-0.701268248,-0.000000000,-0.000000000,9.800000000,0.990181814,0.000000000,0.000000000,0.139785461
1.670833066,0.000000000,0.000000000,-0.709570417,0.000000000,0.000000000,9.800000000,0.990387373,0.000000000,0.000000000,0.138321551
1.679166398,0.000000000,0.000000000,-0.709570417,0.000000000,0.000000000,9.800000000,0.990791997,0.000000000,0.000000000,0.135392828
1.683333064,0.000000000,0.000000000,-0.709570417,0.000000000,0.000000000,9.800000000,0.990991062,0.000000000,0.000000000,0.133928021
1.687499730,0.000000000,0.000000000,-0.717599033,0.000000000,-0.000000000,9.800000000,0.991190177,0.000000000,0.000000000,0.132446343
1.691666396,0.000000000,0.000000000,-0.717599033,0.000000000,-0.000000000,9.800000000,0.991387076,0.000000000,0.000000000,0.130964368
1.695833062,0.000000000,0.000000000,-0.725351002,0.000000000,-0.000000000,9.800000000,0.991583850,0.000000000,0.000000000,0.129466087
1.704166394,0.000000000,0.000000000,-0.725351002,0.000000000,0.000000000,9.800000000,0.991970606,0.000000000,0.000000000,0.126468641
1.708333060,0.000000000,0.000000000,-0.732823333,0.000000000,-0.000000000,9.800000000,0.992162531,0.000000000,0.000000000,0.124954038
1.712499726,0.000000000,0.000000000,-0.732823333,0.000000000,0.000000000,9.800000000,0.992352144,0.000000000,0.000000000,0.123439143
1.716666392,0.000000000,0.000000000,-0.732823333,0.000000000,0.000000000,9.800000000,0.992539444,0.000000000,0.000000000,0.121923961
1.720833058,0.000000000,0.000000000,-0.740013148,-0.000000000,0.000000000,9.800000000,0.992726234,0.000000000,0.000000000,0.120393625
1.729166390,0.000000000,0.000000000,-0.740013148,-0.000000000,0.000000000,9.800000000,0.993092734,0.000000000,0.000000000,0.117332098
1.733333056,0.000000000,0.000000000,-0.746917673,-0.000000000,0.000000000,9.800000000,0.993274110,0.000000000,0.000000000,0.115786626
1.737499722,0.000000000,0.000000000,-0.746917673,-0.000000000,-0.000000000,9.800000000,0.993453080,0.000000000,0.000000000,0.114240874
1.741666388,0.000000000,0.000000000,-0.746917673,0.000000000,-0.000000000,9.800000000,0.993629645,0.000000000,0.000000000,0.112694846
1.745833054,0.000000000,0.000000000,-0.753534247,-0.000000000,-0.000000000,9.800000000,0.993805336,0.000000000,0.000000000,0.111134846
1.754166386,0.000000000,0.000000000,-0.753534247,-0.000000000,0.000000000,9.800000000,0.994149370,0.000000000,0.000000000,0.108014027
1.758333052,0.000000000,0.000000000,-0.759860320,-0.000000000,0.000000000,9.800000000,0.994319115,0.000000000,0.000000000,0.106440112
1.762499718,0.000000000,0.000000000,-0.759860320,0.000000000,0.000000000,9.800000000,0.994486368,0.000000000,0.000000000,0.104865930
1.766666384,0.000000000,0.000000000,-0.759860320,-0.000000000,0.000000000,9.800000000,0.994651129,0.000000000,0.000000000,0.103291486
1.770833050,0.000000000,0.000000000,-0.765893452,-0.000000000,-0.000000000,9.800000000,0.994814676,0.000000000,0.000000000,0.101704279
1.779166382,0.000000000,0.000000000,-0.765893452,0.000000000,0.000000000,9.800000000,0.995134171,0.000000000,0.000000000,0.098529091
1.783333048,0.000000000,0.000000000,-0.771631318,-0.000000000,0.000000000,9.800000000,0.995291277,0.000000000,0.000000000,0.096929222
1.787499714,0.000000000,0.000000000,-0.771631318,-0.000000000,0.000000000,9.800000000,0.995445811,0.000000000,0.000000000,0.095329102
1.791666380,0.000000000,0.000000000,-0.771631318,-0.000000000,0.000000000,9.800000000,0.995597772,0.000000000,0.000000000,0.093728736
1.795833046,0.000000000,0.000000000,-0.771631318,-0.000000000,0.000000000,9.800000000,0.995747161,0.000000000,0.000000000,0.092128127
1.804166378,0.000000000,0.000000000,-0.777071705,0.000000000,0.000000000,9.800000000,0.996040233,0.000000000,0.000000000,0.088903621
1.808333044,0.000000000,0.000000000,-0.777071705,0.000000000,0.000000000,9.800000000,0.996182854,0.000000000,0.000000000,0.087291017
1.812499710,0.000000000,0.000000000,-0.782212517,0.000000000,0.000000000,9.800000000,0.996323781,0.000000000,0.000000000,0.085667513
1.816666376,0.000000000,0.000000000,-0.782212517,0.000000000,0.000000000,9.800000000,0.996462063,0.000000000,0.000000000,0.084043782
1.820833042,0.000000000,0.000000000,-0.782212517,0.000000000,-0.000000000,9.800000000,0.996597698,0.000000000,0.000000000,0.082419827
1.829166374,0.000000000,0.000000000,-0.787051770,-0.000000000,-0.000000000,9.800000000,0.996862625,0.000000000,0.000000000,0.079151165
1.833333040,0.000000000,0.000000000,-0.787051770,0.000000000,-0.000000000,9.800000000,0.996991068,0.000000000,0.000000000,0.077516513
1.837499706,0.000000000,0.000000000,-0.787051770,-0.000000000,-0.000000000,9.800000000,0.997116831,0.000000000,0.000000000,0.075881653
1.841666372,0.000000000,0.000000000,-0.791587601,-0.000000000,-0.000000000,9.800000000,0.997240615,0.000000000,0.000000000,0.074237164
1.845833038,0.000000000,0.000000000,-0.795818259,-0.000000000,-0.000000000,9.800000000,0.997362326,0.000000000,0.000000000,0.072583683
1.854166370,0.000000000,0.000000000,-0.795818259,0.000000000,-0.000000000,9.800000000,0.997597523,0.000000000,0.000000000,0.069276128
1.858333036,0.000000000,0.000000000,-0.799742115,-0.000000000,-0.000000000,9.800000000,0.997711561,0.000000000,0.000000000,0.067613906
1.862499702,0.000000000,0.000000000,-0.799742115,-0.000000000,-0.000000000,9.800000000,0.997822830,0.000000000,0.000000000,0.065951497
1.866666368,0.000000000,0.000000000,-0.799742115,0.000000000,-0.000000000,9.800000000,0.997931329,0.000000000,0.000000000,0.064288904
1.870833034,0.000000000,0.000000000,-0.799742115,0.000000000,0.000000000,9.800000000,0.998037057,0.000000000,0.000000000,0.062626133
1.879166366,0.000000000,0.000000000,-0.803357654,-0.000000000,0.000000000,9.800000000,0.998241095,0.000000000,0.000000000,0.059285036
1.883333032,0.000000000,0.000000000,-0.806663484,0.000000000,-0.000000000,9.800000000,0.998339317,0.000000000,0.000000000,0.057607361
1.887499698,0.000000000,0.000000000,-0.806663484,-0.000000000,-0.000000000,9.800000000,0.998434719,0.000000000,0.000000000,0.055929522
1.891666364,0.000000000,0.000000000,-0.806663484,-0.000000000,-0.000000000,9.800000000,0.998527302,0.000000000,0.000000000,0.054251526
1.895833030,0.000000000,0.000000000,-0.809658330,-0.000000000,0.000000000,9.800000000,0.998617392,0.000000000,0.000000000,0.052567146
1.904166362,0.000000000,0.000000000,-0.809658330,-0.000000000,0.000000000,9.800000000,0.998789048,0.000000000,0.000000000,0.049197942
1.908333028,0.000000000,0.000000000,-0.812341038,0.000000000,-0.000000000,9.800000000,0.998870879,0.000000000,0.000000000,0.047507544
1.912499694,0.000000000,0.000000000,-0.812341038,0.000000000,-0.000000000,9.800000000,0.998949849,0.000000000,0.000000000,0.045817011
1.916666360,0.000000000,0.000000000,-0.812341038,0.000000000,-0.000000000,9.800000000,0.999025958,0.000000000,0.000000000,0.044126347
1.920833026,0.000000000,0.000000000,-0.812341038,0.000000000,-0.000000000,9.800000000,0.999099206,0.000000000,0.000000000,0.042435556
1.929166358,0.000000000,0.000000000,-0.814710573,0.000000000,0.000000000,9.800000000,0.999237502,0.000000000,0.000000000,0.039043749
1.933333024,0.000000000,0.000000000,-0.816766021,0.000000000,0.000000000,9.800000000,0.999302492,0.000000000,0.000000000,0.037343395
1.937499690,0.000000000,0.000000000,-0.816766021,-0.000000000,-0.000000000,9.800000000,0.999364589,0.000000000,0.000000000,0.035642933
1.941666356,0.000000000,0.000000000,-0.816766021,0.000000000,0.000000000,9.800000000,0.999423792,0.000000000,0.000000000,0.033942368
1.945833022,0.000000000,0.000000000,-0.818506591,-0.000000000,0.000000000,9.800000000,0.999480218,0.000000000,0.000000000,0.032238080
1.954166354,0.000000000,0.000000000,-0.818506591,0.000000000,0.000000000,9.800000000,0.999584351,0.000000000,0.000000000,0.028829229
1.958333020,0.000000000,0.000000000,-0.819931610,0.000000000,0.000000000,9.800000000,0.999632139,0.000000000,0.000000000,0.027121707
1.962499686,0.000000000,0.000000000,-0.819931610,0.000000000,0.000000000,9.800000000,0.999677009,0.000000000,0.000000000,0.025414106
1.966666352,0.000000000,0.000000000,-0.819931610,0.000000000,0.000000000,9.800000000,0.999718963,0.000000000,0.000000000,0.023706431
1.970833018,0.000000000,0.000000000,-0.819931610,0.000000000,0.000000000,9.800000000,0.999758000,0.000000000,0.000000000,0.021998686
1.979166350,0.000000000,0.000000000,-0.821040531,0.000000000,0.000000000,9.800000000,0.999827407,0.000000000,0.000000000,0.018578391
1.983333016,0.000000000,0.000000000,-0.821040531,0.000000000,0.000000000,9.800000000,0.999857722,0.000000000,0.000000000,0.016868159
1.987499682,0.000000000,0.000000000,-0.821832925,0.000000000,-0.000000000,9.800000000,0.999885138,0.000000000,0.000000000,0.015156227
1.991666348,0.000000000,0.000000000,-0.821832925,0.000000000,-0.000000000,9.800000000,0.999909622,0.000000000,0.000000000,0.013444250
1.995833014,0.000000000,0.000000000,-0.821832925,0.000000000,-0.000000000,9.800000000,0.999931175,0.000000000,0.000000000,0.011732235
2.004166346,0.000000000,0.000000000,-0.822308487,0.000000000,-0.000000000,9.800000000,0.999965495,0.000000000,0.000000000,0.008307114
2.008333012,0.000000000,0.000000000,-0.822467033,-0.000000000,-0.000000000,9.800000000,0.999978261,0.000000000,0.000000000,0.006593689
2.012499678,0.000000000,0.000000000,-0.822467033,-0.000000000,-0.000000000,9.800000000,0.999988092,0.000000000,0.000000000,0.004880245
2.016666344,0.000000000,0.000000000,-0.822467033,-0.000000000,0.000000000,9.800000000,0.999994986,0.000000000,0.000000000,0.003166786
2.020833010,0.000000000,0.000000000,-0.822308503,-0.000000000,0.000000000,9.800000000,0.999998943,0.000000000,0.000000000,0.001453649
2.029166342,0.000000000,0.000000000,-0.822308503,-0.000000000,-0.000000000,9.800000000,0.999998054,0.000000000,0.000000000,-0.001972635
2.033333008,0.000000000,0.000000000,-0.822308503,-0.000000000,-0.000000000,9.800000000,0.999993208,0.000000000,0.000000000,-0.003685770
2.037499674,0.000000000,0.000000000,-0.821832958,-0.000000000,0.000000000,9.800000000,0.999985431,0.000000000,0.000000000,-0.005397904
2.041666340,0.000000000,0.000000000,-0.821832958,-0.000000000,0.000000000,9.800000000,0.999974723,0.000000000,0.000000000,-0.007110022
2.045833006,0.000000000,0.000000000,-0.821832958,-0.000000000,-0.000000000,9.800000000,0.999961084,0.000000000,0.000000000,-0.008822119
2.054166338,0.000000000,0.000000000,-0.821040580,-0.000000000,0.000000000,9.800000000,0.999925053,0.000000000,0.000000000,-0.012242929
2.058333004,0.000000000,0.000000000,-0.819931675,-0.000000000,0.000000000,9.800000000,0.999902680,0.000000000,0.000000000,-0.013950973
2.062499670,0.000000000,0.000000000,-0.819931675,-0.000000000,-0.000000000,9.800000000,0.999877391,0.000000000,0.000000000,-0.015658977
2.066666336,0.000000000,0.000000000,-0.819931675,0.000000000,0.000000000,9.800000000,0.999849183,0.000000000,0.000000000,-0.017366934
2.070833002,0.000000000,0.000000000,-0.818506672,0.000000000,-0.000000000,9.800000000,0.999818115,0.000000000,0.000000000,-0.019071873
2.079166334,0.000000000,0.000000000,-0.818506672,-0.000000000,-0.000000000,9.800000000,0.999747257,0.000000000,0.000000000,-0.022481579
2.083333000,0.000000000,0.000000000,-0.818506672,-0.000000000,-0.000000000,9.800000000,0.999707468,0.000000000,0.000000000,-0.024186337
2.087499666,0.000000000,0.000000000,-0.818506672,-0.000000000,-0.000000000,9.800000000,0.999664771,0.000000000,0.000000000,-0.025891024
2.091666332,0.000000000,0.000000000,-0.816766118,0.000000000,0.000000000,9.800000000,0.999619268,0.000000000,0.000000000,-0.027592011
2.095832998,0.000000000,0.000000000,-0.816766118,0.000000000,0.000000000,9.800000000,0.999570870,0.000000000,0.000000000,-0.029292918
2.104166330,0.000000000,0.000000000,-0.814710686,0.000000000,-0.000000000,9.800000000,0.999465533,0.000000000,0.000000000,-0.032690193
2.108332996,0.000000000,0.000000000,-0.812341167,0.000000000,-0.000000000,9.800000000,0.999408777,0.000000000,0.000000000,-0.034381618
2.112499662,0.000000000,0.000000000,-0.812341167,0.000000000,-0.000000000,9.800000000,0.999349160,0.000000000,0.000000000,-0.036072945
2.116666328,0.000000000,0.000000000,-0.812341167,-0.000000000,-0.000000000,9.800000000,0.999286679,0.000000000,0.000000000,-0.037764168
2.120832994,0.000000000,0.000000000,-0.809658476,0.000000000,0.000000000,9.800000000,0.999221558,0.000000000,0.000000000,-0.039449698
2.129166326,0.000000000,0.000000000,-0.809658476,0.000000000,0.000000000,9.800000000,0.999082785,0.000000000,0.000000000,-0.042820418
2.133332992,0.000000000,0.000000000,-0.809658476,0.000000000,0.000000000,9.800000000,0.999009135,0.000000000,0.000000000,-0.044505597
2.137499658,0.000000000,0.000000000,-0.809658476,0.000000000,0.000000000,9.800000000,0.998932642,0.000000000,0.000000000,-0.046190650
2.141666324,0.000000000,0.000000000,-0.809658476,0.000000000,0.000000000,9.800000000,0.998853307,0.000000000,0.000000000,-0.047875571
2.145832990,0.000000000,0.000000000,-0.809658476,0.000000000,0.000000000,9.800000000,0.998771130,0.000000000,0.000000000,-0.049560356
2.154166322,0.000000000,0.000000000,-0.803357831,0.000000000,0.000000000,9.800000000,0.998598946,0.000000000,0.000000000,-0.052916391
2.158332988,0.000000000,0.000000000,-0.799742308,0.000000000,-0.000000000,9.800000000,0.998509395,0.000000000,0.000000000,-0.054580112
2.162499654,0.000000000,0.000000000,-0.799742308,0.000000000,-0.000000000,9.800000000,0.998417071,0.000000000,0.000000000,-0.056243681
2.166666320,0.000000000,0.000000000,-0.799742308,0.000000000,-0.000000000,9.800000000,0.998321976,0.000000000,0.000000000,-0.057907095
2.170832986,0.000000000,0.000000000,-0.795818468,-0.000000000,-0.000000000,9.800000000,0.998224597,0.000000000,0.000000000,-0.059562187
2.179166318,0.000000000,0.000000000,-0.795818468,-0.000000000,0.000000000,9.800000000,0.998021607,0.000000000,0.000000000,-0.062871876
2.183332984,0.000000000,0.000000000,-0.791587825,0.000000000,0.000000000,9.800000000,0.997916565,0.000000000,0.000000000,-0.064517668
2.187499650,0.000000000,0.000000000,-0.791587825,0.000000000,-0.000000000,9.800000000,0.997808809,0.000000000,0.000000000,-0.066163285
2.191666316,0.000000000,0.000000000,-0.791587825,0.000000000,-0.000000000,9.800000000,0.997698340,0.000000000,0.000000000,-0.067808722
2.195832982,0.000000000,0.000000000,-0.791587825,0.000000000,-0.000000000,9.800000000,0.997585157,0.000000000,0.000000000,-0.069453974
2.204166314,0.000000000,0.000000000,-0.787052010,0.000000000,0.000000000,9.800000000,0.997351340,0.000000000,0.000000000,-0.072734483
2.208332980,0.000000000,0.000000000,-0.787052010,0.000000000,-0.000000000,9.800000000,0.997230737,0.000000000,0.000000000,-0.074369733
2.212499646,0.000000000,0.000000000,-0.782212772,0.000000000,-0.000000000,9.800000000,0.997108219,0.000000000,0.000000000,-0.075994730
2.216666312,0.000000000,0.000000000,-0.782212772,0.000000000,-0.000000000,9.800000000,0.996983054,0.000000000,0.000000000,-0.077619526
2.220832978,0.000000000,0.000000000,-0.777071976,-0.000000000,0.000000000,9.800000000,0.996856089,0.000000000,0.000000000,-0.079233439
2.229166310,0.000000000,0.000000000,-0.777071976,-0.000000000,0.000000000,9.800000000,0.996594322,0.000000000,0.000000000,-0.082460638
2.233332976,0.000000000,0.000000000,-0.771631604,0.000000000,-0.000000000,9.800000000,0.996460474,0.000000000,0.000000000,-0.084062622
2.237499642,0.000000000,0.000000000,-0.771631604,0.000000000,-0.000000000,9.800000000,0.996324050,0.000000000,0.000000000,-0.085664388
2.241666308,0.000000000,0.000000000,-0.771631604,0.000000000,0.000000000,9.800000000,0.996185052,0.000000000,0.000000000,-0.087265933
2.245832974,0.000000000,0.000000000,-0.765893753,0.000000000,0.000000000,9.800000000,0.996044541,0.000000000,0.000000000,-0.088855345
2.254166306,0.000000000,0.000000000,-0.765893753,0.000000000,0.000000000,9.800000000,0.995755912,0.000000000,0.000000000,-0.092033488
2.258332972,0.000000000,0.000000000,-0.759860636,0.000000000,-0.000000000,9.800000000,0.995608972,0.000000000,0.000000000,-0.093609697
2.262499638,0.000000000,0.000000000,-0.759860636,0.000000000,-0.000000000,9.800000000,0.995459536,0.000000000,0.000000000,-0.095185670
2.266666304,0.000000000,0.000000000,-0.759860636,0.000000000,-0.000000000,9.800000000,0.995307606,0.000000000,0.000000000,-0.096761405
2.270832970,0.000000000,0.000000000,-0.759860636,0.000000000,-0.000000000,9.800000000,0.995153181,0.000000000,0.000000000,-0.098336898
2.279166302,0.000000000,0.000000000,-0.753534579,0.000000000,0.000000000,9.800000000,0.994839526,0.000000000,0.000000000,-0.101460917
2.283332968,0.000000000,0.000000000,-0.746918019,0.000000000,-0.000000000,9.800000000,0.994680440,0.000000000,0.000000000,-0.103008843
2.287499634,0.000000000,0.000000000,-0.746918019,0.000000000,-0.000000000,9.800000000,0.994518946,0.000000000,0.000000000,-0.104556519
2.291666300,0.000000000,0.000000000,-0.746918019,0.000000000,-0.000000000,9.800000000,0.994355044,0.000000000,0.000000000,-0.106103941
2.295832966,0.000000000,0.000000000,-0.740013508,0.000000000,0.000000000,9.800000000,0.994190283,0.000000000,0.000000000,-0.107636806
2.304166298,0.000000000,0.000000000,-0.740013508,0.000000000,0.000000000,9.800000000,0.993853671,0.000000000,0.000000000,-0.110701765
2.308332964,0.000000000,0.000000000,-0.740013508,0.000000000,0.000000000,9.800000000,0.993681822,0.000000000,0.000000000,-0.112233852
2.312499630,0.000000000,0.000000000,-0.732823709,-0.000000000,0.000000000,9.800000000,0.993509314,0.000000000,0.000000000,-0.113750790
2.316666296,0.000000000,0.000000000,-0.732823709,-0.000000000,-0.000000000,9.800000000,0.993334491,0.000000000,0.000000000,-0.115267464
2.320832962,0.000000000,0.000000000,-0.725351391,-0.000000000,0.000000000,9.800000000,0.993159171,0.000000000,0.000000000,-0.116768407
2.329166294,0.000000000,0.000000000,-0.725351391,-0.000000000,0.000000000,9.800000000,0.992801727,0.000000000,0.000000000,-0.119769491
2.333332960,0.000000000,0.000000000,-0.717599437,-0.000000000,-0.000000000,9.800000000,0.992621562,0.000000000,0.000000000,-0.121253594
2.337499626,0.000000000,0.000000000,-0.717599437,-0.000000000,-0.000000000,9.800000000,0.992439179,0.000000000,0.000000000,-0.122737426
2.341666292,0.000000000,0.000000000,-0.717599437,-0.000000000,-0.000000000,9.800000000,0.992254578,0.000000000,0.000000000,-0.124220983
2.345832958,0.000000000,0.000000000,-0.717599437,-0.000000000,-0.000000000,9.800000000,0.992067759,0.000000000,0.000000000,-0.125704263
2.354166290,0.000000000,0.000000000,-0.709570835,-0.000000000,-0.000000000,9.800000000,0.991691773,0.000000000,0.000000000,-0.128636802
2.358332956,0.000000000,0.000000000,-0.709570835,-0.000000000,-0.000000000,9.800000000,0.991500530,0.000000000,0.000000000,-0.130102652
2.362499622,0.000000000,0.000000000,-0.709570835,-0.000000000,-0.000000000,9.800000000,0.991307119,0.000000000,0.000000000,-0.131568217
2.366666288,0.000000000,0.000000000,-0.709570835,-0.000000000,-0.000000000,9.800000000,0.991111542,0.000000000,0.000000000,-0.133033494
2.370832954,0.000000000,0.000000000,-0.709570835,-0.000000000,-0.000000000,9.800000000,0.990913800,0.000000000,0.000000000,-0.134498481
2.379166286,0.000000000,0.000000000,-0.692696173,0.000000000,0.000000000,9.800000000,0.990519026,0.000000000,0.000000000,-0.137375616
2.383332952,0.000000000,0.000000000,-0.692696173,0.000000000,0.000000000,9.800000000,0.990319745,0.000000000,0.000000000,-0.138804907
2.387499618,0.000000000,0.000000000,-0.683856618,-0.000000000,-0.000000000,9.800000000,0.990120985,0.000000000,0.000000000,-0.140215675
2.391666284,0.000000000,0.000000000,-0.683856618,-0.000000000,-0.000000000,9.800000000,0.989920215,0.000000000,0.000000000,-0.141626159
2.395832950,0.000000000,0.000000000,-0.674753424,0.000000000,0.000000000,9.800000000,0.989720148,0.000000000,0.000000000,-0.143017585
2.404166282,0.000000000,0.000000000,-0.674753424,0.000000000,-0.000000000,9.800000000,0.989314147,0.000000000,0.000000000,-0.145799587
2.408332948,0.000000000,0.000000000,-0.665390099,0.000000000,0.000000000,9.800000000,0.989111084,0.000000000,0.000000000,-0.147170862
2.412499614,0.000000000,0.000000000,-0.665390099,0.000000000,0.000000000,9.800000000,0.988906122,0.000000000,0.000000000,-0.148541855
2.416666280,0.000000000,0.000000000,-0.665390099,-0.000000000,0.000000000,9.800000000,0.988699258,0.000000000,0.000000000,-0.149912562
2.420832946,0.000000000,0.000000000,-0.655770254,0.000000000,-0.000000000,9.800000000,0.988493527,0.000000000,0.000000000,-0.151263171
2.429166278,0.000000000,0.000000000,-0.655770254,0.000000000,-0.000000000,9.800000000,0.988076530,0.000000000,0.000000000,-0.153963539
2.433332944,0.000000000,0.000000000,-0.655770254,0.000000000,0.000000000,9.800000000,0.987865265,0.000000000,0.000000000,-0.155313293
2.437499610,0.000000000,0.000000000,-0.645897597,-0.000000000,0.000000000,9.800000000,0.987655378,0.000000000,0.000000000,-0.156642443
2.441666276,0.000000000,0.000000000,-0.645897597,-0.000000000,0.000000000,9.800000000,0.987443702,0.000000000,0.000000000,-0.157971309
2.445832942,0.000000000,0.000000000,-0.645897597,-0.000000000,-0.000000000,9.800000000,0.987230239,0.000000000,0.000000000,-0.159299889
2.454166274,0.000000000,0.000000000,-0.635775934,-0.000000000,-0.000000000,9.800000000,0.986804780,0.000000000,0.000000000,-0.161914565
2.458332940,0.000000000,0.000000000,-0.625409168,-0.000000000,0.000000000,9.800000000,0.986592978,0.000000000,0.000000000,-0.163200171
2.462499606,0.000000000,0.000000000,-0.625409168,-0.000000000,0.000000000,9.800000000,0.986379501,0.000000000,0.000000000,-0.164485499
2.466666272,0.000000000,0.000000000,-0.625409168,-0.000000000,0.000000000,9.800000000,0.986164350,0.000000000,0.000000000,-0.165770548
2.470832938,0.000000000,0.000000000,-0.614801294,0.000000000,0.000000000,9.800000000,0.985951216,0.000000000,0.000000000,-0.167033526
2.479166270,0.000000000,0.000000000,-0.614801294,0.000000000,0.000000000,9.800000000,0.985520097,0.000000000,0.000000000,-0.169558659
2.483332936,0.000000000,0.000000000,-0.603956403,-0.000000000,0.000000000,9.800000000,0.985305971,0.000000000,0.000000000,-0.170798547
2.487499602,0.000000000,0.000000000,-0.603956403,-0.000000000,0.000000000,9.800000000,0.985090285,0.000000000,0.000000000,-0.172038165
2.491666268,0.000000000,0.000000000,-0.603956403,-0.000000000,0.000000000,9.800000000,0.984873040,0.000000000,0.000000000,-0.173277511
2.495832934,0.000000000,0.000000000,-0.592878676,0.000000000,0.000000000,9.800000000,0.984658262,0.000000000,0.000000000,-0.174493858
2.504166266,0.000000000,0.000000000,-0.592878676,0.000000000,0.000000000,9.800000000,0.984224201,0.000000000,0.000000000,-0.176925751
2.508332932,0.000000000,0.000000000,-0.581572382,0.000000000,0.000000000,9.800000000,0.984009114,0.000000000,0.000000000,-0.178118116
2.512499598,0.000000000,0.000000000,-0.581572382,-0.000000000,-0.000000000,9.800000000,0.983792582,0.000000000,0.000000000,-0.179310219
2.516666264,0.000000000,0.000000000,-0.581572382,-0.000000000,-0.000000000,9.800000000,0.983574607,0.000000000,0.000000000,-0.180502059
2.520832930,0.000000000,0.000000000,-0.570041881,-0.000000000,0.000000000,9.800000000,0.983359551,0.000000000,0.000000000,-0.181670012
2.529166262,0.000000000,0.000000000,-0.570041881,-0.000000000,0.000000000,9.800000000,0.982925280,0.000000000,0.000000000,-0.184005148
2.533332928,0.000000000,0.000000000,-0.558291619,0.000000000,0.000000000,9.800000000,0.982710597,0.000000000,0.000000000,-0.185148270
2.537499594,0.000000000,0.000000000,-0.558291619,0.000000000,0.000000000,9.800000000,0.982494585,0.000000000,0.000000000,-0.186291143
2.541666260,0.000000000,0.000000000,-0.558291619,0.000000000,0.000000000,9.800000000,0.982277244,0.000000000,0.000000000,-0.187433763
2.545832926,0.000000000,0.000000000,-0.546326124,-0.000000000,0.000000000,9.800000000,0.982063275,0.000000000,0.000000000,-0.188551649
2.554166258,0.000000000,0.000000000,-0.546326124,0.000000000,0.000000000,9.800000000,0.981631520,0.000000000,0.000000000,-0.190786687
2.558332924,0.000000000,0.000000000,-0.546326124,-0.000000000,0.000000000,9.800000000,0.981413734,0.000000000,0.000000000,-0.191903836
2.562499590,0.000000000,0.000000000,-0.546326124,0.000000000,0.000000000,9.800000000,0.981194678,0.000000000,0.000000000,-0.193020736
2.566666256,0.000000000,0.000000000,-0.534150010,-0.000000000,-0.000000000,9.800000000,0.980979274,0.000000000,0.000000000,-0.194112502
2.570832922,0.000000000,0.000000000,-0.521767972,-0.000000000,0.000000000,9.800000000,0.980767691,0.000000000,0.000000000,-0.195178727
2.579166254,0.000000000,0.000000000,-0.521767972,-0.000000000,-0.000000000,9.800000000,0.980341049,0.000000000,0.000000000,-0.197310486
2.583332920,0.000000000,0.000000000,-0.509184782,0.000000000,-0.000000000,9.800000000,0.980131190,0.000000000,0.000000000,-0.198350322
2.587499586,0.000000000,0.000000000,-0.509184782,0.000000000,-0.000000000,9.800000000,0.979920228,0.000000000,0.000000000,-0.199389934
2.591666252,0.000000000,0.000000000,-0.509184782,0.000000000,0.000000000,9.800000000,0.979708164,0.000000000,0.000000000,-0.200429323
2.595832918,0.000000000,0.000000000,-0.496405292,0.000000000,0.000000000,9.800000000,0.979500361,0.000000000,0.000000000,-0.201442408
2.604166250,0.000000000,0.000000000,-0.496405292,0.000000000,0.000000000,9.800000000,0.979081611,0.000000000,0.000000000,-0.203467930
2.608332916,0.000000000,0.000000000,-0.483434428,-0.000000000,0.000000000,9.800000000,0.978876191,0.000000000,0.000000000,-0.204453913
2.612499582,0.000000000,0.000000000,-0.483434428,-0.000000000,0.000000000,9.800000000,0.978669778,0.000000000,0.000000000,-0.205439689
2.616666248,0.000000000,0.000000000,-0.483434428,-0.000000000,0.000000000,9.800000000,0.978462372,0.000000000,0.000000000,-0.206425257
2.620832914,0.000000000,0.000000000,-0.483434428,0.000000000,0.000000000,9.800000000,0.978253973,0.000000000,0.000000000,-0.207410615
2.629166246,0.000000000,0.000000000,-0.470277190,0.000000000,0.000000000,9.800000000,0.977839939,0.000000000,0.000000000,-0.209353896
2.633332912,0.000000000,0.000000000,-0.456938653,0.000000000,0.000000000,9.800000000,0.977640200,0.000000000,0.000000000,-0.210284661
2.637499578,0.000000000,0.000000000,-0.456938653,-0.000000000,-0.000000000,9.800000000,0.977439576,0.000000000,0.000000000,-0.211215236
2.641666244,0.000000000,0.000000000,-0.456938653,-0.000000000,0.000000000,9.800000000,0.977238065,0.000000000,0.000000000,-0.212145619
2.645832910,0.000000000,0.000000000,-0.443423956,0.000000000,-0.000000000,9.800000000,0.977041668,0.000000000,0.000000000,-0.213048301
2.654166242,0.000000000,0.000000000,-0.443423956,0.000000000,-0.000000000,9.800000000,0.976646373,0.000000000,0.000000000,-0.214853118
2.658332908,0.000000000,0.000000000,-0.443423956,0.000000000,-0.000000000,9.800000000,0.976447475,0.000000000,0.000000000,-0.215755251
2.662499574,0.000000000,0.000000000,-0.429738312,-0.000000000,-0.000000000,9.800000000,0.976253921,0.000000000,0.000000000,-0.216629367
2.666666240,0.000000000,0.000000000,-0.429738312,0.000000000,-0.000000000,9.800000000,0.976059584,0.000000000,0.000000000,-0.217503308
2.670832906,0.000000000,0.000000000,-0.429738312,0.000000000,0.000000000,9.800000000,0.975864464,0.000000000,0.000000000,-0.218377075
2.679166238,0.000000000,0.000000000,-0.415886995,-0.000000000,-0.000000000,9.800000000,0.975484582,0.000000000,0.000000000,-0.220067785
2.683332904,0.000000000,0.000000000,-0.401875345,0.000000000,0.000000000,9.800000000,0.975299991,0.000000000,0.000000000,-0.220884423
2.687499570,0.000000000,0.000000000,-0.401875345,0.000000000,0.000000000,9.800000000,0.975114716,0.000000000,0.000000000,-0.221700906
2.691666236,0.000000000,0.000000000,-0.401875345,0.000000000,0.000000000,9.800000000,0.974928757,0.000000000,0.000000000,-0.222517233
2.695832902,0.000000000,0.000000000,-0.387708766,-0.000000000,-0.000000000,9.800000000,0.974748706,0.000000000,0.000000000,-0.223304636
2.704166234,0.000000000,0.000000000,-0.387708766,0.000000000,0.000000000,9.800000000,0.974386696,0.000000000,0.000000000,-0.224879005
2.708332900,0.000000000,0.000000000,-0.373392717,0.000000000,0.000000000,9.800000000,0.974211467,0.000000000,0.000000000,-0.225636913
2.712499566,0.000000000,0.000000000,-0.373392717,0.000000000,-0.000000000,9.800000000,0.974035649,0.000000000,0.000000000,-0.226394685
2.716666232,0.000000000,0.000000000,-0.373392717,0.000000000,0.000000000,9.800000000,0.973859242,0.000000000,0.000000000,-0.227152321
2.720832898,0.000000000,0.000000000,-0.373392717,0.000000000,0.000000000,9.800000000,0.973682245,0.000000000,0.000000000,-0.227909818
2.729166230,0.000000000,0.000000000,-0.373392717,0.000000000,0.000000000,9.800000000,0.973326484,0.000000000,0.000000000,-0.229424399
2.733332896,0.000000000,0.000000000,-0.373392717,0.000000000,0.000000000,9.800000000,0.973147720,0.000000000,0.000000000,-0.230181482
2.737499562,0.000000000,0.000000000,-0.344334344,-0.000000000,0.000000000,9.800000000,0.972982346,0.000000000,0.000000000,-0.230879523
2.741666228,0.000000000,0.000000000,-0.329603222,0.000000000,0.000000000,9.800000000,0.972823578,0.000000000,0.000000000,-0.231547589
2.745832894,0.000000000,0.000000000,-0.329603222,0.000000000,-0.000000000,9.800000000,0.972664351,0.000000000,0.000000000,-0.232215547
2.754166226,0.000000000,0.000000000,-0.329603222,0.000000000,-0.000000000,9.800000000,0.972344522,0.000000000,0.000000000,-0.233551132
2.758332892,0.000000000,0.000000000,-0.314745033,0.000000000,0.000000000,9.800000000,0.972191169,0.000000000,0.000000000,-0.234188667
2.762499558,0.000000000,0.000000000,-0.314745033,0.000000000,0.000000000,9.800000000,0.972037398,0.000000000,0.000000000,-0.234826100
2.766666224,0.000000000,0.000000000,-0.314745033,0.000000000,0.000000000,9.800000000,0.971883209,0.000000000,0.000000000,-0.235463433
2.770832890,0.000000000,0.000000000,-0.314745033,0.000000000,0.000000000,9.800000000,0.971728602,0.000000000,0.000000000,-0.236100664
2.779166222,0.000000000,0.000000000,-0.299765503,0.000000000,-0.000000000,9.800000000,0.971432949,0.000000000,0.000000000,-0.237314191
2.783332888,0.000000000,0.000000000,-0.284670407,-0.000000000,-0.000000000,9.800000000,0.971292036,0.000000000,0.000000000,-0.237890270
2.787499554,0.000000000,0.000000000,-0.284670407,-0.000000000,-0.000000000,9.800000000,0.971150781,0.000000000,0.000000000,-0.238466266
2.791666220,0.000000000,0.000000000,-0.284670407,-0.000000000,0.000000000,9.800000000,0.971009185,0.000000000,0.000000000,-0.239042178
2.795832886,0.000000000,0.000000000,-0.284670407,-0.000000000,0.000000000,9.800000000,0.970867247,0.000000000,0.000000000,-0.239618005
2.804166218,0.000000000,0.000000000,-0.284670407,-0.000000000,0.000000000,9.800000000,0.970582347,0.000000000,0.000000000,-0.240769408
2.808332884,0.000000000,0.000000000,-0.254156841,-0.000000000,-0.000000000,9.800000000,0.970454725,0.000000000,0.000000000,-0.241283291
2.812499550,0.000000000,0.000000000,-0.254156841,-0.000000000,-0.000000000,9.800000000,0.970326831,0.000000000,0.000000000,-0.241797107
2.816666216,0.000000000,0.000000000,-0.254156841,0.000000000,-0.000000000,9.800000000,0.970198665,0.000000000,0.000000000,-0.242310854
2.820832882,0.000000000,0.000000000,-0.254156841,-0.000000000,-0.000000000,9.800000000,0.970070227,0.000000000,0.000000000,-0.242824534
2.829166214,0.000000000,0.000000000,-0.238750134,0.000000000,-0.000000000,9.800000000,0.969820362,0.000000000,0.000000000,-0.243820561
2.833332880,0.000000000,0.000000000,-0.238750134,0.000000000,0.000000000,9.800000000,0.969698966,0.000000000,0.000000000,-0.244302915
2.837499546,0.000000000,0.000000000,-0.223251384,0.000000000,0.000000000,9.800000000,0.969585235,0.000000000,0.000000000,-0.244753903
2.841666212,0.000000000,0.000000000,-0.223251384,0.000000000,0.000000000,9.800000000,0.969471293,0.000000000,0.000000000,-0.245204837
2.845832878,0.000000000,0.000000000,-0.223251384,0.000000000,-0.000000000,9.800000000,0.969357142,0.000000000,0.000000000,-0.245655719
2.854166210,0.000000000,0.000000000,-0.207666566,-0.000000000,0.000000000,9.800000000,0.969144218,0.000000000,0.000000000,-0.246494389
2.858332876,0.000000000,0.000000000,-0.207666566,-0.000000000,0.000000000,9.800000000,0.969037485,0.000000000,0.000000000,-0.246913655
2.862499542,0.000000000,0.000000000,-0.192001689,-0.000000000,-0.000000000,9.800000000,0.968938641,0.000000000,0.000000000,-0.247301254
2.866666208,0.000000000,0.000000000,-0.192001689,-0.000000000,-0.000000000,9.800000000,0.968839642,0.000000000,0.000000000,-0.247688813
2.870832874,0.000000000,0.000000000,-0.176262791,0.000000000,0.000000000,9.800000000,0.968748622,0.000000000,0.000000000,-0.248044568
2.879166206,0.000000000,0.000000000,-0.160455941,0.000000000,-0.000000000,9.800000000,0.968574381,0.000000000,0.000000000,-0.248724081
2.883332872,0.000000000,0.000000000,-0.160455941,-0.000000000,-0.000000000,9.800000000,0.968491182,0.000000000,0.000000000,-0.249047846
2.887499538,0.000000000,0.000000000,-0.160455941,0.000000000,-0.000000000,9.800000000,0.968407876,0.000000000,0.000000000,-0.249371582
2.891666204,0.000000000,0.000000000,-0.160455941,-0.000000000,-0.000000000,9.800000000,0.968324461,0.000000000,0.000000000,-0.249695291
2.895832870,0.000000000,0.000000000,-0.160455941,0.000000000,-0.000000000,9.800000000,0.968240938,0.000000000,0.000000000,-0.250018971
2.904166202,0.000000000,0.000000000,-0.144587232,0.000000000,0.000000000,9.800000000,0.968081854,0.000000000,0.000000000,-0.250634244
2.908332868,0.000000000,0.000000000,-0.128662782,0.000000000,0.000000000,9.800000000,0.968014637,0.000000000,0.000000000,-0.250893727
2.912499534,0.000000000,0.000000000,-0.128662782,0.000000000,0.000000000,9.800000000,0.967947351,0.000000000,0.000000000,-0.251153192
2.916666200,0.000000000,0.000000000,-0.128662782,0.000000000,0.000000000,9.800000000,0.967879995,0.000000000,0.000000000,-0.251412639
2.920832866,0.000000000,0.000000000,-0.112688731,-0.000000000,0.000000000,9.800000000,0.967820945,0.000000000,0.000000000,-0.251639859
2.929166198,0.000000000,0.000000000,-0.112688731,0.000000000,0.000000000,9.800000000,0.967702684,0.000000000,0.000000000,-0.252094258
2.933332864,0.000000000,0.000000000,-0.096671235,0.000000000,0.000000000,9.800000000,0.967651893,0.000000000,0.000000000,-0.252289147
2.937499530,0.000000000,0.000000000,-0.096671235,0.000000000,0.000000000,9.800000000,0.967601063,0.000000000,0.000000000,-0.252484025
2.941666196,0.000000000,0.000000000,-0.096671235,0.000000000,0.000000000,9.800000000,0.967550193,0.000000000,0.000000000,-0.252678894
2.945832862,0.000000000,0.000000000,-0.080616471,0.000000000,0.000000000,9.800000000,0.967507742,0.000000000,0.000000000,-0.252841391
2.954166194,0.000000000,0.000000000,-0.080616471,0.000000000,0.000000000,9.800000000,0.967422758,0.000000000,0.000000000,-0.253166364
2.958332860,0.000000000,0.000000000,-0.080616471,0.000000000,0.000000000,9.800000000,0.967380224,0.000000000,0.000000000,-0.253328840
2.962499526,0.000000000,0.000000000,-0.064530628,0.000000000,0.000000000,9.800000000,0.967346158,0.000000000,0.000000000,-0.253458892
2.966666192,0.000000000,0.000000000,-0.064530628,0.000000000,0.000000000,9.800000000,0.967312075,0.000000000,0.000000000,-0.253588938
2.970832858,0.000000000,0.000000000,-0.064530628,-0.000000000,0.000000000,9.800000000,0.967277974,0.000000000,0.000000000,-0.253718980
2.979166190,0.000000000,0.000000000,-0.048419907,0.000000000,-0.000000000,9.800000000,0.967226767,0.000000000,0.000000000,-0.253914123
2.983332856,0.000000000,0.000000000,-0.048419907,0.000000000,-0.000000000,9.800000000,0.967201148,0.000000000,0.000000000,-0.254011690
2.987499522,0.000000000,0.000000000,-0.032290519,0.000000000,0.000000000,9.800000000,0.967184058,0.000000000,0.000000000,-0.254076755
2.991666188,0.000000000,0.000000000,-0.032290519,0.000000000,0.000000000,9.800000000,0.967166964,0.000000000,0.000000000,-0.254141819
2.995832854,0.000000000,0.000000000,-0.016148682,-0.000000000,0.000000000,9.800000000,0.967158413,0.000000000,0.000000000,-0.254174357
3.004166186,0.000000000,0.000000000,-0.016148682,-0.000000000,-0.000000000,9.800000000,0.967141309,0.000000000,0.000000000,-0.254239433
3.008332852,0.000000000,0.000000000,-0.000000620,-0.000000000,-0.000000000,9.800000000,0.967141308,0.000000000,0.000000000,-0.254239434
3.012499518,0.000000000,0.000000000,-0.000000620,-0.000000000,-0.000000000,9.800000000,0.967141308,0.000000000,0.000000000,-0.254239436
3.016666184,0.000000000,0.000000000,-0.000000620,0.000000000,-0.000000000,9.800000000,0.967141308,0.000000000,0.000000000,-0.254239437
3.020832850,0.000000000,0.000000000,-0.000000620,0.000000000,-0.000000000,9.800000000,0.967141307,0.000000000,0.000000000,-0.254239438
3.029166182,0.000000000,0.000000000,0.016147442,-0.000000000,0.000000000,9.800000000,0.967158410,0.000000000,0.000000000,-0.254174367
3.033332848,0.000000000,0.000000000,0.032289279,0.000000000,0.000000000,9.800000000,0.967175506,0.000000000,0.000000000,-0.254109307
3.037499514,0.000000000,0.000000000,0.032289279,0.000000000,0.000000000,9.800000000,0.967192598,0.000000000,0.000000000,-0.254044245
3.041666180,0.000000000,0.000000000,0.032289279,0.000000000,0.000000000,9.800000000,0.967209685,0.000000000,0.000000000,-0.253979182
3.045832846,0.000000000,0.000000000,0.048418668,0.000000000,0.000000000,9.800000000,0.967235300,0.000000000,0.000000000,-0.253881616
3.054166178,0.000000000,0.000000000,0.048418668,-0.000000000,-0.000000000,9.800000000,0.967286499,0.000000000,0.000000000,-0.253686477
3.058332844,0.000000000,0.000000000,0.064529391,-0.000000000,0.000000000,9.800000000,0.967320595,0.000000000,0.000000000,-0.253556436
3.062499510,0.000000000,0.000000000,0.064529391,-0.000000000,0.000000000,9.800000000,0.967354674,0.000000000,0.000000000,-0.253426391
3.066666176,0.000000000,0.000000000,0.064529391,-0.000000000,0.000000000,9.800000000,0.967388735,0.000000000,0.000000000,-0.253296341
3.070832842,0.000000000,0.000000000,0.080615237,-0.000000000,-0.000000000,9.800000000,0.967431262,0.000000000,0.000000000,-0.253133866
3.079166174,0.000000000,0.000000000,0.080615237,-0.000000000,0.000000000,9.800000000,0.967516234,0.000000000,0.000000000,-0.252808895
3.083332840,0.000000000,0.000000000,0.080615237,0.000000000,0.000000000,9.800000000,0.967558679,0.000000000,0.000000000,-0.252646398
3.087499506,0.000000000,0.000000000,0.080615237,-0.000000000,0.000000000,9.800000000,0.967601097,0.000000000,0.000000000,-0.252483895
3.091666172,0.000000000,0.000000000,0.096670003,-0.000000000,-0.000000000,9.800000000,0.967651927,0.000000000,0.000000000,-0.252289019
3.095832838,0.000000000,0.000000000,0.096670003,0.000000000,-0.000000000,9.800000000,0.967702717,0.000000000,0.000000000,-0.252094133
3.104166170,0.000000000,0.000000000,0.112687502,0.000000000,0.000000000,9.800000000,0.967820976,0.000000000,0.000000000,-0.251639738
3.108332836,0.000000000,0.000000000,0.128661557,0.000000000,-0.000000000,9.800000000,0.967888392,0.000000000,0.000000000,-0.251380310
3.112499502,0.000000000,0.000000000,0.128661557,0.000000000,-0.000000000,9.800000000,0.967955739,0.000000000,0.000000000,-0.251120863
3.116666168,0.000000000,0.000000000,0.128661557,0.000000000,0.000000000,9.800000000,0.968023016,0.000000000,0.000000000,-0.250861399
3.120832834,0.000000000,0.000000000,0.144586011,0.000000000,-0.000000000,9.800000000,0.968098536,0.000000000,0.000000000,-0.250569799
3.129166166,0.000000000,0.000000000,0.144586011,0.000000000,0.000000000,9.800000000,0.968249314,0.000000000,0.000000000,-0.249986530
3.133332832,0.000000000,0.000000000,0.144586011,0.000000000,0.000000000,9.800000000,0.968324572,0.000000000,0.000000000,-0.249694862
3.137499498,0.000000000,0.000000000,0.160454725,0.000000000,0.000000000,9.800000000,0.968407986,0.000000000,0.000000000,-0.249371156
3.141666164,0.000000000,0.000000000,0.160454725,0.000000000,0.000000000,9.800000000,0.968491291,0.000000000,0.000000000,-0.249047422
3.145832830,0.000000000,0.000000000,0.176261580,0.000000000,0.000000000,9.800000000,0.968582679,0.000000000,0.000000000,-0.248691764
3.154166162,0.000000000,0.000000000,0.176261580,-0.000000000,-0.000000000,9.800000000,0.968765063,0.000000000,0.000000000,-0.247980347
3.158332828,0.000000000,0.000000000,0.176261580,-0.000000000,-0.000000000,9.800000000,0.968856059,0.000000000,0.000000000,-0.247624589
3.162499494,0.000000000,0.000000000,0.176261580,-0.000000000,-0.000000000,9.800000000,0.968946924,0.000000000,0.000000000,-0.247268797
3.166666160,0.000000000,0.000000000,0.176261580,0.000000000,-0.000000000,9.800000000,0.969037659,0.000000000,0.000000000,-0.246912972
3.170832826,0.000000000,0.000000000,0.192000483,-0.000000000,0.000000000,9.800000000,0.969136347,0.000000000,0.000000000,-0.246525336
3.179166158,0.000000000,0.000000000,0.207665366,0.000000000,0.000000000,9.800000000,0.969341277,0.000000000,0.000000000,-0.245718312
3.183332824,0.000000000,0.000000000,0.207665366,0.000000000,0.000000000,9.800000000,0.969447493,0.000000000,0.000000000,-0.245298917
3.187499490,0.000000000,0.000000000,0.207665366,0.000000000,0.000000000,9.800000000,0.969553527,0.000000000,0.000000000,-0.244879476
3.191666156,0.000000000,0.000000000,0.223250190,0.000000000,0.000000000,9.800000000,0.969667317,0.000000000,0.000000000,-0.244428506
3.195832822,0.000000000,0.000000000,0.223250190,0.000000000,0.000000000,9.800000000,0.969780897,0.000000000,0.000000000,-0.243977482
3.204166154,0.000000000,0.000000000,0.238748947,0.000000000,0.000000000,9.800000000,0.970023123,0.000000000,0.000000000,-0.243012636
3.208332820,0.000000000,0.000000000,0.254155662,0.000000000,0.000000000,9.800000000,0.970151660,0.000000000,0.000000000,-0.242498984
3.212499486,0.000000000,0.000000000,0.254155662,0.000000000,0.000000000,9.800000000,0.970279925,0.000000000,0.000000000,-0.241985263
3.216666152,0.000000000,0.000000000,0.254155662,0.000000000,0.000000000,9.800000000,0.970407918,0.000000000,0.000000000,-0.241471475
3.220832818,0.000000000,0.000000000,0.254155662,0.000000000,0.000000000,9.800000000,0.970535639,0.000000000,0.000000000,-0.240957619
3.229166150,0.000000000,0.000000000,0.269464394,0.000000000,0.000000000,9.800000000,0.970805566,0.000000000,0.000000000,-0.239867781
3.233332816,0.000000000,0.000000000,0.269464394,0.000000000,-0.000000000,9.800000000,0.970940071,0.000000000,0.000000000,-0.239322748
3.237499482,0.000000000,0.000000000,0.269464394,0.000000000,0.000000000,9.800000000,0.971074270,0.000000000,0.000000000,-0.238777640
3.241666148,0.000000000,0.000000000,0.269464394,0.000000000,0.000000000,9.800000000,0.971208163,0.000000000,0.000000000,-0.238232457
3.245832814,0.000000000,0.000000000,0.299764348,0.000000000,0.000000000,9.800000000,0.971356752,0.000000000,0.000000000,-0.237625883
3.254166146,0.000000000,0.000000000,0.299764348,-0.000000000,0.000000000,9.800000000,0.971652793,0.000000000,0.000000000,-0.236412456
3.258332812,0.000000000,0.000000000,0.299764348,-0.000000000,0.000000000,9.800000000,0.971800246,0.000000000,0.000000000,-0.235805604
3.262499478,0.000000000,0.000000000,0.314743887,-0.000000000,-0.000000000,9.800000000,0.971954658,0.000000000,0.000000000,-0.235168328
3.266666144,0.000000000,0.000000000,0.314743887,0.000000000,0.000000000,9.800000000,0.972108653,0.000000000,0.000000000,-0.234530951
3.270832810,0.000000000,0.000000000,0.314743887,0.000000000,0.000000000,9.800000000,0.972262230,0.000000000,0.000000000,-0.233893473
3.279166142,0.000000000,0.000000000,0.329602086,-0.000000000,0.000000000,9.800000000,0.972582528,0.000000000,0.000000000,-0.232558004
3.283332808,0.000000000,0.000000000,0.329602086,-0.000000000,0.000000000,9.800000000,0.972741990,0.000000000,0.000000000,-0.231890105
3.287499474,0.000000000,0.000000000,0.329602086,-0.000000000,0.000000000,9.800000000,0.972900993,0.000000000,0.000000000,-0.231222097
3.291666140,0.000000000,0.000000000,0.344333218,-0.000000000,0.000000000,9.800000000,0.973066612,0.000000000,0.000000000,-0.230524117
3.295832806,0.000000000,0.000000000,0.344333218,0.000000000,0.000000000,9.800000000,0.973231731,0.000000000,0.000000000,-0.229826018
3.304166138,0.000000000,0.000000000,0.344333218,0.000000000,0.000000000,9.800000000,0.973560465,0.000000000,0.000000000,-0.228429465
3.308332804,0.000000000,0.000000000,0.373391612,-0.000000000,0.000000000,9.800000000,0.973737866,0.000000000,0.000000000,-0.227672064
3.312499470,0.000000000,0.000000000,0.373391612,-0.000000000,0.000000000,9.800000000,0.973914677,0.000000000,0.000000000,-0.226914526
3.316666136,0.000000000,0.000000000,0.373391612,-0.000000000,0.000000000,9.800000000,0.974090899,0.000000000,0.000000000,-0.226156850
3.320832802,0.000000000,0.000000000,0.387707672,0.000000000,0.000000000,9.800000000,0.974273253,0.000000000,0.000000000,-0.225369979
3.329166134,0.000000000,0.000000000,0.387707672,0.000000000,0.000000000,9.800000000,0.974636056,0.000000000,0.000000000,-0.223795798
3.333332800,0.000000000,0.000000000,0.401874263,-0.000000000,-0.000000000,9.800000000,0.974823084,0.000000000,0.000000000,-0.222979717
3.337499466,0.000000000,0.000000000,0.401874263,-0.000000000,-0.000000000,9.800000000,0.975009430,0.000000000,0.000000000,-0.222163480
3.341666132,0.000000000,0.000000000,0.401874263,-0.000000000,-0.000000000,9.800000000,0.975195092,0.000000000,0.000000000,-0.221347088
3.345832798,0.000000000,0.000000000,0.415885925,0.000000000,-0.000000000,9.800000000,0.975386507,0.000000000,0.000000000,-0.220502067
3.354166130,0.000000000,0.000000000,0.415885925,0.000000000,-0.000000000,9.800000000,0.975767141,0.000000000,0.000000000,-0.218811531
3.358332796,0.000000000,0.000000000,0.415885925,0.000000000,-0.000000000,9.800000000,0.975956360,0.000000000,0.000000000,-0.217966016
3.362499462,0.000000000,0.000000000,0.415885925,0.000000000,-0.000000000,9.800000000,0.976144845,0.000000000,0.000000000,-0.217120338
3.366666128,0.000000000,0.000000000,0.415885925,0.000000000,-0.000000000,9.800000000,0.976332598,0.000000000,0.000000000,-0.216274496
3.370832794,0.000000000,0.000000000,0.443422912,-0.000000000,0.000000000,9.800000000,0.976531975,0.000000000,0.000000000,-0.215372471
3.379166126,0.000000000,0.000000000,0.443422912,0.000000000,0.000000000,9.800000000,0.976928230,0.000000000,0.000000000,-0.213567868
3.383332792,0.000000000,0.000000000,0.456937621,0.000000000,-0.000000000,9.800000000,0.977131093,0.000000000,0.000000000,-0.212637782
3.387499458,0.000000000,0.000000000,0.456937621,0.000000000,-0.000000000,9.800000000,0.977333072,0.000000000,0.000000000,-0.211707502
3.391666124,0.000000000,0.000000000,0.456937621,0.000000000,0.000000000,9.800000000,0.977534165,0.000000000,0.000000000,-0.210777031
3.395832790,0.000000000,0.000000000,0.456937621,0.000000000,0.000000000,9.800000000,0.977734372,0.000000000,0.000000000,-0.209846369
3.404166122,0.000000000,0.000000000,0.470276173,0.000000000,0.000000000,9.800000000,0.978143685,0.000000000,0.000000000,-0.207930113
3.408332788,0.000000000,0.000000000,0.483433424,-0.000000000,-0.000000000,9.800000000,0.978352606,0.000000000,0.000000000,-0.206944867
3.412499454,0.000000000,0.000000000,0.483433424,-0.000000000,-0.000000000,9.800000000,0.978560535,0.000000000,0.000000000,-0.205959412
3.416666120,0.000000000,0.000000000,0.483433424,-0.000000000,-0.000000000,9.800000000,0.978767471,0.000000000,0.000000000,-0.204973748
3.420832786,0.000000000,0.000000000,0.496404303,0.000000000,0.000000000,9.800000000,0.978978927,0.000000000,0.000000000,-0.203961421
3.429166118,0.000000000,0.000000000,0.496404303,0.000000000,0.000000000,9.800000000,0.979398696,0.000000000,0.000000000,-0.201936114
3.433332784,0.000000000,0.000000000,0.509183808,-0.000000000,-0.000000000,9.800000000,0.979612359,0.000000000,0.000000000,-0.200897055
3.437499450,0.000000000,0.000000000,0.509183808,-0.000000000,-0.000000000,9.800000000,0.979824919,0.000000000,0.000000000,-0.199857770
3.441666116,0.000000000,0.000000000,0.509183808,-0.000000000,-0.000000000,9.800000000,0.980036377,0.000000000,0.000000000,-0.198818260
3.445832782,0.000000000,0.000000000,0.509183808,-0.000000000,0.000000000,9.800000000,0.980246731,0.000000000,0.000000000,-0.197778526
3.454166114,0.000000000,0.000000000,0.509183808,-0.000000000,-0.000000000,9.800000000,0.980664132,0.000000000,0.000000000,-0.195698392
3.458332780,0.000000000,0.000000000,0.534149067,0.000000000,0.000000000,9.800000000,0.980881300,0.000000000,0.000000000,-0.194606978
3.462499446,0.000000000,0.000000000,0.534149067,0.000000000,0.000000000,9.800000000,0.981097253,0.000000000,0.000000000,-0.193515323
3.466666112,0.000000000,0.000000000,0.534149067,0.000000000,0.000000000,9.800000000,0.981311991,0.000000000,0.000000000,-0.192423428
3.470832778,0.000000000,0.000000000,0.546325197,0.000000000,0.000000000,9.800000000,0.981530368,0.000000000,0.000000000,-0.191306397
3.479166110,0.000000000,0.000000000,0.546325197,0.000000000,0.000000000,9.800000000,0.981963305,0.000000000,0.000000000,-0.189071592
3.483332776,0.000000000,0.000000000,0.546325197,0.000000000,0.000000000,9.800000000,0.982177866,0.000000000,0.000000000,-0.187953821
3.487499442,0.000000000,0.000000000,0.546325197,0.000000000,0.000000000,9.800000000,0.982391155,0.000000000,0.000000000,-0.186835807
3.491666108,0.000000000,0.000000000,0.546325197,0.000000000,0.000000000,9.800000000,0.982603171,0.000000000,0.000000000,-0.185717551
3.495832774,0.000000000,0.000000000,0.570040987,0.000000000,0.000000000,9.800000000,0.982823033,0.000000000,0.000000000,-0.184550496
3.504166106,0.000000000,0.000000000,0.570040987,0.000000000,0.000000000,9.800000000,0.983258599,0.000000000,0.000000000,-0.182215605
3.508332772,0.000000000,0.000000000,0.581571505,-0.000000000,0.000000000,9.800000000,0.983478651,0.000000000,0.000000000,-0.181024148
3.512499438,0.000000000,0.000000000,0.581571505,-0.000000000,0.000000000,9.800000000,0.983697260,0.000000000,0.000000000,-0.179832426
3.516666104,0.000000000,0.000000000,0.581571505,-0.000000000,0.000000000,9.800000000,0.983914424,0.000000000,0.000000000,-0.178640440
3.520832770,0.000000000,0.000000000,0.581571505,-0.000000000,0.000000000,9.800000000,0.984130144,0.000000000,0.000000000,-0.177448191
3.529166102,0.000000000,0.000000000,0.581571505,-0.000000000,0.000000000,9.800000000,0.984557249,0.000000000,0.000000000,-0.175062915
3.533332768,0.000000000,0.000000000,0.592877816,-0.000000000,-0.000000000,9.800000000,0.984772729,0.000000000,0.000000000,-0.173846694
3.537499434,0.000000000,0.000000000,0.603955561,0.000000000,-0.000000000,9.800000000,0.984990690,0.000000000,0.000000000,-0.172607475
3.541666100,0.000000000,0.000000000,0.603955561,0.000000000,-0.000000000,9.800000000,0.985207092,0.000000000,0.000000000,-0.171367984
3.545832766,0.000000000,0.000000000,0.603955561,0.000000000,-0.000000000,9.800000000,0.985421934,0.000000000,0.000000000,-0.170128221
3.554166098,0.000000000,0.000000000,0.614800470,0.000000000,-0.000000000,9.800000000,0.985854513,0.000000000,0.000000000,-0.167603342
3.558332764,0.000000000,0.000000000,0.625408362,0.000000000,0.000000000,9.800000000,0.986072052,0.000000000,0.000000000,-0.166318696
3.562499430,0.000000000,0.000000000,0.625408362,0.000000000,-0.000000000,9.800000000,0.986287917,0.000000000,0.000000000,-0.165033769
3.566666096,0.000000000,0.000000000,0.625408362,0.000000000,0.000000000,9.800000000,0.986502108,0.000000000,0.000000000,-0.163748561
3.570832762,0.000000000,0.000000000,0.625408362,0.000000000,0.000000000,9.800000000,0.986714624,0.000000000,0.000000000,-0.162463076
3.579166094,0.000000000,0.000000000,0.635775147,-0.000000000,-0.000000000,9.800000000,0.987141536,0.000000000,0.000000000,-0.159848640
3.583332760,0.000000000,0.000000000,0.635775147,0.000000000,0.000000000,9.800000000,0.987352395,0.000000000,0.000000000,-0.158541000
3.587499426,0.000000000,0.000000000,0.645896829,-0.000000000,-0.000000000,9.800000000,0.987564836,0.000000000,0.000000000,-0.157212257
3.591666092,0.000000000,0.000000000,0.645896829,0.000000000,0.000000000,9.800000000,0.987775490,0.000000000,0.000000000,-0.155883230
3.595832758,0.000000000,0.000000000,0.655769505,0.000000000,0.000000000,9.800000000,0.987987534,0.000000000,0.000000000,-0.154533600
3.604166090,0.000000000,0.000000000,0.655769505,0.000000000,0.000000000,9.800000000,0.988406088,0.000000000,0.000000000,-0.151833477
3.608332756,0.000000000,0.000000000,0.665389370,-0.000000000,0.000000000,9.800000000,0.988615614,0.000000000,0.000000000,-0.150463175
3.612499422,0.000000000,0.000000000,0.665389370,0.000000000,0.000000000,9.800000000,0.988823241,0.000000000,0.000000000,-0.149092585
3.616666088,0.000000000,0.000000000,0.665389370,0.000000000,0.000000000,9.800000000,0.989028967,0.000000000,0.000000000,-0.147721708
3.620832754,0.000000000,0.000000000,0.665389370,-0.000000000,0.000000000,9.800000000,0.989232792,0.000000000,0.000000000,-0.146350547
3.629166086,0.000000000,0.000000000,0.674752714,0.000000000,0.000000000,9.800000000,0.989640342,0.000000000,0.000000000,-0.143568775
3.633332752,0.000000000,0.000000000,0.674752714,0.000000000,-0.000000000,9.800000000,0.989841184,0.000000000,0.000000000,-0.142177462
3.637499418,0.000000000,0.000000000,0.674752714,0.000000000,0.000000000,9.800000000,0.990040070,0.000000000,0.000000000,-0.140785868
3.641666084,0.000000000,0.000000000,0.683855929,-0.000000000,0.000000000,9.800000000,0.990239642,0.000000000,0.000000000,-0.139375216
3.645832750,0.000000000,0.000000000,0.683855929,0.000000000,0.000000000,9.800000000,0.990437205,0.000000000,0.000000000,-0.137964281
3.654166082,0.000000000,0.000000000,0.683855929,0.000000000,0.000000000,9.800000000,0.990826299,0.000000000,0.000000000,-0.135141573
3.658332748,0.000000000,0.000000000,0.683855929,0.000000000,0.000000000,9.800000000,0.991017830,0.000000000,0.000000000,-0.133729807
3.662499414,0.000000000,0.000000000,0.683855929,0.000000000,0.000000000,9.800000000,0.991207349,0.000000000,0.000000000,-0.132317769
3.666666080,0.000000000,0.000000000,0.683855929,0.000000000,0.000000000,9.800000000,0.991394856,0.000000000,0.000000000,-0.130905462
3.670832746,0.000000000,0.000000000,0.683855929,0.000000000,0.000000000,9.800000000,0.991580350,0.000000000,0.000000000,-0.129492890
3.679166078,0.000000000,0.000000000,0.709570208,0.000000000,0.000000000,9.800000000,0.991958867,0.000000000,0.000000000,-0.126560679
3.683332744,0.000000000,0.000000000,0.709570208,0.000000000,-0.000000000,9.800000000,0.992144874,0.000000000,0.000000000,-0.125094158
3.687499410,0.000000000,0.000000000,0.717598831,0.000000000,-0.000000000,9.800000000,0.992330781,0.000000000,0.000000000,-0.123610764
3.691666076,0.000000000,0.000000000,0.717598831,-0.000000000,-0.000000000,9.800000000,0.992514470,0.000000000,0.000000000,-0.122127095
3.695832742,0.000000000,0.000000000,0.725350807,0.000000000,0.000000000,9.800000000,0.992697888,0.000000000,0.000000000,-0.120627121
3.704166074,0.000000000,0.000000000,0.725350807,0.000000000,0.000000000,9.800000000,0.993057925,0.000000000,0.000000000,-0.117626349
3.708332740,0.000000000,0.000000000,0.732823145,-0.000000000,0.000000000,9.800000000,0.993236349,0.000000000,0.000000000,-0.116110096
3.712499406,0.000000000,0.000000000,0.732823145,-0.000000000,0.000000000,9.800000000,0.993412459,0.000000000,0.000000000,-0.114593573
3.716666072,0.000000000,0.000000000,0.732823145,0.000000000,0.000000000,9.800000000,0.993586253,0.000000000,0.000000000,-0.113076783
3.720832738,0.000000000,0.000000000,0.740012967,0.000000000,0.000000000,9.800000000,0.993759401,0.000000000,0.000000000,-0.111544844
3.729166070,0.000000000,0.000000000,0.740012967,0.000000000,0.000000000,9.800000000,0.994098613,0.000000000,0.000000000,-0.108480173
3.733332736,0.000000000,0.000000000,0.746917500,-0.000000000,-0.000000000,9.800000000,0.994266213,0.000000000,0.000000000,-0.106933148
3.737499402,0.000000000,0.000000000,0.746917500,-0.000000000,-0.000000000,9.800000000,0.994431405,0.000000000,0.000000000,-0.105385863
3.741666068,0.000000000,0.000000000,0.746917500,-0.000000000,-0.000000000,9.800000000,0.994594190,0.000000000,0.000000000,-0.103838324
3.745832734,0.000000000,0.000000000,0.746917500,-0.000000000,-0.000000000,9.800000000,0.994754566,0.000000000,0.000000000,-0.102290533
3.754166066,0.000000000,0.000000000,0.753534082,0.000000000,-0.000000000,9.800000000,0.995069460,0.000000000,0.000000000,-0.099180495
3.758332732,0.000000000,0.000000000,0.753534082,-0.000000000,-0.000000000,9.800000000,0.995223933,0.000000000,0.000000000,-0.097618251
3.762499398,0.000000000,0.000000000,0.759860162,0.000000000,0.000000000,9.800000000,0.995377220,0.000000000,0.000000000,-0.096042648
3.766666064,0.000000000,0.000000000,0.759860162,0.000000000,0.000000000,9.800000000,0.995528012,0.000000000,0.000000000,-0.094466805
3.770832730,0.000000000,0.000000000,0.765893301,0.000000000,0.000000000,9.800000000,0.995677477,0.000000000,0.000000000,-0.092878210
3.779166062,0.000000000,0.000000000,0.765893301,0.000000000,-0.000000000,9.800000000,0.995968801,0.000000000,0.000000000,-0.089700315
3.783332728,0.000000000,0.000000000,0.771631175,0.000000000,-0.000000000,9.800000000,0.996111714,0.000000000,0.000000000,-0.088099115
3.787499394,0.000000000,0.000000000,0.771631175,0.000000000,0.000000000,9.800000000,0.996252051,0.000000000,0.000000000,-0.086497688
3.791666060,0.000000000,0.000000000,0.771631175,0.000000000,-0.000000000,9.800000000,0.996389815,0.000000000,0.000000000,-0.084896038
3.795832726,0.000000000,0.000000000,0.777071570,0.000000000,-0.000000000,9.800000000,0.996525947,0.000000000,0.000000000,-0.083282873
3.804166058,0.000000000,0.000000000,0.777071570,0.000000000,-0.000000000,9.800000000,0.996790376,0.000000000,0.000000000,-0.080055892
3.808332724,0.000000000,0.000000000,0.777071570,0.000000000,-0.000000000,9.800000000,0.996918672,0.000000000,0.000000000,-0.078442085
3.812499390,0.000000000,0.000000000,0.782212389,0.000000000,0.000000000,9.800000000,0.997045178,0.000000000,0.000000000,-0.076817394
3.816666056,0.000000000,0.000000000,0.782212389,0.000000000,0.000000000,9.800000000,0.997169037,0.000000000,0.000000000,-0.075192499
3.820832722,0.000000000,0.000000000,0.782212389,0.000000000,0.000000000,9.800000000,0.997290247,0.000000000,0.000000000,-0.073567405
3.829166054,0.000000000,0.000000000,0.787051650,-0.000000000,0.000000000,9.800000000,0.997525431,0.000000000,0.000000000,-0.070306577
3.833332720,0.000000000,0.000000000,0.787051650,-0.000000000,0.000000000,9.800000000,0.997639371,0.000000000,0.000000000,-0.068670850
3.837499386,0.000000000,0.000000000,0.791587489,0.000000000,0.000000000,9.800000000,0.997751262,0.000000000,0.000000000,-0.067025510
3.841666052,0.000000000,0.000000000,0.791587489,0.000000000,0.000000000,9.800000000,0.997860440,0.000000000,0.000000000,-0.065379988
3.845832718,0.000000000,0.000000000,0.795818155,0.000000000,0.000000000,9.800000000,0.997967465,0.000000000,0.000000000,-0.063725492
3.854166050,0.000000000,0.000000000,0.795818155,0.000000000,0.000000000,9.800000000,0.998173286,0.000000000,0.000000000,-0.060415979
3.858332716,0.000000000,0.000000000,0.799742018,0.000000000,0.000000000,9.800000000,0.998272562,0.000000000,0.000000000,-0.058752810
3.862499382,0.000000000,0.000000000,0.799742018,0.000000000,0.000000000,9.800000000,0.998369066,0.000000000,0.000000000,-0.057089479
3.866666048,0.000000000,0.000000000,0.799742018,0.000000000,0.000000000,9.800000000,0.998462798,0.000000000,0.000000000,-0.055425989
3.870832714,0.000000000,0.000000000,0.803357566,-0.000000000,-0.000000000,9.800000000,0.998554164,0.000000000,0.000000000,-0.053754823
3.879166046,0.000000000,0.000000000,0.803357566,-0.000000000,-0.000000000,9.800000000,0.998728504,0.000000000,0.000000000,-0.050412045
3.883332712,0.000000000,0.000000000,0.806663404,0.000000000,-0.000000000,9.800000000,0.998811814,0.000000000,0.000000000,-0.048733563
3.887499378,0.000000000,0.000000000,0.806663404,0.000000000,-0.000000000,9.800000000,0.998892303,0.000000000,0.000000000,-0.047054944
3.891666044,0.000000000,0.000000000,0.806663404,0.000000000,0.000000000,9.800000000,0.998969970,0.000000000,0.000000000,-0.045376191
3.895832710,0.000000000,0.000000000,0.809658258,0.000000000,0.000000000,9.800000000,0.999045089,0.000000000,0.000000000,-0.043691077
3.904166042,0.000000000,0.000000000,0.809658258,0.000000000,0.000000000,9.800000000,0.999186799,0.000000000,0.000000000,-0.040320481
3.908332708,0.000000000,0.000000000,0.812340973,0.000000000,0.000000000,9.800000000,0.999253605,0.000000000,0.000000000,-0.038629423
3.912499374,0.000000000,0.000000000,0.812340973,0.000000000,0.000000000,9.800000000,0.999317550,0.000000000,0.000000000,-0.036938255
3.916666040,0.000000000,0.000000000,0.812340973,0.000000000,0.000000000,9.800000000,0.999378632,0.000000000,0.000000000,-0.035246981
3.920832706,0.000000000,0.000000000,0.814710516,0.000000000,-0.000000000,9.800000000,0.999437018,0.000000000,0.000000000,-0.033550673
3.929166038,0.000000000,0.000000000,0.814710516,0.000000000,0.000000000,9.800000000,0.999545151,0.000000000,0.000000000,-0.030157770
3.933332704,0.000000000,0.000000000,0.814710516,0.000000000,-0.000000000,9.800000000,0.999594898,0.000000000,0.000000000,-0.028461186
3.937499370,0.000000000,0.000000000,0.816765972,0.000000000,-0.000000000,9.800000000,0.999641881,0.000000000,0.000000000,-0.026760240
3.941666036,0.000000000,0.000000000,0.816765972,-0.000000000,-0.000000000,9.800000000,0.999685969,0.000000000,0.000000000,-0.025059216
3.945832702,0.000000000,0.000000000,0.818506550,-0.000000000,0.000000000,9.800000000,0.999727247,0.000000000,0.000000000,-0.023354494
3.954166034,0.000000000,0.000000000,0.818506550,0.000000000,0.000000000,9.800000000,0.999801082,0.000000000,0.000000000,-0.019944851
3.958332700,0.000000000,0.000000000,0.819931578,0.000000000,0.000000000,9.800000000,0.999833693,0.000000000,0.000000000,-0.018236972
3.962499366,0.000000000,0.000000000,0.819931578,-0.000000000,-0.000000000,9.800000000,0.999863386,0.000000000,0.000000000,-0.016529040
3.966666032,0.000000000,0.000000000,0.819931578,-0.000000000,0.000000000,9.800000000,0.999890162,0.000000000,0.000000000,-0.014821060
3.970832698,0.000000000,0.000000000,0.821040507,-0.000000000,-0.000000000,9.800000000,0.999914051,0.000000000,0.000000000,-0.013110726
3.979166030,0.000000000,0.000000000,0.821040507,-0.000000000,-0.000000000,9.800000000,0.999953051,0.000000000,0.000000000,-0.009689949
3.983332696,0.000000000,0.000000000,0.821040507,-0.000000000,-0.000000000,9.800000000,0.999968163,0.000000000,0.000000000,-0.007979515
3.987499362,0.000000000,0.000000000,0.821832909,0.000000000,0.000000000,9.800000000,0.999980360,0.000000000,0.000000000,-0.006267407
3.991666028,0.000000000,0.000000000,0.821832909,0.000000000,0.000000000,9.800000000,0.999989625,0.000000000,0.000000000,-0.004555280
3.995832694,0.000000000,0.000000000,0.822308479,-0.000000000,-0.000000000,9.800000000,0.999995961,0.000000000,0.000000000,-0.002842150
4.004166026,0.000000000,0.000000000,0.822308479,0.000000000,-0.000000000,9.800000000,0.999999829,0.000000000,0.000000000,0.000584131
4.008332692,0.000000000,0.000000000,0.822308479,0.000000000,0.000000000,9.800000000,0.999997361,0.000000000,0.000000000,0.002297271
4.012499358,0.000000000,0.000000000,0.822308479,0.000000000,-0.000000000,9.800000000,0.999991958,0.000000000,0.000000000,0.004010405
4.016666024,0.000000000,0.000000000,0.822467033,0.000000000,0.000000000,9.800000000,0.999983619,0.000000000,0.000000000,0.005723857
4.020832690,0.000000000,0.000000000,0.822308511,0.000000000,0.000000000,9.800000000,0.999972345,0.000000000,0.000000000,0.007436962
4.029166022,0.000000000,0.000000000,0.822308511,0.000000000,0.000000000,9.800000000,0.999940995,0.000000000,0.000000000,0.010863102
4.033332688,0.000000000,0.000000000,0.821832974,0.000000000,0.000000000,9.800000000,0.999920930,0.000000000,0.000000000,0.012575136
4.037499354,0.000000000,0.000000000,0.821832974,0.000000000,0.000000000,9.800000000,0.999897934,0.000000000,0.000000000,0.014287133
4.041666020,0.000000000,0.000000000,0.821832974,0.000000000,0.000000000,9.800000000,0.999872006,0.000000000,0.000000000,0.015999089
4.045832686,0.000000000,0.000000000,0.821040604,0.000000000,0.000000000,9.800000000,0.999843177,0.000000000,0.000000000,0.017709346
4.054166018,0.000000000,0.000000000,0.821040604,-0.000000000,-0.000000000,9.800000000,0.999776743,0.000000000,0.000000000,0.021129702
4.058332684,0.000000000,0.000000000,0.819931708,-0.000000000,-0.000000000,9.800000000,0.999739191,0.000000000,0.000000000,0.022837479
4.062499350,0.000000000,0.000000000,0.819931708,-0.000000000,-0.000000000,9.800000000,0.999698721,0.000000000,0.000000000,0.024545190
4.066666016,0.000000000,0.000000000,0.819931708,-0.000000000,0.000000000,9.800000000,0.999655335,0.000000000,0.000000000,0.026252830
4.070832682,0.000000000,0.000000000,0.818506712,-0.000000000,-0.000000000,9.800000000,0.999609115,0.000000000,0.000000000,0.027957425
4.079166014,0.000000000,0.000000000,0.818506712,-0.000000000,0.000000000,9.800000000,0.999507954,0.000000000,0.000000000,0.031366367
4.083332680,0.000000000,0.000000000,0.816766167,-0.000000000,0.000000000,9.800000000,0.999453135,0.000000000,0.000000000,0.033067079
4.087499346,0.000000000,0.000000000,0.816766167,0.000000000,0.000000000,9.800000000,0.999395421,0.000000000,0.000000000,0.034767696
4.091666012,0.000000000,0.000000000,0.816766167,-0.000000000,0.000000000,9.800000000,0.999334814,0.000000000,0.000000000,0.036468212
4.095832678,0.000000000,0.000000000,0.816766167,-0.000000000,0.000000000,9.800000000,0.999271313,0.000000000,0.000000000,0.038168623
4.104166010,0.000000000,0.000000000,0.814710743,-0.000000000,-0.000000000,9.800000000,0.999135809,0.000000000,0.000000000,0.041564828
4.108332676,0.000000000,0.000000000,0.814710743,-0.000000000,-0.000000000,9.800000000,0.999063821,0.000000000,0.000000000,0.043260615
4.112499342,0.000000000,0.000000000,0.814710743,-0.000000000,-0.000000000,9.800000000,0.998988955,0.000000000,0.000000000,0.044956276
4.116666008,0.000000000,0.000000000,0.812341232,0.000000000,0.000000000,9.800000000,0.998911442,0.000000000,0.000000000,0.046646877
4.120832674,0.000000000,0.000000000,0.812341232,0.000000000,0.000000000,9.800000000,0.998831067,0.000000000,0.000000000,0.048337345
4.129166006,0.000000000,0.000000000,0.809658549,0.000000000,-0.000000000,9.800000000,0.998662314,0.000000000,0.000000000,0.051706697
4.133332672,0.000000000,0.000000000,0.806663726,-0.000000000,0.000000000,9.800000000,0.998574008,0.000000000,0.000000000,0.053384924
4.137499338,0.000000000,0.000000000,0.806663726,0.000000000,0.000000000,9.800000000,0.998482882,0.000000000,0.000000000,0.055063001
4.141666004,0.000000000,0.000000000,0.806663726,0.000000000,0.000000000,9.800000000,0.998388936,0.000000000,0.000000000,0.056740922
4.145832670,0.000000000,0.000000000,0.806663726,0.000000000,0.000000000,9.800000000,0.998292170,0.000000000,0.000000000,0.058418682
4.154166002,0.000000000,0.000000000,0.806663726,0.000000000,0.000000000,9.800000000,0.998090181,0.000000000,0.000000000,0.061773704
4.158332668,0.000000000,0.000000000,0.806663726,0.000000000,0.000000000,9.800000000,0.997984958,0.000000000,0.000000000,0.063450956
4.162499334,0.000000000,0.000000000,0.806663726,-0.000000000,0.000000000,9.800000000,0.997876916,0.000000000,0.000000000,0.065128028
4.166666000,0.000000000,0.000000000,0.806663726,-0.000000000,0.000000000,9.800000000,0.997766056,0.000000000,0.000000000,0.066804917
4.170832666,0.000000000,0.000000000,0.795818572,0.000000000,0.000000000,9.800000000,0.997653925,0.000000000,0.000000000,0.068459075
4.179165998,0.000000000,0.000000000,0.795818572,0.000000000,0.000000000,9.800000000,0.997421437,0.000000000,0.000000000,0.071766824
4.183332664,0.000000000,0.000000000,0.791587937,0.000000000,0.000000000,9.800000000,0.997301727,0.000000000,0.000000000,0.073411614
4.187499330,0.000000000,0.000000000,0.791587937,0.000000000,0.000000000,9.800000000,0.997179305,0.000000000,0.000000000,0.075056205
4.191665996,0.000000000,0.000000000,0.791587937,0.000000000,0.000000000,9.800000000,0.997054171,0.000000000,0.000000000,0.076700592
4.195832662,0.000000000,0.000000000,0.791587937,-0.000000000,0.000000000,9.800000000,0.996926325,0.000000000,0.000000000,0.078344770
4.204165994,0.000000000,0.000000000,0.787052130,0.000000000,-0.000000000,9.800000000,0.996664042,0.000000000,0.000000000,0.081613646
4.208332660,0.000000000,0.000000000,0.782212900,-0.000000000,0.000000000,9.800000000,0.996529720,0.000000000,0.000000000,0.083237711
4.212499326,0.000000000,0.000000000,0.782212900,0.000000000,0.000000000,9.800000000,0.996392752,0.000000000,0.000000000,0.084861555
4.216665992,0.000000000,0.000000000,0.782212900,-0.000000000,-0.000000000,9.800000000,0.996253138,0.000000000,0.000000000,0.086485173
4.220832658,0.000000000,0.000000000,0.777072111,-0.000000000,-0.000000000,9.800000000,0.996111822,0.000000000,0.000000000,0.088097893
4.229165990,0.000000000,0.000000000,0.777072111,-0.000000000,-0.000000000,9.800000000,0.995821358,0.000000000,0.000000000,0.091322636
4.233332656,0.000000000,0.000000000,0.771631747,0.000000000,-0.000000000,9.800000000,0.995673264,0.000000000,0.000000000,0.092923366
4.237499322,0.000000000,0.000000000,0.771631747,-0.000000000,-0.000000000,9.800000000,0.995522597,0.000000000,0.000000000,0.094523856
4.241665988,0.000000000,0.000000000,0.771631747,-0.000000000,-0.000000000,9.800000000,0.995369357,0.000000000,0.000000000,0.096124101
4.245832654,0.000000000,0.000000000,0.771631747,-0.000000000,-0.000000000,9.800000000,0.995213545,0.000000000,0.000000000,0.097724098
4.254165986,0.000000000,0.000000000,0.765893904,-0.000000000,-0.000000000,9.800000000,0.994895413,0.000000000,0.000000000,0.100911437
4.258332652,0.000000000,0.000000000,0.759860795,0.000000000,0.000000000,9.800000000,0.994734419,0.000000000,0.000000000,0.102486272
4.262499318,0.000000000,0.000000000,0.759860795,-0.000000000,0.000000000,9.800000000,0.994570932,0.000000000,0.000000000,0.104060851
4.266665984,0.000000000,0.000000000,0.759860795,-0.000000000,-0.000000000,9.800000000,0.994404953,0.000000000,0.000000000,0.105635168
4.270832650,0.000000000,0.000000000,0.759860795,-0.000000000,0.000000000,9.800000000,0.994236482,0.000000000,0.000000000,0.107209221
4.279165982,0.000000000,0.000000000,0.753534744,0.000000000,0.000000000,9.800000000,0.993893521,0.000000000,0.000000000,0.110343418
4.283332648,0.000000000,0.000000000,0.746918192,0.000000000,0.000000000,9.800000000,0.993720614,0.000000000,0.000000000,0.111889861
4.287499314,0.000000000,0.000000000,0.746918192,0.000000000,0.000000000,9.800000000,0.993545302,0.000000000,0.000000000,0.113436033
4.291665980,0.000000000,0.000000000,0.746918192,0.000000000,0.000000000,9.800000000,0.993367583,0.000000000,0.000000000,0.114981930
4.295832646,0.000000000,0.000000000,0.740013689,-0.000000000,-0.000000000,9.800000000,0.993189136,0.000000000,0.000000000,0.116513263
4.304165978,0.000000000,0.000000000,0.740013689,-0.000000000,-0.000000000,9.800000000,0.992825159,0.000000000,0.000000000,0.119575093
4.308332644,0.000000000,0.000000000,0.732823896,0.000000000,-0.000000000,9.800000000,0.992641445,0.000000000,0.000000000,0.121090716
4.312499310,0.000000000,0.000000000,0.732823896,0.000000000,0.000000000,9.800000000,0.992455417,0.000000000,0.000000000,0.122606056
4.316665976,0.000000000,0.000000000,0.732823896,0.000000000,0.000000000,9.800000000,0.992267076,0.000000000,0.000000000,0.124121110
4.320832642,0.000000000,0.000000000,0.732823896,0.000000000,-0.000000000,9.800000000,0.992076422,0.000000000,0.000000000,0.125635875
4.329165974,0.000000000,0.000000000,0.725351586,0.000000000,0.000000000,9.800000000,0.991692182,0.000000000,0.000000000,0.128633647
4.333332640,0.000000000,0.000000000,0.717599639,0.000000000,0.000000000,9.800000000,0.991498767,0.000000000,0.000000000,0.130116082
4.337499306,0.000000000,0.000000000,0.717599639,0.000000000,0.000000000,9.800000000,0.991303136,0.000000000,0.000000000,0.131598225
4.341665972,0.000000000,0.000000000,0.717599639,0.000000000,-0.000000000,9.800000000,0.991105289,0.000000000,0.000000000,0.133080075
4.345832638,0.000000000,0.000000000,0.709571044,0.000000000,-0.000000000,9.800000000,0.990907477,0.000000000,0.000000000,0.134545053
4.354165970,0.000000000,0.000000000,0.709571044,0.000000000,-0.000000000,9.800000000,0.990505359,0.000000000,0.000000000,0.137474124
4.358332636,0.000000000,0.000000000,0.701268896,0.000000000,0.000000000,9.800000000,0.990303455,0.000000000,0.000000000,0.138921082
4.362499302,0.000000000,0.000000000,0.701268896,-0.000000000,0.000000000,9.800000000,0.990099438,0.000000000,0.000000000,0.140367743
4.366665968,0.000000000,0.000000000,0.701268896,0.000000000,0.000000000,9.800000000,0.989893307,0.000000000,0.000000000,0.141814105
4.370832634,0.000000000,0.000000000,0.701268896,-0.000000000,-0.000000000,9.800000000,0.989685064,0.000000000,0.000000000,0.143260164
4.379165966,0.000000000,0.000000000,0.701268896,-0.000000000,-0.000000000,9.800000000,0.989262240,0.000000000,0.000000000,0.146151362
4.383332632,0.000000000,0.000000000,0.683856848,0.000000000,0.000000000,9.800000000,0.989053014,0.000000000,0.000000000,0.147560617
4.387499298,0.000000000,0.000000000,0.683856848,0.000000000,0.000000000,9.800000000,0.988841780,0.000000000,0.000000000,0.148969572
4.391665964,0.000000000,0.000000000,0.683856848,0.000000000,0.000000000,9.800000000,0.988628540,0.000000000,0.000000000,0.150378224
4.395832630,0.000000000,0.000000000,0.674753660,-0.000000000,-0.000000000,9.800000000,0.988416171,0.000000000,0.000000000,0.151767827
4.404165962,0.000000000,0.000000000,0.674753660,0.000000000,-0.000000000,9.800000000,0.987985574,0.000000000,0.000000000,0.154546129
4.408332628,0.000000000,0.000000000,0.674753660,-0.000000000,-0.000000000,9.800000000,0.987767347,0.000000000,0.000000000,0.155934823
4.412499294,0.000000000,0.000000000,0.665390342,0.000000000,-0.000000000,9.800000000,0.987550236,0.000000000,0.000000000,0.157303945
4.416665960,0.000000000,0.000000000,0.665390342,0.000000000,0.000000000,9.800000000,0.987331228,0.000000000,0.000000000,0.158672765
4.420832626,0.000000000,0.000000000,0.665390342,0.000000000,-0.000000000,9.800000000,0.987110322,0.000000000,0.000000000,0.160041280
4.429165958,0.000000000,0.000000000,0.655770503,-0.000000000,0.000000000,9.800000000,0.986669345,0.000000000,0.000000000,0.162737836
4.433332624,0.000000000,0.000000000,0.645897853,0.000000000,-0.000000000,9.800000000,0.986449469,0.000000000,0.000000000,0.164065371
4.437499290,0.000000000,0.000000000,0.645897853,-0.000000000,-0.000000000,9.800000000,0.986227806,0.000000000,0.000000000,0.165392608
4.441665956,0.000000000,0.000000000,0.645897853,0.000000000,-0.000000000,9.800000000,0.986004357,0.000000000,0.000000000,0.166719546
4.445832622,0.000000000,0.000000000,0.645897853,-0.000000000,-0.000000000,9.800000000,0.985779124,0.000000000,0.000000000,0.168046183
4.454165954,0.000000000,0.000000000,0.635776196,0.000000000,0.000000000,9.800000000,0.985326901,0.000000000,0.000000000,0.170677762
4.458332620,0.000000000,0.000000000,0.625409436,-0.000000000,0.000000000,9.800000000,0.985103682,0.000000000,0.000000000,0.171961435
4.462499286,0.000000000,0.000000000,0.625409436,-0.000000000,0.000000000,9.800000000,0.984878791,0.000000000,0.000000000,0.173244816
4.466665952,0.000000000,0.000000000,0.625409436,0.000000000,0.000000000,9.800000000,0.984652229,0.000000000,0.000000000,0.174527903
4.470832618,0.000000000,0.000000000,0.625409436,0.000000000,0.000000000,9.800000000,0.984423994,0.000000000,0.000000000,0.175810693
4.479165950,0.000000000,0.000000000,0.614801569,0.000000000,0.000000000,9.800000000,0.983970395,0.000000000,0.000000000,0.178331886
4.483332616,0.000000000,0.000000000,0.614801569,0.000000000,0.000000000,9.800000000,0.983741174,0.000000000,0.000000000,0.179592044
4.487499282,0.000000000,0.000000000,0.603956684,-0.000000000,-0.000000000,9.800000000,0.983514425,0.000000000,0.000000000,0.180829687
4.491665948,0.000000000,0.000000000,0.603956684,-0.000000000,-0.000000000,9.800000000,0.983286119,0.000000000,0.000000000,0.182067044
4.495832614,0.000000000,0.000000000,0.592878962,0.000000000,-0.000000000,9.800000000,0.983060486,0.000000000,0.000000000,0.183281424
4.504165946,0.000000000,0.000000000,0.592878962,-0.000000000,-0.000000000,9.800000000,0.982604722,0.000000000,0.000000000,0.185709345
4.508332612,0.000000000,0.000000000,0.581572674,0.000000000,0.000000000,9.800000000,0.982378993,0.000000000,0.000000000,0.186899742
4.512499278,0.000000000,0.000000000,0.581572674,0.000000000,0.000000000,9.800000000,0.982151823,0.000000000,0.000000000,0.188089864
4.516665944,0.000000000,0.000000000,0.581572674,0.000000000,0.000000000,9.800000000,0.981923211,0.000000000,0.000000000,0.189279710
4.520832610,0.000000000,0.000000000,0.570042179,0.000000000,-0.000000000,9.800000000,0.981697732,0.000000000,0.000000000,0.190445696
4.529165942,0.000000000,0.000000000,0.570042179,0.000000000,-0.000000000,9.800000000,0.981242621,0.000000000,0.000000000,0.192776861
4.533332608,0.000000000,0.000000000,0.558291922,0.000000000,0.000000000,9.800000000,0.981017737,0.000000000,0.000000000,0.193918022
4.537499274,0.000000000,0.000000000,0.558291922,0.000000000,0.000000000,9.800000000,0.980791526,0.000000000,0.000000000,0.195058920
4.541665940,0.000000000,0.000000000,0.558291922,0.000000000,0.000000000,9.800000000,0.980563988,0.000000000,0.000000000,0.196199554
4.545832606,0.000000000,0.000000000,0.558291922,0.000000000,0.000000000,9.800000000,0.980335124,0.000000000,0.000000000,0.197339923
4.554165938,0.000000000,0.000000000,0.558291922,0.000000000,0.000000000,9.800000000,0.979873416,0.000000000,0.000000000,0.199619858
4.558332604,0.000000000,0.000000000,0.558291922,-0.000000000,0.000000000,9.800000000,0.979640574,0.000000000,0.000000000,0.200759421
4.562499270,0.000000000,0.000000000,0.534150325,0.000000000,-0.000000000,9.800000000,0.979416560,0.000000000,0.000000000,0.201849454
4.566665936,0.000000000,0.000000000,0.534150325,0.000000000,0.000000000,9.800000000,0.979191333,0.000000000,0.000000000,0.202939236
4.570832602,0.000000000,0.000000000,0.521768291,-0.000000000,-0.000000000,9.800000000,0.978970156,0.000000000,0.000000000,0.204003514
4.579165934,0.000000000,0.000000000,0.509185107,0.000000000,0.000000000,9.800000000,0.978529736,0.000000000,0.000000000,0.206105692
4.583332600,0.000000000,0.000000000,0.509185107,0.000000000,0.000000000,9.800000000,0.978310548,0.000000000,0.000000000,0.207143603
4.587499266,0.000000000,0.000000000,0.509185107,0.000000000,0.000000000,9.800000000,0.978090259,0.000000000,0.000000000,0.208181280
4.591665932,0.000000000,0.000000000,0.509185107,0.000000000,0.000000000,9.800000000,0.977868870,0.000000000,0.000000000,0.209218723
4.595832598,0.000000000,0.000000000,0.496405621,0.000000000,0.000000000,9.800000000,0.977651977,0.000000000,0.000000000,0.210229901
4.604165930,0.000000000,0.000000000,0.496405621,0.000000000,0.000000000,9.800000000,0.977215056,0.000000000,0.000000000,0.212251583
4.608332596,0.000000000,0.000000000,0.496405621,0.000000000,0.000000000,9.800000000,0.976995027,0.000000000,0.000000000,0.213262084
4.612499262,0.000000000,0.000000000,0.483434762,-0.000000000,0.000000000,9.800000000,0.976779744,0.000000000,0.000000000,0.214245961
4.616665928,0.000000000,0.000000000,0.483434762,0.000000000,0.000000000,9.800000000,0.976563469,0.000000000,0.000000000,0.215229622
4.620832594,0.000000000,0.000000000,0.470277530,0.000000000,0.000000000,9.800000000,0.976352131,0.000000000,0.000000000,0.216186301
4.629165926,0.000000000,0.000000000,0.470277530,0.000000000,0.000000000,9.800000000,0.975926642,0.000000000,0.000000000,0.218099037
4.633332592,0.000000000,0.000000000,0.470277530,0.000000000,0.000000000,9.800000000,0.975712492,0.000000000,0.000000000,0.219055091
4.637499258,0.000000000,0.000000000,0.456938996,-0.000000000,0.000000000,9.800000000,0.975503519,0.000000000,0.000000000,0.219983827
4.641665924,0.000000000,0.000000000,0.456938996,-0.000000000,0.000000000,9.800000000,0.975293662,0.000000000,0.000000000,0.220912363
4.645832590,0.000000000,0.000000000,0.443424304,0.000000000,0.000000000,9.800000000,0.975089167,0.000000000,0.000000000,0.221813246
4.654165922,0.000000000,0.000000000,0.443424304,0.000000000,0.000000000,9.800000000,0.974677681,0.000000000,0.000000000,0.223614442
4.658332588,0.000000000,0.000000000,0.429738664,-0.000000000,-0.000000000,9.800000000,0.974477091,0.000000000,0.000000000,0.224486970
4.662499254,0.000000000,0.000000000,0.429738664,-0.000000000,-0.000000000,9.800000000,0.974275720,0.000000000,0.000000000,0.225359318
4.666665920,0.000000000,0.000000000,0.429738664,-0.000000000,-0.000000000,9.800000000,0.974073567,0.000000000,0.000000000,0.226231486
4.670832586,0.000000000,0.000000000,0.429738664,-0.000000000,-0.000000000,9.800000000,0.973870635,0.000000000,0.000000000,0.227103472
4.679165918,0.000000000,0.000000000,0.415887351,0.000000000,0.000000000,9.800000000,0.973475633,0.000000000,0.000000000,0.228790716
4.683332584,0.000000000,0.000000000,0.401875706,0.000000000,-0.000000000,9.800000000,0.973283739,0.000000000,0.000000000,0.229605669
4.687499250,0.000000000,0.000000000,0.401875706,0.000000000,-0.000000000,9.800000000,0.973091163,0.000000000,0.000000000,0.230420461
4.691665916,0.000000000,0.000000000,0.401875706,0.000000000,-0.000000000,9.800000000,0.972897904,0.000000000,0.000000000,0.231235092
4.695832582,0.000000000,0.000000000,0.387709130,0.000000000,0.000000000,9.800000000,0.972710812,0.000000000,0.000000000,0.232020853
4.704165914,0.000000000,0.000000000,0.387709130,0.000000000,-0.000000000,9.800000000,0.972334724,0.000000000,0.000000000,0.233591919
4.708332580,0.000000000,0.000000000,0.373393085,0.000000000,-0.000000000,9.800000000,0.972152718,0.000000000,0.000000000,0.234348230
4.712499246,0.000000000,0.000000000,0.373393085,-0.000000000,-0.000000000,9.800000000,0.971970124,0.000000000,0.000000000,0.235104399
4.716665912,0.000000000,0.000000000,0.373393085,0.000000000,-0.000000000,9.800000000,0.971786942,0.000000000,0.000000000,0.235860425
4.720832578,0.000000000,0.000000000,0.358933090,0.000000000,-0.000000000,9.800000000,0.971610299,0.000000000,0.000000000,0.236587039
4.729165910,0.000000000,0.000000000,0.358933090,0.000000000,0.000000000,9.800000000,0.971255384,0.000000000,0.000000000,0.238039870
4.733332576,0.000000000,0.000000000,0.358933090,0.000000000,0.000000000,9.800000000,0.971077111,0.000000000,0.000000000,0.238766086
4.737499242,0.000000000,0.000000000,0.358933090,0.000000000,0.000000000,9.800000000,0.970898296,0.000000000,0.000000000,0.239492168
4.741665908,0.000000000,0.000000000,0.344334719,0.000000000,-0.000000000,9.800000000,0.970726243,0.000000000,0.000000000,0.240188594
4.745832574,0.000000000,0.000000000,0.329603601,-0.000000000,0.000000000,9.800000000,0.970561083,0.000000000,0.000000000,0.240855110
4.754165906,0.000000000,0.000000000,0.329603601,0.000000000,0.000000000,9.800000000,0.970229390,0.000000000,0.000000000,0.242187801
4.758332572,0.000000000,0.000000000,0.314745414,0.000000000,-0.000000000,9.800000000,0.970070374,0.000000000,0.000000000,0.242823947
4.762499238,0.000000000,0.000000000,0.314745414,0.000000000,-0.000000000,9.800000000,0.969910941,0.000000000,0.000000000,0.243459989
4.766665904,0.000000000,0.000000000,0.314745414,0.000000000,-0.000000000,9.800000000,0.969751091,0.000000000,0.000000000,0.244095926
4.770832570,0.000000000,0.000000000,0.314745414,0.000000000,-0.000000000,9.800000000,0.969590824,0.000000000,0.000000000,0.244731758
4.779165902,0.000000000,0.000000000,0.299765888,-0.000000000,0.000000000,9.800000000,0.969284392,0.000000000,0.000000000,0.245942609
4.783332568,0.000000000,0.000000000,0.284670795,-0.000000000,-0.000000000,9.800000000,0.969138362,0.000000000,0.000000000,0.246517414
4.787499234,0.000000000,0.000000000,0.284670795,-0.000000000,-0.000000000,9.800000000,0.968991991,0.000000000,0.000000000,0.247092131
4.791665900,0.000000000,0.000000000,0.284670795,0.000000000,-0.000000000,9.800000000,0.968845279,0.000000000,0.000000000,0.247666762
4.795832566,0.000000000,0.000000000,0.269465957,-0.000000000,0.000000000,9.800000000,0.968706089,0.000000000,0.000000000,0.248210621
4.804165898,0.000000000,0.000000000,0.269465957,-0.000000000,0.000000000,9.800000000,0.968426794,0.000000000,0.000000000,0.249298103
4.808332564,0.000000000,0.000000000,0.269465957,-0.000000000,0.000000000,9.800000000,0.968286689,0.000000000,0.000000000,0.249841726
4.812499230,0.000000000,0.000000000,0.254157234,0.000000000,-0.000000000,9.800000000,0.968154263,0.000000000,0.000000000,0.250354393
4.816665896,0.000000000,0.000000000,0.254157234,0.000000000,0.000000000,9.800000000,0.968021567,0.000000000,0.000000000,0.250866990
4.820832562,0.000000000,0.000000000,0.254157234,0.000000000,0.000000000,9.800000000,0.967888598,0.000000000,0.000000000,0.251379516
4.829165894,0.000000000,0.000000000,0.238750529,0.000000000,0.000000000,9.800000000,0.967638049,0.000000000,0.000000000,0.252342242
4.833332560,0.000000000,0.000000000,0.238750529,0.000000000,0.000000000,9.800000000,0.967512415,0.000000000,0.000000000,0.252823511
4.837499226,0.000000000,0.000000000,0.223251781,0.000000000,-0.000000000,9.800000000,0.967394720,0.000000000,0.000000000,0.253273481
4.841665892,0.000000000,0.000000000,0.223251781,0.000000000,-0.000000000,9.800000000,0.967276816,0.000000000,0.000000000,0.253723396
4.845832558,0.000000000,0.000000000,0.223251781,0.000000000,-0.000000000,9.800000000,0.967158702,0.000000000,0.000000000,0.254173257
4.854165890,0.000000000,0.000000000,0.192002091,-0.000000000,0.000000000,9.800000000,0.966946731,0.000000000,0.000000000,0.254978467
4.858332556,0.000000000,0.000000000,0.192002091,-0.000000000,-0.000000000,9.800000000,0.966844661,0.000000000,0.000000000,0.255365230
4.862499222,0.000000000,0.000000000,0.192002091,-0.000000000,0.000000000,9.800000000,0.966742437,0.000000000,0.000000000,0.255751951
4.866665888,0.000000000,0.000000000,0.192002091,-0.000000000,0.000000000,9.800000000,0.966640058,0.000000000,0.000000000,0.256138632
4.870832554,0.000000000,0.000000000,0.192002091,-0.000000000,-0.000000000,9.800000000,0.966537524,0.000000000,0.000000000,0.256525272
4.879165886,0.000000000,0.000000000,0.176263195,-0.000000000,-0.000000000,9.800000000,0.966340428,0.000000000,0.000000000,0.257266743
4.883332552,0.000000000,0.000000000,0.160456347,0.000000000,0.000000000,9.800000000,0.966254374,0.000000000,0.000000000,0.257589760
4.887499218,0.000000000,0.000000000,0.160456347,0.000000000,0.000000000,9.800000000,0.966168212,0.000000000,0.000000000,0.257912749
4.891665884,0.000000000,0.000000000,0.160456347,0.000000000,0.000000000,9.800000000,0.966081942,0.000000000,0.000000000,0.258235710
4.895832550,0.000000000,0.000000000,0.144587639,-0.000000000,0.000000000,9.800000000,0.966004111,0.000000000,0.000000000,0.258526705
4.904165882,0.000000000,0.000000000,0.144587639,-0.000000000,0.000000000,9.800000000,0.965848187,0.000000000,0.000000000,0.259108626
4.908332548,0.000000000,0.000000000,0.128663191,-0.000000000,0.000000000,9.800000000,0.965778699,0.000000000,0.000000000,0.259367510
4.912499214,0.000000000,0.000000000,0.128663191,-0.000000000,0.000000000,9.800000000,0.965709141,0.000000000,0.000000000,0.259626376
4.916665880,0.000000000,0.000000000,0.128663191,-0.000000000,-0.000000000,9.800000000,0.965639514,0.000000000,0.000000000,0.259885224
4.920832546,0.000000000,0.000000000,0.112689140,0.000000000,0.000000000,9.800000000,0.965578474,0.000000000,0.000000000,0.260111919
4.929165878,0.000000000,0.000000000,0.096671646,-0.000000000,0.000000000,9.800000000,0.965464930,0.000000000,0.000000000,0.260533049
4.933332544,0.000000000,0.000000000,0.096671646,-0.000000000,0.000000000,9.800000000,0.965412439,0.000000000,0.000000000,0.260727487
4.937499210,0.000000000,0.000000000,0.096671646,-0.000000000,0.000000000,9.800000000,0.965359909,0.000000000,0.000000000,0.260921915
4.941665876,0.000000000,0.000000000,0.096671646,-0.000000000,0.000000000,9.800000000,0.965307340,0.000000000,0.000000000,0.261116333
4.945832542,0.000000000,0.000000000,0.080616882,0.000000000,0.000000000,9.800000000,0.965263471,0.000000000,0.000000000,0.261278454
4.954165874,0.000000000,0.000000000,0.080616882,0.000000000,-0.000000000,9.800000000,0.965175653,0.000000000,0.000000000,0.261602675
4.958332540,0.000000000,0.000000000,0.064531040,0.000000000,-0.000000000,9.800000000,0.965140474,0.000000000,0.000000000,0.261732431
4.962499206,0.000000000,0.000000000,0.064531040,-0.000000000,-0.000000000,9.800000000,0.965105278,0.000000000,0.000000000,0.261862181
4.966665872,0.000000000,0.000000000,0.064531040,-0.000000000,-0.000000000,9.800000000,0.965070065,0.000000000,0.000000000,0.261991927
4.970832538,0.000000000,0.000000000,0.064531040,0.000000000,-0.000000000,9.800000000,0.965034834,0.000000000,0.000000000,0.262121669
4.979165870,0.000000000,0.000000000,0.048420319,-0.000000000,0.000000000,9.800000000,0.964981931,0.000000000,0.000000000,0.262316360
4.983332536,0.000000000,0.000000000,0.032290932,-0.000000000,0.000000000,9.800000000,0.964964282,0.000000000,0.000000000,0.262381277
4.987499202,0.000000000,0.000000000,0.032290932,-0.000000000,0.000000000,9.800000000,0.964946629,0.000000000,0.000000000,0.262446192
4.991665868,0.000000000,0.000000000,0.032290932,-0.000000000,-0.000000000,9.800000000,0.964928971,0.000000000,0.000000000,0.262511106
4.995832534,0.000000000,0.000000000,0.016149096,-0.000000000,0.000000000,9.800000000,0.964920139,0.000000000,0.000000000,0.262543570
5.004165866,0.000000000,0.000000000,0.016149096,-0.000000000,0.000000000,9.800000000,0.964902470,0.000000000,0.000000000,0.262608497
5.008332532,0.000000000,0.000000000,0.000001034,0.000000000,0.000000000,9.800000000,0.964902470,0.000000000,0.000000000,0.262608499
5.012499198,0.000000000,0.000000000,0.000001034,-0.000000000,0.000000000,9.800000000,0.964902469,0.000000000,0.000000000,0.262608501
5.016665864,0.000000000,0.000000000,0.000001034,-0.000000000,0.000000000,9.800000000,0.964902469,0.000000000,0.000000000,0.262608503
5.020832530,0.000000000,0.000000000,-0.016147029,0.000000000,0.000000000,9.800000000,0.964911302,0.000000000,0.000000000,0.262576044
5.029165862,0.000000000,0.000000000,-0.016147029,0.000000000,0.000000000,9.800000000,0.964928966,0.000000000,0.000000000,0.262511125
5.033332528,0.000000000,0.000000000,-0.032288866,0.000000000,0.000000000,9.800000000,0.964946623,0.000000000,0.000000000,0.262446215
5.037499194,0.000000000,0.000000000,-0.032288866,-0.000000000,0.000000000,9.800000000,0.964964275,0.000000000,0.000000000,0.262381304
5.041665860,0.000000000,0.000000000,-0.032288866,0.000000000,0.000000000,9.800000000,0.964981922,0.000000000,0.000000000,0.262316392
5.045832526,0.000000000,0.000000000,-0.048418256,0.000000000,0.000000000,9.800000000,0.965008378,0.000000000,0.000000000,0.262219051
5.054165858,0.000000000,0.000000000,-0.048418256,0.000000000,0.000000000,9.800000000,0.965061259,0.000000000,0.000000000,0.262024362
5.058332524,0.000000000,0.000000000,-0.064528979,0.000000000,0.000000000,9.800000000,0.965096476,0.000000000,0.000000000,0.261894622
5.062499190,0.000000000,0.000000000,-0.064528979,0.000000000,0.000000000,9.800000000,0.965131675,0.000000000,0.000000000,0.261764876
5.066665856,0.000000000,0.000000000,-0.064528979,0.000000000,0.000000000,9.800000000,0.965166856,0.000000000,0.000000000,0.261635126
5.070832522,0.000000000,0.000000000,-0.064528979,0.000000000,-0.000000000,9.800000000,0.965202021,0.000000000,0.000000000,0.261505371
5.079165854,0.000000000,0.000000000,-0.080614825,0.000000000,0.000000000,9.800000000,0.965289805,0.000000000,0.000000000,0.261181150
5.083332520,0.000000000,0.000000000,-0.096669593,0.000000000,0.000000000,9.800000000,0.965342386,0.000000000,0.000000000,0.260986740
5.087499186,0.000000000,0.000000000,-0.096669593,0.000000000,0.000000000,9.800000000,0.965394927,0.000000000,0.000000000,0.260792320
5.091665852,0.000000000,0.000000000,-0.096669593,-0.000000000,0.000000000,9.800000000,0.965447430,0.000000000,0.000000000,0.260597889
5.095832518,0.000000000,0.000000000,-0.096669593,0.000000000,0.000000000,9.800000000,0.965499894,0.000000000,0.000000000,0.260403447
5.104165850,0.000000000,0.000000000,-0.112687092,-0.000000000,0.000000000,9.800000000,0.965622054,0.000000000,0.000000000,0.259950088
5.108332516,0.000000000,0.000000000,-0.128661149,-0.000000000,-0.000000000,9.800000000,0.965691698,0.000000000,0.000000000,0.259691249
5.112499182,0.000000000,0.000000000,-0.128661149,-0.000000000,0.000000000,9.800000000,0.965761272,0.000000000,0.000000000,0.259432392
5.116665848,0.000000000,0.000000000,-0.128661149,-0.000000000,-0.000000000,9.800000000,0.965830776,0.000000000,0.000000000,0.259173516
5.120832514,0.000000000,0.000000000,-0.128661149,-0.000000000,-0.000000000,9.800000000,0.965900212,0.000000000,0.000000000,0.258914622
5.129165846,0.000000000,0.000000000,-0.144585605,0.000000000,0.000000000,9.800000000,0.966056017,0.000000000,0.000000000,0.258332678
5.133332512,0.000000000,0.000000000,-0.144585605,0.000000000,0.000000000,9.800000000,0.966133788,0.000000000,0.000000000,0.258041671
5.137499178,0.000000000,0.000000000,-0.144585605,-0.000000000,-0.000000000,9.800000000,0.966211471,0.000000000,0.000000000,0.257750640
5.141665844,0.000000000,0.000000000,-0.160454319,0.000000000,0.000000000,9.800000000,0.966297578,0.000000000,0.000000000,0.257427641
5.145832510,0.000000000,0.000000000,-0.160454319,0.000000000,0.000000000,9.800000000,0.966383577,0.000000000,0.000000000,0.257104613
5.154165842,0.000000000,0.000000000,-0.176261176,0.000000000,-0.000000000,9.800000000,0.966572140,0.000000000,0.000000000,0.256394811
5.158332508,0.000000000,0.000000000,-0.192000081,0.000000000,0.000000000,9.800000000,0.966674620,0.000000000,0.000000000,0.256008161
5.162499174,0.000000000,0.000000000,-0.192000081,-0.000000000,0.000000000,9.800000000,0.966776946,0.000000000,0.000000000,0.255621471
5.166665840,0.000000000,0.000000000,-0.192000081,-0.000000000,0.000000000,9.800000000,0.966879117,0.000000000,0.000000000,0.255234739
5.170832506,0.000000000,0.000000000,-0.207664966,0.000000000,-0.000000000,9.800000000,0.966989451,0.000000000,0.000000000,0.254816409
5.179165838,0.000000000,0.000000000,-0.207664966,0.000000000,-0.000000000,9.800000000,0.967209574,0.000000000,0.000000000,0.253979606
5.183332504,0.000000000,0.000000000,-0.223249792,0.000000000,0.000000000,9.800000000,0.967327596,0.000000000,0.000000000,0.253529726
5.187499170,0.000000000,0.000000000,-0.223249792,0.000000000,0.000000000,9.800000000,0.967445409,0.000000000,0.000000000,0.253079791
5.191665836,0.000000000,0.000000000,-0.223249792,0.000000000,0.000000000,9.800000000,0.967563013,0.000000000,0.000000000,0.252629801
5.195832502,0.000000000,0.000000000,-0.223249792,0.000000000,-0.000000000,9.800000000,0.967680407,0.000000000,0.000000000,0.252179757
5.204165834,0.000000000,0.000000000,-0.238748551,0.000000000,0.000000000,9.800000000,0.967922681,0.000000000,0.000000000,0.251248251
5.208332500,0.000000000,0.000000000,-0.254155268,0.000000000,-0.000000000,9.800000000,0.968055579,0.000000000,0.000000000,0.250735711
5.212499166,0.000000000,0.000000000,-0.254155268,0.000000000,-0.000000000,9.800000000,0.968188205,0.000000000,0.000000000,0.250223100
5.216665832,0.000000000,0.000000000,-0.269464004,0.000000000,0.000000000,9.800000000,0.968328524,0.000000000,0.000000000,0.249679536
5.220832498,0.000000000,0.000000000,-0.269464004,0.000000000,0.000000000,9.800000000,0.968468537,0.000000000,0.000000000,0.249135893
5.229165830,0.000000000,0.000000000,-0.269464004,0.000000000,0.000000000,9.800000000,0.968747648,0.000000000,0.000000000,0.248048372
5.233332496,0.000000000,0.000000000,-0.269464004,0.000000000,0.000000000,9.800000000,0.968886745,0.000000000,0.000000000,0.247504494
5.237499162,0.000000000,0.000000000,-0.269464004,0.000000000,0.000000000,9.800000000,0.969025538,0.000000000,0.000000000,0.246960538
5.241665828,0.000000000,0.000000000,-0.284668856,-0.000000000,-0.000000000,9.800000000,0.969171830,0.000000000,0.000000000,0.246385805
5.245832494,0.000000000,0.000000000,-0.299763963,0.000000000,0.000000000,9.800000000,0.969325510,0.000000000,0.000000000,0.245780501
5.254165826,0.000000000,0.000000000,-0.299763963,-0.000000000,-0.000000000,9.800000000,0.969631738,0.000000000,0.000000000,0.244569606
5.258332492,0.000000000,0.000000000,-0.314743505,-0.000000000,0.000000000,9.800000000,0.969791898,0.000000000,0.000000000,0.243933751
5.262499158,0.000000000,0.000000000,-0.314743505,0.000000000,0.000000000,9.800000000,0.969951640,0.000000000,0.000000000,0.243297791
5.266665824,0.000000000,0.000000000,-0.314743505,-0.000000000,0.000000000,9.800000000,0.970110966,0.000000000,0.000000000,0.242661727
5.270832490,0.000000000,0.000000000,-0.314743505,0.000000000,0.000000000,9.800000000,0.970269875,0.000000000,0.000000000,0.242025558
5.279165822,0.000000000,0.000000000,-0.329601707,0.000000000,-0.000000000,9.800000000,0.970593892,0.000000000,0.000000000,0.240722864
5.283332488,0.000000000,0.000000000,-0.344332842,0.000000000,0.000000000,9.800000000,0.970766327,0.000000000,0.000000000,0.240026536
5.287499154,0.000000000,0.000000000,-0.344332842,0.000000000,0.000000000,9.800000000,0.970938263,0.000000000,0.000000000,0.239330086
5.291665820,0.000000000,0.000000000,-0.344332842,-0.000000000,0.000000000,9.800000000,0.971109699,0.000000000,0.000000000,0.238633512
5.295832486,0.000000000,0.000000000,-0.344332842,-0.000000000,0.000000000,9.800000000,0.971280635,0.000000000,0.000000000,0.237936816
5.304165818,0.000000000,0.000000000,-0.358931230,0.000000000,0.000000000,9.800000000,0.971635394,0.000000000,0.000000000,0.236483955
5.308332484,0.000000000,0.000000000,-0.373391243,0.000000000,0.000000000,9.800000000,0.971819061,0.000000000,0.000000000,0.235728050
5.312499150,0.000000000,0.000000000,-0.373391243,0.000000000,0.000000000,9.800000000,0.972002139,0.000000000,0.000000000,0.234972002
5.316665816,0.000000000,0.000000000,-0.373391243,0.000000000,-0.000000000,9.800000000,0.972184629,0.000000000,0.000000000,0.234215812
5.320832482,0.000000000,0.000000000,-0.387707307,0.000000000,0.000000000,9.800000000,0.972373494,0.000000000,0.000000000,0.233430480
5.329165814,0.000000000,0.000000000,-0.387707307,0.000000000,-0.000000000,9.800000000,0.972749319,0.000000000,0.000000000,0.231859358
5.333332480,0.000000000,0.000000000,-0.387707307,0.000000000,0.000000000,9.800000000,0.972936280,0.000000000,0.000000000,0.231073570
5.337499146,0.000000000,0.000000000,-0.387707307,-0.000000000,-0.000000000,9.800000000,0.973122606,0.000000000,0.000000000,0.230287631
5.341665812,0.000000000,0.000000000,-0.387707307,-0.000000000,-0.000000000,9.800000000,0.973308298,0.000000000,0.000000000,0.229501542
5.345832478,0.000000000,0.000000000,-0.415885568,0.000000000,-0.000000000,9.800000000,0.973506779,0.000000000,0.000000000,0.228658155
5.354165810,0.000000000,0.000000000,-0.415885568,-0.000000000,-0.000000000,9.800000000,0.973901549,0.000000000,0.000000000,0.226970865
5.358332476,0.000000000,0.000000000,-0.429736902,0.000000000,0.000000000,9.800000000,0.974104362,0.000000000,0.000000000,0.226098854
5.362499142,0.000000000,0.000000000,-0.429736902,0.000000000,-0.000000000,9.800000000,0.974306394,0.000000000,0.000000000,0.225226663
5.366665808,0.000000000,0.000000000,-0.429736902,0.000000000,0.000000000,9.800000000,0.974507646,0.000000000,0.000000000,0.224354291
5.370832474,0.000000000,0.000000000,-0.443422563,0.000000000,0.000000000,9.800000000,0.974714488,0.000000000,0.000000000,0.223453948
5.379165806,0.000000000,0.000000000,-0.443422563,0.000000000,0.000000000,9.800000000,0.975125676,0.000000000,0.000000000,0.221652691
5.383332472,0.000000000,0.000000000,-0.443422563,0.000000000,0.000000000,9.800000000,0.975330022,0.000000000,0.000000000,0.220751779
5.387499138,0.000000000,0.000000000,-0.443422563,0.000000000,0.000000000,9.800000000,0.975533536,0.000000000,0.000000000,0.219850678
5.391665804,0.000000000,0.000000000,-0.456937278,0.000000000,-0.000000000,9.800000000,0.975742381,0.000000000,0.000000000,0.218921917
5.395832470,0.000000000,0.000000000,-0.470275834,0.000000000,0.000000000,9.800000000,0.975956400,0.000000000,0.000000000,0.217965837
5.404165802,0.000000000,0.000000000,-0.470275834,0.000000000,0.000000000,9.800000000,0.976381626,0.000000000,0.000000000,0.216053050
5.408332468,0.000000000,0.000000000,-0.483433090,0.000000000,0.000000000,9.800000000,0.976598729,0.000000000,0.000000000,0.215069576
5.412499134,0.000000000,0.000000000,-0.483433090,0.000000000,0.000000000,9.800000000,0.976814841,0.000000000,0.000000000,0.214085884
5.416665800,0.000000000,0.000000000,-0.483433090,0.000000000,0.000000000,9.800000000,0.977029963,0.000000000,0.000000000,0.213101974
5.420832466,0.000000000,0.000000000,-0.496403973,-0.000000000,-0.000000000,9.800000000,0.977249825,0.000000000,0.000000000,0.212091441
5.429165798,0.000000000,0.000000000,-0.496403973,-0.000000000,-0.000000000,9.800000000,0.977686414,0.000000000,0.000000000,0.210069694
5.433332464,0.000000000,0.000000000,-0.509183483,-0.000000000,-0.000000000,9.800000000,0.977908705,0.000000000,0.000000000,0.209032448
5.437499130,0.000000000,0.000000000,-0.509183483,-0.000000000,-0.000000000,9.800000000,0.978129896,0.000000000,0.000000000,0.207994966
5.441665796,0.000000000,0.000000000,-0.509183483,-0.000000000,-0.000000000,9.800000000,0.978349987,0.000000000,0.000000000,0.206957250
5.445832462,0.000000000,0.000000000,-0.521766694,0.000000000,0.000000000,9.800000000,0.978574374,0.000000000,0.000000000,0.205893648
5.454165794,0.000000000,0.000000000,-0.521766694,0.000000000,-0.000000000,9.800000000,0.979019680,0.000000000,0.000000000,0.203765716
5.458332460,0.000000000,0.000000000,-0.521766694,0.000000000,-0.000000000,9.800000000,0.979240597,0.000000000,0.000000000,0.202701388
5.462499126,0.000000000,0.000000000,-0.521766694,0.000000000,0.000000000,9.800000000,0.979460358,0.000000000,0.000000000,0.201636820
5.466665792,0.000000000,0.000000000,-0.534148753,0.000000000,-0.000000000,9.800000000,0.979684135,0.000000000,0.000000000,0.200546742
5.470832458,0.000000000,0.000000000,-0.546324888,0.000000000,0.000000000,9.800000000,0.979911758,0.000000000,0.000000000,0.199431559
5.479165790,0.000000000,0.000000000,-0.546324888,0.000000000,0.000000000,9.800000000,0.980363195,0.000000000,0.000000000,0.197200419
5.483332456,0.000000000,0.000000000,-0.558290404,-0.000000000,0.000000000,9.800000000,0.980591897,0.000000000,0.000000000,0.196060021
5.487499122,0.000000000,0.000000000,-0.558290404,-0.000000000,0.000000000,9.800000000,0.980819272,0.000000000,0.000000000,0.194919357
5.491665788,0.000000000,0.000000000,-0.558290404,0.000000000,0.000000000,9.800000000,0.981045320,0.000000000,0.000000000,0.193778430
5.495832454,0.000000000,0.000000000,-0.570040689,0.000000000,0.000000000,9.800000000,0.981274757,0.000000000,0.000000000,0.192613219
5.504165786,0.000000000,0.000000000,-0.570040689,0.000000000,0.000000000,9.800000000,0.981729477,0.000000000,0.000000000,0.190281985
5.508332452,0.000000000,0.000000000,-0.581571213,-0.000000000,-0.000000000,9.800000000,0.981959303,0.000000000,0.000000000,0.189092375
5.512499118,0.000000000,0.000000000,-0.581571213,0.000000000,0.000000000,9.800000000,0.982187688,0.000000000,0.000000000,0.187902489
5.516665784,0.000000000,0.000000000,-0.581571213,0.000000000,-0.000000000,9.800000000,0.982414631,0.000000000,0.000000000,0.186712326
5.520832450,0.000000000,0.000000000,-0.592877529,-0.000000000,-0.000000000,9.800000000,0.982644501,0.000000000,0.000000000,0.185498743
5.529165782,0.000000000,0.000000000,-0.592877529,-0.000000000,0.000000000,9.800000000,0.983099744,0.000000000,0.000000000,0.183070731
5.533332448,0.000000000,0.000000000,-0.603955281,-0.000000000,0.000000000,9.800000000,0.983329313,0.000000000,0.000000000,0.181833611
5.537499114,0.000000000,0.000000000,-0.603955281,0.000000000,0.000000000,9.800000000,0.983557325,0.000000000,0.000000000,0.180596203
5.541665780,0.000000000,0.000000000,-0.603955281,0.000000000,0.000000000,9.800000000,0.983783780,0.000000000,0.000000000,0.179358509
5.545832446,0.000000000,0.000000000,-0.614800196,0.000000000,0.000000000,9.800000000,0.984012701,0.000000000,0.000000000,0.178098299
5.554165778,0.000000000,0.000000000,-0.614800196,0.000000000,0.000000000,9.800000000,0.984465700,0.000000000,0.000000000,0.175577005
5.558332444,0.000000000,0.000000000,-0.614800196,0.000000000,0.000000000,9.800000000,0.984689778,0.000000000,0.000000000,0.174315924
5.562499110,0.000000000,0.000000000,-0.614800196,0.000000000,0.000000000,9.800000000,0.984912240,0.000000000,0.000000000,0.173054558
5.566665776,0.000000000,0.000000000,-0.625408094,0.000000000,0.000000000,9.800000000,0.985136882,0.000000000,0.000000000,0.171771136
5.570832442,0.000000000,0.000000000,-0.635774885,-0.000000000,0.000000000,9.800000000,0.985363534,0.000000000,0.000000000,0.170466142
5.579165774,0.000000000,0.000000000,-0.635774885,-0.000000000,0.000000000,9.800000000,0.985811652,0.000000000,0.000000000,0.167855258
5.583332440,0.000000000,0.000000000,-0.645896573,-0.000000000,0.000000000,9.800000000,0.986036628,0.000000000,0.000000000,0.166528581
5.587499106,0.000000000,0.000000000,-0.645896573,-0.000000000,-0.000000000,9.800000000,0.986259819,0.000000000,0.000000000,0.165201603
5.591665772,0.000000000,0.000000000,-0.645896573,-0.000000000,0.000000000,9.800000000,0.986481224,0.000000000,0.000000000,0.163874325
5.595832438,0.000000000,0.000000000,-0.645896573,-0.000000000,0.000000000,9.800000000,0.986700843,0.000000000,0.000000000,0.162546750
5.604165770,0.000000000,0.000000000,-0.655769256,-0.000000000,0.000000000,9.800000000,0.987141297,0.000000000,0.000000000,0.159850114
5.608332436,0.000000000,0.000000000,-0.665389127,0.000000000,-0.000000000,9.800000000,0.987361938,0.000000000,0.000000000,0.158481558
5.612499102,0.000000000,0.000000000,-0.665389127,0.000000000,-0.000000000,9.800000000,0.987580680,0.000000000,0.000000000,0.157112699
5.616665768,0.000000000,0.000000000,-0.665389127,0.000000000,-0.000000000,9.800000000,0.987797525,0.000000000,0.000000000,0.155743537
5.620832434,0.000000000,0.000000000,-0.674752478,-0.000000000,-0.000000000,9.800000000,0.988015483,0.000000000,0.000000000,0.154354803
5.629165766,0.000000000,0.000000000,-0.674752478,-0.000000000,0.000000000,9.800000000,0.988445541,0.000000000,0.000000000,0.151576422
5.633332432,0.000000000,0.000000000,-0.674752478,-0.000000000,0.000000000,9.800000000,0.988657641,0.000000000,0.000000000,0.150186782
5.637499098,0.000000000,0.000000000,-0.683855699,-0.000000000,0.000000000,9.800000000,0.988870608,0.000000000,0.000000000,0.148778090
5.641665764,0.000000000,0.000000000,-0.683855699,-0.000000000,0.000000000,9.800000000,0.989081569,0.000000000,0.000000000,0.147369096
5.645832430,0.000000000,0.000000000,-0.692695281,-0.000000000,0.000000000,9.800000000,0.989293209,0.000000000,0.000000000,0.145941585
5.654165762,0.000000000,0.000000000,-0.692695281,0.000000000,0.000000000,9.800000000,0.989710309,0.000000000,0.000000000,0.143085653
5.658332428,0.000000000,0.000000000,-0.692695281,-0.000000000,0.000000000,9.800000000,0.989915767,0.000000000,0.000000000,0.141657239
5.662499094,0.000000000,0.000000000,-0.692695281,-0.000000000,0.000000000,9.800000000,0.990119164,0.000000000,0.000000000,0.140228530
5.666665760,0.000000000,0.000000000,-0.692695281,-0.000000000,0.000000000,9.800000000,0.990320499,0.000000000,0.000000000,0.138799529
5.670832426,0.000000000,0.000000000,-0.709569999,0.000000000,0.000000000,9.800000000,0.990524600,0.000000000,0.000000000,0.137335416
5.679165758,0.000000000,0.000000000,-0.709569999,-0.000000000,0.000000000,9.800000000,0.990926308,0.000000000,0.000000000,0.134406293
5.683332424,0.000000000,0.000000000,-0.717598629,0.000000000,0.000000000,9.800000000,0.991126138,0.000000000,0.000000000,0.132924712
5.687499090,0.000000000,0.000000000,-0.717598629,0.000000000,-0.000000000,9.800000000,0.991323752,0.000000000,0.000000000,0.131442833
5.691665756,0.000000000,0.000000000,-0.717598629,0.000000000,-0.000000000,9.800000000,0.991519151,0.000000000,0.000000000,0.129960661
5.695832422,0.000000000,0.000000000,-0.717598629,0.000000000,-0.000000000,9.800000000,0.991712334,0.000000000,0.000000000,0.128478198
5.704165754,0.000000000,0.000000000,-0.725350612,0.000000000,0.000000000,9.800000000,0.992094076,0.000000000,0.000000000,0.125496392
5.708332420,0.000000000,0.000000000,-0.725350612,0.000000000,-0.000000000,9.800000000,0.992282587,0.000000000,0.000000000,0.123997050
5.712499086,0.000000000,0.000000000,-0.732822958,0.000000000,0.000000000,9.800000000,0.992470738,0.000000000,0.000000000,0.122481974
5.716665752,0.000000000,0.000000000,-0.732822958,0.000000000,0.000000000,9.800000000,0.992656576,0.000000000,0.000000000,0.120966612
5.720832418,0.000000000,0.000000000,-0.740012787,0.000000000,-0.000000000,9.800000000,0.992841890,0.000000000,0.000000000,0.119436098
5.729165750,0.000000000,0.000000000,-0.740012787,0.000000000,-0.000000000,9.800000000,0.993205437,0.000000000,0.000000000,0.116374220
5.733332416,0.000000000,0.000000000,-0.740012787,0.000000000,-0.000000000,9.800000000,0.993383670,0.000000000,0.000000000,0.114842864
5.737499082,0.000000000,0.000000000,-0.746917327,-0.000000000,-0.000000000,9.800000000,0.993561172,0.000000000,0.000000000,0.113296944
5.741665748,0.000000000,0.000000000,-0.746917327,-0.000000000,-0.000000000,9.800000000,0.993736268,0.000000000,0.000000000,0.111750749
5.745832414,0.000000000,0.000000000,-0.746917327,-0.000000000,-0.000000000,9.800000000,0.993908958,0.000000000,0.000000000,0.110204284
5.754165746,0.000000000,0.000000000,-0.753533916,0.000000000,-0.000000000,9.800000000,0.994250069,0.000000000,0.000000000,0.107083146
5.758332412,0.000000000,0.000000000,-0.753533916,0.000000000,0.000000000,9.800000000,0.994416950,0.000000000,0.000000000,0.105522179
5.762499078,0.000000000,0.000000000,-0.753533916,0.000000000,0.000000000,9.800000000,0.994581380,0.000000000,0.000000000,0.103960952
5.766665744,0.000000000,0.000000000,-0.753533916,0.000000000,-0.000000000,9.800000000,0.994743358,0.000000000,0.000000000,0.102399469
5.770832410,0.000000000,0.000000000,-0.753533916,0.000000000,0.000000000,9.800000000,0.994902885,0.000000000,0.000000000,0.100837733
5.779165742,0.000000000,0.000000000,-0.765893151,0.000000000,0.000000000,9.800000000,0.995219614,0.000000000,0.000000000,0.097662270
5.783332408,0.000000000,0.000000000,-0.765893151,0.000000000,0.000000000,9.800000000,0.995374178,0.000000000,0.000000000,0.096074164
5.787499074,0.000000000,0.000000000,-0.771631032,0.000000000,0.000000000,9.800000000,0.995527338,0.000000000,0.000000000,0.094473912
5.791665740,0.000000000,0.000000000,-0.771631032,0.000000000,0.000000000,9.800000000,0.995677924,0.000000000,0.000000000,0.092873417
5.795832406,0.000000000,0.000000000,-0.771631032,0.000000000,0.000000000,9.800000000,0.995825937,0.000000000,0.000000000,0.091272681
5.804165738,0.000000000,0.000000000,-0.777071434,-0.000000000,0.000000000,9.800000000,0.996116240,0.000000000,0.000000000,0.088047926
5.808332404,0.000000000,0.000000000,-0.782212261,-0.000000000,-0.000000000,9.800000000,0.996258401,0.000000000,0.000000000,0.086424530
5.812499070,0.000000000,0.000000000,-0.782212261,0.000000000,-0.000000000,9.800000000,0.996397916,0.000000000,0.000000000,0.084800905
5.816665736,0.000000000,0.000000000,-0.782212261,0.000000000,-0.000000000,9.800000000,0.996534785,0.000000000,0.000000000,0.083177054
5.820832402,0.000000000,0.000000000,-0.787051530,-0.000000000,0.000000000,9.800000000,0.996669830,0.000000000,0.000000000,0.081542935
5.829165734,0.000000000,0.000000000,-0.787051530,-0.000000000,0.000000000,9.800000000,0.996931880,0.000000000,0.000000000,0.078274042
5.833332400,0.000000000,0.000000000,-0.787051530,0.000000000,0.000000000,9.800000000,0.997058885,0.000000000,0.000000000,0.076639278
5.837499066,0.000000000,0.000000000,-0.791587376,-0.000000000,0.000000000,9.800000000,0.997183918,0.000000000,0.000000000,0.074994885
5.841665732,0.000000000,0.000000000,-0.791587376,0.000000000,0.000000000,9.800000000,0.997306239,0.000000000,0.000000000,0.073350287
5.845832398,0.000000000,0.000000000,-0.795818050,-0.000000000,0.000000000,9.800000000,0.997426480,0.000000000,0.000000000,0.071696700
5.854165730,0.000000000,0.000000000,-0.795818050,-0.000000000,0.000000000,9.800000000,0.997658736,0.000000000,0.000000000,0.068388937
5.858332396,0.000000000,0.000000000,-0.799741922,0.000000000,-0.000000000,9.800000000,0.997771296,0.000000000,0.000000000,0.066726615
5.862499062,0.000000000,0.000000000,-0.799741922,0.000000000,-0.000000000,9.800000000,0.997881086,0.000000000,0.000000000,0.065064108
5.866665728,0.000000000,0.000000000,-0.799741922,0.000000000,0.000000000,9.800000000,0.997988106,0.000000000,0.000000000,0.063401420
5.870832394,0.000000000,0.000000000,-0.803357477,0.000000000,0.000000000,9.800000000,0.998092821,0.000000000,0.000000000,0.061731038
5.879165726,0.000000000,0.000000000,-0.803357477,-0.000000000,-0.000000000,9.800000000,0.998293863,0.000000000,0.000000000,0.058389760
5.883332392,0.000000000,0.000000000,-0.806663323,-0.000000000,-0.000000000,9.800000000,0.998390580,0.000000000,0.000000000,0.056711997
5.887499058,0.000000000,0.000000000,-0.806663323,-0.000000000,-0.000000000,9.800000000,0.998484477,0.000000000,0.000000000,0.055034074
5.891665724,0.000000000,0.000000000,-0.806663323,0.000000000,-0.000000000,9.800000000,0.998575554,0.000000000,0.000000000,0.053355996
5.895832390,0.000000000,0.000000000,-0.806663323,-0.000000000,-0.000000000,9.800000000,0.998663812,0.000000000,0.000000000,0.051677767
5.904165722,0.000000000,0.000000000,-0.809658185,-0.000000000,-0.000000000,9.800000000,0.998832467,0.000000000,0.000000000,0.048308412
5.908332388,0.000000000,0.000000000,-0.812340909,0.000000000,-0.000000000,9.800000000,0.998912793,0.000000000,0.000000000,0.046617943
5.912499054,0.000000000,0.000000000,-0.812340909,0.000000000,-0.000000000,9.800000000,0.998990257,0.000000000,0.000000000,0.044927340
5.916665720,0.000000000,0.000000000,-0.812340909,-0.000000000,-0.000000000,9.800000000,0.999064861,0.000000000,0.000000000,0.043236609
5.920832386,0.000000000,0.000000000,-0.812340909,-0.000000000,-0.000000000,9.800000000,0.999136602,0.000000000,0.000000000,0.041545754
5.929165718,0.000000000,0.000000000,-0.812340909,-0.000000000,-0.000000000,9.800000000,0.999271501,0.000000000,0.000000000,0.038163691
5.933332384,0.000000000,0.000000000,-0.814710459,0.000000000,0.000000000,9.800000000,0.999334837,0.000000000,0.000000000,0.036467560
5.937499050,0.000000000,0.000000000,-0.814710459,-0.000000000,0.000000000,9.800000000,0.999395295,0.000000000,0.000000000,0.034771324
5.941665716,0.000000000,0.000000000,-0.814710459,-0.000000000,0.000000000,9.800000000,0.999452873,0.000000000,0.000000000,0.033074988
5.945832382,0.000000000,0.000000000,-0.818506510,0.000000000,0.000000000,9.800000000,0.999507820,0.000000000,0.000000000,0.031370652
5.954165714,0.000000000,0.000000000,-0.818506510,0.000000000,0.000000000,9.800000000,0.999608995,0.000000000,0.000000000,0.027961712
5.958332380,0.000000000,0.000000000,-0.818506510,-0.000000000,0.000000000,9.800000000,0.999655222,0.000000000,0.000000000,0.026257117
5.962499046,0.000000000,0.000000000,-0.818506510,0.000000000,0.000000000,9.800000000,0.999698543,0.000000000,0.000000000,0.024552446
5.966665712,0.000000000,0.000000000,-0.819931546,0.000000000,0.000000000,9.800000000,0.999739025,0.000000000,0.000000000,0.022844736
5.970832378,0.000000000,0.000000000,-0.819931546,0.000000000,0.000000000,9.800000000,0.999776590,0.000000000,0.000000000,0.021136959
5.979165710,0.000000000,0.000000000,-0.821040482,0.000000000,0.000000000,9.800000000,0.999843049,0.000000000,0.000000000,0.017716604
5.983332376,0.000000000,0.000000000,-0.821832893,0.000000000,0.000000000,9.800000000,0.999871917,0.000000000,0.000000000,0.016004696
5.987499042,0.000000000,0.000000000,-0.821832893,0.000000000,0.000000000,9.800000000,0.999897854,0.000000000,0.000000000,0.014292741
5.991665708,0.000000000,0.000000000,-0.821832893,0.000000000,0.000000000,9.800000000,0.999920859,0.000000000,0.000000000,0.012580745
5.995832374,0.000000000,0.000000000,-0.821832893,0.000000000,0.000000000,9.800000000,0.999940934,0.000000000,0.000000000,0.010868711
6.004165706,0.000000000,0.000000000,-0.822308471,0.000000000,0.000000000,9.800000000,0.999972296,0.000000000,0.000000000,0.007443562
6.008332372,0.000000000,0.000000000,-0.822308471,-0.000000000,-0.000000000,9.800000000,0.999983581,0.000000000,0.000000000,0.005730457
6.012499038,0.000000000,0.000000000,-0.822467033,-0.000000000,-0.000000000,9.800000000,0.999991932,0.000000000,0.000000000,0.004017005
6.016665704,0.000000000,0.000000000,-0.822467033,-0.000000000,-0.000000000,9.800000000,0.999997347,0.000000000,0.000000000,0.002303541
6.020832370,0.000000000,0.000000000,-0.822467033,-0.000000000,0.000000000,9.800000000,0.999999826,0.000000000,0.000000000,0.000590070
6.029165702,0.000000000,0.000000000,-0.822308519,0.000000000,-0.000000000,9.800000000,0.999995977,0.000000000,0.000000000,-0.002836541
6.033332368,0.000000000,0.000000000,-0.822308519,0.000000000,0.000000000,9.800000000,0.999989650,0.000000000,0.000000000,-0.004549671
6.037499034,0.000000000,0.000000000,-0.822308519,0.000000000,0.000000000,9.800000000,0.999980389,0.000000000,0.000000000,-0.006262789
6.041665700,0.000000000,0.000000000,-0.821832990,0.000000000,-0.000000000,9.800000000,0.999968200,0.000000000,0.000000000,-0.007974897
6.045832366,0.000000000,0.000000000,-0.821832990,0.000000000,-0.000000000,9.800000000,0.999953080,0.000000000,0.000000000,-0.009686982
6.054165698,0.000000000,0.000000000,-0.821040628,0.000000000,0.000000000,9.800000000,0.999914090,0.000000000,0.000000000,-0.013107760
6.058332364,0.000000000,0.000000000,-0.821040628,-0.000000000,-0.000000000,9.800000000,0.999890206,0.000000000,0.000000000,-0.014818094
6.062499030,0.000000000,0.000000000,-0.819931740,0.000000000,0.000000000,9.800000000,0.999863435,0.000000000,0.000000000,-0.016526075
6.066665696,0.000000000,0.000000000,-0.818506753,-0.000000000,0.000000000,9.800000000,0.999833801,0.000000000,0.000000000,-0.018231039
6.070832362,0.000000000,0.000000000,-0.818506753,-0.000000000,0.000000000,9.800000000,0.999801259,0.000000000,0.000000000,-0.019935951
6.079165694,0.000000000,0.000000000,-0.818506753,-0.000000000,0.000000000,9.800000000,0.999727454,0.000000000,0.000000000,-0.023345595
6.083332360,0.000000000,0.000000000,-0.816766215,0.000000000,0.000000000,9.800000000,0.999686282,0.000000000,0.000000000,-0.025046692
6.087499026,0.000000000,0.000000000,-0.816766215,0.000000000,0.000000000,9.800000000,0.999642216,0.000000000,0.000000000,-0.026747717
6.091665692,0.000000000,0.000000000,-0.816766215,0.000000000,0.000000000,9.800000000,0.999595255,0.000000000,0.000000000,-0.028448665
6.095832358,0.000000000,0.000000000,-0.816766215,0.000000000,0.000000000,9.800000000,0.999545400,0.000000000,0.000000000,-0.030149530
6.104165690,0.000000000,0.000000000,-0.814710799,0.000000000,-0.000000000,9.800000000,0.999437151,0.000000000,0.000000000,-0.033546714
6.108332356,0.000000000,0.000000000,-0.814710799,0.000000000,-0.000000000,9.800000000,0.999378772,0.000000000,0.000000000,-0.035243024
6.112499022,0.000000000,0.000000000,-0.814710799,0.000000000,-0.000000000,9.800000000,0.999317514,0.000000000,0.000000000,-0.036939232
6.116665688,0.000000000,0.000000000,-0.812341297,0.000000000,-0.000000000,9.800000000,0.999253568,0.000000000,0.000000000,-0.038630400
6.120832354,0.000000000,0.000000000,-0.812341297,0.000000000,-0.000000000,9.800000000,0.999186759,0.000000000,0.000000000,-0.040321458
6.129165686,0.000000000,0.000000000,-0.812341297,-0.000000000,-0.000000000,9.800000000,0.999044558,0.000000000,0.000000000,-0.043703223
6.133332352,0.000000000,0.000000000,-0.812341297,-0.000000000,-0.000000000,9.800000000,0.998969165,0.000000000,0.000000000,-0.045393920
6.137499018,0.000000000,0.000000000,-0.806663807,0.000000000,0.000000000,9.800000000,0.998891467,0.000000000,0.000000000,-0.047072672
6.141665684,0.000000000,0.000000000,-0.806663807,0.000000000,0.000000000,9.800000000,0.998810949,0.000000000,0.000000000,-0.048751291
6.145832350,0.000000000,0.000000000,-0.803358009,0.000000000,0.000000000,9.800000000,0.998727957,0.000000000,0.000000000,-0.050422895
6.154165682,0.000000000,0.000000000,-0.803358009,-0.000000000,0.000000000,9.800000000,0.998553580,0.000000000,0.000000000,-0.053765672
6.158332348,0.000000000,0.000000000,-0.803358009,0.000000000,0.000000000,9.800000000,0.998462196,0.000000000,0.000000000,-0.055436838
6.162499014,0.000000000,0.000000000,-0.803358009,0.000000000,0.000000000,9.800000000,0.998368015,0.000000000,0.000000000,-0.057107848
6.166665680,0.000000000,0.000000000,-0.799742501,0.000000000,0.000000000,9.800000000,0.998271480,0.000000000,0.000000000,-0.058771179
6.170832346,0.000000000,0.000000000,-0.799742501,0.000000000,0.000000000,9.800000000,0.998172174,0.000000000,0.000000000,-0.060434346
6.179165678,0.000000000,0.000000000,-0.795818677,0.000000000,-0.000000000,9.800000000,0.997966292,0.000000000,0.000000000,-0.063743858
6.183332344,0.000000000,0.000000000,-0.791588050,-0.000000000,0.000000000,9.800000000,0.997859813,0.000000000,0.000000000,-0.065389558
6.187499010,0.000000000,0.000000000,-0.791588050,0.000000000,0.000000000,9.800000000,0.997750619,0.000000000,0.000000000,-0.067035080
6.191665676,0.000000000,0.000000000,-0.791588050,-0.000000000,0.000000000,9.800000000,0.997638712,0.000000000,0.000000000,-0.068680420
6.195832342,0.000000000,0.000000000,-0.787052250,0.000000000,0.000000000,9.800000000,0.997524756,0.000000000,0.000000000,-0.070316147
6.204165674,0.000000000,0.000000000,-0.787052250,0.000000000,0.000000000,9.800000000,0.997288799,0.000000000,0.000000000,-0.073587030
6.208332340,0.000000000,0.000000000,-0.782213028,0.000000000,0.000000000,9.800000000,0.997167557,0.000000000,0.000000000,-0.075212124
6.212499006,0.000000000,0.000000000,-0.782213028,0.000000000,0.000000000,9.800000000,0.997043666,0.000000000,0.000000000,-0.076837017
6.216665672,0.000000000,0.000000000,-0.782213028,0.000000000,0.000000000,9.800000000,0.996917128,0.000000000,0.000000000,-0.078461707
6.220832338,0.000000000,0.000000000,-0.782213028,0.000000000,-0.000000000,9.800000000,0.996787943,0.000000000,0.000000000,-0.080086189
6.229165670,0.000000000,0.000000000,-0.782213028,0.000000000,-0.000000000,9.800000000,0.996521630,0.000000000,0.000000000,-0.083334509
6.233332336,0.000000000,0.000000000,-0.777072247,-0.000000000,-0.000000000,9.800000000,0.996385414,0.000000000,0.000000000,-0.084947668
6.237499002,0.000000000,0.000000000,-0.771631890,-0.000000000,-0.000000000,9.800000000,0.996247568,0.000000000,0.000000000,-0.086549313
6.241665668,0.000000000,0.000000000,-0.771631890,0.000000000,-0.000000000,9.800000000,0.996107147,0.000000000,0.000000000,-0.088150735
6.245832334,0.000000000,0.000000000,-0.765894055,-0.000000000,-0.000000000,9.800000000,0.995965224,0.000000000,0.000000000,-0.089740023
6.254165666,0.000000000,0.000000000,-0.765894055,-0.000000000,-0.000000000,9.800000000,0.995673773,0.000000000,0.000000000,-0.092917909
6.258332332,0.000000000,0.000000000,-0.759860953,-0.000000000,-0.000000000,9.800000000,0.995525432,0.000000000,0.000000000,-0.094493987
6.262498998,0.000000000,0.000000000,-0.759860953,0.000000000,0.000000000,9.800000000,0.995374597,0.000000000,0.000000000,-0.096069828
6.266665664,0.000000000,0.000000000,-0.759860953,0.000000000,0.000000000,9.800000000,0.995221267,0.000000000,0.000000000,-0.097645428
6.270832330,0.000000000,0.000000000,-0.753534910,-0.000000000,-0.000000000,9.800000000,0.995066751,0.000000000,0.000000000,-0.099207669
6.279165662,0.000000000,0.000000000,-0.753534910,0.000000000,0.000000000,9.800000000,0.994750361,0.000000000,0.000000000,-0.102331414
6.283332328,0.000000000,0.000000000,-0.753534910,0.000000000,0.000000000,9.800000000,0.994588489,0.000000000,0.000000000,-0.103892911
6.287498994,0.000000000,0.000000000,-0.746918365,0.000000000,-0.000000000,9.800000000,0.994425620,0.000000000,0.000000000,-0.105440443
6.291665660,0.000000000,0.000000000,-0.746918365,-0.000000000,-0.000000000,9.800000000,0.994260342,0.000000000,0.000000000,-0.106987720
6.295832326,0.000000000,0.000000000,-0.740013869,0.000000000,0.000000000,9.800000000,0.994094218,0.000000000,0.000000000,-0.108520439
6.304165658,0.000000000,0.000000000,-0.740013869,0.000000000,0.000000000,9.800000000,0.993754882,0.000000000,0.000000000,-0.111585099
6.308332324,0.000000000,0.000000000,-0.732824084,0.000000000,0.000000000,9.800000000,0.993583365,0.000000000,0.000000000,-0.113102151
6.312498990,0.000000000,0.000000000,-0.732824084,-0.000000000,0.000000000,9.800000000,0.993409532,0.000000000,0.000000000,-0.114618938
6.316665656,0.000000000,0.000000000,-0.732824084,0.000000000,0.000000000,9.800000000,0.993233384,0.000000000,0.000000000,-0.116135459
6.320832322,0.000000000,0.000000000,-0.732824084,0.000000000,0.000000000,9.800000000,0.993054921,0.000000000,0.000000000,-0.117651709
6.329165654,0.000000000,0.000000000,-0.725351781,0.000000000,0.000000000,9.800000000,0.992692929,0.000000000,0.000000000,-0.120667929
6.333332320,0.000000000,0.000000000,-0.717599841,0.000000000,0.000000000,9.800000000,0.992511421,0.000000000,0.000000000,-0.122151869
6.337498986,0.000000000,0.000000000,-0.717599841,0.000000000,0.000000000,9.800000000,0.992327695,0.000000000,0.000000000,-0.123635536
6.341665652,0.000000000,0.000000000,-0.717599841,0.000000000,0.000000000,9.800000000,0.992141751,0.000000000,0.000000000,-0.125118927
6.345832318,0.000000000,0.000000000,-0.709571253,0.000000000,0.000000000,9.800000000,0.991955707,0.000000000,0.000000000,-0.126585446
6.354165650,0.000000000,0.000000000,-0.709571253,-0.000000000,0.000000000,9.800000000,0.991577116,0.000000000,0.000000000,-0.129517652
6.358332316,0.000000000,0.000000000,-0.709571253,0.000000000,0.000000000,9.800000000,0.991384571,0.000000000,0.000000000,-0.130983331
6.362498982,0.000000000,0.000000000,-0.701269112,0.000000000,0.000000000,9.800000000,0.991192149,0.000000000,0.000000000,-0.132431581
6.366665648,0.000000000,0.000000000,-0.701269112,0.000000000,0.000000000,9.800000000,0.990997612,0.000000000,0.000000000,-0.133879548
6.370832314,0.000000000,0.000000000,-0.692696619,-0.000000000,-0.000000000,9.800000000,0.990803376,0.000000000,0.000000000,-0.135309535
6.379165646,0.000000000,0.000000000,-0.692696619,-0.000000000,-0.000000000,9.800000000,0.990408714,0.000000000,0.000000000,-0.138168659
6.383332312,0.000000000,0.000000000,-0.692696619,-0.000000000,-0.000000000,9.800000000,0.990208290,0.000000000,0.000000000,-0.139597791
6.387498978,0.000000000,0.000000000,-0.692696619,-0.000000000,-0.000000000,9.800000000,0.990005803,0.000000000,0.000000000,-0.141026632
6.391665644,0.000000000,0.000000000,-0.692696619,-0.000000000,-0.000000000,9.800000000,0.989801254,0.000000000,0.000000000,-0.142455180
6.395832310,0.000000000,0.000000000,-0.692696619,-0.000000000,-0.000000000,9.800000000,0.989594643,0.000000000,0.000000000,-0.143883431
6.404165642,0.000000000,0.000000000,-0.674753896,-0.000000000,0.000000000,9.800000000,0.989180725,0.000000000,0.000000000,-0.146702054
6.408332308,0.000000000,0.000000000,-0.665390585,-0.000000000,-0.000000000,9.800000000,0.988976412,0.000000000,0.000000000,-0.148073145
6.412498974,0.000000000,0.000000000,-0.665390585,0.000000000,0.000000000,9.800000000,0.988770198,0.000000000,0.000000000,-0.149443951
6.416665640,0.000000000,0.000000000,-0.665390585,0.000000000,0.000000000,9.800000000,0.988562085,0.000000000,0.000000000,-0.150814471
6.420832306,0.000000000,0.000000000,-0.665390585,-0.000000000,-0.000000000,9.800000000,0.988352071,0.000000000,0.000000000,-0.152184700
6.429165638,0.000000000,0.000000000,-0.655770753,0.000000000,-0.000000000,9.800000000,0.987929452,0.000000000,0.000000000,-0.154904479
6.433332304,0.000000000,0.000000000,-0.645898109,0.000000000,0.000000000,9.800000000,0.987720115,0.000000000,0.000000000,-0.156233717
6.437498970,0.000000000,0.000000000,-0.645898109,0.000000000,0.000000000,9.800000000,0.987508990,0.000000000,0.000000000,-0.157562672
6.441665636,0.000000000,0.000000000,-0.645898109,0.000000000,0.000000000,9.800000000,0.987296076,0.000000000,0.000000000,-0.158891341
6.445832302,0.000000000,0.000000000,-0.635776459,0.000000000,0.000000000,9.800000000,0.987084753,0.000000000,0.000000000,-0.160198909
6.454165634,0.000000000,0.000000000,-0.635776459,0.000000000,0.000000000,9.800000000,0.986656912,0.000000000,0.000000000,-0.162813198
6.458332300,0.000000000,0.000000000,-0.635776459,0.000000000,0.000000000,9.800000000,0.986440395,0.000000000,0.000000000,-0.164119916
6.462498966,0.000000000,0.000000000,-0.625409705,0.000000000,-0.000000000,9.800000000,0.986225720,0.000000000,0.000000000,-0.165405046
6.466665632,0.000000000,0.000000000,-0.614801843,0.000000000,0.000000000,9.800000000,0.986013054,0.000000000,0.000000000,-0.166668104
6.470832298,0.000000000,0.000000000,-0.614801843,0.000000000,0.000000000,9.800000000,0.985798771,0.000000000,0.000000000,-0.167930889
6.479165630,0.000000000,0.000000000,-0.614801843,0.000000000,0.000000000,9.800000000,0.985365353,0.000000000,0.000000000,-0.170455630
6.483332296,0.000000000,0.000000000,-0.614801843,0.000000000,0.000000000,9.800000000,0.985146219,0.000000000,0.000000000,-0.171717582
6.487498962,0.000000000,0.000000000,-0.614801843,0.000000000,0.000000000,9.800000000,0.984925468,0.000000000,0.000000000,-0.172979253
6.491665628,0.000000000,0.000000000,-0.603956964,0.000000000,0.000000000,9.800000000,0.984707039,0.000000000,0.000000000,-0.174218392
6.495832294,0.000000000,0.000000000,-0.603956964,0.000000000,-0.000000000,9.800000000,0.984487050,0.000000000,0.000000000,-0.175457255
6.504165626,0.000000000,0.000000000,-0.592879249,-0.000000000,0.000000000,9.800000000,0.984046504,0.000000000,0.000000000,-0.177911435
6.508332292,0.000000000,0.000000000,-0.592879249,0.000000000,0.000000000,9.800000000,0.983826003,0.000000000,0.000000000,-0.179126759
6.512498958,0.000000000,0.000000000,-0.581572967,-0.000000000,-0.000000000,9.800000000,0.983608249,0.000000000,0.000000000,-0.180318640
6.516665624,0.000000000,0.000000000,-0.581572967,0.000000000,0.000000000,9.800000000,0.983389051,0.000000000,0.000000000,-0.181510257
6.520832290,0.000000000,0.000000000,-0.581572967,-0.000000000,-0.000000000,9.800000000,0.983168410,0.000000000,0.000000000,-0.182701608
6.529165622,0.000000000,0.000000000,-0.570042477,0.000000000,0.000000000,9.800000000,0.982731689,0.000000000,0.000000000,-0.185036289
6.533332288,0.000000000,0.000000000,-0.558292226,-0.000000000,-0.000000000,9.800000000,0.982515807,0.000000000,0.000000000,-0.186179187
6.537498954,0.000000000,0.000000000,-0.558292226,-0.000000000,0.000000000,9.800000000,0.982298595,0.000000000,0.000000000,-0.187321834
6.541665620,0.000000000,0.000000000,-0.558292226,0.000000000,0.000000000,9.800000000,0.982080055,0.000000000,0.000000000,-0.188464227
6.545832286,0.000000000,0.000000000,-0.546326742,-0.000000000,0.000000000,9.800000000,0.981864913,0.000000000,0.000000000,-0.189581889
6.554165618,0.000000000,0.000000000,-0.546326742,0.000000000,0.000000000,9.800000000,0.981430813,0.000000000,0.000000000,-0.191816475
6.558332284,0.000000000,0.000000000,-0.534150639,0.000000000,0.000000000,9.800000000,0.981216749,0.000000000,0.000000000,-0.192908506
6.562498950,0.000000000,0.000000000,-0.534150639,0.000000000,0.000000000,9.800000000,0.981001470,0.000000000,0.000000000,-0.194000297
6.566665616,0.000000000,0.000000000,-0.534150639,0.000000000,0.000000000,9.800000000,0.980784977,0.000000000,0.000000000,-0.195091849
6.570832282,0.000000000,0.000000000,-0.521768611,-0.000000000,-0.000000000,9.800000000,0.980572329,0.000000000,0.000000000,-0.196157864
6.579165614,0.000000000,0.000000000,-0.521768611,-0.000000000,-0.000000000,9.800000000,0.980143558,0.000000000,0.000000000,-0.198289198
6.583332280,0.000000000,0.000000000,-0.521768611,-0.000000000,-0.000000000,9.800000000,0.979927435,0.000000000,0.000000000,-0.199354514
6.587498946,0.000000000,0.000000000,-0.521768611,-0.000000000,-0.000000000,9.800000000,0.979710154,0.000000000,0.000000000,-0.200419594
6.591665612,0.000000000,0.000000000,-0.509185431,0.000000000,-0.000000000,9.800000000,0.979496997,0.000000000,0.000000000,-0.201458761
6.595832278,0.000000000,0.000000000,-0.496405951,0.000000000,0.000000000,9.800000000,0.979288129,0.000000000,0.000000000,-0.202471628
6.604165610,0.000000000,0.000000000,-0.496405951,0.000000000,0.000000000,9.800000000,0.978867251,0.000000000,0.000000000,-0.204496712
6.608332276,0.000000000,0.000000000,-0.483435096,0.000000000,0.000000000,9.800000000,0.978660794,0.000000000,0.000000000,-0.205482480
6.612498942,0.000000000,0.000000000,-0.483435096,0.000000000,0.000000000,9.800000000,0.978453345,0.000000000,0.000000000,-0.206468040
6.616665608,0.000000000,0.000000000,-0.483435096,0.000000000,-0.000000000,9.800000000,0.978244903,0.000000000,0.000000000,-0.207453391
6.620832274,0.000000000,0.000000000,-0.483435096,0.000000000,0.000000000,9.800000000,0.978035469,0.000000000,0.000000000,-0.208438531
6.629165606,0.000000000,0.000000000,-0.470277869,0.000000000,-0.000000000,9.800000000,0.977625158,0.000000000,0.000000000,-0.210354581
6.633332272,0.000000000,0.000000000,-0.456939340,0.000000000,0.000000000,9.800000000,0.977424467,0.000000000,0.000000000,-0.211285142
6.637498938,0.000000000,0.000000000,-0.456939340,0.000000000,0.000000000,9.800000000,0.977222890,0.000000000,0.000000000,-0.212215512
6.641665604,0.000000000,0.000000000,-0.456939340,0.000000000,0.000000000,9.800000000,0.977020427,0.000000000,0.000000000,-0.213145690
6.645832270,0.000000000,0.000000000,-0.443424653,-0.000000000,0.000000000,9.800000000,0.976823106,0.000000000,0.000000000,-0.214048172
6.654165602,0.000000000,0.000000000,-0.443424653,0.000000000,0.000000000,9.800000000,0.976425963,0.000000000,0.000000000,-0.215852586
6.658332268,0.000000000,0.000000000,-0.443424653,0.000000000,0.000000000,9.800000000,0.976226141,0.000000000,0.000000000,-0.216754517
6.662498934,0.000000000,0.000000000,-0.429739017,0.000000000,0.000000000,9.800000000,0.976031692,0.000000000,0.000000000,-0.217628435
6.666665600,0.000000000,0.000000000,-0.429739017,0.000000000,0.000000000,9.800000000,0.975836461,0.000000000,0.000000000,-0.218502179
6.670832266,0.000000000,0.000000000,-0.415887708,0.000000000,0.000000000,9.800000000,0.975646777,0.000000000,0.000000000,-0.219347593
6.679165598,0.000000000,0.000000000,-0.415887708,0.000000000,0.000000000,9.800000000,0.975265212,0.000000000,0.000000000,-0.221037927
6.683332264,0.000000000,0.000000000,-0.401876067,0.000000000,0.000000000,9.800000000,0.975079809,0.000000000,0.000000000,-0.221854382
6.687498930,0.000000000,0.000000000,-0.401876067,0.000000000,-0.000000000,9.800000000,0.974893721,0.000000000,0.000000000,-0.222670682
6.691665596,0.000000000,0.000000000,-0.401876067,0.000000000,0.000000000,9.800000000,0.974706950,0.000000000,0.000000000,-0.223486826
6.695832262,0.000000000,0.000000000,-0.387709495,0.000000000,0.000000000,9.800000000,0.974526116,0.000000000,0.000000000,-0.224274051
6.704165594,0.000000000,0.000000000,-0.387709495,0.000000000,0.000000000,9.800000000,0.974162539,0.000000000,0.000000000,-0.225848061
6.708332260,0.000000000,0.000000000,-0.373393454,-0.000000000,0.000000000,9.800000000,0.973986557,0.000000000,0.000000000,-0.226605797
6.712498926,0.000000000,0.000000000,-0.373393454,0.000000000,0.000000000,9.800000000,0.973809985,0.000000000,0.000000000,-0.227363395
6.716665592,0.000000000,0.000000000,-0.373393454,-0.000000000,0.000000000,9.800000000,0.973632824,0.000000000,0.000000000,-0.228120856
6.720832258,0.000000000,0.000000000,-0.358933462,0.000000000,0.000000000,9.800000000,0.973461968,0.000000000,0.000000000,-0.228848853
6.729165590,0.000000000,0.000000000,-0.358933462,0.000000000,0.000000000,9.800000000,0.973118623,0.000000000,0.000000000,-0.230304463
6.733332256,0.000000000,0.000000000,-0.344335095,0.000000000,0.000000000,9.800000000,0.972953160,0.000000000,0.000000000,-0.231002485
6.737498922,0.000000000,0.000000000,-0.344335095,0.000000000,0.000000000,9.800000000,0.972787197,0.000000000,0.000000000,-0.231700388
6.741665588,0.000000000,0.000000000,-0.344335095,0.000000000,-0.000000000,9.800000000,0.972620733,0.000000000,0.000000000,-0.232398171
6.745832254,0.000000000,0.000000000,-0.344335095,0.000000000,0.000000000,9.800000000,0.972453768,0.000000000,0.000000000,-0.233095835
6.754165586,0.000000000,0.000000000,-0.329603980,-0.000000000,0.000000000,9.800000000,0.972125534,0.000000000,0.000000000,-0.234460968
6.758332252,0.000000000,0.000000000,-0.314745796,0.000000000,-0.000000000,9.800000000,0.971971584,0.000000000,0.000000000,-0.235098360
6.762498918,0.000000000,0.000000000,-0.314745796,-0.000000000,-0.000000000,9.800000000,0.971817217,0.000000000,0.000000000,-0.235735651
6.766665584,0.000000000,0.000000000,-0.314745796,0.000000000,0.000000000,9.800000000,0.971662431,0.000000000,0.000000000,-0.236372841
6.770832250,0.000000000,0.000000000,-0.299766273,-0.000000000,-0.000000000,9.800000000,0.971514624,0.000000000,0.000000000,-0.236979611
6.779165582,0.000000000,0.000000000,-0.299766273,-0.000000000,-0.000000000,9.800000000,0.971217872,0.000000000,0.000000000,-0.238192872
6.783332248,0.000000000,0.000000000,-0.299766273,-0.000000000,-0.000000000,9.800000000,0.971068928,0.000000000,0.000000000,-0.238799364
6.787498914,0.000000000,0.000000000,-0.284671183,0.000000000,-0.000000000,9.800000000,0.970927134,0.000000000,0.000000000,-0.239375229
6.791665580,0.000000000,0.000000000,-0.284671183,0.000000000,0.000000000,9.800000000,0.970784998,0.000000000,0.000000000,-0.239951010
6.795832246,0.000000000,0.000000000,-0.269466347,0.000000000,-0.000000000,9.800000000,0.970650140,0.000000000,0.000000000,-0.240495959
6.804165578,0.000000000,0.000000000,-0.269466347,0.000000000,-0.000000000,9.800000000,0.970379505,0.000000000,0.000000000,-0.241585630
6.808332244,0.000000000,0.000000000,-0.254157627,-0.000000000,-0.000000000,9.800000000,0.970251450,0.000000000,0.000000000,-0.242099407
6.812498910,0.000000000,0.000000000,-0.254157627,-0.000000000,-0.000000000,9.800000000,0.970123124,0.000000000,0.000000000,-0.242613116
6.816665576,0.000000000,0.000000000,-0.254157627,-0.000000000,-0.000000000,9.800000000,0.969994526,0.000000000,0.000000000,-0.243126758
6.820832242,0.000000000,0.000000000,-0.238750925,0.000000000,0.000000000,9.800000000,0.969873475,0.000000000,0.000000000,-0.243609201
6.829165574,0.000000000,0.000000000,-0.238750925,0.000000000,0.000000000,9.800000000,0.969630654,0.000000000,0.000000000,-0.244573906
6.833332240,0.000000000,0.000000000,-0.223252179,0.000000000,-0.000000000,9.800000000,0.969516795,0.000000000,0.000000000,-0.245024863
6.837498906,0.000000000,0.000000000,-0.223252179,0.000000000,0.000000000,9.800000000,0.969402727,0.000000000,0.000000000,-0.245475767
6.841665572,0.000000000,0.000000000,-0.223252179,0.000000000,0.000000000,9.800000000,0.969288450,0.000000000,0.000000000,-0.245926618
6.845832238,0.000000000,0.000000000,-0.207667366,0.000000000,0.000000000,9.800000000,0.969181961,0.000000000,0.000000000,-0.246345949
6.854165570,0.000000000,0.000000000,-0.207667366,0.000000000,0.000000000,9.800000000,0.968968440,0.000000000,0.000000000,-0.247184471
6.858332236,0.000000000,0.000000000,-0.207667366,0.000000000,0.000000000,9.800000000,0.968861407,0.000000000,0.000000000,-0.247603662
6.862498902,0.000000000,0.000000000,-0.207667366,0.000000000,0.000000000,9.800000000,0.968754193,0.000000000,0.000000000,-0.248022808
6.866665568,0.000000000,0.000000000,-0.192002493,0.000000000,0.000000000,9.800000000,0.968654905,0.000000000,0.000000000,-0.248410294
6.870832234,0.000000000,0.000000000,-0.176263599,0.000000000,0.000000000,9.800000000,0.968563620,0.000000000,0.000000000,-0.248765983
6.879165566,0.000000000,0.000000000,-0.176263599,-0.000000000,0.000000000,9.800000000,0.968380657,0.000000000,0.000000000,-0.249477260
6.883332232,0.000000000,0.000000000,-0.160456752,0.000000000,0.000000000,9.800000000,0.968297206,0.000000000,0.000000000,-0.249800961
6.887498898,0.000000000,0.000000000,-0.160456752,0.000000000,0.000000000,9.800000000,0.968213648,0.000000000,0.000000000,-0.250124634
6.891665564,0.000000000,0.000000000,-0.160456752,0.000000000,-0.000000000,9.800000000,0.968129981,0.000000000,0.000000000,-0.250448279
6.895832230,0.000000000,0.000000000,-0.144588046,0.000000000,-0.000000000,9.800000000,0.968054495,0.000000000,0.000000000,-0.250739893
6.904165562,0.000000000,0.000000000,-0.144588046,0.000000000,-0.000000000,9.800000000,0.967903262,0.000000000,0.000000000,-0.251323052
6.908332228,0.000000000,0.000000000,-0.128663599,0.000000000,-0.000000000,9.800000000,0.967835860,0.000000000,0.000000000,-0.251582488
6.912498894,0.000000000,0.000000000,-0.128663599,0.000000000,-0.000000000,9.800000000,0.967768389,0.000000000,0.000000000,-0.251841907
6.916665560,0.000000000,0.000000000,-0.128663599,0.000000000,-0.000000000,9.800000000,0.967700848,0.000000000,0.000000000,-0.252101307
6.920832226,0.000000000,0.000000000,-0.128663599,0.000000000,-0.000000000,9.800000000,0.967633238,0.000000000,0.000000000,-0.252360690
6.929165558,0.000000000,0.000000000,-0.112689550,-0.000000000,0.000000000,9.800000000,0.967506223,0.000000000,0.000000000,-0.252847202
6.933332224,0.000000000,0.000000000,-0.112689550,-0.000000000,-0.000000000,9.800000000,0.967446836,0.000000000,0.000000000,-0.253074336
6.937498890,0.000000000,0.000000000,-0.096672056,0.000000000,-0.000000000,9.800000000,0.967395847,0.000000000,0.000000000,-0.253269175
6.941665556,0.000000000,0.000000000,-0.096672056,0.000000000,0.000000000,9.800000000,0.967344819,0.000000000,0.000000000,-0.253464004
6.945832222,0.000000000,0.000000000,-0.096672056,0.000000000,-0.000000000,9.800000000,0.967293752,0.000000000,0.000000000,-0.253658822
6.954165554,0.000000000,0.000000000,-0.080617294,0.000000000,-0.000000000,9.800000000,0.967199996,0.000000000,0.000000000,-0.254016077
6.958332220,0.000000000,0.000000000,-0.080617294,0.000000000,-0.000000000,9.800000000,0.967157320,0.000000000,0.000000000,-0.254178517
6.962498886,0.000000000,0.000000000,-0.064531452,-0.000000000,0.000000000,9.800000000,0.967123139,0.000000000,0.000000000,-0.254308540
6.966665552,0.000000000,0.000000000,-0.064531452,-0.000000000,0.000000000,9.800000000,0.967088941,0.000000000,0.000000000,-0.254438558
6.970832218,0.000000000,0.000000000,-0.064531452,-0.000000000,-0.000000000,9.800000000,0.967054726,0.000000000,0.000000000,-0.254568572
6.979165550,0.000000000,0.000000000,-0.048420732,0.000000000,0.000000000,9.800000000,0.967003346,0.000000000,0.000000000,-0.254763673
6.983332216,0.000000000,0.000000000,-0.032291345,0.000000000,-0.000000000,9.800000000,0.966986205,0.000000000,0.000000000,-0.254828726
6.987498882,0.000000000,0.000000000,-0.032291345,0.000000000,-0.000000000,9.800000000,0.966969059,0.000000000,0.000000000,-0.254893778
6.991665548,0.000000000,0.000000000,-0.032291345,0.000000000,-0.000000000,9.800000000,0.966951910,0.000000000,0.000000000,-0.254958829
6.995832214,0.000000000,0.000000000,-0.016149509,0.000000000,0.000000000,9.800000000,0.966943331,0.000000000,0.000000000,-0.254991362
7.004165546,0.000000000,0.000000000,-0.016149509,0.000000000,0.000000000,9.800000000,0.966926170,0.000000000,0.000000000,-0.255056427
7.008332212,0.000000000,0.000000000,-0.000001447,-0.000000000,0.000000000,9.800000000,0.966926170,0.000000000,0.000000000,-0.255056430
7.012498878,0.000000000,0.000000000,-0.000001447,0.000000000,0.000000000,9.800000000,0.966926169,0.000000000,0.000000000,-0.255056433
7.016665544,0.000000000,0.000000000,-0.000001447,-0.000000000,0.000000000,9.800000000,0.966926168,0.000000000,0.000000000,-0.255056436
7.020832210,0.000000000,0.000000000,0.016146616,-0.000000000,0.000000000,9.800000000,0.966934747,0.000000000,0.000000000,-0.255023909
7.029165542,0.000000000,0.000000000,0.016146616,0.000000000,0.000000000,9.800000000,0.966951903,0.000000000,0.000000000,-0.254958856
7.033332208,0.000000000,0.000000000,0.032288453,-0.000000000,-0.000000000,9.800000000,0.966969051,0.000000000,0.000000000,-0.254893810
7.037498874,0.000000000,0.000000000,0.032288453,0.000000000,0.000000000,9.800000000,0.966986195,0.000000000,0.000000000,-0.254828764
7.041665540,0.000000000,0.000000000,0.032288453,0.000000000,0.000000000,9.800000000,0.967003334,0.000000000,0.000000000,-0.254763717
7.045832206,0.000000000,0.000000000,0.032288453,0.000000000,0.000000000,9.800000000,0.967020469,0.000000000,0.000000000,-0.254698668
7.054165538,0.000000000,0.000000000,0.032288453,-0.000000000,0.000000000,9.800000000,0.967054727,0.000000000,0.000000000,-0.254568568
7.058332204,0.000000000,0.000000000,0.032288453,-0.000000000,0.000000000,9.800000000,0.967071849,0.000000000,0.000000000,-0.254503516
7.062498870,0.000000000,0.000000000,0.064528567,-0.000000000,0.000000000,9.800000000,0.967106054,0.000000000,0.000000000,-0.254373505
7.066665536,0.000000000,0.000000000,0.064528567,0.000000000,0.000000000,9.800000000,0.967140242,0.000000000,0.000000000,-0.254243491
7.070832202,0.000000000,0.000000000,0.080614414,0.000000000,0.000000000,9.800000000,0.967182928,0.000000000,0.000000000,-0.254081059
7.079165534,0.000000000,0.000000000,0.080614414,0.000000000,0.000000000,9.800000000,0.967268217,0.000000000,0.000000000,-0.253756175
7.083332200,0.000000000,0.000000000,0.096669182,-0.000000000,0.000000000,9.800000000,0.967319303,0.000000000,0.000000000,-0.253561367
7.087498866,0.000000000,0.000000000,0.096669182,-0.000000000,0.000000000,9.800000000,0.967370349,0.000000000,0.000000000,-0.253366550
7.091665532,0.000000000,0.000000000,0.096669182,-0.000000000,-0.000000000,9.800000000,0.967421356,0.000000000,0.000000000,-0.253171722
7.095832198,0.000000000,0.000000000,0.096669182,-0.000000000,0.000000000,9.800000000,0.967472323,0.000000000,0.000000000,-0.252976884
7.104165530,0.000000000,0.000000000,0.112686683,0.000000000,0.000000000,9.800000000,0.967590996,0.000000000,0.000000000,-0.252522601
7.108332196,0.000000000,0.000000000,0.112686683,0.000000000,0.000000000,9.800000000,0.967650253,0.000000000,0.000000000,-0.252295438
7.112498862,0.000000000,0.000000000,0.128660741,-0.000000000,-0.000000000,9.800000000,0.967717844,0.000000000,0.000000000,-0.252036057
7.116665528,0.000000000,0.000000000,0.128660741,0.000000000,-0.000000000,9.800000000,0.967785366,0.000000000,0.000000000,-0.251776658
7.120832194,0.000000000,0.000000000,0.144585198,0.000000000,0.000000000,9.800000000,0.967861162,0.000000000,0.000000000,-0.251485131
7.129165526,0.000000000,0.000000000,0.144585198,0.000000000,0.000000000,9.800000000,0.968012491,0.000000000,0.000000000,-0.250902009
7.133332192,0.000000000,0.000000000,0.144585198,0.000000000,0.000000000,9.800000000,0.968088023,0.000000000,0.000000000,-0.250610414
7.137498858,0.000000000,0.000000000,0.160453914,0.000000000,-0.000000000,9.800000000,0.968171743,0.000000000,0.000000000,-0.250286788
7.141665524,0.000000000,0.000000000,0.160453914,-0.000000000,-0.000000000,9.800000000,0.968255354,0.000000000,0.000000000,-0.249963135
7.145832190,0.000000000,0.000000000,0.160453914,0.000000000,-0.000000000,9.800000000,0.968338858,0.000000000,0.000000000,-0.249639454
7.154165522,0.000000000,0.000000000,0.176260772,0.000000000,0.000000000,9.800000000,0.968513739,0.000000000,0.000000000,-0.248960113
7.158332188,0.000000000,0.000000000,0.176260772,0.000000000,0.000000000,9.800000000,0.968605094,0.000000000,0.000000000,-0.248604449
7.162498854,0.000000000,0.000000000,0.191999679,0.000000000,-0.000000000,9.800000000,0.968704458,0.000000000,0.000000000,-0.248216987
7.166665520,0.000000000,0.000000000,0.191999679,0.000000000,-0.000000000,9.800000000,0.968803667,0.000000000,0.000000000,-0.247829486
7.170832186,0.000000000,0.000000000,0.207664566,0.000000000,0.000000000,9.800000000,0.968910796,0.000000000,0.000000000,-0.247410325
7.179165518,0.000000000,0.000000000,0.207664566,0.000000000,-0.000000000,9.800000000,0.969124510,0.000000000,0.000000000,-0.246571864
7.183332184,0.000000000,0.000000000,0.207664566,0.000000000,-0.000000000,9.800000000,0.969231095,0.000000000,0.000000000,-0.246152565
7.187498850,0.000000000,0.000000000,0.223249394,-0.000000000,0.000000000,9.800000000,0.969345476,0.000000000,0.000000000,-0.245701746
7.191665516,0.000000000,0.000000000,0.223249394,0.000000000,0.000000000,9.800000000,0.969459648,0.000000000,0.000000000,-0.245250874
7.195832182,0.000000000,0.000000000,0.238748156,0.000000000,-0.000000000,9.800000000,0.969581514,0.000000000,0.000000000,-0.244768642
7.204165514,0.000000000,0.000000000,0.238748156,0.000000000,0.000000000,9.800000000,0.969824526,0.000000000,0.000000000,-0.243803997
7.208332180,0.000000000,0.000000000,0.254154875,0.000000000,0.000000000,9.800000000,0.969953482,0.000000000,0.000000000,-0.243290451
7.212498846,0.000000000,0.000000000,0.254154875,0.000000000,-0.000000000,9.800000000,0.970082165,0.000000000,0.000000000,-0.242776837
7.216665512,0.000000000,0.000000000,0.254154875,0.000000000,-0.000000000,9.800000000,0.970210577,0.000000000,0.000000000,-0.242263155
7.220832178,0.000000000,0.000000000,0.269463613,0.000000000,0.000000000,9.800000000,0.970346426,0.000000000,0.000000000,-0.241718458
7.229165510,0.000000000,0.000000000,0.269463613,-0.000000000,0.000000000,9.800000000,0.970617208,0.000000000,0.000000000,-0.240628835
7.233332176,0.000000000,0.000000000,0.284668468,0.000000000,0.000000000,9.800000000,0.970759744,0.000000000,0.000000000,-0.240053159
7.237498842,0.000000000,0.000000000,0.284668468,0.000000000,0.000000000,9.800000000,0.970901939,0.000000000,0.000000000,-0.239477399
7.241665508,0.000000000,0.000000000,0.284668468,0.000000000,0.000000000,9.800000000,0.971043793,0.000000000,0.000000000,-0.238901554
7.245832174,0.000000000,0.000000000,0.284668468,0.000000000,0.000000000,9.800000000,0.971185305,0.000000000,0.000000000,-0.238325626
7.254165506,0.000000000,0.000000000,0.299763578,0.000000000,0.000000000,9.800000000,0.971482219,0.000000000,0.000000000,-0.237112416
7.258332172,0.000000000,0.000000000,0.299763578,0.000000000,0.000000000,9.800000000,0.971630108,0.000000000,0.000000000,-0.236505672
7.262498838,0.000000000,0.000000000,0.314743123,0.000000000,0.000000000,9.800000000,0.971784980,0.000000000,0.000000000,-0.235868509
7.266665504,0.000000000,0.000000000,0.314743123,0.000000000,0.000000000,9.800000000,0.971939433,0.000000000,0.000000000,-0.235231244
7.270832170,0.000000000,0.000000000,0.329601329,0.000000000,0.000000000,9.800000000,0.972100730,0.000000000,0.000000000,-0.234563788
7.279165502,0.000000000,0.000000000,0.329601329,-0.000000000,0.000000000,9.800000000,0.972421949,0.000000000,0.000000000,-0.233228544
7.283332168,0.000000000,0.000000000,0.329601329,0.000000000,0.000000000,9.800000000,0.972581870,0.000000000,0.000000000,-0.232560756
7.287498834,0.000000000,0.000000000,0.344332467,-0.000000000,0.000000000,9.800000000,0.972748450,0.000000000,0.000000000,-0.231863006
7.291665500,0.000000000,0.000000000,0.344332467,-0.000000000,0.000000000,9.800000000,0.972914528,0.000000000,0.000000000,-0.231165136
7.295832166,0.000000000,0.000000000,0.358930858,-0.000000000,-0.000000000,9.800000000,0.973087115,0.000000000,0.000000000,-0.230437553
7.304165498,0.000000000,0.000000000,0.358930858,-0.000000000,-0.000000000,9.800000000,0.973430657,0.000000000,0.000000000,-0.228982000
7.308332164,0.000000000,0.000000000,0.358930858,-0.000000000,-0.000000000,9.800000000,0.973601611,0.000000000,0.000000000,-0.228254032
7.312498830,0.000000000,0.000000000,0.373390875,0.000000000,-0.000000000,9.800000000,0.973778875,0.000000000,0.000000000,-0.227496600
7.316665496,0.000000000,0.000000000,0.373390875,0.000000000,-0.000000000,9.800000000,0.973955549,0.000000000,0.000000000,-0.226739031
7.320832162,0.000000000,0.000000000,0.387706943,-0.000000000,0.000000000,9.800000000,0.974138374,0.000000000,0.000000000,-0.225952272
7.329165494,0.000000000,0.000000000,0.387706943,0.000000000,-0.000000000,9.800000000,0.974502116,0.000000000,0.000000000,-0.224378310
7.333332160,0.000000000,0.000000000,0.387706943,-0.000000000,0.000000000,9.800000000,0.974683033,0.000000000,0.000000000,-0.223591110
7.337498826,0.000000000,0.000000000,0.401873542,0.000000000,-0.000000000,9.800000000,0.974869890,0.000000000,0.000000000,-0.222774991
7.341665492,0.000000000,0.000000000,0.401873542,0.000000000,-0.000000000,9.800000000,0.975056064,0.000000000,0.000000000,-0.221958717
7.345832158,0.000000000,0.000000000,0.401873542,0.000000000,-0.000000000,9.800000000,0.975241554,0.000000000,0.000000000,-0.221142287
7.354165490,0.000000000,0.000000000,0.415885211,0.000000000,-0.000000000,9.800000000,0.975616891,0.000000000,0.000000000,-0.219480483
7.358332156,0.000000000,0.000000000,0.429736549,0.000000000,0.000000000,9.800000000,0.975812997,0.000000000,0.000000000,-0.218606940
7.362498822,0.000000000,0.000000000,0.429736549,-0.000000000,0.000000000,9.800000000,0.976008322,0.000000000,0.000000000,-0.217733223
7.366665488,0.000000000,0.000000000,0.429736549,0.000000000,0.000000000,9.800000000,0.976202864,0.000000000,0.000000000,-0.216859331
7.370832154,0.000000000,0.000000000,0.443422215,0.000000000,0.000000000,9.800000000,0.976402781,0.000000000,0.000000000,-0.215957426
7.379165486,0.000000000,0.000000000,0.443422215,0.000000000,0.000000000,9.800000000,0.976800115,0.000000000,0.000000000,-0.214153064
7.383332152,0.000000000,0.000000000,0.456936934,0.000000000,0.000000000,9.800000000,0.977003536,0.000000000,0.000000000,-0.213223100
7.387498818,0.000000000,0.000000000,0.456936934,0.000000000,-0.000000000,9.800000000,0.977206071,0.000000000,0.000000000,-0.212292944
7.391665484,0.000000000,0.000000000,0.456936934,0.000000000,0.000000000,9.800000000,0.977407721,0.000000000,0.000000000,-0.211362595
7.395832150,0.000000000,0.000000000,0.470275495,0.000000000,0.000000000,9.800000000,0.977614333,0.000000000,0.000000000,-0.210404887
7.404165482,0.000000000,0.000000000,0.470275495,0.000000000,0.000000000,9.800000000,0.978024740,0.000000000,0.000000000,-0.208488868
7.408332148,0.000000000,0.000000000,0.470275495,0.000000000,0.000000000,9.800000000,0.978228535,0.000000000,0.000000000,-0.207530558
7.412498814,0.000000000,0.000000000,0.483432755,0.000000000,-0.000000000,9.800000000,0.978437054,0.000000000,0.000000000,-0.206545228
7.416665480,0.000000000,0.000000000,0.483432755,-0.000000000,-0.000000000,9.800000000,0.978644580,0.000000000,0.000000000,-0.205559690
7.420832146,0.000000000,0.000000000,0.483432755,0.000000000,-0.000000000,9.800000000,0.978851113,0.000000000,0.000000000,-0.204573942
7.429165478,0.000000000,0.000000000,0.496403643,0.000000000,0.000000000,9.800000000,0.979272149,0.000000000,0.000000000,-0.202548901
7.433332144,0.000000000,0.000000000,0.509183159,0.000000000,-0.000000000,9.800000000,0.979486462,0.000000000,0.000000000,-0.201509977
7.437498810,0.000000000,0.000000000,0.509183159,0.000000000,-0.000000000,9.800000000,0.979699672,0.000000000,0.000000000,-0.200470827
7.441665476,0.000000000,0.000000000,0.509183159,0.000000000,-0.000000000,9.800000000,0.979911780,0.000000000,0.000000000,-0.199431451
7.445832142,0.000000000,0.000000000,0.509183159,-0.000000000,-0.000000000,9.800000000,0.980122785,0.000000000,0.000000000,-0.198391850
7.454165474,0.000000000,0.000000000,0.521766374,-0.000000000,-0.000000000,9.800000000,0.980546632,0.000000000,0.000000000,-0.196286276
7.458332140,0.000000000,0.000000000,0.534148439,0.000000000,0.000000000,9.800000000,0.980764454,0.000000000,0.000000000,-0.195194993
7.462498806,0.000000000,0.000000000,0.534148439,0.000000000,0.000000000,9.800000000,0.980981062,0.000000000,0.000000000,-0.194103469
7.466665472,0.000000000,0.000000000,0.534148439,0.000000000,0.000000000,9.800000000,0.981196454,0.000000000,0.000000000,-0.193011704
7.470832138,0.000000000,0.000000000,0.546324579,0.000000000,0.000000000,9.800000000,0.981415500,0.000000000,0.000000000,-0.191894805
7.479165470,0.000000000,0.000000000,0.546324579,-0.000000000,0.000000000,9.800000000,0.981849777,0.000000000,0.000000000,-0.189660263
7.483332136,0.000000000,0.000000000,0.546324579,0.000000000,0.000000000,9.800000000,0.982065008,0.000000000,0.000000000,-0.188542622
7.487498802,0.000000000,0.000000000,0.558290101,0.000000000,-0.000000000,9.800000000,0.982283638,0.000000000,0.000000000,-0.187400251
7.491665468,0.000000000,0.000000000,0.558290101,-0.000000000,-0.000000000,9.800000000,0.982500940,0.000000000,0.000000000,-0.186257626
7.495832134,0.000000000,0.000000000,0.570040391,0.000000000,0.000000000,9.800000000,0.982721443,0.000000000,0.000000000,-0.185090693
7.504165466,0.000000000,0.000000000,0.570040391,0.000000000,0.000000000,9.800000000,0.983158293,0.000000000,0.000000000,-0.182756045
7.508332132,0.000000000,0.000000000,0.570040391,0.000000000,0.000000000,9.800000000,0.983374637,0.000000000,0.000000000,-0.181588333
7.512498798,0.000000000,0.000000000,0.581570920,0.000000000,0.000000000,9.800000000,0.983593929,0.000000000,0.000000000,-0.180396737
7.516665464,0.000000000,0.000000000,0.581570920,0.000000000,-0.000000000,9.800000000,0.983811777,0.000000000,0.000000000,-0.179204877
7.520832130,0.000000000,0.000000000,0.581570920,0.000000000,0.000000000,9.800000000,0.984028180,0.000000000,0.000000000,-0.178012754
7.529165462,0.000000000,0.000000000,0.592877243,0.000000000,0.000000000,9.800000000,0.984464926,0.000000000,0.000000000,-0.175581347
7.533332128,0.000000000,0.000000000,0.603955000,0.000000000,-0.000000000,9.800000000,0.984685070,0.000000000,0.000000000,-0.174342516
7.537498794,0.000000000,0.000000000,0.603955000,0.000000000,-0.000000000,9.800000000,0.984903655,0.000000000,0.000000000,-0.173103409
7.541665460,0.000000000,0.000000000,0.603955000,0.000000000,0.000000000,9.800000000,0.985120681,0.000000000,0.000000000,-0.171864027
7.545832126,0.000000000,0.000000000,0.603955000,0.000000000,0.000000000,9.800000000,0.985336147,0.000000000,0.000000000,-0.170624374
7.554165458,0.000000000,0.000000000,0.614799921,-0.000000000,0.000000000,9.800000000,0.985769996,0.000000000,0.000000000,-0.168099715
7.558332124,0.000000000,0.000000000,0.614799921,0.000000000,0.000000000,9.800000000,0.985984495,0.000000000,0.000000000,-0.166836971
7.562498790,0.000000000,0.000000000,0.614799921,-0.000000000,-0.000000000,9.800000000,0.986197377,0.000000000,0.000000000,-0.165573953
7.566665456,0.000000000,0.000000000,0.625407825,0.000000000,0.000000000,9.800000000,0.986412271,0.000000000,0.000000000,-0.164288864
7.570832122,0.000000000,0.000000000,0.635774623,0.000000000,0.000000000,9.800000000,0.986629012,0.000000000,0.000000000,-0.162982187
7.579165454,0.000000000,0.000000000,0.635774623,0.000000000,0.000000000,9.800000000,0.987057299,0.000000000,0.000000000,-0.160367978
7.583332120,0.000000000,0.000000000,0.645896317,0.000000000,0.000000000,9.800000000,0.987272199,0.000000000,0.000000000,-0.159039632
7.587498786,0.000000000,0.000000000,0.645896317,0.000000000,0.000000000,9.800000000,0.987485312,0.000000000,0.000000000,-0.157710998
7.591665452,0.000000000,0.000000000,0.645896317,0.000000000,0.000000000,9.800000000,0.987696636,0.000000000,0.000000000,-0.156382079
7.595832118,0.000000000,0.000000000,0.655769006,0.000000000,-0.000000000,9.800000000,0.987909361,0.000000000,0.000000000,-0.155032557
7.604165450,0.000000000,0.000000000,0.655769006,0.000000000,0.000000000,9.800000000,0.988329279,0.000000000,0.000000000,-0.152332647
7.608332116,0.000000000,0.000000000,0.665388884,0.000000000,0.000000000,9.800000000,0.988539497,0.000000000,0.000000000,-0.150962453
7.612498782,0.000000000,0.000000000,0.665388884,0.000000000,0.000000000,9.800000000,0.988747816,0.000000000,0.000000000,-0.149591969
7.616665448,0.000000000,0.000000000,0.665388884,0.000000000,0.000000000,9.800000000,0.988954234,0.000000000,0.000000000,-0.148221197
7.620832114,0.000000000,0.000000000,0.674752242,-0.000000000,0.000000000,9.800000000,0.989161616,0.000000000,0.000000000,-0.146830845
7.629165446,0.000000000,0.000000000,0.674752242,0.000000000,0.000000000,9.800000000,0.989570516,0.000000000,0.000000000,-0.144049272
7.633332112,0.000000000,0.000000000,0.683855470,-0.000000000,-0.000000000,9.800000000,0.989774739,0.000000000,0.000000000,-0.142639287
7.637498778,0.000000000,0.000000000,0.683855470,-0.000000000,0.000000000,9.800000000,0.989976952,0.000000000,0.000000000,-0.141229012
7.641665444,0.000000000,0.000000000,0.683855470,-0.000000000,0.000000000,9.800000000,0.990177156,0.000000000,0.000000000,-0.139818450
7.645832110,0.000000000,0.000000000,0.692695059,-0.000000000,0.000000000,9.800000000,0.990377899,0.000000000,0.000000000,-0.138389366
7.654165442,0.000000000,0.000000000,0.692695059,-0.000000000,0.000000000,9.800000000,0.990773197,0.000000000,0.000000000,-0.135530336
7.658332108,0.000000000,0.000000000,0.701267600,0.000000000,0.000000000,9.800000000,0.990970146,0.000000000,0.000000000,-0.134082698
7.662498774,0.000000000,0.000000000,0.701267600,-0.000000000,0.000000000,9.800000000,0.991164980,0.000000000,0.000000000,-0.132634774
7.666665440,0.000000000,0.000000000,0.701267600,0.000000000,0.000000000,9.800000000,0.991357698,0.000000000,0.000000000,-0.131186567
7.670832106,0.000000000,0.000000000,0.701267600,-0.000000000,0.000000000,9.800000000,0.991548300,0.000000000,0.000000000,-0.129738080
7.679165438,0.000000000,0.000000000,0.701267600,-0.000000000,0.000000000,9.800000000,0.991923154,0.000000000,0.000000000,-0.126840278
7.683332104,0.000000000,0.000000000,0.701267600,-0.000000000,0.000000000,9.800000000,0.992107406,0.000000000,0.000000000,-0.125390969
7.687498770,0.000000000,0.000000000,0.709569790,-0.000000000,0.000000000,9.800000000,0.992291684,0.000000000,0.000000000,-0.123924230
7.691665436,0.000000000,0.000000000,0.717598427,-0.000000000,0.000000000,9.800000000,0.992475841,0.000000000,0.000000000,-0.122440619
7.695832102,0.000000000,0.000000000,0.717598427,-0.000000000,0.000000000,9.800000000,0.992657780,0.000000000,0.000000000,-0.120956735
7.704165434,0.000000000,0.000000000,0.725350417,-0.000000000,0.000000000,9.800000000,0.993018813,0.000000000,0.000000000,-0.117956084
7.708332100,0.000000000,0.000000000,0.725350417,-0.000000000,0.000000000,9.800000000,0.993195928,0.000000000,0.000000000,-0.116455354
7.712498766,0.000000000,0.000000000,0.725350417,-0.000000000,-0.000000000,9.800000000,0.993370775,0.000000000,0.000000000,-0.114954357
7.716665432,0.000000000,0.000000000,0.732822770,-0.000000000,-0.000000000,9.800000000,0.993545119,0.000000000,0.000000000,-0.113437630
7.720832098,0.000000000,0.000000000,0.740012606,0.000000000,0.000000000,9.800000000,0.993718824,0.000000000,0.000000000,-0.111905755
7.729165430,0.000000000,0.000000000,0.740012606,0.000000000,0.000000000,9.800000000,0.994059149,0.000000000,0.000000000,-0.108841210
7.733332096,0.000000000,0.000000000,0.746917154,-0.000000000,-0.000000000,9.800000000,0.994227310,0.000000000,0.000000000,-0.107294246
7.737498762,0.000000000,0.000000000,0.746917154,-0.000000000,0.000000000,9.800000000,0.994393065,0.000000000,0.000000000,-0.105747022
7.741665428,0.000000000,0.000000000,0.746917154,-0.000000000,0.000000000,9.800000000,0.994556411,0.000000000,0.000000000,-0.104199542
7.745832094,0.000000000,0.000000000,0.746917154,0.000000000,0.000000000,9.800000000,0.994717350,0.000000000,0.000000000,-0.102651810
7.754165426,0.000000000,0.000000000,0.753533750,-0.000000000,-0.000000000,9.800000000,0.995034745,0.000000000,0.000000000,-0.099528172
7.758332092,0.000000000,0.000000000,0.753533750,0.000000000,-0.000000000,9.800000000,0.995189764,0.000000000,0.000000000,-0.097965983
7.762498758,0.000000000,0.000000000,0.753533750,0.000000000,0.000000000,9.800000000,0.995342331,0.000000000,0.000000000,-0.096403553
7.766665424,0.000000000,0.000000000,0.759859845,-0.000000000,0.000000000,9.800000000,0.995493694,0.000000000,0.000000000,-0.094827765
7.770832090,0.000000000,0.000000000,0.765893000,0.000000000,0.000000000,9.800000000,0.995643735,0.000000000,0.000000000,-0.093239225
7.779165422,0.000000000,0.000000000,0.765893000,0.000000000,0.000000000,9.800000000,0.995936212,0.000000000,0.000000000,-0.090061437
7.783332088,0.000000000,0.000000000,0.771630889,0.000000000,0.000000000,9.800000000,0.996079704,0.000000000,0.000000000,-0.088460290
7.787498754,0.000000000,0.000000000,0.771630889,0.000000000,0.000000000,9.800000000,0.996220623,0.000000000,0.000000000,-0.086858914
7.791665420,0.000000000,0.000000000,0.771630889,0.000000000,0.000000000,9.800000000,0.996358967,0.000000000,0.000000000,-0.085257314
7.795832086,0.000000000,0.000000000,0.777071299,0.000000000,0.000000000,9.800000000,0.996495684,0.000000000,0.000000000,-0.083644200
7.804165418,0.000000000,0.000000000,0.777071299,0.000000000,0.000000000,9.800000000,0.996761283,0.000000000,0.000000000,-0.080417316
7.808332084,0.000000000,0.000000000,0.777071299,-0.000000000,0.000000000,9.800000000,0.996890164,0.000000000,0.000000000,-0.078803557
7.812498750,0.000000000,0.000000000,0.782212133,0.000000000,-0.000000000,9.800000000,0.997017259,0.000000000,0.000000000,-0.077178912
7.816665416,0.000000000,0.000000000,0.782212133,0.000000000,-0.000000000,9.800000000,0.997141707,0.000000000,0.000000000,-0.075554063
7.820832082,0.000000000,0.000000000,0.787051410,0.000000000,0.000000000,9.800000000,0.997264252,0.000000000,0.000000000,-0.073918959
7.829165414,0.000000000,0.000000000,0.787051410,0.000000000,0.000000000,9.800000000,0.997501297,0.000000000,0.000000000,-0.070648158
7.833332080,0.000000000,0.000000000,0.791587264,0.000000000,-0.000000000,9.800000000,0.997616449,0.000000000,0.000000000,-0.069003044
7.837498746,0.000000000,0.000000000,0.791587264,0.000000000,-0.000000000,9.800000000,0.997728888,0.000000000,0.000000000,-0.067357741
7.841665412,0.000000000,0.000000000,0.791587264,0.000000000,-0.000000000,9.800000000,0.997838614,0.000000000,0.000000000,-0.065712256
7.845832078,0.000000000,0.000000000,0.791587264,0.000000000,-0.000000000,9.800000000,0.997945626,0.000000000,0.000000000,-0.064066592
7.854165410,0.000000000,0.000000000,0.795817946,0.000000000,-0.000000000,9.800000000,0.998152578,0.000000000,0.000000000,-0.060757150
7.858332076,0.000000000,0.000000000,0.799741825,0.000000000,0.000000000,9.800000000,0.998252422,0.000000000,0.000000000,-0.059094016
7.862498742,0.000000000,0.000000000,0.799741825,0.000000000,0.000000000,9.800000000,0.998349494,0.000000000,0.000000000,-0.057430718
7.866665408,0.000000000,0.000000000,0.799741825,-0.000000000,0.000000000,9.800000000,0.998443795,0.000000000,0.000000000,-0.055767261
7.870832074,0.000000000,0.000000000,0.803357388,-0.000000000,0.000000000,9.800000000,0.998535732,0.000000000,0.000000000,-0.054096127
7.879165406,0.000000000,0.000000000,0.803357388,-0.000000000,0.000000000,9.800000000,0.998711215,0.000000000,0.000000000,-0.050753410
7.883332072,0.000000000,0.000000000,0.806663242,0.000000000,-0.000000000,9.800000000,0.998795098,0.000000000,0.000000000,-0.049074957
7.887498738,0.000000000,0.000000000,0.806663242,0.000000000,0.000000000,9.800000000,0.998876161,0.000000000,0.000000000,-0.047396365
7.891665404,0.000000000,0.000000000,0.806663242,-0.000000000,-0.000000000,9.800000000,0.998954402,0.000000000,0.000000000,-0.045717639
7.895832070,0.000000000,0.000000000,0.809658112,0.000000000,0.000000000,9.800000000,0.999030097,0.000000000,0.000000000,-0.044032551
7.904165402,0.000000000,0.000000000,0.809658112,-0.000000000,-0.000000000,9.800000000,0.999172959,0.000000000,0.000000000,-0.040662004
7.908332068,0.000000000,0.000000000,0.812340844,-0.000000000,0.000000000,9.800000000,0.999240343,0.000000000,0.000000000,-0.038970970
7.912498734,0.000000000,0.000000000,0.812340844,-0.000000000,0.000000000,9.800000000,0.999304866,0.000000000,0.000000000,-0.037279824
7.916665400,0.000000000,0.000000000,0.812340844,0.000000000,0.000000000,9.800000000,0.999366526,0.000000000,0.000000000,-0.035588571
7.920832066,0.000000000,0.000000000,0.814710403,0.000000000,0.000000000,9.800000000,0.999425492,0.000000000,0.000000000,-0.033892283
7.929165398,0.000000000,0.000000000,0.814710403,0.000000000,0.000000000,9.800000000,0.999534785,0.000000000,0.000000000,-0.030499418
7.933332064,0.000000000,0.000000000,0.814710403,0.000000000,0.000000000,9.800000000,0.999585112,0.000000000,0.000000000,-0.028802852
7.937498730,0.000000000,0.000000000,0.816765875,0.000000000,0.000000000,9.800000000,0.999632675,0.000000000,0.000000000,-0.027101922
7.941665396,0.000000000,0.000000000,0.816765875,-0.000000000,0.000000000,9.800000000,0.999677345,0.000000000,0.000000000,-0.025400913
7.945832062,0.000000000,0.000000000,0.818506469,0.000000000,0.000000000,9.800000000,0.999719206,0.000000000,0.000000000,-0.023696205
7.954165394,0.000000000,0.000000000,0.818506469,0.000000000,0.000000000,9.800000000,0.999794206,0.000000000,0.000000000,-0.020286589
7.958332060,0.000000000,0.000000000,0.818506469,0.000000000,0.000000000,9.800000000,0.999827346,0.000000000,0.000000000,-0.018581690
7.962498726,0.000000000,0.000000000,0.819931513,-0.000000000,-0.000000000,9.800000000,0.999857628,0.000000000,0.000000000,-0.016873768
7.966665392,0.000000000,0.000000000,0.819931513,-0.000000000,-0.000000000,9.800000000,0.999884993,0.000000000,0.000000000,-0.015165797
7.970832058,0.000000000,0.000000000,0.819931513,-0.000000000,-0.000000000,9.800000000,0.999909440,0.000000000,0.000000000,-0.013457782
7.979165390,0.000000000,0.000000000,0.819931513,-0.000000000,-0.000000000,9.800000000,0.999949581,0.000000000,0.000000000,-0.010041638
7.983332056,0.000000000,0.000000000,0.819931513,0.000000000,-0.000000000,9.800000000,0.999965276,0.000000000,0.000000000,-0.008333520
7.987498722,0.000000000,0.000000000,0.819931513,-0.000000000,-0.000000000,9.800000000,0.999978052,0.000000000,0.000000000,-0.006625378
7.991665388,0.000000000,0.000000000,0.821832876,0.000000000,0.000000000,9.800000000,0.999987930,0.000000000,0.000000000,-0.004913255
7.995832054,0.000000000,0.000000000,0.822308463,0.000000000,0.000000000,9.800000000,0.999994880,0.000000000,0.000000000,-0.003200127
8.004165386,0.000000000,0.000000000,0.822308463,0.000000000,0.000000000,9.800000000,0.999999974,0.000000000,0.000000000,0.000226152
8.008332052,0.000000000,0.000000000,0.822308463,-0.000000000,0.000000000,9.800000000,0.999998120,0.000000000,0.000000000,0.001939293
8.012498718,0.000000000,0.000000000,0.822308463,0.000000000,0.000000000,9.800000000,0.999993330,0.000000000,0.000000000,0.003652429
8.016665384,0.000000000,0.000000000,0.822467033,-0.000000000,0.000000000,9.800000000,0.999985604,0.000000000,0.000000000,0.005365884
8.020832050,0.000000000,0.000000000,0.822308528,0.000000000,0.000000000,9.800000000,0.999974944,0.000000000,0.000000000,0.007078993
8.029165382,0.000000000,0.000000000,0.822308528,0.000000000,0.000000000,9.800000000,0.999944819,0.000000000,0.000000000,0.010505144
8.033332048,0.000000000,0.000000000,0.821833006,0.000000000,-0.000000000,9.800000000,0.999925367,0.000000000,0.000000000,0.012217185
8.037498714,0.000000000,0.000000000,0.821833006,0.000000000,-0.000000000,9.800000000,0.999902984,0.000000000,0.000000000,0.013929190
8.041665380,0.000000000,0.000000000,0.821833006,0.000000000,-0.000000000,9.800000000,0.999877670,0.000000000,0.000000000,0.015641155
8.045832046,0.000000000,0.000000000,0.821040653,-0.000000000,-0.000000000,9.800000000,0.999849453,0.000000000,0.000000000,0.017351423
8.054165378,0.000000000,0.000000000,0.821040653,0.000000000,-0.000000000,9.800000000,0.999784243,0.000000000,0.000000000,0.020771802
8.058332044,0.000000000,0.000000000,0.819931773,0.000000000,-0.000000000,9.800000000,0.999747302,0.000000000,0.000000000,0.022479593
8.062498710,0.000000000,0.000000000,0.819931773,0.000000000,-0.000000000,9.800000000,0.999707444,0.000000000,0.000000000,0.024187319
8.066665376,0.000000000,0.000000000,0.819931773,0.000000000,-0.000000000,9.800000000,0.999664669,0.000000000,0.000000000,0.025894974
8.070832042,0.000000000,0.000000000,0.818506793,0.000000000,0.000000000,9.800000000,0.999619059,0.000000000,0.000000000,0.027599586
8.079165374,0.000000000,0.000000000,0.818506793,0.000000000,0.000000000,9.800000000,0.999519119,0.000000000,0.000000000,0.031008564
8.083332040,0.000000000,0.000000000,0.816766264,0.000000000,0.000000000,9.800000000,0.999464908,0.000000000,0.000000000,0.032709296
8.087498706,0.000000000,0.000000000,0.816766264,0.000000000,0.000000000,9.800000000,0.999407803,0.000000000,0.000000000,0.034409933
8.091665372,0.000000000,0.000000000,0.816766264,0.000000000,0.000000000,9.800000000,0.999347804,0.000000000,0.000000000,0.036110471
8.095832038,0.000000000,0.000000000,0.814710856,0.000000000,0.000000000,9.800000000,0.999285074,0.000000000,0.000000000,0.037806625
8.104165370,0.000000000,0.000000000,0.814710856,-0.000000000,0.000000000,9.800000000,0.999150977,0.000000000,0.000000000,0.041198602
8.108332036,0.000000000,0.000000000,0.814710856,0.000000000,0.000000000,9.800000000,0.999079611,0.000000000,0.000000000,0.042894415
8.112498702,0.000000000,0.000000000,0.812341361,-0.000000000,-0.000000000,9.800000000,0.999005587,0.000000000,0.000000000,0.044585173
8.116665368,0.000000000,0.000000000,0.812341361,0.000000000,0.000000000,9.800000000,0.998928701,0.000000000,0.000000000,0.046275803
8.120832034,0.000000000,0.000000000,0.812341361,0.000000000,0.000000000,9.800000000,0.998848955,0.000000000,0.000000000,0.047966300
8.129165366,0.000000000,0.000000000,0.809658694,0.000000000,0.000000000,9.800000000,0.998681166,0.000000000,0.000000000,0.051341296
8.133332032,0.000000000,0.000000000,0.809658694,0.000000000,0.000000000,9.800000000,0.998593143,0.000000000,0.000000000,0.053025787
8.137498698,0.000000000,0.000000000,0.809658694,0.000000000,-0.000000000,9.800000000,0.998502279,0.000000000,0.000000000,0.054710126
8.141665364,0.000000000,0.000000000,0.809658694,0.000000000,0.000000000,9.800000000,0.998408575,0.000000000,0.000000000,0.056394310
8.145832030,0.000000000,0.000000000,0.809658694,0.000000000,0.000000000,9.800000000,0.998312029,0.000000000,0.000000000,0.058078333
8.154165362,0.000000000,0.000000000,0.803358097,0.000000000,0.000000000,9.800000000,0.998112029,0.000000000,0.000000000,0.061419676
8.158332028,0.000000000,0.000000000,0.799742597,-0.000000000,-0.000000000,9.800000000,0.998008311,0.000000000,0.000000000,0.063082575
8.162498694,0.000000000,0.000000000,0.799742597,-0.000000000,-0.000000000,9.800000000,0.997901822,0.000000000,0.000000000,0.064745298
8.166665360,0.000000000,0.000000000,0.799742597,0.000000000,-0.000000000,9.800000000,0.997792563,0.000000000,0.000000000,0.066407842
8.170832026,0.000000000,0.000000000,0.799742597,-0.000000000,-0.000000000,9.800000000,0.997680534,0.000000000,0.000000000,0.068070201
8.179165358,0.000000000,0.000000000,0.795818781,-0.000000000,0.000000000,9.800000000,0.997448751,0.000000000,0.000000000,0.071386194
8.183332024,0.000000000,0.000000000,0.795818781,0.000000000,0.000000000,9.800000000,0.997329025,0.000000000,0.000000000,0.073039821
8.187498690,0.000000000,0.000000000,0.795818781,0.000000000,0.000000000,9.800000000,0.997206558,0.000000000,0.000000000,0.074693247
8.191665356,0.000000000,0.000000000,0.791588162,0.000000000,0.000000000,9.800000000,0.997082022,0.000000000,0.000000000,0.076337680
8.195832022,0.000000000,0.000000000,0.787052370,0.000000000,-0.000000000,9.800000000,0.996955511,0.000000000,0.000000000,0.077972484
8.204165354,0.000000000,0.000000000,0.787052370,-0.000000000,-0.000000000,9.800000000,0.996694449,0.000000000,0.000000000,0.081241459
8.208332020,0.000000000,0.000000000,0.787052370,0.000000000,0.000000000,9.800000000,0.996559899,0.000000000,0.000000000,0.082875621
8.212498686,0.000000000,0.000000000,0.782213155,-0.000000000,-0.000000000,9.800000000,0.996423520,0.000000000,0.000000000,0.084499515
8.216665352,0.000000000,0.000000000,0.782213155,0.000000000,0.000000000,9.800000000,0.996284496,0.000000000,0.000000000,0.086123184
8.220832018,0.000000000,0.000000000,0.782213155,-0.000000000,0.000000000,9.800000000,0.996142826,0.000000000,0.000000000,0.087746625
8.229165350,0.000000000,0.000000000,0.777072382,-0.000000000,-0.000000000,9.800000000,0.995853499,0.000000000,0.000000000,0.090971472
8.233332016,0.000000000,0.000000000,0.771632033,0.000000000,0.000000000,9.800000000,0.995705970,0.000000000,0.000000000,0.092572254
8.237498682,0.000000000,0.000000000,0.771632033,-0.000000000,0.000000000,9.800000000,0.995555867,0.000000000,0.000000000,0.094172797
8.241665348,0.000000000,0.000000000,0.771632033,0.000000000,0.000000000,9.800000000,0.995403192,0.000000000,0.000000000,0.095773097
8.245832014,0.000000000,0.000000000,0.765894205,-0.000000000,0.000000000,9.800000000,0.995249108,0.000000000,0.000000000,0.097361253
8.254165346,0.000000000,0.000000000,0.765894205,0.000000000,0.000000000,9.800000000,0.994933339,0.000000000,0.000000000,0.100536816
8.258332012,0.000000000,0.000000000,0.765894205,-0.000000000,-0.000000000,9.800000000,0.994771655,0.000000000,0.000000000,0.102124215
8.262498678,0.000000000,0.000000000,0.759861111,-0.000000000,0.000000000,9.800000000,0.994608741,0.000000000,0.000000000,0.103698854
8.266665344,0.000000000,0.000000000,0.759861111,-0.000000000,0.000000000,9.800000000,0.994443335,0.000000000,0.000000000,0.105273232
8.270832010,0.000000000,0.000000000,0.759861111,-0.000000000,0.000000000,9.800000000,0.994275437,0.000000000,0.000000000,0.106847347
8.279165342,0.000000000,0.000000000,0.753535076,-0.000000000,0.000000000,9.800000000,0.993935065,0.000000000,0.000000000,0.109968571
8.283332008,0.000000000,0.000000000,0.746918538,0.000000000,0.000000000,9.800000000,0.993762742,0.000000000,0.000000000,0.111515079
8.287498674,0.000000000,0.000000000,0.746918538,0.000000000,-0.000000000,9.800000000,0.993588012,0.000000000,0.000000000,0.113061318
8.291665340,0.000000000,0.000000000,0.746918538,0.000000000,0.000000000,9.800000000,0.993410877,0.000000000,0.000000000,0.114607283
8.295832006,0.000000000,0.000000000,0.740014050,-0.000000000,0.000000000,9.800000000,0.993233007,0.000000000,0.000000000,0.116138683
8.304165338,0.000000000,0.000000000,0.740014050,-0.000000000,-0.000000000,9.800000000,0.992870185,0.000000000,0.000000000,0.119200653
8.308332004,0.000000000,0.000000000,0.732824272,0.000000000,-0.000000000,9.800000000,0.992687042,0.000000000,0.000000000,0.120716345
8.312498670,0.000000000,0.000000000,0.732824272,-0.000000000,-0.000000000,9.800000000,0.992501586,0.000000000,0.000000000,0.122231756
8.316665336,0.000000000,0.000000000,0.732824272,-0.000000000,-0.000000000,9.800000000,0.992313816,0.000000000,0.000000000,0.123746882
8.320832002,0.000000000,0.000000000,0.732824272,-0.000000000,-0.000000000,9.800000000,0.992123733,0.000000000,0.000000000,0.125261719
8.329165334,0.000000000,0.000000000,0.725351976,0.000000000,0.000000000,9.800000000,0.991740624,0.000000000,0.000000000,0.128259638
8.333332000,0.000000000,0.000000000,0.725351976,0.000000000,0.000000000,9.800000000,0.991545672,0.000000000,0.000000000,0.129758159
8.337498666,0.000000000,0.000000000,0.717600043,0.000000000,-0.000000000,9.800000000,0.991350576,0.000000000,0.000000000,0.131240374
8.341665332,0.000000000,0.000000000,0.717600043,-0.000000000,-0.000000000,9.800000000,0.991153264,0.000000000,0.000000000,0.132722296
8.345831998,0.000000000,0.000000000,0.709571463,-0.000000000,0.000000000,9.800000000,0.990955981,0.000000000,0.000000000,0.134187346
8.354165330,0.000000000,0.000000000,0.709571463,-0.000000000,-0.000000000,9.800000000,0.990554919,0.000000000,0.000000000,0.137116564
8.358331996,0.000000000,0.000000000,0.701269328,0.000000000,0.000000000,9.800000000,0.990353538,0.000000000,0.000000000,0.138563595
8.362498662,0.000000000,0.000000000,0.701269328,0.000000000,0.000000000,9.800000000,0.990150043,0.000000000,0.000000000,0.140010331
8.366665328,0.000000000,0.000000000,0.701269328,-0.000000000,0.000000000,9.800000000,0.989944434,0.000000000,0.000000000,0.141456768
8.370831994,0.000000000,0.000000000,0.692696842,0.000000000,0.000000000,9.800000000,0.989739265,0.000000000,0.000000000,0.142885227
8.379165326,0.000000000,0.000000000,0.692696842,0.000000000,-0.000000000,9.800000000,0.989322742,0.000000000,0.000000000,0.145741250
8.383331992,0.000000000,0.000000000,0.692696842,0.000000000,0.000000000,9.800000000,0.989111390,0.000000000,0.000000000,0.147168807
8.387498658,0.000000000,0.000000000,0.683857307,-0.000000000,0.000000000,9.800000000,0.988900715,0.000000000,0.000000000,0.148577847
8.391665324,0.000000000,0.000000000,0.683857307,0.000000000,-0.000000000,9.800000000,0.988688032,0.000000000,0.000000000,0.149986585
8.395831990,0.000000000,0.000000000,0.683857307,0.000000000,0.000000000,9.800000000,0.988473342,0.000000000,0.000000000,0.151395018
8.404165322,0.000000000,0.000000000,0.674754133,0.000000000,0.000000000,9.800000000,0.988040869,0.000000000,0.000000000,0.154192223
8.408331988,0.000000000,0.000000000,0.674754133,0.000000000,0.000000000,9.800000000,0.987823139,0.000000000,0.000000000,0.155580996
8.412498654,0.000000000,0.000000000,0.674754133,0.000000000,0.000000000,9.800000000,0.987603457,0.000000000,0.000000000,0.156969462
8.416665320,0.000000000,0.000000000,0.665390828,0.000000000,0.000000000,9.800000000,0.987384912,0.000000000,0.000000000,0.158338357
8.420831986,0.000000000,0.000000000,0.655771002,0.000000000,0.000000000,9.800000000,0.987167671,0.000000000,0.000000000,0.159687163
8.429165318,0.000000000,0.000000000,0.655771002,0.000000000,0.000000000,9.800000000,0.986727660,0.000000000,0.000000000,0.162383880
8.433331984,0.000000000,0.000000000,0.645898365,0.000000000,-0.000000000,9.800000000,0.986508260,0.000000000,0.000000000,0.163711494
8.437498650,0.000000000,0.000000000,0.645898365,0.000000000,-0.000000000,9.800000000,0.986287073,0.000000000,0.000000000,0.165038812
8.441665316,0.000000000,0.000000000,0.645898365,0.000000000,-0.000000000,9.800000000,0.986064100,0.000000000,0.000000000,0.166365831
8.445831982,0.000000000,0.000000000,0.645898365,-0.000000000,-0.000000000,9.800000000,0.985839342,0.000000000,0.000000000,0.167692549
8.454165314,0.000000000,0.000000000,0.635776721,-0.000000000,0.000000000,9.800000000,0.985388063,0.000000000,0.000000000,0.170324293
8.458331980,0.000000000,0.000000000,0.625409973,0.000000000,0.000000000,9.800000000,0.985165305,0.000000000,0.000000000,0.171608047
8.462498646,0.000000000,0.000000000,0.625409973,0.000000000,-0.000000000,9.800000000,0.984940874,0.000000000,0.000000000,0.172891510
8.466665312,0.000000000,0.000000000,0.625409973,0.000000000,-0.000000000,9.800000000,0.984714772,0.000000000,0.000000000,0.174174679
8.470831978,0.000000000,0.000000000,0.625409973,0.000000000,-0.000000000,9.800000000,0.984486997,0.000000000,0.000000000,0.175457552
8.479165310,0.000000000,0.000000000,0.614802118,0.000000000,0.000000000,9.800000000,0.984034302,0.000000000,0.000000000,0.177978909
8.483331976,0.000000000,0.000000000,0.603957245,0.000000000,0.000000000,9.800000000,0.983809582,0.000000000,0.000000000,0.179216924
8.487498642,0.000000000,0.000000000,0.603957245,0.000000000,0.000000000,9.800000000,0.983583305,0.000000000,0.000000000,0.180454654
8.491665308,0.000000000,0.000000000,0.603957245,0.000000000,0.000000000,9.800000000,0.983355470,0.000000000,0.000000000,0.181692099
8.495831974,0.000000000,0.000000000,0.603957245,0.000000000,0.000000000,9.800000000,0.983126079,0.000000000,0.000000000,0.182929256
8.504165306,0.000000000,0.000000000,0.592879535,0.000000000,0.000000000,9.800000000,0.982671184,0.000000000,0.000000000,0.185357342
8.508331972,0.000000000,0.000000000,0.581573259,-0.000000000,-0.000000000,9.800000000,0.982445882,0.000000000,0.000000000,0.186547820
8.512498638,0.000000000,0.000000000,0.581573259,-0.000000000,-0.000000000,9.800000000,0.982219137,0.000000000,0.000000000,0.187738025
8.516665304,0.000000000,0.000000000,0.581573259,-0.000000000,-0.000000000,9.800000000,0.981990951,0.000000000,0.000000000,0.188927954
8.520831970,0.000000000,0.000000000,0.570042775,0.000000000,0.000000000,9.800000000,0.981765890,0.000000000,0.000000000,0.190094022
8.529165302,0.000000000,0.000000000,0.570042775,0.000000000,0.000000000,9.800000000,0.981311614,0.000000000,0.000000000,0.192425353
8.533331968,0.000000000,0.000000000,0.558292529,0.000000000,0.000000000,9.800000000,0.981087139,0.000000000,0.000000000,0.193566595
8.537498634,0.000000000,0.000000000,0.558292529,0.000000000,0.000000000,9.800000000,0.980861336,0.000000000,0.000000000,0.194707575
8.541665300,0.000000000,0.000000000,0.558292529,0.000000000,0.000000000,9.800000000,0.980634206,0.000000000,0.000000000,0.195848292
8.545831966,0.000000000,0.000000000,0.558292529,0.000000000,0.000000000,9.800000000,0.980405750,0.000000000,0.000000000,0.196988744
8.554165298,0.000000000,0.000000000,0.546327051,0.000000000,-0.000000000,9.800000000,0.979949826,0.000000000,0.000000000,0.199244419
8.558331964,0.000000000,0.000000000,0.534150954,-0.000000000,0.000000000,9.800000000,0.979727497,0.000000000,0.000000000,0.200334797
8.562498630,0.000000000,0.000000000,0.534150954,-0.000000000,-0.000000000,9.800000000,0.979503955,0.000000000,0.000000000,0.201424928
8.566665296,0.000000000,0.000000000,0.534150954,-0.000000000,-0.000000000,9.800000000,0.979279200,0.000000000,0.000000000,0.202514809
8.570831962,0.000000000,0.000000000,0.521768931,0.000000000,0.000000000,9.800000000,0.979058484,0.000000000,0.000000000,0.203579184
8.579165294,0.000000000,0.000000000,0.521768931,0.000000000,0.000000000,9.800000000,0.978613582,0.000000000,0.000000000,0.205707210
8.583331960,0.000000000,0.000000000,0.509185756,0.000000000,0.000000000,9.800000000,0.978394817,0.000000000,0.000000000,0.206745211
8.587498626,0.000000000,0.000000000,0.509185756,0.000000000,0.000000000,9.800000000,0.978174950,0.000000000,0.000000000,0.207782979
8.591665292,0.000000000,0.000000000,0.509185756,0.000000000,0.000000000,9.800000000,0.977953983,0.000000000,0.000000000,0.208820513
8.595831958,0.000000000,0.000000000,0.509185756,0.000000000,0.000000000,9.800000000,0.977731915,0.000000000,0.000000000,0.209857813
8.604165290,0.000000000,0.000000000,0.496406280,0.000000000,0.000000000,9.800000000,0.977295763,0.000000000,0.000000000,0.211879663
8.608331956,0.000000000,0.000000000,0.483435431,0.000000000,0.000000000,9.800000000,0.977081871,0.000000000,0.000000000,0.212863846
8.612498622,0.000000000,0.000000000,0.483435431,-0.000000000,0.000000000,9.800000000,0.976866988,0.000000000,0.000000000,0.213847812
8.616665288,0.000000000,0.000000000,0.483435431,0.000000000,0.000000000,9.800000000,0.976651115,0.000000000,0.000000000,0.214831562
8.620831954,0.000000000,0.000000000,0.470278208,-0.000000000,0.000000000,9.800000000,0.976440166,0.000000000,0.000000000,0.215788329
8.629165286,0.000000000,0.000000000,0.470278208,-0.000000000,0.000000000,9.800000000,0.976015456,0.000000000,0.000000000,0.217701241
8.633331952,0.000000000,0.000000000,0.470278208,-0.000000000,0.000000000,9.800000000,0.975801695,0.000000000,0.000000000,0.218657383
8.637498618,0.000000000,0.000000000,0.456939684,-0.000000000,-0.000000000,9.800000000,0.975593101,0.000000000,0.000000000,0.219586206
8.641665284,0.000000000,0.000000000,0.456939684,-0.000000000,-0.000000000,9.800000000,0.975383622,0.000000000,0.000000000,0.220514829
8.645831950,0.000000000,0.000000000,0.443425001,0.000000000,0.000000000,9.800000000,0.975179494,0.000000000,0.000000000,0.221415796
8.654165282,0.000000000,0.000000000,0.443425001,0.000000000,0.000000000,9.800000000,0.974768741,0.000000000,0.000000000,0.223217163
8.658331948,0.000000000,0.000000000,0.429739369,0.000000000,0.000000000,9.800000000,0.974568506,0.000000000,0.000000000,0.224089774
8.662498614,0.000000000,0.000000000,0.429739369,0.000000000,-0.000000000,9.800000000,0.974367490,0.000000000,0.000000000,0.224962206
8.666665280,0.000000000,0.000000000,0.429739369,0.000000000,0.000000000,9.800000000,0.974165693,0.000000000,0.000000000,0.225834457
8.670831946,0.000000000,0.000000000,0.415888065,0.000000000,0.000000000,9.800000000,0.973969657,0.000000000,0.000000000,0.226678422
8.679165278,0.000000000,0.000000000,0.415888065,-0.000000000,-0.000000000,9.800000000,0.973575391,0.000000000,0.000000000,0.228365840
8.683331944,0.000000000,0.000000000,0.401876428,0.000000000,0.000000000,9.800000000,0.973383853,0.000000000,0.000000000,0.229180879
8.687498610,0.000000000,0.000000000,0.401876428,0.000000000,0.000000000,9.800000000,0.973191632,0.000000000,0.000000000,0.229995757
8.691665276,0.000000000,0.000000000,0.401876428,0.000000000,-0.000000000,9.800000000,0.972998728,0.000000000,0.000000000,0.230810473
8.695831942,0.000000000,0.000000000,0.401876428,0.000000000,0.000000000,9.800000000,0.972805143,0.000000000,0.000000000,0.231625028
8.704165274,0.000000000,0.000000000,0.401876428,0.000000000,0.000000000,9.800000000,0.972415927,0.000000000,0.000000000,0.233253650
8.708331940,0.000000000,0.000000000,0.401876428,0.000000000,0.000000000,9.800000000,0.972220296,0.000000000,0.000000000,0.234067716
8.712498606,0.000000000,0.000000000,0.387709859,0.000000000,0.000000000,9.800000000,0.972030916,0.000000000,0.000000000,0.234852930
8.716665272,0.000000000,0.000000000,0.373393822,0.000000000,0.000000000,9.800000000,0.971847929,0.000000000,0.000000000,0.235609005
8.720831938,0.000000000,0.000000000,0.358933834,-0.000000000,0.000000000,9.800000000,0.971671474,0.000000000,0.000000000,0.236335667
8.729165270,0.000000000,0.000000000,0.358933834,-0.000000000,0.000000000,9.800000000,0.971316934,0.000000000,0.000000000,0.237788592
8.733331936,0.000000000,0.000000000,0.344335470,0.000000000,0.000000000,9.800000000,0.971146102,0.000000000,0.000000000,0.238485320
8.737498602,0.000000000,0.000000000,0.344335470,0.000000000,0.000000000,9.800000000,0.970974771,0.000000000,0.000000000,0.239181925
8.741665268,0.000000000,0.000000000,0.344335470,0.000000000,-0.000000000,9.800000000,0.970802941,0.000000000,0.000000000,0.239878408
8.745831934,0.000000000,0.000000000,0.344335470,0.000000000,0.000000000,9.800000000,0.970630610,0.000000000,0.000000000,0.240574766
8.754165266,0.000000000,0.000000000,0.329604359,-0.000000000,-0.000000000,9.800000000,0.970299302,0.000000000,0.000000000,0.241907556
8.758331932,0.000000000,0.000000000,0.314746178,-0.000000000,0.000000000,9.800000000,0.970140469,0.000000000,0.000000000,0.242543749
8.762498598,0.000000000,0.000000000,0.314746178,0.000000000,0.000000000,9.800000000,0.969981219,0.000000000,0.000000000,0.243179839
8.766665264,0.000000000,0.000000000,0.314746178,0.000000000,0.000000000,9.800000000,0.969821553,0.000000000,0.000000000,0.243815824
8.770831930,0.000000000,0.000000000,0.299766657,-0.000000000,0.000000000,9.800000000,0.969669097,0.000000000,0.000000000,0.244421443
8.779165262,0.000000000,0.000000000,0.299766657,0.000000000,0.000000000,9.800000000,0.969363052,0.000000000,0.000000000,0.245632395
8.783331928,0.000000000,0.000000000,0.299766657,-0.000000000,0.000000000,9.800000000,0.969209462,0.000000000,0.000000000,0.246237728
8.787498594,0.000000000,0.000000000,0.284671571,0.000000000,0.000000000,9.800000000,0.969063256,0.000000000,0.000000000,0.246812490
8.791665260,0.000000000,0.000000000,0.284671571,0.000000000,0.000000000,9.800000000,0.968916710,0.000000000,0.000000000,0.247387164
8.795831926,0.000000000,0.000000000,0.284671571,0.000000000,0.000000000,9.800000000,0.968769823,0.000000000,0.000000000,0.247961752
8.804165258,0.000000000,0.000000000,0.269466738,0.000000000,-0.000000000,9.800000000,0.968490806,0.000000000,0.000000000,0.249049309
8.808331924,0.000000000,0.000000000,0.254158021,0.000000000,0.000000000,9.800000000,0.968358800,0.000000000,0.000000000,0.249562086
8.812498590,0.000000000,0.000000000,0.254158021,0.000000000,0.000000000,9.800000000,0.968226522,0.000000000,0.000000000,0.250074793
8.816665256,0.000000000,0.000000000,0.254158021,0.000000000,0.000000000,9.800000000,0.968093973,0.000000000,0.000000000,0.250587429
8.820831922,0.000000000,0.000000000,0.238751321,0.000000000,-0.000000000,9.800000000,0.967969211,0.000000000,0.000000000,0.251068927
8.829165254,0.000000000,0.000000000,0.238751321,0.000000000,-0.000000000,9.800000000,0.967718970,0.000000000,0.000000000,0.252031736
8.833331920,0.000000000,0.000000000,0.223252577,0.000000000,-0.000000000,9.800000000,0.967601643,0.000000000,0.000000000,0.252481804
8.837498586,0.000000000,0.000000000,0.223252577,0.000000000,-0.000000000,9.800000000,0.967484106,0.000000000,0.000000000,0.252931817
8.841665252,0.000000000,0.000000000,0.223252577,0.000000000,-0.000000000,9.800000000,0.967366361,0.000000000,0.000000000,0.253381776
8.845831918,0.000000000,0.000000000,0.207667766,0.000000000,-0.000000000,9.800000000,0.967256647,0.000000000,0.000000000,0.253800274
8.854165250,0.000000000,0.000000000,0.207667766,0.000000000,0.000000000,9.800000000,0.967036676,0.000000000,0.000000000,0.254637129
8.858331916,0.000000000,0.000000000,0.207667766,0.000000000,0.000000000,9.800000000,0.966926419,0.000000000,0.000000000,0.255055485
8.862498582,0.000000000,0.000000000,0.207667766,0.000000000,-0.000000000,9.800000000,0.966815981,0.000000000,0.000000000,0.255473794
8.866665248,0.000000000,0.000000000,0.192002895,0.000000000,0.000000000,9.800000000,0.966713712,0.000000000,0.000000000,0.255860505
8.870831914,0.000000000,0.000000000,0.176264003,0.000000000,-0.000000000,9.800000000,0.966619691,0.000000000,0.000000000,0.256215482
8.879165246,0.000000000,0.000000000,0.176264003,0.000000000,-0.000000000,9.800000000,0.966431257,0.000000000,0.000000000,0.256925330
8.883331912,0.000000000,0.000000000,0.160457158,0.000000000,-0.000000000,9.800000000,0.966345317,0.000000000,0.000000000,0.257248380
8.887498578,0.000000000,0.000000000,0.160457158,0.000000000,0.000000000,9.800000000,0.966259268,0.000000000,0.000000000,0.257571401
8.891665244,0.000000000,0.000000000,0.160457158,0.000000000,0.000000000,9.800000000,0.966173112,0.000000000,0.000000000,0.257894393
8.895831910,0.000000000,0.000000000,0.144588453,-0.000000000,-0.000000000,9.800000000,0.966095383,0.000000000,0.000000000,0.258185418
8.904165242,0.000000000,0.000000000,0.144588453,-0.000000000,-0.000000000,9.800000000,0.965939664,0.000000000,0.000000000,0.258767397
8.908331908,0.000000000,0.000000000,0.128664007,0.000000000,0.000000000,9.800000000,0.965870267,0.000000000,0.000000000,0.259026308
8.912498574,0.000000000,0.000000000,0.128664007,0.000000000,0.000000000,9.800000000,0.965800800,0.000000000,0.000000000,0.259285200
8.916665240,0.000000000,0.000000000,0.128664007,-0.000000000,0.000000000,9.800000000,0.965731264,0.000000000,0.000000000,0.259544074
8.920831906,0.000000000,0.000000000,0.112689959,0.000000000,0.000000000,9.800000000,0.965670304,0.000000000,0.000000000,0.259770792
8.929165238,0.000000000,0.000000000,0.112689959,0.000000000,0.000000000,9.800000000,0.965548224,0.000000000,0.000000000,0.260224185
8.933331904,0.000000000,0.000000000,0.112689959,0.000000000,0.000000000,9.800000000,0.965487105,0.000000000,0.000000000,0.260450861
8.937498570,0.000000000,0.000000000,0.096672467,-0.000000000,0.000000000,9.800000000,0.965434630,0.000000000,0.000000000,0.260645305
8.941665236,0.000000000,0.000000000,0.096672467,-0.000000000,-0.000000000,9.800000000,0.965382116,0.000000000,0.000000000,0.260839740
8.945831902,0.000000000,0.000000000,0.080617705,0.000000000,0.000000000,9.800000000,0.965338294,0.000000000,0.000000000,0.261001875
8.954165234,0.000000000,0.000000000,0.080617705,-0.000000000,-0.000000000,9.800000000,0.965250567,0.000000000,0.000000000,0.261326124
8.958331900,0.000000000,0.000000000,0.080617705,0.000000000,0.000000000,9.800000000,0.965206663,0.000000000,0.000000000,0.261488238
8.962498566,0.000000000,0.000000000,0.064531864,0.000000000,0.000000000,9.800000000,0.965171499,0.000000000,0.000000000,0.261617999
8.966665232,0.000000000,0.000000000,0.064531864,0.000000000,0.000000000,9.800000000,0.965136318,0.000000000,0.000000000,0.261747756
8.970831898,0.000000000,0.000000000,0.048421145,0.000000000,0.000000000,9.800000000,0.965109909,0.000000000,0.000000000,0.261845115
8.979165230,0.000000000,0.000000000,0.048421145,0.000000000,0.000000000,9.800000000,0.965057060,0.000000000,0.000000000,0.262039825
8.983331896,0.000000000,0.000000000,0.032291758,0.000000000,-0.000000000,9.800000000,0.965039430,0.000000000,0.000000000,0.262104748
8.987498562,0.000000000,0.000000000,0.032291758,0.000000000,0.000000000,9.800000000,0.965021795,0.000000000,0.000000000,0.262169670
8.991665228,0.000000000,0.000000000,0.032291758,0.000000000,-0.000000000,9.800000000,0.965004155,0.000000000,0.000000000,0.262234591
8.995831894,0.000000000,0.000000000,0.032291758,0.000000000,0.000000000,9.800000000,0.964986511,0.000000000,0.000000000,0.262299511
9.004165226,0.000000000,0.000000000,0.032291758,0.000000000,0.000000000,9.800000000,0.964951210,0.000000000,0.000000000,0.262429346
9.008331892,0.000000000,0.000000000,0.000001860,0.000000000,0.000000000,9.800000000,0.964951209,0.000000000,0.000000000,0.262429350
9.012498558,0.000000000,0.000000000,0.000001860,0.000000000,-0.000000000,9.800000000,0.964951208,0.000000000,0.000000000,0.262429354
9.016665224,0.000000000,0.000000000,-0.016146202,0.000000000,0.000000000,9.800000000,0.964960035,0.000000000,0.000000000,0.262396895
9.020831890,0.000000000,0.000000000,-0.016146202,0.000000000,0.000000000,9.800000000,0.964968861,0.000000000,0.000000000,0.262364435
9.029165222,0.000000000,0.000000000,-0.016146202,0.000000000,0.000000000,9.800000000,0.964986510,0.000000000,0.000000000,0.262299515
9.033331888,0.000000000,0.000000000,-0.032288040,0.000000000,0.000000000,9.800000000,0.965004152,0.000000000,0.000000000,0.262234603
9.037498554,0.000000000,0.000000000,-0.032288040,0.000000000,-0.000000000,9.800000000,0.965021789,0.000000000,0.000000000,0.262169690
9.041665220,0.000000000,0.000000000,-0.032288040,0.000000000,0.000000000,9.800000000,0.965039422,0.000000000,0.000000000,0.262104776
9.045831886,0.000000000,0.000000000,-0.032288040,0.000000000,0.000000000,9.800000000,0.965057051,0.000000000,0.000000000,0.262039860
9.054165218,0.000000000,0.000000000,-0.048417430,0.000000000,0.000000000,9.800000000,0.965101096,0.000000000,0.000000000,0.261877595
9.058331884,0.000000000,0.000000000,-0.048417430,0.000000000,0.000000000,9.800000000,0.965127506,0.000000000,0.000000000,0.261780244
9.062498550,0.000000000,0.000000000,-0.064528155,-0.000000000,-0.000000000,9.800000000,0.965162690,0.000000000,0.000000000,0.261650496
9.066665216,0.000000000,0.000000000,-0.064528155,-0.000000000,-0.000000000,9.800000000,0.965197856,0.000000000,0.000000000,0.261520744
9.070831882,0.000000000,0.000000000,-0.080614002,0.000000000,0.000000000,9.800000000,0.965241763,0.000000000,0.000000000,0.261358639
9.079165214,0.000000000,0.000000000,-0.080614002,0.000000000,-0.000000000,9.800000000,0.965329497,0.000000000,0.000000000,0.261034408
9.083331880,0.000000000,0.000000000,-0.096668772,0.000000000,0.000000000,9.800000000,0.965382048,0.000000000,0.000000000,0.260839992
9.087498546,0.000000000,0.000000000,-0.096668772,0.000000000,-0.000000000,9.800000000,0.965434560,0.000000000,0.000000000,0.260645565
9.091665212,0.000000000,0.000000000,-0.096668772,0.000000000,-0.000000000,9.800000000,0.965487033,0.000000000,0.000000000,0.260451128
9.095831878,0.000000000,0.000000000,-0.112686273,0.000000000,0.000000000,9.800000000,0.965548150,0.000000000,0.000000000,0.260224460
9.104165210,0.000000000,0.000000000,-0.112686273,-0.000000000,0.000000000,9.800000000,0.965670226,0.000000000,0.000000000,0.259771081
9.108331876,0.000000000,0.000000000,-0.112686273,0.000000000,0.000000000,9.800000000,0.965731184,0.000000000,0.000000000,0.259544370
9.112498542,0.000000000,0.000000000,-0.128660332,0.000000000,0.000000000,9.800000000,0.965800718,0.000000000,0.000000000,0.259285504
9.116665208,0.000000000,0.000000000,-0.128660332,0.000000000,0.000000000,9.800000000,0.965870183,0.000000000,0.000000000,0.259026619
9.120831874,0.000000000,0.000000000,-0.144584791,0.000000000,0.000000000,9.800000000,0.965948163,0.000000000,0.000000000,0.258735670
9.129165206,0.000000000,0.000000000,-0.144584791,0.000000000,0.000000000,9.800000000,0.966103859,0.000000000,0.000000000,0.258153700
9.133331872,0.000000000,0.000000000,-0.144584791,0.000000000,0.000000000,9.800000000,0.966181576,0.000000000,0.000000000,0.257862680
9.137498538,0.000000000,0.000000000,-0.160453508,0.000000000,0.000000000,9.800000000,0.966267720,0.000000000,0.000000000,0.257539693
9.141665204,0.000000000,0.000000000,-0.160453508,0.000000000,0.000000000,9.800000000,0.966353756,0.000000000,0.000000000,0.257216676
9.145831870,0.000000000,0.000000000,-0.176260368,-0.000000000,0.000000000,9.800000000,0.966448143,0.000000000,0.000000000,0.256861805
9.154165202,0.000000000,0.000000000,-0.176260368,-0.000000000,0.000000000,9.800000000,0.966636526,0.000000000,0.000000000,0.256151959
9.158331868,0.000000000,0.000000000,-0.176260368,-0.000000000,0.000000000,9.800000000,0.966730522,0.000000000,0.000000000,0.255796984
9.162498534,0.000000000,0.000000000,-0.191999277,0.000000000,0.000000000,9.800000000,0.966832764,0.000000000,0.000000000,0.255410273
9.166665200,0.000000000,0.000000000,-0.191999277,0.000000000,0.000000000,9.800000000,0.966934850,0.000000000,0.000000000,0.255023520
9.170831866,0.000000000,0.000000000,-0.191999277,0.000000000,-0.000000000,9.800000000,0.967036782,0.000000000,0.000000000,0.254636728
9.179165198,0.000000000,0.000000000,-0.207664166,0.000000000,0.000000000,9.800000000,0.967256748,0.000000000,0.000000000,0.253799887
9.183331864,0.000000000,0.000000000,-0.223248996,0.000000000,0.000000000,9.800000000,0.967374687,0.000000000,0.000000000,0.253349987
9.187498530,0.000000000,0.000000000,-0.223248996,0.000000000,0.000000000,9.800000000,0.967492416,0.000000000,0.000000000,0.252900031
9.191665196,0.000000000,0.000000000,-0.223248996,0.000000000,0.000000000,9.800000000,0.967609935,0.000000000,0.000000000,0.252450021
9.195831862,0.000000000,0.000000000,-0.238747760,0.000000000,0.000000000,9.800000000,0.967735382,0.000000000,0.000000000,0.251968709
9.204165194,0.000000000,0.000000000,-0.238747760,0.000000000,0.000000000,9.800000000,0.967985557,0.000000000,0.000000000,0.251005899
9.208331860,0.000000000,0.000000000,-0.238747760,0.000000000,0.000000000,9.800000000,0.968110286,0.000000000,0.000000000,0.250524400
9.212498526,0.000000000,0.000000000,-0.254154482,0.000000000,0.000000000,9.800000000,0.968242800,0.000000000,0.000000000,0.250011762
9.216665192,0.000000000,0.000000000,-0.254154482,0.000000000,0.000000000,9.800000000,0.968375042,0.000000000,0.000000000,0.249499054
9.220831858,0.000000000,0.000000000,-0.254154482,0.000000000,0.000000000,9.800000000,0.968507013,0.000000000,0.000000000,0.248986275
9.229165190,0.000000000,0.000000000,-0.269463223,0.000000000,0.000000000,9.800000000,0.968778049,0.000000000,0.000000000,0.247929612
9.233331856,0.000000000,0.000000000,-0.284668080,-0.000000000,-0.000000000,9.800000000,0.968924915,0.000000000,0.000000000,0.247355026
9.237498522,0.000000000,0.000000000,-0.284668080,0.000000000,-0.000000000,9.800000000,0.969071441,0.000000000,0.000000000,0.246780354
9.241665188,0.000000000,0.000000000,-0.284668080,-0.000000000,-0.000000000,9.800000000,0.969217625,0.000000000,0.000000000,0.246205595
9.245831854,0.000000000,0.000000000,-0.284668080,-0.000000000,-0.000000000,9.800000000,0.969363469,0.000000000,0.000000000,0.245630749
9.254165186,0.000000000,0.000000000,-0.299763193,0.000000000,0.000000000,9.800000000,0.969669509,0.000000000,0.000000000,0.244419810
9.258331852,0.000000000,0.000000000,-0.299763193,0.000000000,0.000000000,9.800000000,0.969821962,0.000000000,0.000000000,0.243814197
9.262498518,0.000000000,0.000000000,-0.299763193,0.000000000,-0.000000000,9.800000000,0.969974036,0.000000000,0.000000000,0.243208489
9.266665184,0.000000000,0.000000000,-0.314742741,0.000000000,-0.000000000,9.800000000,0.970133303,0.000000000,0.000000000,0.242572412
9.270831850,0.000000000,0.000000000,-0.329600950,-0.000000000,0.000000000,9.800000000,0.970299641,0.000000000,0.000000000,0.241906195
9.279165182,0.000000000,0.000000000,-0.344332091,-0.000000000,0.000000000,9.800000000,0.970638327,0.000000000,0.000000000,0.240543630
9.283331848,0.000000000,0.000000000,-0.344332091,0.000000000,0.000000000,9.800000000,0.970810633,0.000000000,0.000000000,0.239847272
9.287498514,0.000000000,0.000000000,-0.344332091,0.000000000,0.000000000,9.800000000,0.970982440,0.000000000,0.000000000,0.239150792
9.291665180,0.000000000,0.000000000,-0.344332091,-0.000000000,0.000000000,9.800000000,0.971153747,0.000000000,0.000000000,0.238454188
9.295831846,0.000000000,0.000000000,-0.344332091,0.000000000,-0.000000000,9.800000000,0.971324554,0.000000000,0.000000000,0.237757461
9.304165178,0.000000000,0.000000000,-0.358930486,0.000000000,0.000000000,9.800000000,0.971679044,0.000000000,0.000000000,0.236304538
9.308331844,0.000000000,0.000000000,-0.373390507,0.000000000,0.000000000,9.800000000,0.971862571,0.000000000,0.000000000,0.235548600
9.312498510,0.000000000,0.000000000,-0.373390507,0.000000000,0.000000000,9.800000000,0.972045509,0.000000000,0.000000000,0.234792520
9.316665176,0.000000000,0.000000000,-0.373390507,0.000000000,0.000000000,9.800000000,0.972227860,0.000000000,0.000000000,0.234036298
9.320831842,0.000000000,0.000000000,-0.373390507,0.000000000,0.000000000,9.800000000,0.972409622,0.000000000,0.000000000,0.233279935
9.329165174,0.000000000,0.000000000,-0.387706578,0.000000000,0.000000000,9.800000000,0.972785203,0.000000000,0.000000000,0.231708758
9.333331840,0.000000000,0.000000000,-0.387706578,0.000000000,0.000000000,9.800000000,0.972972042,0.000000000,0.000000000,0.230922942
9.337498506,0.000000000,0.000000000,-0.401873181,-0.000000000,0.000000000,9.800000000,0.973165038,0.000000000,0.000000000,0.230108255
9.341665172,0.000000000,0.000000000,-0.401873181,-0.000000000,0.000000000,9.800000000,0.973357352,0.000000000,0.000000000,0.229293406
9.345831838,0.000000000,0.000000000,-0.401873181,-0.000000000,0.000000000,9.800000000,0.973548983,0.000000000,0.000000000,0.228478396
9.354165170,0.000000000,0.000000000,-0.415884855,-0.000000000,-0.000000000,9.800000000,0.973943441,0.000000000,0.000000000,0.226791036
9.358331836,0.000000000,0.000000000,-0.415884855,-0.000000000,-0.000000000,9.800000000,0.974139573,0.000000000,0.000000000,0.225947101
9.362498502,0.000000000,0.000000000,-0.415884855,-0.000000000,-0.000000000,9.800000000,0.974334974,0.000000000,0.000000000,0.225102995
9.366665168,0.000000000,0.000000000,-0.429736197,0.000000000,0.000000000,9.800000000,0.974536114,0.000000000,0.000000000,0.224230599
9.370831834,0.000000000,0.000000000,-0.443421867,-0.000000000,0.000000000,9.800000000,0.974742842,0.000000000,0.000000000,0.223330232
9.379165166,0.000000000,0.000000000,-0.443421867,-0.000000000,0.000000000,9.800000000,0.975153801,0.000000000,0.000000000,0.221528926
9.383331832,0.000000000,0.000000000,-0.456936590,0.000000000,0.000000000,9.800000000,0.975364244,0.000000000,0.000000000,0.220600527
9.387498498,0.000000000,0.000000000,-0.456936590,0.000000000,0.000000000,9.800000000,0.975573803,0.000000000,0.000000000,0.219671928
9.391665164,0.000000000,0.000000000,-0.456936590,0.000000000,0.000000000,9.800000000,0.975782477,0.000000000,0.000000000,0.218743130
9.395831830,0.000000000,0.000000000,-0.456936590,0.000000000,0.000000000,9.800000000,0.975990268,0.000000000,0.000000000,0.217814134
9.404165162,0.000000000,0.000000000,-0.470275155,-0.000000000,0.000000000,9.800000000,0.976415196,0.000000000,0.000000000,0.215901284
9.408331828,0.000000000,0.000000000,-0.483432421,-0.000000000,-0.000000000,9.800000000,0.976632146,0.000000000,0.000000000,0.214917777
9.412498494,0.000000000,0.000000000,-0.483432421,-0.000000000,-0.000000000,9.800000000,0.976848105,0.000000000,0.000000000,0.213934053
9.416665160,0.000000000,0.000000000,-0.483432421,-0.000000000,-0.000000000,9.800000000,0.977063074,0.000000000,0.000000000,0.212950111
9.420831826,0.000000000,0.000000000,-0.483432421,0.000000000,0.000000000,9.800000000,0.977277051,0.000000000,0.000000000,0.211965953
9.429165158,0.000000000,0.000000000,-0.496403314,0.000000000,0.000000000,9.800000000,0.977713379,0.000000000,0.000000000,0.209944154
9.433331824,0.000000000,0.000000000,-0.509182834,0.000000000,0.000000000,9.800000000,0.977935538,0.000000000,0.000000000,0.208906880
9.437498490,0.000000000,0.000000000,-0.509182834,-0.000000000,-0.000000000,9.800000000,0.978156595,0.000000000,0.000000000,0.207869371
9.441665156,0.000000000,0.000000000,-0.509182834,-0.000000000,-0.000000000,9.800000000,0.978376552,0.000000000,0.000000000,0.206831628
9.445831822,0.000000000,0.000000000,-0.521766054,0.000000000,0.000000000,9.800000000,0.978600803,0.000000000,0.000000000,0.205767999
9.454165154,0.000000000,0.000000000,-0.521766054,0.000000000,0.000000000,9.800000000,0.979045834,0.000000000,0.000000000,0.203640012
9.458331820,0.000000000,0.000000000,-0.534148124,0.000000000,0.000000000,9.800000000,0.979271840,0.000000000,0.000000000,0.202550395
9.462498486,0.000000000,0.000000000,-0.534148124,0.000000000,0.000000000,9.800000000,0.979496634,0.000000000,0.000000000,0.201460528
9.466665152,0.000000000,0.000000000,-0.534148124,-0.000000000,0.000000000,9.800000000,0.979720214,0.000000000,0.000000000,0.200370412
9.470831818,0.000000000,0.000000000,-0.534148124,0.000000000,0.000000000,9.800000000,0.979942581,0.000000000,0.000000000,0.199280047
9.479165150,0.000000000,0.000000000,-0.546324270,-0.000000000,-0.000000000,9.800000000,0.980393673,0.000000000,0.000000000,0.197048840
9.483331816,0.000000000,0.000000000,-0.558289797,0.000000000,0.000000000,9.800000000,0.980622198,0.000000000,0.000000000,0.195908407
9.487498482,0.000000000,0.000000000,-0.558289797,0.000000000,-0.000000000,9.800000000,0.980849397,0.000000000,0.000000000,0.194767710
9.491665148,0.000000000,0.000000000,-0.558289797,0.000000000,0.000000000,9.800000000,0.981075268,0.000000000,0.000000000,0.193626749
9.495831814,0.000000000,0.000000000,-0.570040093,0.000000000,0.000000000,9.800000000,0.981304524,0.000000000,0.000000000,0.192461504
9.504165146,0.000000000,0.000000000,-0.570040093,-0.000000000,0.000000000,9.800000000,0.981758884,0.000000000,0.000000000,0.190130201
9.508331812,0.000000000,0.000000000,-0.581570628,-0.000000000,-0.000000000,9.800000000,0.981988526,0.000000000,0.000000000,0.188940558
9.512498478,0.000000000,0.000000000,-0.581570628,-0.000000000,0.000000000,9.800000000,0.982216727,0.000000000,0.000000000,0.187750637
9.516665144,0.000000000,0.000000000,-0.581570628,-0.000000000,0.000000000,9.800000000,0.982443485,0.000000000,0.000000000,0.186560441
9.520831810,0.000000000,0.000000000,-0.581570628,-0.000000000,0.000000000,9.800000000,0.982668802,0.000000000,0.000000000,0.185369970
9.529165142,0.000000000,0.000000000,-0.592876956,-0.000000000,-0.000000000,9.800000000,0.983123726,0.000000000,0.000000000,0.182941900
9.533331808,0.000000000,0.000000000,-0.603954719,-0.000000000,0.000000000,9.800000000,0.983353133,0.000000000,0.000000000,0.181704751
9.537498474,0.000000000,0.000000000,-0.603954719,-0.000000000,0.000000000,9.800000000,0.983580982,0.000000000,0.000000000,0.180467315
9.541665140,0.000000000,0.000000000,-0.603954719,-0.000000000,-0.000000000,9.800000000,0.983807274,0.000000000,0.000000000,0.179229593
9.545831806,0.000000000,0.000000000,-0.614799646,0.000000000,0.000000000,9.800000000,0.984036030,0.000000000,0.000000000,0.177969354
9.554165138,0.000000000,0.000000000,-0.614799646,-0.000000000,0.000000000,9.800000000,0.984488699,0.000000000,0.000000000,0.175448002
9.558331804,0.000000000,0.000000000,-0.625407557,0.000000000,0.000000000,9.800000000,0.984716460,0.000000000,0.000000000,0.174165132
9.562498470,0.000000000,0.000000000,-0.625407557,0.000000000,0.000000000,9.800000000,0.984942550,0.000000000,0.000000000,0.172881965
9.566665136,0.000000000,0.000000000,-0.635774360,-0.000000000,-0.000000000,9.800000000,0.985170673,0.000000000,0.000000000,0.171577228
9.570831802,0.000000000,0.000000000,-0.635774360,-0.000000000,-0.000000000,9.800000000,0.985397068,0.000000000,0.000000000,0.170272190
9.579165134,0.000000000,0.000000000,-0.635774360,-0.000000000,-0.000000000,9.800000000,0.985844671,0.000000000,0.000000000,0.167661221
9.583331800,0.000000000,0.000000000,-0.645896061,0.000000000,0.000000000,9.800000000,0.986069386,0.000000000,0.000000000,0.166334500
9.587498466,0.000000000,0.000000000,-0.645896061,-0.000000000,0.000000000,9.800000000,0.986292316,0.000000000,0.000000000,0.165007479
9.591665132,0.000000000,0.000000000,-0.645896061,-0.000000000,0.000000000,9.800000000,0.986513459,0.000000000,0.000000000,0.163680158
9.595831798,0.000000000,0.000000000,-0.655768757,-0.000000000,0.000000000,9.800000000,0.986736156,0.000000000,0.000000000,0.162332247
9.604165130,0.000000000,0.000000000,-0.665388641,0.000000000,0.000000000,9.800000000,0.987179223,0.000000000,0.000000000,0.159615732
9.608331796,0.000000000,0.000000000,-0.665388641,0.000000000,0.000000000,9.800000000,0.987399538,0.000000000,0.000000000,0.158247125
9.612498462,0.000000000,0.000000000,-0.665388641,0.000000000,0.000000000,9.800000000,0.987617955,0.000000000,0.000000000,0.156878215
9.616665128,0.000000000,0.000000000,-0.665388641,0.000000000,0.000000000,9.800000000,0.987834475,0.000000000,0.000000000,0.155509003
9.620831794,0.000000000,0.000000000,-0.674752005,0.000000000,0.000000000,9.800000000,0.988052103,0.000000000,0.000000000,0.154120218
9.629165126,0.000000000,0.000000000,-0.674752005,0.000000000,0.000000000,9.800000000,0.988481501,0.000000000,0.000000000,0.151341737
9.633331792,0.000000000,0.000000000,-0.674752005,0.000000000,0.000000000,9.800000000,0.988693271,0.000000000,0.000000000,0.149952047
9.637498458,0.000000000,0.000000000,-0.683855240,0.000000000,-0.000000000,9.800000000,0.988905904,0.000000000,0.000000000,0.148543306
9.641665124,0.000000000,0.000000000,-0.683855240,0.000000000,0.000000000,9.800000000,0.989116529,0.000000000,0.000000000,0.147134263
9.645831790,0.000000000,0.000000000,-0.692694836,-0.000000000,0.000000000,9.800000000,0.989327831,0.000000000,0.000000000,0.145706702
9.654165122,0.000000000,0.000000000,-0.692694836,0.000000000,0.000000000,9.800000000,0.989744252,0.000000000,0.000000000,0.142850674
9.658331788,0.000000000,0.000000000,-0.692694836,-0.000000000,0.000000000,9.800000000,0.989949371,0.000000000,0.000000000,0.141422212
9.662498454,0.000000000,0.000000000,-0.701267384,0.000000000,-0.000000000,9.800000000,0.990154929,0.000000000,0.000000000,0.139975771
9.666665120,0.000000000,0.000000000,-0.701267384,0.000000000,-0.000000000,9.800000000,0.990358373,0.000000000,0.000000000,0.138529032
9.670831786,0.000000000,0.000000000,-0.709569581,-0.000000000,-0.000000000,9.800000000,0.990562074,0.000000000,0.000000000,0.137064865
9.679165118,0.000000000,0.000000000,-0.709569581,0.000000000,-0.000000000,9.800000000,0.990962982,0.000000000,0.000000000,0.134135634
9.683331784,0.000000000,0.000000000,-0.709569581,0.000000000,-0.000000000,9.800000000,0.991160188,0.000000000,0.000000000,0.132670578
9.687498450,0.000000000,0.000000000,-0.717598225,-0.000000000,-0.000000000,9.800000000,0.991357422,0.000000000,0.000000000,0.131188649
9.691665116,0.000000000,0.000000000,-0.717598225,0.000000000,-0.000000000,9.800000000,0.991552441,0.000000000,0.000000000,0.129706428
9.695831782,0.000000000,0.000000000,-0.725350222,-0.000000000,0.000000000,9.800000000,0.991747314,0.000000000,0.000000000,0.128207900
9.704165114,0.000000000,0.000000000,-0.725350222,0.000000000,0.000000000,9.800000000,0.992130266,0.000000000,0.000000000,0.125209969
9.708331780,0.000000000,0.000000000,-0.732822582,0.000000000,-0.000000000,9.800000000,0.992320269,0.000000000,0.000000000,0.123695125
9.712498446,0.000000000,0.000000000,-0.732822582,-0.000000000,-0.000000000,9.800000000,0.992507959,0.000000000,0.000000000,0.122179992
9.716665112,0.000000000,0.000000000,-0.732822582,0.000000000,-0.000000000,9.800000000,0.992693336,0.000000000,0.000000000,0.120664575
9.720831778,0.000000000,0.000000000,-0.740012426,0.000000000,0.000000000,9.800000000,0.992878184,0.000000000,0.000000000,0.119134005
9.729165110,0.000000000,0.000000000,-0.740012426,0.000000000,0.000000000,9.800000000,0.993240800,0.000000000,0.000000000,0.116072018
9.733331776,0.000000000,0.000000000,-0.740012426,0.000000000,0.000000000,9.800000000,0.993418567,0.000000000,0.000000000,0.114540609
9.737498442,0.000000000,0.000000000,-0.746916980,0.000000000,-0.000000000,9.800000000,0.993595598,0.000000000,0.000000000,0.112994635
9.741665108,0.000000000,0.000000000,-0.746916980,0.000000000,-0.000000000,9.800000000,0.993770223,0.000000000,0.000000000,0.111448388
9.745831774,0.000000000,0.000000000,-0.753533585,0.000000000,0.000000000,9.800000000,0.993943957,0.000000000,0.000000000,0.109888170
9.754165106,0.000000000,0.000000000,-0.753533585,0.000000000,-0.000000000,9.800000000,0.994284076,0.000000000,0.000000000,0.106766925
9.758331772,0.000000000,0.000000000,-0.753533585,0.000000000,0.000000000,9.800000000,0.994450460,0.000000000,0.000000000,0.105205906
9.762498438,0.000000000,0.000000000,-0.753533585,0.000000000,0.000000000,9.800000000,0.994614393,0.000000000,0.000000000,0.103644628
9.766665104,0.000000000,0.000000000,-0.759859687,0.000000000,-0.000000000,9.800000000,0.994777221,0.000000000,0.000000000,0.102069983
9.770831770,0.000000000,0.000000000,-0.759859687,0.000000000,-0.000000000,9.800000000,0.994937555,0.000000000,0.000000000,0.100495083
9.779165102,0.000000000,0.000000000,-0.765892849,0.000000000,0.000000000,9.800000000,0.995251967,0.000000000,0.000000000,0.097332022
9.783331768,0.000000000,0.000000000,-0.765892849,0.000000000,0.000000000,9.800000000,0.995406004,0.000000000,0.000000000,0.095743865
9.787498434,0.000000000,0.000000000,-0.771630745,0.000000000,0.000000000,9.800000000,0.995558632,0.000000000,0.000000000,0.094143563
9.791665100,0.000000000,0.000000000,-0.771630745,-0.000000000,0.000000000,9.800000000,0.995708687,0.000000000,0.000000000,0.092543018
9.795831766,0.000000000,0.000000000,-0.777071163,0.000000000,0.000000000,9.800000000,0.995857200,0.000000000,0.000000000,0.090930947
9.804165098,0.000000000,0.000000000,-0.777071163,0.000000000,0.000000000,9.800000000,0.996146395,0.000000000,0.000000000,0.087706093
9.808331764,0.000000000,0.000000000,-0.777071163,0.000000000,0.000000000,9.800000000,0.996287077,0.000000000,0.000000000,0.086093320
9.812498430,0.000000000,0.000000000,-0.782212006,0.000000000,0.000000000,9.800000000,0.996426053,0.000000000,0.000000000,0.084469649
9.816665096,0.000000000,0.000000000,-0.782212006,-0.000000000,0.000000000,9.800000000,0.996562382,0.000000000,0.000000000,0.082845753
9.820831762,0.000000000,0.000000000,-0.782212006,-0.000000000,0.000000000,9.800000000,0.996696065,0.000000000,0.000000000,0.081221638
9.829165094,0.000000000,0.000000000,-0.787051290,0.000000000,0.000000000,9.800000000,0.996957062,0.000000000,0.000000000,0.077952662
9.833331760,0.000000000,0.000000000,-0.791587152,0.000000000,0.000000000,9.800000000,0.997084261,0.000000000,0.000000000,0.076308435
9.837498426,0.000000000,0.000000000,-0.791587152,0.000000000,0.000000000,9.800000000,0.997208748,0.000000000,0.000000000,0.074664001
9.841665092,0.000000000,0.000000000,-0.791587152,0.000000000,0.000000000,9.800000000,0.997330523,0.000000000,0.000000000,0.073019364
9.845831758,0.000000000,0.000000000,-0.795817842,0.000000000,0.000000000,9.800000000,0.997450215,0.000000000,0.000000000,0.071365737
9.854165090,0.000000000,0.000000000,-0.795817842,0.000000000,0.000000000,9.800000000,0.997681373,0.000000000,0.000000000,0.068057898
9.858331756,0.000000000,0.000000000,-0.795817842,0.000000000,0.000000000,9.800000000,0.997792839,0.000000000,0.000000000,0.066403696
9.862498422,0.000000000,0.000000000,-0.799741729,0.000000000,0.000000000,9.800000000,0.997902091,0.000000000,0.000000000,0.064741154
9.866665088,0.000000000,0.000000000,-0.799741729,0.000000000,0.000000000,9.800000000,0.998008573,0.000000000,0.000000000,0.063078431
9.870831754,0.000000000,0.000000000,-0.803357300,0.000000000,0.000000000,9.800000000,0.998112747,0.000000000,0.000000000,0.061408016
9.879165086,0.000000000,0.000000000,-0.803357300,-0.000000000,0.000000000,9.800000000,0.998312707,0.000000000,0.000000000,0.058066674
9.883331752,0.000000000,0.000000000,-0.803357300,0.000000000,0.000000000,9.800000000,0.998408493,0.000000000,0.000000000,0.056395757
9.887498418,0.000000000,0.000000000,-0.806663162,-0.000000000,-0.000000000,9.800000000,0.998501859,0.000000000,0.000000000,0.054717804
9.891665084,0.000000000,0.000000000,-0.806663162,-0.000000000,-0.000000000,9.800000000,0.998592405,0.000000000,0.000000000,0.053039698
9.895831750,0.000000000,0.000000000,-0.806663162,-0.000000000,-0.000000000,9.800000000,0.998680130,0.000000000,0.000000000,0.051361441
9.904165082,0.000000000,0.000000000,-0.809658040,-0.000000000,0.000000000,9.800000000,0.998847718,0.000000000,0.000000000,0.047992033
9.908331748,0.000000000,0.000000000,-0.812340779,-0.000000000,-0.000000000,9.800000000,0.998927509,0.000000000,0.000000000,0.046301539
9.912498414,0.000000000,0.000000000,-0.812340779,-0.000000000,0.000000000,9.800000000,0.999004438,0.000000000,0.000000000,0.044610912
9.916665080,0.000000000,0.000000000,-0.812340779,-0.000000000,0.000000000,9.800000000,0.999078505,0.000000000,0.000000000,0.042920158
9.920831746,0.000000000,0.000000000,-0.814710346,0.000000000,-0.000000000,9.800000000,0.999149915,0.000000000,0.000000000,0.041224348
9.929165078,0.000000000,0.000000000,-0.814710346,-0.000000000,-0.000000000,9.800000000,0.999284099,0.000000000,0.000000000,0.037832377
9.933331744,0.000000000,0.000000000,-0.816765827,-0.000000000,0.000000000,9.800000000,0.999347028,0.000000000,0.000000000,0.036131946
9.937498410,0.000000000,0.000000000,-0.816765827,0.000000000,-0.000000000,9.800000000,0.999407063,0.000000000,0.000000000,0.034431410
9.941665076,0.000000000,0.000000000,-0.816765827,-0.000000000,-0.000000000,9.800000000,0.999464205,0.000000000,0.000000000,0.032730775
9.945831742,0.000000000,0.000000000,-0.818506429,-0.000000000,-0.000000000,9.800000000,0.999518565,0.000000000,0.000000000,0.031026420
9.954165074,0.000000000,0.000000000,-0.818506429,0.000000000,-0.000000000,9.800000000,0.999618566,0.000000000,0.000000000,0.027617445
9.958331740,0.000000000,0.000000000,-0.818506429,0.000000000,-0.000000000,9.800000000,0.999664206,0.000000000,0.000000000,0.025912835
9.962498406,0.000000000,0.000000000,-0.819931481,-0.000000000,-0.000000000,9.800000000,0.999707012,0.000000000,0.000000000,0.024205181
9.966665072,0.000000000,0.000000000,-0.819931481,-0.000000000,0.000000000,9.800000000,0.999746900,0.000000000,0.000000000,0.022497457
9.970831738,0.000000000,0.000000000,-0.821040434,0.000000000,0.000000000,9.800000000,0.999783920,0.000000000,0.000000000,0.020787357
9.979165070,0.000000000,0.000000000,-0.821040434,0.000000000,0.000000000,9.800000000,0.999849183,0.000000000,0.000000000,0.017366980
9.983331736,0.000000000,0.000000000,-0.821040434,0.000000000,0.000000000,9.800000000,0.999877426,0.000000000,0.000000000,0.015656713
9.987498402,0.000000000,0.000000000,-0.821832860,0.000000000,0.000000000,9.800000000,0.999902767,0.000000000,0.000000000,0.013944749
9.991665068,0.000000000,0.000000000,-0.821832860,-0.000000000,0.000000000,9.800000000,0.999925177,0.000000000,0.000000000,0.012232745
9.995831734,0.000000000,0.000000000,-0.821832860,-0.000000000,0.000000000,9.800000000,0.999944656,0.000000000,0.000000000,0.010520704
10.004165066,0.000000000,0.000000000,-0.822308455,-0.000000000,0.000000000,9.800000000,0.999974833,0.000000000,0.000000000,0.007094554
10.008331732,0.000000000,0.000000000,-0.822467033,0.000000000,0.000000000,9.800000000,0.999985522,0.000000000,0.000000000,0.005381115
10.012498398,0.000000000,0.000000000,-0.822467033,-0.000000000,0.000000000,9.800000000,0.999993274,0.000000000,0.000000000,0.003667660
10.016665064,0.000000000,0.000000000,-0.822467033,0.000000000,0.000000000,9.800000000,0.999998091,0.000000000,0.000000000,0.001954194
10.020831730,0.000000000,0.000000000,-0.822308536,-0.000000000,0.000000000,9.800000000,0.999999971,0.000000000,0.000000000,0.000241053
10.029165062,0.000000000,0.000000000,-0.822308536,0.000000000,0.000000000,9.800000000,0.999994927,0.000000000,0.000000000,-0.003185227
10.033331728,0.000000000,0.000000000,-0.821833023,-0.000000000,0.000000000,9.800000000,0.999988008,0.000000000,0.000000000,-0.004897364
10.037498394,0.000000000,0.000000000,-0.821833023,-0.000000000,0.000000000,9.800000000,0.999978157,0.000000000,0.000000000,-0.006609488
10.041665060,0.000000000,0.000000000,-0.821833023,-0.000000000,0.000000000,9.800000000,0.999965375,0.000000000,0.000000000,-0.008321592
10.045831726,0.000000000,0.000000000,-0.821833023,-0.000000000,0.000000000,9.800000000,0.999949661,0.000000000,0.000000000,-0.010033671
10.054165058,0.000000000,0.000000000,-0.821040677,0.000000000,-0.000000000,9.800000000,0.999909463,0.000000000,0.000000000,-0.013456086
10.058331724,0.000000000,0.000000000,-0.819931805,-0.000000000,-0.000000000,9.800000000,0.999885018,0.000000000,0.000000000,-0.015164102
10.062498390,0.000000000,0.000000000,-0.819931805,0.000000000,-0.000000000,9.800000000,0.999857656,0.000000000,0.000000000,-0.016872074
10.066665056,0.000000000,0.000000000,-0.819931805,0.000000000,-0.000000000,9.800000000,0.999827377,0.000000000,0.000000000,-0.018579996
10.070831722,0.000000000,0.000000000,-0.818506834,0.000000000,-0.000000000,9.800000000,0.999794240,0.000000000,0.000000000,-0.020284896
10.079165054,0.000000000,0.000000000,-0.818506834,0.000000000,-0.000000000,9.800000000,0.999719246,0.000000000,0.000000000,-0.023694515
10.083331720,0.000000000,0.000000000,-0.816766313,-0.000000000,-0.000000000,9.800000000,0.999677480,0.000000000,0.000000000,-0.025395598
10.087498386,0.000000000,0.000000000,-0.816766313,0.000000000,0.000000000,9.800000000,0.999632820,0.000000000,0.000000000,-0.027096608
10.091665052,0.000000000,0.000000000,-0.816766313,-0.000000000,0.000000000,9.800000000,0.999585265,0.000000000,0.000000000,-0.028797539
10.095831718,0.000000000,0.000000000,-0.814710913,0.000000000,-0.000000000,9.800000000,0.999534947,0.000000000,0.000000000,-0.030494107
10.104165050,0.000000000,0.000000000,-0.814710913,-0.000000000,0.000000000,9.800000000,0.999425672,0.000000000,0.000000000,-0.033886975
10.108331716,0.000000000,0.000000000,-0.812341426,0.000000000,-0.000000000,9.800000000,0.999366891,0.000000000,0.000000000,-0.035578331
10.112498382,0.000000000,0.000000000,-0.812341426,0.000000000,-0.000000000,9.800000000,0.999305248,0.000000000,0.000000000,-0.037269585
10.116665048,0.000000000,0.000000000,-0.812341426,-0.000000000,-0.000000000,9.800000000,0.999240742,0.000000000,0.000000000,-0.038960733
10.120831714,0.000000000,0.000000000,-0.809658767,0.000000000,0.000000000,9.800000000,0.999173602,0.000000000,0.000000000,-0.040646185
10.129165046,0.000000000,0.000000000,-0.809658767,0.000000000,0.000000000,9.800000000,0.999030794,0.000000000,0.000000000,-0.044016737
10.133331712,0.000000000,0.000000000,-0.809658767,-0.000000000,0.000000000,9.800000000,0.998955126,0.000000000,0.000000000,-0.045701828
10.137498378,0.000000000,0.000000000,-0.806663968,-0.000000000,-0.000000000,9.800000000,0.998876911,0.000000000,0.000000000,-0.047380556
10.141665044,0.000000000,0.000000000,-0.806663968,0.000000000,0.000000000,9.800000000,0.998795875,0.000000000,0.000000000,-0.049059151
10.145831710,0.000000000,0.000000000,-0.803358186,-0.000000000,0.000000000,9.800000000,0.998712368,0.000000000,0.000000000,-0.050730728
10.154165042,0.000000000,0.000000000,-0.803358186,-0.000000000,0.000000000,9.800000000,0.998536961,0.000000000,0.000000000,-0.054073453
10.158331708,0.000000000,0.000000000,-0.799742694,0.000000000,0.000000000,9.800000000,0.998445481,0.000000000,0.000000000,-0.055737070
10.162498374,0.000000000,0.000000000,-0.799742694,0.000000000,0.000000000,9.800000000,0.998351230,0.000000000,0.000000000,-0.057400532
10.166665040,0.000000000,0.000000000,-0.799742694,0.000000000,-0.000000000,9.800000000,0.998254208,0.000000000,0.000000000,-0.059063835
10.170831706,0.000000000,0.000000000,-0.795818885,-0.000000000,0.000000000,9.800000000,0.998154911,0.000000000,0.000000000,-0.060718814
10.179165038,0.000000000,0.000000000,-0.795818885,-0.000000000,0.000000000,9.800000000,0.997948085,0.000000000,0.000000000,-0.064028268
10.183331704,0.000000000,0.000000000,-0.795818885,-0.000000000,0.000000000,9.800000000,0.997840558,0.000000000,0.000000000,-0.065682733
10.187498370,0.000000000,0.000000000,-0.795818885,-0.000000000,0.000000000,9.800000000,0.997730287,0.000000000,0.000000000,-0.067337017
10.191665036,0.000000000,0.000000000,-0.795818885,0.000000000,0.000000000,9.800000000,0.997617274,0.000000000,0.000000000,-0.068991117
10.195831702,0.000000000,0.000000000,-0.787052490,0.000000000,0.000000000,9.800000000,0.997502809,0.000000000,0.000000000,-0.070626809
10.204165034,0.000000000,0.000000000,-0.787052490,0.000000000,0.000000000,9.800000000,0.997265833,0.000000000,0.000000000,-0.073897619
10.208331700,0.000000000,0.000000000,-0.782213283,0.000000000,0.000000000,9.800000000,0.997144085,0.000000000,0.000000000,-0.075522675
10.212498366,0.000000000,0.000000000,-0.782213283,0.000000000,0.000000000,9.800000000,0.997019688,0.000000000,0.000000000,-0.077147531
10.216665032,0.000000000,0.000000000,-0.782213283,0.000000000,0.000000000,9.800000000,0.996892644,0.000000000,0.000000000,-0.078772181
10.220831698,0.000000000,0.000000000,-0.777072518,-0.000000000,-0.000000000,9.800000000,0.996763813,0.000000000,0.000000000,-0.080385948
10.229165030,0.000000000,0.000000000,-0.777072518,-0.000000000,-0.000000000,9.800000000,0.996498315,0.000000000,0.000000000,-0.083612844
10.233331696,0.000000000,0.000000000,-0.777072518,-0.000000000,-0.000000000,9.800000000,0.996361649,0.000000000,0.000000000,-0.085225966
10.237498362,0.000000000,0.000000000,-0.777072518,-0.000000000,-0.000000000,9.800000000,0.996222371,0.000000000,0.000000000,-0.086838864
10.241665028,0.000000000,0.000000000,-0.771632176,-0.000000000,-0.000000000,9.800000000,0.996081484,0.000000000,0.000000000,-0.088440245
10.245831694,0.000000000,0.000000000,-0.765894356,0.000000000,0.000000000,9.800000000,0.995939100,0.000000000,0.000000000,-0.090029493
10.254165026,0.000000000,0.000000000,-0.765894356,0.000000000,-0.000000000,9.800000000,0.995646725,0.000000000,0.000000000,-0.093207296
10.258331692,0.000000000,0.000000000,-0.759861269,0.000000000,0.000000000,9.800000000,0.995497926,0.000000000,0.000000000,-0.094783331
10.262498358,0.000000000,0.000000000,-0.759861269,0.000000000,0.000000000,9.800000000,0.995346632,0.000000000,0.000000000,-0.096359128
10.266665024,0.000000000,0.000000000,-0.759861269,0.000000000,0.000000000,9.800000000,0.995192844,0.000000000,0.000000000,-0.097934685
10.270831690,0.000000000,0.000000000,-0.753535241,0.000000000,0.000000000,9.800000000,0.995037874,0.000000000,0.000000000,-0.099496882
10.279165022,0.000000000,0.000000000,-0.753535241,0.000000000,0.000000000,9.800000000,0.994720577,0.000000000,0.000000000,-0.102620536
10.283331688,0.000000000,0.000000000,-0.753535241,0.000000000,0.000000000,9.800000000,0.994558251,0.000000000,0.000000000,-0.104181986
10.287498354,0.000000000,0.000000000,-0.753535241,-0.000000000,0.000000000,9.800000000,0.994393474,0.000000000,0.000000000,-0.105743179
10.291665020,0.000000000,0.000000000,-0.746918711,0.000000000,0.000000000,9.800000000,0.994227725,0.000000000,0.000000000,-0.107290406
10.295831686,0.000000000,0.000000000,-0.740014230,0.000000000,0.000000000,9.800000000,0.994061134,0.000000000,0.000000000,-0.108823075
10.304165018,0.000000000,0.000000000,-0.740014230,0.000000000,0.000000000,9.800000000,0.993720865,0.000000000,0.000000000,-0.111887633
10.308331684,0.000000000,0.000000000,-0.732824459,-0.000000000,0.000000000,9.800000000,0.993548886,0.000000000,0.000000000,-0.113404633
10.312498350,0.000000000,0.000000000,-0.732824459,0.000000000,0.000000000,9.800000000,0.993374591,0.000000000,0.000000000,-0.114921369
10.316665016,0.000000000,0.000000000,-0.732824459,0.000000000,0.000000000,9.800000000,0.993197981,0.000000000,0.000000000,-0.116437836
10.320831682,0.000000000,0.000000000,-0.732824459,0.000000000,0.000000000,9.800000000,0.993019056,0.000000000,0.000000000,-0.117954033
10.329165014,0.000000000,0.000000000,-0.725352171,0.000000000,0.000000000,9.800000000,0.992658029,0.000000000,0.000000000,-0.120954691
10.333331680,0.000000000,0.000000000,-0.725352171,-0.000000000,0.000000000,9.800000000,0.992474115,0.000000000,0.000000000,-0.122454608
10.337498346,0.000000000,0.000000000,-0.717600245,0.000000000,-0.000000000,9.800000000,0.992289936,0.000000000,0.000000000,-0.123938220
10.341665012,0.000000000,0.000000000,-0.717600245,0.000000000,0.000000000,9.800000000,0.992103540,0.000000000,0.000000000,-0.125421554
10.345831678,0.000000000,0.000000000,-0.717600245,0.000000000,0.000000000,9.800000000,0.991914926,0.000000000,0.000000000,-0.126904609
10.354165010,0.000000000,0.000000000,-0.709571672,-0.000000000,0.000000000,9.800000000,0.991535392,0.000000000,0.000000000,-0.129836694
10.358331676,0.000000000,0.000000000,-0.701269544,0.000000000,0.000000000,9.800000000,0.991344645,0.000000000,0.000000000,-0.131285166
10.362498342,0.000000000,0.000000000,-0.701269544,0.000000000,0.000000000,9.800000000,0.991151782,0.000000000,0.000000000,-0.132733358
10.366665008,0.000000000,0.000000000,-0.701269544,0.000000000,0.000000000,9.800000000,0.990956804,0.000000000,0.000000000,-0.134181267
10.370831674,0.000000000,0.000000000,-0.692697065,0.000000000,0.000000000,9.800000000,0.990762133,0.000000000,0.000000000,-0.135611195
10.379165006,0.000000000,0.000000000,-0.692697065,-0.000000000,-0.000000000,9.800000000,0.990366601,0.000000000,0.000000000,-0.138470201
10.383331672,0.000000000,0.000000000,-0.683857537,-0.000000000,0.000000000,9.800000000,0.990168317,0.000000000,0.000000000,-0.139881038
10.387498338,0.000000000,0.000000000,-0.683857537,-0.000000000,0.000000000,9.800000000,0.989968023,0.000000000,0.000000000,-0.141291591
10.391665004,0.000000000,0.000000000,-0.683857537,-0.000000000,-0.000000000,9.800000000,0.989765720,0.000000000,0.000000000,-0.142701858
10.395831670,0.000000000,0.000000000,-0.683857537,-0.000000000,0.000000000,9.800000000,0.989561407,0.000000000,0.000000000,-0.144111835
10.404165002,0.000000000,0.000000000,-0.674754369,-0.000000000,0.000000000,9.800000000,0.989152330,0.000000000,0.000000000,-0.146893390
10.408331668,0.000000000,0.000000000,-0.674754369,-0.000000000,0.000000000,9.800000000,0.988944859,0.000000000,0.000000000,-0.148283733
10.412498334,0.000000000,0.000000000,-0.665391071,0.000000000,0.000000000,9.800000000,0.988738353,0.000000000,0.000000000,-0.149654497
10.416665000,0.000000000,0.000000000,-0.665391071,0.000000000,0.000000000,9.800000000,0.988529948,0.000000000,0.000000000,-0.151024972
10.420831666,0.000000000,0.000000000,-0.655771252,0.000000000,-0.000000000,9.800000000,0.988322697,0.000000000,0.000000000,-0.152375350
10.429164998,0.000000000,0.000000000,-0.655771252,0.000000000,-0.000000000,9.800000000,0.987902660,0.000000000,0.000000000,-0.155075251
10.433331664,0.000000000,0.000000000,-0.645898621,0.000000000,-0.000000000,9.800000000,0.987693093,0.000000000,0.000000000,-0.156404454
10.437498330,0.000000000,0.000000000,-0.645898621,0.000000000,-0.000000000,9.800000000,0.987481738,0.000000000,0.000000000,-0.157733373
10.441664996,0.000000000,0.000000000,-0.645898621,0.000000000,-0.000000000,9.800000000,0.987268595,0.000000000,0.000000000,-0.159062007
10.445831662,0.000000000,0.000000000,-0.635776983,0.000000000,0.000000000,9.800000000,0.987057045,0.000000000,0.000000000,-0.160369539
10.454164994,0.000000000,0.000000000,-0.635776983,0.000000000,0.000000000,9.800000000,0.986628752,0.000000000,0.000000000,-0.162983757
10.458331660,0.000000000,0.000000000,-0.625410242,-0.000000000,-0.000000000,9.800000000,0.986415557,0.000000000,0.000000000,-0.164269134
10.462498326,0.000000000,0.000000000,-0.625410242,0.000000000,0.000000000,9.800000000,0.986200688,0.000000000,0.000000000,-0.165554233
10.466664992,0.000000000,0.000000000,-0.625410242,0.000000000,0.000000000,9.800000000,0.985984144,0.000000000,0.000000000,-0.166839050
10.470831658,0.000000000,0.000000000,-0.614802393,0.000000000,-0.000000000,9.800000000,0.985769641,0.000000000,0.000000000,-0.168101799
10.479164990,0.000000000,0.000000000,-0.614802393,0.000000000,-0.000000000,9.800000000,0.985335785,0.000000000,0.000000000,-0.170626467
10.483331656,0.000000000,0.000000000,-0.603957526,-0.000000000,-0.000000000,9.800000000,0.985120315,0.000000000,0.000000000,-0.171866125
10.487498322,0.000000000,0.000000000,-0.603957526,-0.000000000,-0.000000000,9.800000000,0.984903286,0.000000000,0.000000000,-0.173105511
10.491664988,0.000000000,0.000000000,-0.603957526,-0.000000000,-0.000000000,9.800000000,0.984684697,0.000000000,0.000000000,-0.174344623
10.495831654,0.000000000,0.000000000,-0.592879822,0.000000000,0.000000000,9.800000000,0.984468601,0.000000000,0.000000000,-0.175560739
10.504164986,0.000000000,0.000000000,-0.592879822,0.000000000,-0.000000000,9.800000000,0.984031905,0.000000000,0.000000000,-0.177992165
10.508331652,0.000000000,0.000000000,-0.592879822,0.000000000,0.000000000,9.800000000,0.983811304,0.000000000,0.000000000,-0.179207472
10.512498318,0.000000000,0.000000000,-0.592879822,0.000000000,0.000000000,9.800000000,0.983589203,0.000000000,0.000000000,-0.180422505
10.516664984,0.000000000,0.000000000,-0.581573551,0.000000000,-0.000000000,9.800000000,0.983369879,0.000000000,0.000000000,-0.181614100
10.520831650,0.000000000,0.000000000,-0.570043073,0.000000000,0.000000000,9.800000000,0.983153502,0.000000000,0.000000000,-0.182781812
10.529164982,0.000000000,0.000000000,-0.570043073,0.000000000,0.000000000,9.800000000,0.982716590,0.000000000,0.000000000,-0.185116460
10.533331648,0.000000000,0.000000000,-0.558292833,0.000000000,0.000000000,9.800000000,0.982500615,0.000000000,0.000000000,-0.186259342
10.537498314,0.000000000,0.000000000,-0.558292833,0.000000000,0.000000000,9.800000000,0.982283310,0.000000000,0.000000000,-0.187401972
10.541664980,0.000000000,0.000000000,-0.558292833,0.000000000,0.000000000,9.800000000,0.982064676,0.000000000,0.000000000,-0.188544348
10.545831646,0.000000000,0.000000000,-0.558292833,0.000000000,0.000000000,9.800000000,0.981844714,0.000000000,0.000000000,-0.189686469
10.554164978,0.000000000,0.000000000,-0.546327360,0.000000000,0.000000000,9.800000000,0.981405591,0.000000000,0.000000000,-0.191945476
10.558331644,0.000000000,0.000000000,-0.534151268,0.000000000,0.000000000,9.800000000,0.981191384,0.000000000,0.000000000,-0.193037480
10.562498310,0.000000000,0.000000000,-0.534151268,0.000000000,0.000000000,9.800000000,0.980975961,0.000000000,0.000000000,-0.194129245
10.566664976,0.000000000,0.000000000,-0.534151268,0.000000000,-0.000000000,9.800000000,0.980759324,0.000000000,0.000000000,-0.195220769
10.570831642,0.000000000,0.000000000,-0.521769250,0.000000000,0.000000000,9.800000000,0.980546536,0.000000000,0.000000000,-0.196286758
10.579164974,0.000000000,0.000000000,-0.521769250,0.000000000,0.000000000,9.800000000,0.980117484,0.000000000,0.000000000,-0.198418038
10.583331640,0.000000000,0.000000000,-0.509186081,-0.000000000,-0.000000000,9.800000000,0.979906450,0.000000000,0.000000000,-0.199457638
10.587498306,0.000000000,0.000000000,-0.509186081,-0.000000000,-0.000000000,9.800000000,0.979694313,0.000000000,0.000000000,-0.200497015
10.591664972,0.000000000,0.000000000,-0.509186081,0.000000000,-0.000000000,9.800000000,0.979481074,0.000000000,0.000000000,-0.201536166
10.595831638,0.000000000,0.000000000,-0.496406610,0.000000000,0.000000000,9.800000000,0.979272125,0.000000000,0.000000000,-0.202549018
10.604164970,0.000000000,0.000000000,-0.496406610,-0.000000000,0.000000000,9.800000000,0.978851086,0.000000000,0.000000000,-0.204574071
10.608331636,0.000000000,0.000000000,-0.483435765,0.000000000,0.000000000,9.800000000,0.978644552,0.000000000,0.000000000,-0.205559824
10.612498302,0.000000000,0.000000000,-0.483435765,0.000000000,0.000000000,9.800000000,0.978437024,0.000000000,0.000000000,-0.206545369
10.616664968,0.000000000,0.000000000,-0.483435765,0.000000000,0.000000000,9.800000000,0.978228504,0.000000000,0.000000000,-0.207530705
10.620831634,0.000000000,0.000000000,-0.483435765,0.000000000,0.000000000,9.800000000,0.978018992,0.000000000,0.000000000,-0.208515830
10.629164966,0.000000000,0.000000000,-0.470278547,-0.000000000,0.000000000,9.800000000,0.977608529,0.000000000,0.000000000,-0.210431850
10.633331632,0.000000000,0.000000000,-0.456940028,-0.000000000,0.000000000,9.800000000,0.977407764,0.000000000,0.000000000,-0.211362397
10.637498298,0.000000000,0.000000000,-0.456940028,-0.000000000,0.000000000,9.800000000,0.977206113,0.000000000,0.000000000,-0.212292753
10.641664964,0.000000000,0.000000000,-0.456940028,-0.000000000,0.000000000,9.800000000,0.977003576,0.000000000,0.000000000,-0.213222916
10.645831630,0.000000000,0.000000000,-0.443425349,0.000000000,0.000000000,9.800000000,0.976806184,0.000000000,0.000000000,-0.214125383
10.654164962,0.000000000,0.000000000,-0.443425349,0.000000000,0.000000000,9.800000000,0.976408897,0.000000000,0.000000000,-0.215929769
10.658331628,0.000000000,0.000000000,-0.429739722,-0.000000000,-0.000000000,9.800000000,0.976215186,0.000000000,0.000000000,-0.216803852
10.662498294,0.000000000,0.000000000,-0.429739722,-0.000000000,-0.000000000,9.800000000,0.976020692,0.000000000,0.000000000,-0.217677762
10.666664960,0.000000000,0.000000000,-0.429739722,-0.000000000,-0.000000000,9.800000000,0.975825416,0.000000000,0.000000000,-0.218551497
10.670831626,0.000000000,0.000000000,-0.415888421,0.000000000,0.000000000,9.800000000,0.975635690,0.000000000,0.000000000,-0.219396903
10.679164958,0.000000000,0.000000000,-0.415888421,0.000000000,-0.000000000,9.800000000,0.975254039,0.000000000,0.000000000,-0.221087221
10.683331624,0.000000000,0.000000000,-0.401876788,0.000000000,0.000000000,9.800000000,0.975068594,0.000000000,0.000000000,-0.221903668
10.687498290,0.000000000,0.000000000,-0.401876788,0.000000000,0.000000000,9.800000000,0.974882464,0.000000000,0.000000000,-0.222719960
10.691664956,0.000000000,0.000000000,-0.401876788,0.000000000,0.000000000,9.800000000,0.974695652,0.000000000,0.000000000,-0.223536095
10.695831622,0.000000000,0.000000000,-0.387710224,0.000000000,0.000000000,9.800000000,0.974514777,0.000000000,0.000000000,-0.224323313
10.704164954,0.000000000,0.000000000,-0.387710224,0.000000000,-0.000000000,9.800000000,0.974151121,0.000000000,0.000000000,-0.225897308
10.708331620,0.000000000,0.000000000,-0.387710224,0.000000000,0.000000000,9.800000000,0.973968339,0.000000000,0.000000000,-0.226684085
10.712498286,0.000000000,0.000000000,-0.373394190,-0.000000000,0.000000000,9.800000000,0.973791706,0.000000000,0.000000000,-0.227441671
10.716664952,0.000000000,0.000000000,-0.373394190,-0.000000000,0.000000000,9.800000000,0.973614483,0.000000000,0.000000000,-0.228199119
10.720831618,0.000000000,0.000000000,-0.358934206,-0.000000000,-0.000000000,9.800000000,0.973443569,0.000000000,0.000000000,-0.228927104
10.729164950,0.000000000,0.000000000,-0.358934206,0.000000000,0.000000000,9.800000000,0.973100106,0.000000000,0.000000000,-0.230382689
10.733331616,0.000000000,0.000000000,-0.358934206,-0.000000000,-0.000000000,9.800000000,0.972927559,0.000000000,0.000000000,-0.231110289
10.737498282,0.000000000,0.000000000,-0.344335846,-0.000000000,-0.000000000,9.800000000,0.972761518,0.000000000,0.000000000,-0.231808175
10.741664948,0.000000000,0.000000000,-0.344335846,0.000000000,0.000000000,9.800000000,0.972594976,0.000000000,0.000000000,-0.232505941
10.745831614,0.000000000,0.000000000,-0.344335846,-0.000000000,-0.000000000,9.800000000,0.972427934,0.000000000,0.000000000,-0.233203588
10.754164946,0.000000000,0.000000000,-0.329604737,0.000000000,-0.000000000,9.800000000,0.972106746,0.000000000,0.000000000,-0.234538855
10.758331612,0.000000000,0.000000000,-0.314746560,-0.000000000,-0.000000000,9.800000000,0.971952745,0.000000000,0.000000000,-0.235176236
10.762498278,0.000000000,0.000000000,-0.314746560,-0.000000000,0.000000000,9.800000000,0.971798326,0.000000000,0.000000000,-0.235813516
10.766664944,0.000000000,0.000000000,-0.314746560,-0.000000000,-0.000000000,9.800000000,0.971643489,0.000000000,0.000000000,-0.236450695
10.770831610,0.000000000,0.000000000,-0.299767042,0.000000000,0.000000000,9.800000000,0.971495632,0.000000000,0.000000000,-0.237057454
10.779164942,0.000000000,0.000000000,-0.299767042,0.000000000,0.000000000,9.800000000,0.971198783,0.000000000,0.000000000,-0.238270695
10.783331608,0.000000000,0.000000000,-0.284671959,0.000000000,0.000000000,9.800000000,0.971057302,0.000000000,0.000000000,-0.238846639
10.787498274,0.000000000,0.000000000,-0.284671959,0.000000000,0.000000000,9.800000000,0.970915479,0.000000000,0.000000000,-0.239422498
10.791664940,0.000000000,0.000000000,-0.284671959,0.000000000,0.000000000,9.800000000,0.970773315,0.000000000,0.000000000,-0.239998274
10.795831606,0.000000000,0.000000000,-0.269467129,-0.000000000,0.000000000,9.800000000,0.970638429,0.000000000,0.000000000,-0.240543218
10.804164938,0.000000000,0.000000000,-0.269467129,-0.000000000,0.000000000,9.800000000,0.970367740,0.000000000,0.000000000,-0.241632879
10.808331604,0.000000000,0.000000000,-0.254158414,0.000000000,0.000000000,9.800000000,0.970239661,0.000000000,0.000000000,-0.242146652
10.812498270,0.000000000,0.000000000,-0.254158414,0.000000000,0.000000000,9.800000000,0.970111309,0.000000000,0.000000000,-0.242660356
10.816664936,0.000000000,0.000000000,-0.254158414,0.000000000,0.000000000,9.800000000,0.969982685,0.000000000,0.000000000,-0.243173993
10.820831602,0.000000000,0.000000000,-0.238751716,0.000000000,0.000000000,9.800000000,0.969861610,0.000000000,0.000000000,-0.243656431
10.829164934,0.000000000,0.000000000,-0.238751716,-0.000000000,0.000000000,9.800000000,0.969618741,0.000000000,0.000000000,-0.244621128
10.833331600,0.000000000,0.000000000,-0.223252975,-0.000000000,-0.000000000,9.800000000,0.969504861,0.000000000,0.000000000,-0.245072081
10.837498266,0.000000000,0.000000000,-0.223252975,-0.000000000,-0.000000000,9.800000000,0.969390770,0.000000000,0.000000000,-0.245522981
10.841664932,0.000000000,0.000000000,-0.223252975,0.000000000,-0.000000000,9.800000000,0.969276470,0.000000000,0.000000000,-0.245973829
10.845831598,0.000000000,0.000000000,-0.207668166,-0.000000000,-0.000000000,9.800000000,0.969169961,0.000000000,0.000000000,-0.246393155
10.854164930,0.000000000,0.000000000,-0.207668166,-0.000000000,0.000000000,9.800000000,0.968956398,0.000000000,0.000000000,-0.247231670
10.858331596,0.000000000,0.000000000,-0.192003297,-0.000000000,-0.000000000,9.800000000,0.968857426,0.000000000,0.000000000,-0.247619240
10.862498262,0.000000000,0.000000000,-0.192003297,-0.000000000,-0.000000000,9.800000000,0.968758299,0.000000000,0.000000000,-0.248006769
10.866664928,0.000000000,0.000000000,-0.176264407,0.000000000,-0.000000000,9.800000000,0.968667162,0.000000000,0.000000000,-0.248362498
10.870831594,0.000000000,0.000000000,-0.176264407,-0.000000000,-0.000000000,9.800000000,0.968575893,0.000000000,0.000000000,-0.248718192
10.879164926,0.000000000,0.000000000,-0.176264407,-0.000000000,-0.000000000,9.800000000,0.968392965,0.000000000,0.000000000,-0.249429481
10.883331592,0.000000000,0.000000000,-0.160457563,0.000000000,0.000000000,9.800000000,0.968309530,0.000000000,0.000000000,-0.249753188
10.887498258,0.000000000,0.000000000,-0.160457563,0.000000000,0.000000000,9.800000000,0.968225986,0.000000000,0.000000000,-0.250076867
10.891664924,0.000000000,0.000000000,-0.160457563,0.000000000,0.000000000,9.800000000,0.968142335,0.000000000,0.000000000,-0.250400518
10.895831590,0.000000000,0.000000000,-0.144588860,0.000000000,0.000000000,9.800000000,0.968066864,0.000000000,0.000000000,-0.250692137
10.904164922,0.000000000,0.000000000,-0.144588860,0.000000000,0.000000000,9.800000000,0.967915658,0.000000000,0.000000000,-0.251275307
10.908331588,0.000000000,0.000000000,-0.128664416,0.000000000,0.000000000,9.800000000,0.967848268,0.000000000,0.000000000,-0.251534748
10.912498254,0.000000000,0.000000000,-0.128664416,0.000000000,0.000000000,9.800000000,0.967780809,0.000000000,0.000000000,-0.251794172
10.916664920,0.000000000,0.000000000,-0.128664416,0.000000000,0.000000000,9.800000000,0.967713281,0.000000000,0.000000000,-0.252053577
10.920831586,0.000000000,0.000000000,-0.112690369,0.000000000,0.000000000,9.800000000,0.967654079,0.000000000,0.000000000,-0.252280762
10.929164918,0.000000000,0.000000000,-0.112690369,0.000000000,0.000000000,9.800000000,0.967535516,0.000000000,0.000000000,-0.252735089
10.933331584,0.000000000,0.000000000,-0.112690369,0.000000000,0.000000000,9.800000000,0.967476154,0.000000000,0.000000000,-0.252962232
10.937498250,0.000000000,0.000000000,-0.096672877,0.000000000,-0.000000000,9.800000000,0.967425188,0.000000000,0.000000000,-0.253157078
10.941664916,0.000000000,0.000000000,-0.096672877,0.000000000,-0.000000000,9.800000000,0.967374182,0.000000000,0.000000000,-0.253351914
10.945831582,0.000000000,0.000000000,-0.080618117,-0.000000000,-0.000000000,9.800000000,0.967331616,0.000000000,0.000000000,-0.253514386
10.954164914,0.000000000,0.000000000,-0.080618117,-0.000000000,-0.000000000,9.800000000,0.967246404,0.000000000,0.000000000,-0.253839307
10.958331580,0.000000000,0.000000000,-0.064532276,0.000000000,-0.000000000,9.800000000,0.967212269,0.000000000,0.000000000,-0.253969343
10.962498246,0.000000000,0.000000000,-0.064532276,0.000000000,-0.000000000,9.800000000,0.967178116,0.000000000,0.000000000,-0.254099375
10.966664912,0.000000000,0.000000000,-0.064532276,0.000000000,-0.000000000,9.800000000,0.967143945,0.000000000,0.000000000,-0.254229402
10.970831578,0.000000000,0.000000000,-0.064532276,0.000000000,-0.000000000,9.800000000,0.967109757,0.000000000,0.000000000,-0.254359425
10.979164910,0.000000000,0.000000000,-0.048421557,-0.000000000,0.000000000,9.800000000,0.967058419,0.000000000,0.000000000,-0.254554540
10.983331576,0.000000000,0.000000000,-0.048421557,-0.000000000,0.000000000,9.800000000,0.967032735,0.000000000,0.000000000,-0.254652094
10.987498242,0.000000000,0.000000000,-0.032292171,-0.000000000,-0.000000000,9.800000000,0.967015601,0.000000000,0.000000000,-0.254717151
10.991664908,0.000000000,0.000000000,-0.032292171,-0.000000000,-0.000000000,9.800000000,0.966998463,0.000000000,0.000000000,-0.254782207
10.995831574,0.000000000,0.000000000,-0.032292171,-0.000000000,-0.000000000,9.800000000,0.966981320,0.000000000,0.000000000,-0.254847261
11.004164906,0.000000000,0.000000000,-0.016150336,-0.000000000,-0.000000000,9.800000000,0.966964168,0.000000000,0.000000000,-0.254912332
11.008331572,0.000000000,0.000000000,-0.000002274,-0.000000000,-0.000000000,9.800000000,0.966964167,0.000000000,0.000000000,-0.254912336
11.012498238,0.000000000,0.000000000,-0.000002274,-0.000000000,-0.000000000,9.800000000,0.966964166,0.000000000,0.000000000,-0.254912341
11.016664904,0.000000000,0.000000000,-0.000002274,-0.000000000,-0.000000000,9.800000000,0.966964165,0.000000000,0.000000000,-0.254912346
11.020831570,0.000000000,0.000000000,-0.000002274,-0.000000000,-0.000000000,9.800000000,0.966964164,0.000000000,0.000000000,-0.254912350
11.029164902,0.000000000,0.000000000,0.016145789,0.000000000,-0.000000000,9.800000000,0.966981310,0.000000000,0.000000000,-0.254847298
11.033331568,0.000000000,0.000000000,0.032287627,-0.000000000,-0.000000000,9.800000000,0.966998451,0.000000000,0.000000000,-0.254782253
11.037498234,0.000000000,0.000000000,0.032287627,-0.000000000,0.000000000,9.800000000,0.967015587,0.000000000,0.000000000,-0.254717206
11.041664900,0.000000000,0.000000000,0.032287627,-0.000000000,-0.000000000,9.800000000,0.967032718,0.000000000,0.000000000,-0.254652158
11.045831566,0.000000000,0.000000000,0.048417018,0.000000000,0.000000000,9.800000000,0.967058400,0.000000000,0.000000000,-0.254554614
11.054164898,0.000000000,0.000000000,0.048417018,0.000000000,0.000000000,9.800000000,0.967109733,0.000000000,0.000000000,-0.254359516
11.058331564,0.000000000,0.000000000,0.064527743,-0.000000000,0.000000000,9.800000000,0.967143919,0.000000000,0.000000000,-0.254229503
11.062498230,0.000000000,0.000000000,0.064527743,-0.000000000,0.000000000,9.800000000,0.967178087,0.000000000,0.000000000,-0.254099485
11.066664896,0.000000000,0.000000000,0.064527743,-0.000000000,0.000000000,9.800000000,0.967212238,0.000000000,0.000000000,-0.253969462
11.070831562,0.000000000,0.000000000,0.080613591,0.000000000,0.000000000,9.800000000,0.967254877,0.000000000,0.000000000,-0.253807020
11.079164894,0.000000000,0.000000000,0.080613591,0.000000000,0.000000000,9.800000000,0.967340073,0.000000000,0.000000000,-0.253482114
11.083331560,0.000000000,0.000000000,0.080613591,0.000000000,0.000000000,9.800000000,0.967382631,0.000000000,0.000000000,-0.253319651
11.087498226,0.000000000,0.000000000,0.096668361,0.000000000,0.000000000,9.800000000,0.967433628,0.000000000,0.000000000,-0.253124822
11.091664892,0.000000000,0.000000000,0.096668361,0.000000000,0.000000000,9.800000000,0.967484586,0.000000000,0.000000000,-0.252929983
11.095831558,0.000000000,0.000000000,0.112685864,-0.000000000,0.000000000,9.800000000,0.967543937,0.000000000,0.000000000,-0.252702848
11.104164890,0.000000000,0.000000000,0.112685864,-0.000000000,0.000000000,9.800000000,0.967662481,0.000000000,0.000000000,-0.252248534
11.108331556,0.000000000,0.000000000,0.128659924,-0.000000000,-0.000000000,9.800000000,0.967730059,0.000000000,0.000000000,-0.251989152
11.112498222,0.000000000,0.000000000,0.128659924,-0.000000000,-0.000000000,9.800000000,0.967797568,0.000000000,0.000000000,-0.251729751
11.116664888,0.000000000,0.000000000,0.128659924,-0.000000000,-0.000000000,9.800000000,0.967865007,0.000000000,0.000000000,-0.251470332
11.120831554,0.000000000,0.000000000,0.144584384,0.000000000,0.000000000,9.800000000,0.967940711,0.000000000,0.000000000,-0.251178783
11.129164886,0.000000000,0.000000000,0.144584384,-0.000000000,0.000000000,9.800000000,0.968091854,0.000000000,0.000000000,-0.250595616
11.133331552,0.000000000,0.000000000,0.160453103,0.000000000,0.000000000,9.800000000,0.968175568,0.000000000,0.000000000,-0.250271991
11.137498218,0.000000000,0.000000000,0.160453103,0.000000000,-0.000000000,9.800000000,0.968259174,0.000000000,0.000000000,-0.249948338
11.141664884,0.000000000,0.000000000,0.160453103,0.000000000,-0.000000000,9.800000000,0.968342672,0.000000000,0.000000000,-0.249624657
11.145831550,0.000000000,0.000000000,0.176259965,0.000000000,0.000000000,9.800000000,0.968434271,0.000000000,0.000000000,-0.249269057
11.154164882,0.000000000,0.000000000,0.176259965,-0.000000000,-0.000000000,9.800000000,0.968617077,0.000000000,0.000000000,-0.248557755
11.158331548,0.000000000,0.000000000,0.191998875,-0.000000000,0.000000000,9.800000000,0.968716422,0.000000000,0.000000000,-0.248170291
11.162498214,0.000000000,0.000000000,0.191998875,-0.000000000,0.000000000,9.800000000,0.968815612,0.000000000,0.000000000,-0.247782787
11.166664880,0.000000000,0.000000000,0.191998875,-0.000000000,0.000000000,9.800000000,0.968914647,0.000000000,0.000000000,-0.247395243
11.170831546,0.000000000,0.000000000,0.191998875,-0.000000000,0.000000000,9.800000000,0.969013527,0.000000000,0.000000000,-0.247007660
11.179164878,0.000000000,0.000000000,0.207663766,-0.000000000,0.000000000,9.800000000,0.969218857,0.000000000,0.000000000,-0.246200744
11.183331544,0.000000000,0.000000000,0.207663766,-0.000000000,0.000000000,9.800000000,0.969325281,0.000000000,0.000000000,-0.245781405
11.187498210,0.000000000,0.000000000,0.223248598,0.000000000,0.000000000,9.800000000,0.969439490,0.000000000,0.000000000,-0.245330544
11.191664876,0.000000000,0.000000000,0.223248598,0.000000000,0.000000000,9.800000000,0.969553488,0.000000000,0.000000000,-0.244879630
11.195831542,0.000000000,0.000000000,0.238747364,0.000000000,0.000000000,9.800000000,0.969675169,0.000000000,0.000000000,-0.244397353
11.204164874,0.000000000,0.000000000,0.238747364,0.000000000,0.000000000,9.800000000,0.969917811,0.000000000,0.000000000,-0.243432618
11.208331540,0.000000000,0.000000000,0.254154089,-0.000000000,-0.000000000,9.800000000,0.970046570,0.000000000,0.000000000,-0.242919025
11.212498206,0.000000000,0.000000000,0.254154089,0.000000000,-0.000000000,9.800000000,0.970175056,0.000000000,0.000000000,-0.242405363
11.216664872,0.000000000,0.000000000,0.254154089,0.000000000,-0.000000000,9.800000000,0.970303271,0.000000000,0.000000000,-0.241891633
11.220831538,0.000000000,0.000000000,0.269462832,0.000000000,0.000000000,9.800000000,0.970438911,0.000000000,0.000000000,-0.241346886
11.229164870,0.000000000,0.000000000,0.269462832,0.000000000,0.000000000,9.800000000,0.970709275,0.000000000,0.000000000,-0.240257162
11.233331536,0.000000000,0.000000000,0.269462832,0.000000000,0.000000000,9.800000000,0.970843997,0.000000000,0.000000000,-0.239712187
11.237498202,0.000000000,0.000000000,0.269462832,0.000000000,0.000000000,9.800000000,0.970978414,0.000000000,0.000000000,-0.239167136
11.241664868,0.000000000,0.000000000,0.284667692,-0.000000000,0.000000000,9.800000000,0.971120083,0.000000000,0.000000000,-0.238591248
11.245831534,0.000000000,0.000000000,0.299762808,0.000000000,0.000000000,9.800000000,0.971268896,0.000000000,0.000000000,-0.237984731
11.254164866,0.000000000,0.000000000,0.299762808,0.000000000,0.000000000,9.800000000,0.971565384,0.000000000,0.000000000,-0.236771420
11.258331532,0.000000000,0.000000000,0.314742359,0.000000000,0.000000000,9.800000000,0.971720429,0.000000000,0.000000000,-0.236134301
11.262498198,0.000000000,0.000000000,0.314742359,0.000000000,-0.000000000,9.800000000,0.971875056,0.000000000,0.000000000,-0.235497080
11.266664864,0.000000000,0.000000000,0.314742359,0.000000000,-0.000000000,9.800000000,0.972029266,0.000000000,0.000000000,-0.234859758
11.270831530,0.000000000,0.000000000,0.329600571,0.000000000,0.000000000,9.800000000,0.972190307,0.000000000,0.000000000,-0.234192242
11.279164862,0.000000000,0.000000000,0.329600571,0.000000000,0.000000000,9.800000000,0.972511015,0.000000000,0.000000000,-0.232856878
11.283331528,0.000000000,0.000000000,0.344331716,0.000000000,0.000000000,9.800000000,0.972677806,0.000000000,0.000000000,-0.232159180
11.287498194,0.000000000,0.000000000,0.344331716,0.000000000,0.000000000,9.800000000,0.972844097,0.000000000,0.000000000,-0.231461363
11.291664860,0.000000000,0.000000000,0.344331716,0.000000000,0.000000000,9.800000000,0.973009888,0.000000000,0.000000000,-0.230763426
11.295831526,0.000000000,0.000000000,0.358930114,0.000000000,0.000000000,9.800000000,0.973182174,0.000000000,0.000000000,-0.230035773
11.304164858,0.000000000,0.000000000,0.358930114,0.000000000,0.000000000,9.800000000,0.973525113,0.000000000,0.000000000,-0.228580082
11.308331524,0.000000000,0.000000000,0.358930114,-0.000000000,0.000000000,9.800000000,0.973695767,0.000000000,0.000000000,-0.227852044
11.312498190,0.000000000,0.000000000,0.358930114,0.000000000,0.000000000,9.800000000,0.973865876,0.000000000,0.000000000,-0.227123879
11.316664856,0.000000000,0.000000000,0.373390138,-0.000000000,0.000000000,9.800000000,0.974042260,0.000000000,0.000000000,-0.226366244
11.320831522,0.000000000,0.000000000,0.387706213,0.000000000,0.000000000,9.800000000,0.974224783,0.000000000,0.000000000,-0.225579416
11.329164854,0.000000000,0.000000000,0.387706213,0.000000000,0.000000000,9.800000000,0.974587922,0.000000000,0.000000000,-0.224005318
11.333331520,0.000000000,0.000000000,0.387706213,0.000000000,0.000000000,9.800000000,0.974768538,0.000000000,0.000000000,-0.223218050
11.337498186,0.000000000,0.000000000,0.401872820,0.000000000,-0.000000000,9.800000000,0.974955082,0.000000000,0.000000000,-0.222401861
11.341664852,0.000000000,0.000000000,0.401872820,0.000000000,-0.000000000,9.800000000,0.975140943,0.000000000,0.000000000,-0.221585517
11.345831518,0.000000000,0.000000000,0.415884498,0.000000000,0.000000000,9.800000000,0.975332564,0.000000000,0.000000000,-0.220740547
11.354164850,0.000000000,0.000000000,0.415884498,0.000000000,0.000000000,9.800000000,0.975713610,0.000000000,0.000000000,-0.219050109
11.358331516,0.000000000,0.000000000,0.429735844,-0.000000000,-0.000000000,9.800000000,0.975909331,0.000000000,0.000000000,-0.218176482
11.362498182,0.000000000,0.000000000,0.429735844,-0.000000000,0.000000000,9.800000000,0.976104270,0.000000000,0.000000000,-0.217302680
11.366664848,0.000000000,0.000000000,0.429735844,-0.000000000,-0.000000000,9.800000000,0.976298426,0.000000000,0.000000000,-0.216428703
11.370831514,0.000000000,0.000000000,0.443421519,-0.000000000,0.000000000,9.800000000,0.976497945,0.000000000,0.000000000,-0.215526712
11.379164846,0.000000000,0.000000000,0.443421519,-0.000000000,0.000000000,9.800000000,0.976894483,0.000000000,0.000000000,-0.213722178
11.383331512,0.000000000,0.000000000,0.456936246,-0.000000000,-0.000000000,9.800000000,0.977097493,0.000000000,0.000000000,-0.212792126
11.387498178,0.000000000,0.000000000,0.456936246,-0.000000000,-0.000000000,9.800000000,0.977299618,0.000000000,0.000000000,-0.211861881
11.391664844,0.000000000,0.000000000,0.456936246,-0.000000000,-0.000000000,9.800000000,0.977500857,0.000000000,0.000000000,-0.210931445
11.395831510,0.000000000,0.000000000,0.470274816,-0.000000000,0.000000000,9.800000000,0.977707046,0.000000000,0.000000000,-0.209973648
11.404164842,0.000000000,0.000000000,0.470274816,-0.000000000,-0.000000000,9.800000000,0.978116607,0.000000000,0.000000000,-0.208057451
11.408331508,0.000000000,0.000000000,0.470274816,-0.000000000,-0.000000000,9.800000000,0.978319980,0.000000000,0.000000000,-0.207099052
11.412498174,0.000000000,0.000000000,0.470274816,-0.000000000,-0.000000000,9.800000000,0.978522413,0.000000000,0.000000000,-0.206140454
11.416664840,0.000000000,0.000000000,0.483432086,-0.000000000,0.000000000,9.800000000,0.978729531,0.000000000,0.000000000,-0.205154831
11.420831506,0.000000000,0.000000000,0.496402984,0.000000000,0.000000000,9.800000000,0.978941173,0.000000000,0.000000000,-0.204142546
11.429164838,0.000000000,0.000000000,0.496402984,0.000000000,0.000000000,9.800000000,0.979361316,0.000000000,0.000000000,-0.202117322
11.433331504,0.000000000,0.000000000,0.509182509,-0.000000000,0.000000000,9.800000000,0.979575171,0.000000000,0.000000000,-0.201078306
11.437498170,0.000000000,0.000000000,0.509182509,-0.000000000,0.000000000,9.800000000,0.979787923,0.000000000,0.000000000,-0.200039063
11.441664836,0.000000000,0.000000000,0.509182509,0.000000000,0.000000000,9.800000000,0.979999572,0.000000000,0.000000000,-0.198999594
11.445831502,0.000000000,0.000000000,0.509182509,0.000000000,0.000000000,9.800000000,0.980210119,0.000000000,0.000000000,-0.197959902
11.454164834,0.000000000,0.000000000,0.521765735,-0.000000000,-0.000000000,9.800000000,0.980638172,0.000000000,0.000000000,-0.195828436
11.458331500,0.000000000,0.000000000,0.521765735,-0.000000000,0.000000000,9.800000000,0.980850460,0.000000000,0.000000000,-0.194762355
11.462498166,0.000000000,0.000000000,0.534147810,0.000000000,0.000000000,9.800000000,0.981066586,0.000000000,0.000000000,-0.193670737
11.466664832,0.000000000,0.000000000,0.534147810,0.000000000,0.000000000,9.800000000,0.981281497,0.000000000,0.000000000,-0.192578879
11.470831498,0.000000000,0.000000000,0.534147810,0.000000000,0.000000000,9.800000000,0.981495192,0.000000000,0.000000000,-0.191486782
11.479164830,0.000000000,0.000000000,0.546323961,-0.000000000,-0.000000000,9.800000000,0.981928540,0.000000000,0.000000000,-0.189252062
11.483331496,0.000000000,0.000000000,0.558289494,-0.000000000,0.000000000,9.800000000,0.982147995,0.000000000,0.000000000,-0.188109850
11.487498162,0.000000000,0.000000000,0.558289494,0.000000000,0.000000000,9.800000000,0.982366122,0.000000000,0.000000000,-0.186967384
11.491664828,0.000000000,0.000000000,0.558289494,-0.000000000,0.000000000,9.800000000,0.982582920,0.000000000,0.000000000,-0.185824665
11.495831494,0.000000000,0.000000000,0.570039795,0.000000000,0.000000000,9.800000000,0.982802909,0.000000000,0.000000000,-0.184657636
11.504164826,0.000000000,0.000000000,0.570039795,-0.000000000,-0.000000000,9.800000000,0.983238729,0.000000000,0.000000000,-0.182322798
11.508331492,0.000000000,0.000000000,0.581570336,0.000000000,-0.000000000,9.800000000,0.983458910,0.000000000,0.000000000,-0.181131367
11.512498158,0.000000000,0.000000000,0.581570336,0.000000000,0.000000000,9.800000000,0.983677648,0.000000000,0.000000000,-0.179939671
11.516664824,0.000000000,0.000000000,0.581570336,0.000000000,0.000000000,9.800000000,0.983894941,0.000000000,0.000000000,-0.178747711
11.520831490,0.000000000,0.000000000,0.592876670,-0.000000000,0.000000000,9.800000000,0.984114973,0.000000000,0.000000000,-0.177532308
11.529164822,0.000000000,0.000000000,0.592876670,-0.000000000,0.000000000,9.800000000,0.984550531,0.000000000,0.000000000,-0.175100691
11.533331488,0.000000000,0.000000000,0.592876670,-0.000000000,0.000000000,9.800000000,0.984766057,0.000000000,0.000000000,-0.173884480
11.537498154,0.000000000,0.000000000,0.603954439,0.000000000,0.000000000,9.800000000,0.984984066,0.000000000,0.000000000,-0.172645273
11.541664820,0.000000000,0.000000000,0.603954439,0.000000000,0.000000000,9.800000000,0.985200515,0.000000000,0.000000000,-0.171405792
11.545831486,0.000000000,0.000000000,0.614799372,0.000000000,0.000000000,9.800000000,0.985419249,0.000000000,0.000000000,-0.170143775
11.554164818,0.000000000,0.000000000,0.614799372,0.000000000,0.000000000,9.800000000,0.985851866,0.000000000,0.000000000,-0.167618907
11.558331484,0.000000000,0.000000000,0.625407288,0.000000000,0.000000000,9.800000000,0.986069425,0.000000000,0.000000000,-0.166334268
11.562498150,0.000000000,0.000000000,0.625407288,0.000000000,0.000000000,9.800000000,0.986285310,0.000000000,0.000000000,-0.165049346
11.566664816,0.000000000,0.000000000,0.625407288,0.000000000,0.000000000,9.800000000,0.986499521,0.000000000,0.000000000,-0.163764144
11.570831482,0.000000000,0.000000000,0.625407288,0.000000000,0.000000000,9.800000000,0.986712057,0.000000000,0.000000000,-0.162478664
11.579164814,0.000000000,0.000000000,0.635774098,-0.000000000,-0.000000000,9.800000000,0.987139010,0.000000000,0.000000000,-0.159864239
11.583331480,0.000000000,0.000000000,0.635774098,-0.000000000,-0.000000000,9.800000000,0.987349889,0.000000000,0.000000000,-0.158556605
11.587498146,0.000000000,0.000000000,0.645895805,0.000000000,0.000000000,9.800000000,0.987562351,0.000000000,0.000000000,-0.157227868
11.591664812,0.000000000,0.000000000,0.645895805,0.000000000,-0.000000000,9.800000000,0.987773025,0.000000000,0.000000000,-0.155898846
11.595831478,0.000000000,0.000000000,0.655768507,-0.000000000,0.000000000,9.800000000,0.987985090,0.000000000,0.000000000,-0.154549221
11.604164810,0.000000000,0.000000000,0.655768507,-0.000000000,0.000000000,9.800000000,0.988403687,0.000000000,0.000000000,-0.151849108
11.608331476,0.000000000,0.000000000,0.655768507,-0.000000000,0.000000000,9.800000000,0.988610218,0.000000000,0.000000000,-0.150498626
11.612498142,0.000000000,0.000000000,0.665388398,-0.000000000,0.000000000,9.800000000,0.988817893,0.000000000,0.000000000,-0.149128045
11.616664808,0.000000000,0.000000000,0.665388398,0.000000000,0.000000000,9.800000000,0.989023668,0.000000000,0.000000000,-0.147757177
11.620831474,0.000000000,0.000000000,0.665388398,-0.000000000,0.000000000,9.800000000,0.989227543,0.000000000,0.000000000,-0.146386026
11.629164806,0.000000000,0.000000000,0.674751769,0.000000000,0.000000000,9.800000000,0.989635192,0.000000000,0.000000000,-0.143604272
11.633331472,0.000000000,0.000000000,0.683855010,0.000000000,-0.000000000,9.800000000,0.989838780,0.000000000,0.000000000,-0.142194196
11.637498138,0.000000000,0.000000000,0.683855010,0.000000000,-0.000000000,9.800000000,0.990040359,0.000000000,0.000000000,-0.140783831
11.641664804,0.000000000,0.000000000,0.683855010,0.000000000,-0.000000000,9.800000000,0.990239929,0.000000000,0.000000000,-0.139373180
11.645831470,0.000000000,0.000000000,0.692694613,-0.000000000,-0.000000000,9.800000000,0.990440029,0.000000000,0.000000000,-0.137944007
11.654164802,0.000000000,0.000000000,0.701267168,0.000000000,0.000000000,9.800000000,0.990836453,0.000000000,0.000000000,-0.135067106
11.658331468,0.000000000,0.000000000,0.701267168,0.000000000,-0.000000000,9.800000000,0.991032725,0.000000000,0.000000000,-0.133619377
11.662498134,0.000000000,0.000000000,0.701267168,0.000000000,0.000000000,9.800000000,0.991226882,0.000000000,0.000000000,-0.132171362
11.666664800,0.000000000,0.000000000,0.701267168,0.000000000,0.000000000,9.800000000,0.991418923,0.000000000,0.000000000,-0.130723066
11.670831466,0.000000000,0.000000000,0.709569372,-0.000000000,0.000000000,9.800000000,0.991611083,0.000000000,0.000000000,-0.129257340
11.679164798,0.000000000,0.000000000,0.709569372,-0.000000000,-0.000000000,9.800000000,0.991988903,0.000000000,0.000000000,-0.126325043
11.683331464,0.000000000,0.000000000,0.717598023,-0.000000000,0.000000000,9.800000000,0.992176650,0.000000000,0.000000000,-0.124841883
11.687498130,0.000000000,0.000000000,0.717598023,-0.000000000,0.000000000,9.800000000,0.992362179,0.000000000,0.000000000,-0.123358444
11.691664796,0.000000000,0.000000000,0.717598023,-0.000000000,-0.000000000,9.800000000,0.992545490,0.000000000,0.000000000,-0.121874730
11.695831462,0.000000000,0.000000000,0.717598023,-0.000000000,0.000000000,9.800000000,0.992726583,0.000000000,0.000000000,-0.120390743
11.704164794,0.000000000,0.000000000,0.725350027,-0.000000000,-0.000000000,9.800000000,0.993085905,0.000000000,0.000000000,-0.117389889
11.708331460,0.000000000,0.000000000,0.732822395,-0.000000000,-0.000000000,9.800000000,0.993263968,0.000000000,0.000000000,-0.115873595
11.712498126,0.000000000,0.000000000,0.732822395,-0.000000000,-0.000000000,9.800000000,0.993439716,0.000000000,0.000000000,-0.114357032
11.716664792,0.000000000,0.000000000,0.732822395,-0.000000000,-0.000000000,9.800000000,0.993613149,0.000000000,0.000000000,-0.112840202
11.720831458,0.000000000,0.000000000,0.732822395,-0.000000000,-0.000000000,9.800000000,0.993784265,0.000000000,0.000000000,-0.111323109
11.729164790,0.000000000,0.000000000,0.740012245,0.000000000,0.000000000,9.800000000,0.994122792,0.000000000,0.000000000,-0.108258366
11.733331456,0.000000000,0.000000000,0.746916807,0.000000000,0.000000000,9.800000000,0.994290047,0.000000000,0.000000000,-0.106711304
11.737498122,0.000000000,0.000000000,0.746916807,0.000000000,-0.000000000,9.800000000,0.994454894,0.000000000,0.000000000,-0.105163984
11.741664788,0.000000000,0.000000000,0.746916807,0.000000000,0.000000000,9.800000000,0.994617333,0.000000000,0.000000000,-0.103616410
11.745831454,0.000000000,0.000000000,0.753533419,0.000000000,-0.000000000,9.800000000,0.994778771,0.000000000,0.000000000,-0.102054872
11.754164786,0.000000000,0.000000000,0.753533419,-0.000000000,-0.000000000,9.800000000,0.995094291,0.000000000,0.000000000,-0.098931045
11.758331452,0.000000000,0.000000000,0.759859529,-0.000000000,-0.000000000,9.800000000,0.995249656,0.000000000,0.000000000,-0.097355647
11.762498118,0.000000000,0.000000000,0.759859529,0.000000000,-0.000000000,9.800000000,0.995402527,0.000000000,0.000000000,-0.095780006
11.766664784,0.000000000,0.000000000,0.759859529,0.000000000,-0.000000000,9.800000000,0.995552903,0.000000000,0.000000000,-0.094204124
11.770831450,0.000000000,0.000000000,0.765892699,0.000000000,0.000000000,9.800000000,0.995701949,0.000000000,0.000000000,-0.092615491
11.779164782,0.000000000,0.000000000,0.765892699,0.000000000,0.000000000,9.800000000,0.995992435,0.000000000,0.000000000,-0.089437522
11.783331448,0.000000000,0.000000000,0.771630602,-0.000000000,0.000000000,9.800000000,0.996134924,0.000000000,0.000000000,-0.087836286
11.787498114,0.000000000,0.000000000,0.771630602,-0.000000000,0.000000000,9.800000000,0.996274839,0.000000000,0.000000000,-0.086234823
11.791664780,0.000000000,0.000000000,0.771630602,-0.000000000,0.000000000,9.800000000,0.996412180,0.000000000,0.000000000,-0.084633137
11.795831446,0.000000000,0.000000000,0.777071028,0.000000000,0.000000000,9.800000000,0.996547886,0.000000000,0.000000000,-0.083019937
11.804164778,0.000000000,0.000000000,0.777071028,0.000000000,0.000000000,9.800000000,0.996811464,0.000000000,0.000000000,-0.079792890
11.808331444,0.000000000,0.000000000,0.782211878,-0.000000000,0.000000000,9.800000000,0.996940171,0.000000000,0.000000000,-0.078168373
11.812498110,0.000000000,0.000000000,0.782211878,0.000000000,0.000000000,9.800000000,0.997066231,0.000000000,0.000000000,-0.076543648
11.816664776,0.000000000,0.000000000,0.782211878,-0.000000000,0.000000000,9.800000000,0.997189644,0.000000000,0.000000000,-0.074918720
11.820831442,0.000000000,0.000000000,0.787051170,0.000000000,0.000000000,9.800000000,0.997311147,0.000000000,0.000000000,-0.073283539
11.829164774,0.000000000,0.000000000,0.787051170,0.000000000,0.000000000,9.800000000,0.997546108,0.000000000,0.000000000,-0.070012589
11.833331440,0.000000000,0.000000000,0.791587040,0.000000000,0.000000000,9.800000000,0.997660212,0.000000000,0.000000000,-0.068367402
11.837498106,0.000000000,0.000000000,0.791587040,0.000000000,0.000000000,9.800000000,0.997771603,0.000000000,0.000000000,-0.066722029
11.841664772,0.000000000,0.000000000,0.791587040,0.000000000,-0.000000000,9.800000000,0.997880280,0.000000000,0.000000000,-0.065076474
11.845831438,0.000000000,0.000000000,0.795817737,0.000000000,0.000000000,9.800000000,0.997986802,0.000000000,0.000000000,-0.063421947
11.854164770,0.000000000,0.000000000,0.795817737,0.000000000,0.000000000,9.800000000,0.998191616,0.000000000,0.000000000,-0.060112373
11.858331436,0.000000000,0.000000000,0.799741632,0.000000000,0.000000000,9.800000000,0.998290386,0.000000000,0.000000000,-0.058449175
11.862498102,0.000000000,0.000000000,0.799741632,0.000000000,0.000000000,9.800000000,0.998386384,0.000000000,0.000000000,-0.056785815
11.866664768,0.000000000,0.000000000,0.799741632,0.000000000,0.000000000,9.800000000,0.998479610,0.000000000,0.000000000,-0.055122297
11.870831434,0.000000000,0.000000000,0.799741632,0.000000000,0.000000000,9.800000000,0.998570065,0.000000000,0.000000000,-0.053458627
11.879164766,0.000000000,0.000000000,0.803357211,-0.000000000,-0.000000000,9.800000000,0.998743036,0.000000000,0.000000000,-0.050123322
11.883331432,0.000000000,0.000000000,0.806663081,0.000000000,0.000000000,9.800000000,0.998825861,0.000000000,0.000000000,-0.048444816
11.887498098,0.000000000,0.000000000,0.806663081,0.000000000,0.000000000,9.800000000,0.998905864,0.000000000,0.000000000,-0.046766174
11.891664764,0.000000000,0.000000000,0.806663081,0.000000000,-0.000000000,9.800000000,0.998983046,0.000000000,0.000000000,-0.045087400
11.895831430,0.000000000,0.000000000,0.809657967,0.000000000,0.000000000,9.800000000,0.999057678,0.000000000,0.000000000,-0.043402265
11.904164762,0.000000000,0.000000000,0.809657967,-0.000000000,0.000000000,9.800000000,0.999198413,0.000000000,0.000000000,-0.040031629
11.908331428,0.000000000,0.000000000,0.809657967,0.000000000,0.000000000,9.800000000,0.999264516,0.000000000,0.000000000,-0.038346138
11.912498094,0.000000000,0.000000000,0.812340715,0.000000000,0.000000000,9.800000000,0.999327981,0.000000000,0.000000000,-0.036654952
11.916664760,0.000000000,0.000000000,0.812340715,0.000000000,0.000000000,9.800000000,0.999388584,0.000000000,0.000000000,-0.034963661
11.920831426,0.000000000,0.000000000,0.814710289,0.000000000,0.000000000,9.800000000,0.999446489,0.000000000,0.000000000,-0.033267337
11.929164758,0.000000000,0.000000000,0.814710289,-0.000000000,0.000000000,9.800000000,0.999553660,0.000000000,0.000000000,-0.029874405
11.933331424,0.000000000,0.000000000,0.816765778,-0.000000000,0.000000000,9.800000000,0.999603047,0.000000000,0.000000000,-0.028173527
11.937498090,0.000000000,0.000000000,0.816765778,-0.000000000,0.000000000,9.800000000,0.999649540,0.000000000,0.000000000,-0.026472567
11.941664756,0.000000000,0.000000000,0.816765778,-0.000000000,0.000000000,9.800000000,0.999693139,0.000000000,0.000000000,-0.024771531
11.945831422,0.000000000,0.000000000,0.818506388,0.000000000,0.000000000,9.800000000,0.999733926,0.000000000,0.000000000,-0.023066798
11.954164754,0.000000000,0.000000000,0.818506388,-0.000000000,0.000000000,9.800000000,0.999806780,0.000000000,0.000000000,-0.019657135
11.958331420,0.000000000,0.000000000,0.819931448,0.000000000,0.000000000,9.800000000,0.999838899,0.000000000,0.000000000,-0.017949247
11.962498086,0.000000000,0.000000000,0.819931448,0.000000000,0.000000000,9.800000000,0.999868101,0.000000000,0.000000000,-0.016241306
11.966664752,0.000000000,0.000000000,0.819931448,-0.000000000,0.000000000,9.800000000,0.999894386,0.000000000,0.000000000,-0.014533319
11.970831418,0.000000000,0.000000000,0.819931448,0.000000000,0.000000000,9.800000000,0.999917753,0.000000000,0.000000000,-0.012825288
11.979164750,0.000000000,0.000000000,0.821040409,-0.000000000,0.000000000,9.800000000,0.999955777,0.000000000,0.000000000,-0.009404500
11.983331416,0.000000000,0.000000000,0.821832844,-0.000000000,0.000000000,9.800000000,0.999970413,0.000000000,0.000000000,-0.007692411
11.987498082,0.000000000,0.000000000,0.821832844,0.000000000,0.000000000,9.800000000,0.999982118,0.000000000,0.000000000,-0.005980300
11.991664748,0.000000000,0.000000000,0.821832844,0.000000000,0.000000000,9.800000000,0.999990891,0.000000000,0.000000000,-0.004268171
11.995831414,0.000000000,0.000000000,0.821832844,-0.000000000,0.000000000,9.800000000,0.999996733,0.000000000,0.000000000,-0.002556030
12.004164746,0.000000000,0.000000000,0.822308446,-0.000000000,0.000000000,9.800000000,0.999999621,0.000000000,0.000000000,0.000870252
12.008331412,0.000000000,0.000000000,0.822467033,-0.000000000,0.000000000,9.800000000,0.999996662,0.000000000,0.000000000,0.002583722
12.012498078,0.000000000,0.000000000,0.822467033,0.000000000,0.000000000,9.800000000,0.999990767,0.000000000,0.000000000,0.004297184
12.016664744,0.000000000,0.000000000,0.822467033,0.000000000,0.000000000,9.800000000,0.999981936,0.000000000,0.000000000,0.006010634
12.020831410,0.000000000,0.000000000,0.822308544,0.000000000,0.000000000,9.800000000,0.999970172,0.000000000,0.000000000,0.007723736
12.029164742,0.000000000,0.000000000,0.822308544,0.000000000,0.000000000,9.800000000,0.999937838,0.000000000,0.000000000,0.011149866
12.033331408,0.000000000,0.000000000,0.821833039,-0.000000000,0.000000000,9.800000000,0.999917282,0.000000000,0.000000000,0.012861895
12.037498074,0.000000000,0.000000000,0.821833039,-0.000000000,0.000000000,9.800000000,0.999893795,0.000000000,0.000000000,0.014573885
12.041664740,0.000000000,0.000000000,0.821833039,-0.000000000,0.000000000,9.800000000,0.999867377,0.000000000,0.000000000,0.016285833
12.045831406,0.000000000,0.000000000,0.821833039,0.000000000,0.000000000,9.800000000,0.999838028,0.000000000,0.000000000,0.017997733
12.054164738,0.000000000,0.000000000,0.821040701,0.000000000,0.000000000,9.800000000,0.999770607,0.000000000,0.000000000,0.021418070
12.058331404,0.000000000,0.000000000,0.821040701,0.000000000,0.000000000,9.800000000,0.999732509,0.000000000,0.000000000,0.023128146
12.062498070,0.000000000,0.000000000,0.819931837,0.000000000,0.000000000,9.800000000,0.999691543,0.000000000,0.000000000,0.024835846
12.066664736,0.000000000,0.000000000,0.819931837,-0.000000000,0.000000000,9.800000000,0.999647660,0.000000000,0.000000000,0.026543473
12.070831402,0.000000000,0.000000000,0.819931837,-0.000000000,0.000000000,9.800000000,0.999600860,0.000000000,0.000000000,0.028251022
12.079164734,0.000000000,0.000000000,0.818506874,-0.000000000,0.000000000,9.800000000,0.999498605,0.000000000,0.000000000,0.031662902
12.083331400,0.000000000,0.000000000,0.816766361,0.000000000,0.000000000,9.800000000,0.999443280,0.000000000,0.000000000,0.033363599
12.087498066,0.000000000,0.000000000,0.816766361,0.000000000,0.000000000,9.800000000,0.999385062,0.000000000,0.000000000,0.035064199
12.091664732,0.000000000,0.000000000,0.816766361,0.000000000,-0.000000000,9.800000000,0.999323950,0.000000000,0.000000000,0.036764697
12.095831398,0.000000000,0.000000000,0.816766361,0.000000000,0.000000000,9.800000000,0.999259945,0.000000000,0.000000000,0.038465089
12.104164730,0.000000000,0.000000000,0.814710969,0.000000000,-0.000000000,9.800000000,0.999123613,0.000000000,0.000000000,0.041856977
12.108331396,0.000000000,0.000000000,0.812341491,0.000000000,0.000000000,9.800000000,0.999051344,0.000000000,0.000000000,0.043547811
12.112498062,0.000000000,0.000000000,0.812341491,0.000000000,0.000000000,9.800000000,0.998976214,0.000000000,0.000000000,0.045238520
12.116664728,0.000000000,0.000000000,0.812341491,0.000000000,0.000000000,9.800000000,0.998898223,0.000000000,0.000000000,0.046929100
12.120831394,0.000000000,0.000000000,0.809658839,0.000000000,-0.000000000,9.800000000,0.998817642,0.000000000,0.000000000,0.048613963
12.129164726,0.000000000,0.000000000,0.809658839,0.000000000,0.000000000,9.800000000,0.998647956,0.000000000,0.000000000,0.051983269
12.133331392,0.000000000,0.000000000,0.809658839,0.000000000,0.000000000,9.800000000,0.998558850,0.000000000,0.000000000,0.053667702
12.137498058,0.000000000,0.000000000,0.806664049,0.000000000,0.000000000,9.800000000,0.998467249,0.000000000,0.000000000,0.055345754
12.141664724,0.000000000,0.000000000,0.803358274,-0.000000000,0.000000000,9.800000000,0.998373221,0.000000000,0.000000000,0.057016773
12.145831390,0.000000000,0.000000000,0.803358274,-0.000000000,0.000000000,9.800000000,0.998276395,0.000000000,0.000000000,0.058687632
12.154164722,0.000000000,0.000000000,0.803358274,-0.000000000,0.000000000,9.800000000,0.998074357,0.000000000,0.000000000,0.062028854
12.158331388,0.000000000,0.000000000,0.803358274,0.000000000,0.000000000,9.800000000,0.997969143,0.000000000,0.000000000,0.063699206
12.162498054,0.000000000,0.000000000,0.803358274,-0.000000000,0.000000000,9.800000000,0.997861135,0.000000000,0.000000000,0.065369380
12.166664720,0.000000000,0.000000000,0.799742790,0.000000000,0.000000000,9.800000000,0.997750836,0.000000000,0.000000000,0.067031855
12.170831386,0.000000000,0.000000000,0.795818990,0.000000000,0.000000000,9.800000000,0.997638329,0.000000000,0.000000000,0.068685989
12.179164718,0.000000000,0.000000000,0.795818990,-0.000000000,-0.000000000,9.800000000,0.997405088,0.000000000,0.000000000,0.071993686
12.183331384,0.000000000,0.000000000,0.791588386,0.000000000,0.000000000,9.800000000,0.997285004,0.000000000,0.000000000,0.073638451
12.187498050,0.000000000,0.000000000,0.791588386,0.000000000,0.000000000,9.800000000,0.997162207,0.000000000,0.000000000,0.075283014
12.191664716,0.000000000,0.000000000,0.791588386,0.000000000,0.000000000,9.800000000,0.997036699,0.000000000,0.000000000,0.076927374
12.195831382,0.000000000,0.000000000,0.791588386,0.000000000,0.000000000,9.800000000,0.996908479,0.000000000,0.000000000,0.078571524
12.204164714,0.000000000,0.000000000,0.787052610,0.000000000,0.000000000,9.800000000,0.996644679,0.000000000,0.000000000,0.081849760
12.208331380,0.000000000,0.000000000,0.787052610,0.000000000,0.000000000,9.800000000,0.996509131,0.000000000,0.000000000,0.083483840
12.212498046,0.000000000,0.000000000,0.787052610,0.000000000,0.000000000,9.800000000,0.996370904,0.000000000,0.000000000,0.085117696
12.216664712,0.000000000,0.000000000,0.782213411,0.000000000,-0.000000000,9.800000000,0.996230872,0.000000000,0.000000000,0.086741279
12.220831378,0.000000000,0.000000000,0.777072653,0.000000000,0.000000000,9.800000000,0.996089141,0.000000000,0.000000000,0.088353964
12.229164710,0.000000000,0.000000000,0.777072653,0.000000000,0.000000000,9.800000000,0.995797848,0.000000000,0.000000000,0.091578635
12.233331376,0.000000000,0.000000000,0.771632319,0.000000000,-0.000000000,9.800000000,0.995649342,0.000000000,0.000000000,0.093179328
12.237498042,0.000000000,0.000000000,0.771632319,0.000000000,-0.000000000,9.800000000,0.995498264,0.000000000,0.000000000,0.094779780
12.241664708,0.000000000,0.000000000,0.765894507,0.000000000,0.000000000,9.800000000,0.995345765,0.000000000,0.000000000,0.096368089
12.245831374,0.000000000,0.000000000,0.765894507,0.000000000,0.000000000,9.800000000,0.995190732,0.000000000,0.000000000,0.097956152
12.254164706,0.000000000,0.000000000,0.765894507,0.000000000,0.000000000,9.800000000,0.994873064,0.000000000,0.000000000,0.101131527
12.258331372,0.000000000,0.000000000,0.765894507,0.000000000,0.000000000,9.800000000,0.994710431,0.000000000,0.000000000,0.102718831
12.262498038,0.000000000,0.000000000,0.765894507,0.000000000,0.000000000,9.800000000,0.994545265,0.000000000,0.000000000,0.104305872
12.266664704,0.000000000,0.000000000,0.765894507,0.000000000,0.000000000,9.800000000,0.994377568,0.000000000,0.000000000,0.105892649
12.270831370,0.000000000,0.000000000,0.765894507,0.000000000,0.000000000,9.800000000,0.994207338,0.000000000,0.000000000,0.107479155
12.279164702,0.000000000,0.000000000,0.753535407,-0.000000000,-0.000000000,9.800000000,0.993862135,0.000000000,0.000000000,0.110625753
12.283331368,0.000000000,0.000000000,0.753535407,0.000000000,0.000000000,9.800000000,0.993687243,0.000000000,0.000000000,0.112185846
12.287498034,0.000000000,0.000000000,0.746918884,-0.000000000,-0.000000000,9.800000000,0.993511469,0.000000000,0.000000000,0.113731967
12.291664700,0.000000000,0.000000000,0.746918884,-0.000000000,-0.000000000,9.800000000,0.993333290,0.000000000,0.000000000,0.115277813
12.295831366,0.000000000,0.000000000,0.740014410,-0.000000000,0.000000000,9.800000000,0.993154387,0.000000000,0.000000000,0.116809094
12.304164698,0.000000000,0.000000000,0.740014410,-0.000000000,0.000000000,9.800000000,0.992789498,0.000000000,0.000000000,0.119870819
12.308331364,0.000000000,0.000000000,0.732824647,0.000000000,-0.000000000,9.800000000,0.992605332,0.000000000,0.000000000,0.121386388
12.312498030,0.000000000,0.000000000,0.732824647,0.000000000,-0.000000000,9.800000000,0.992418852,0.000000000,0.000000000,0.122901674
12.316664696,0.000000000,0.000000000,0.732824647,0.000000000,-0.000000000,9.800000000,0.992230060,0.000000000,0.000000000,0.124416674
12.320831362,0.000000000,0.000000000,0.725352366,0.000000000,0.000000000,9.800000000,0.992040915,0.000000000,0.000000000,0.125915940
12.329164694,0.000000000,0.000000000,0.725352366,0.000000000,0.000000000,9.800000000,0.991655828,0.000000000,0.000000000,0.128913607
12.333331360,0.000000000,0.000000000,0.725352366,0.000000000,0.000000000,9.800000000,0.991459888,0.000000000,0.000000000,0.130412000
12.337498026,0.000000000,0.000000000,0.717600447,-0.000000000,0.000000000,9.800000000,0.991263814,0.000000000,0.000000000,0.131894087
12.341664692,0.000000000,0.000000000,0.717600447,-0.000000000,0.000000000,9.800000000,0.991065525,0.000000000,0.000000000,0.133375879
12.345831358,0.000000000,0.000000000,0.717600447,-0.000000000,0.000000000,9.800000000,0.990865021,0.000000000,0.000000000,0.134857373
12.354164690,0.000000000,0.000000000,0.709571881,0.000000000,0.000000000,9.800000000,0.990461978,0.000000000,0.000000000,0.137786321
12.358331356,0.000000000,0.000000000,0.709571881,0.000000000,0.000000000,9.800000000,0.990257210,0.000000000,0.000000000,0.139250344
12.362498022,0.000000000,0.000000000,0.701269760,-0.000000000,-0.000000000,9.800000000,0.990052711,0.000000000,0.000000000,0.140696940
12.366664688,0.000000000,0.000000000,0.701269760,0.000000000,-0.000000000,9.800000000,0.989846100,0.000000000,0.000000000,0.142143234
12.370831354,0.000000000,0.000000000,0.692697287,0.000000000,-0.000000000,9.800000000,0.989639939,0.000000000,0.000000000,0.143571552
12.379164686,0.000000000,0.000000000,0.692697287,0.000000000,0.000000000,9.800000000,0.989221436,0.000000000,0.000000000,0.146427286
12.383331352,0.000000000,0.000000000,0.683857767,-0.000000000,-0.000000000,9.800000000,0.989011817,0.000000000,0.000000000,0.147836485
12.387498018,0.000000000,0.000000000,0.683857767,0.000000000,0.000000000,9.800000000,0.988800190,0.000000000,0.000000000,0.149245383
12.391664684,0.000000000,0.000000000,0.683857767,0.000000000,0.000000000,9.800000000,0.988586556,0.000000000,0.000000000,0.150653978
12.395831350,0.000000000,0.000000000,0.674754606,0.000000000,0.000000000,9.800000000,0.988373799,0.000000000,0.000000000,0.152043523
12.404164682,0.000000000,0.000000000,0.674754606,0.000000000,0.000000000,9.800000000,0.987942427,0.000000000,0.000000000,0.154821708
12.408331348,0.000000000,0.000000000,0.665391314,0.000000000,0.000000000,9.800000000,0.987726859,0.000000000,0.000000000,0.156191076
12.412498014,0.000000000,0.000000000,0.665391314,-0.000000000,0.000000000,9.800000000,0.987509393,0.000000000,0.000000000,0.157560144
12.416664680,0.000000000,0.000000000,0.665391314,0.000000000,0.000000000,9.800000000,0.987290029,0.000000000,0.000000000,0.158928909
12.420831346,0.000000000,0.000000000,0.655771501,-0.000000000,-0.000000000,9.800000000,0.987071981,0.000000000,0.000000000,0.160277586
12.429164678,0.000000000,0.000000000,0.655771501,-0.000000000,-0.000000000,9.800000000,0.986630357,0.000000000,0.000000000,0.162974041
12.433331344,0.000000000,0.000000000,0.645898876,0.000000000,0.000000000,9.800000000,0.986410163,0.000000000,0.000000000,0.164301525
12.437498010,0.000000000,0.000000000,0.645898876,0.000000000,0.000000000,9.800000000,0.986188182,0.000000000,0.000000000,0.165628712
12.441664676,0.000000000,0.000000000,0.645898876,0.000000000,0.000000000,9.800000000,0.985964415,0.000000000,0.000000000,0.166955598
12.445831342,0.000000000,0.000000000,0.645898876,0.000000000,0.000000000,9.800000000,0.985738863,0.000000000,0.000000000,0.168282183
12.454164674,0.000000000,0.000000000,0.635777245,0.000000000,-0.000000000,9.800000000,0.985289614,0.000000000,0.000000000,0.170892882
12.458331340,0.000000000,0.000000000,0.635777245,0.000000000,-0.000000000,9.800000000,0.985062396,0.000000000,0.000000000,0.172197783
12.462498006,0.000000000,0.000000000,0.625410510,-0.000000000,-0.000000000,9.800000000,0.984837197,0.000000000,0.000000000,0.173481112
12.466664672,0.000000000,0.000000000,0.625410510,-0.000000000,-0.000000000,9.800000000,0.984610326,0.000000000,0.000000000,0.174764146
12.470831338,0.000000000,0.000000000,0.614802667,0.000000000,0.000000000,9.800000000,0.984385673,0.000000000,0.000000000,0.176025130
12.479164670,0.000000000,0.000000000,0.614802667,-0.000000000,0.000000000,9.800000000,0.983931524,0.000000000,0.000000000,0.178546228
12.483331336,0.000000000,0.000000000,0.603957806,0.000000000,0.000000000,9.800000000,0.983706091,0.000000000,0.000000000,0.179784113
12.487498002,0.000000000,0.000000000,0.603957806,0.000000000,0.000000000,9.800000000,0.983479099,0.000000000,0.000000000,0.181021714
12.491664668,0.000000000,0.000000000,0.603957806,0.000000000,0.000000000,9.800000000,0.983250551,0.000000000,0.000000000,0.182259028
12.495831334,0.000000000,0.000000000,0.592880108,0.000000000,0.000000000,9.800000000,0.983024681,0.000000000,0.000000000,0.183473367
12.504164666,0.000000000,0.000000000,0.592880108,0.000000000,-0.000000000,9.800000000,0.982568442,0.000000000,0.000000000,0.185901204
12.508331332,0.000000000,0.000000000,0.592880108,0.000000000,0.000000000,9.800000000,0.982338073,0.000000000,0.000000000,0.187114698
12.512497998,0.000000000,0.000000000,0.581573844,-0.000000000,0.000000000,9.800000000,0.982110642,0.000000000,0.000000000,0.188304773
12.516664664,0.000000000,0.000000000,0.570043371,0.000000000,0.000000000,9.800000000,0.981886320,0.000000000,0.000000000,0.189470984
12.520831330,0.000000000,0.000000000,0.570043371,0.000000000,0.000000000,9.800000000,0.981660614,0.000000000,0.000000000,0.190636929
12.529164662,0.000000000,0.000000000,0.558293137,0.000000000,0.000000000,9.800000000,0.981209772,0.000000000,0.000000000,0.192943990
12.533331328,0.000000000,0.000000000,0.558293137,-0.000000000,-0.000000000,9.800000000,0.980984693,0.000000000,0.000000000,0.194085115
12.537497994,0.000000000,0.000000000,0.558293137,-0.000000000,-0.000000000,9.800000000,0.980758287,0.000000000,0.000000000,0.195225977
12.541664660,0.000000000,0.000000000,0.558293137,-0.000000000,-0.000000000,9.800000000,0.980530554,0.000000000,0.000000000,0.196366575
12.545831326,0.000000000,0.000000000,0.546327669,0.000000000,0.000000000,9.800000000,0.980306418,0.000000000,0.000000000,0.197482470
12.554164658,0.000000000,0.000000000,0.546327669,0.000000000,0.000000000,9.800000000,0.979854337,0.000000000,0.000000000,0.199713492
12.558331324,0.000000000,0.000000000,0.534151582,0.000000000,0.000000000,9.800000000,0.979631486,0.000000000,0.000000000,0.200803765
12.562497990,0.000000000,0.000000000,0.534151582,0.000000000,0.000000000,9.800000000,0.979407422,0.000000000,0.000000000,0.201893790
12.566664656,0.000000000,0.000000000,0.534151582,0.000000000,0.000000000,9.800000000,0.979182145,0.000000000,0.000000000,0.202983565
12.570831322,0.000000000,0.000000000,0.521769570,0.000000000,-0.000000000,9.800000000,0.978960919,0.000000000,0.000000000,0.204047835
12.579164654,0.000000000,0.000000000,0.521769570,-0.000000000,-0.000000000,9.800000000,0.978514998,0.000000000,0.000000000,0.206175651
12.583331320,0.000000000,0.000000000,0.509186405,-0.000000000,0.000000000,9.800000000,0.978295735,0.000000000,0.000000000,0.207213548
12.587497986,0.000000000,0.000000000,0.509186405,-0.000000000,0.000000000,9.800000000,0.978075372,0.000000000,0.000000000,0.208251212
12.591664652,0.000000000,0.000000000,0.509186405,-0.000000000,0.000000000,9.800000000,0.977853908,0.000000000,0.000000000,0.209288642
12.595831318,0.000000000,0.000000000,0.509186405,-0.000000000,0.000000000,9.800000000,0.977631343,0.000000000,0.000000000,0.210325836
12.604164650,0.000000000,0.000000000,0.496406940,0.000000000,0.000000000,9.800000000,0.977194222,0.000000000,0.000000000,0.212347480
12.608331316,0.000000000,0.000000000,0.483436100,0.000000000,0.000000000,9.800000000,0.976979859,0.000000000,0.000000000,0.213331561
12.612497982,0.000000000,0.000000000,0.483436100,0.000000000,0.000000000,9.800000000,0.976764505,0.000000000,0.000000000,0.214315427
12.616664648,0.000000000,0.000000000,0.483436100,0.000000000,0.000000000,9.800000000,0.976548160,0.000000000,0.000000000,0.215299074
12.620831314,0.000000000,0.000000000,0.470278886,-0.000000000,-0.000000000,9.800000000,0.976336753,0.000000000,0.000000000,0.216255741
12.629164646,0.000000000,0.000000000,0.470278886,-0.000000000,-0.000000000,9.800000000,0.975911126,0.000000000,0.000000000,0.218168452
12.633331312,0.000000000,0.000000000,0.456940371,-0.000000000,-0.000000000,9.800000000,0.975702997,0.000000000,0.000000000,0.219097380
12.637497978,0.000000000,0.000000000,0.456940371,0.000000000,-0.000000000,9.800000000,0.975493983,0.000000000,0.000000000,0.220026110
12.641664644,0.000000000,0.000000000,0.456940371,-0.000000000,-0.000000000,9.800000000,0.975284085,0.000000000,0.000000000,0.220954641
12.645831310,0.000000000,0.000000000,0.456940371,0.000000000,-0.000000000,9.800000000,0.975073304,0.000000000,0.000000000,0.221882971
12.654164642,0.000000000,0.000000000,0.443425697,0.000000000,0.000000000,9.800000000,0.974661687,0.000000000,0.000000000,0.223684143
12.658331308,0.000000000,0.000000000,0.429740074,0.000000000,0.000000000,9.800000000,0.974461034,0.000000000,0.000000000,0.224556660
12.662497974,0.000000000,0.000000000,0.429740074,0.000000000,0.000000000,9.800000000,0.974259600,0.000000000,0.000000000,0.225428997
12.666664640,0.000000000,0.000000000,0.429740074,0.000000000,0.000000000,9.800000000,0.974057385,0.000000000,0.000000000,0.226301153
12.670831306,0.000000000,0.000000000,0.415888778,-0.000000000,-0.000000000,9.800000000,0.973860944,0.000000000,0.000000000,0.227145025
12.679164638,0.000000000,0.000000000,0.415888778,0.000000000,0.000000000,9.800000000,0.973465869,0.000000000,0.000000000,0.228832257
12.683331304,0.000000000,0.000000000,0.401877149,0.000000000,0.000000000,9.800000000,0.973273939,0.000000000,0.000000000,0.229647205
12.687497970,0.000000000,0.000000000,0.401877149,0.000000000,0.000000000,9.800000000,0.973081328,0.000000000,0.000000000,0.230461992
12.691664636,0.000000000,0.000000000,0.401877149,0.000000000,-0.000000000,9.800000000,0.972888034,0.000000000,0.000000000,0.231276618
12.695831302,0.000000000,0.000000000,0.387710589,-0.000000000,0.000000000,9.800000000,0.972700907,0.000000000,0.000000000,0.232062373
12.704164634,0.000000000,0.000000000,0.387710589,-0.000000000,0.000000000,9.800000000,0.972324751,0.000000000,0.000000000,0.233633430
12.708331300,0.000000000,0.000000000,0.373394559,0.000000000,0.000000000,9.800000000,0.972142712,0.000000000,0.000000000,0.234389735
12.712497966,0.000000000,0.000000000,0.373394559,0.000000000,0.000000000,9.800000000,0.971960085,0.000000000,0.000000000,0.235145899
12.716664632,0.000000000,0.000000000,0.373394559,0.000000000,0.000000000,9.800000000,0.971776869,0.000000000,0.000000000,0.235901921
12.720831298,0.000000000,0.000000000,0.373394559,0.000000000,0.000000000,9.800000000,0.971593066,0.000000000,0.000000000,0.236657800
12.729164630,0.000000000,0.000000000,0.358934578,-0.000000000,-0.000000000,9.800000000,0.971238043,0.000000000,0.000000000,0.238110611
12.733331296,0.000000000,0.000000000,0.344336221,0.000000000,0.000000000,9.800000000,0.971066981,0.000000000,0.000000000,0.238807284
12.737497962,0.000000000,0.000000000,0.344336221,0.000000000,0.000000000,9.800000000,0.970895419,0.000000000,0.000000000,0.239503833
12.741664628,0.000000000,0.000000000,0.344336221,0.000000000,0.000000000,9.800000000,0.970723357,0.000000000,0.000000000,0.240200260
12.745831294,0.000000000,0.000000000,0.329605116,0.000000000,-0.000000000,9.800000000,0.970558188,0.000000000,0.000000000,0.240866777
12.754164626,0.000000000,0.000000000,0.329605116,0.000000000,-0.000000000,9.800000000,0.970226477,0.000000000,0.000000000,0.242199470
12.758331292,0.000000000,0.000000000,0.329605116,0.000000000,-0.000000000,9.800000000,0.970059935,0.000000000,0.000000000,0.242865645
12.762497958,0.000000000,0.000000000,0.314746942,0.000000000,0.000000000,9.800000000,0.969900474,0.000000000,0.000000000,0.243501683
12.766664624,0.000000000,0.000000000,0.314746942,0.000000000,0.000000000,9.800000000,0.969740596,0.000000000,0.000000000,0.244137617
12.770831290,0.000000000,0.000000000,0.299767427,0.000000000,-0.000000000,9.800000000,0.969587940,0.000000000,0.000000000,0.244743187
12.779164622,0.000000000,0.000000000,0.284672347,-0.000000000,0.000000000,9.800000000,0.969289226,0.000000000,0.000000000,0.245923559
12.783331288,0.000000000,0.000000000,0.284672347,-0.000000000,-0.000000000,9.800000000,0.969143206,0.000000000,0.000000000,0.246498369
12.787497954,0.000000000,0.000000000,0.284672347,0.000000000,0.000000000,9.800000000,0.968996846,0.000000000,0.000000000,0.247073093
12.791664620,0.000000000,0.000000000,0.284672347,-0.000000000,0.000000000,9.800000000,0.968850144,0.000000000,0.000000000,0.247647730
12.795831286,0.000000000,0.000000000,0.269467519,-0.000000000,-0.000000000,9.800000000,0.968710964,0.000000000,0.000000000,0.248191594
12.804164618,0.000000000,0.000000000,0.269467519,-0.000000000,0.000000000,9.800000000,0.968431689,0.000000000,0.000000000,0.249279088
12.808331284,0.000000000,0.000000000,0.269467519,-0.000000000,-0.000000000,9.800000000,0.968291594,0.000000000,0.000000000,0.249822717
12.812497950,0.000000000,0.000000000,0.269467519,-0.000000000,-0.000000000,9.800000000,0.968151193,0.000000000,0.000000000,0.250366267
12.816664616,0.000000000,0.000000000,0.254158807,0.000000000,0.000000000,9.800000000,0.968018489,0.000000000,0.000000000,0.250878866
12.820831282,0.000000000,0.000000000,0.238752112,0.000000000,-0.000000000,9.800000000,0.967893582,0.000000000,0.000000000,0.251360327
12.829164614,0.000000000,0.000000000,0.238752112,0.000000000,-0.000000000,9.800000000,0.967643050,0.000000000,0.000000000,0.252323064
12.833331280,0.000000000,0.000000000,0.238752112,0.000000000,-0.000000000,9.800000000,0.967517424,0.000000000,0.000000000,0.252804338
12.837497946,0.000000000,0.000000000,0.223253373,-0.000000000,-0.000000000,9.800000000,0.967399738,0.000000000,0.000000000,0.253254314
12.841664612,0.000000000,0.000000000,0.223253373,-0.000000000,-0.000000000,9.800000000,0.967281842,0.000000000,0.000000000,0.253704235
12.845831278,0.000000000,0.000000000,0.207668566,-0.000000000,0.000000000,9.800000000,0.967171988,0.000000000,0.000000000,0.254122699
12.854164610,0.000000000,0.000000000,0.207668566,-0.000000000,0.000000000,9.800000000,0.966951737,0.000000000,0.000000000,0.254959484
12.858331276,0.000000000,0.000000000,0.192003699,0.000000000,0.000000000,9.800000000,0.966849674,0.000000000,0.000000000,0.255346251
12.862497942,0.000000000,0.000000000,0.192003699,-0.000000000,0.000000000,9.800000000,0.966747456,0.000000000,0.000000000,0.255732978
12.866664608,0.000000000,0.000000000,0.192003699,0.000000000,0.000000000,9.800000000,0.966645084,0.000000000,0.000000000,0.256119664
12.870831274,0.000000000,0.000000000,0.176264810,-0.000000000,-0.000000000,9.800000000,0.966550967,0.000000000,0.000000000,0.256474617
12.879164606,0.000000000,0.000000000,0.176264810,-0.000000000,-0.000000000,9.800000000,0.966362342,0.000000000,0.000000000,0.257184418
12.883331272,0.000000000,0.000000000,0.176264810,-0.000000000,-0.000000000,9.800000000,0.966267834,0.000000000,0.000000000,0.257539267
12.887497938,0.000000000,0.000000000,0.176264810,-0.000000000,-0.000000000,9.800000000,0.966173195,0.000000000,0.000000000,0.257894080
12.891664604,0.000000000,0.000000000,0.160457969,0.000000000,-0.000000000,9.800000000,0.966086931,0.000000000,0.000000000,0.258217046
12.895831270,0.000000000,0.000000000,0.160457969,0.000000000,-0.000000000,9.800000000,0.966000558,0.000000000,0.000000000,0.258539982
12.904164602,0.000000000,0.000000000,0.144589267,0.000000000,0.000000000,9.800000000,0.965844624,0.000000000,0.000000000,0.259121907
12.908331268,0.000000000,0.000000000,0.128664824,0.000000000,0.000000000,9.800000000,0.965775131,0.000000000,0.000000000,0.259380794
12.912497934,0.000000000,0.000000000,0.128664824,0.000000000,0.000000000,9.800000000,0.965705569,0.000000000,0.000000000,0.259639662
12.916664600,0.000000000,0.000000000,0.128664824,0.000000000,0.000000000,9.800000000,0.965635937,0.000000000,0.000000000,0.259898512
12.920831266,0.000000000,0.000000000,0.112690778,-0.000000000,-0.000000000,9.800000000,0.965574894,0.000000000,0.000000000,0.260125209
12.929164598,0.000000000,0.000000000,0.112690778,-0.000000000,-0.000000000,9.800000000,0.965452647,0.000000000,0.000000000,0.260578561
12.933331264,0.000000000,0.000000000,0.096673288,-0.000000000,-0.000000000,9.800000000,0.965400146,0.000000000,0.000000000,0.260773001
12.937497930,0.000000000,0.000000000,0.096673288,-0.000000000,-0.000000000,9.800000000,0.965347606,0.000000000,0.000000000,0.260967430
12.941664596,0.000000000,0.000000000,0.096673288,-0.000000000,-0.000000000,9.800000000,0.965295027,0.000000000,0.000000000,0.261161848
12.945831262,0.000000000,0.000000000,0.080618528,0.000000000,-0.000000000,9.800000000,0.965251150,0.000000000,0.000000000,0.261323971
12.954164594,0.000000000,0.000000000,0.080618528,0.000000000,-0.000000000,9.800000000,0.965163314,0.000000000,0.000000000,0.261648194
12.958331260,0.000000000,0.000000000,0.064532688,-0.000000000,-0.000000000,9.800000000,0.965128128,0.000000000,0.000000000,0.261777951
12.962497926,0.000000000,0.000000000,0.064532688,-0.000000000,-0.000000000,9.800000000,0.965092925,0.000000000,0.000000000,0.261907704
12.966664592,0.000000000,0.000000000,0.064532688,-0.000000000,-0.000000000,9.800000000,0.965057705,0.000000000,0.000000000,0.262037451
12.970831258,0.000000000,0.000000000,0.048421970,0.000000000,0.000000000,9.800000000,0.965031266,0.000000000,0.000000000,0.262134804
12.979164590,0.000000000,0.000000000,0.048421970,0.000000000,0.000000000,9.800000000,0.964978359,0.000000000,0.000000000,0.262329502
12.983331256,0.000000000,0.000000000,0.032292584,-0.000000000,0.000000000,9.800000000,0.964960708,0.000000000,0.000000000,0.262394421
12.987497922,0.000000000,0.000000000,0.032292584,0.000000000,0.000000000,9.800000000,0.964943053,0.000000000,0.000000000,0.262459339
12.991664588,0.000000000,0.000000000,0.032292584,0.000000000,0.000000000,9.800000000,0.964925393,0.000000000,0.000000000,0.262524257
12.995831254,0.000000000,0.000000000,0.016150749,0.000000000,-0.000000000,9.800000000,0.964916560,0.000000000,0.000000000,0.262556724
13.004164586,0.000000000,0.000000000,0.016150749,-0.000000000,-0.000000000,9.800000000,0.964898889,0.000000000,0.000000000,0.262621657
13.008331252,0.000000000,0.000000000,0.000002687,-0.000000000,-0.000000000,9.800000000,0.964898887,0.000000000,0.000000000,0.262621662
13.012497918,0.000000000,0.000000000,0.000002687,-0.000000000,-0.000000000,9.800000000,0.964898886,0.000000000,0.000000000,0.262621668
13.016664584,0.000000000,0.000000000,0.000002687,-0.000000000,-0.000000000,9.800000000,0.964898884,0.000000000,0.000000000,0.262621673
13.020831250,0.000000000,0.000000000,-0.016145376,-0.000000000,0.000000000,9.800000000,0.964907717,0.000000000,0.000000000,0.262589217
13.029164582,0.000000000,0.000000000,-0.016145376,-0.000000000,-0.000000000,9.800000000,0.964925380,0.000000000,0.000000000,0.262524305
13.033331248,0.000000000,0.000000000,-0.016145376,-0.000000000,-0.000000000,9.800000000,0.964934210,0.000000000,0.000000000,0.262491849
13.037497914,0.000000000,0.000000000,-0.032287214,0.000000000,-0.000000000,9.800000000,0.964951864,0.000000000,0.000000000,0.262426942
13.041664580,0.000000000,0.000000000,-0.032287214,0.000000000,0.000000000,9.800000000,0.964969514,0.000000000,0.000000000,0.262362034
13.045831246,0.000000000,0.000000000,-0.048416605,0.000000000,-0.000000000,9.800000000,0.964995973,0.000000000,0.000000000,0.262264698
13.054164578,0.000000000,0.000000000,-0.048416605,0.000000000,-0.000000000,9.800000000,0.965048862,0.000000000,0.000000000,0.262070018
13.058331244,0.000000000,0.000000000,-0.048416605,0.000000000,0.000000000,9.800000000,0.965075291,0.000000000,0.000000000,0.261972674
13.062497910,0.000000000,0.000000000,-0.064527330,0.000000000,-0.000000000,9.800000000,0.965110500,0.000000000,0.000000000,0.261842935
13.066664576,0.000000000,0.000000000,-0.064527330,-0.000000000,-0.000000000,9.800000000,0.965145691,0.000000000,0.000000000,0.261713191
13.070831242,0.000000000,0.000000000,-0.080613180,0.000000000,0.000000000,9.800000000,0.965189631,0.000000000,0.000000000,0.261551097
13.079164574,0.000000000,0.000000000,-0.080613180,0.000000000,0.000000000,9.800000000,0.965277428,0.000000000,0.000000000,0.261226886
13.083331240,0.000000000,0.000000000,-0.096667951,0.000000000,0.000000000,9.800000000,0.965330018,0.000000000,0.000000000,0.261032482
13.087497906,0.000000000,0.000000000,-0.096667951,0.000000000,0.000000000,9.800000000,0.965382568,0.000000000,0.000000000,0.260838068
13.091664572,0.000000000,0.000000000,-0.096667951,0.000000000,0.000000000,9.800000000,0.965435079,0.000000000,0.000000000,0.260643643
13.095831238,0.000000000,0.000000000,-0.112685454,0.000000000,-0.000000000,9.800000000,0.965496241,0.000000000,0.000000000,0.260416989
13.104164570,0.000000000,0.000000000,-0.112685454,0.000000000,-0.000000000,9.800000000,0.965618407,0.000000000,0.000000000,0.259963638
13.108331236,0.000000000,0.000000000,-0.128659516,0.000000000,-0.000000000,9.800000000,0.965688053,0.000000000,0.000000000,0.259704803
13.112497902,0.000000000,0.000000000,-0.128659516,0.000000000,-0.000000000,9.800000000,0.965757629,0.000000000,0.000000000,0.259445950
13.116664568,0.000000000,0.000000000,-0.128659516,0.000000000,-0.000000000,9.800000000,0.965827137,0.000000000,0.000000000,0.259187079
13.120831234,0.000000000,0.000000000,-0.128659516,0.000000000,-0.000000000,9.800000000,0.965896575,0.000000000,0.000000000,0.258928188
13.129164566,0.000000000,0.000000000,-0.144583977,0.000000000,0.000000000,9.800000000,0.966043815,0.000000000,0.000000000,0.258378303
13.133331232,0.000000000,0.000000000,-0.160452697,0.000000000,0.000000000,9.800000000,0.966130131,0.000000000,0.000000000,0.258055363
13.137497898,0.000000000,0.000000000,-0.160452697,0.000000000,0.000000000,9.800000000,0.966216339,0.000000000,0.000000000,0.257732394
13.141664564,0.000000000,0.000000000,-0.160452697,0.000000000,0.000000000,9.800000000,0.966302439,0.000000000,0.000000000,0.257409396
13.145831230,0.000000000,0.000000000,-0.176259561,0.000000000,0.000000000,9.800000000,0.966396896,0.000000000,0.000000000,0.257054545
13.154164562,0.000000000,0.000000000,-0.176259561,0.000000000,0.000000000,9.800000000,0.966585420,0.000000000,0.000000000,0.256344740
13.158331228,0.000000000,0.000000000,-0.191998473,0.000000000,0.000000000,9.800000000,0.966687880,0.000000000,0.000000000,0.255958088
13.162497894,0.000000000,0.000000000,-0.191998473,0.000000000,-0.000000000,9.800000000,0.966790185,0.000000000,0.000000000,0.255571396
13.166664560,0.000000000,0.000000000,-0.191998473,0.000000000,0.000000000,9.800000000,0.966892335,0.000000000,0.000000000,0.255184663
13.170831226,0.000000000,0.000000000,-0.207663366,-0.000000000,-0.000000000,9.800000000,0.967002646,0.000000000,0.000000000,0.254766330
13.179164558,0.000000000,0.000000000,-0.207663366,-0.000000000,0.000000000,9.800000000,0.967222724,0.000000000,0.000000000,0.253929522
13.183331224,0.000000000,0.000000000,-0.207663366,-0.000000000,0.000000000,9.800000000,0.967332491,0.000000000,0.000000000,0.253511047
13.187497890,0.000000000,0.000000000,-0.223248200,0.000000000,-0.000000000,9.800000000,0.967450295,0.000000000,0.000000000,0.253061113
13.191664556,0.000000000,0.000000000,-0.223248200,0.000000000,-0.000000000,9.800000000,0.967567889,0.000000000,0.000000000,0.252611124
13.195831222,0.000000000,0.000000000,-0.238746969,0.000000000,-0.000000000,9.800000000,0.967693416,0.000000000,0.000000000,0.252129835
13.204164554,0.000000000,0.000000000,-0.238746969,0.000000000,-0.000000000,9.800000000,0.967943750,0.000000000,0.000000000,0.251167069
13.208331220,0.000000000,0.000000000,-0.254153696,0.000000000,0.000000000,9.800000000,0.968076604,0.000000000,0.000000000,0.250654520
13.212497886,0.000000000,0.000000000,-0.254153696,0.000000000,0.000000000,9.800000000,0.968209187,0.000000000,0.000000000,0.250141901
13.216664552,0.000000000,0.000000000,-0.254153696,0.000000000,0.000000000,9.800000000,0.968341498,0.000000000,0.000000000,0.249629212
13.220831218,0.000000000,0.000000000,-0.269462441,-0.000000000,-0.000000000,9.800000000,0.968481482,0.000000000,0.000000000,0.249085566
13.229164550,0.000000000,0.000000000,-0.269462441,-0.000000000,-0.000000000,9.800000000,0.968760535,0.000000000,0.000000000,0.247998037
13.233331216,0.000000000,0.000000000,-0.269462441,-0.000000000,-0.000000000,9.800000000,0.968899603,0.000000000,0.000000000,0.247454155
13.237497882,0.000000000,0.000000000,-0.284667304,-0.000000000,-0.000000000,9.800000000,0.969046187,0.000000000,0.000000000,0.246879499
13.241664548,0.000000000,0.000000000,-0.284667304,0.000000000,-0.000000000,9.800000000,0.969192430,0.000000000,0.000000000,0.246304756
13.245831214,0.000000000,0.000000000,-0.299762423,0.000000000,0.000000000,9.800000000,0.969346060,0.000000000,0.000000000,0.245699442
13.254164546,0.000000000,0.000000000,-0.299762423,0.000000000,0.000000000,9.800000000,0.969652185,0.000000000,0.000000000,0.244488528
13.258331212,0.000000000,0.000000000,-0.314741977,0.000000000,0.000000000,9.800000000,0.969812291,0.000000000,0.000000000,0.243852663
13.262497878,0.000000000,0.000000000,-0.314741977,-0.000000000,0.000000000,9.800000000,0.969971979,0.000000000,0.000000000,0.243216693
13.266664544,0.000000000,0.000000000,-0.314741977,0.000000000,0.000000000,9.800000000,0.970131251,0.000000000,0.000000000,0.242580618
13.270831210,0.000000000,0.000000000,-0.329600192,0.000000000,0.000000000,9.800000000,0.970297594,0.000000000,0.000000000,0.241914404
13.279164542,0.000000000,0.000000000,-0.329600192,-0.000000000,-0.000000000,9.800000000,0.970628908,0.000000000,0.000000000,0.240581633
13.283331208,0.000000000,0.000000000,-0.344331340,-0.000000000,0.000000000,9.800000000,0.970801241,0.000000000,0.000000000,0.239885284
13.287497874,0.000000000,0.000000000,-0.344331340,0.000000000,0.000000000,9.800000000,0.970973075,0.000000000,0.000000000,0.239188812
13.291664540,0.000000000,0.000000000,-0.344331340,0.000000000,0.000000000,9.800000000,0.971144409,0.000000000,0.000000000,0.238492216
13.295831206,0.000000000,0.000000000,-0.358929742,-0.000000000,-0.000000000,9.800000000,0.971322475,0.000000000,0.000000000,0.237765956
13.304164538,0.000000000,0.000000000,-0.358929742,-0.000000000,-0.000000000,9.800000000,0.971676977,0.000000000,0.000000000,0.236313039
13.308331204,0.000000000,0.000000000,-0.373389770,-0.000000000,-0.000000000,9.800000000,0.971860510,0.000000000,0.000000000,0.235557105
13.312497870,0.000000000,0.000000000,-0.373389770,0.000000000,-0.000000000,9.800000000,0.972043454,0.000000000,0.000000000,0.234801028
13.316664536,0.000000000,0.000000000,-0.373389770,0.000000000,-0.000000000,9.800000000,0.972225811,0.000000000,0.000000000,0.234044809
13.320831202,0.000000000,0.000000000,-0.387705849,0.000000000,0.000000000,9.800000000,0.972414536,0.000000000,0.000000000,0.233259446
13.329164534,0.000000000,0.000000000,-0.387705849,0.000000000,0.000000000,9.800000000,0.972790084,0.000000000,0.000000000,0.231688264
13.333331200,0.000000000,0.000000000,-0.387705849,0.000000000,0.000000000,9.800000000,0.972976906,0.000000000,0.000000000,0.230902446
13.337497866,0.000000000,0.000000000,-0.401872460,0.000000000,0.000000000,9.800000000,0.973169885,0.000000000,0.000000000,0.230087756
13.341664532,0.000000000,0.000000000,-0.401872460,0.000000000,0.000000000,9.800000000,0.973362181,0.000000000,0.000000000,0.229272905
13.345831198,0.000000000,0.000000000,-0.415884141,-0.000000000,-0.000000000,9.800000000,0.973560463,0.000000000,0.000000000,0.228429473
13.354164530,0.000000000,0.000000000,-0.415884141,-0.000000000,-0.000000000,9.800000000,0.973954836,0.000000000,0.000000000,0.226742096
13.358331196,0.000000000,0.000000000,-0.429735492,-0.000000000,-0.000000000,9.800000000,0.974157443,0.000000000,0.000000000,0.225870041
13.362497862,0.000000000,0.000000000,-0.429735492,-0.000000000,-0.000000000,9.800000000,0.974359270,0.000000000,0.000000000,0.224997805
13.366664528,0.000000000,0.000000000,-0.429735492,-0.000000000,-0.000000000,9.800000000,0.974560316,0.000000000,0.000000000,0.224125389
13.370831194,0.000000000,0.000000000,-0.443421171,-0.000000000,0.000000000,9.800000000,0.974766946,0.000000000,0.000000000,0.223225000
13.379164526,0.000000000,0.000000000,-0.443421171,-0.000000000,0.000000000,9.800000000,0.975177710,0.000000000,0.000000000,0.221423653
13.383331192,0.000000000,0.000000000,-0.443421171,-0.000000000,0.000000000,9.800000000,0.975381844,0.000000000,0.000000000,0.220522695
13.387497858,0.000000000,0.000000000,-0.443421171,-0.000000000,0.000000000,9.800000000,0.975585145,0.000000000,0.000000000,0.219621549
13.391664524,0.000000000,0.000000000,-0.443421171,-0.000000000,0.000000000,9.800000000,0.975787614,0.000000000,0.000000000,0.218720216
13.395831190,0.000000000,0.000000000,-0.470274477,0.000000000,0.000000000,9.800000000,0.976001434,0.000000000,0.000000000,0.217764095
13.404164522,0.000000000,0.000000000,-0.470274477,0.000000000,0.000000000,9.800000000,0.976426264,0.000000000,0.000000000,0.215851226
13.408331188,0.000000000,0.000000000,-0.483431752,-0.000000000,-0.000000000,9.800000000,0.976643163,0.000000000,0.000000000,0.214867709
13.412497854,0.000000000,0.000000000,-0.483431752,0.000000000,-0.000000000,9.800000000,0.976859071,0.000000000,0.000000000,0.213883975
13.416664520,0.000000000,0.000000000,-0.483431752,0.000000000,-0.000000000,9.800000000,0.977073989,0.000000000,0.000000000,0.212900024
13.420831186,0.000000000,0.000000000,-0.496402655,-0.000000000,0.000000000,9.800000000,0.977293642,0.000000000,0.000000000,0.211889448
13.429164518,0.000000000,0.000000000,-0.496402655,-0.000000000,0.000000000,9.800000000,0.977729811,0.000000000,0.000000000,0.209867616
13.433331184,0.000000000,0.000000000,-0.509182185,0.000000000,0.000000000,9.800000000,0.977951888,0.000000000,0.000000000,0.208830326
13.437497850,0.000000000,0.000000000,-0.509182185,0.000000000,0.000000000,9.800000000,0.978172864,0.000000000,0.000000000,0.207792802
13.441664516,0.000000000,0.000000000,-0.509182185,0.000000000,0.000000000,9.800000000,0.978392739,0.000000000,0.000000000,0.206755043
13.445831182,0.000000000,0.000000000,-0.521765415,0.000000000,0.000000000,9.800000000,0.978616906,0.000000000,0.000000000,0.205691397
13.454164514,0.000000000,0.000000000,-0.521765415,0.000000000,0.000000000,9.800000000,0.979061771,0.000000000,0.000000000,0.203563378
13.458331180,0.000000000,0.000000000,-0.534147496,-0.000000000,0.000000000,9.800000000,0.979287691,0.000000000,0.000000000,0.202473745
13.462497846,0.000000000,0.000000000,-0.534147496,-0.000000000,0.000000000,9.800000000,0.979512399,0.000000000,0.000000000,0.201383862
13.466664512,0.000000000,0.000000000,-0.534147496,-0.000000000,0.000000000,9.800000000,0.979735894,0.000000000,0.000000000,0.200293729
13.470831178,0.000000000,0.000000000,-0.546323652,-0.000000000,0.000000000,9.800000000,0.979963229,0.000000000,0.000000000,0.199178489
13.479164510,0.000000000,0.000000000,-0.546323652,0.000000000,0.000000000,9.800000000,0.980414089,0.000000000,0.000000000,0.196947238
13.483331176,0.000000000,0.000000000,-0.558289190,0.000000000,-0.000000000,9.800000000,0.980642495,0.000000000,0.000000000,0.195806783
13.487497842,0.000000000,0.000000000,-0.558289190,-0.000000000,-0.000000000,9.800000000,0.980869575,0.000000000,0.000000000,0.194666063
13.491664508,0.000000000,0.000000000,-0.558289190,-0.000000000,-0.000000000,9.800000000,0.981095328,0.000000000,0.000000000,0.193525080
13.495831174,0.000000000,0.000000000,-0.570039497,0.000000000,0.000000000,9.800000000,0.981324463,0.000000000,0.000000000,0.192359813
13.504164506,0.000000000,0.000000000,-0.570039497,0.000000000,0.000000000,9.800000000,0.981778581,0.000000000,0.000000000,0.190028466
13.508331172,0.000000000,0.000000000,-0.581570043,0.000000000,0.000000000,9.800000000,0.982008100,0.000000000,0.000000000,0.188838800
13.512497838,0.000000000,0.000000000,-0.581570043,0.000000000,-0.000000000,9.800000000,0.982236177,0.000000000,0.000000000,0.187648856
13.516664504,0.000000000,0.000000000,-0.581570043,0.000000000,0.000000000,9.800000000,0.982462812,0.000000000,0.000000000,0.186458637
13.520831170,0.000000000,0.000000000,-0.592876383,0.000000000,0.000000000,9.800000000,0.982692368,0.000000000,0.000000000,0.185244998
13.529164502,0.000000000,0.000000000,-0.592876383,0.000000000,0.000000000,9.800000000,0.983146983,0.000000000,0.000000000,0.182816873
13.533331168,0.000000000,0.000000000,-0.603954158,0.000000000,-0.000000000,9.800000000,0.983376232,0.000000000,0.000000000,0.181579696
13.537497834,0.000000000,0.000000000,-0.603954158,-0.000000000,0.000000000,9.800000000,0.983603924,0.000000000,0.000000000,0.180342231
13.541664500,0.000000000,0.000000000,-0.603954158,-0.000000000,-0.000000000,9.800000000,0.983830059,0.000000000,0.000000000,0.179104481
13.545831166,0.000000000,0.000000000,-0.614799097,-0.000000000,-0.000000000,9.800000000,0.984058654,0.000000000,0.000000000,0.177844214
13.554164498,0.000000000,0.000000000,-0.614799097,-0.000000000,0.000000000,9.800000000,0.984511002,0.000000000,0.000000000,0.175322808
13.558331164,0.000000000,0.000000000,-0.625407020,0.000000000,0.000000000,9.800000000,0.984738600,0.000000000,0.000000000,0.174039909
13.562497830,0.000000000,0.000000000,-0.625407020,0.000000000,0.000000000,9.800000000,0.984964526,0.000000000,0.000000000,0.172756715
13.566664496,0.000000000,0.000000000,-0.625407020,0.000000000,0.000000000,9.800000000,0.985188780,0.000000000,0.000000000,0.171473228
13.570831162,0.000000000,0.000000000,-0.635773836,0.000000000,-0.000000000,9.800000000,0.985415037,0.000000000,0.000000000,0.170168167
13.579164494,0.000000000,0.000000000,-0.635773836,0.000000000,0.000000000,9.800000000,0.985862364,0.000000000,0.000000000,0.167557152
13.583331160,0.000000000,0.000000000,-0.645895549,-0.000000000,-0.000000000,9.800000000,0.986086939,0.000000000,0.000000000,0.166230409
13.587497826,0.000000000,0.000000000,-0.645895549,-0.000000000,0.000000000,9.800000000,0.986309728,0.000000000,0.000000000,0.164903366
13.591664492,0.000000000,0.000000000,-0.645895549,-0.000000000,-0.000000000,9.800000000,0.986530732,0.000000000,0.000000000,0.163576023
13.595831158,0.000000000,0.000000000,-0.655768258,-0.000000000,0.000000000,9.800000000,0.986753286,0.000000000,0.000000000,0.162228089
13.604164490,0.000000000,0.000000000,-0.655768258,0.000000000,0.000000000,9.800000000,0.987192869,0.000000000,0.000000000,0.159531314
13.608331156,0.000000000,0.000000000,-0.665388155,0.000000000,0.000000000,9.800000000,0.987413066,0.000000000,0.000000000,0.158162690
13.612497822,0.000000000,0.000000000,-0.665388155,0.000000000,-0.000000000,9.800000000,0.987631367,0.000000000,0.000000000,0.156793761
13.616664488,0.000000000,0.000000000,-0.665388155,0.000000000,0.000000000,9.800000000,0.987847769,0.000000000,0.000000000,0.155424532
13.620831154,0.000000000,0.000000000,-0.674751533,0.000000000,-0.000000000,9.800000000,0.988065278,0.000000000,0.000000000,0.154035729
13.629164486,0.000000000,0.000000000,-0.674751533,-0.000000000,-0.000000000,9.800000000,0.988494439,0.000000000,0.000000000,0.151257214
13.633331152,0.000000000,0.000000000,-0.683854781,-0.000000000,-0.000000000,9.800000000,0.988708931,0.000000000,0.000000000,0.149848756
13.637497818,0.000000000,0.000000000,-0.683854781,0.000000000,0.000000000,9.800000000,0.988921417,0.000000000,0.000000000,0.148439993
13.641664484,0.000000000,0.000000000,-0.683854781,0.000000000,-0.000000000,9.800000000,0.989131895,0.000000000,0.000000000,0.147030929
13.645831150,0.000000000,0.000000000,-0.683854781,0.000000000,-0.000000000,9.800000000,0.989340366,0.000000000,0.000000000,0.145621567
13.654164482,0.000000000,0.000000000,-0.692694390,0.000000000,0.000000000,9.800000000,0.989756541,0.000000000,0.000000000,0.142765504
13.658331148,0.000000000,0.000000000,-0.692694390,0.000000000,0.000000000,9.800000000,0.989961537,0.000000000,0.000000000,0.141337026
13.662497814,0.000000000,0.000000000,-0.701266952,0.000000000,-0.000000000,9.800000000,0.990166970,0.000000000,0.000000000,0.139890569
13.666664480,0.000000000,0.000000000,-0.701266952,0.000000000,0.000000000,9.800000000,0.990370290,0.000000000,0.000000000,0.138443813
13.670831146,0.000000000,0.000000000,-0.709569163,-0.000000000,-0.000000000,9.800000000,0.990573865,0.000000000,0.000000000,0.136979629
13.679164478,0.000000000,0.000000000,-0.709569163,-0.000000000,-0.000000000,9.800000000,0.990974520,0.000000000,0.000000000,0.134050365
13.683331144,0.000000000,0.000000000,-0.717597821,-0.000000000,0.000000000,9.800000000,0.991173817,0.000000000,0.000000000,0.132568714
13.687497810,0.000000000,0.000000000,-0.717597821,-0.000000000,-0.000000000,9.800000000,0.991370899,0.000000000,0.000000000,0.131086766
13.691664476,0.000000000,0.000000000,-0.717597821,-0.000000000,0.000000000,9.800000000,0.991565765,0.000000000,0.000000000,0.129604526
13.695831142,0.000000000,0.000000000,-0.725349832,0.000000000,0.000000000,9.800000000,0.991760484,0.000000000,0.000000000,0.128105978
13.704164474,0.000000000,0.000000000,-0.725349832,0.000000000,0.000000000,9.800000000,0.992143128,0.000000000,0.000000000,0.125108009
13.708331140,0.000000000,0.000000000,-0.725349832,0.000000000,0.000000000,9.800000000,0.992331051,0.000000000,0.000000000,0.123608595
13.712497806,0.000000000,0.000000000,-0.725349832,0.000000000,0.000000000,9.800000000,0.992516709,0.000000000,0.000000000,0.122108898
13.716664472,0.000000000,0.000000000,-0.725349832,0.000000000,0.000000000,9.800000000,0.992700100,0.000000000,0.000000000,0.120608922
13.720831138,0.000000000,0.000000000,-0.725349832,0.000000000,0.000000000,9.800000000,0.992881224,0.000000000,0.000000000,0.119108671
13.729164470,0.000000000,0.000000000,-0.740012065,0.000000000,0.000000000,9.800000000,0.993243761,0.000000000,0.000000000,0.116046676
13.733331136,0.000000000,0.000000000,-0.746916634,0.000000000,-0.000000000,9.800000000,0.993423136,0.000000000,0.000000000,0.114500974
13.737497802,0.000000000,0.000000000,-0.746916634,0.000000000,0.000000000,9.800000000,0.993600105,0.000000000,0.000000000,0.112954994
13.741664468,0.000000000,0.000000000,-0.746916634,0.000000000,-0.000000000,9.800000000,0.993774669,0.000000000,0.000000000,0.111408740
13.745831134,0.000000000,0.000000000,-0.753533253,0.000000000,0.000000000,9.800000000,0.993948340,0.000000000,0.000000000,0.109848516
13.754164466,0.000000000,0.000000000,-0.753533253,0.000000000,0.000000000,9.800000000,0.994288335,0.000000000,0.000000000,0.106727259
13.758331132,0.000000000,0.000000000,-0.759859371,0.000000000,-0.000000000,9.800000000,0.994456042,0.000000000,0.000000000,0.105153127
13.762497798,0.000000000,0.000000000,-0.759859371,-0.000000000,-0.000000000,9.800000000,0.994621258,0.000000000,0.000000000,0.103578732
13.766664464,0.000000000,0.000000000,-0.759859371,-0.000000000,-0.000000000,9.800000000,0.994783981,0.000000000,0.000000000,0.102004078
13.770831130,0.000000000,0.000000000,-0.765892548,-0.000000000,0.000000000,9.800000000,0.994945473,0.000000000,0.000000000,0.100416662
13.779164462,0.000000000,0.000000000,-0.765892548,-0.000000000,0.000000000,9.800000000,0.995260858,0.000000000,0.000000000,0.097241068
13.783331128,0.000000000,0.000000000,-0.771630459,0.000000000,0.000000000,9.800000000,0.995415893,0.000000000,0.000000000,0.095640998
13.787497794,0.000000000,0.000000000,-0.771630459,-0.000000000,0.000000000,9.800000000,0.995568355,0.000000000,0.000000000,0.094040681
13.791664460,0.000000000,0.000000000,-0.771630459,-0.000000000,0.000000000,9.800000000,0.995718245,0.000000000,0.000000000,0.092440122
13.795831126,0.000000000,0.000000000,-0.777070892,0.000000000,0.000000000,9.800000000,0.995866591,0.000000000,0.000000000,0.090828035
13.804164458,0.000000000,0.000000000,-0.777070892,0.000000000,0.000000000,9.800000000,0.996155454,0.000000000,0.000000000,0.087603153
13.808331124,0.000000000,0.000000000,-0.777070892,0.000000000,0.000000000,9.800000000,0.996295969,0.000000000,0.000000000,0.085990366
13.812497790,0.000000000,0.000000000,-0.782211750,0.000000000,0.000000000,9.800000000,0.996434776,0.000000000,0.000000000,0.084366681
13.816664456,0.000000000,0.000000000,-0.782211750,-0.000000000,0.000000000,9.800000000,0.996570938,0.000000000,0.000000000,0.082742772
13.820831122,0.000000000,0.000000000,-0.787051050,0.000000000,0.000000000,9.800000000,0.996705270,0.000000000,0.000000000,0.081108595
13.829164454,0.000000000,0.000000000,-0.787051050,0.000000000,0.000000000,9.800000000,0.996965896,0.000000000,0.000000000,0.077839590
13.833331120,0.000000000,0.000000000,-0.791586927,-0.000000000,0.000000000,9.800000000,0.997092909,0.000000000,0.000000000,0.076195349
13.837497786,0.000000000,0.000000000,-0.791586927,-0.000000000,0.000000000,9.800000000,0.997217210,0.000000000,0.000000000,0.074550902
13.841664452,0.000000000,0.000000000,-0.791586927,-0.000000000,0.000000000,9.800000000,0.997338798,0.000000000,0.000000000,0.072906251
13.845831118,0.000000000,0.000000000,-0.791586927,-0.000000000,0.000000000,9.800000000,0.997457675,0.000000000,0.000000000,0.071261402
13.854164450,0.000000000,0.000000000,-0.795817633,-0.000000000,0.000000000,9.800000000,0.997688487,0.000000000,0.000000000,0.067953540
13.858331116,0.000000000,0.000000000,-0.799741535,0.000000000,-0.000000000,9.800000000,0.997800321,0.000000000,0.000000000,0.066291170
13.862497782,0.000000000,0.000000000,-0.799741535,0.000000000,-0.000000000,9.800000000,0.997909386,0.000000000,0.000000000,0.064628616
13.866664448,0.000000000,0.000000000,-0.799741535,0.000000000,-0.000000000,9.800000000,0.998015680,0.000000000,0.000000000,0.062965882
13.870831114,0.000000000,0.000000000,-0.803357123,0.000000000,0.000000000,9.800000000,0.998119666,0.000000000,0.000000000,0.061295455
13.879164446,0.000000000,0.000000000,-0.803357123,0.000000000,0.000000000,9.800000000,0.998319249,0.000000000,0.000000000,0.057954092
13.883331112,0.000000000,0.000000000,-0.806663000,-0.000000000,-0.000000000,9.800000000,0.998415234,0.000000000,0.000000000,0.056276287
13.887497778,0.000000000,0.000000000,-0.806663000,-0.000000000,-0.000000000,9.800000000,0.998508399,0.000000000,0.000000000,0.054598324
13.891664444,0.000000000,0.000000000,-0.806663000,-0.000000000,-0.000000000,9.800000000,0.998598744,0.000000000,0.000000000,0.052920207
13.895831110,0.000000000,0.000000000,-0.809657894,-0.000000000,0.000000000,9.800000000,0.998686589,0.000000000,0.000000000,0.051235709
13.904164442,0.000000000,0.000000000,-0.809657894,-0.000000000,0.000000000,9.800000000,0.998853753,0.000000000,0.000000000,0.047866281
13.908331108,0.000000000,0.000000000,-0.812340650,0.000000000,-0.000000000,9.800000000,0.998933330,0.000000000,0.000000000,0.046175777
13.912497774,0.000000000,0.000000000,-0.812340650,0.000000000,-0.000000000,9.800000000,0.999010046,0.000000000,0.000000000,0.044485141
13.916664440,0.000000000,0.000000000,-0.812340650,0.000000000,-0.000000000,9.800000000,0.999083901,0.000000000,0.000000000,0.042794377
13.920831106,0.000000000,0.000000000,-0.812340650,0.000000000,-0.000000000,9.800000000,0.999154894,0.000000000,0.000000000,0.041103491
13.929164438,0.000000000,0.000000000,-0.814710233,-0.000000000,-0.000000000,9.800000000,0.999288668,0.000000000,0.000000000,0.037711504
13.933331104,0.000000000,0.000000000,-0.816765729,0.000000000,0.000000000,9.800000000,0.999351391,0.000000000,0.000000000,0.036011066
13.937497770,0.000000000,0.000000000,-0.816765729,0.000000000,-0.000000000,9.800000000,0.999411221,0.000000000,0.000000000,0.034310523
13.941664436,0.000000000,0.000000000,-0.816765729,0.000000000,0.000000000,9.800000000,0.999468156,0.000000000,0.000000000,0.032609881
13.945831102,0.000000000,0.000000000,-0.818506347,0.000000000,-0.000000000,9.800000000,0.999522310,0.000000000,0.000000000,0.030905520
13.954164434,0.000000000,0.000000000,-0.818506347,-0.000000000,-0.000000000,9.800000000,0.999621899,0.000000000,0.000000000,0.027496534
13.958331100,0.000000000,0.000000000,-0.818506347,-0.000000000,-0.000000000,9.800000000,0.999667333,0.000000000,0.000000000,0.025791918
13.962497766,0.000000000,0.000000000,-0.819931416,-0.000000000,-0.000000000,9.800000000,0.999709932,0.000000000,0.000000000,0.024084259
13.966664432,0.000000000,0.000000000,-0.819931416,-0.000000000,-0.000000000,9.800000000,0.999749614,0.000000000,0.000000000,0.022376530
13.970831098,0.000000000,0.000000000,-0.821040385,0.000000000,0.000000000,9.800000000,0.999786427,0.000000000,0.000000000,0.020666426
13.979164430,0.000000000,0.000000000,-0.821040385,-0.000000000,-0.000000000,9.800000000,0.999851276,0.000000000,0.000000000,0.017246041
13.983331096,0.000000000,0.000000000,-0.821832828,0.000000000,0.000000000,9.800000000,0.999879338,0.000000000,0.000000000,0.015534120
13.987497762,0.000000000,0.000000000,-0.821832828,0.000000000,-0.000000000,9.800000000,0.999904469,0.000000000,0.000000000,0.013822153
13.991664428,0.000000000,0.000000000,-0.821832828,0.000000000,0.000000000,9.800000000,0.999926669,0.000000000,0.000000000,0.012110146
13.995831094,0.000000000,0.000000000,-0.821832828,0.000000000,0.000000000,9.800000000,0.999945938,0.000000000,0.000000000,0.010398103
14.004164426,0.000000000,0.000000000,-0.822308438,-0.000000000,0.000000000,9.800000000,0.999975689,0.000000000,0.000000000,0.006972940
14.008331092,0.000000000,0.000000000,-0.822308438,-0.000000000,0.000000000,9.800000000,0.999986167,0.000000000,0.000000000,0.005259830
14.012497758,0.000000000,0.000000000,-0.822467033,-0.000000000,-0.000000000,9.800000000,0.999993712,0.000000000,0.000000000,0.003546374
14.016664424,0.000000000,0.000000000,-0.822467033,-0.000000000,0.000000000,9.800000000,0.999998320,0.000000000,0.000000000,0.001832908
14.020831090,0.000000000,0.000000000,-0.822467033,-0.000000000,0.000000000,9.800000000,0.999999993,0.000000000,0.000000000,0.000119436
14.029164422,0.000000000,0.000000000,-0.822467033,-0.000000000,0.000000000,9.800000000,0.999994530,0.000000000,0.000000000,-0.003307503
14.033331088,0.000000000,0.000000000,-0.822467033,-0.000000000,-0.000000000,9.800000000,0.999987395,0.000000000,0.000000000,-0.005020961
14.037497754,0.000000000,0.000000000,-0.821833055,0.000000000,0.000000000,9.800000000,0.999977333,0.000000000,0.000000000,-0.006733083
14.041664420,0.000000000,0.000000000,-0.821833055,0.000000000,0.000000000,9.800000000,0.999964339,0.000000000,0.000000000,-0.008445185
14.045831086,0.000000000,0.000000000,-0.821833055,0.000000000,0.000000000,9.800000000,0.999948414,0.000000000,0.000000000,-0.010157263
14.054164418,0.000000000,0.000000000,-0.821040726,0.000000000,0.000000000,9.800000000,0.999907792,0.000000000,0.000000000,-0.013579673
14.058331084,0.000000000,0.000000000,-0.819931870,0.000000000,0.000000000,9.800000000,0.999883136,0.000000000,0.000000000,-0.015287686
14.062497750,0.000000000,0.000000000,-0.819931870,0.000000000,-0.000000000,9.800000000,0.999855563,0.000000000,0.000000000,-0.016995655
14.066664416,0.000000000,0.000000000,-0.819931870,0.000000000,-0.000000000,9.800000000,0.999825073,0.000000000,0.000000000,-0.018703573
14.070831082,0.000000000,0.000000000,-0.818506915,0.000000000,0.000000000,9.800000000,0.999791725,0.000000000,0.000000000,-0.020408470
14.079164414,0.000000000,0.000000000,-0.818506915,-0.000000000,0.000000000,9.800000000,0.999716309,0.000000000,0.000000000,-0.023818079
14.083331080,0.000000000,0.000000000,-0.818506915,-0.000000000,0.000000000,9.800000000,0.999674241,0.000000000,0.000000000,-0.025522782
14.087497746,0.000000000,0.000000000,-0.818506915,-0.000000000,0.000000000,9.800000000,0.999629265,0.000000000,0.000000000,-0.027227411
14.091664412,0.000000000,0.000000000,-0.818506915,0.000000000,0.000000000,9.800000000,0.999581383,0.000000000,0.000000000,-0.028931961
14.095831078,0.000000000,0.000000000,-0.816766410,0.000000000,0.000000000,9.800000000,0.999530706,0.000000000,0.000000000,-0.030632802
14.104164410,0.000000000,0.000000000,-0.814711026,0.000000000,0.000000000,9.800000000,0.999420960,0.000000000,0.000000000,-0.034025655
14.108331076,0.000000000,0.000000000,-0.812341555,0.000000000,0.000000000,9.800000000,0.999361944,0.000000000,0.000000000,-0.035717004
14.112497742,0.000000000,0.000000000,-0.812341555,0.000000000,0.000000000,9.800000000,0.999300066,0.000000000,0.000000000,-0.037408250
14.116664408,0.000000000,0.000000000,-0.812341555,0.000000000,0.000000000,9.800000000,0.999235327,0.000000000,0.000000000,-0.039099389
14.120831074,0.000000000,0.000000000,-0.809658912,0.000000000,-0.000000000,9.800000000,0.999167953,0.000000000,0.000000000,-0.040784832
14.129164406,0.000000000,0.000000000,-0.809658912,0.000000000,0.000000000,9.800000000,0.999024676,0.000000000,0.000000000,-0.044155364
14.133331072,0.000000000,0.000000000,-0.806664130,0.000000000,-0.000000000,9.800000000,0.998949060,0.000000000,0.000000000,-0.045834212
14.137497738,0.000000000,0.000000000,-0.806664130,0.000000000,-0.000000000,9.800000000,0.998870623,0.000000000,0.000000000,-0.047512931
14.141664404,0.000000000,0.000000000,-0.806664130,-0.000000000,-0.000000000,9.800000000,0.998789365,0.000000000,0.000000000,-0.049191515
14.145831070,0.000000000,0.000000000,-0.803358363,0.000000000,0.000000000,9.800000000,0.998705636,0.000000000,0.000000000,-0.050863082
14.154164402,0.000000000,0.000000000,-0.803358363,0.000000000,0.000000000,9.800000000,0.998529786,0.000000000,0.000000000,-0.054205784
14.158331068,0.000000000,0.000000000,-0.803358363,0.000000000,0.000000000,9.800000000,0.998437665,0.000000000,0.000000000,-0.055876910
14.162497734,0.000000000,0.000000000,-0.799742887,0.000000000,0.000000000,9.800000000,0.998343181,0.000000000,0.000000000,-0.057540359
14.166664400,0.000000000,0.000000000,-0.799742887,0.000000000,0.000000000,9.800000000,0.998245926,0.000000000,0.000000000,-0.059203649
14.170831066,0.000000000,0.000000000,-0.795819094,0.000000000,0.000000000,9.800000000,0.998146397,0.000000000,0.000000000,-0.060858614
14.179164398,0.000000000,0.000000000,-0.795819094,0.000000000,0.000000000,9.800000000,0.997939108,0.000000000,0.000000000,-0.064168040
14.183331064,0.000000000,0.000000000,-0.791588498,0.000000000,0.000000000,9.800000000,0.997831928,0.000000000,0.000000000,-0.065813695
14.187497730,0.000000000,0.000000000,-0.791588498,0.000000000,0.000000000,9.800000000,0.997722035,0.000000000,0.000000000,-0.067459172
14.191664396,0.000000000,0.000000000,-0.791588498,0.000000000,0.000000000,9.800000000,0.997609429,0.000000000,0.000000000,-0.069104465
14.195831062,0.000000000,0.000000000,-0.787052730,0.000000000,0.000000000,9.800000000,0.997494778,0.000000000,0.000000000,-0.070740145
14.204164394,0.000000000,0.000000000,-0.787052730,-0.000000000,0.000000000,9.800000000,0.997257430,0.000000000,0.000000000,-0.074010929
14.208331060,0.000000000,0.000000000,-0.787052730,0.000000000,0.000000000,9.800000000,0.997134735,0.000000000,0.000000000,-0.075646025
14.212497726,0.000000000,0.000000000,-0.782213539,0.000000000,0.000000000,9.800000000,0.997010137,0.000000000,0.000000000,-0.077270866
14.216664392,0.000000000,0.000000000,-0.777072789,0.000000000,0.000000000,9.800000000,0.996883737,0.000000000,0.000000000,-0.078884825
14.220831058,0.000000000,0.000000000,-0.777072789,-0.000000000,0.000000000,9.800000000,0.996754724,0.000000000,0.000000000,-0.080498577
14.229164390,0.000000000,0.000000000,-0.777072789,0.000000000,0.000000000,9.800000000,0.996488861,0.000000000,0.000000000,-0.083725445
14.233331056,0.000000000,0.000000000,-0.771632463,-0.000000000,0.000000000,9.800000000,0.996352979,0.000000000,0.000000000,-0.085327259
14.237497722,0.000000000,0.000000000,-0.771632463,-0.000000000,0.000000000,9.800000000,0.996214522,0.000000000,0.000000000,-0.086928852
14.241664388,0.000000000,0.000000000,-0.771632463,-0.000000000,0.000000000,9.800000000,0.996073491,0.000000000,0.000000000,-0.088530221
14.245831054,0.000000000,0.000000000,-0.771632463,-0.000000000,0.000000000,9.800000000,0.995929886,0.000000000,0.000000000,-0.090131362
14.254164386,0.000000000,0.000000000,-0.765894658,-0.000000000,0.000000000,9.800000000,0.995637186,0.000000000,0.000000000,-0.093309136
14.258331052,0.000000000,0.000000000,-0.759861586,-0.000000000,-0.000000000,9.800000000,0.995488225,0.000000000,0.000000000,-0.094885156
14.262497718,0.000000000,0.000000000,-0.759861586,-0.000000000,-0.000000000,9.800000000,0.995336771,0.000000000,0.000000000,-0.096460939
14.266664384,0.000000000,0.000000000,-0.759861586,-0.000000000,-0.000000000,9.800000000,0.995182822,0.000000000,0.000000000,-0.098036480
14.270831050,0.000000000,0.000000000,-0.753535573,-0.000000000,0.000000000,9.800000000,0.995027691,0.000000000,0.000000000,-0.099598662
14.279164382,0.000000000,0.000000000,-0.753535573,-0.000000000,0.000000000,9.800000000,0.994710074,0.000000000,0.000000000,-0.102722285
14.283331048,0.000000000,0.000000000,-0.746919057,0.000000000,0.000000000,9.800000000,0.994549026,0.000000000,0.000000000,-0.104270010
14.287497714,0.000000000,0.000000000,-0.746919057,0.000000000,0.000000000,9.800000000,0.994385569,0.000000000,0.000000000,-0.105817482
14.291664380,0.000000000,0.000000000,-0.746919057,0.000000000,0.000000000,9.800000000,0.994219705,0.000000000,0.000000000,-0.107364698
14.295831046,0.000000000,0.000000000,-0.740014591,-0.000000000,0.000000000,9.800000000,0.994053000,0.000000000,0.000000000,-0.108897355
14.304164378,0.000000000,0.000000000,-0.740014591,0.000000000,0.000000000,9.800000000,0.993712501,0.000000000,0.000000000,-0.111961889
14.308331044,0.000000000,0.000000000,-0.740014591,-0.000000000,0.000000000,9.800000000,0.993538709,0.000000000,0.000000000,-0.113493759
14.312497710,0.000000000,0.000000000,-0.732824835,0.000000000,0.000000000,9.800000000,0.993364278,0.000000000,0.000000000,-0.115010480
14.316664376,0.000000000,0.000000000,-0.732824835,0.000000000,-0.000000000,9.800000000,0.993187532,0.000000000,0.000000000,-0.116526932
14.320831042,0.000000000,0.000000000,-0.725352561,0.000000000,0.000000000,9.800000000,0.993010308,0.000000000,0.000000000,-0.118027655
14.329164374,0.000000000,0.000000000,-0.725352561,0.000000000,0.000000000,9.800000000,0.992649059,0.000000000,0.000000000,-0.121028288
14.333331040,0.000000000,0.000000000,-0.717600649,0.000000000,0.000000000,9.800000000,0.992467012,0.000000000,0.000000000,-0.122512164
14.337497706,0.000000000,0.000000000,-0.717600649,0.000000000,0.000000000,9.800000000,0.992282747,0.000000000,0.000000000,-0.123995766
14.341664372,0.000000000,0.000000000,-0.717600649,-0.000000000,0.000000000,9.800000000,0.992096264,0.000000000,0.000000000,-0.125479090
14.345831038,0.000000000,0.000000000,-0.709572090,0.000000000,0.000000000,9.800000000,0.991909688,0.000000000,0.000000000,-0.126945544
14.354164370,0.000000000,0.000000000,-0.709572090,0.000000000,-0.000000000,9.800000000,0.991530032,0.000000000,0.000000000,-0.129877615
14.358331036,0.000000000,0.000000000,-0.701269976,0.000000000,0.000000000,9.800000000,0.991339226,0.000000000,0.000000000,-0.131326081
14.362497702,0.000000000,0.000000000,-0.701269976,-0.000000000,-0.000000000,9.800000000,0.991146303,0.000000000,0.000000000,-0.132774266
14.366664368,0.000000000,0.000000000,-0.701269976,-0.000000000,0.000000000,9.800000000,0.990951265,0.000000000,0.000000000,-0.134222167
14.370831034,0.000000000,0.000000000,-0.701269976,-0.000000000,-0.000000000,9.800000000,0.990754112,0.000000000,0.000000000,-0.135669782
14.379164366,0.000000000,0.000000000,-0.692697510,-0.000000000,0.000000000,9.800000000,0.990358410,0.000000000,0.000000000,-0.138528767
14.383331032,0.000000000,0.000000000,-0.692697510,-0.000000000,0.000000000,9.800000000,0.990157466,0.000000000,0.000000000,-0.139957827
14.387497698,0.000000000,0.000000000,-0.692697510,0.000000000,0.000000000,9.800000000,0.989954459,0.000000000,0.000000000,-0.141386597
14.391664364,0.000000000,0.000000000,-0.683857996,-0.000000000,0.000000000,9.800000000,0.989752020,0.000000000,0.000000000,-0.142796845
14.395831030,0.000000000,0.000000000,-0.674754842,0.000000000,0.000000000,9.800000000,0.989550307,0.000000000,0.000000000,-0.144188036
14.404164362,0.000000000,0.000000000,-0.674754842,0.000000000,0.000000000,9.800000000,0.989141015,0.000000000,0.000000000,-0.146969562
14.408331028,0.000000000,0.000000000,-0.674754842,0.000000000,0.000000000,9.800000000,0.988933437,0.000000000,0.000000000,-0.148359890
14.412497694,0.000000000,0.000000000,-0.665391557,0.000000000,0.000000000,9.800000000,0.988726826,0.000000000,0.000000000,-0.149730639
14.416664360,0.000000000,0.000000000,-0.665391557,0.000000000,0.000000000,9.800000000,0.988518314,0.000000000,0.000000000,-0.151101099
14.420831026,0.000000000,0.000000000,-0.655771751,0.000000000,0.000000000,9.800000000,0.988310959,0.000000000,0.000000000,-0.152451463
14.429164358,0.000000000,0.000000000,-0.655771751,0.000000000,0.000000000,9.800000000,0.987890715,0.000000000,0.000000000,-0.155151333
14.433331024,0.000000000,0.000000000,-0.645899132,-0.000000000,0.000000000,9.800000000,0.987681045,0.000000000,0.000000000,-0.156480521
14.437497690,0.000000000,0.000000000,-0.645899132,-0.000000000,-0.000000000,9.800000000,0.987469587,0.000000000,0.000000000,-0.157809425
14.441664356,0.000000000,0.000000000,-0.645899132,0.000000000,0.000000000,9.800000000,0.987256341,0.000000000,0.000000000,-0.159138043
14.445831022,0.000000000,0.000000000,-0.635777508,-0.000000000,0.000000000,9.800000000,0.987044691,0.000000000,0.000000000,-0.160445560
14.454164354,0.000000000,0.000000000,-0.635777508,-0.000000000,0.000000000,9.800000000,0.986616196,0.000000000,0.000000000,-0.163059747
14.458331020,0.000000000,0.000000000,-0.625410779,0.000000000,0.000000000,9.800000000,0.986402902,0.000000000,0.000000000,-0.164345109
14.462497686,0.000000000,0.000000000,-0.625410779,0.000000000,0.000000000,9.800000000,0.986187933,0.000000000,0.000000000,-0.165630192
14.466664352,0.000000000,0.000000000,-0.625410779,0.000000000,-0.000000000,9.800000000,0.985971290,0.000000000,0.000000000,-0.166914994
14.470831018,0.000000000,0.000000000,-0.614802942,-0.000000000,0.000000000,9.800000000,0.985756690,0.000000000,0.000000000,-0.168177727
14.479164350,0.000000000,0.000000000,-0.614802942,0.000000000,0.000000000,9.800000000,0.985322639,0.000000000,0.000000000,-0.170702364
14.483331016,0.000000000,0.000000000,-0.614802942,-0.000000000,0.000000000,9.800000000,0.985103189,0.000000000,0.000000000,-0.171964264
14.487497682,0.000000000,0.000000000,-0.603958087,0.000000000,-0.000000000,9.800000000,0.984886035,0.000000000,0.000000000,-0.173203629
14.491664348,0.000000000,0.000000000,-0.603958087,0.000000000,-0.000000000,9.800000000,0.984667323,0.000000000,0.000000000,-0.174442721
14.495831014,0.000000000,0.000000000,-0.592880395,0.000000000,0.000000000,9.800000000,0.984451106,0.000000000,0.000000000,-0.175658816
14.504164346,0.000000000,0.000000000,-0.592880395,0.000000000,0.000000000,9.800000000,0.984014167,0.000000000,0.000000000,-0.178090201
14.508331012,0.000000000,0.000000000,-0.581574136,-0.000000000,0.000000000,9.800000000,0.983797668,0.000000000,0.000000000,-0.179282314
14.512497678,0.000000000,0.000000000,-0.581574136,-0.000000000,0.000000000,9.800000000,0.983579725,0.000000000,0.000000000,-0.180474164
14.516664344,0.000000000,0.000000000,-0.581574136,-0.000000000,0.000000000,9.800000000,0.983360339,0.000000000,0.000000000,-0.181665749
14.520831010,0.000000000,0.000000000,-0.570043669,-0.000000000,-0.000000000,9.800000000,0.983143901,0.000000000,0.000000000,-0.182833450
14.529164342,0.000000000,0.000000000,-0.570043669,-0.000000000,-0.000000000,9.800000000,0.982706865,0.000000000,0.000000000,-0.185168077
14.533331008,0.000000000,0.000000000,-0.570043669,-0.000000000,-0.000000000,9.800000000,0.982486268,0.000000000,0.000000000,-0.186335000
14.537497674,0.000000000,0.000000000,-0.570043669,-0.000000000,-0.000000000,9.800000000,0.982264286,0.000000000,0.000000000,-0.187501660
14.541664340,0.000000000,0.000000000,-0.558293440,0.000000000,0.000000000,9.800000000,0.982045536,0.000000000,0.000000000,-0.188644016
14.545831006,0.000000000,0.000000000,-0.558293440,0.000000000,0.000000000,9.800000000,0.981825458,0.000000000,0.000000000,-0.189786116
14.554164338,0.000000000,0.000000000,-0.546327978,0.000000000,0.000000000,9.800000000,0.981390892,0.000000000,0.000000000,-0.192020616
14.558331004,0.000000000,0.000000000,-0.534151897,0.000000000,0.000000000,9.800000000,0.981176601,0.000000000,0.000000000,-0.193112605
14.562497670,0.000000000,0.000000000,-0.534151897,0.000000000,0.000000000,9.800000000,0.980961094,0.000000000,0.000000000,-0.194204355
14.566664336,0.000000000,0.000000000,-0.534151897,0.000000000,0.000000000,9.800000000,0.980744373,0.000000000,0.000000000,-0.195295864
14.570831002,0.000000000,0.000000000,-0.521769889,0.000000000,0.000000000,9.800000000,0.980531503,0.000000000,0.000000000,-0.196361837
14.579164334,0.000000000,0.000000000,-0.521769889,0.000000000,0.000000000,9.800000000,0.980102288,0.000000000,0.000000000,-0.198493087
14.583331000,0.000000000,0.000000000,-0.509186730,0.000000000,0.000000000,9.800000000,0.979891174,0.000000000,0.000000000,-0.199532673
14.587497666,0.000000000,0.000000000,-0.509186730,-0.000000000,0.000000000,9.800000000,0.979678957,0.000000000,0.000000000,-0.200572035
14.591664332,0.000000000,0.000000000,-0.509186730,-0.000000000,-0.000000000,9.800000000,0.979465638,0.000000000,0.000000000,-0.201611170
14.595830998,0.000000000,0.000000000,-0.496407269,0.000000000,0.000000000,9.800000000,0.979256612,0.000000000,0.000000000,-0.202624008
14.604164330,0.000000000,0.000000000,-0.496407269,0.000000000,0.000000000,9.800000000,0.978835417,0.000000000,0.000000000,-0.204649031
14.608330996,0.000000000,0.000000000,-0.496407269,0.000000000,0.000000000,9.800000000,0.978623250,0.000000000,0.000000000,-0.205661215
14.612497662,0.000000000,0.000000000,-0.496407269,0.000000000,0.000000000,9.800000000,0.978410035,0.000000000,0.000000000,-0.206673179
14.616664328,0.000000000,0.000000000,-0.496407269,0.000000000,0.000000000,9.800000000,0.978195774,0.000000000,0.000000000,-0.207684922
14.620830994,0.000000000,0.000000000,-0.470279225,0.000000000,0.000000000,9.800000000,0.977991826,0.000000000,0.000000000,-0.208643208
14.629164326,0.000000000,0.000000000,-0.470279225,0.000000000,0.000000000,9.800000000,0.977581113,0.000000000,0.000000000,-0.210559178
14.633330992,0.000000000,0.000000000,-0.470279225,0.000000000,0.000000000,9.800000000,0.977374349,0.000000000,0.000000000,-0.211516860
14.637497658,0.000000000,0.000000000,-0.470279225,0.000000000,0.000000000,9.800000000,0.977166647,0.000000000,0.000000000,-0.212474339
14.641664324,0.000000000,0.000000000,-0.456940715,-0.000000000,-0.000000000,9.800000000,0.976963937,0.000000000,0.000000000,-0.213404466
14.645830990,0.000000000,0.000000000,-0.443426045,-0.000000000,-0.000000000,9.800000000,0.976766376,0.000000000,0.000000000,-0.214306898
14.654164322,0.000000000,0.000000000,-0.443426045,-0.000000000,-0.000000000,9.800000000,0.976368754,0.000000000,0.000000000,-0.216111213
14.658330988,0.000000000,0.000000000,-0.429740427,0.000000000,-0.000000000,9.800000000,0.976174880,0.000000000,0.000000000,-0.216985262
14.662497654,0.000000000,0.000000000,-0.429740427,0.000000000,0.000000000,9.800000000,0.975980223,0.000000000,0.000000000,-0.217859136
14.666664320,0.000000000,0.000000000,-0.429740427,-0.000000000,-0.000000000,9.800000000,0.975784785,0.000000000,0.000000000,-0.218732837
14.670830986,0.000000000,0.000000000,-0.415889135,0.000000000,0.000000000,9.800000000,0.975594901,0.000000000,0.000000000,-0.219578209
14.679164318,0.000000000,0.000000000,-0.415889135,-0.000000000,0.000000000,9.800000000,0.975212935,0.000000000,0.000000000,-0.221268459
14.683330984,0.000000000,0.000000000,-0.401877510,0.000000000,0.000000000,9.800000000,0.975027338,0.000000000,0.000000000,-0.222084873
14.687497650,0.000000000,0.000000000,-0.401877510,0.000000000,0.000000000,9.800000000,0.974841057,0.000000000,0.000000000,-0.222901132
14.691664316,0.000000000,0.000000000,-0.401877510,0.000000000,0.000000000,9.800000000,0.974654092,0.000000000,0.000000000,-0.223717234
14.695830982,0.000000000,0.000000000,-0.387710953,0.000000000,-0.000000000,9.800000000,0.974473071,0.000000000,0.000000000,-0.224504419
14.704164314,0.000000000,0.000000000,-0.387710953,0.000000000,-0.000000000,9.800000000,0.974109121,0.000000000,0.000000000,-0.226078350
14.708330980,0.000000000,0.000000000,-0.387710953,0.000000000,0.000000000,9.800000000,0.973926193,0.000000000,0.000000000,-0.226865094
14.712497646,0.000000000,0.000000000,-0.387710953,0.000000000,0.000000000,9.800000000,0.973742629,0.000000000,0.000000000,-0.227651690
14.716664312,0.000000000,0.000000000,-0.373394927,-0.000000000,0.000000000,9.800000000,0.973565243,0.000000000,0.000000000,-0.228409102
14.720830978,0.000000000,0.000000000,-0.373394927,-0.000000000,0.000000000,9.800000000,0.973387268,0.000000000,0.000000000,-0.229166375
14.729164310,0.000000000,0.000000000,-0.358934950,-0.000000000,0.000000000,9.800000000,0.973043447,0.000000000,0.000000000,-0.230621879
14.733330976,0.000000000,0.000000000,-0.344336597,0.000000000,0.000000000,9.800000000,0.972877756,0.000000000,0.000000000,-0.231319850
14.737497642,0.000000000,0.000000000,-0.344336597,0.000000000,0.000000000,9.800000000,0.972711564,0.000000000,0.000000000,-0.232017701
14.741664308,0.000000000,0.000000000,-0.344336597,0.000000000,0.000000000,9.800000000,0.972544872,0.000000000,0.000000000,-0.232715433
14.745830974,0.000000000,0.000000000,-0.329605495,0.000000000,0.000000000,9.800000000,0.972384842,0.000000000,0.000000000,-0.233383204
14.754164306,0.000000000,0.000000000,-0.329605495,0.000000000,-0.000000000,9.800000000,0.972063407,0.000000000,0.000000000,-0.234718414
14.758330972,0.000000000,0.000000000,-0.314747324,0.000000000,0.000000000,9.800000000,0.971909287,0.000000000,0.000000000,-0.235355768
14.762497638,0.000000000,0.000000000,-0.314747324,0.000000000,0.000000000,9.800000000,0.971754750,0.000000000,0.000000000,-0.235993021
14.766664304,0.000000000,0.000000000,-0.314747324,0.000000000,0.000000000,9.800000000,0.971599795,0.000000000,0.000000000,-0.236630173
14.770830970,0.000000000,0.000000000,-0.299767812,0.000000000,0.000000000,9.800000000,0.971451826,0.000000000,0.000000000,-0.237236906
14.779164302,0.000000000,0.000000000,-0.299767812,-0.000000000,0.000000000,9.800000000,0.971154752,0.000000000,0.000000000,-0.238450096
14.783330968,0.000000000,0.000000000,-0.284672734,0.000000000,-0.000000000,9.800000000,0.971013164,0.000000000,0.000000000,-0.239026015
14.787497634,0.000000000,0.000000000,-0.284672734,0.000000000,-0.000000000,9.800000000,0.970871234,0.000000000,0.000000000,-0.239601849
14.791664300,0.000000000,0.000000000,-0.284672734,0.000000000,-0.000000000,9.800000000,0.970728963,0.000000000,0.000000000,-0.240177600
14.795830966,0.000000000,0.000000000,-0.269467910,-0.000000000,-0.000000000,9.800000000,0.970593977,0.000000000,0.000000000,-0.240722521
14.804164298,0.000000000,0.000000000,-0.269467910,0.000000000,-0.000000000,9.800000000,0.970323086,0.000000000,0.000000000,-0.241812135
14.808330964,0.000000000,0.000000000,-0.269467910,-0.000000000,-0.000000000,9.800000000,0.970187182,0.000000000,0.000000000,-0.242356828
14.812497630,0.000000000,0.000000000,-0.254159200,-0.000000000,-0.000000000,9.800000000,0.970058718,0.000000000,0.000000000,-0.242870507
14.816664296,0.000000000,0.000000000,-0.254159200,-0.000000000,0.000000000,9.800000000,0.969929983,0.000000000,0.000000000,-0.243384117
14.820830962,0.000000000,0.000000000,-0.254159200,-0.000000000,0.000000000,9.800000000,0.969800975,0.000000000,0.000000000,-0.243897659
14.829164294,0.000000000,0.000000000,-0.238752507,-0.000000000,-0.000000000,9.800000000,0.969557866,0.000000000,0.000000000,-0.244862298
14.833330960,0.000000000,0.000000000,-0.223253771,-0.000000000,0.000000000,9.800000000,0.969443872,0.000000000,0.000000000,-0.245313225
14.837497626,0.000000000,0.000000000,-0.223253771,-0.000000000,-0.000000000,9.800000000,0.969329669,0.000000000,0.000000000,-0.245764098
14.841664292,0.000000000,0.000000000,-0.223253771,0.000000000,0.000000000,9.800000000,0.969215257,0.000000000,0.000000000,-0.246214918
14.845830958,0.000000000,0.000000000,-0.207668966,0.000000000,0.000000000,9.800000000,0.969108643,0.000000000,0.000000000,-0.246634220
14.854164290,0.000000000,0.000000000,-0.207668966,0.000000000,0.000000000,9.800000000,0.968894870,0.000000000,0.000000000,-0.247472685
14.858330956,0.000000000,0.000000000,-0.192004101,0.000000000,-0.000000000,9.800000000,0.968795802,0.000000000,0.000000000,-0.247860232
14.862497622,0.000000000,0.000000000,-0.192004101,0.000000000,-0.000000000,9.800000000,0.968696578,0.000000000,0.000000000,-0.248247738
14.866664288,0.000000000,0.000000000,-0.192004101,0.000000000,-0.000000000,9.800000000,0.968597199,0.000000000,0.000000000,-0.248635205
14.870830954,0.000000000,0.000000000,-0.192004101,0.000000000,0.000000000,9.800000000,0.968497666,0.000000000,0.000000000,-0.249022633
14.879164286,0.000000000,0.000000000,-0.192004101,0.000000000,0.000000000,9.800000000,0.968298133,0.000000000,0.000000000,-0.249797367
14.883330952,0.000000000,0.000000000,-0.192004101,0.000000000,0.000000000,9.800000000,0.968198135,0.000000000,0.000000000,-0.250184675
14.887497618,0.000000000,0.000000000,-0.160458374,-0.000000000,0.000000000,9.800000000,0.968114447,0.000000000,0.000000000,-0.250508318
14.891664284,0.000000000,0.000000000,-0.160458374,-0.000000000,0.000000000,9.800000000,0.968030651,0.000000000,0.000000000,-0.250831934
14.895830950,0.000000000,0.000000000,-0.144589674,0.000000000,0.000000000,9.800000000,0.967955049,0.000000000,0.000000000,-0.251123521
14.904164282,0.000000000,0.000000000,-0.144589674,0.000000000,0.000000000,9.800000000,0.967803583,0.000000000,0.000000000,-0.251706626
14.908330948,0.000000000,0.000000000,-0.144589674,0.000000000,0.000000000,9.800000000,0.967727717,0.000000000,0.000000000,-0.251998145
14.912497614,0.000000000,0.000000000,-0.128665232,0.000000000,0.000000000,9.800000000,0.967660134,0.000000000,0.000000000,-0.252257537
14.916664280,0.000000000,0.000000000,-0.128665232,0.000000000,0.000000000,9.800000000,0.967592481,0.000000000,0.000000000,-0.252516912
14.920830946,0.000000000,0.000000000,-0.128665232,0.000000000,0.000000000,9.800000000,0.967524758,0.000000000,0.000000000,-0.252776269
14.929164278,0.000000000,0.000000000,-0.112691188,0.000000000,-0.000000000,9.800000000,0.967405961,0.000000000,0.000000000,-0.253230539
14.933330944,0.000000000,0.000000000,-0.096673698,-0.000000000,-0.000000000,9.800000000,0.967354940,0.000000000,0.000000000,-0.253425373
14.937497610,0.000000000,0.000000000,-0.096673698,-0.000000000,-0.000000000,9.800000000,0.967303880,0.000000000,0.000000000,-0.253620196
14.941664276,0.000000000,0.000000000,-0.096673698,-0.000000000,-0.000000000,9.800000000,0.967252780,0.000000000,0.000000000,-0.253815009
14.945830942,0.000000000,0.000000000,-0.096673698,-0.000000000,-0.000000000,9.800000000,0.967201641,0.000000000,0.000000000,-0.254009812
14.954164274,0.000000000,0.000000000,-0.080618939,0.000000000,0.000000000,9.800000000,0.967116262,0.000000000,0.000000000,-0.254334693
14.958330940,0.000000000,0.000000000,-0.064533100,0.000000000,0.000000000,9.800000000,0.967082059,0.000000000,0.000000000,-0.254464713
14.962497606,0.000000000,0.000000000,-0.064533100,-0.000000000,0.000000000,9.800000000,0.967047839,0.000000000,0.000000000,-0.254594729
14.966664272,0.000000000,0.000000000,-0.064533100,0.000000000,0.000000000,9.800000000,0.967013602,0.000000000,0.000000000,-0.254724741
14.970830938,0.000000000,0.000000000,-0.048422383,0.000000000,0.000000000,9.800000000,0.966987900,0.000000000,0.000000000,-0.254822292
14.979164270,0.000000000,0.000000000,-0.048422383,0.000000000,0.000000000,9.800000000,0.966936468,0.000000000,0.000000000,-0.255017386
14.983330936,0.000000000,0.000000000,-0.048422383,0.000000000,-0.000000000,9.800000000,0.966910737,0.000000000,0.000000000,-0.255114929
14.987497602,0.000000000,0.000000000,-0.032292997,-0.000000000,0.000000000,9.800000000,0.966893571,0.000000000,0.000000000,-0.255179980
14.991664268,0.000000000,0.000000000,-0.032292997,-0.000000000,0.000000000,9.800000000,0.966876401,0.000000000,0.000000000,-0.255245029
14.995830934,0.000000000,0.000000000,-0.032292997,-0.000000000,0.000000000,9.800000000,0.966859227,0.000000000,0.000000000,-0.255310077
15.004164266,0.000000000,0.000000000,-0.016151162,0.000000000,0.000000000,9.800000000,0.966833455,0.000000000,0.000000000,-0.255407656
15.008330932,0.000000000,0.000000000,-0.000003101,-0.000000000,0.000000000,9.800000000,0.966833453,0.000000000,0.000000000,-0.255407662
15.012497598,0.000000000,0.000000000,-0.000003101,-0.000000000,-0.000000000,9.800000000,0.966833451,0.000000000,0.000000000,-0.255407669
15.016664264,0.000000000,0.000000000,-0.000003101,0.000000000,0.000000000,9.800000000,0.966833450,0.000000000,0.000000000,-0.255407675
15.020830930,0.000000000,0.000000000,0.016144962,0.000000000,-0.000000000,9.800000000,0.966842040,0.000000000,0.000000000,-0.255375155
15.029164262,0.000000000,0.000000000,0.016144962,0.000000000,-0.000000000,9.800000000,0.966859217,0.000000000,0.000000000,-0.255310114
15.033330928,0.000000000,0.000000000,0.016144962,-0.000000000,-0.000000000,9.800000000,0.966867804,0.000000000,0.000000000,-0.255277593
15.037497594,0.000000000,0.000000000,0.032286801,0.000000000,0.000000000,9.800000000,0.966884973,0.000000000,0.000000000,-0.255212557
15.041664260,0.000000000,0.000000000,0.032286801,-0.000000000,0.000000000,9.800000000,0.966902137,0.000000000,0.000000000,-0.255147520
15.045830926,0.000000000,0.000000000,0.048416192,0.000000000,-0.000000000,9.800000000,0.966927868,0.000000000,0.000000000,-0.255049990
15.054164258,0.000000000,0.000000000,0.048416192,0.000000000,-0.000000000,9.800000000,0.966979301,0.000000000,0.000000000,-0.254854923
15.058330924,0.000000000,0.000000000,0.064526918,0.000000000,0.000000000,9.800000000,0.967013553,0.000000000,0.000000000,-0.254724928
15.062497590,0.000000000,0.000000000,0.064526918,0.000000000,-0.000000000,9.800000000,0.967047787,0.000000000,0.000000000,-0.254594929
15.066664256,0.000000000,0.000000000,0.064526918,0.000000000,0.000000000,9.800000000,0.967082004,0.000000000,0.000000000,-0.254464926
15.070830922,0.000000000,0.000000000,0.064526918,0.000000000,0.000000000,9.800000000,0.967116203,0.000000000,0.000000000,-0.254334918
15.079164254,0.000000000,0.000000000,0.064526918,0.000000000,-0.000000000,9.800000000,0.967184549,0.000000000,0.000000000,-0.254074888
15.083330920,0.000000000,0.000000000,0.064526918,0.000000000,0.000000000,9.800000000,0.967218696,0.000000000,0.000000000,-0.253944866
15.087497586,0.000000000,0.000000000,0.096667540,0.000000000,0.000000000,9.800000000,0.967269818,0.000000000,0.000000000,-0.253750072
15.091664252,0.000000000,0.000000000,0.096667540,0.000000000,0.000000000,9.800000000,0.967320901,0.000000000,0.000000000,-0.253555267
15.095830918,0.000000000,0.000000000,0.096667540,0.000000000,0.000000000,9.800000000,0.967371946,0.000000000,0.000000000,-0.253360453
15.104164250,0.000000000,0.000000000,0.112685045,0.000000000,0.000000000,9.800000000,0.967490797,0.000000000,0.000000000,-0.252906223
15.108330916,0.000000000,0.000000000,0.128659108,-0.000000000,0.000000000,9.800000000,0.967558551,0.000000000,0.000000000,-0.252646888
15.112497582,0.000000000,0.000000000,0.128659108,-0.000000000,-0.000000000,9.800000000,0.967626236,0.000000000,0.000000000,-0.252387535
15.116664248,0.000000000,0.000000000,0.128659108,-0.000000000,0.000000000,9.800000000,0.967693851,0.000000000,0.000000000,-0.252128164
15.120830914,0.000000000,0.000000000,0.128659108,-0.000000000,-0.000000000,9.800000000,0.967761397,0.000000000,0.000000000,-0.251868774
15.129164246,0.000000000,0.000000000,0.144583570,0.000000000,0.000000000,9.800000000,0.967912955,0.000000000,0.000000000,-0.251285719
15.133330912,0.000000000,0.000000000,0.144583570,0.000000000,0.000000000,9.800000000,0.967988602,0.000000000,0.000000000,-0.250994157
15.137497578,0.000000000,0.000000000,0.160452292,-0.000000000,0.000000000,9.800000000,0.968072449,0.000000000,0.000000000,-0.250670568
15.141664244,0.000000000,0.000000000,0.160452292,0.000000000,0.000000000,9.800000000,0.968156188,0.000000000,0.000000000,-0.250346951
15.145830910,0.000000000,0.000000000,0.176259157,0.000000000,0.000000000,9.800000000,0.968248052,0.000000000,0.000000000,-0.249991421
15.154164242,0.000000000,0.000000000,0.176259157,0.000000000,0.000000000,9.800000000,0.968431388,0.000000000,0.000000000,-0.249280259
15.158330908,0.000000000,0.000000000,0.191998071,0.000000000,0.000000000,9.800000000,0.968531021,0.000000000,0.000000000,-0.248892871
15.162497574,0.000000000,0.000000000,0.191998071,0.000000000,0.000000000,9.800000000,0.968630500,0.000000000,0.000000000,-0.248505442
15.166664240,0.000000000,0.000000000,0.191998071,0.000000000,0.000000000,9.800000000,0.968729824,0.000000000,0.000000000,-0.248117974
15.170830906,0.000000000,0.000000000,0.191998071,0.000000000,0.000000000,9.800000000,0.968828992,0.000000000,0.000000000,-0.247730466
15.179164238,0.000000000,0.000000000,0.207662966,0.000000000,-0.000000000,9.800000000,0.969042981,0.000000000,0.000000000,-0.246892082
15.183330904,0.000000000,0.000000000,0.223247803,0.000000000,-0.000000000,9.800000000,0.969157706,0.000000000,0.000000000,-0.246441354
15.187497570,0.000000000,0.000000000,0.223247803,0.000000000,0.000000000,9.800000000,0.969272221,0.000000000,0.000000000,-0.245990573
15.191664236,0.000000000,0.000000000,0.223247803,0.000000000,-0.000000000,9.800000000,0.969386526,0.000000000,0.000000000,-0.245539738
15.195830902,0.000000000,0.000000000,0.223247803,0.000000000,0.000000000,9.800000000,0.969500622,0.000000000,0.000000000,-0.245088850
15.204164234,0.000000000,0.000000000,0.238746573,-0.000000000,-0.000000000,9.800000000,0.969736068,0.000000000,0.000000000,-0.244155604
15.208330900,0.000000000,0.000000000,0.254153302,0.000000000,-0.000000000,9.800000000,0.969865209,0.000000000,0.000000000,-0.243642108
15.212497566,0.000000000,0.000000000,0.254153302,0.000000000,-0.000000000,9.800000000,0.969994078,0.000000000,0.000000000,-0.243128544
15.216664232,0.000000000,0.000000000,0.254153302,0.000000000,-0.000000000,9.800000000,0.970122675,0.000000000,0.000000000,-0.242614911
15.220830898,0.000000000,0.000000000,0.254153302,0.000000000,-0.000000000,9.800000000,0.970251000,0.000000000,0.000000000,-0.242101211
15.229164230,0.000000000,0.000000000,0.269462051,0.000000000,0.000000000,9.800000000,0.970522210,0.000000000,0.000000000,-0.241011701
15.233330896,0.000000000,0.000000000,0.269462051,0.000000000,0.000000000,9.800000000,0.970657356,0.000000000,0.000000000,-0.240466832
15.237497562,0.000000000,0.000000000,0.269462051,0.000000000,0.000000000,9.800000000,0.970792196,0.000000000,0.000000000,-0.239921888
15.241664228,0.000000000,0.000000000,0.284666917,0.000000000,0.000000000,9.800000000,0.970934312,0.000000000,0.000000000,-0.239346111
15.245830894,0.000000000,0.000000000,0.299762038,-0.000000000,0.000000000,9.800000000,0.971083596,0.000000000,0.000000000,-0.238739712
15.254164226,0.000000000,0.000000000,0.299762038,-0.000000000,0.000000000,9.800000000,0.971381026,0.000000000,0.000000000,-0.237526635
15.258330892,0.000000000,0.000000000,0.314741595,-0.000000000,-0.000000000,9.800000000,0.971536566,0.000000000,0.000000000,-0.236889638
15.262497558,0.000000000,0.000000000,0.314741595,0.000000000,-0.000000000,9.800000000,0.971691689,0.000000000,0.000000000,-0.236252540
15.266664224,0.000000000,0.000000000,0.314741595,0.000000000,-0.000000000,9.800000000,0.971846393,0.000000000,0.000000000,-0.235615339
15.270830890,0.000000000,0.000000000,0.329599813,-0.000000000,0.000000000,9.800000000,0.972007953,0.000000000,0.000000000,-0.234947950
15.279164222,0.000000000,0.000000000,0.329599813,-0.000000000,0.000000000,9.800000000,0.972329698,0.000000000,0.000000000,-0.233612839
15.283330888,0.000000000,0.000000000,0.344330965,-0.000000000,0.000000000,9.800000000,0.972497031,0.000000000,0.000000000,-0.232915272
15.287497554,0.000000000,0.000000000,0.344330965,-0.000000000,0.000000000,9.800000000,0.972663864,0.000000000,0.000000000,-0.232217586
15.291664220,0.000000000,0.000000000,0.344330965,0.000000000,0.000000000,9.800000000,0.972830197,0.000000000,0.000000000,-0.231519780
15.295830886,0.000000000,0.000000000,0.344330965,-0.000000000,-0.000000000,9.800000000,0.972996029,0.000000000,0.000000000,-0.230821854
15.304164218,0.000000000,0.000000000,0.358929370,0.000000000,0.000000000,9.800000000,0.973340143,0.000000000,0.000000000,-0.229366443
15.308330884,0.000000000,0.000000000,0.373389402,-0.000000000,-0.000000000,9.800000000,0.973518272,0.000000000,0.000000000,-0.228609218
15.312497550,0.000000000,0.000000000,0.373389402,0.000000000,-0.000000000,9.800000000,0.973695811,0.000000000,0.000000000,-0.227851855
15.316664216,0.000000000,0.000000000,0.387705484,0.000000000,0.000000000,9.800000000,0.973879534,0.000000000,0.000000000,-0.227065307
15.320830882,0.000000000,0.000000000,0.387705484,0.000000000,-0.000000000,9.800000000,0.974062621,0.000000000,0.000000000,-0.226278612
15.329164214,0.000000000,0.000000000,0.387705484,0.000000000,0.000000000,9.800000000,0.974426889,0.000000000,0.000000000,-0.224704778
15.333330880,0.000000000,0.000000000,0.387705484,0.000000000,0.000000000,9.800000000,0.974608070,0.000000000,0.000000000,-0.223917641
15.337497546,0.000000000,0.000000000,0.387705484,0.000000000,0.000000000,9.800000000,0.974788615,0.000000000,0.000000000,-0.223130358
15.341664212,0.000000000,0.000000000,0.401872099,-0.000000000,0.000000000,9.800000000,0.974975085,0.000000000,0.000000000,-0.222314154
15.345830878,0.000000000,0.000000000,0.415883785,0.000000000,0.000000000,9.800000000,0.975167338,0.000000000,0.000000000,-0.221469329
15.354164210,0.000000000,0.000000000,0.415883785,0.000000000,0.000000000,9.800000000,0.975549646,0.000000000,0.000000000,-0.219779180
15.358330876,0.000000000,0.000000000,0.415883785,0.000000000,0.000000000,9.800000000,0.975739702,0.000000000,0.000000000,-0.218933857
15.362497542,0.000000000,0.000000000,0.429735139,0.000000000,-0.000000000,9.800000000,0.975935318,0.000000000,0.000000000,-0.218060208
15.366664208,0.000000000,0.000000000,0.443420823,-0.000000000,-0.000000000,9.800000000,0.976136344,0.000000000,0.000000000,-0.217158553
15.370830874,0.000000000,0.000000000,0.443420823,0.000000000,-0.000000000,9.800000000,0.976336538,0.000000000,0.000000000,-0.216256712
15.379164206,0.000000000,0.000000000,0.443420823,0.000000000,-0.000000000,9.800000000,0.976734424,0.000000000,0.000000000,-0.214452478
15.383330872,0.000000000,0.000000000,0.456935559,0.000000000,0.000000000,9.800000000,0.976938129,0.000000000,0.000000000,-0.213522579
15.387497538,0.000000000,0.000000000,0.456935559,0.000000000,0.000000000,9.800000000,0.977140949,0.000000000,0.000000000,-0.212592488
15.391664204,0.000000000,0.000000000,0.456935559,0.000000000,0.000000000,9.800000000,0.977342883,0.000000000,0.000000000,-0.211662203
15.395830870,0.000000000,0.000000000,0.470274138,0.000000000,0.000000000,9.800000000,0.977549788,0.000000000,0.000000000,-0.210704562
15.404164202,0.000000000,0.000000000,0.470274138,0.000000000,0.000000000,9.800000000,0.977960781,0.000000000,0.000000000,-0.208788674
15.408330868,0.000000000,0.000000000,0.483431417,-0.000000000,0.000000000,9.800000000,0.978170566,0.000000000,0.000000000,-0.207803617
15.412497534,0.000000000,0.000000000,0.483431417,-0.000000000,0.000000000,9.800000000,0.978379359,0.000000000,0.000000000,-0.206818348
15.416664200,0.000000000,0.000000000,0.483431417,-0.000000000,0.000000000,9.800000000,0.978587160,0.000000000,0.000000000,-0.205832870
15.420830866,0.000000000,0.000000000,0.496402325,-0.000000000,0.000000000,9.800000000,0.978799503,0.000000000,0.000000000,-0.204820733
15.429164198,0.000000000,0.000000000,0.496402325,0.000000000,0.000000000,9.800000000,0.979221049,0.000000000,0.000000000,-0.202795804
15.433330864,0.000000000,0.000000000,0.509181860,0.000000000,0.000000000,9.800000000,0.979435622,0.000000000,0.000000000,-0.201756937
15.437497530,0.000000000,0.000000000,0.509181860,0.000000000,0.000000000,9.800000000,0.979649094,0.000000000,0.000000000,-0.200717843
15.441664196,0.000000000,0.000000000,0.509181860,0.000000000,0.000000000,9.800000000,0.979861463,0.000000000,0.000000000,-0.199678523
15.445830862,0.000000000,0.000000000,0.521765096,-0.000000000,0.000000000,9.800000000,0.980077937,0.000000000,0.000000000,-0.198613285
15.454164194,0.000000000,0.000000000,0.521765096,0.000000000,0.000000000,9.800000000,0.980507410,0.000000000,0.000000000,-0.196482108
15.458330860,0.000000000,0.000000000,0.534147181,0.000000000,0.000000000,9.800000000,0.980725450,0.000000000,0.000000000,-0.195390871
15.462497526,0.000000000,0.000000000,0.534147181,0.000000000,0.000000000,9.800000000,0.980942274,0.000000000,0.000000000,-0.194299393
15.466664192,0.000000000,0.000000000,0.534147181,0.000000000,0.000000000,9.800000000,0.981157885,0.000000000,0.000000000,-0.193207674
15.470830858,0.000000000,0.000000000,0.534147181,0.000000000,0.000000000,9.800000000,0.981372280,0.000000000,0.000000000,-0.192115716
15.479164190,0.000000000,0.000000000,0.546323343,0.000000000,-0.000000000,9.800000000,0.981807059,0.000000000,0.000000000,-0.189881276
15.483330856,0.000000000,0.000000000,0.558288886,-0.000000000,-0.000000000,9.800000000,0.982027246,0.000000000,0.000000000,-0.188739207
15.487497522,0.000000000,0.000000000,0.558288886,0.000000000,-0.000000000,9.800000000,0.982246105,0.000000000,0.000000000,-0.187596882
15.491664188,0.000000000,0.000000000,0.558288886,0.000000000,-0.000000000,9.800000000,0.982463634,0.000000000,0.000000000,-0.186454303
15.495830854,0.000000000,0.000000000,0.570039199,0.000000000,0.000000000,9.800000000,0.982684371,0.000000000,0.000000000,-0.185287416
15.504164186,0.000000000,0.000000000,0.581569751,0.000000000,0.000000000,9.800000000,0.983126081,0.000000000,0.000000000,-0.182929244
15.508330852,0.000000000,0.000000000,0.581569751,0.000000000,0.000000000,9.800000000,0.983346997,0.000000000,0.000000000,-0.181737951
15.512497518,0.000000000,0.000000000,0.581569751,0.000000000,-0.000000000,9.800000000,0.983566470,0.000000000,0.000000000,-0.180546391
15.516664184,0.000000000,0.000000000,0.581569751,0.000000000,0.000000000,9.800000000,0.983784499,0.000000000,0.000000000,-0.179354566
15.520830850,0.000000000,0.000000000,0.581569751,0.000000000,0.000000000,9.800000000,0.984001083,0.000000000,0.000000000,-0.178162478
15.529164182,0.000000000,0.000000000,0.592876097,0.000000000,-0.000000000,9.800000000,0.984438198,0.000000000,0.000000000,-0.175731143
15.533330848,0.000000000,0.000000000,0.603953878,0.000000000,-0.000000000,9.800000000,0.984658530,0.000000000,0.000000000,-0.174492347
15.537497514,0.000000000,0.000000000,0.603953878,0.000000000,-0.000000000,9.800000000,0.984877303,0.000000000,0.000000000,-0.173253276
15.541664180,0.000000000,0.000000000,0.603953878,0.000000000,-0.000000000,9.800000000,0.985094517,0.000000000,0.000000000,-0.172013930
15.545830846,0.000000000,0.000000000,0.614798823,0.000000000,-0.000000000,9.800000000,0.985314030,0.000000000,0.000000000,-0.170752050
15.554164178,0.000000000,0.000000000,0.614798823,0.000000000,-0.000000000,9.800000000,0.985748205,0.000000000,0.000000000,-0.168227451
15.558330844,0.000000000,0.000000000,0.625406751,0.000000000,0.000000000,9.800000000,0.985966557,0.000000000,0.000000000,-0.166942948
15.562497510,0.000000000,0.000000000,0.625406751,0.000000000,0.000000000,9.800000000,0.986183235,0.000000000,0.000000000,-0.165658160
15.566664176,0.000000000,0.000000000,0.625406751,0.000000000,-0.000000000,9.800000000,0.986398239,0.000000000,0.000000000,-0.164373092
15.570830842,0.000000000,0.000000000,0.635773574,0.000000000,-0.000000000,9.800000000,0.986615091,0.000000000,0.000000000,-0.163066436
15.579164174,0.000000000,0.000000000,0.635773574,0.000000000,-0.000000000,9.800000000,0.987043601,0.000000000,0.000000000,-0.160452268
15.583330840,0.000000000,0.000000000,0.645895293,-0.000000000,-0.000000000,9.800000000,0.987258614,0.000000000,0.000000000,-0.159123943
15.587497506,0.000000000,0.000000000,0.645895293,0.000000000,-0.000000000,9.800000000,0.987471840,0.000000000,0.000000000,-0.157795329
15.591664172,0.000000000,0.000000000,0.645895293,0.000000000,-0.000000000,9.800000000,0.987683277,0.000000000,0.000000000,-0.156466430
15.595830838,0.000000000,0.000000000,0.645895293,0.000000000,-0.000000000,9.800000000,0.987892927,0.000000000,0.000000000,-0.155137247
15.604164170,0.000000000,0.000000000,0.655768008,-0.000000000,-0.000000000,9.800000000,0.988313130,0.000000000,0.000000000,-0.152437386
15.608330836,0.000000000,0.000000000,0.665387912,-0.000000000,0.000000000,9.800000000,0.988523493,0.000000000,0.000000000,-0.151067216
15.612497502,0.000000000,0.000000000,0.665387912,0.000000000,0.000000000,9.800000000,0.988731956,0.000000000,0.000000000,-0.149696756
15.616664168,0.000000000,0.000000000,0.665387912,-0.000000000,0.000000000,9.800000000,0.988938520,0.000000000,0.000000000,-0.148326008
15.620830834,0.000000000,0.000000000,0.674751296,-0.000000000,0.000000000,9.800000000,0.989146049,0.000000000,0.000000000,-0.146935679
15.629164166,0.000000000,0.000000000,0.674751296,0.000000000,0.000000000,9.800000000,0.989555243,0.000000000,0.000000000,-0.144154154
15.633330832,0.000000000,0.000000000,0.683854551,0.000000000,-0.000000000,9.800000000,0.989759615,0.000000000,0.000000000,-0.142744192
15.637497498,0.000000000,0.000000000,0.683854551,0.000000000,-0.000000000,9.800000000,0.989961978,0.000000000,0.000000000,-0.141333941
15.641664164,0.000000000,0.000000000,0.683854551,0.000000000,-0.000000000,9.800000000,0.990162331,0.000000000,0.000000000,-0.139923402
15.645830830,0.000000000,0.000000000,0.692694167,0.000000000,0.000000000,9.800000000,0.990363225,0.000000000,0.000000000,-0.138494341
15.654164162,0.000000000,0.000000000,0.692694167,0.000000000,0.000000000,9.800000000,0.990758825,0.000000000,0.000000000,-0.135635357
15.658330828,0.000000000,0.000000000,0.692694167,0.000000000,0.000000000,9.800000000,0.990953531,0.000000000,0.000000000,-0.134205440
15.662497494,0.000000000,0.000000000,0.701266736,0.000000000,0.000000000,9.800000000,0.991148543,0.000000000,0.000000000,-0.132757542
15.666664160,0.000000000,0.000000000,0.701266736,0.000000000,0.000000000,9.800000000,0.991341441,0.000000000,0.000000000,-0.131309360
15.670830826,0.000000000,0.000000000,0.709568954,-0.000000000,0.000000000,9.800000000,0.991534468,0.000000000,0.000000000,-0.129843748
15.679164158,0.000000000,0.000000000,0.709568954,0.000000000,0.000000000,9.800000000,0.991914022,0.000000000,0.000000000,-0.126911677
15.683330824,0.000000000,0.000000000,0.717597619,-0.000000000,0.000000000,9.800000000,0.992102645,0.000000000,0.000000000,-0.125428629
15.687497490,0.000000000,0.000000000,0.717597619,-0.000000000,0.000000000,9.800000000,0.992289052,0.000000000,0.000000000,-0.123945301
15.691664156,0.000000000,0.000000000,0.717597619,-0.000000000,0.000000000,9.800000000,0.992473240,0.000000000,0.000000000,-0.122461696
15.695830822,0.000000000,0.000000000,0.717597619,0.000000000,0.000000000,9.800000000,0.992655211,0.000000000,0.000000000,-0.120977818
15.704164154,0.000000000,0.000000000,0.725349637,-0.000000000,0.000000000,9.800000000,0.993016307,0.000000000,0.000000000,-0.117977178
15.708330820,0.000000000,0.000000000,0.732822019,-0.000000000,0.000000000,9.800000000,0.993195267,0.000000000,0.000000000,-0.116460991
15.712497486,0.000000000,0.000000000,0.732822019,-0.000000000,0.000000000,9.800000000,0.993371911,0.000000000,0.000000000,-0.114944533
15.716664152,0.000000000,0.000000000,0.732822019,-0.000000000,0.000000000,9.800000000,0.993546241,0.000000000,0.000000000,-0.113427806
15.720830818,0.000000000,0.000000000,0.740011885,0.000000000,-0.000000000,9.800000000,0.993719931,0.000000000,0.000000000,-0.111895930
15.729164150,0.000000000,0.000000000,0.740011885,0.000000000,-0.000000000,9.800000000,0.994060224,0.000000000,0.000000000,-0.108831385
15.733330816,0.000000000,0.000000000,0.746916461,0.000000000,0.000000000,9.800000000,0.994228371,0.000000000,0.000000000,-0.107284421
15.737497482,0.000000000,0.000000000,0.746916461,0.000000000,0.000000000,9.800000000,0.994394110,0.000000000,0.000000000,-0.105737197
15.741664148,0.000000000,0.000000000,0.746916461,0.000000000,0.000000000,9.800000000,0.994557441,0.000000000,0.000000000,-0.104189717
15.745830814,0.000000000,0.000000000,0.753533087,0.000000000,0.000000000,9.800000000,0.994719778,0.000000000,0.000000000,-0.102628273
15.754164146,0.000000000,0.000000000,0.753533087,0.000000000,0.000000000,9.800000000,0.995037099,0.000000000,0.000000000,-0.099504630
15.758330812,0.000000000,0.000000000,0.759859212,-0.000000000,0.000000000,9.800000000,0.995193372,0.000000000,0.000000000,-0.097929323
15.762497478,0.000000000,0.000000000,0.759859212,-0.000000000,-0.000000000,9.800000000,0.995347151,0.000000000,0.000000000,-0.096353770
15.766664144,0.000000000,0.000000000,0.759859212,-0.000000000,0.000000000,9.800000000,0.995498436,0.000000000,0.000000000,-0.094777976
15.770830810,0.000000000,0.000000000,0.759859212,-0.000000000,0.000000000,9.800000000,0.995647225,0.000000000,0.000000000,-0.093201944
15.779164142,0.000000000,0.000000000,0.765892397,0.000000000,0.000000000,9.800000000,0.995939583,0.000000000,0.000000000,-0.090024148
15.783330808,0.000000000,0.000000000,0.771630316,0.000000000,0.000000000,9.800000000,0.996083015,0.000000000,0.000000000,-0.088422996
15.787497474,0.000000000,0.000000000,0.771630316,0.000000000,0.000000000,9.800000000,0.996223874,0.000000000,0.000000000,-0.086821617
15.791664140,0.000000000,0.000000000,0.771630316,0.000000000,0.000000000,9.800000000,0.996362158,0.000000000,0.000000000,-0.085220013
15.795830806,0.000000000,0.000000000,0.777070757,0.000000000,0.000000000,9.800000000,0.996498814,0.000000000,0.000000000,-0.083606894
15.804164138,0.000000000,0.000000000,0.777070757,0.000000000,0.000000000,9.800000000,0.996764293,0.000000000,0.000000000,-0.080380003
15.808330804,0.000000000,0.000000000,0.782211622,0.000000000,-0.000000000,9.800000000,0.996893957,0.000000000,0.000000000,-0.078755563
15.812497470,0.000000000,0.000000000,0.782211622,0.000000000,-0.000000000,9.800000000,0.997020974,0.000000000,0.000000000,-0.077130913
15.816664136,0.000000000,0.000000000,0.782211622,-0.000000000,-0.000000000,9.800000000,0.997145343,0.000000000,0.000000000,-0.075506059
15.820830802,0.000000000,0.000000000,0.782211622,0.000000000,-0.000000000,9.800000000,0.997267064,0.000000000,0.000000000,-0.073881004
15.829164134,0.000000000,0.000000000,0.787050930,-0.000000000,0.000000000,9.800000000,0.997503273,0.000000000,0.000000000,-0.070620253
15.833330800,0.000000000,0.000000000,0.791586815,0.000000000,-0.000000000,9.800000000,0.997618379,0.000000000,0.000000000,-0.068975137
15.837497466,0.000000000,0.000000000,0.791586815,0.000000000,-0.000000000,9.800000000,0.997730772,0.000000000,0.000000000,-0.067329832
15.841664132,0.000000000,0.000000000,0.791586815,0.000000000,-0.000000000,9.800000000,0.997840452,0.000000000,0.000000000,-0.065684345
15.845830798,0.000000000,0.000000000,0.795817528,-0.000000000,0.000000000,9.800000000,0.997947982,0.000000000,0.000000000,-0.064029883
15.854164130,0.000000000,0.000000000,0.795817528,-0.000000000,0.000000000,9.800000000,0.998154812,0.000000000,0.000000000,-0.060720435
15.858330796,0.000000000,0.000000000,0.799741439,0.000000000,0.000000000,9.800000000,0.998254595,0.000000000,0.000000000,-0.059057298
15.862497462,0.000000000,0.000000000,0.799741439,0.000000000,0.000000000,9.800000000,0.998351606,0.000000000,0.000000000,-0.057393998
15.866664128,0.000000000,0.000000000,0.799741439,0.000000000,-0.000000000,9.800000000,0.998445846,0.000000000,0.000000000,-0.055730537
15.870830794,0.000000000,0.000000000,0.799741439,-0.000000000,-0.000000000,9.800000000,0.998537314,0.000000000,0.000000000,-0.054066922
15.879164126,0.000000000,0.000000000,0.803357034,-0.000000000,-0.000000000,9.800000000,0.998712317,0.000000000,0.000000000,-0.050731724
15.883330792,0.000000000,0.000000000,0.806662920,0.000000000,-0.000000000,9.800000000,0.998796164,0.000000000,0.000000000,-0.049053270
15.887497458,0.000000000,0.000000000,0.806662920,0.000000000,-0.000000000,9.800000000,0.998877190,0.000000000,0.000000000,-0.047374677
15.891664124,0.000000000,0.000000000,0.806662920,0.000000000,-0.000000000,9.800000000,0.998955394,0.000000000,0.000000000,-0.045695950
15.895830790,0.000000000,0.000000000,0.809657822,0.000000000,-0.000000000,9.800000000,0.999031053,0.000000000,0.000000000,-0.044010861
15.904164122,0.000000000,0.000000000,0.809657822,0.000000000,-0.000000000,9.800000000,0.999173841,0.000000000,0.000000000,-0.040640312
15.908330788,0.000000000,0.000000000,0.812340585,0.000000000,0.000000000,9.800000000,0.999241189,0.000000000,0.000000000,-0.038949277
15.912497454,0.000000000,0.000000000,0.812340585,0.000000000,0.000000000,9.800000000,0.999305675,0.000000000,0.000000000,-0.037258130
15.916664120,0.000000000,0.000000000,0.812340585,0.000000000,-0.000000000,9.800000000,0.999367298,0.000000000,0.000000000,-0.035566877
15.920830786,0.000000000,0.000000000,0.814710176,-0.000000000,0.000000000,9.800000000,0.999426227,0.000000000,0.000000000,-0.033870588
15.929164118,0.000000000,0.000000000,0.814710176,0.000000000,0.000000000,9.800000000,0.999535446,0.000000000,0.000000000,-0.030477722
15.933330784,0.000000000,0.000000000,0.816765681,0.000000000,-0.000000000,9.800000000,0.999585860,0.000000000,0.000000000,-0.028776874
15.937497450,0.000000000,0.000000000,0.816765681,0.000000000,-0.000000000,9.800000000,0.999633379,0.000000000,0.000000000,-0.027075943
15.941664116,0.000000000,0.000000000,0.816765681,0.000000000,-0.000000000,9.800000000,0.999678005,0.000000000,0.000000000,-0.025374934
15.945830782,0.000000000,0.000000000,0.816765681,0.000000000,-0.000000000,9.800000000,0.999719735,0.000000000,0.000000000,-0.023673851
15.954164114,0.000000000,0.000000000,0.818506307,0.000000000,0.000000000,9.800000000,0.999794659,0.000000000,0.000000000,-0.020264233
15.958330780,0.000000000,0.000000000,0.818506307,0.000000000,0.000000000,9.800000000,0.999827761,0.000000000,0.000000000,-0.018559333
15.962497446,0.000000000,0.000000000,0.818506307,0.000000000,0.000000000,9.800000000,0.999857955,0.000000000,0.000000000,-0.016854380
15.966664112,0.000000000,0.000000000,0.818506307,0.000000000,0.000000000,9.800000000,0.999885242,0.000000000,0.000000000,-0.015149377
15.970830778,0.000000000,0.000000000,0.818506307,0.000000000,0.000000000,9.800000000,0.999909621,0.000000000,0.000000000,-0.013444330
15.979164110,0.000000000,0.000000000,0.818506307,0.000000000,0.000000000,9.800000000,0.999949657,0.000000000,0.000000000,-0.010034125
15.983330776,0.000000000,0.000000000,0.821832811,-0.000000000,-0.000000000,9.800000000,0.999965371,0.000000000,0.000000000,-0.008322046
15.987497442,0.000000000,0.000000000,0.821832811,0.000000000,-0.000000000,9.800000000,0.999978154,0.000000000,0.000000000,-0.006609942
15.991664108,0.000000000,0.000000000,0.821832811,0.000000000,-0.000000000,9.800000000,0.999988006,0.000000000,0.000000000,-0.004897819
15.995830774,0.000000000,0.000000000,0.822308430,-0.000000000,-0.000000000,9.800000000,0.999994929,0.000000000,0.000000000,-0.003184691
16.004164106,0.000000000,0.000000000,0.822308430,0.000000000,0.000000000,9.800000000,0.999999971,0.000000000,0.000000000,0.000241588
16.008330772,0.000000000,0.000000000,0.822308430,-0.000000000,-0.000000000,9.800000000,0.999998090,0.000000000,0.000000000,0.001954729
16.012497438,0.000000000,0.000000000,0.822467033,0.000000000,0.000000000,9.800000000,0.999993272,0.000000000,0.000000000,0.003668195
16.016664104,0.000000000,0.000000000,0.822467033,0.000000000,0.000000000,9.800000000,0.999985519,0.000000000,0.000000000,0.005381650
16.020830770,0.000000000,0.000000000,0.822467033,0.000000000,0.000000000,9.800000000,0.999974830,0.000000000,0.000000000,0.007095089
16.029164102,0.000000000,0.000000000,0.822308560,-0.000000000,0.000000000,9.800000000,0.999944650,0.000000000,0.000000000,0.010521239
16.033330768,0.000000000,0.000000000,0.822308560,-0.000000000,-0.000000000,9.800000000,0.999925159,0.000000000,0.000000000,0.012234271
16.037497434,0.000000000,0.000000000,0.822308560,-0.000000000,0.000000000,9.800000000,0.999902732,0.000000000,0.000000000,0.013947267
16.041664100,0.000000000,0.000000000,0.821833071,0.000000000,-0.000000000,9.800000000,0.999877387,0.000000000,0.000000000,0.015659231
16.045830766,0.000000000,0.000000000,0.821040750,-0.000000000,0.000000000,9.800000000,0.999849139,0.000000000,0.000000000,0.017369498
16.054164098,0.000000000,0.000000000,0.821040750,-0.000000000,0.000000000,9.800000000,0.999783867,0.000000000,0.000000000,0.020789877
16.058330764,0.000000000,0.000000000,0.821040750,-0.000000000,0.000000000,9.800000000,0.999746843,0.000000000,0.000000000,0.022499977
16.062497430,0.000000000,0.000000000,0.821040750,-0.000000000,0.000000000,9.800000000,0.999706895,0.000000000,0.000000000,0.024210011
16.066664096,0.000000000,0.000000000,0.819931902,0.000000000,0.000000000,9.800000000,0.999664081,0.000000000,0.000000000,0.025917666
16.070830762,0.000000000,0.000000000,0.818506955,0.000000000,0.000000000,9.800000000,0.999618432,0.000000000,0.000000000,0.027622277
16.079164094,0.000000000,0.000000000,0.818506955,-0.000000000,0.000000000,9.800000000,0.999518415,0.000000000,0.000000000,0.031031254
16.083330760,0.000000000,0.000000000,0.816766458,-0.000000000,-0.000000000,9.800000000,0.999464165,0.000000000,0.000000000,0.032731985
16.087497426,0.000000000,0.000000000,0.816766458,0.000000000,-0.000000000,9.800000000,0.999407021,0.000000000,0.000000000,0.034432621
16.091664092,0.000000000,0.000000000,0.816766458,0.000000000,-0.000000000,9.800000000,0.999346984,0.000000000,0.000000000,0.036133158
16.095830758,0.000000000,0.000000000,0.814711082,0.000000000,-0.000000000,9.800000000,0.999284215,0.000000000,0.000000000,0.037829312
16.104164090,0.000000000,0.000000000,0.814711082,-0.000000000,-0.000000000,9.800000000,0.999150042,0.000000000,0.000000000,0.041221286
16.108330756,0.000000000,0.000000000,0.814711082,0.000000000,-0.000000000,9.800000000,0.999078637,0.000000000,0.000000000,0.042917098
16.112497422,0.000000000,0.000000000,0.812341620,0.000000000,0.000000000,9.800000000,0.999004574,0.000000000,0.000000000,0.044607854
16.116664088,0.000000000,0.000000000,0.812341620,0.000000000,0.000000000,9.800000000,0.998927650,0.000000000,0.000000000,0.046298483
16.120830754,0.000000000,0.000000000,0.812341620,0.000000000,0.000000000,9.800000000,0.998847865,0.000000000,0.000000000,0.047988979
16.129164086,0.000000000,0.000000000,0.809658985,-0.000000000,0.000000000,9.800000000,0.998680287,0.000000000,0.000000000,0.051358392
16.133330752,0.000000000,0.000000000,0.806664210,-0.000000000,0.000000000,9.800000000,0.998592566,0.000000000,0.000000000,0.053036651
16.137497418,0.000000000,0.000000000,0.806664210,0.000000000,0.000000000,9.800000000,0.998502026,0.000000000,0.000000000,0.054714760
16.141664084,0.000000000,0.000000000,0.806664210,-0.000000000,-0.000000000,9.800000000,0.998408665,0.000000000,0.000000000,0.056392715
16.145830750,0.000000000,0.000000000,0.803358452,0.000000000,-0.000000000,9.800000000,0.998312884,0.000000000,0.000000000,0.058063635
16.154164082,0.000000000,0.000000000,0.803358452,-0.000000000,-0.000000000,9.800000000,0.998112934,0.000000000,0.000000000,0.061404982
16.158330748,0.000000000,0.000000000,0.799742983,0.000000000,0.000000000,9.800000000,0.998009240,0.000000000,0.000000000,0.063067883
16.162497414,0.000000000,0.000000000,0.799742983,0.000000000,-0.000000000,9.800000000,0.997902775,0.000000000,0.000000000,0.064730609
16.166664080,0.000000000,0.000000000,0.799742983,0.000000000,0.000000000,9.800000000,0.997793540,0.000000000,0.000000000,0.066393155
16.170830746,0.000000000,0.000000000,0.795819199,0.000000000,0.000000000,9.800000000,0.997682092,0.000000000,0.000000000,0.068047361
16.179164078,0.000000000,0.000000000,0.795819199,0.000000000,0.000000000,9.800000000,0.997450968,0.000000000,0.000000000,0.071355208
16.183330744,0.000000000,0.000000000,0.795819199,0.000000000,0.000000000,9.800000000,0.997331294,0.000000000,0.000000000,0.073008839
16.187497410,0.000000000,0.000000000,0.791588611,0.000000000,0.000000000,9.800000000,0.997209536,0.000000000,0.000000000,0.074653481
16.191664076,0.000000000,0.000000000,0.791588611,0.000000000,0.000000000,9.800000000,0.997085065,0.000000000,0.000000000,0.076297919
16.195830742,0.000000000,0.000000000,0.787052850,0.000000000,0.000000000,9.800000000,0.996958620,0.000000000,0.000000000,0.077932729
16.204164074,0.000000000,0.000000000,0.787052850,0.000000000,-0.000000000,9.800000000,0.996697688,0.000000000,0.000000000,0.081201717
16.208330740,0.000000000,0.000000000,0.782213666,0.000000000,0.000000000,9.800000000,0.996564037,0.000000000,0.000000000,0.082825838
16.212497406,0.000000000,0.000000000,0.782213666,0.000000000,0.000000000,9.800000000,0.996427740,0.000000000,0.000000000,0.084449740
16.216664072,0.000000000,0.000000000,0.782213666,0.000000000,0.000000000,9.800000000,0.996288797,0.000000000,0.000000000,0.086073417
16.220830738,0.000000000,0.000000000,0.777072924,-0.000000000,-0.000000000,9.800000000,0.996148147,0.000000000,0.000000000,0.087686197
16.229164070,0.000000000,0.000000000,0.777072924,-0.000000000,-0.000000000,9.800000000,0.995859015,0.000000000,0.000000000,0.090911064
16.233330736,0.000000000,0.000000000,0.771632606,0.000000000,0.000000000,9.800000000,0.995711583,0.000000000,0.000000000,0.092511857
16.237497402,0.000000000,0.000000000,0.771632606,0.000000000,0.000000000,9.800000000,0.995561577,0.000000000,0.000000000,0.094112410
16.241664068,0.000000000,0.000000000,0.771632606,0.000000000,0.000000000,9.800000000,0.995408999,0.000000000,0.000000000,0.095712720
16.245830734,0.000000000,0.000000000,0.765894808,0.000000000,0.000000000,9.800000000,0.995255011,0.000000000,0.000000000,0.097300886
16.254164066,0.000000000,0.000000000,0.759861744,0.000000000,-0.000000000,9.800000000,0.994940698,0.000000000,0.000000000,0.100463966
16.258330732,0.000000000,0.000000000,0.759861744,0.000000000,0.000000000,9.800000000,0.994780412,0.000000000,0.000000000,0.102038875
16.262497398,0.000000000,0.000000000,0.759861744,0.000000000,-0.000000000,9.800000000,0.994617633,0.000000000,0.000000000,0.103613529
16.266664064,0.000000000,0.000000000,0.759861744,0.000000000,0.000000000,9.800000000,0.994452362,0.000000000,0.000000000,0.105187923
16.270830730,0.000000000,0.000000000,0.753535738,0.000000000,0.000000000,9.800000000,0.994286006,0.000000000,0.000000000,0.106748949
16.279164062,0.000000000,0.000000000,0.753535738,0.000000000,0.000000000,9.800000000,0.993945943,0.000000000,0.000000000,0.109870209
16.283330728,0.000000000,0.000000000,0.746919231,-0.000000000,0.000000000,9.800000000,0.993773772,0.000000000,0.000000000,0.111416737
16.287497394,0.000000000,0.000000000,0.746919231,0.000000000,0.000000000,9.800000000,0.993599196,0.000000000,0.000000000,0.112962994
16.291664060,0.000000000,0.000000000,0.746919231,0.000000000,0.000000000,9.800000000,0.993422213,0.000000000,0.000000000,0.114508978
16.295830726,0.000000000,0.000000000,0.740014771,-0.000000000,-0.000000000,9.800000000,0.993244495,0.000000000,0.000000000,0.116040398
16.304164058,0.000000000,0.000000000,0.740014771,0.000000000,-0.000000000,9.800000000,0.992881975,0.000000000,0.000000000,0.119102406
16.308330724,0.000000000,0.000000000,0.732825022,-0.000000000,0.000000000,9.800000000,0.992698982,0.000000000,0.000000000,0.120618118
16.312497390,0.000000000,0.000000000,0.732825022,-0.000000000,0.000000000,9.800000000,0.992513676,0.000000000,0.000000000,0.122133548
16.316664056,0.000000000,0.000000000,0.732825022,-0.000000000,0.000000000,9.800000000,0.992326055,0.000000000,0.000000000,0.123648694
16.320830722,0.000000000,0.000000000,0.732825022,-0.000000000,0.000000000,9.800000000,0.992136122,0.000000000,0.000000000,0.125163552
16.329164054,0.000000000,0.000000000,0.725352756,0.000000000,-0.000000000,9.800000000,0.991751314,0.000000000,0.000000000,0.128176951
16.333330720,0.000000000,0.000000000,0.717600851,-0.000000000,-0.000000000,9.800000000,0.991558581,0.000000000,0.000000000,0.129659477
16.337497386,0.000000000,0.000000000,0.717600851,-0.000000000,0.000000000,9.800000000,0.991363632,0.000000000,0.000000000,0.131141713
16.341664052,0.000000000,0.000000000,0.717600851,-0.000000000,0.000000000,9.800000000,0.991166467,0.000000000,0.000000000,0.132623656
16.345830718,0.000000000,0.000000000,0.709572299,0.000000000,-0.000000000,9.800000000,0.990969330,0.000000000,0.000000000,0.134088727
16.354164050,0.000000000,0.000000000,0.709572299,0.000000000,-0.000000000,9.800000000,0.990568559,0.000000000,0.000000000,0.137017988
16.358330716,0.000000000,0.000000000,0.709572299,0.000000000,-0.000000000,9.800000000,0.990364927,0.000000000,0.000000000,0.138482171
16.362497382,0.000000000,0.000000000,0.701270192,0.000000000,0.000000000,9.800000000,0.990161550,0.000000000,0.000000000,0.139928925
16.366664048,0.000000000,0.000000000,0.701270192,0.000000000,0.000000000,9.800000000,0.989956060,0.000000000,0.000000000,0.141375381
16.370830714,0.000000000,0.000000000,0.692697733,-0.000000000,-0.000000000,9.800000000,0.989751008,0.000000000,0.000000000,0.142803859
16.379164046,0.000000000,0.000000000,0.692697733,-0.000000000,-0.000000000,9.800000000,0.989334720,0.000000000,0.000000000,0.145659919
16.383330712,0.000000000,0.000000000,0.692697733,-0.000000000,-0.000000000,9.800000000,0.989123485,0.000000000,0.000000000,0.147087496
16.387497378,0.000000000,0.000000000,0.683858226,0.000000000,-0.000000000,9.800000000,0.988912925,0.000000000,0.000000000,0.148496555
16.391664044,0.000000000,0.000000000,0.683858226,0.000000000,-0.000000000,9.800000000,0.988700358,0.000000000,0.000000000,0.149905312
16.395830710,0.000000000,0.000000000,0.674755078,0.000000000,0.000000000,9.800000000,0.988488653,0.000000000,0.000000000,0.151295019
16.404164042,0.000000000,0.000000000,0.674755078,0.000000000,0.000000000,9.800000000,0.988059384,0.000000000,0.000000000,0.154073532
16.408330708,0.000000000,0.000000000,0.674755078,-0.000000000,-0.000000000,9.800000000,0.987841821,0.000000000,0.000000000,0.155462334
16.412497374,0.000000000,0.000000000,0.665391800,0.000000000,0.000000000,9.800000000,0.987625365,0.000000000,0.000000000,0.156831562
16.416664040,0.000000000,0.000000000,0.665391800,0.000000000,0.000000000,9.800000000,0.987407011,0.000000000,0.000000000,0.158200490
16.420830706,0.000000000,0.000000000,0.655772000,0.000000000,-0.000000000,9.800000000,0.987189957,0.000000000,0.000000000,0.159549329
16.429164038,0.000000000,0.000000000,0.655772000,0.000000000,-0.000000000,9.800000000,0.986750323,0.000000000,0.000000000,0.162246111
16.433330704,0.000000000,0.000000000,0.645899388,-0.000000000,-0.000000000,9.800000000,0.986531107,0.000000000,0.000000000,0.163573758
16.437497370,0.000000000,0.000000000,0.645899388,-0.000000000,-0.000000000,9.800000000,0.986310106,0.000000000,0.000000000,0.164901109
16.441664036,0.000000000,0.000000000,0.645899388,-0.000000000,-0.000000000,9.800000000,0.986087318,0.000000000,0.000000000,0.166228161
16.445830702,0.000000000,0.000000000,0.635777770,-0.000000000,0.000000000,9.800000000,0.985866278,0.000000000,0.000000000,0.167534124
16.454164034,0.000000000,0.000000000,0.635777770,-0.000000000,-0.000000000,9.800000000,0.985419009,0.000000000,0.000000000,0.170145165
16.458330700,0.000000000,0.000000000,0.625411047,-0.000000000,-0.000000000,9.800000000,0.985196483,0.000000000,0.000000000,0.171428962
16.462497366,0.000000000,0.000000000,0.625411047,0.000000000,-0.000000000,9.800000000,0.984972286,0.000000000,0.000000000,0.172712468
16.466664032,0.000000000,0.000000000,0.625411047,0.000000000,-0.000000000,9.800000000,0.984746416,0.000000000,0.000000000,0.173995680
16.470830698,0.000000000,0.000000000,0.625411047,-0.000000000,-0.000000000,9.800000000,0.984518874,0.000000000,0.000000000,0.175278597
16.479164030,0.000000000,0.000000000,0.614803216,0.000000000,0.000000000,9.800000000,0.984066637,0.000000000,0.000000000,0.177800041
16.483330696,0.000000000,0.000000000,0.614803216,0.000000000,0.000000000,9.800000000,0.983838096,0.000000000,0.000000000,0.179060326
16.487497362,0.000000000,0.000000000,0.603958368,-0.000000000,-0.000000000,9.800000000,0.983612015,0.000000000,0.000000000,0.180298095
16.491664028,0.000000000,0.000000000,0.603958368,-0.000000000,-0.000000000,9.800000000,0.983384377,0.000000000,0.000000000,0.181535578
16.495830694,0.000000000,0.000000000,0.592880681,0.000000000,0.000000000,9.800000000,0.983159400,0.000000000,0.000000000,0.182750084
16.504164026,0.000000000,0.000000000,0.592880681,0.000000000,0.000000000,9.800000000,0.982704947,0.000000000,0.000000000,0.185178258
16.508330692,0.000000000,0.000000000,0.581574428,-0.000000000,-0.000000000,9.800000000,0.982479861,0.000000000,0.000000000,0.186368780
16.512497358,0.000000000,0.000000000,0.581574428,0.000000000,-0.000000000,9.800000000,0.982253333,0.000000000,0.000000000,0.187559029
16.516664024,0.000000000,0.000000000,0.581574428,0.000000000,-0.000000000,9.800000000,0.982025363,0.000000000,0.000000000,0.188749002
16.520830690,0.000000000,0.000000000,0.581574428,0.000000000,-0.000000000,9.800000000,0.981795952,0.000000000,0.000000000,0.189938698
16.529164022,0.000000000,0.000000000,0.570043967,0.000000000,0.000000000,9.800000000,0.981342044,0.000000000,0.000000000,0.192270105
16.533330688,0.000000000,0.000000000,0.558293744,0.000000000,-0.000000000,9.800000000,0.981117748,0.000000000,0.000000000,0.193411385
16.537497354,0.000000000,0.000000000,0.558293744,0.000000000,-0.000000000,9.800000000,0.980892126,0.000000000,0.000000000,0.194552403
16.541664020,0.000000000,0.000000000,0.546328287,0.000000000,0.000000000,9.800000000,0.980670054,0.000000000,0.000000000,0.195668713
16.545830686,0.000000000,0.000000000,0.546328287,0.000000000,0.000000000,9.800000000,0.980446712,0.000000000,0.000000000,0.196784768
16.554164018,0.000000000,0.000000000,0.546328287,0.000000000,0.000000000,9.800000000,0.979996218,0.000000000,0.000000000,0.199016114
16.558330684,0.000000000,0.000000000,0.534152211,0.000000000,0.000000000,9.800000000,0.979774142,0.000000000,0.000000000,0.200106547
16.562497350,0.000000000,0.000000000,0.534152211,0.000000000,0.000000000,9.800000000,0.979550854,0.000000000,0.000000000,0.201196732
16.566664016,0.000000000,0.000000000,0.534152211,0.000000000,0.000000000,9.800000000,0.979326352,0.000000000,0.000000000,0.202286668
16.570830682,0.000000000,0.000000000,0.521770209,0.000000000,0.000000000,9.800000000,0.979105884,0.000000000,0.000000000,0.203351096
16.579164014,0.000000000,0.000000000,0.521770209,0.000000000,0.000000000,9.800000000,0.978661476,0.000000000,0.000000000,0.205479232
16.583330680,0.000000000,0.000000000,0.521770209,-0.000000000,0.000000000,9.800000000,0.978437538,0.000000000,0.000000000,0.206542936
16.587497346,0.000000000,0.000000000,0.521770209,0.000000000,0.000000000,9.800000000,0.978212443,0.000000000,0.000000000,0.207606396
16.591664012,0.000000000,0.000000000,0.509187055,-0.000000000,-0.000000000,9.800000000,0.977991663,0.000000000,0.000000000,0.208643972
16.595830678,0.000000000,0.000000000,0.496407599,0.000000000,0.000000000,9.800000000,0.977775364,0.000000000,0.000000000,0.209655282
16.604164010,0.000000000,0.000000000,0.496407599,0.000000000,0.000000000,9.800000000,0.977339629,0.000000000,0.000000000,0.211677229
16.608330676,0.000000000,0.000000000,0.483436769,0.000000000,0.000000000,9.800000000,0.977125941,0.000000000,0.000000000,0.212661458
16.612497342,0.000000000,0.000000000,0.483436769,0.000000000,0.000000000,9.800000000,0.976911261,0.000000000,0.000000000,0.213645472
16.616664008,0.000000000,0.000000000,0.483436769,0.000000000,-0.000000000,9.800000000,0.976695591,0.000000000,0.000000000,0.214629269
16.620830674,0.000000000,0.000000000,0.470279565,-0.000000000,-0.000000000,9.800000000,0.976484839,0.000000000,0.000000000,0.215586083
16.629164006,0.000000000,0.000000000,0.470279565,-0.000000000,-0.000000000,9.800000000,0.976060524,0.000000000,0.000000000,0.217499087
16.633330672,0.000000000,0.000000000,0.456941059,-0.000000000,0.000000000,9.800000000,0.975853031,0.000000000,0.000000000,0.218428160
16.637497338,0.000000000,0.000000000,0.456941059,-0.000000000,0.000000000,9.800000000,0.975644654,0.000000000,0.000000000,0.219357034
16.641664004,0.000000000,0.000000000,0.456941059,0.000000000,0.000000000,9.800000000,0.975435393,0.000000000,0.000000000,0.220285710
16.645830670,0.000000000,0.000000000,0.456941059,0.000000000,0.000000000,9.800000000,0.975225248,0.000000000,0.000000000,0.221214185
16.654164002,0.000000000,0.000000000,0.443426394,0.000000000,0.000000000,9.800000000,0.974808587,0.000000000,0.000000000,0.223043089
16.658330668,0.000000000,0.000000000,0.443426394,0.000000000,0.000000000,9.800000000,0.974602122,0.000000000,0.000000000,0.223943526
16.662497334,0.000000000,0.000000000,0.429740779,0.000000000,0.000000000,9.800000000,0.974401237,0.000000000,0.000000000,0.224815991
16.666664000,0.000000000,0.000000000,0.429740779,-0.000000000,0.000000000,9.800000000,0.974199570,0.000000000,0.000000000,0.225688276
16.670830666,0.000000000,0.000000000,0.415889491,0.000000000,-0.000000000,9.800000000,0.974003660,0.000000000,0.000000000,0.226532273
16.679163998,0.000000000,0.000000000,0.415889491,0.000000000,-0.000000000,9.800000000,0.973609646,0.000000000,0.000000000,0.228219756
16.683330664,0.000000000,0.000000000,0.415889491,0.000000000,-0.000000000,9.800000000,0.973411543,0.000000000,0.000000000,0.229063241
16.687497330,0.000000000,0.000000000,0.415889491,-0.000000000,-0.000000000,9.800000000,0.973212709,0.000000000,0.000000000,0.229906554
16.691663996,0.000000000,0.000000000,0.401877870,0.000000000,0.000000000,9.800000000,0.973019879,0.000000000,0.000000000,0.230721291
16.695830662,0.000000000,0.000000000,0.387711318,0.000000000,0.000000000,9.800000000,0.972833201,0.000000000,0.000000000,0.231507155
16.704163994,0.000000000,0.000000000,0.387711318,0.000000000,0.000000000,9.800000000,0.972457941,0.000000000,0.000000000,0.233078429
16.708330660,0.000000000,0.000000000,0.373395295,0.000000000,0.000000000,9.800000000,0.972276333,0.000000000,0.000000000,0.233834840
16.712497326,0.000000000,0.000000000,0.373395295,0.000000000,0.000000000,9.800000000,0.972094137,0.000000000,0.000000000,0.234591109
16.716663992,0.000000000,0.000000000,0.373395295,0.000000000,-0.000000000,9.800000000,0.971911353,0.000000000,0.000000000,0.235347237
16.720830658,0.000000000,0.000000000,0.373395295,0.000000000,-0.000000000,9.800000000,0.971727981,0.000000000,0.000000000,0.236103222
16.729163990,0.000000000,0.000000000,0.358935322,-0.000000000,-0.000000000,9.800000000,0.971373787,0.000000000,0.000000000,0.237556238
16.733330656,0.000000000,0.000000000,0.344336972,0.000000000,-0.000000000,9.800000000,0.971203121,0.000000000,0.000000000,0.238253010
16.737497322,0.000000000,0.000000000,0.344336972,0.000000000,0.000000000,9.800000000,0.971031956,0.000000000,0.000000000,0.238949659
16.741663988,0.000000000,0.000000000,0.344336972,0.000000000,-0.000000000,9.800000000,0.970860292,0.000000000,0.000000000,0.239646186
16.745830654,0.000000000,0.000000000,0.344336972,0.000000000,-0.000000000,9.800000000,0.970688127,0.000000000,0.000000000,0.240342589
16.754163986,0.000000000,0.000000000,0.329605874,0.000000000,-0.000000000,9.800000000,0.970357135,0.000000000,0.000000000,0.241675463
16.758330652,0.000000000,0.000000000,0.329605874,0.000000000,0.000000000,9.800000000,0.970190953,0.000000000,0.000000000,0.242341730
16.762497318,0.000000000,0.000000000,0.329605874,0.000000000,0.000000000,9.800000000,0.970024314,0.000000000,0.000000000,0.243007882
16.766663984,0.000000000,0.000000000,0.314747706,0.000000000,0.000000000,9.800000000,0.969864759,0.000000000,0.000000000,0.243643899
16.770830650,0.000000000,0.000000000,0.314747706,0.000000000,0.000000000,9.800000000,0.969704787,0.000000000,0.000000000,0.244279810
16.779163982,0.000000000,0.000000000,0.299768197,0.000000000,0.000000000,9.800000000,0.969398917,0.000000000,0.000000000,0.245490813
16.783330648,0.000000000,0.000000000,0.284673122,-0.000000000,-0.000000000,9.800000000,0.969253154,0.000000000,0.000000000,0.246065691
16.787497314,0.000000000,0.000000000,0.284673122,-0.000000000,-0.000000000,9.800000000,0.969107049,0.000000000,0.000000000,0.246640481
16.791663980,0.000000000,0.000000000,0.284673122,-0.000000000,0.000000000,9.800000000,0.968960604,0.000000000,0.000000000,0.247215185
16.795830646,0.000000000,0.000000000,0.284673122,-0.000000000,0.000000000,9.800000000,0.968813818,0.000000000,0.000000000,0.247789802
16.804163978,0.000000000,0.000000000,0.284673122,-0.000000000,0.000000000,9.800000000,0.968519224,0.000000000,0.000000000,0.248938774
16.808330644,0.000000000,0.000000000,0.254159593,-0.000000000,0.000000000,9.800000000,0.968387275,0.000000000,0.000000000,0.249451569
16.812497310,0.000000000,0.000000000,0.254159593,-0.000000000,0.000000000,9.800000000,0.968255055,0.000000000,0.000000000,0.249964294
16.816663976,0.000000000,0.000000000,0.254159593,-0.000000000,0.000000000,9.800000000,0.968122563,0.000000000,0.000000000,0.250476949
16.820830642,0.000000000,0.000000000,0.254159593,-0.000000000,0.000000000,9.800000000,0.967989800,0.000000000,0.000000000,0.250989534
16.829163974,0.000000000,0.000000000,0.238752903,0.000000000,-0.000000000,9.800000000,0.967739636,0.000000000,0.000000000,0.251952370
16.833330640,0.000000000,0.000000000,0.223254169,-0.000000000,0.000000000,9.800000000,0.967622345,0.000000000,0.000000000,0.252402451
16.837497306,0.000000000,0.000000000,0.223254169,0.000000000,0.000000000,9.800000000,0.967504845,0.000000000,0.000000000,0.252852477
16.841663972,0.000000000,0.000000000,0.223254169,0.000000000,0.000000000,9.800000000,0.967387135,0.000000000,0.000000000,0.253302448
16.845830638,0.000000000,0.000000000,0.223254169,-0.000000000,0.000000000,9.800000000,0.967269216,0.000000000,0.000000000,0.253752365
16.854163970,0.000000000,0.000000000,0.207669366,-0.000000000,-0.000000000,9.800000000,0.967049285,0.000000000,0.000000000,0.254589238
16.858330636,0.000000000,0.000000000,0.192004503,0.000000000,0.000000000,9.800000000,0.966947370,0.000000000,0.000000000,0.254976046
16.862497302,0.000000000,0.000000000,0.192004503,0.000000000,0.000000000,9.800000000,0.966845300,0.000000000,0.000000000,0.255362814
16.866663968,0.000000000,0.000000000,0.192004503,-0.000000000,0.000000000,9.800000000,0.966743075,0.000000000,0.000000000,0.255749540
16.870830634,0.000000000,0.000000000,0.176265618,-0.000000000,-0.000000000,9.800000000,0.966649093,0.000000000,0.000000000,0.256104530
16.879163966,0.000000000,0.000000000,0.176265618,-0.000000000,-0.000000000,9.800000000,0.966460739,0.000000000,0.000000000,0.256814407
16.883330632,0.000000000,0.000000000,0.176265618,0.000000000,0.000000000,9.800000000,0.966366367,0.000000000,0.000000000,0.257169293
16.887497298,0.000000000,0.000000000,0.176265618,-0.000000000,-0.000000000,9.800000000,0.966271864,0.000000000,0.000000000,0.257524145
16.891663964,0.000000000,0.000000000,0.160458780,0.000000000,0.000000000,9.800000000,0.966185722,0.000000000,0.000000000,0.257847145
16.895830630,0.000000000,0.000000000,0.144590081,0.000000000,0.000000000,9.800000000,0.966108007,0.000000000,0.000000000,0.258138177
16.904163962,0.000000000,0.000000000,0.144590081,0.000000000,0.000000000,9.800000000,0.965952314,0.000000000,0.000000000,0.258720170
16.908330628,0.000000000,0.000000000,0.128665641,0.000000000,-0.000000000,9.800000000,0.965882929,0.000000000,0.000000000,0.258979087
16.912497294,0.000000000,0.000000000,0.128665641,0.000000000,-0.000000000,9.800000000,0.965813474,0.000000000,0.000000000,0.259237986
16.916663960,0.000000000,0.000000000,0.128665641,0.000000000,-0.000000000,9.800000000,0.965743950,0.000000000,0.000000000,0.259496867
16.920830626,0.000000000,0.000000000,0.128665641,0.000000000,0.000000000,9.800000000,0.965674356,0.000000000,0.000000000,0.259755728
16.929163958,0.000000000,0.000000000,0.112691597,0.000000000,0.000000000,9.800000000,0.965552282,0.000000000,0.000000000,0.260209130
16.933330624,0.000000000,0.000000000,0.096674109,-0.000000000,0.000000000,9.800000000,0.965499855,0.000000000,0.000000000,0.260403591
16.937497290,0.000000000,0.000000000,0.096674109,0.000000000,0.000000000,9.800000000,0.965447389,0.000000000,0.000000000,0.260598042
16.941663956,0.000000000,0.000000000,0.096674109,0.000000000,0.000000000,9.800000000,0.965394884,0.000000000,0.000000000,0.260792482
16.945830622,0.000000000,0.000000000,0.096674109,0.000000000,0.000000000,9.800000000,0.965342339,0.000000000,0.000000000,0.260986911
16.954163954,0.000000000,0.000000000,0.080619351,-0.000000000,0.000000000,9.800000000,0.965245875,0.000000000,0.000000000,0.261343454
16.958330620,0.000000000,0.000000000,0.064533513,0.000000000,0.000000000,9.800000000,0.965210730,0.000000000,0.000000000,0.261473224
16.962497286,0.000000000,0.000000000,0.064533513,0.000000000,0.000000000,9.800000000,0.965175568,0.000000000,0.000000000,0.261602989
16.966663952,0.000000000,0.000000000,0.064533513,0.000000000,0.000000000,9.800000000,0.965140388,0.000000000,0.000000000,0.261732749
16.970830618,0.000000000,0.000000000,0.048422795,0.000000000,-0.000000000,9.800000000,0.965113979,0.000000000,0.000000000,0.261830112
16.979163950,0.000000000,0.000000000,0.048422795,-0.000000000,-0.000000000,9.800000000,0.965061132,0.000000000,0.000000000,0.262024830
16.983330616,0.000000000,0.000000000,0.032293410,0.000000000,0.000000000,9.800000000,0.965043501,0.000000000,0.000000000,0.262089757
16.987497282,0.000000000,0.000000000,0.032293410,0.000000000,0.000000000,9.800000000,0.965025866,0.000000000,0.000000000,0.262154682
16.991663948,0.000000000,0.000000000,0.032293410,0.000000000,0.000000000,9.800000000,0.965008227,0.000000000,0.000000000,0.262219606
16.995830614,0.000000000,0.000000000,0.032293410,0.000000000,0.000000000,9.800000000,0.964990583,0.000000000,0.000000000,0.262284530
17.004163946,0.000000000,0.000000000,0.016151576,0.000000000,-0.000000000,9.800000000,0.964972930,0.000000000,0.000000000,0.262349471
17.008330612,0.000000000,0.000000000,0.016151576,-0.000000000,-0.000000000,9.800000000,0.964964101,0.000000000,0.000000000,0.262381941
17.012497278,0.000000000,0.000000000,0.016151576,0.000000000,-0.000000000,9.800000000,0.964955272,0.000000000,0.000000000,0.262414412
17.016663944,0.000000000,0.000000000,0.000003514,-0.000000000,-0.000000000,9.800000000,0.964955270,0.000000000,0.000000000,0.262414419
17.020830610,0.000000000,0.000000000,0.000003514,0.000000000,-0.000000000,9.800000000,0.964955268,0.000000000,0.000000000,0.262414426
17.029163942,0.000000000,0.000000000,-0.032286388,0.000000000,0.000000000,9.800000000,0.964972915,0.000000000,0.000000000,0.262349526
17.033330608,0.000000000,0.000000000,-0.032286388,0.000000000,0.000000000,9.800000000,0.964990559,0.000000000,0.000000000,0.262284618
17.037497274,0.000000000,0.000000000,-0.032286388,0.000000000,0.000000000,9.800000000,0.965008199,0.000000000,0.000000000,0.262219709
17.041663940,0.000000000,0.000000000,-0.032286388,0.000000000,0.000000000,9.800000000,0.965025835,0.000000000,0.000000000,0.262154799
17.045830606,0.000000000,0.000000000,-0.048415780,0.000000000,0.000000000,9.800000000,0.965052272,0.000000000,0.000000000,0.262057459
17.054163938,0.000000000,0.000000000,-0.048415780,0.000000000,0.000000000,9.800000000,0.965105118,0.000000000,0.000000000,0.261862771
17.058330604,0.000000000,0.000000000,-0.064526506,0.000000000,0.000000000,9.800000000,0.965140312,0.000000000,0.000000000,0.261733030
17.062497270,0.000000000,0.000000000,-0.064526506,0.000000000,0.000000000,9.800000000,0.965175488,0.000000000,0.000000000,0.261603283
17.066663936,0.000000000,0.000000000,-0.064526506,0.000000000,0.000000000,9.800000000,0.965210646,0.000000000,0.000000000,0.261473532
17.070830602,0.000000000,0.000000000,-0.080612357,0.000000000,0.000000000,9.800000000,0.965254545,0.000000000,0.000000000,0.261311429
17.079163934,0.000000000,0.000000000,-0.080612357,0.000000000,0.000000000,9.800000000,0.965342261,0.000000000,0.000000000,0.260987200
17.083330600,0.000000000,0.000000000,-0.096667130,-0.000000000,0.000000000,9.800000000,0.965394802,0.000000000,0.000000000,0.260792784
17.087497266,0.000000000,0.000000000,-0.096667130,-0.000000000,-0.000000000,9.800000000,0.965447303,0.000000000,0.000000000,0.260598358
17.091663932,0.000000000,0.000000000,-0.096667130,-0.000000000,0.000000000,9.800000000,0.965499766,0.000000000,0.000000000,0.260403922
17.095830598,0.000000000,0.000000000,-0.112684635,0.000000000,0.000000000,9.800000000,0.965560871,0.000000000,0.000000000,0.260177254
17.104163930,0.000000000,0.000000000,-0.112684635,0.000000000,0.000000000,9.800000000,0.965682923,0.000000000,0.000000000,0.259723876
17.108330596,0.000000000,0.000000000,-0.128658699,0.000000000,-0.000000000,9.800000000,0.965752505,0.000000000,0.000000000,0.259465026
17.112497262,0.000000000,0.000000000,-0.128658699,0.000000000,-0.000000000,9.800000000,0.965822017,0.000000000,0.000000000,0.259206158
17.116663928,0.000000000,0.000000000,-0.128658699,0.000000000,-0.000000000,9.800000000,0.965891459,0.000000000,0.000000000,0.258947271
17.120830594,0.000000000,0.000000000,-0.128658699,0.000000000,-0.000000000,9.800000000,0.965960833,0.000000000,0.000000000,0.258688365
17.129163926,0.000000000,0.000000000,-0.144583163,0.000000000,-0.000000000,9.800000000,0.966116499,0.000000000,0.000000000,0.258106394
17.133330592,0.000000000,0.000000000,-0.160451887,0.000000000,0.000000000,9.800000000,0.966202723,0.000000000,0.000000000,0.257783432
17.137497258,0.000000000,0.000000000,-0.160451887,0.000000000,0.000000000,9.800000000,0.966288840,0.000000000,0.000000000,0.257460440
17.141663924,0.000000000,0.000000000,-0.160451887,0.000000000,0.000000000,9.800000000,0.966374848,0.000000000,0.000000000,0.257137420
17.145830590,0.000000000,0.000000000,-0.176258753,-0.000000000,0.000000000,9.800000000,0.966469205,0.000000000,0.000000000,0.256782544
17.154163922,0.000000000,0.000000000,-0.176258753,-0.000000000,-0.000000000,9.800000000,0.966657529,0.000000000,0.000000000,0.256072689
17.158330588,0.000000000,0.000000000,-0.176258753,-0.000000000,-0.000000000,9.800000000,0.966751495,0.000000000,0.000000000,0.255717709
17.162497254,0.000000000,0.000000000,-0.191997669,-0.000000000,0.000000000,9.800000000,0.966853704,0.000000000,0.000000000,0.255330993
17.166663920,0.000000000,0.000000000,-0.191997669,-0.000000000,0.000000000,9.800000000,0.966955757,0.000000000,0.000000000,0.254944236
17.170830586,0.000000000,0.000000000,-0.191997669,-0.000000000,0.000000000,9.800000000,0.967057656,0.000000000,0.000000000,0.254557438
17.179163918,0.000000000,0.000000000,-0.207662566,0.000000000,0.000000000,9.800000000,0.967277553,0.000000000,0.000000000,0.253720586
17.183330584,0.000000000,0.000000000,-0.223247405,-0.000000000,-0.000000000,9.800000000,0.967395453,0.000000000,0.000000000,0.253270679
17.187497250,0.000000000,0.000000000,-0.223247405,0.000000000,-0.000000000,9.800000000,0.967513145,0.000000000,0.000000000,0.252820717
17.191663916,0.000000000,0.000000000,-0.223247405,0.000000000,-0.000000000,9.800000000,0.967630627,0.000000000,0.000000000,0.252370700
17.195830582,0.000000000,0.000000000,-0.238746178,0.000000000,0.000000000,9.800000000,0.967756033,0.000000000,0.000000000,0.251889381
17.204163914,0.000000000,0.000000000,-0.238746178,0.000000000,0.000000000,9.800000000,0.968006128,0.000000000,0.000000000,0.250926557
17.208330580,0.000000000,0.000000000,-0.238746178,0.000000000,0.000000000,9.800000000,0.968130816,0.000000000,0.000000000,0.250445051
17.212497246,0.000000000,0.000000000,-0.254152909,-0.000000000,0.000000000,9.800000000,0.968263287,0.000000000,0.000000000,0.249932405
17.216663912,0.000000000,0.000000000,-0.254152909,0.000000000,0.000000000,9.800000000,0.968395487,0.000000000,0.000000000,0.249419689
17.220830578,0.000000000,0.000000000,-0.269461660,0.000000000,0.000000000,9.800000000,0.968535353,0.000000000,0.000000000,0.248876014
17.229163910,0.000000000,0.000000000,-0.269461660,-0.000000000,0.000000000,9.800000000,0.968814170,0.000000000,0.000000000,0.247788427
17.233330576,0.000000000,0.000000000,-0.284666529,0.000000000,0.000000000,9.800000000,0.968960951,0.000000000,0.000000000,0.247213824
17.237497242,0.000000000,0.000000000,-0.284666529,0.000000000,-0.000000000,9.800000000,0.969107392,0.000000000,0.000000000,0.246639133
17.241663908,0.000000000,0.000000000,-0.284666529,0.000000000,0.000000000,9.800000000,0.969253493,0.000000000,0.000000000,0.246064355
17.245830574,0.000000000,0.000000000,-0.284666529,0.000000000,0.000000000,9.800000000,0.969399252,0.000000000,0.000000000,0.245489491
17.254163906,0.000000000,0.000000000,-0.299761653,0.000000000,-0.000000000,9.800000000,0.969705114,0.000000000,0.000000000,0.244278514
17.258330572,0.000000000,0.000000000,-0.314741213,0.000000000,0.000000000,9.800000000,0.969865081,0.000000000,0.000000000,0.243642616
17.262497238,0.000000000,0.000000000,-0.314741213,0.000000000,0.000000000,9.800000000,0.970024632,0.000000000,0.000000000,0.243006612
17.266663904,0.000000000,0.000000000,-0.314741213,0.000000000,0.000000000,9.800000000,0.970183765,0.000000000,0.000000000,0.242370504
17.270830570,0.000000000,0.000000000,-0.329599435,0.000000000,0.000000000,9.800000000,0.970349964,0.000000000,0.000000000,0.241704256
17.279163902,0.000000000,0.000000000,-0.329599435,0.000000000,0.000000000,9.800000000,0.970680989,0.000000000,0.000000000,0.240371417
17.283330568,0.000000000,0.000000000,-0.329599435,0.000000000,0.000000000,9.800000000,0.970845815,0.000000000,0.000000000,0.239704827
17.287497234,0.000000000,0.000000000,-0.344330589,-0.000000000,0.000000000,9.800000000,0.971017518,0.000000000,0.000000000,0.239008324
17.291663900,0.000000000,0.000000000,-0.344330589,-0.000000000,-0.000000000,9.800000000,0.971188722,0.000000000,0.000000000,0.238311698
17.295830566,0.000000000,0.000000000,-0.358928998,0.000000000,0.000000000,9.800000000,0.971366653,0.000000000,0.000000000,0.237585407
17.304163898,0.000000000,0.000000000,-0.358928998,-0.000000000,0.000000000,9.800000000,0.971720884,0.000000000,0.000000000,0.236132427
17.308330564,0.000000000,0.000000000,-0.358928998,-0.000000000,0.000000000,9.800000000,0.971897185,0.000000000,0.000000000,0.235405739
17.312497230,0.000000000,0.000000000,-0.373389033,-0.000000000,-0.000000000,9.800000000,0.972080012,0.000000000,0.000000000,0.234649635
17.316663896,0.000000000,0.000000000,-0.373389033,-0.000000000,-0.000000000,9.800000000,0.972262250,0.000000000,0.000000000,0.233893389
17.320830562,0.000000000,0.000000000,-0.373389033,-0.000000000,-0.000000000,9.800000000,0.972443900,0.000000000,0.000000000,0.233137002
17.329163894,0.000000000,0.000000000,-0.373389033,-0.000000000,-0.000000000,9.800000000,0.972805434,0.000000000,0.000000000,0.231623804
17.333330560,0.000000000,0.000000000,-0.401871738,0.000000000,-0.000000000,9.800000000,0.972999017,0.000000000,0.000000000,0.230809259
17.337497226,0.000000000,0.000000000,-0.401871738,0.000000000,-0.000000000,9.800000000,0.973191917,0.000000000,0.000000000,0.229994551
17.341663892,0.000000000,0.000000000,-0.401871738,0.000000000,-0.000000000,9.800000000,0.973384134,0.000000000,0.000000000,0.229179683
17.345830558,0.000000000,0.000000000,-0.415883428,0.000000000,-0.000000000,9.800000000,0.973582336,0.000000000,0.000000000,0.228336234
17.354163890,0.000000000,0.000000000,-0.415883428,-0.000000000,-0.000000000,9.800000000,0.973976546,0.000000000,0.000000000,0.226648822
17.358330556,0.000000000,0.000000000,-0.415883428,0.000000000,-0.000000000,9.800000000,0.974172554,0.000000000,0.000000000,0.225804861
17.362497222,0.000000000,0.000000000,-0.429734787,0.000000000,0.000000000,9.800000000,0.974374322,0.000000000,0.000000000,0.224932613
17.366663888,0.000000000,0.000000000,-0.429734787,-0.000000000,0.000000000,9.800000000,0.974575309,0.000000000,0.000000000,0.224060184
17.370830554,0.000000000,0.000000000,-0.443420474,0.000000000,0.000000000,9.800000000,0.974781879,0.000000000,0.000000000,0.223159783
17.379163886,0.000000000,0.000000000,-0.443420474,0.000000000,0.000000000,9.800000000,0.975192521,0.000000000,0.000000000,0.221358411
17.383330552,0.000000000,0.000000000,-0.443420474,0.000000000,0.000000000,9.800000000,0.975396595,0.000000000,0.000000000,0.220457441
17.387497218,0.000000000,0.000000000,-0.443420474,0.000000000,0.000000000,9.800000000,0.975599835,0.000000000,0.000000000,0.219556283
17.391663884,0.000000000,0.000000000,-0.456935215,-0.000000000,-0.000000000,9.800000000,0.975808399,0.000000000,0.000000000,0.218627463
17.395830550,0.000000000,0.000000000,-0.470273799,0.000000000,0.000000000,9.800000000,0.976022128,0.000000000,0.000000000,0.217671323
17.404163882,0.000000000,0.000000000,-0.470273799,0.000000000,0.000000000,9.800000000,0.976446776,0.000000000,0.000000000,0.215758417
17.408330548,0.000000000,0.000000000,-0.470273799,0.000000000,-0.000000000,9.800000000,0.976657693,0.000000000,0.000000000,0.214801652
17.412497214,0.000000000,0.000000000,-0.483431083,0.000000000,0.000000000,9.800000000,0.976873535,0.000000000,0.000000000,0.213817905
17.416663880,0.000000000,0.000000000,-0.483431083,0.000000000,0.000000000,9.800000000,0.977088386,0.000000000,0.000000000,0.212833940
17.420830546,0.000000000,0.000000000,-0.483431083,-0.000000000,0.000000000,9.800000000,0.977302246,0.000000000,0.000000000,0.211849760
17.429163878,0.000000000,0.000000000,-0.496401995,0.000000000,0.000000000,9.800000000,0.977738332,0.000000000,0.000000000,0.209827914
17.433330544,0.000000000,0.000000000,-0.509181535,-0.000000000,-0.000000000,9.800000000,0.977960367,0.000000000,0.000000000,0.208790616
17.437497210,0.000000000,0.000000000,-0.509181535,-0.000000000,-0.000000000,9.800000000,0.978181300,0.000000000,0.000000000,0.207753084
17.441663876,0.000000000,0.000000000,-0.509181535,-0.000000000,0.000000000,9.800000000,0.978401133,0.000000000,0.000000000,0.206715317
17.445830542,0.000000000,0.000000000,-0.521764776,0.000000000,0.000000000,9.800000000,0.978625257,0.000000000,0.000000000,0.205651664
17.454163874,0.000000000,0.000000000,-0.521764776,0.000000000,0.000000000,9.800000000,0.979070034,0.000000000,0.000000000,0.203523629
17.458330540,0.000000000,0.000000000,-0.521764776,0.000000000,0.000000000,9.800000000,0.979290688,0.000000000,0.000000000,0.202459250
17.462497206,0.000000000,0.000000000,-0.534146867,0.000000000,0.000000000,9.800000000,0.979515380,0.000000000,0.000000000,0.201369365
17.466663872,0.000000000,0.000000000,-0.534146867,0.000000000,0.000000000,9.800000000,0.979738858,0.000000000,0.000000000,0.200279230
17.470830538,0.000000000,0.000000000,-0.546323034,0.000000000,-0.000000000,9.800000000,0.979966176,0.000000000,0.000000000,0.199163988
17.479163870,0.000000000,0.000000000,-0.546323034,0.000000000,-0.000000000,9.800000000,0.980417003,0.000000000,0.000000000,0.196932733
17.483330536,0.000000000,0.000000000,-0.546323034,-0.000000000,-0.000000000,9.800000000,0.980640511,0.000000000,0.000000000,0.195816721
17.487497202,0.000000000,0.000000000,-0.558288583,0.000000000,0.000000000,9.800000000,0.980867602,0.000000000,0.000000000,0.194676005
17.491663868,0.000000000,0.000000000,-0.558288583,0.000000000,0.000000000,9.800000000,0.981093367,0.000000000,0.000000000,0.193535026
17.495830534,0.000000000,0.000000000,-0.570038901,0.000000000,0.000000000,9.800000000,0.981322513,0.000000000,0.000000000,0.192369762
17.504163866,0.000000000,0.000000000,-0.570038901,0.000000000,0.000000000,9.800000000,0.981776654,0.000000000,0.000000000,0.190038422
17.508330532,0.000000000,0.000000000,-0.581569459,-0.000000000,0.000000000,9.800000000,0.982006184,0.000000000,0.000000000,0.188848759
17.512497198,0.000000000,0.000000000,-0.581569459,-0.000000000,0.000000000,9.800000000,0.982234273,0.000000000,0.000000000,0.187658819
17.516663864,0.000000000,0.000000000,-0.581569459,-0.000000000,0.000000000,9.800000000,0.982460920,0.000000000,0.000000000,0.186468604
17.520830530,0.000000000,0.000000000,-0.592875810,0.000000000,0.000000000,9.800000000,0.982690489,0.000000000,0.000000000,0.185254968
17.529163862,0.000000000,0.000000000,-0.592875810,0.000000000,0.000000000,9.800000000,0.983145128,0.000000000,0.000000000,0.182826850
17.533330528,0.000000000,0.000000000,-0.603953597,0.000000000,0.000000000,9.800000000,0.983374389,0.000000000,0.000000000,0.181589676
17.537497194,0.000000000,0.000000000,-0.603953597,0.000000000,-0.000000000,9.800000000,0.983602094,0.000000000,0.000000000,0.180352215
17.541663860,0.000000000,0.000000000,-0.614798548,0.000000000,0.000000000,9.800000000,0.983832287,0.000000000,0.000000000,0.179092240
17.545830526,0.000000000,0.000000000,-0.614798548,0.000000000,0.000000000,9.800000000,0.984060867,0.000000000,0.000000000,0.177831972
17.554163858,0.000000000,0.000000000,-0.614798548,0.000000000,0.000000000,9.800000000,0.984513183,0.000000000,0.000000000,0.175310562
17.558330524,0.000000000,0.000000000,-0.614798548,0.000000000,0.000000000,9.800000000,0.984736918,0.000000000,0.000000000,0.174049424
17.562497190,0.000000000,0.000000000,-0.625406483,0.000000000,0.000000000,9.800000000,0.984962856,0.000000000,0.000000000,0.172766233
17.566663856,0.000000000,0.000000000,-0.625406483,-0.000000000,0.000000000,9.800000000,0.985187123,0.000000000,0.000000000,0.171482749
17.570830522,0.000000000,0.000000000,-0.625406483,0.000000000,0.000000000,9.800000000,0.985409716,0.000000000,0.000000000,0.170198974
17.579163854,0.000000000,0.000000000,-0.635773311,0.000000000,0.000000000,9.800000000,0.985853505,0.000000000,0.000000000,0.167609268
17.583330520,0.000000000,0.000000000,-0.645895037,0.000000000,0.000000000,9.800000000,0.986078150,0.000000000,0.000000000,0.166282538
17.587497186,0.000000000,0.000000000,-0.645895037,0.000000000,0.000000000,9.800000000,0.986301009,0.000000000,0.000000000,0.164955507
17.591663852,0.000000000,0.000000000,-0.645895037,0.000000000,0.000000000,9.800000000,0.986522083,0.000000000,0.000000000,0.163628177
17.595830518,0.000000000,0.000000000,-0.645895037,0.000000000,0.000000000,9.800000000,0.986741370,0.000000000,0.000000000,0.162300551
17.604163850,0.000000000,0.000000000,-0.655767759,-0.000000000,0.000000000,9.800000000,0.987181150,0.000000000,0.000000000,0.159603810
17.608330516,0.000000000,0.000000000,-0.655767759,-0.000000000,0.000000000,9.800000000,0.987398277,0.000000000,0.000000000,0.158254992
17.612497182,0.000000000,0.000000000,-0.665387669,0.000000000,-0.000000000,9.800000000,0.987616705,0.000000000,0.000000000,0.156886085
17.616663848,0.000000000,0.000000000,-0.665387669,-0.000000000,-0.000000000,9.800000000,0.987833235,0.000000000,0.000000000,0.155516877
17.620830514,0.000000000,0.000000000,-0.674751060,-0.000000000,-0.000000000,9.800000000,0.988050874,0.000000000,0.000000000,0.154128096
17.629163846,0.000000000,0.000000000,-0.674751060,-0.000000000,-0.000000000,9.800000000,0.988480294,0.000000000,0.000000000,0.151349622
17.633330512,0.000000000,0.000000000,-0.683854321,-0.000000000,0.000000000,9.800000000,0.988694918,0.000000000,0.000000000,0.149941185
17.637497178,0.000000000,0.000000000,-0.683854321,-0.000000000,-0.000000000,9.800000000,0.988907535,0.000000000,0.000000000,0.148532443
17.641663844,0.000000000,0.000000000,-0.683854321,-0.000000000,-0.000000000,9.800000000,0.989118145,0.000000000,0.000000000,0.147123400
17.645830510,0.000000000,0.000000000,-0.692693944,0.000000000,0.000000000,9.800000000,0.989329431,0.000000000,0.000000000,0.145695839
17.654163842,0.000000000,0.000000000,-0.692693944,0.000000000,0.000000000,9.800000000,0.989745820,0.000000000,0.000000000,0.142839810
17.658330508,0.000000000,0.000000000,-0.692693944,0.000000000,0.000000000,9.800000000,0.989950923,0.000000000,0.000000000,0.141411347
17.662497174,0.000000000,0.000000000,-0.701266520,0.000000000,0.000000000,9.800000000,0.990156465,0.000000000,0.000000000,0.139964907
17.666663840,0.000000000,0.000000000,-0.701266520,-0.000000000,0.000000000,9.800000000,0.990359893,0.000000000,0.000000000,0.138518167
17.670830506,0.000000000,0.000000000,-0.709568745,-0.000000000,-0.000000000,9.800000000,0.990563578,0.000000000,0.000000000,0.137053999
17.679163838,0.000000000,0.000000000,-0.709568745,-0.000000000,-0.000000000,9.800000000,0.990964453,0.000000000,0.000000000,0.134124767
17.683330504,0.000000000,0.000000000,-0.717597417,0.000000000,0.000000000,9.800000000,0.991163861,0.000000000,0.000000000,0.132643132
17.687497170,0.000000000,0.000000000,-0.717597417,0.000000000,0.000000000,9.800000000,0.991361054,0.000000000,0.000000000,0.131161200
17.691663836,0.000000000,0.000000000,-0.717597417,0.000000000,0.000000000,9.800000000,0.991556031,0.000000000,0.000000000,0.129678974
17.695830502,0.000000000,0.000000000,-0.717597417,-0.000000000,0.000000000,9.800000000,0.991748793,0.000000000,0.000000000,0.128196459
17.704163834,0.000000000,0.000000000,-0.725349442,-0.000000000,-0.000000000,9.800000000,0.992131709,0.000000000,0.000000000,0.125198527
17.708330500,0.000000000,0.000000000,-0.725349442,-0.000000000,-0.000000000,9.800000000,0.992319770,0.000000000,0.000000000,0.123699130
17.712497166,0.000000000,0.000000000,-0.732821832,-0.000000000,0.000000000,9.800000000,0.992507466,0.000000000,0.000000000,0.122184000
17.716663832,0.000000000,0.000000000,-0.732821832,0.000000000,0.000000000,9.800000000,0.992692849,0.000000000,0.000000000,0.120668586
17.720830498,0.000000000,0.000000000,-0.732821832,0.000000000,0.000000000,9.800000000,0.992875918,0.000000000,0.000000000,0.119152890
17.729163830,0.000000000,0.000000000,-0.740011704,-0.000000000,0.000000000,9.800000000,0.993236853,0.000000000,0.000000000,0.116105790
17.733330496,0.000000000,0.000000000,-0.746916288,-0.000000000,-0.000000000,9.800000000,0.993416319,0.000000000,0.000000000,0.114560099
17.737497162,0.000000000,0.000000000,-0.746916288,-0.000000000,-0.000000000,9.800000000,0.993593381,0.000000000,0.000000000,0.113014130
17.741663828,0.000000000,0.000000000,-0.746916288,0.000000000,-0.000000000,9.800000000,0.993768036,0.000000000,0.000000000,0.111467888
17.745830494,0.000000000,0.000000000,-0.746916288,0.000000000,-0.000000000,9.800000000,0.993940286,0.000000000,0.000000000,0.109921376
17.754163826,0.000000000,0.000000000,-0.746916288,-0.000000000,-0.000000000,9.800000000,0.994277563,0.000000000,0.000000000,0.106827556
17.758330492,0.000000000,0.000000000,-0.753532922,0.000000000,0.000000000,9.800000000,0.994444043,0.000000000,0.000000000,0.105266549
17.762497158,0.000000000,0.000000000,-0.759859054,-0.000000000,-0.000000000,9.800000000,0.994609438,0.000000000,0.000000000,0.103692173
17.766663824,0.000000000,0.000000000,-0.759859054,-0.000000000,-0.000000000,9.800000000,0.994772340,0.000000000,0.000000000,0.102117538
17.770830490,0.000000000,0.000000000,-0.759859054,-0.000000000,-0.000000000,9.800000000,0.994932750,0.000000000,0.000000000,0.100542647
17.779163822,0.000000000,0.000000000,-0.765892247,0.000000000,-0.000000000,9.800000000,0.995248536,0.000000000,0.000000000,0.097367094
17.783330488,0.000000000,0.000000000,-0.771630173,0.000000000,-0.000000000,9.800000000,0.995403774,0.000000000,0.000000000,0.095767045
17.787497154,0.000000000,0.000000000,-0.771630173,0.000000000,0.000000000,9.800000000,0.995556439,0.000000000,0.000000000,0.094166748
17.791663820,0.000000000,0.000000000,-0.771630173,-0.000000000,-0.000000000,9.800000000,0.995706532,0.000000000,0.000000000,0.092566207
17.795830486,0.000000000,0.000000000,-0.777070622,0.000000000,-0.000000000,9.800000000,0.995855082,0.000000000,0.000000000,0.090954141
17.804163818,0.000000000,0.000000000,-0.777070622,0.000000000,-0.000000000,9.800000000,0.996144352,0.000000000,0.000000000,0.087729296
17.808330484,0.000000000,0.000000000,-0.782211495,-0.000000000,-0.000000000,9.800000000,0.996285994,0.000000000,0.000000000,0.086105856
17.812497150,0.000000000,0.000000000,-0.782211495,-0.000000000,-0.000000000,9.800000000,0.996424990,0.000000000,0.000000000,0.084482188
17.816663816,0.000000000,0.000000000,-0.782211495,-0.000000000,-0.000000000,9.800000000,0.996561339,0.000000000,0.000000000,0.082858296
17.820830482,0.000000000,0.000000000,-0.787050810,0.000000000,0.000000000,9.800000000,0.996695861,0.000000000,0.000000000,0.081224134
17.829163814,0.000000000,0.000000000,-0.787050810,-0.000000000,0.000000000,9.800000000,0.996956866,0.000000000,0.000000000,0.077955161
17.833330480,0.000000000,0.000000000,-0.787050810,0.000000000,0.000000000,9.800000000,0.997083348,0.000000000,0.000000000,0.076320358
17.837497146,0.000000000,0.000000000,-0.787050810,-0.000000000,0.000000000,9.800000000,0.997207149,0.000000000,0.000000000,0.074685350
17.841663812,0.000000000,0.000000000,-0.791586703,0.000000000,0.000000000,9.800000000,0.997328960,0.000000000,0.000000000,0.073040716
17.845830478,0.000000000,0.000000000,-0.795817424,0.000000000,-0.000000000,9.800000000,0.997448687,0.000000000,0.000000000,0.071387092
17.854163810,0.000000000,0.000000000,-0.795817424,0.000000000,0.000000000,9.800000000,0.997679916,0.000000000,0.000000000,0.068079260
17.858330476,0.000000000,0.000000000,-0.795817424,0.000000000,-0.000000000,9.800000000,0.997791417,0.000000000,0.000000000,0.066425061
17.862497142,0.000000000,0.000000000,-0.799741342,0.000000000,0.000000000,9.800000000,0.997900704,0.000000000,0.000000000,0.064762522
17.866663808,0.000000000,0.000000000,-0.799741342,0.000000000,0.000000000,9.800000000,0.998007222,0.000000000,0.000000000,0.063099803
17.870830474,0.000000000,0.000000000,-0.803356945,0.000000000,-0.000000000,9.800000000,0.998111432,0.000000000,0.000000000,0.061429391
17.879163806,0.000000000,0.000000000,-0.803356945,0.000000000,-0.000000000,9.800000000,0.998311463,0.000000000,0.000000000,0.058088054
17.883330472,0.000000000,0.000000000,-0.806662839,0.000000000,0.000000000,9.800000000,0.998407673,0.000000000,0.000000000,0.056410263
17.887497138,0.000000000,0.000000000,-0.806662839,0.000000000,0.000000000,9.800000000,0.998501064,0.000000000,0.000000000,0.054732313
17.891663804,0.000000000,0.000000000,-0.806662839,0.000000000,0.000000000,9.800000000,0.998591634,0.000000000,0.000000000,0.053054208
17.895830470,0.000000000,0.000000000,-0.809657749,0.000000000,0.000000000,9.800000000,0.998679704,0.000000000,0.000000000,0.051369723
17.904163802,0.000000000,0.000000000,-0.809657749,0.000000000,0.000000000,9.800000000,0.998847320,0.000000000,0.000000000,0.048000317
17.908330468,0.000000000,0.000000000,-0.812340521,0.000000000,-0.000000000,9.800000000,0.998927125,0.000000000,0.000000000,0.046309824
17.912497134,0.000000000,0.000000000,-0.812340521,0.000000000,-0.000000000,9.800000000,0.999004068,0.000000000,0.000000000,0.044619199
17.916663800,0.000000000,0.000000000,-0.812340521,0.000000000,-0.000000000,9.800000000,0.999078149,0.000000000,0.000000000,0.042928445
17.920830466,0.000000000,0.000000000,-0.812340521,0.000000000,-0.000000000,9.800000000,0.999149370,0.000000000,0.000000000,0.041237569
17.929163798,0.000000000,0.000000000,-0.814710120,-0.000000000,-0.000000000,9.800000000,0.999283599,0.000000000,0.000000000,0.037845601
17.933330464,0.000000000,0.000000000,-0.816765632,-0.000000000,0.000000000,9.800000000,0.999346550,0.000000000,0.000000000,0.036145171
17.937497130,0.000000000,0.000000000,-0.816765632,0.000000000,0.000000000,9.800000000,0.999406607,0.000000000,0.000000000,0.034444636
17.941663796,0.000000000,0.000000000,-0.816765632,0.000000000,0.000000000,9.800000000,0.999463771,0.000000000,0.000000000,0.032744002
17.945830462,0.000000000,0.000000000,-0.818506266,-0.000000000,0.000000000,9.800000000,0.999518154,0.000000000,0.000000000,0.031039649
17.954163794,0.000000000,0.000000000,-0.818506266,-0.000000000,0.000000000,9.800000000,0.999618200,0.000000000,0.000000000,0.027630676
17.958330460,0.000000000,0.000000000,-0.819931351,0.000000000,0.000000000,9.800000000,0.999663940,0.000000000,0.000000000,0.025923099
17.962497126,0.000000000,0.000000000,-0.819931351,-0.000000000,0.000000000,9.800000000,0.999706763,0.000000000,0.000000000,0.024215446
17.966663792,0.000000000,0.000000000,-0.819931351,-0.000000000,0.000000000,9.800000000,0.999746669,0.000000000,0.000000000,0.022507722
17.970830458,0.000000000,0.000000000,-0.819931351,-0.000000000,-0.000000000,9.800000000,0.999783658,0.000000000,0.000000000,0.020799933
17.979163790,0.000000000,0.000000000,-0.821040336,0.000000000,0.000000000,9.800000000,0.999848964,0.000000000,0.000000000,0.017379557
17.983330456,0.000000000,0.000000000,-0.821832795,0.000000000,-0.000000000,9.800000000,0.999877255,0.000000000,0.000000000,0.015667640
17.987497122,0.000000000,0.000000000,-0.821832795,-0.000000000,-0.000000000,9.800000000,0.999902615,0.000000000,0.000000000,0.013955676
17.991663788,0.000000000,0.000000000,-0.821832795,-0.000000000,-0.000000000,9.800000000,0.999925043,0.000000000,0.000000000,0.012243672
17.995830454,0.000000000,0.000000000,-0.822308422,0.000000000,0.000000000,9.800000000,0.999944551,0.000000000,0.000000000,0.010530641
18.004163786,0.000000000,0.000000000,-0.822308422,-0.000000000,0.000000000,9.800000000,0.999974763,0.000000000,0.000000000,0.007104491
18.008330452,0.000000000,0.000000000,-0.822467033,0.000000000,-0.000000000,9.800000000,0.999985468,0.000000000,0.000000000,0.005391052
18.012497118,0.000000000,0.000000000,-0.822467033,0.000000000,-0.000000000,9.800000000,0.999993238,0.000000000,0.000000000,0.003677597
18.016663784,0.000000000,0.000000000,-0.822467033,0.000000000,-0.000000000,9.800000000,0.999998071,0.000000000,0.000000000,0.001964132
18.020830450,0.000000000,0.000000000,-0.822308568,-0.000000000,-0.000000000,9.800000000,0.999999969,0.000000000,0.000000000,0.000250990
18.029163782,0.000000000,0.000000000,-0.822308568,-0.000000000,0.000000000,9.800000000,0.999994959,0.000000000,0.000000000,-0.003175290
18.033330448,0.000000000,0.000000000,-0.821833087,0.000000000,-0.000000000,9.800000000,0.999988056,0.000000000,0.000000000,-0.004887427
18.037497114,0.000000000,0.000000000,-0.821833087,0.000000000,0.000000000,9.800000000,0.999978223,0.000000000,0.000000000,-0.006599551
18.041663780,0.000000000,0.000000000,-0.821833087,0.000000000,0.000000000,9.800000000,0.999965458,0.000000000,0.000000000,-0.008311655
18.045830446,0.000000000,0.000000000,-0.821040774,-0.000000000,-0.000000000,9.800000000,0.999949778,0.000000000,0.000000000,-0.010022084
18.054163778,0.000000000,0.000000000,-0.821040774,-0.000000000,-0.000000000,9.800000000,0.999909641,0.000000000,0.000000000,-0.013442850
18.058330444,0.000000000,0.000000000,-0.821040774,0.000000000,-0.000000000,9.800000000,0.999885184,0.000000000,0.000000000,-0.015153176
18.062497110,0.000000000,0.000000000,-0.821040774,0.000000000,-0.000000000,9.800000000,0.999857802,0.000000000,0.000000000,-0.016863458
18.066663776,0.000000000,0.000000000,-0.819931935,0.000000000,0.000000000,9.800000000,0.999827537,0.000000000,0.000000000,-0.018571381
18.070830442,0.000000000,0.000000000,-0.819931935,0.000000000,0.000000000,9.800000000,0.999794355,0.000000000,0.000000000,-0.020279250
18.079163774,0.000000000,0.000000000,-0.818506996,-0.000000000,0.000000000,9.800000000,0.999719379,0.000000000,0.000000000,-0.023688869
18.083330440,0.000000000,0.000000000,-0.816766507,0.000000000,0.000000000,9.800000000,0.999677623,0.000000000,0.000000000,-0.025389953
18.087497106,0.000000000,0.000000000,-0.816766507,0.000000000,0.000000000,9.800000000,0.999632972,0.000000000,0.000000000,-0.027090964
18.091663772,0.000000000,0.000000000,-0.816766507,-0.000000000,0.000000000,9.800000000,0.999585427,0.000000000,0.000000000,-0.028791896
18.095830438,0.000000000,0.000000000,-0.816766507,0.000000000,0.000000000,9.800000000,0.999534988,0.000000000,0.000000000,-0.030492744
18.104163770,0.000000000,0.000000000,-0.814711139,0.000000000,0.000000000,9.800000000,0.999425718,0.000000000,0.000000000,-0.033885613
18.108330436,0.000000000,0.000000000,-0.814711139,-0.000000000,0.000000000,9.800000000,0.999366764,0.000000000,0.000000000,-0.035581903
18.112497102,0.000000000,0.000000000,-0.812341685,0.000000000,0.000000000,9.800000000,0.999305114,0.000000000,0.000000000,-0.037273158
18.116663768,0.000000000,0.000000000,-0.812341685,-0.000000000,0.000000000,9.800000000,0.999240603,0.000000000,0.000000000,-0.038964306
18.120830434,0.000000000,0.000000000,-0.809659057,-0.000000000,-0.000000000,9.800000000,0.999173457,0.000000000,0.000000000,-0.040649758
18.129163766,0.000000000,0.000000000,-0.809659057,-0.000000000,-0.000000000,9.800000000,0.999030636,0.000000000,0.000000000,-0.044020311
18.133330432,0.000000000,0.000000000,-0.809659057,0.000000000,-0.000000000,9.800000000,0.998954962,0.000000000,0.000000000,-0.045705402
18.137497098,0.000000000,0.000000000,-0.806664291,0.000000000,-0.000000000,9.800000000,0.998876741,0.000000000,0.000000000,-0.047384131
18.141663764,0.000000000,0.000000000,-0.806664291,0.000000000,-0.000000000,9.800000000,0.998795699,0.000000000,0.000000000,-0.049062726
18.145830430,0.000000000,0.000000000,-0.803358540,0.000000000,0.000000000,9.800000000,0.998712186,0.000000000,0.000000000,-0.050734304
18.154163762,0.000000000,0.000000000,-0.803358540,0.000000000,0.000000000,9.800000000,0.998536767,0.000000000,0.000000000,-0.054077029
18.158330428,0.000000000,0.000000000,-0.799743080,-0.000000000,0.000000000,9.800000000,0.998445282,0.000000000,0.000000000,-0.055740647
18.162497094,0.000000000,0.000000000,-0.799743080,0.000000000,0.000000000,9.800000000,0.998351025,0.000000000,0.000000000,-0.057404109
18.166663760,0.000000000,0.000000000,-0.799743080,0.000000000,0.000000000,9.800000000,0.998253996,0.000000000,0.000000000,-0.059067413
18.170830426,0.000000000,0.000000000,-0.795819303,0.000000000,0.000000000,9.800000000,0.998154693,0.000000000,0.000000000,-0.060722393
18.179163758,0.000000000,0.000000000,-0.795819303,0.000000000,-0.000000000,9.800000000,0.997947856,0.000000000,0.000000000,-0.064031847
18.183330424,0.000000000,0.000000000,-0.795819303,0.000000000,-0.000000000,9.800000000,0.997840322,0.000000000,0.000000000,-0.065686312
18.187497090,0.000000000,0.000000000,-0.791588723,0.000000000,0.000000000,9.800000000,0.997730639,0.000000000,0.000000000,-0.067331804
18.191663756,0.000000000,0.000000000,-0.791588723,0.000000000,0.000000000,9.800000000,0.997618243,0.000000000,0.000000000,-0.068977112
18.195830422,0.000000000,0.000000000,-0.787052970,0.000000000,0.000000000,9.800000000,0.997503800,0.000000000,0.000000000,-0.070612806
18.204163754,0.000000000,0.000000000,-0.787052970,0.000000000,-0.000000000,9.800000000,0.997266870,0.000000000,0.000000000,-0.073883622
18.208330420,0.000000000,0.000000000,-0.782213794,-0.000000000,-0.000000000,9.800000000,0.997145144,0.000000000,0.000000000,-0.075508681
18.212497086,0.000000000,0.000000000,-0.782213794,-0.000000000,-0.000000000,9.800000000,0.997020771,0.000000000,0.000000000,-0.077133539
18.216663752,0.000000000,0.000000000,-0.782213794,0.000000000,-0.000000000,9.800000000,0.996893749,0.000000000,0.000000000,-0.078758193
18.220830418,0.000000000,0.000000000,-0.782213794,0.000000000,-0.000000000,9.800000000,0.996764080,0.000000000,0.000000000,-0.080382637
18.229163750,0.000000000,0.000000000,-0.777073060,-0.000000000,0.000000000,9.800000000,0.996498593,0.000000000,0.000000000,-0.083609537
18.233330416,0.000000000,0.000000000,-0.777073060,0.000000000,0.000000000,9.800000000,0.996361931,0.000000000,0.000000000,-0.085222660
18.237497082,0.000000000,0.000000000,-0.777073060,-0.000000000,0.000000000,9.800000000,0.996222659,0.000000000,0.000000000,-0.086835560
18.241663748,0.000000000,0.000000000,-0.777073060,0.000000000,0.000000000,9.800000000,0.996080775,0.000000000,0.000000000,-0.088448233
18.245830414,0.000000000,0.000000000,-0.765894959,0.000000000,0.000000000,9.800000000,0.995938378,0.000000000,0.000000000,-0.090037480
18.254163746,0.000000000,0.000000000,-0.765894959,0.000000000,0.000000000,9.800000000,0.995645977,0.000000000,0.000000000,-0.093215283
18.258330412,0.000000000,0.000000000,-0.759861902,0.000000000,0.000000000,9.800000000,0.995497165,0.000000000,0.000000000,-0.094791318
18.262497078,0.000000000,0.000000000,-0.759861902,0.000000000,0.000000000,9.800000000,0.995345859,0.000000000,0.000000000,-0.096367116
18.266663744,0.000000000,0.000000000,-0.759861902,-0.000000000,-0.000000000,9.800000000,0.995192058,0.000000000,0.000000000,-0.097942672
18.270830410,0.000000000,0.000000000,-0.759861902,-0.000000000,0.000000000,9.800000000,0.995035764,0.000000000,0.000000000,-0.099517983
18.279163742,0.000000000,0.000000000,-0.759861902,0.000000000,0.000000000,9.800000000,0.994715694,0.000000000,0.000000000,-0.102667853
18.283330408,0.000000000,0.000000000,-0.759861902,-0.000000000,0.000000000,9.800000000,0.994551920,0.000000000,0.000000000,-0.104242403
18.287497074,0.000000000,0.000000000,-0.759861902,0.000000000,0.000000000,9.800000000,0.994385653,0.000000000,0.000000000,-0.105816693
18.291663740,0.000000000,0.000000000,-0.746919404,-0.000000000,0.000000000,9.800000000,0.994219790,0.000000000,0.000000000,-0.107363910
18.295830406,0.000000000,0.000000000,-0.746919404,-0.000000000,0.000000000,9.800000000,0.994051519,0.000000000,0.000000000,-0.108910866
18.304163738,0.000000000,0.000000000,-0.740014952,0.000000000,0.000000000,9.800000000,0.993710979,0.000000000,0.000000000,-0.111975397
18.308330404,0.000000000,0.000000000,-0.732825210,-0.000000000,-0.000000000,9.800000000,0.993538866,0.000000000,0.000000000,-0.113492384
18.312497070,0.000000000,0.000000000,-0.732825210,-0.000000000,-0.000000000,9.800000000,0.993364437,0.000000000,0.000000000,-0.115009105
18.316663736,0.000000000,0.000000000,-0.732825210,0.000000000,-0.000000000,9.800000000,0.993187693,0.000000000,0.000000000,-0.116525559
18.320830402,0.000000000,0.000000000,-0.732825210,-0.000000000,-0.000000000,9.800000000,0.993008634,0.000000000,0.000000000,-0.118041741
18.329163734,0.000000000,0.000000000,-0.725352950,0.000000000,0.000000000,9.800000000,0.992647341,0.000000000,0.000000000,-0.121042371
18.333330400,0.000000000,0.000000000,-0.725352950,0.000000000,0.000000000,9.800000000,0.992463295,0.000000000,0.000000000,-0.122542273
18.337497066,0.000000000,0.000000000,-0.725352950,0.000000000,0.000000000,9.800000000,0.992276982,0.000000000,0.000000000,-0.124041895
18.341663732,0.000000000,0.000000000,-0.725352950,0.000000000,0.000000000,9.800000000,0.992088403,0.000000000,0.000000000,-0.125541234
18.345830398,0.000000000,0.000000000,-0.725352950,0.000000000,0.000000000,9.800000000,0.991897558,0.000000000,0.000000000,-0.127040286
18.354163730,0.000000000,0.000000000,-0.725352950,0.000000000,0.000000000,9.800000000,0.991509074,0.000000000,0.000000000,-0.130037517
18.358330396,0.000000000,0.000000000,-0.701270408,0.000000000,0.000000000,9.800000000,0.991318034,0.000000000,0.000000000,-0.131485952
18.362497062,0.000000000,0.000000000,-0.701270408,0.000000000,-0.000000000,9.800000000,0.991124878,0.000000000,0.000000000,-0.132934107
18.366663728,0.000000000,0.000000000,-0.701270408,0.000000000,0.000000000,9.800000000,0.990929606,0.000000000,0.000000000,-0.134381978
18.370830394,0.000000000,0.000000000,-0.692697956,-0.000000000,-0.000000000,9.800000000,0.990734645,0.000000000,0.000000000,-0.135811868
18.379163726,0.000000000,0.000000000,-0.692697956,0.000000000,0.000000000,9.800000000,0.990338533,0.000000000,0.000000000,-0.138670798
18.383330392,0.000000000,0.000000000,-0.692697956,-0.000000000,0.000000000,9.800000000,0.990137383,0.000000000,0.000000000,-0.140099831
18.387497058,0.000000000,0.000000000,-0.683858456,0.000000000,-0.000000000,9.800000000,0.989936777,0.000000000,0.000000000,-0.141510342
18.391663724,0.000000000,0.000000000,-0.683858456,0.000000000,-0.000000000,9.800000000,0.989734162,0.000000000,0.000000000,-0.142920565
18.395830390,0.000000000,0.000000000,-0.683858456,0.000000000,-0.000000000,9.800000000,0.989529538,0.000000000,0.000000000,-0.144330499
18.404163722,0.000000000,0.000000000,-0.674755315,-0.000000000,0.000000000,9.800000000,0.989119846,0.000000000,0.000000000,-0.147111967
18.408330388,0.000000000,0.000000000,-0.674755315,-0.000000000,0.000000000,9.800000000,0.988912067,0.000000000,0.000000000,-0.148502267
18.412497054,0.000000000,0.000000000,-0.665392043,-0.000000000,-0.000000000,9.800000000,0.988705258,0.000000000,0.000000000,-0.149872987
18.416663720,0.000000000,0.000000000,-0.665392043,-0.000000000,-0.000000000,9.800000000,0.988496550,0.000000000,0.000000000,-0.151243418
18.420830386,0.000000000,0.000000000,-0.655772250,0.000000000,-0.000000000,9.800000000,0.988289000,0.000000000,0.000000000,-0.152593753
18.429163718,0.000000000,0.000000000,-0.655772250,0.000000000,-0.000000000,9.800000000,0.987868366,0.000000000,0.000000000,-0.155293565
18.433330384,0.000000000,0.000000000,-0.655772250,0.000000000,-0.000000000,9.800000000,0.987655283,0.000000000,0.000000000,-0.156643037
18.437497050,0.000000000,0.000000000,-0.645899644,0.000000000,0.000000000,9.800000000,0.987443607,0.000000000,0.000000000,-0.157971908
18.441663716,0.000000000,0.000000000,-0.645899644,0.000000000,0.000000000,9.800000000,0.987230142,0.000000000,0.000000000,-0.159300492
18.445830382,0.000000000,0.000000000,-0.635778032,-0.000000000,0.000000000,9.800000000,0.987018277,0.000000000,0.000000000,-0.160607975
18.454163714,0.000000000,0.000000000,-0.635778032,0.000000000,0.000000000,9.800000000,0.986589351,0.000000000,0.000000000,-0.163222094
18.458330380,0.000000000,0.000000000,-0.625411316,-0.000000000,0.000000000,9.800000000,0.986375845,0.000000000,0.000000000,-0.164507421
18.462497046,0.000000000,0.000000000,-0.625411316,-0.000000000,0.000000000,9.800000000,0.986160665,0.000000000,0.000000000,-0.165792470
18.466663712,0.000000000,0.000000000,-0.625411316,-0.000000000,0.000000000,9.800000000,0.985943810,0.000000000,0.000000000,-0.167077237
18.470830378,0.000000000,0.000000000,-0.614803491,-0.000000000,0.000000000,9.800000000,0.985729002,0.000000000,0.000000000,-0.168339936
18.479163710,0.000000000,0.000000000,-0.614803491,-0.000000000,0.000000000,9.800000000,0.985294535,0.000000000,0.000000000,-0.170864504
18.483330376,0.000000000,0.000000000,-0.603958648,-0.000000000,0.000000000,9.800000000,0.985078766,0.000000000,0.000000000,-0.172104113
18.487497042,0.000000000,0.000000000,-0.603958648,-0.000000000,0.000000000,9.800000000,0.984861436,0.000000000,0.000000000,-0.173343449
18.491663708,0.000000000,0.000000000,-0.603958648,-0.000000000,0.000000000,9.800000000,0.984642548,0.000000000,0.000000000,-0.174582510
18.495830374,0.000000000,0.000000000,-0.592880968,0.000000000,-0.000000000,9.800000000,0.984426158,0.000000000,0.000000000,-0.175798576
18.504163706,0.000000000,0.000000000,-0.592880968,-0.000000000,-0.000000000,9.800000000,0.983988873,0.000000000,0.000000000,-0.178229901
18.508330372,0.000000000,0.000000000,-0.581574721,-0.000000000,-0.000000000,9.800000000,0.983772205,0.000000000,0.000000000,-0.179421985
18.512497038,0.000000000,0.000000000,-0.581574721,-0.000000000,0.000000000,9.800000000,0.983554093,0.000000000,0.000000000,-0.180613805
18.516663704,0.000000000,0.000000000,-0.581574721,-0.000000000,-0.000000000,9.800000000,0.983334537,0.000000000,0.000000000,-0.181805360
18.520830370,0.000000000,0.000000000,-0.581574721,0.000000000,0.000000000,9.800000000,0.983113537,0.000000000,0.000000000,-0.182996648
18.529163702,0.000000000,0.000000000,-0.570044265,0.000000000,0.000000000,9.800000000,0.982676114,0.000000000,0.000000000,-0.185331205
18.533330368,0.000000000,0.000000000,-0.570044265,0.000000000,0.000000000,9.800000000,0.982455323,0.000000000,0.000000000,-0.186498092
18.537497034,0.000000000,0.000000000,-0.558294047,0.000000000,0.000000000,9.800000000,0.982237740,0.000000000,0.000000000,-0.187640672
18.541663700,0.000000000,0.000000000,-0.558294047,0.000000000,-0.000000000,9.800000000,0.982018829,0.000000000,0.000000000,-0.188782997
18.545830366,0.000000000,0.000000000,-0.558294047,0.000000000,0.000000000,9.800000000,0.981798589,0.000000000,0.000000000,-0.189925068
18.554163698,0.000000000,0.000000000,-0.546328596,-0.000000000,0.000000000,9.800000000,0.981363706,0.000000000,0.000000000,-0.192159509
18.558330364,0.000000000,0.000000000,-0.534152525,0.000000000,0.000000000,9.800000000,0.981149260,0.000000000,0.000000000,-0.193251469
18.562497030,0.000000000,0.000000000,-0.534152525,0.000000000,0.000000000,9.800000000,0.980933599,0.000000000,0.000000000,-0.194343189
18.566663696,0.000000000,0.000000000,-0.534152525,0.000000000,0.000000000,9.800000000,0.980716723,0.000000000,0.000000000,-0.195434669
18.570830362,0.000000000,0.000000000,-0.521770529,0.000000000,0.000000000,9.800000000,0.980503702,0.000000000,0.000000000,-0.196500614
18.579163694,0.000000000,0.000000000,-0.521770529,0.000000000,0.000000000,9.800000000,0.980074184,0.000000000,0.000000000,-0.198631805
18.583330360,0.000000000,0.000000000,-0.509187379,-0.000000000,0.000000000,9.800000000,0.979862923,0.000000000,0.000000000,-0.199671363
18.587497026,0.000000000,0.000000000,-0.509187379,-0.000000000,0.000000000,9.800000000,0.979650558,0.000000000,0.000000000,-0.200710696
18.591663692,0.000000000,0.000000000,-0.509187379,-0.000000000,0.000000000,9.800000000,0.979437092,0.000000000,0.000000000,-0.201749802
18.595830358,0.000000000,0.000000000,-0.509187379,-0.000000000,0.000000000,9.800000000,0.979222523,0.000000000,0.000000000,-0.202788682
18.604163690,0.000000000,0.000000000,-0.496407929,0.000000000,0.000000000,9.800000000,0.978795535,0.000000000,0.000000000,-0.204839697
18.608330356,0.000000000,0.000000000,-0.496407929,0.000000000,0.000000000,9.800000000,0.978583169,0.000000000,0.000000000,-0.205851841
18.612497022,0.000000000,0.000000000,-0.483437103,-0.000000000,0.000000000,9.800000000,0.978375347,0.000000000,0.000000000,-0.206837327
18.616663688,0.000000000,0.000000000,-0.483437103,-0.000000000,0.000000000,9.800000000,0.978166533,0.000000000,0.000000000,-0.207822603
18.620830354,0.000000000,0.000000000,-0.470279904,-0.000000000,0.000000000,9.800000000,0.977962449,0.000000000,0.000000000,-0.208780861
18.629163686,0.000000000,0.000000000,-0.470279904,-0.000000000,0.000000000,9.800000000,0.977551466,0.000000000,0.000000000,-0.210696776
18.633330352,0.000000000,0.000000000,-0.456941403,0.000000000,0.000000000,9.800000000,0.977350448,0.000000000,0.000000000,-0.211627271
18.637497018,0.000000000,0.000000000,-0.456941403,0.000000000,0.000000000,9.800000000,0.977148544,0.000000000,0.000000000,-0.212557575
18.641663684,0.000000000,0.000000000,-0.456941403,0.000000000,-0.000000000,9.800000000,0.976945755,0.000000000,0.000000000,-0.213487686
18.645830350,0.000000000,0.000000000,-0.443426742,0.000000000,0.000000000,9.800000000,0.976748117,0.000000000,0.000000000,-0.214390102
18.654163682,0.000000000,0.000000000,-0.443426742,0.000000000,0.000000000,9.800000000,0.976350341,0.000000000,0.000000000,-0.216194386
18.658330348,0.000000000,0.000000000,-0.443426742,0.000000000,0.000000000,9.800000000,0.976150202,0.000000000,0.000000000,-0.217096252
18.662497014,0.000000000,0.000000000,-0.429741132,0.000000000,0.000000000,9.800000000,0.975955446,0.000000000,0.000000000,-0.217970106
18.666663680,0.000000000,0.000000000,-0.429741132,0.000000000,0.000000000,9.800000000,0.975759908,0.000000000,0.000000000,-0.218843785
18.670830346,0.000000000,0.000000000,-0.415889848,-0.000000000,-0.000000000,9.800000000,0.975569927,0.000000000,0.000000000,-0.219689138
18.679163678,0.000000000,0.000000000,-0.415889848,0.000000000,0.000000000,9.800000000,0.975187769,0.000000000,0.000000000,-0.221379347
18.683330344,0.000000000,0.000000000,-0.401878231,0.000000000,0.000000000,9.800000000,0.975002078,0.000000000,0.000000000,-0.222195741
18.687497010,0.000000000,0.000000000,-0.401878231,0.000000000,0.000000000,9.800000000,0.974815704,0.000000000,0.000000000,-0.223011980
18.691663676,0.000000000,0.000000000,-0.401878231,0.000000000,0.000000000,9.800000000,0.974628646,0.000000000,0.000000000,-0.223828062
18.695830342,0.000000000,0.000000000,-0.401878231,0.000000000,0.000000000,9.800000000,0.974440906,0.000000000,0.000000000,-0.224643988
18.704163674,0.000000000,0.000000000,-0.401878231,0.000000000,0.000000000,9.800000000,0.974063375,0.000000000,0.000000000,-0.226275366
18.708330340,0.000000000,0.000000000,-0.401878231,0.000000000,0.000000000,9.800000000,0.973873586,0.000000000,0.000000000,-0.227090818
18.712497006,0.000000000,0.000000000,-0.373395664,0.000000000,0.000000000,9.800000000,0.973696635,0.000000000,0.000000000,-0.227848332
18.716663672,0.000000000,0.000000000,-0.373395664,0.000000000,0.000000000,9.800000000,0.973519096,0.000000000,0.000000000,-0.228605709
18.720830338,0.000000000,0.000000000,-0.358935694,0.000000000,0.000000000,9.800000000,0.973347876,0.000000000,0.000000000,-0.229333626
18.729163670,0.000000000,0.000000000,-0.358935694,0.000000000,0.000000000,9.800000000,0.973003804,0.000000000,0.000000000,-0.230789074
18.733330336,0.000000000,0.000000000,-0.358935694,0.000000000,0.000000000,9.800000000,0.972830952,0.000000000,0.000000000,-0.231516605
18.737497002,0.000000000,0.000000000,-0.344337347,0.000000000,0.000000000,9.800000000,0.972664619,0.000000000,0.000000000,-0.232214424
18.741663668,0.000000000,0.000000000,-0.344337347,0.000000000,0.000000000,9.800000000,0.972497785,0.000000000,0.000000000,-0.232912124
18.745830334,0.000000000,0.000000000,-0.329606252,0.000000000,0.000000000,9.800000000,0.972337620,0.000000000,0.000000000,-0.233579864
18.754163666,0.000000000,0.000000000,-0.329606252,0.000000000,0.000000000,9.800000000,0.972015914,0.000000000,0.000000000,-0.234915012
18.758330332,0.000000000,0.000000000,-0.329606252,0.000000000,0.000000000,9.800000000,0.971854374,0.000000000,0.000000000,-0.235582420
18.762496998,0.000000000,0.000000000,-0.329606252,0.000000000,0.000000000,9.800000000,0.971692375,0.000000000,0.000000000,-0.236249717
18.766663664,0.000000000,0.000000000,-0.329606252,0.000000000,0.000000000,9.800000000,0.971529918,0.000000000,0.000000000,-0.236916902
18.770830330,0.000000000,0.000000000,-0.314748088,0.000000000,-0.000000000,9.800000000,0.971374357,0.000000000,0.000000000,-0.237553908
18.779163662,0.000000000,0.000000000,-0.299768582,0.000000000,0.000000000,9.800000000,0.971076886,0.000000000,0.000000000,-0.238767003
18.783330328,0.000000000,0.000000000,-0.284673510,-0.000000000,-0.000000000,9.800000000,0.970935110,0.000000000,0.000000000,-0.239342878
18.787496994,0.000000000,0.000000000,-0.284673510,-0.000000000,-0.000000000,9.800000000,0.970792992,0.000000000,0.000000000,-0.239918668
18.791663660,0.000000000,0.000000000,-0.284673510,-0.000000000,-0.000000000,9.800000000,0.970650533,0.000000000,0.000000000,-0.240494373
18.795830326,0.000000000,0.000000000,-0.269468691,-0.000000000,-0.000000000,9.800000000,0.970515368,0.000000000,0.000000000,-0.241039252
18.804163658,0.000000000,0.000000000,-0.269468691,-0.000000000,-0.000000000,9.800000000,0.970244121,0.000000000,0.000000000,-0.242128781
18.808330324,0.000000000,0.000000000,-0.269468691,-0.000000000,0.000000000,9.800000000,0.970108038,0.000000000,0.000000000,-0.242673431
18.812496990,0.000000000,0.000000000,-0.269468691,-0.000000000,0.000000000,9.800000000,0.969971650,0.000000000,0.000000000,-0.243218005
18.816663656,0.000000000,0.000000000,-0.254159987,0.000000000,-0.000000000,9.800000000,0.969842730,0.000000000,0.000000000,-0.243731570
18.820830322,0.000000000,0.000000000,-0.238753299,-0.000000000,-0.000000000,9.800000000,0.969721378,0.000000000,0.000000000,-0.244213943
18.829163654,0.000000000,0.000000000,-0.238753299,-0.000000000,0.000000000,9.800000000,0.969477952,0.000000000,0.000000000,-0.245178506
18.833330320,0.000000000,0.000000000,-0.238753299,-0.000000000,-0.000000000,9.800000000,0.969355880,0.000000000,0.000000000,-0.245660696
18.837496986,0.000000000,0.000000000,-0.223254567,-0.000000000,0.000000000,9.800000000,0.969241515,0.000000000,0.000000000,-0.246111530
18.841663652,0.000000000,0.000000000,-0.223254567,0.000000000,0.000000000,9.800000000,0.969126940,0.000000000,0.000000000,-0.246562311
18.845830318,0.000000000,0.000000000,-0.207669766,-0.000000000,-0.000000000,9.800000000,0.969020176,0.000000000,0.000000000,-0.246981576
18.854163650,0.000000000,0.000000000,-0.207669766,0.000000000,0.000000000,9.800000000,0.968806102,0.000000000,0.000000000,-0.247819968
18.858330316,0.000000000,0.000000000,-0.207669766,-0.000000000,-0.000000000,9.800000000,0.968698793,0.000000000,0.000000000,-0.248239094
18.862496982,0.000000000,0.000000000,-0.207669766,-0.000000000,0.000000000,9.800000000,0.968591303,0.000000000,0.000000000,-0.248658174
18.866663648,0.000000000,0.000000000,-0.207669766,-0.000000000,-0.000000000,9.800000000,0.968483632,0.000000000,0.000000000,-0.249077207
18.870830314,0.000000000,0.000000000,-0.176266022,-0.000000000,-0.000000000,9.800000000,0.968392100,0.000000000,0.000000000,-0.249432838
18.879163646,0.000000000,0.000000000,-0.176266022,-0.000000000,0.000000000,9.800000000,0.968208645,0.000000000,0.000000000,-0.250143998
18.883330312,0.000000000,0.000000000,-0.160459185,0.000000000,-0.000000000,9.800000000,0.968124970,0.000000000,0.000000000,-0.250467646
18.887496978,0.000000000,0.000000000,-0.160459185,-0.000000000,-0.000000000,9.800000000,0.968041187,0.000000000,0.000000000,-0.250791267
18.891663644,0.000000000,0.000000000,-0.160459185,0.000000000,0.000000000,9.800000000,0.967957296,0.000000000,0.000000000,-0.251114859
18.895830310,0.000000000,0.000000000,-0.144590488,0.000000000,-0.000000000,9.800000000,0.967881609,0.000000000,0.000000000,-0.251406426
18.904163642,0.000000000,0.000000000,-0.144590488,0.000000000,-0.000000000,9.800000000,0.967729971,0.000000000,0.000000000,-0.251989490
18.908330308,0.000000000,0.000000000,-0.128666049,0.000000000,0.000000000,9.800000000,0.967662389,0.000000000,0.000000000,-0.252248885
18.912496974,0.000000000,0.000000000,-0.128666049,0.000000000,0.000000000,9.800000000,0.967594738,0.000000000,0.000000000,-0.252508262
18.916663640,0.000000000,0.000000000,-0.128666049,0.000000000,0.000000000,9.800000000,0.967527018,0.000000000,0.000000000,-0.252767621
18.920830306,0.000000000,0.000000000,-0.112692007,-0.000000000,-0.000000000,9.800000000,0.967467647,0.000000000,0.000000000,-0.252994765
18.929163638,0.000000000,0.000000000,-0.112692007,-0.000000000,-0.000000000,9.800000000,0.967348747,0.000000000,0.000000000,-0.253449012
18.933330304,0.000000000,0.000000000,-0.096674519,-0.000000000,-0.000000000,9.800000000,0.967297681,0.000000000,0.000000000,-0.253643836
18.937496970,0.000000000,0.000000000,-0.096674519,0.000000000,-0.000000000,9.800000000,0.967246577,0.000000000,0.000000000,-0.253838649
18.941663636,0.000000000,0.000000000,-0.096674519,-0.000000000,-0.000000000,9.800000000,0.967195433,0.000000000,0.000000000,-0.254033453
18.945830302,0.000000000,0.000000000,-0.096674519,-0.000000000,-0.000000000,9.800000000,0.967144249,0.000000000,0.000000000,-0.254228246
18.954163634,0.000000000,0.000000000,-0.080619762,0.000000000,0.000000000,9.800000000,0.967058796,0.000000000,0.000000000,-0.254553110
18.958330300,0.000000000,0.000000000,-0.064533925,0.000000000,0.000000000,9.800000000,0.967024563,0.000000000,0.000000000,-0.254683125
18.962496966,0.000000000,0.000000000,-0.064533925,0.000000000,-0.000000000,9.800000000,0.966990313,0.000000000,0.000000000,-0.254813135
18.966663632,0.000000000,0.000000000,-0.048423208,0.000000000,0.000000000,9.800000000,0.966964603,0.000000000,0.000000000,-0.254910685
18.970830298,0.000000000,0.000000000,-0.048423208,0.000000000,0.000000000,9.800000000,0.966938882,0.000000000,0.000000000,-0.255008233
18.979163630,0.000000000,0.000000000,-0.048423208,0.000000000,-0.000000000,9.800000000,0.966887411,0.000000000,0.000000000,-0.255203320
18.983330296,0.000000000,0.000000000,-0.032293823,0.000000000,-0.000000000,9.800000000,0.966870239,0.000000000,0.000000000,-0.255268371
18.987496962,0.000000000,0.000000000,-0.032293823,0.000000000,-0.000000000,9.800000000,0.966853063,0.000000000,0.000000000,-0.255333420
18.991663628,0.000000000,0.000000000,-0.032293823,-0.000000000,-0.000000000,9.800000000,0.966835882,0.000000000,0.000000000,-0.255398468
18.995830294,0.000000000,0.000000000,-0.016151989,-0.000000000,0.000000000,9.800000000,0.966827287,0.000000000,0.000000000,-0.255431002
19.004163626,0.000000000,0.000000000,-0.016151989,-0.000000000,0.000000000,9.800000000,0.966810094,0.000000000,0.000000000,-0.255496069
19.008330292,0.000000000,0.000000000,-0.000003927,0.000000000,0.000000000,9.800000000,0.966810092,0.000000000,0.000000000,-0.255496077
19.012496958,0.000000000,0.000000000,-0.000003927,0.000000000,0.000000000,9.800000000,0.966810090,0.000000000,0.000000000,-0.255496085
19.016663624,0.000000000,0.000000000,-0.000003927,0.000000000,0.000000000,9.800000000,0.966810088,0.000000000,0.000000000,-0.255496093
19.020830290,0.000000000,0.000000000,0.016144136,0.000000000,0.000000000,9.800000000,0.966818681,0.000000000,0.000000000,-0.255463575
19.029163622,0.000000000,0.000000000,0.016144136,0.000000000,0.000000000,9.800000000,0.966835863,0.000000000,0.000000000,-0.255398539
19.033330288,0.000000000,0.000000000,0.032285975,-0.000000000,0.000000000,9.800000000,0.966853040,0.000000000,0.000000000,-0.255333507
19.037496954,0.000000000,0.000000000,0.032285975,-0.000000000,0.000000000,9.800000000,0.966870212,0.000000000,0.000000000,-0.255268474
19.041663620,0.000000000,0.000000000,0.032285975,-0.000000000,-0.000000000,9.800000000,0.966887380,0.000000000,0.000000000,-0.255203439
19.045830286,0.000000000,0.000000000,0.048415367,0.000000000,-0.000000000,9.800000000,0.966913116,0.000000000,0.000000000,-0.255105912
19.054163618,0.000000000,0.000000000,0.048415367,0.000000000,-0.000000000,9.800000000,0.966964559,0.000000000,0.000000000,-0.254910851
19.058330284,0.000000000,0.000000000,0.064526094,0.000000000,0.000000000,9.800000000,0.966998818,0.000000000,0.000000000,-0.254780860
19.062496950,0.000000000,0.000000000,0.064526094,0.000000000,0.000000000,9.800000000,0.967033059,0.000000000,0.000000000,-0.254650865
19.066663616,0.000000000,0.000000000,0.064526094,0.000000000,0.000000000,9.800000000,0.967067283,0.000000000,0.000000000,-0.254520865
19.070830282,0.000000000,0.000000000,0.064526094,0.000000000,0.000000000,9.800000000,0.967101489,0.000000000,0.000000000,-0.254390861
19.079163614,0.000000000,0.000000000,0.080611945,0.000000000,0.000000000,9.800000000,0.967186880,0.000000000,0.000000000,-0.254066013
19.083330280,0.000000000,0.000000000,0.096666719,0.000000000,0.000000000,9.800000000,0.967238026,0.000000000,0.000000000,-0.253871227
19.087496946,0.000000000,0.000000000,0.096666719,-0.000000000,0.000000000,9.800000000,0.967289134,0.000000000,0.000000000,-0.253676431
19.091663612,0.000000000,0.000000000,0.096666719,-0.000000000,0.000000000,9.800000000,0.967340202,0.000000000,0.000000000,-0.253481625
19.095830278,0.000000000,0.000000000,0.096666719,0.000000000,0.000000000,9.800000000,0.967391231,0.000000000,0.000000000,-0.253286808
19.104163610,0.000000000,0.000000000,0.112684226,-0.000000000,-0.000000000,9.800000000,0.967510047,0.000000000,0.000000000,-0.252832573
19.108330276,0.000000000,0.000000000,0.128658291,-0.000000000,0.000000000,9.800000000,0.967577781,0.000000000,0.000000000,-0.252573234
19.112496942,0.000000000,0.000000000,0.128658291,-0.000000000,0.000000000,9.800000000,0.967645445,0.000000000,0.000000000,-0.252313877
19.116663608,0.000000000,0.000000000,0.128658291,-0.000000000,-0.000000000,9.800000000,0.967713040,0.000000000,0.000000000,-0.252054503
19.120830274,0.000000000,0.000000000,0.128658291,-0.000000000,-0.000000000,9.800000000,0.967780565,0.000000000,0.000000000,-0.251795110
19.129163606,0.000000000,0.000000000,0.128658291,-0.000000000,-0.000000000,9.800000000,0.967915408,0.000000000,0.000000000,-0.251276269
19.133330272,0.000000000,0.000000000,0.160451481,-0.000000000,0.000000000,9.800000000,0.967999349,0.000000000,0.000000000,-0.250952706
19.137496938,0.000000000,0.000000000,0.160451481,0.000000000,0.000000000,9.800000000,0.968083182,0.000000000,0.000000000,-0.250629116
19.141663604,0.000000000,0.000000000,0.160451481,0.000000000,0.000000000,9.800000000,0.968166906,0.000000000,0.000000000,-0.250305497
19.145830270,0.000000000,0.000000000,0.176258349,-0.000000000,0.000000000,9.800000000,0.968258754,0.000000000,0.000000000,-0.249949964
19.154163602,0.000000000,0.000000000,0.176258349,-0.000000000,0.000000000,9.800000000,0.968442059,0.000000000,0.000000000,-0.249238798
19.158330268,0.000000000,0.000000000,0.191997267,-0.000000000,-0.000000000,9.800000000,0.968541676,0.000000000,0.000000000,-0.248851407
19.162496934,0.000000000,0.000000000,0.191997267,-0.000000000,-0.000000000,9.800000000,0.968641137,0.000000000,0.000000000,-0.248463976
19.166663600,0.000000000,0.000000000,0.191997267,-0.000000000,-0.000000000,9.800000000,0.968740444,0.000000000,0.000000000,-0.248076505
19.170830266,0.000000000,0.000000000,0.207662166,-0.000000000,-0.000000000,9.800000000,0.968847678,0.000000000,0.000000000,-0.247657376
19.179163598,0.000000000,0.000000000,0.207662166,-0.000000000,-0.000000000,9.800000000,0.969061604,0.000000000,0.000000000,-0.246818979
19.183330264,0.000000000,0.000000000,0.223247007,0.000000000,-0.000000000,9.800000000,0.969176294,0.000000000,0.000000000,-0.246368244
19.187496930,0.000000000,0.000000000,0.223247007,0.000000000,-0.000000000,9.800000000,0.969290774,0.000000000,0.000000000,-0.245917456
19.191663596,0.000000000,0.000000000,0.223247007,0.000000000,-0.000000000,9.800000000,0.969405045,0.000000000,0.000000000,-0.245466614
19.195830262,0.000000000,0.000000000,0.238745782,0.000000000,0.000000000,9.800000000,0.969527017,0.000000000,0.000000000,-0.244984414
19.204163594,0.000000000,0.000000000,0.238745782,0.000000000,0.000000000,9.800000000,0.969770241,0.000000000,0.000000000,-0.244019833
19.208330260,0.000000000,0.000000000,0.238745782,0.000000000,0.000000000,9.800000000,0.969891494,0.000000000,0.000000000,-0.243537451
19.212496926,0.000000000,0.000000000,0.254152516,-0.000000000,-0.000000000,9.800000000,0.970020307,0.000000000,0.000000000,-0.243023875
19.216663592,0.000000000,0.000000000,0.254152516,-0.000000000,-0.000000000,9.800000000,0.970148848,0.000000000,0.000000000,-0.242510230
19.220830258,0.000000000,0.000000000,0.254152516,-0.000000000,-0.000000000,9.800000000,0.970277118,0.000000000,0.000000000,-0.241996518
19.229163590,0.000000000,0.000000000,0.269461270,0.000000000,0.000000000,9.800000000,0.970548209,0.000000000,0.000000000,-0.240906982
19.233330256,0.000000000,0.000000000,0.284666141,0.000000000,0.000000000,9.800000000,0.970690909,0.000000000,0.000000000,-0.240331352
19.237496922,0.000000000,0.000000000,0.284666141,0.000000000,0.000000000,9.800000000,0.970833268,0.000000000,0.000000000,-0.239755637
19.241663588,0.000000000,0.000000000,0.284666141,0.000000000,-0.000000000,9.800000000,0.970975286,0.000000000,0.000000000,-0.239179838
19.245830254,0.000000000,0.000000000,0.284666141,0.000000000,0.000000000,9.800000000,0.971116961,0.000000000,0.000000000,-0.238603955
19.254163586,0.000000000,0.000000000,0.299761268,0.000000000,0.000000000,9.800000000,0.971414221,0.000000000,0.000000000,-0.237390839
19.258330252,0.000000000,0.000000000,0.299761268,0.000000000,0.000000000,9.800000000,0.971562283,0.000000000,0.000000000,-0.236784142
19.262496918,0.000000000,0.000000000,0.299761268,0.000000000,0.000000000,9.800000000,0.971709966,0.000000000,0.000000000,-0.236177353
19.266663584,0.000000000,0.000000000,0.314740831,-0.000000000,0.000000000,9.800000000,0.971864621,0.000000000,0.000000000,-0.235540142
19.270830250,0.000000000,0.000000000,0.314740831,-0.000000000,0.000000000,9.800000000,0.972018858,0.000000000,0.000000000,-0.234902830
19.279163582,0.000000000,0.000000000,0.329599056,0.000000000,0.000000000,9.800000000,0.972340540,0.000000000,0.000000000,-0.233567707
19.283330248,0.000000000,0.000000000,0.344330214,0.000000000,-0.000000000,9.800000000,0.972507841,0.000000000,0.000000000,-0.232870134
19.287496914,0.000000000,0.000000000,0.344330214,0.000000000,-0.000000000,9.800000000,0.972674641,0.000000000,0.000000000,-0.232172442
19.291663580,0.000000000,0.000000000,0.344330214,0.000000000,0.000000000,9.800000000,0.972840941,0.000000000,0.000000000,-0.231474630
19.295830246,0.000000000,0.000000000,0.344330214,-0.000000000,0.000000000,9.800000000,0.973006740,0.000000000,0.000000000,-0.230776698
19.304163578,0.000000000,0.000000000,0.358928626,0.000000000,0.000000000,9.800000000,0.973350786,0.000000000,0.000000000,-0.229321274
19.308330244,0.000000000,0.000000000,0.373388665,0.000000000,0.000000000,9.800000000,0.973528879,0.000000000,0.000000000,-0.228564042
19.312496910,0.000000000,0.000000000,0.373388665,0.000000000,0.000000000,9.800000000,0.973706383,0.000000000,0.000000000,-0.227806672
19.316663576,0.000000000,0.000000000,0.373388665,0.000000000,0.000000000,9.800000000,0.973883298,0.000000000,0.000000000,-0.227049164
19.320830242,0.000000000,0.000000000,0.373388665,0.000000000,0.000000000,9.800000000,0.974059623,0.000000000,0.000000000,-0.226291518
19.329163574,0.000000000,0.000000000,0.387704755,0.000000000,0.000000000,9.800000000,0.974423911,0.000000000,0.000000000,-0.224717693
19.333330240,0.000000000,0.000000000,0.401871378,0.000000000,0.000000000,9.800000000,0.974611710,0.000000000,0.000000000,-0.223901795
19.337496906,0.000000000,0.000000000,0.401871378,0.000000000,-0.000000000,9.800000000,0.974798827,0.000000000,0.000000000,-0.223085741
19.341663572,0.000000000,0.000000000,0.401871378,0.000000000,-0.000000000,9.800000000,0.974985259,0.000000000,0.000000000,-0.222269530
19.345830238,0.000000000,0.000000000,0.415883071,0.000000000,0.000000000,9.800000000,0.975177473,0.000000000,0.000000000,-0.221424697
19.354163570,0.000000000,0.000000000,0.415883071,0.000000000,0.000000000,9.800000000,0.975559703,0.000000000,0.000000000,-0.219734533
19.358330236,0.000000000,0.000000000,0.429734434,0.000000000,0.000000000,9.800000000,0.975756036,0.000000000,0.000000000,-0.218861046
19.362496902,0.000000000,0.000000000,0.429734434,-0.000000000,0.000000000,9.800000000,0.975951587,0.000000000,0.000000000,-0.217987384
19.366663568,0.000000000,0.000000000,0.429734434,-0.000000000,0.000000000,9.800000000,0.976146356,0.000000000,0.000000000,-0.217113547
19.370830234,0.000000000,0.000000000,0.429734434,0.000000000,0.000000000,9.800000000,0.976340342,0.000000000,0.000000000,-0.216239536
19.379163566,0.000000000,0.000000000,0.443420126,0.000000000,0.000000000,9.800000000,0.976738196,0.000000000,0.000000000,-0.214435297
19.383330232,0.000000000,0.000000000,0.456934871,-0.000000000,-0.000000000,9.800000000,0.976941884,0.000000000,0.000000000,-0.213505397
19.387496898,0.000000000,0.000000000,0.456934871,0.000000000,-0.000000000,9.800000000,0.977144688,0.000000000,0.000000000,-0.212575303
19.391663564,0.000000000,0.000000000,0.456934871,-0.000000000,-0.000000000,9.800000000,0.977346605,0.000000000,0.000000000,-0.211645016
19.395830230,0.000000000,0.000000000,0.456934871,-0.000000000,-0.000000000,9.800000000,0.977547638,0.000000000,0.000000000,-0.210714538
19.404163562,0.000000000,0.000000000,0.470273460,0.000000000,0.000000000,9.800000000,0.977958650,0.000000000,0.000000000,-0.208798657
19.408330228,0.000000000,0.000000000,0.470273460,-0.000000000,0.000000000,9.800000000,0.978162748,0.000000000,0.000000000,-0.207840415
19.412496894,0.000000000,0.000000000,0.483430748,-0.000000000,-0.000000000,9.800000000,0.978371578,0.000000000,0.000000000,-0.206855156
19.416663560,0.000000000,0.000000000,0.483430748,0.000000000,0.000000000,9.800000000,0.978579415,0.000000000,0.000000000,-0.205869687
19.420830226,0.000000000,0.000000000,0.483430748,0.000000000,0.000000000,9.800000000,0.978786260,0.000000000,0.000000000,-0.204884009
19.429163558,0.000000000,0.000000000,0.483430748,0.000000000,0.000000000,9.800000000,0.979196971,0.000000000,0.000000000,-0.202912031
19.433330224,0.000000000,0.000000000,0.483430748,0.000000000,0.000000000,9.800000000,0.979400836,0.000000000,0.000000000,-0.201925733
19.437496890,0.000000000,0.000000000,0.483430748,-0.000000000,-0.000000000,9.800000000,0.979603709,0.000000000,0.000000000,-0.200939230
19.441663556,0.000000000,0.000000000,0.483430748,-0.000000000,-0.000000000,9.800000000,0.979805587,0.000000000,0.000000000,-0.199952523
19.445830222,0.000000000,0.000000000,0.521764457,0.000000000,0.000000000,9.800000000,0.980022358,0.000000000,0.000000000,-0.198887347
19.454163554,0.000000000,0.000000000,0.521764457,0.000000000,0.000000000,9.800000000,0.980452427,0.000000000,0.000000000,-0.196756293
19.458330220,0.000000000,0.000000000,0.534146552,0.000000000,0.000000000,9.800000000,0.980670771,0.000000000,0.000000000,-0.195665119
19.462496886,0.000000000,0.000000000,0.534146552,0.000000000,0.000000000,9.800000000,0.980887901,0.000000000,0.000000000,-0.194573702
19.466663552,0.000000000,0.000000000,0.534146552,-0.000000000,-0.000000000,9.800000000,0.981103816,0.000000000,0.000000000,-0.193482045
19.470830218,0.000000000,0.000000000,0.546322725,0.000000000,0.000000000,9.800000000,0.981323397,0.000000000,0.000000000,-0.192365255
19.479163550,0.000000000,0.000000000,0.546322725,0.000000000,0.000000000,9.800000000,0.981758743,0.000000000,0.000000000,-0.190130928
19.483330216,0.000000000,0.000000000,0.546322725,-0.000000000,0.000000000,9.800000000,0.981974509,0.000000000,0.000000000,-0.189013395
19.487496882,0.000000000,0.000000000,0.546322725,-0.000000000,0.000000000,9.800000000,0.982189003,0.000000000,0.000000000,-0.187895617
19.491663548,0.000000000,0.000000000,0.546322725,0.000000000,0.000000000,9.800000000,0.982402224,0.000000000,0.000000000,-0.186777595
19.495830214,0.000000000,0.000000000,0.570038603,-0.000000000,0.000000000,9.800000000,0.982623345,0.000000000,0.000000000,-0.185610782
19.504163546,0.000000000,0.000000000,0.570038603,-0.000000000,-0.000000000,9.800000000,0.983061428,0.000000000,0.000000000,-0.183276373
19.508330212,0.000000000,0.000000000,0.581569166,-0.000000000,-0.000000000,9.800000000,0.983282764,0.000000000,0.000000000,-0.182085159
19.512496878,0.000000000,0.000000000,0.581569166,-0.000000000,-0.000000000,9.800000000,0.983502657,0.000000000,0.000000000,-0.180893678
19.516663544,0.000000000,0.000000000,0.581569166,-0.000000000,-0.000000000,9.800000000,0.983721107,0.000000000,0.000000000,-0.179701931
19.520830210,0.000000000,0.000000000,0.581569166,-0.000000000,-0.000000000,9.800000000,0.983938112,0.000000000,0.000000000,-0.178509921
19.529163542,0.000000000,0.000000000,0.592875524,0.000000000,-0.000000000,9.800000000,0.984376085,0.000000000,0.000000000,-0.176078743
19.533330208,0.000000000,0.000000000,0.592875524,-0.000000000,-0.000000000,9.800000000,0.984592819,0.000000000,0.000000000,-0.174862749
19.537496874,0.000000000,0.000000000,0.592875524,0.000000000,-0.000000000,9.800000000,0.984808051,0.000000000,0.000000000,-0.173646490
19.541663540,0.000000000,0.000000000,0.592875524,0.000000000,-0.000000000,9.800000000,0.985021780,0.000000000,0.000000000,-0.172429965
19.545830206,0.000000000,0.000000000,0.614798273,-0.000000000,-0.000000000,9.800000000,0.985241825,0.000000000,0.000000000,-0.171168179
19.554163538,0.000000000,0.000000000,0.614798273,-0.000000000,-0.000000000,9.800000000,0.985677067,0.000000000,0.000000000,-0.168643766
19.558330204,0.000000000,0.000000000,0.614798273,-0.000000000,-0.000000000,9.800000000,0.985892262,0.000000000,0.000000000,-0.167381144
19.562496870,0.000000000,0.000000000,0.625406214,0.000000000,0.000000000,9.800000000,0.986109511,0.000000000,0.000000000,-0.166096454
19.566663536,0.000000000,0.000000000,0.625406214,0.000000000,-0.000000000,9.800000000,0.986325086,0.000000000,0.000000000,-0.164811482
19.570830202,0.000000000,0.000000000,0.635773049,0.000000000,0.000000000,9.800000000,0.986542518,0.000000000,0.000000000,-0.163504924
19.579163534,0.000000000,0.000000000,0.635773049,0.000000000,0.000000000,9.800000000,0.986972189,0.000000000,0.000000000,-0.160890949
19.583330200,0.000000000,0.000000000,0.635773049,0.000000000,0.000000000,9.800000000,0.987184428,0.000000000,0.000000000,-0.159583537
19.587496866,0.000000000,0.000000000,0.635773049,0.000000000,0.000000000,9.800000000,0.987394935,0.000000000,0.000000000,-0.158275845
19.591663532,0.000000000,0.000000000,0.635773049,0.000000000,0.000000000,9.800000000,0.987603709,0.000000000,0.000000000,-0.156967875
19.595830198,0.000000000,0.000000000,0.635773049,0.000000000,0.000000000,9.800000000,0.987810751,0.000000000,0.000000000,-0.155659630
19.604163530,0.000000000,0.000000000,0.635773049,0.000000000,0.000000000,9.800000000,0.988219635,0.000000000,0.000000000,-0.153042323
19.608330196,0.000000000,0.000000000,0.665387426,0.000000000,-0.000000000,9.800000000,0.988430836,0.000000000,0.000000000,-0.151672283
19.612496862,0.000000000,0.000000000,0.665387426,0.000000000,-0.000000000,9.800000000,0.988640138,0.000000000,0.000000000,-0.150301952
19.616663528,0.000000000,0.000000000,0.665387426,0.000000000,-0.000000000,9.800000000,0.988847541,0.000000000,0.000000000,-0.148931332
19.620830194,0.000000000,0.000000000,0.665387426,0.000000000,-0.000000000,9.800000000,0.989053043,0.000000000,0.000000000,-0.147560425
19.629163526,0.000000000,0.000000000,0.674750823,0.000000000,0.000000000,9.800000000,0.989463994,0.000000000,0.000000000,-0.144779161
19.633330192,0.000000000,0.000000000,0.683854092,0.000000000,0.000000000,9.800000000,0.989669256,0.000000000,0.000000000,-0.143369330
19.637496858,0.000000000,0.000000000,0.683854092,-0.000000000,-0.000000000,9.800000000,0.989872509,0.000000000,0.000000000,-0.141959207
19.641663524,0.000000000,0.000000000,0.683854092,-0.000000000,-0.000000000,9.800000000,0.990073753,0.000000000,0.000000000,-0.140548796
19.645830190,0.000000000,0.000000000,0.692693721,-0.000000000,0.000000000,9.800000000,0.990275549,0.000000000,0.000000000,-0.139119863
19.654163522,0.000000000,0.000000000,0.692693721,0.000000000,0.000000000,9.800000000,0.990672955,0.000000000,0.000000000,-0.136261131
19.658330188,0.000000000,0.000000000,0.692693721,0.000000000,0.000000000,9.800000000,0.990868564,0.000000000,0.000000000,-0.134831338
19.662496854,0.000000000,0.000000000,0.701266304,0.000000000,0.000000000,9.800000000,0.991064491,0.000000000,0.000000000,-0.133383564
19.666663520,0.000000000,0.000000000,0.701266304,0.000000000,0.000000000,9.800000000,0.991258303,0.000000000,0.000000000,-0.131935506
19.670830186,0.000000000,0.000000000,0.701266304,0.000000000,0.000000000,9.800000000,0.991449999,0.000000000,0.000000000,-0.130487166
19.679163518,0.000000000,0.000000000,0.709568536,0.000000000,0.000000000,9.800000000,0.991831455,0.000000000,0.000000000,-0.127555343
19.683330184,0.000000000,0.000000000,0.717597215,-0.000000000,0.000000000,9.800000000,0.992021041,0.000000000,0.000000000,-0.126072419
19.687496850,0.000000000,0.000000000,0.717597215,-0.000000000,0.000000000,9.800000000,0.992208410,0.000000000,0.000000000,-0.124589213
19.691663516,0.000000000,0.000000000,0.717597215,-0.000000000,0.000000000,9.800000000,0.992393561,0.000000000,0.000000000,-0.123105729
19.695830182,0.000000000,0.000000000,0.725349248,0.000000000,-0.000000000,9.800000000,0.992578458,0.000000000,0.000000000,-0.121605939
19.704163514,0.000000000,0.000000000,0.725349248,0.000000000,0.000000000,9.800000000,0.992941453,0.000000000,0.000000000,-0.118605530
19.708330180,0.000000000,0.000000000,0.725349248,-0.000000000,0.000000000,9.800000000,0.993119549,0.000000000,0.000000000,-0.117104918
19.712496846,0.000000000,0.000000000,0.732821644,0.000000000,-0.000000000,9.800000000,0.993297177,0.000000000,0.000000000,-0.115588575
19.716663512,0.000000000,0.000000000,0.732821644,0.000000000,-0.000000000,9.800000000,0.993472489,0.000000000,0.000000000,-0.114071963
19.720830178,0.000000000,0.000000000,0.740011524,0.000000000,-0.000000000,9.800000000,0.993647172,0.000000000,0.000000000,-0.112540201
19.729163510,0.000000000,0.000000000,0.740011524,0.000000000,-0.000000000,9.800000000,0.993989453,0.000000000,0.000000000,-0.109475878
19.733330176,0.000000000,0.000000000,0.746916115,-0.000000000,-0.000000000,9.800000000,0.994158602,0.000000000,0.000000000,-0.107929024
19.737496842,0.000000000,0.000000000,0.746916115,-0.000000000,-0.000000000,9.800000000,0.994325344,0.000000000,0.000000000,-0.106381909
19.741663508,0.000000000,0.000000000,0.746916115,-0.000000000,-0.000000000,9.800000000,0.994489678,0.000000000,0.000000000,-0.104834536
19.745830174,0.000000000,0.000000000,0.753532756,0.000000000,0.000000000,9.800000000,0.994653028,0.000000000,0.000000000,-0.103273198
19.754163506,0.000000000,0.000000000,0.753532756,-0.000000000,0.000000000,9.800000000,0.994972374,0.000000000,0.000000000,-0.100149763
19.758330172,0.000000000,0.000000000,0.753532756,0.000000000,0.000000000,9.800000000,0.995128369,0.000000000,0.000000000,-0.098587673
19.762496838,0.000000000,0.000000000,0.753532756,-0.000000000,0.000000000,9.800000000,0.995281912,0.000000000,0.000000000,-0.097025340
19.766663504,0.000000000,0.000000000,0.753532756,0.000000000,0.000000000,9.800000000,0.995433001,0.000000000,0.000000000,-0.095462768
19.770830170,0.000000000,0.000000000,0.759858896,0.000000000,0.000000000,9.800000000,0.995582875,0.000000000,0.000000000,-0.093886840
19.779163502,0.000000000,0.000000000,0.765892096,0.000000000,-0.000000000,9.800000000,0.995877418,0.000000000,0.000000000,-0.090709247
19.783330168,0.000000000,0.000000000,0.765892096,0.000000000,-0.000000000,9.800000000,0.996020887,0.000000000,0.000000000,-0.089120102
19.787496834,0.000000000,0.000000000,0.765892096,0.000000000,-0.000000000,9.800000000,0.996161820,0.000000000,0.000000000,-0.087530730
19.791663500,0.000000000,0.000000000,0.771630030,0.000000000,-0.000000000,9.800000000,0.996301244,0.000000000,0.000000000,-0.085929225
19.795830166,0.000000000,0.000000000,0.771630030,0.000000000,0.000000000,9.800000000,0.996438093,0.000000000,0.000000000,-0.084327498
19.804163498,0.000000000,0.000000000,0.777070486,0.000000000,-0.000000000,9.800000000,0.996705904,0.000000000,0.000000000,-0.081100802
19.808330164,0.000000000,0.000000000,0.782211367,-0.000000000,-0.000000000,9.800000000,0.996836743,0.000000000,0.000000000,-0.079476456
19.812496830,0.000000000,0.000000000,0.782211367,-0.000000000,-0.000000000,9.800000000,0.996964935,0.000000000,0.000000000,-0.077851899
19.816663496,0.000000000,0.000000000,0.782211367,-0.000000000,-0.000000000,9.800000000,0.997090479,0.000000000,0.000000000,-0.076227136
19.820830162,0.000000000,0.000000000,0.782211367,-0.000000000,-0.000000000,9.800000000,0.997213375,0.000000000,0.000000000,-0.074602170
19.829163494,0.000000000,0.000000000,0.787050690,0.000000000,0.000000000,9.800000000,0.997452662,0.000000000,0.000000000,-0.071331536
19.833330160,0.000000000,0.000000000,0.787050690,0.000000000,0.000000000,9.800000000,0.997568282,0.000000000,0.000000000,-0.069695929
19.837496826,0.000000000,0.000000000,0.791586591,-0.000000000,0.000000000,9.800000000,0.997681864,0.000000000,0.000000000,-0.068050706
19.841663492,0.000000000,0.000000000,0.791586591,-0.000000000,-0.000000000,9.800000000,0.997792732,0.000000000,0.000000000,-0.066405299
19.845830158,0.000000000,0.000000000,0.795817320,-0.000000000,-0.000000000,9.800000000,0.997901458,0.000000000,0.000000000,-0.064750916
19.854163490,0.000000000,0.000000000,0.795817320,-0.000000000,-0.000000000,9.800000000,0.998110679,0.000000000,0.000000000,-0.061441619
19.858330156,0.000000000,0.000000000,0.799741246,0.000000000,0.000000000,9.800000000,0.998211663,0.000000000,0.000000000,-0.059778555
19.862496822,0.000000000,0.000000000,0.799741246,0.000000000,0.000000000,9.800000000,0.998309876,0.000000000,0.000000000,-0.058115325
19.866663488,0.000000000,0.000000000,0.799741246,0.000000000,0.000000000,9.800000000,0.998405318,0.000000000,0.000000000,-0.056451934
19.870830154,0.000000000,0.000000000,0.799741246,0.000000000,0.000000000,9.800000000,0.998497988,0.000000000,0.000000000,-0.054788386
19.879163486,0.000000000,0.000000000,0.803356857,0.000000000,0.000000000,9.800000000,0.998675788,0.000000000,0.000000000,-0.051445794
19.883330152,0.000000000,0.000000000,0.803356857,-0.000000000,0.000000000,9.800000000,0.998760492,0.000000000,0.000000000,-0.049774279
19.887496818,0.000000000,0.000000000,0.806662758,0.000000000,0.000000000,9.800000000,0.998842730,0.000000000,0.000000000,-0.048095745
19.891663484,0.000000000,0.000000000,0.806662758,-0.000000000,-0.000000000,9.800000000,0.998922147,0.000000000,0.000000000,-0.046417076
19.895830150,0.000000000,0.000000000,0.809657676,0.000000000,0.000000000,9.800000000,0.998999021,0.000000000,0.000000000,-0.044732042
19.904163482,0.000000000,0.000000000,0.809657676,0.000000000,0.000000000,9.800000000,0.999144243,0.000000000,0.000000000,-0.041361598
19.908330148,0.000000000,0.000000000,0.812340456,0.000000000,0.000000000,9.800000000,0.999212811,0.000000000,0.000000000,-0.039670612
19.912496814,0.000000000,0.000000000,0.812340456,-0.000000000,0.000000000,9.800000000,0.999278518,0.000000000,0.000000000,-0.037979512
19.916663480,0.000000000,0.000000000,0.812340456,0.000000000,0.000000000,9.800000000,0.999341363,0.000000000,0.000000000,-0.036288304
19.920830146,0.000000000,0.000000000,0.812340456,0.000000000,0.000000000,9.800000000,0.999401345,0.000000000,0.000000000,-0.034596992
19.929163478,0.000000000,0.000000000,0.814710063,0.000000000,0.000000000,9.800000000,0.999512876,0.000000000,0.000000000,-0.031209141
19.933330144,0.000000000,0.000000000,0.816765584,0.000000000,-0.000000000,9.800000000,0.999564534,0.000000000,0.000000000,-0.029508331
19.937496810,0.000000000,0.000000000,0.816765584,0.000000000,-0.000000000,9.800000000,0.999613299,0.000000000,0.000000000,-0.027807435
19.941663476,0.000000000,0.000000000,0.816765584,0.000000000,-0.000000000,9.800000000,0.999659168,0.000000000,0.000000000,-0.026106459
19.945830142,0.000000000,0.000000000,0.816765584,0.000000000,-0.000000000,9.800000000,0.999702144,0.000000000,0.000000000,-0.024405407
19.954163474,0.000000000,0.000000000,0.816765584,0.000000000,-0.000000000,9.800000000,0.999779411,0.000000000,0.000000000,-0.021003097
19.958330140,0.000000000,0.000000000,0.818506226,-0.000000000,-0.000000000,9.800000000,0.999813772,0.000000000,0.000000000,-0.019298222
19.962496806,0.000000000,0.000000000,0.818506226,-0.000000000,-0.000000000,9.800000000,0.999845226,0.000000000,0.000000000,-0.017593291
19.966663472,0.000000000,0.000000000,0.819931318,-0.000000000,0.000000000,9.800000000,0.999873820,0.000000000,0.000000000,-0.015885341
19.970830138,0.000000000,0.000000000,0.819931318,-0.000000000,0.000000000,9.800000000,0.999899496,0.000000000,0.000000000,-0.014177344
19.979163470,0.000000000,0.000000000,0.821040312,0.000000000,-0.000000000,9.800000000,0.999942146,0.000000000,0.000000000,-0.010756611
19.983330136,0.000000000,0.000000000,0.821832779,-0.000000000,0.000000000,9.800000000,0.999959097,0.000000000,0.000000000,-0.009044544
19.987496802,0.000000000,0.000000000,0.821832779,-0.000000000,0.000000000,9.800000000,0.999973117,0.000000000,0.000000000,-0.007332450
19.991663468,0.000000000,0.000000000,0.821832779,0.000000000,0.000000000,9.800000000,0.999984206,0.000000000,0.000000000,-0.005620335
19.995830134,0.000000000,0.000000000,0.821832779,-0.000000000,0.000000000,9.800000000,0.999992363,0.000000000,0.000000000,-0.003908203
20.004163466,0.000000000,0.000000000,0.822308414,0.000000000,0.000000000,9.800000000,0.999999884,0.000000000,0.000000000,-0.000481929
20.008330132,0.000000000,0.000000000,0.822467033,0.000000000,-0.000000000,9.800000000,0.999999242,0.000000000,0.000000000,0.001231544
20.012496798,0.000000000,0.000000000,0.822467033,0.000000000,-0.000000000,9.800000000,0.999995663,0.000000000,0.000000000,0.002945013
20.016663464,0.000000000,0.000000000,0.822467033,0.000000000,-0.000000000,9.800000000,0.999989149,0.000000000,0.000000000,0.004658473
20.020830130,0.000000000,0.000000000,0.822308576,-0.000000000,-0.000000000,9.800000000,0.999979701,0.000000000,0.000000000,0.006371589
20.029163462,0.000000000,0.000000000,0.822308576,-0.000000000,-0.000000000,9.800000000,0.999952001,0.000000000,0.000000000,0.009797761
20.033330128,0.000000000,0.000000000,0.821833104,-0.000000000,0.000000000,9.800000000,0.999933760,0.000000000,0.000000000,0.011509815
20.037496794,0.000000000,0.000000000,0.821833104,-0.000000000,0.000000000,9.800000000,0.999912588,0.000000000,0.000000000,0.013221836
20.041663460,0.000000000,0.000000000,0.821833104,0.000000000,0.000000000,9.800000000,0.999888484,0.000000000,0.000000000,0.014933818
20.045830126,0.000000000,0.000000000,0.821040799,-0.000000000,0.000000000,9.800000000,0.999861477,0.000000000,0.000000000,0.016644106
20.054163458,0.000000000,0.000000000,0.821040799,-0.000000000,-0.000000000,9.800000000,0.999798687,0.000000000,0.000000000,0.020064531
20.058330124,0.000000000,0.000000000,0.819931967,0.000000000,-0.000000000,9.800000000,0.999762954,0.000000000,0.000000000,0.021772348
20.062496790,0.000000000,0.000000000,0.819931967,0.000000000,0.000000000,9.800000000,0.999724304,0.000000000,0.000000000,0.023480102
20.066663456,0.000000000,0.000000000,0.819931967,-0.000000000,-0.000000000,9.800000000,0.999682737,0.000000000,0.000000000,0.025187787
20.070830122,0.000000000,0.000000000,0.818507036,-0.000000000,-0.000000000,9.800000000,0.999638333,0.000000000,0.000000000,0.026892432
20.079163454,0.000000000,0.000000000,0.818507036,-0.000000000,-0.000000000,9.800000000,0.999540805,0.000000000,0.000000000,0.030301481
20.083330120,0.000000000,0.000000000,0.816766556,-0.000000000,0.000000000,9.800000000,0.999487797,0.000000000,0.000000000,0.032002251
20.087496786,0.000000000,0.000000000,0.816766556,0.000000000,0.000000000,9.800000000,0.999431895,0.000000000,0.000000000,0.033702929
20.091663452,0.000000000,0.000000000,0.816766556,-0.000000000,-0.000000000,9.800000000,0.999373099,0.000000000,0.000000000,0.035403510
20.095830118,0.000000000,0.000000000,0.814711196,-0.000000000,-0.000000000,9.800000000,0.999311569,0.000000000,0.000000000,0.037099709
20.104163450,0.000000000,0.000000000,0.814711196,-0.000000000,0.000000000,9.800000000,0.999179872,0.000000000,0.000000000,0.040491781
20.108330116,0.000000000,0.000000000,0.812341749,-0.000000000,-0.000000000,9.800000000,0.999109913,0.000000000,0.000000000,0.042182712
20.112496782,0.000000000,0.000000000,0.812341749,0.000000000,-0.000000000,9.800000000,0.999037093,0.000000000,0.000000000,0.043873523
20.116663448,0.000000000,0.000000000,0.812341749,0.000000000,-0.000000000,9.800000000,0.998961412,0.000000000,0.000000000,0.045564208
20.120830114,0.000000000,0.000000000,0.812341749,0.000000000,-0.000000000,9.800000000,0.998882870,0.000000000,0.000000000,0.047254763
20.129163446,0.000000000,0.000000000,0.809659130,0.000000000,0.000000000,9.800000000,0.998717768,0.000000000,0.000000000,0.050624298
20.133330112,0.000000000,0.000000000,0.806664372,-0.000000000,-0.000000000,9.800000000,0.998631281,0.000000000,0.000000000,0.052302622
20.137496778,0.000000000,0.000000000,0.806664372,-0.000000000,-0.000000000,9.800000000,0.998541974,0.000000000,0.000000000,0.053980797
20.141663444,0.000000000,0.000000000,0.806664372,0.000000000,-0.000000000,9.800000000,0.998449846,0.000000000,0.000000000,0.055658820
20.145830110,0.000000000,0.000000000,0.806664372,0.000000000,-0.000000000,9.800000000,0.998354899,0.000000000,0.000000000,0.057336686
20.154163442,0.000000000,0.000000000,0.803358629,0.000000000,0.000000000,9.800000000,0.998156964,0.000000000,0.000000000,0.060685054
20.158330108,0.000000000,0.000000000,0.799743176,-0.000000000,-0.000000000,9.800000000,0.998054469,0.000000000,0.000000000,0.062348029
20.162496774,0.000000000,0.000000000,0.799743176,-0.000000000,-0.000000000,9.800000000,0.997949204,0.000000000,0.000000000,0.064010832
20.166663440,0.000000000,0.000000000,0.799743176,-0.000000000,-0.000000000,9.800000000,0.997841168,0.000000000,0.000000000,0.065673457
20.170830106,0.000000000,0.000000000,0.799743176,-0.000000000,-0.000000000,9.800000000,0.997730363,0.000000000,0.000000000,0.067335899
20.179163438,0.000000000,0.000000000,0.795819407,0.000000000,0.000000000,9.800000000,0.997501598,0.000000000,0.000000000,0.070643911
20.183330104,0.000000000,0.000000000,0.791588835,-0.000000000,-0.000000000,9.800000000,0.997383740,0.000000000,0.000000000,0.072288837
20.187496770,0.000000000,0.000000000,0.791588835,-0.000000000,-0.000000000,9.800000000,0.997263169,0.000000000,0.000000000,0.073933566
20.191663436,0.000000000,0.000000000,0.791588835,-0.000000000,-0.000000000,9.800000000,0.997139886,0.000000000,0.000000000,0.075578095
20.195830102,0.000000000,0.000000000,0.787053090,-0.000000000,-0.000000000,9.800000000,0.997014620,0.000000000,0.000000000,0.077212996
20.204163434,0.000000000,0.000000000,0.787053090,-0.000000000,-0.000000000,9.800000000,0.996756048,0.000000000,0.000000000,0.080482172
20.208330100,0.000000000,0.000000000,0.782213922,0.000000000,-0.000000000,9.800000000,0.996623570,0.000000000,0.000000000,0.082106391
20.212496766,0.000000000,0.000000000,0.782213922,-0.000000000,-0.000000000,9.800000000,0.996488445,0.000000000,0.000000000,0.083730391
20.216663432,0.000000000,0.000000000,0.782213922,0.000000000,-0.000000000,9.800000000,0.996350674,0.000000000,0.000000000,0.085354168
