t,wx,wy,wz,ax,ay,az,qw,qx,qy,qz
0.008333332,0.000000000,0.000000000,0.822467033,-0.000000000,0.000000000,9.800000000,0.999998532,0.000000000,0.000000000,0.001713472
0.012499998,0.000000000,0.000000000,0.822467033,-0.000000000,-0.000000000,9.800000000,0.999994128,0.000000000,0.000000000,0.003426939
0.016666664,0.000000000,0.000000000,0.822467033,-0.000000000,0.000000000,9.800000000,0.999986788,0.000000000,0.000000000,0.005140395
0.020833330,0.000000000,0.000000000,0.822308495,0.000000000,-0.000000000,9.800000000,0.999976514,0.000000000,0.000000000,0.006853507
0.029166662,0.000000000,0.000000000,0.822308495,-0.000000000,-0.000000000,9.800000000,0.999947163,0.000000000,0.000000000,0.010279664
0.033333328,0.000000000,0.000000000,0.821832941,0.000000000,0.000000000,9.800000000,0.999928097,0.000000000,0.000000000,0.011991710
0.037499994,0.000000000,0.000000000,0.821832941,0.000000000,0.000000000,9.800000000,0.999906100,0.000000000,0.000000000,0.013703720
0.041666660,0.000000000,0.000000000,0.821832941,0.000000000,0.000000000,9.800000000,0.999881171,0.000000000,0.000000000,0.015415690
0.045833326,0.000000000,0.000000000,0.821040555,0.000000000,0.000000000,9.800000000,0.999853340,0.000000000,0.000000000,0.017125964
0.054166658,0.000000000,0.000000000,0.821040555,0.000000000,0.000000000,9.800000000,0.999788901,0.000000000,0.000000000,0.020546357
0.058333324,0.000000000,0.000000000,0.819931643,0.000000000,0.000000000,9.800000000,0.999752346,0.000000000,0.000000000,0.022254156
0.062499990,0.000000000,0.000000000,0.819931643,0.000000000,0.000000000,9.800000000,0.999712873,0.000000000,0.000000000,0.023961891
0.066666656,0.000000000,0.000000000,0.819931643,0.000000000,0.000000000,9.800000000,0.999670483,0.000000000,0.000000000,0.025669555
0.070833322,0.000000000,0.000000000,0.818506631,0.000000000,0.000000000,9.800000000,0.999625257,0.000000000,0.000000000,0.027374177
0.079166654,0.000000000,0.000000000,0.818506631,0.000000000,0.000000000,9.800000000,0.999526086,0.000000000,0.000000000,0.030783177
0.083333320,0.000000000,0.000000000,0.816766070,-0.000000000,-0.000000000,9.800000000,0.999472258,0.000000000,0.000000000,0.032483921
0.087499986,0.000000000,0.000000000,0.816766070,-0.000000000,-0.000000000,9.800000000,0.999415537,0.000000000,0.000000000,0.034184571
0.091666652,0.000000000,0.000000000,0.816766070,0.000000000,-0.000000000,9.800000000,0.999355922,0.000000000,0.000000000,0.035885122
0.095833318,0.000000000,0.000000000,0.814710629,-0.000000000,0.000000000,9.800000000,0.999293574,0.000000000,0.000000000,0.037581289
0.104166650,0.000000000,0.000000000,0.814710629,-0.000000000,0.000000000,9.800000000,0.999160242,0.000000000,0.000000000,0.040973295
0.108333316,0.000000000,0.000000000,0.812341103,0.000000000,0.000000000,9.800000000,0.999089469,0.000000000,0.000000000,0.042664192
0.112499982,0.000000000,0.000000000,0.812341103,-0.000000000,0.000000000,9.800000000,0.999015834,0.000000000,0.000000000,0.044354966
0.116666648,0.000000000,0.000000000,0.812341103,0.000000000,0.000000000,9.800000000,0.998939338,0.000000000,0.000000000,0.046045613
0.120833314,0.000000000,0.000000000,0.809658403,0.000000000,0.000000000,9.800000000,0.998860248,0.000000000,0.000000000,0.047730546
0.129166646,0.000000000,0.000000000,0.809658403,-0.000000000,0.000000000,9.800000000,0.998693542,0.000000000,0.000000000,0.051099999
0.133333312,0.000000000,0.000000000,0.806663565,-0.000000000,0.000000000,9.800000000,0.998606255,0.000000000,0.000000000,0.052778279
0.137499978,0.000000000,0.000000000,0.806663565,0.000000000,0.000000000,9.800000000,0.998516149,0.000000000,0.000000000,0.054456410
0.141666644,0.000000000,0.000000000,0.806663565,0.000000000,0.000000000,9.800000000,0.998423222,0.000000000,0.000000000,0.056134388
0.145833310,0.000000000,0.000000000,0.803357743,0.000000000,0.000000000,9.800000000,0.998327874,0.000000000,0.000000000,0.057805331
0.154166642,0.000000000,0.000000000,0.803357743,-0.000000000,0.000000000,9.800000000,0.998128788,0.000000000,0.000000000,0.061146727
0.158333308,0.000000000,0.000000000,0.799742211,0.000000000,0.000000000,9.800000000,0.998025524,0.000000000,0.000000000,0.062809653
0.162499974,0.000000000,0.000000000,0.799742211,0.000000000,0.000000000,9.800000000,0.997919490,0.000000000,0.000000000,0.064472405
0.166666640,0.000000000,0.000000000,0.799742211,0.000000000,0.000000000,9.800000000,0.997810686,0.000000000,0.000000000,0.066134978
0.170833306,0.000000000,0.000000000,0.795818364,0.000000000,0.000000000,9.800000000,0.997699666,0.000000000,0.000000000,0.067789211
0.179166638,0.000000000,0.000000000,0.795818364,0.000000000,0.000000000,9.800000000,0.997469398,0.000000000,0.000000000,0.071097114
0.183333304,0.000000000,0.000000000,0.791587713,0.000000000,0.000000000,9.800000000,0.997350793,0.000000000,0.000000000,0.072741984
0.187499970,0.000000000,0.000000000,0.791587713,0.000000000,0.000000000,9.800000000,0.997229475,0.000000000,0.000000000,0.074386656
0.191666636,0.000000000,0.000000000,0.791587713,0.000000000,0.000000000,9.800000000,0.997105445,0.000000000,0.000000000,0.076031126
0.195833302,0.000000000,0.000000000,0.787051890,0.000000000,0.000000000,9.800000000,0.996979437,0.000000000,0.000000000,0.077665968
0.204166634,0.000000000,0.000000000,0.787051890,-0.000000000,0.000000000,9.800000000,0.996719380,0.000000000,0.000000000,0.080935021
0.208333300,0.000000000,0.000000000,0.782212644,0.000000000,0.000000000,9.800000000,0.996586164,0.000000000,0.000000000,0.082559176
0.212499966,0.000000000,0.000000000,0.782212644,0.000000000,0.000000000,9.800000000,0.996450302,0.000000000,0.000000000,0.084183112
0.216666632,0.000000000,0.000000000,0.782212644,0.000000000,0.000000000,9.800000000,0.996311793,0.000000000,0.000000000,0.085806824
0.220833298,0.000000000,0.000000000,0.777071841,0.000000000,0.000000000,9.800000000,0.996171575,0.000000000,0.000000000,0.087419640
0.229166630,0.000000000,0.000000000,0.777071841,0.000000000,0.000000000,9.800000000,0.995883307,0.000000000,0.000000000,0.090644579
0.233333296,0.000000000,0.000000000,0.771631461,0.000000000,0.000000000,9.800000000,0.995736303,0.000000000,0.000000000,0.092245409
0.237499962,0.000000000,0.000000000,0.771631461,0.000000000,0.000000000,9.800000000,0.995586726,0.000000000,0.000000000,0.093846000
0.241666628,0.000000000,0.000000000,0.771631461,0.000000000,0.000000000,9.800000000,0.995434576,0.000000000,0.000000000,0.095446349
0.245833294,0.000000000,0.000000000,0.765893603,0.000000000,-0.000000000,9.800000000,0.995281013,0.000000000,0.000000000,0.097034553
0.254166626,0.000000000,0.000000000,0.765893603,0.000000000,-0.000000000,9.800000000,0.994966287,0.000000000,0.000000000,0.100210217
0.258333292,0.000000000,0.000000000,0.759860478,-0.000000000,-0.000000000,9.800000000,0.994806403,0.000000000,0.000000000,0.101785165
0.262499958,0.000000000,0.000000000,0.759860478,-0.000000000,0.000000000,9.800000000,0.994644027,0.000000000,0.000000000,0.103359857
0.266666624,0.000000000,0.000000000,0.759860478,-0.000000000,0.000000000,9.800000000,0.994479157,0.000000000,0.000000000,0.104934291
0.270833290,0.000000000,0.000000000,0.753534413,0.000000000,0.000000000,9.800000000,0.994313200,0.000000000,0.000000000,0.106495357
0.279166622,0.000000000,0.000000000,0.753534413,0.000000000,0.000000000,9.800000000,0.993973933,0.000000000,0.000000000,0.109616698
0.283333288,0.000000000,0.000000000,0.746917846,0.000000000,0.000000000,9.800000000,0.993802157,0.000000000,0.000000000,0.111163267
0.287499954,0.000000000,0.000000000,0.746917846,-0.000000000,0.000000000,9.800000000,0.993627976,0.000000000,0.000000000,0.112709566
0.291666620,0.000000000,0.000000000,0.746917846,-0.000000000,0.000000000,9.800000000,0.993451388,0.000000000,0.000000000,0.114255592
0.295833286,0.000000000,0.000000000,0.740013328,-0.000000000,0.000000000,9.800000000,0.993274060,0.000000000,0.000000000,0.115787054
0.304166618,0.000000000,0.000000000,0.740013328,0.000000000,0.000000000,9.800000000,0.992912322,0.000000000,0.000000000,0.118849148
0.308333284,0.000000000,0.000000000,0.732823521,-0.000000000,0.000000000,9.800000000,0.992729716,0.000000000,0.000000000,0.120364904
0.312499950,0.000000000,0.000000000,0.732823521,0.000000000,0.000000000,9.800000000,0.992544797,0.000000000,0.000000000,0.121880378
0.316666616,0.000000000,0.000000000,0.732823521,0.000000000,0.000000000,9.800000000,0.992357563,0.000000000,0.000000000,0.123395569
0.320833282,0.000000000,0.000000000,0.725351196,0.000000000,0.000000000,9.800000000,0.992169961,0.000000000,0.000000000,0.124895027
0.329166614,0.000000000,0.000000000,0.725351196,0.000000000,0.000000000,9.800000000,0.991787961,0.000000000,0.000000000,0.127893084
0.333333280,0.000000000,0.000000000,0.717599235,0.000000000,0.000000000,9.800000000,0.991595653,0.000000000,0.000000000,0.129375661
0.337499946,0.000000000,0.000000000,0.717599235,0.000000000,0.000000000,9.800000000,0.991401128,0.000000000,0.000000000,0.130857950
0.341666612,0.000000000,0.000000000,0.717599235,0.000000000,0.000000000,9.800000000,0.991204388,0.000000000,0.000000000,0.132339946
0.345833278,0.000000000,0.000000000,0.709570626,0.000000000,-0.000000000,9.800000000,0.991007671,0.000000000,0.000000000,0.133805070
0.354166610,0.000000000,0.000000000,0.709570626,0.000000000,0.000000000,9.800000000,0.990607739,0.000000000,0.000000000,0.136734439
0.358333276,0.000000000,0.000000000,0.701268464,-0.000000000,-0.000000000,9.800000000,0.990406917,0.000000000,0.000000000,0.138181546
0.362499942,0.000000000,0.000000000,0.701268464,-0.000000000,0.000000000,9.800000000,0.990203980,0.000000000,0.000000000,0.139628359
0.366666608,0.000000000,0.000000000,0.701268464,-0.000000000,-0.000000000,9.800000000,0.989998929,0.000000000,0.000000000,0.141074873
0.370833274,0.000000000,0.000000000,0.692695950,0.000000000,0.000000000,9.800000000,0.989794311,0.000000000,0.000000000,0.142503409
0.379166606,0.000000000,0.000000000,0.692695950,-0.000000000,0.000000000,9.800000000,0.989378891,0.000000000,0.000000000,0.145359589
0.383333272,0.000000000,0.000000000,0.683856388,-0.000000000,0.000000000,9.800000000,0.989170793,0.000000000,0.000000000,0.146769009
0.387499938,0.000000000,0.000000000,0.683856388,-0.000000000,0.000000000,9.800000000,0.988960687,0.000000000,0.000000000,0.148178132
0.391666604,0.000000000,0.000000000,0.683856388,-0.000000000,0.000000000,9.800000000,0.988748574,0.000000000,0.000000000,0.149586954
0.395833270,0.000000000,0.000000000,0.674753187,0.000000000,-0.000000000,9.800000000,0.988537318,0.000000000,0.000000000,0.150976725
0.404166602,0.000000000,0.000000000,0.674753187,0.000000000,-0.000000000,9.800000000,0.988108945,0.000000000,0.000000000,0.153755369
0.408333268,0.000000000,0.000000000,0.665389856,-0.000000000,-0.000000000,9.800000000,0.987894855,0.000000000,0.000000000,0.155124965
0.412499934,0.000000000,0.000000000,0.665389856,-0.000000000,0.000000000,9.800000000,0.987678868,0.000000000,0.000000000,0.156494264
0.416666600,0.000000000,0.000000000,0.665389856,-0.000000000,-0.000000000,9.800000000,0.987460982,0.000000000,0.000000000,0.157863262
0.420833266,0.000000000,0.000000000,0.655770004,-0.000000000,0.000000000,9.800000000,0.987244390,0.000000000,0.000000000,0.159212171
0.429166598,0.000000000,0.000000000,0.655770004,-0.000000000,-0.000000000,9.800000000,0.986805677,0.000000000,0.000000000,0.161909095
0.433333264,0.000000000,0.000000000,0.645897341,0.000000000,0.000000000,9.800000000,0.986586916,0.000000000,0.000000000,0.163236812
0.437499930,0.000000000,0.000000000,0.645897341,0.000000000,0.000000000,9.800000000,0.986366368,0.000000000,0.000000000,0.164564235
0.441666596,0.000000000,0.000000000,0.645897341,0.000000000,0.000000000,9.800000000,0.986144035,0.000000000,0.000000000,0.165891359
0.445833262,0.000000000,0.000000000,0.635775672,0.000000000,-0.000000000,9.800000000,0.985923441,0.000000000,0.000000000,0.167197393
0.454166594,0.000000000,0.000000000,0.635775672,-0.000000000,-0.000000000,9.800000000,0.985477066,0.000000000,0.000000000,0.169808578
0.458333260,0.000000000,0.000000000,0.625408899,-0.000000000,-0.000000000,9.800000000,0.985254980,0.000000000,0.000000000,0.171092446
0.462499926,0.000000000,0.000000000,0.625408899,-0.000000000,-0.000000000,9.800000000,0.985031221,0.000000000,0.000000000,0.172376024
0.466666592,0.000000000,0.000000000,0.625408899,-0.000000000,0.000000000,9.800000000,0.984805790,0.000000000,0.000000000,0.173659309
0.470833258,0.000000000,0.000000000,0.614801020,-0.000000000,-0.000000000,9.800000000,0.984582554,0.000000000,0.000000000,0.174920540
0.479166590,0.000000000,0.000000000,0.614801020,-0.000000000,-0.000000000,9.800000000,0.984131235,0.000000000,0.000000000,0.177442139
0.483333256,0.000000000,0.000000000,0.603956123,0.000000000,0.000000000,9.800000000,0.983907191,0.000000000,0.000000000,0.178680273
0.487499922,0.000000000,0.000000000,0.603956123,0.000000000,0.000000000,9.800000000,0.983681589,0.000000000,0.000000000,0.179918125
0.491666588,0.000000000,0.000000000,0.603956123,-0.000000000,0.000000000,9.800000000,0.983454430,0.000000000,0.000000000,0.181155691
0.495833254,0.000000000,0.000000000,0.592878389,0.000000000,0.000000000,9.800000000,0.983229923,0.000000000,0.000000000,0.182370279
0.504166586,0.000000000,0.000000000,0.592878389,0.000000000,0.000000000,9.800000000,0.982776409,0.000000000,0.000000000,0.184798619
0.508333252,0.000000000,0.000000000,0.581572090,0.000000000,0.000000000,9.800000000,0.982551784,0.000000000,0.000000000,0.185989223
0.512499918,0.000000000,0.000000000,0.581572090,0.000000000,0.000000000,9.800000000,0.982325717,0.000000000,0.000000000,0.187179554
0.516666584,0.000000000,0.000000000,0.581572090,-0.000000000,-0.000000000,9.800000000,0.982098208,0.000000000,0.000000000,0.188369611
0.520833250,0.000000000,0.000000000,0.570041583,-0.000000000,0.000000000,9.800000000,0.981873810,0.000000000,0.000000000,0.189535804
0.529166582,0.000000000,0.000000000,0.570041583,-0.000000000,0.000000000,9.800000000,0.981420861,0.000000000,0.000000000,0.191867387
0.533333248,0.000000000,0.000000000,0.558291315,0.000000000,-0.000000000,9.800000000,0.981197035,0.000000000,0.000000000,0.193008755
0.537499914,0.000000000,0.000000000,0.558291315,0.000000000,-0.000000000,9.800000000,0.980971881,0.000000000,0.000000000,0.194149861
0.541666580,0.000000000,0.000000000,0.558291315,0.000000000,0.000000000,9.800000000,0.980745401,0.000000000,0.000000000,0.195290704
0.545833246,0.000000000,0.000000000,0.546325815,0.000000000,0.000000000,9.800000000,0.980522490,0.000000000,0.000000000,0.196406841
0.554166578,0.000000000,0.000000000,0.546325815,0.000000000,0.000000000,9.800000000,0.980072858,0.000000000,0.000000000,0.198638349
0.558333244,0.000000000,0.000000000,0.534149696,0.000000000,0.000000000,9.800000000,0.979851204,0.000000000,0.000000000,0.199728863
0.562499910,0.000000000,0.000000000,0.534149696,-0.000000000,0.000000000,9.800000000,0.979628336,0.000000000,0.000000000,0.200819129
0.566666576,0.000000000,0.000000000,0.534149696,0.000000000,0.000000000,9.800000000,0.979404256,0.000000000,0.000000000,0.201909146
0.570833242,0.000000000,0.000000000,0.521767652,0.000000000,-0.000000000,9.800000000,0.979184199,0.000000000,0.000000000,0.202973654
0.579166574,0.000000000,0.000000000,0.521767652,0.000000000,-0.000000000,9.800000000,0.978740614,0.000000000,0.000000000,0.205101950
0.583333240,0.000000000,0.000000000,0.509184457,0.000000000,0.000000000,9.800000000,0.978522491,0.000000000,0.000000000,0.206140083
0.587499906,0.000000000,0.000000000,0.509184457,0.000000000,0.000000000,9.800000000,0.978303267,0.000000000,0.000000000,0.207177985
0.591666572,0.000000000,0.000000000,0.509184457,0.000000000,0.000000000,9.800000000,0.978082942,0.000000000,0.000000000,0.208215653
0.595833238,0.000000000,0.000000000,0.496404962,0.000000000,0.000000000,9.800000000,0.977867087,0.000000000,0.000000000,0.209227052
0.604166570,0.000000000,0.000000000,0.496404962,0.000000000,-0.000000000,9.800000000,0.977432241,0.000000000,0.000000000,0.211249178
0.608333236,0.000000000,0.000000000,0.483434093,-0.000000000,0.000000000,9.800000000,0.977218984,0.000000000,0.000000000,0.212233496
0.612499902,0.000000000,0.000000000,0.483434093,0.000000000,0.000000000,9.800000000,0.977004737,0.000000000,0.000000000,0.213217598
0.616666568,0.000000000,0.000000000,0.483434093,0.000000000,0.000000000,9.800000000,0.976789498,0.000000000,0.000000000,0.214201484
0.620833234,0.000000000,0.000000000,0.470276851,0.000000000,-0.000000000,9.800000000,0.976579167,0.000000000,0.000000000,0.215158384
0.629166566,0.000000000,0.000000000,0.470276851,0.000000000,-0.000000000,9.800000000,0.976155693,0.000000000,0.000000000,0.217071564
0.633333232,0.000000000,0.000000000,0.456938309,-0.000000000,-0.000000000,9.800000000,0.975948608,0.000000000,0.000000000,0.218000721
0.637499898,0.000000000,0.000000000,0.456938309,-0.000000000,-0.000000000,9.800000000,0.975740639,0.000000000,0.000000000,0.218929681
0.641666564,0.000000000,0.000000000,0.456938309,-0.000000000,-0.000000000,9.800000000,0.975531786,0.000000000,0.000000000,0.219858443
0.645833230,0.000000000,0.000000000,0.443423608,0.000000000,-0.000000000,9.800000000,0.975328265,0.000000000,0.000000000,0.220759544
0.654166562,0.000000000,0.000000000,0.443423608,0.000000000,-0.000000000,9.800000000,0.974918725,0.000000000,0.000000000,0.222561181
0.658333228,0.000000000,0.000000000,0.429737959,0.000000000,0.000000000,9.800000000,0.974719078,0.000000000,0.000000000,0.223433924
0.662499894,0.000000000,0.000000000,0.429737959,0.000000000,0.000000000,9.800000000,0.974518650,0.000000000,0.000000000,0.224306488
0.666666560,0.000000000,0.000000000,0.429737959,0.000000000,0.000000000,9.800000000,0.974317441,0.000000000,0.000000000,0.225178872
0.670833226,0.000000000,0.000000000,0.415886638,0.000000000,-0.000000000,9.800000000,0.974121973,0.000000000,0.000000000,0.226022965
0.679166558,0.000000000,0.000000000,0.415886638,-0.000000000,-0.000000000,9.800000000,0.973728845,0.000000000,0.000000000,0.227710643
0.683333224,0.000000000,0.000000000,0.401874985,-0.000000000,0.000000000,9.800000000,0.973537855,0.000000000,0.000000000,0.228525807
0.687499890,0.000000000,0.000000000,0.401874985,0.000000000,0.000000000,9.800000000,0.973346183,0.000000000,0.000000000,0.229340811
0.691666556,0.000000000,0.000000000,0.401874985,0.000000000,0.000000000,9.800000000,0.973153829,0.000000000,0.000000000,0.230155655
0.695833222,0.000000000,0.000000000,0.387708401,-0.000000000,0.000000000,9.800000000,0.972967609,0.000000000,0.000000000,0.230941621
0.704166554,0.000000000,0.000000000,0.387708401,0.000000000,0.000000000,9.800000000,0.972593264,0.000000000,0.000000000,0.232513101
0.708333220,0.000000000,0.000000000,0.373392348,0.000000000,0.000000000,9.800000000,0.972412098,0.000000000,0.000000000,0.233269611
0.712499886,0.000000000,0.000000000,0.373392348,0.000000000,0.000000000,9.800000000,0.972230343,0.000000000,0.000000000,0.234025980
0.716666552,0.000000000,0.000000000,0.373392348,0.000000000,0.000000000,9.800000000,0.972048000,0.000000000,0.000000000,0.234782208
0.720833218,0.000000000,0.000000000,0.358932346,0.000000000,0.000000000,9.800000000,0.971872164,0.000000000,0.000000000,0.235509016
0.729166550,0.000000000,0.000000000,0.358932346,0.000000000,0.000000000,9.800000000,0.971518862,0.000000000,0.000000000,0.236962237
0.733333216,0.000000000,0.000000000,0.344333968,0.000000000,0.000000000,9.800000000,0.971348624,0.000000000,0.000000000,0.237659107
0.737499882,0.000000000,0.000000000,0.344333968,0.000000000,0.000000000,9.800000000,0.971177886,0.000000000,0.000000000,0.238355854
0.741666548,0.000000000,0.000000000,0.344333968,0.000000000,0.000000000,9.800000000,0.971006649,0.000000000,0.000000000,0.239052480
0.745833214,0.000000000,0.000000000,0.329602844,0.000000000,0.000000000,9.800000000,0.970842269,0.000000000,0.000000000,0.239719187
0.754166546,0.000000000,0.000000000,0.329602844,0.000000000,0.000000000,9.800000000,0.970512137,0.000000000,0.000000000,0.241052262
0.758333212,0.000000000,0.000000000,0.314744651,0.000000000,0.000000000,9.800000000,0.970353866,0.000000000,0.000000000,0.241688592
0.762499878,0.000000000,0.000000000,0.314744651,0.000000000,0.000000000,9.800000000,0.970195178,0.000000000,0.000000000,0.242324818
0.766666544,0.000000000,0.000000000,0.314744651,0.000000000,0.000000000,9.800000000,0.970036072,0.000000000,0.000000000,0.242960940
0.770833210,0.000000000,0.000000000,0.299765118,-0.000000000,0.000000000,9.800000000,0.969884151,0.000000000,0.000000000,0.243566691
0.779166542,0.000000000,0.000000000,0.299765118,0.000000000,0.000000000,9.800000000,0.969579175,0.000000000,0.000000000,0.244777906
0.783333208,0.000000000,0.000000000,0.284670019,0.000000000,-0.000000000,9.800000000,0.969433836,0.000000000,0.000000000,0.245352884
0.787499874,0.000000000,0.000000000,0.284670019,0.000000000,0.000000000,9.800000000,0.969288156,0.000000000,0.000000000,0.245927776
0.791666540,0.000000000,0.000000000,0.284670019,0.000000000,0.000000000,9.800000000,0.969142135,0.000000000,0.000000000,0.246502581
0.795833206,0.000000000,0.000000000,0.269465176,-0.000000000,0.000000000,9.800000000,0.969003599,0.000000000,0.000000000,0.247046605
0.804166538,0.000000000,0.000000000,0.269465176,-0.000000000,-0.000000000,9.800000000,0.968725612,0.000000000,0.000000000,0.248134418
0.808333204,0.000000000,0.000000000,0.254156448,0.000000000,0.000000000,9.800000000,0.968594090,0.000000000,0.000000000,0.248647316
0.812499870,0.000000000,0.000000000,0.254156448,0.000000000,0.000000000,9.800000000,0.968462298,0.000000000,0.000000000,0.249160145
0.816666536,0.000000000,0.000000000,0.254156448,0.000000000,0.000000000,9.800000000,0.968330234,0.000000000,0.000000000,0.249672903
0.820833202,0.000000000,0.000000000,0.238749738,0.000000000,-0.000000000,9.800000000,0.968205928,0.000000000,0.000000000,0.250154515
0.829166534,0.000000000,0.000000000,0.238749738,0.000000000,-0.000000000,9.800000000,0.967956597,0.000000000,0.000000000,0.251117554
0.833333200,0.000000000,0.000000000,0.223250986,0.000000000,0.000000000,9.800000000,0.967839696,0.000000000,0.000000000,0.251567729
0.837499866,0.000000000,0.000000000,0.223250986,0.000000000,0.000000000,9.800000000,0.967722586,0.000000000,0.000000000,0.252017850
0.841666532,0.000000000,0.000000000,0.223250986,0.000000000,0.000000000,9.800000000,0.967605266,0.000000000,0.000000000,0.252467917
0.845833198,0.000000000,0.000000000,0.207666166,-0.000000000,-0.000000000,9.800000000,0.967495948,0.000000000,0.000000000,0.252886516
0.854166530,0.000000000,0.000000000,0.207666166,0.000000000,-0.000000000,9.800000000,0.967276770,0.000000000,0.000000000,0.253723571
0.858333196,0.000000000,0.000000000,0.192001287,0.000000000,0.000000000,9.800000000,0.967175202,0.000000000,0.000000000,0.254110464
0.862499862,0.000000000,0.000000000,0.192001287,0.000000000,0.000000000,9.800000000,0.967073480,0.000000000,0.000000000,0.254497317
0.866666528,0.000000000,0.000000000,0.192001287,0.000000000,-0.000000000,9.800000000,0.966971603,0.000000000,0.000000000,0.254884128
0.870833194,0.000000000,0.000000000,0.176262388,-0.000000000,-0.000000000,9.800000000,0.966877941,0.000000000,0.000000000,0.255239196
0.879166526,0.000000000,0.000000000,0.176262388,-0.000000000,-0.000000000,9.800000000,0.966690226,0.000000000,0.000000000,0.255949228
0.883333192,0.000000000,0.000000000,0.160455536,-0.000000000,0.000000000,9.800000000,0.966604613,0.000000000,0.000000000,0.256272361
0.887499858,0.000000000,0.000000000,0.160455536,-0.000000000,0.000000000,9.800000000,0.966518891,0.000000000,0.000000000,0.256595466
0.891666524,0.000000000,0.000000000,0.160455536,-0.000000000,-0.000000000,9.800000000,0.966433062,0.000000000,0.000000000,0.256918541
0.895833190,0.000000000,0.000000000,0.144586825,-0.000000000,-0.000000000,9.800000000,0.966355628,0.000000000,0.000000000,0.257209641
0.904166522,0.000000000,0.000000000,0.144586825,-0.000000000,-0.000000000,9.800000000,0.966200498,0.000000000,0.000000000,0.257791771
0.908333188,0.000000000,0.000000000,0.128662374,0.000000000,0.000000000,9.800000000,0.966131363,0.000000000,0.000000000,0.258050748
0.912499854,0.000000000,0.000000000,0.128662374,0.000000000,0.000000000,9.800000000,0.966062159,0.000000000,0.000000000,0.258309707
0.916666520,0.000000000,0.000000000,0.128662374,0.000000000,0.000000000,9.800000000,0.965992885,0.000000000,0.000000000,0.258568647
0.920833186,0.000000000,0.000000000,0.112688321,0.000000000,0.000000000,9.800000000,0.965932155,0.000000000,0.000000000,0.258795424
0.929166518,0.000000000,0.000000000,0.112688321,0.000000000,0.000000000,9.800000000,0.965810535,0.000000000,0.000000000,0.259248934
0.933333184,0.000000000,0.000000000,0.096670824,0.000000000,0.000000000,9.800000000,0.965758304,0.000000000,0.000000000,0.259443441
0.937499850,0.000000000,0.000000000,0.096670824,0.000000000,0.000000000,9.800000000,0.965706033,0.000000000,0.000000000,0.259637937
0.941666516,0.000000000,0.000000000,0.096670824,0.000000000,0.000000000,9.800000000,0.965653723,0.000000000,0.000000000,0.259832422
0.945833182,0.000000000,0.000000000,0.080616059,0.000000000,0.000000000,9.800000000,0.965610070,0.000000000,0.000000000,0.259994600
0.954166514,0.000000000,0.000000000,0.080616059,0.000000000,-0.000000000,9.800000000,0.965522684,0.000000000,0.000000000,0.260318934
0.958333180,0.000000000,0.000000000,0.064530215,0.000000000,0.000000000,9.800000000,0.965487678,0.000000000,0.000000000,0.260448735
0.962499846,0.000000000,0.000000000,0.064530215,-0.000000000,0.000000000,9.800000000,0.965452655,0.000000000,0.000000000,0.260578530
0.966666512,0.000000000,0.000000000,0.064530215,-0.000000000,0.000000000,9.800000000,0.965417615,0.000000000,0.000000000,0.260708321
0.970833178,0.000000000,0.000000000,0.048419494,-0.000000000,0.000000000,9.800000000,0.965391311,0.000000000,0.000000000,0.260805706
0.979166510,0.000000000,0.000000000,0.048419494,-0.000000000,-0.000000000,9.800000000,0.965338675,0.000000000,0.000000000,0.261000466
0.983333176,0.000000000,0.000000000,0.032290106,0.000000000,0.000000000,9.800000000,0.965321115,0.000000000,0.000000000,0.261065405
0.987499842,0.000000000,0.000000000,0.032290106,0.000000000,0.000000000,9.800000000,0.965303550,0.000000000,0.000000000,0.261130342
0.991666508,0.000000000,0.000000000,0.032290106,0.000000000,0.000000000,9.800000000,0.965285982,0.000000000,0.000000000,0.261195279
0.995833174,0.000000000,0.000000000,0.016148269,0.000000000,0.000000000,9.800000000,0.965277194,0.000000000,0.000000000,0.261227753
1.004166506,0.000000000,0.000000000,0.016148269,0.000000000,-0.000000000,9.800000000,0.965259615,0.000000000,0.000000000,0.261292700
1.008333172,0.000000000,0.000000000,0.000000207,-0.000000000,-0.000000000,9.800000000,0.965259615,0.000000000,0.000000000,0.261292701
1.012499838,0.000000000,0.000000000,0.000000207,-0.000000000,0.000000000,9.800000000,0.965259615,0.000000000,0.000000000,0.261292701
1.016666504,0.000000000,0.000000000,0.000000207,-0.000000000,0.000000000,9.800000000,0.965259615,0.000000000,0.000000000,0.261292702
1.020833170,0.000000000,0.000000000,-0.016147856,-0.000000000,0.000000000,9.800000000,0.965268405,0.000000000,0.000000000,0.261260229
1.029166502,0.000000000,0.000000000,-0.016147856,-0.000000000,0.000000000,9.800000000,0.965285981,0.000000000,0.000000000,0.261195282
1.033333168,0.000000000,0.000000000,-0.032289692,0.000000000,0.000000000,9.800000000,0.965303549,0.000000000,0.000000000,0.261130347
1.037499834,0.000000000,0.000000000,-0.032289692,0.000000000,0.000000000,9.800000000,0.965321113,0.000000000,0.000000000,0.261065410
1.041666500,0.000000000,0.000000000,-0.032289692,0.000000000,0.000000000,9.800000000,0.965338673,0.000000000,0.000000000,0.261000472
1.045833166,0.000000000,0.000000000,-0.048419081,0.000000000,0.000000000,9.800000000,0.965364996,0.000000000,0.000000000,0.260903094
1.054166498,0.000000000,0.000000000,-0.048419081,0.000000000,0.000000000,9.800000000,0.965417613,0.000000000,0.000000000,0.260708330
1.058333164,0.000000000,0.000000000,-0.064529803,0.000000000,0.000000000,9.800000000,0.965452653,0.000000000,0.000000000,0.260578540
1.062499830,0.000000000,0.000000000,-0.064529803,0.000000000,0.000000000,9.800000000,0.965487675,0.000000000,0.000000000,0.260448745
1.066666496,0.000000000,0.000000000,-0.064529803,-0.000000000,0.000000000,9.800000000,0.965522681,0.000000000,0.000000000,0.260318945
1.070833162,0.000000000,0.000000000,-0.080615648,0.000000000,0.000000000,9.800000000,0.965566387,0.000000000,0.000000000,0.260156783
1.079166494,0.000000000,0.000000000,-0.080615648,0.000000000,0.000000000,9.800000000,0.965653719,0.000000000,0.000000000,0.259832436
1.083333160,0.000000000,0.000000000,-0.096670414,0.000000000,-0.000000000,9.800000000,0.965706029,0.000000000,0.000000000,0.259637951
1.087499826,0.000000000,0.000000000,-0.096670414,0.000000000,-0.000000000,9.800000000,0.965758300,0.000000000,0.000000000,0.259443456
1.091666492,0.000000000,0.000000000,-0.096670414,0.000000000,-0.000000000,9.800000000,0.965810531,0.000000000,0.000000000,0.259248950
1.095833158,0.000000000,0.000000000,-0.112687912,0.000000000,-0.000000000,9.800000000,0.965871367,0.000000000,0.000000000,0.259022203
1.104166490,0.000000000,0.000000000,-0.112687912,0.000000000,0.000000000,9.800000000,0.965992880,0.000000000,0.000000000,0.258568666
1.108333156,0.000000000,0.000000000,-0.128661966,0.000000000,-0.000000000,9.800000000,0.966062154,0.000000000,0.000000000,0.258309727
1.112499822,0.000000000,0.000000000,-0.128661966,0.000000000,-0.000000000,9.800000000,0.966131358,0.000000000,0.000000000,0.258050768
1.116666488,0.000000000,0.000000000,-0.128661966,0.000000000,-0.000000000,9.800000000,0.966200493,0.000000000,0.000000000,0.257791792
1.120833154,0.000000000,0.000000000,-0.144586418,0.000000000,0.000000000,9.800000000,0.966278101,0.000000000,0.000000000,0.257500740
1.129166486,0.000000000,0.000000000,-0.144586418,0.000000000,0.000000000,9.800000000,0.966433056,0.000000000,0.000000000,0.256918565
1.133333152,0.000000000,0.000000000,-0.160455130,0.000000000,0.000000000,9.800000000,0.966518885,0.000000000,0.000000000,0.256595490
1.137499818,0.000000000,0.000000000,-0.160455130,0.000000000,-0.000000000,9.800000000,0.966604606,0.000000000,0.000000000,0.256272386
1.141666484,0.000000000,0.000000000,-0.160455130,0.000000000,-0.000000000,9.800000000,0.966690219,0.000000000,0.000000000,0.255949254
1.145833150,0.000000000,0.000000000,-0.176261984,0.000000000,0.000000000,9.800000000,0.966784142,0.000000000,0.000000000,0.255594256
1.154166482,0.000000000,0.000000000,-0.176261984,0.000000000,0.000000000,9.800000000,0.966971596,0.000000000,0.000000000,0.254884157
1.158333148,0.000000000,0.000000000,-0.192000885,-0.000000000,0.000000000,9.800000000,0.967073472,0.000000000,0.000000000,0.254497346
1.162499814,0.000000000,0.000000000,-0.192000885,-0.000000000,0.000000000,9.800000000,0.967175194,0.000000000,0.000000000,0.254110495
1.166666480,0.000000000,0.000000000,-0.192000885,-0.000000000,0.000000000,9.800000000,0.967276762,0.000000000,0.000000000,0.253723602
1.170833146,0.000000000,0.000000000,-0.207665766,0.000000000,0.000000000,9.800000000,0.967386441,0.000000000,0.000000000,0.253305099
1.179166478,0.000000000,0.000000000,-0.207665766,0.000000000,0.000000000,9.800000000,0.967605257,0.000000000,0.000000000,0.252467950
1.183333144,0.000000000,0.000000000,-0.223250588,0.000000000,0.000000000,9.800000000,0.967722577,0.000000000,0.000000000,0.252017884
1.187499810,0.000000000,0.000000000,-0.223250588,0.000000000,0.000000000,9.800000000,0.967839687,0.000000000,0.000000000,0.251567764
1.191666476,0.000000000,0.000000000,-0.223250588,0.000000000,0.000000000,9.800000000,0.967956588,0.000000000,0.000000000,0.251117589
1.195833142,0.000000000,0.000000000,-0.238749342,-0.000000000,0.000000000,9.800000000,0.968081373,0.000000000,0.000000000,0.250636102
1.204166474,0.000000000,0.000000000,-0.238749342,-0.000000000,0.000000000,9.800000000,0.968330224,0.000000000,0.000000000,0.249672942
1.208333140,0.000000000,0.000000000,-0.254156055,-0.000000000,0.000000000,9.800000000,0.968462288,0.000000000,0.000000000,0.249160184
1.212499806,0.000000000,0.000000000,-0.254156055,0.000000000,0.000000000,9.800000000,0.968594080,0.000000000,0.000000000,0.248647356
1.216666472,0.000000000,0.000000000,-0.254156055,0.000000000,0.000000000,9.800000000,0.968725601,0.000000000,0.000000000,0.248134459
1.220833138,0.000000000,0.000000000,-0.269464785,-0.000000000,0.000000000,9.800000000,0.968864747,0.000000000,0.000000000,0.247590592
1.229166470,0.000000000,0.000000000,-0.269464785,-0.000000000,0.000000000,9.800000000,0.969142124,0.000000000,0.000000000,0.246502624
1.233333136,0.000000000,0.000000000,-0.284669632,-0.000000000,0.000000000,9.800000000,0.969288145,0.000000000,0.000000000,0.245927820
1.237499802,0.000000000,0.000000000,-0.284669632,-0.000000000,0.000000000,9.800000000,0.969433825,0.000000000,0.000000000,0.245352929
1.241666468,0.000000000,0.000000000,-0.284669632,0.000000000,0.000000000,9.800000000,0.969579164,0.000000000,0.000000000,0.244777952
1.245833134,0.000000000,0.000000000,-0.299764733,0.000000000,-0.000000000,9.800000000,0.969731841,0.000000000,0.000000000,0.244172392
1.254166466,0.000000000,0.000000000,-0.299764733,0.000000000,-0.000000000,9.800000000,0.970036060,0.000000000,0.000000000,0.242960988
1.258333132,0.000000000,0.000000000,-0.314744269,0.000000000,0.000000000,9.800000000,0.970195165,0.000000000,0.000000000,0.242324867
1.262499798,0.000000000,0.000000000,-0.314744269,0.000000000,0.000000000,9.800000000,0.970353853,0.000000000,0.000000000,0.241688641
1.266666464,0.000000000,0.000000000,-0.314744269,0.000000000,0.000000000,9.800000000,0.970512124,0.000000000,0.000000000,0.241052312
1.270833130,0.000000000,0.000000000,-0.329602465,0.000000000,-0.000000000,9.800000000,0.970677419,0.000000000,0.000000000,0.240385832
1.279166462,0.000000000,0.000000000,-0.329602465,0.000000000,-0.000000000,9.800000000,0.971006636,0.000000000,0.000000000,0.239052532
1.283333128,0.000000000,0.000000000,-0.344333593,-0.000000000,0.000000000,9.800000000,0.971177873,0.000000000,0.000000000,0.238355908
1.287499794,0.000000000,0.000000000,-0.344333593,0.000000000,0.000000000,9.800000000,0.971348611,0.000000000,0.000000000,0.237659161
1.291666460,0.000000000,0.000000000,-0.344333593,0.000000000,0.000000000,9.800000000,0.971518848,0.000000000,0.000000000,0.236962291
1.295833126,0.000000000,0.000000000,-0.358931974,0.000000000,-0.000000000,9.800000000,0.971695771,0.000000000,0.000000000,0.236235748
1.304166458,0.000000000,0.000000000,-0.358931974,0.000000000,-0.000000000,9.800000000,0.972047986,0.000000000,0.000000000,0.234782265
1.308333124,0.000000000,0.000000000,-0.373391980,0.000000000,-0.000000000,9.800000000,0.972230329,0.000000000,0.000000000,0.234026038
1.312499790,0.000000000,0.000000000,-0.373391980,0.000000000,-0.000000000,9.800000000,0.972412084,0.000000000,0.000000000,0.233269670
1.316666456,0.000000000,0.000000000,-0.373391980,0.000000000,-0.000000000,9.800000000,0.972593250,0.000000000,0.000000000,0.232513160
1.320833122,0.000000000,0.000000000,-0.387708036,0.000000000,0.000000000,9.800000000,0.972780740,0.000000000,0.000000000,0.231727496
1.329166454,0.000000000,0.000000000,-0.387708036,-0.000000000,0.000000000,9.800000000,0.973153814,0.000000000,0.000000000,0.230155716
1.333333120,0.000000000,0.000000000,-0.401874624,0.000000000,-0.000000000,9.800000000,0.973346169,0.000000000,0.000000000,0.229340873
1.337499786,0.000000000,0.000000000,-0.401874624,0.000000000,0.000000000,9.800000000,0.973537840,0.000000000,0.000000000,0.228525870
1.341666452,0.000000000,0.000000000,-0.401874624,0.000000000,0.000000000,9.800000000,0.973728830,0.000000000,0.000000000,0.227710707
1.345833118,0.000000000,0.000000000,-0.415886281,0.000000000,0.000000000,9.800000000,0.973925760,0.000000000,0.000000000,0.226866954
1.354166450,0.000000000,0.000000000,-0.415886281,0.000000000,0.000000000,9.800000000,0.974317426,0.000000000,0.000000000,0.225178938
1.358333116,0.000000000,0.000000000,-0.429737607,0.000000000,0.000000000,9.800000000,0.974518635,0.000000000,0.000000000,0.224306554
1.362499782,0.000000000,0.000000000,-0.429737607,0.000000000,0.000000000,9.800000000,0.974719063,0.000000000,0.000000000,0.223433991
1.366666448,0.000000000,0.000000000,-0.429737607,0.000000000,0.000000000,9.800000000,0.974918710,0.000000000,0.000000000,0.222561249
1.370833114,0.000000000,0.000000000,-0.443423260,-0.000000000,0.000000000,9.800000000,0.975123895,0.000000000,0.000000000,0.221660526
1.379166446,0.000000000,0.000000000,-0.443423260,-0.000000000,0.000000000,9.800000000,0.975531770,0.000000000,0.000000000,0.219858513
1.383333112,0.000000000,0.000000000,-0.456937965,0.000000000,0.000000000,9.800000000,0.975740623,0.000000000,0.000000000,0.218929752
1.387499778,0.000000000,0.000000000,-0.456937965,0.000000000,0.000000000,9.800000000,0.975948592,0.000000000,0.000000000,0.218000793
1.391666444,0.000000000,0.000000000,-0.456937965,0.000000000,0.000000000,9.800000000,0.976155677,0.000000000,0.000000000,0.217071636
1.395833110,0.000000000,0.000000000,-0.470276512,0.000000000,0.000000000,9.800000000,0.976367882,0.000000000,0.000000000,0.216115151
1.404166442,0.000000000,0.000000000,-0.470276512,0.000000000,0.000000000,9.800000000,0.976789482,0.000000000,0.000000000,0.214201559
1.408333108,0.000000000,0.000000000,-0.483433759,0.000000000,0.000000000,9.800000000,0.977004720,0.000000000,0.000000000,0.213217673
1.412499774,0.000000000,0.000000000,-0.483433759,0.000000000,0.000000000,9.800000000,0.977218968,0.000000000,0.000000000,0.212233572
1.416666440,0.000000000,0.000000000,-0.483433759,0.000000000,0.000000000,9.800000000,0.977432224,0.000000000,0.000000000,0.211249255
1.420833106,0.000000000,0.000000000,-0.496404632,0.000000000,0.000000000,9.800000000,0.977650170,0.000000000,0.000000000,0.210238305
1.429166438,0.000000000,0.000000000,-0.496404632,0.000000000,0.000000000,9.800000000,0.978082925,0.000000000,0.000000000,0.208215732
1.433333104,0.000000000,0.000000000,-0.509184133,-0.000000000,-0.000000000,9.800000000,0.978303250,0.000000000,0.000000000,0.207178064
1.437499770,0.000000000,0.000000000,-0.509184133,-0.000000000,0.000000000,9.800000000,0.978522474,0.000000000,0.000000000,0.206140164
1.441666436,0.000000000,0.000000000,-0.509184133,-0.000000000,0.000000000,9.800000000,0.978740597,0.000000000,0.000000000,0.205102031
1.445833102,0.000000000,0.000000000,-0.521767333,-0.000000000,0.000000000,9.800000000,0.978962968,0.000000000,0.000000000,0.204038004
1.454166434,0.000000000,0.000000000,-0.521767333,0.000000000,0.000000000,9.800000000,0.979404239,0.000000000,0.000000000,0.201909229
1.458333100,0.000000000,0.000000000,-0.534149382,-0.000000000,0.000000000,9.800000000,0.979628319,0.000000000,0.000000000,0.200819212
1.462499766,0.000000000,0.000000000,-0.534149382,0.000000000,0.000000000,9.800000000,0.979851187,0.000000000,0.000000000,0.199728947
1.466666432,0.000000000,0.000000000,-0.534149382,0.000000000,0.000000000,9.800000000,0.980072840,0.000000000,0.000000000,0.198638434
1.470833098,0.000000000,0.000000000,-0.534149382,-0.000000000,0.000000000,9.800000000,0.980293281,0.000000000,0.000000000,0.197547675
1.479166430,0.000000000,0.000000000,-0.546325506,0.000000000,-0.000000000,9.800000000,0.980740429,0.000000000,0.000000000,0.195315669
1.483333096,0.000000000,0.000000000,-0.558291012,0.000000000,-0.000000000,9.800000000,0.980966939,0.000000000,0.000000000,0.194174832
1.487499762,0.000000000,0.000000000,-0.558291012,0.000000000,-0.000000000,9.800000000,0.981192121,0.000000000,0.000000000,0.193033732
1.491666428,0.000000000,0.000000000,-0.558291012,0.000000000,-0.000000000,9.800000000,0.981415976,0.000000000,0.000000000,0.191892372
1.495833094,0.000000000,0.000000000,-0.570041285,0.000000000,-0.000000000,9.800000000,0.981643172,0.000000000,0.000000000,0.190726721
1.504166426,0.000000000,0.000000000,-0.570041285,0.000000000,-0.000000000,9.800000000,0.982093412,0.000000000,0.000000000,0.188394614
1.508333092,0.000000000,0.000000000,-0.581571797,-0.000000000,-0.000000000,9.800000000,0.982320951,0.000000000,0.000000000,0.187204564
1.512499758,0.000000000,0.000000000,-0.581571797,0.000000000,-0.000000000,9.800000000,0.982547049,0.000000000,0.000000000,0.186014239
1.516666424,0.000000000,0.000000000,-0.581571797,0.000000000,0.000000000,9.800000000,0.982771704,0.000000000,0.000000000,0.184823641
1.520833090,0.000000000,0.000000000,-0.592878103,0.000000000,0.000000000,9.800000000,0.982999241,0.000000000,0.000000000,0.183609618
1.529166422,0.000000000,0.000000000,-0.592878103,0.000000000,0.000000000,9.800000000,0.983449817,0.000000000,0.000000000,0.181180733
1.533333088,0.000000000,0.000000000,-0.603955842,0.000000000,-0.000000000,9.800000000,0.983677007,0.000000000,0.000000000,0.179943172
1.537499754,0.000000000,0.000000000,-0.603955842,0.000000000,-0.000000000,9.800000000,0.983902640,0.000000000,0.000000000,0.178705327
1.541666420,0.000000000,0.000000000,-0.603955842,0.000000000,-0.000000000,9.800000000,0.984126716,0.000000000,0.000000000,0.177467200
1.545833086,0.000000000,0.000000000,-0.614800745,0.000000000,0.000000000,9.800000000,0.984353215,0.000000000,0.000000000,0.176206551
1.554166418,0.000000000,0.000000000,-0.614800745,-0.000000000,0.000000000,9.800000000,0.984801367,0.000000000,0.000000000,0.173684388
1.558333084,0.000000000,0.000000000,-0.625408631,0.000000000,0.000000000,9.800000000,0.985026831,0.000000000,0.000000000,0.172401109
1.562499750,0.000000000,0.000000000,-0.625408631,-0.000000000,-0.000000000,9.800000000,0.985250622,0.000000000,0.000000000,0.171117538
1.566666416,0.000000000,0.000000000,-0.625408631,0.000000000,0.000000000,9.800000000,0.985472741,0.000000000,0.000000000,0.169833676
1.570833082,0.000000000,0.000000000,-0.635775409,0.000000000,0.000000000,9.800000000,0.985696826,0.000000000,0.000000000,0.168528237
1.579166414,0.000000000,0.000000000,-0.635775409,0.000000000,0.000000000,9.800000000,0.986139809,0.000000000,0.000000000,0.165916475
1.583333080,0.000000000,0.000000000,-0.645897085,-0.000000000,-0.000000000,9.800000000,0.986362177,0.000000000,0.000000000,0.164589357
1.587499746,0.000000000,0.000000000,-0.645897085,-0.000000000,-0.000000000,9.800000000,0.986582758,0.000000000,0.000000000,0.163261941
1.591666412,0.000000000,0.000000000,-0.645897085,-0.000000000,-0.000000000,9.800000000,0.986801553,0.000000000,0.000000000,0.161934230
1.595833078,0.000000000,0.000000000,-0.655769755,-0.000000000,0.000000000,9.800000000,0.987021865,0.000000000,0.000000000,0.160585924
1.604166410,0.000000000,0.000000000,-0.655769755,-0.000000000,0.000000000,9.800000000,0.987456960,0.000000000,0.000000000,0.157888415
1.608333076,0.000000000,0.000000000,-0.665389613,0.000000000,-0.000000000,9.800000000,0.987674881,0.000000000,0.000000000,0.156519423
1.612499742,0.000000000,0.000000000,-0.665389613,0.000000000,0.000000000,9.800000000,0.987890903,0.000000000,0.000000000,0.155150131
1.616666408,0.000000000,0.000000000,-0.665389613,0.000000000,0.000000000,9.800000000,0.988105028,0.000000000,0.000000000,0.153780540
1.620833074,0.000000000,0.000000000,-0.674752951,0.000000000,-0.000000000,9.800000000,0.988320226,0.000000000,0.000000000,0.152391374
1.629166406,0.000000000,0.000000000,-0.674752951,0.000000000,0.000000000,9.800000000,0.988744763,0.000000000,0.000000000,0.149612143
1.633333072,0.000000000,0.000000000,-0.683856159,-0.000000000,0.000000000,9.800000000,0.988956912,0.000000000,0.000000000,0.148203327
1.637499738,0.000000000,0.000000000,-0.683856159,0.000000000,0.000000000,9.800000000,0.989167054,0.000000000,0.000000000,0.146794210
1.641666404,0.000000000,0.000000000,-0.683856159,-0.000000000,0.000000000,9.800000000,0.989375187,0.000000000,0.000000000,0.145384795
1.645833070,0.000000000,0.000000000,-0.692695727,0.000000000,0.000000000,9.800000000,0.989583964,0.000000000,0.000000000,0.143956861
1.654166402,0.000000000,0.000000000,-0.692695727,0.000000000,0.000000000,9.800000000,0.989995335,0.000000000,0.000000000,0.141100097
1.658333068,0.000000000,0.000000000,-0.701268248,0.000000000,-0.000000000,9.800000000,0.990200422,0.000000000,0.000000000,0.139653588
1.662499734,0.000000000,0.000000000,-0.701268248,0.000000000,-0.000000000,9.800000000,0.990403395,0.000000000,0.000000000,0.138206781
1.666666400,0.000000000,0.000000000,-0.701268248,0.000000000,-0.000000000,9.800000000,0.990604255,0.000000000,0.000000000,0.136759679
1.670833066,0.000000000,0.000000000,-0.709570417,0.000000000,0.000000000,9.800000000,0.990805341,0.000000000,0.000000000,0.135295148
1.679166398,0.000000000,0.000000000,-0.709570417,-0.000000000,0.000000000,9.800000000,0.991201015,0.000000000,0.000000000,0.132365203
1.683333064,0.000000000,0.000000000,-0.717599033,-0.000000000,-0.000000000,9.800000000,0.991397793,0.000000000,0.000000000,0.130883212
1.687499730,0.000000000,0.000000000,-0.717599033,-0.000000000,-0.000000000,9.800000000,0.991592356,0.000000000,0.000000000,0.129400929
1.691666396,0.000000000,0.000000000,-0.717599033,-0.000000000,0.000000000,9.800000000,0.991784701,0.000000000,0.000000000,0.127918357
1.695833062,0.000000000,0.000000000,-0.725351002,-0.000000000,-0.000000000,9.800000000,0.991976873,0.000000000,0.000000000,0.126419478
1.704166394,0.000000000,0.000000000,-0.725351002,-0.000000000,-0.000000000,9.800000000,0.992354418,0.000000000,0.000000000,0.123420858
1.708333060,0.000000000,0.000000000,-0.732823333,0.000000000,-0.000000000,9.800000000,0.992541690,0.000000000,0.000000000,0.121905672
1.712499726,0.000000000,0.000000000,-0.732823333,0.000000000,-0.000000000,9.800000000,0.992726649,0.000000000,0.000000000,0.120390203
1.716666392,0.000000000,0.000000000,-0.732823333,0.000000000,0.000000000,9.800000000,0.992909293,0.000000000,0.000000000,0.118874452
1.720833058,0.000000000,0.000000000,-0.740013148,0.000000000,0.000000000,9.800000000,0.993091381,0.000000000,0.000000000,0.117343549
1.729166390,0.000000000,0.000000000,-0.740013148,0.000000000,0.000000000,9.800000000,0.993448475,0.000000000,0.000000000,0.114280911
1.733333056,0.000000000,0.000000000,-0.746917673,-0.000000000,-0.000000000,9.800000000,0.993625103,0.000000000,0.000000000,0.112734889
1.737499722,0.000000000,0.000000000,-0.746917673,-0.000000000,-0.000000000,9.800000000,0.993799324,0.000000000,0.000000000,0.111188595
1.741666388,0.000000000,0.000000000,-0.746917673,-0.000000000,-0.000000000,9.800000000,0.993971139,0.000000000,0.000000000,0.109642032
1.745833054,0.000000000,0.000000000,-0.753534247,-0.000000000,-0.000000000,9.800000000,0.994142037,0.000000000,0.000000000,0.108081499
1.754166386,0.000000000,0.000000000,-0.753534247,-0.000000000,-0.000000000,9.800000000,0.994476483,0.000000000,0.000000000,0.104959638
1.758333052,0.000000000,0.000000000,-0.759860320,-0.000000000,0.000000000,9.800000000,0.994641392,0.000000000,0.000000000,0.103385209
1.762499718,0.000000000,0.000000000,-0.759860320,-0.000000000,0.000000000,9.800000000,0.994803809,0.000000000,0.000000000,0.101810521
1.766666384,0.000000000,0.000000000,-0.759860320,-0.000000000,0.000000000,9.800000000,0.994963732,0.000000000,0.000000000,0.100235578
1.770833050,0.000000000,0.000000000,-0.765893452,0.000000000,0.000000000,9.800000000,0.995122403,0.000000000,0.000000000,0.098647876
1.779166382,0.000000000,0.000000000,-0.765893452,-0.000000000,0.000000000,9.800000000,0.995432142,0.000000000,0.000000000,0.095471722
1.783333048,0.000000000,0.000000000,-0.771631318,0.000000000,0.000000000,9.800000000,0.995584333,0.000000000,0.000000000,0.093871378
1.787499714,0.000000000,0.000000000,-0.771631318,0.000000000,0.000000000,9.800000000,0.995733951,0.000000000,0.000000000,0.092270791
1.791666380,0.000000000,0.000000000,-0.771631318,0.000000000,0.000000000,9.800000000,0.995880996,0.000000000,0.000000000,0.090669965
1.795833046,0.000000000,0.000000000,-0.777071705,0.000000000,-0.000000000,9.800000000,0.996026476,0.000000000,0.000000000,0.089057616
1.804166378,0.000000000,0.000000000,-0.777071705,-0.000000000,-0.000000000,9.800000000,0.996309605,0.000000000,0.000000000,0.085832222
1.808333044,0.000000000,0.000000000,-0.782212517,0.000000000,0.000000000,9.800000000,0.996448155,0.000000000,0.000000000,0.084208514
1.812499710,0.000000000,0.000000000,-0.782212517,-0.000000000,0.000000000,9.800000000,0.996584059,0.000000000,0.000000000,0.082584581
1.816666376,0.000000000,0.000000000,-0.782212517,-0.000000000,0.000000000,9.800000000,0.996717316,0.000000000,0.000000000,0.080960430
1.820833042,0.000000000,0.000000000,-0.787051770,0.000000000,0.000000000,9.800000000,0.996848727,0.000000000,0.000000000,0.079326014
1.829166374,0.000000000,0.000000000,-0.787051770,0.000000000,0.000000000,9.800000000,0.997103506,0.000000000,0.000000000,0.076056545
1.833333040,0.000000000,0.000000000,-0.787051770,-0.000000000,0.000000000,9.800000000,0.997226875,0.000000000,0.000000000,0.074421502
1.837499706,0.000000000,0.000000000,-0.791587601,0.000000000,0.000000000,9.800000000,0.997348250,0.000000000,0.000000000,0.072776834
1.841666372,0.000000000,0.000000000,-0.791587601,0.000000000,0.000000000,9.800000000,0.997466913,0.000000000,0.000000000,0.071131969
1.845833038,0.000000000,0.000000000,-0.795818259,0.000000000,0.000000000,9.800000000,0.997583476,0.000000000,0.000000000,0.069478117
1.854166370,0.000000000,0.000000000,-0.795818259,0.000000000,0.000000000,9.800000000,0.997808374,0.000000000,0.000000000,0.066169845
1.858333036,0.000000000,0.000000000,-0.799742115,0.000000000,-0.000000000,9.800000000,0.997917237,0.000000000,0.000000000,0.064507277
1.862499702,0.000000000,0.000000000,-0.799742115,-0.000000000,-0.000000000,9.800000000,0.998023329,0.000000000,0.000000000,0.062844529
1.866666368,0.000000000,0.000000000,-0.799742115,0.000000000,-0.000000000,9.800000000,0.998126651,0.000000000,0.000000000,0.061181607
1.870833034,0.000000000,0.000000000,-0.803357654,-0.000000000,0.000000000,9.800000000,0.998227650,0.000000000,0.000000000,0.059510996
1.879166366,0.000000000,0.000000000,-0.803357654,-0.000000000,0.000000000,9.800000000,0.998421260,0.000000000,0.000000000,0.056169278
1.883333032,0.000000000,0.000000000,-0.806663484,0.000000000,-0.000000000,9.800000000,0.998514245,0.000000000,0.000000000,0.054491304
1.887499698,0.000000000,0.000000000,-0.806663484,0.000000000,-0.000000000,9.800000000,0.998604410,0.000000000,0.000000000,0.052813176
1.891666364,0.000000000,0.000000000,-0.806663484,0.000000000,-0.000000000,9.800000000,0.998691755,0.000000000,0.000000000,0.051134899
1.895833030,0.000000000,0.000000000,-0.809658330,0.000000000,-0.000000000,9.800000000,0.998776588,0.000000000,0.000000000,0.049450246
1.904166362,0.000000000,0.000000000,-0.809658330,0.000000000,-0.000000000,9.800000000,0.998937729,0.000000000,0.000000000,0.046080522
1.908333028,0.000000000,0.000000000,-0.812341038,0.000000000,0.000000000,9.800000000,0.999014284,0.000000000,0.000000000,0.044389878
1.912499694,0.000000000,0.000000000,-0.812341038,0.000000000,0.000000000,9.800000000,0.999087977,0.000000000,0.000000000,0.042699106
1.916666360,0.000000000,0.000000000,-0.812341038,0.000000000,0.000000000,9.800000000,0.999158809,0.000000000,0.000000000,0.041008213
1.920833026,0.000000000,0.000000000,-0.814710573,-0.000000000,0.000000000,9.800000000,0.999226974,0.000000000,0.000000000,0.039312269
1.929166358,0.000000000,0.000000000,-0.814710573,-0.000000000,0.000000000,9.800000000,0.999354667,0.000000000,0.000000000,0.035920046
1.933333024,0.000000000,0.000000000,-0.816766021,0.000000000,-0.000000000,9.800000000,0.999414342,0.000000000,0.000000000,0.034219497
1.937499690,0.000000000,0.000000000,-0.816766021,0.000000000,-0.000000000,9.800000000,0.999471122,0.000000000,0.000000000,0.032518850
1.941666356,0.000000000,0.000000000,-0.816766021,0.000000000,-0.000000000,9.800000000,0.999525009,0.000000000,0.000000000,0.030818108
1.945833022,0.000000000,0.000000000,-0.818506591,0.000000000,0.000000000,9.800000000,0.999576108,0.000000000,0.000000000,0.029113652
1.954166354,0.000000000,0.000000000,-0.818506591,0.000000000,0.000000000,9.800000000,0.999669585,0.000000000,0.000000000,0.025704491
1.958333020,0.000000000,0.000000000,-0.819931610,-0.000000000,-0.000000000,9.800000000,0.999712035,0.000000000,0.000000000,0.023996828
1.962499686,0.000000000,0.000000000,-0.819931610,0.000000000,-0.000000000,9.800000000,0.999751567,0.000000000,0.000000000,0.022289096
1.966666352,0.000000000,0.000000000,-0.819931610,-0.000000000,-0.000000000,9.800000000,0.999788183,0.000000000,0.000000000,0.020581298
1.970833018,0.000000000,0.000000000,-0.821040531,-0.000000000,0.000000000,9.800000000,0.999821924,0.000000000,0.000000000,0.018871130
1.979166350,0.000000000,0.000000000,-0.821040531,-0.000000000,0.000000000,9.800000000,0.999880632,0.000000000,0.000000000,0.015450634
1.983333016,0.000000000,0.000000000,-0.821832925,0.000000000,0.000000000,9.800000000,0.999905620,0.000000000,0.000000000,0.013738665
1.987499682,0.000000000,0.000000000,-0.821832925,0.000000000,0.000000000,9.800000000,0.999927677,0.000000000,0.000000000,0.012026655
1.991666348,0.000000000,0.000000000,-0.821832925,0.000000000,0.000000000,9.800000000,0.999946803,0.000000000,0.000000000,0.010314611
1.995833014,0.000000000,0.000000000,-0.822308487,0.000000000,-0.000000000,9.800000000,0.999963006,0.000000000,0.000000000,0.008601545
2.004166346,0.000000000,0.000000000,-0.822308487,0.000000000,0.000000000,9.800000000,0.999986608,0.000000000,0.000000000,0.005175343
2.008333012,0.000000000,0.000000000,-0.822467033,-0.000000000,0.000000000,9.800000000,0.999994008,0.000000000,0.000000000,0.003461887
2.012499678,0.000000000,0.000000000,-0.822467033,-0.000000000,0.000000000,9.800000000,0.999998472,0.000000000,0.000000000,0.001748420
2.016666344,0.000000000,0.000000000,-0.822467033,0.000000000,-0.000000000,9.800000000,0.999999999,0.000000000,0.000000000,0.000034948
2.020833010,0.000000000,0.000000000,-0.822308503,-0.000000000,0.000000000,9.800000000,0.999998592,0.000000000,0.000000000,-0.001678193
2.029166342,0.000000000,0.000000000,-0.822308503,-0.000000000,-0.000000000,9.800000000,0.999986972,0.000000000,0.000000000,-0.005104457
2.033333008,0.000000000,0.000000000,-0.821832958,0.000000000,0.000000000,9.800000000,0.999976767,0.000000000,0.000000000,-0.006816578
2.037499674,0.000000000,0.000000000,-0.821832958,0.000000000,-0.000000000,9.800000000,0.999963630,0.000000000,0.000000000,-0.008528679
2.041666340,0.000000000,0.000000000,-0.821832958,0.000000000,0.000000000,9.800000000,0.999947562,0.000000000,0.000000000,-0.010240755
2.045833006,0.000000000,0.000000000,-0.821040580,-0.000000000,-0.000000000,9.800000000,0.999928582,0.000000000,0.000000000,-0.011951151
2.054166338,0.000000000,0.000000000,-0.821040580,-0.000000000,0.000000000,9.800000000,0.999881846,0.000000000,0.000000000,-0.015371832
2.058333004,0.000000000,0.000000000,-0.819931675,-0.000000000,-0.000000000,9.800000000,0.999854130,0.000000000,0.000000000,-0.017079797
2.062499670,0.000000000,0.000000000,-0.819931675,-0.000000000,-0.000000000,9.800000000,0.999823495,0.000000000,0.000000000,-0.018787713
2.066666336,0.000000000,0.000000000,-0.819931675,0.000000000,-0.000000000,9.800000000,0.999789944,0.000000000,0.000000000,-0.020495574
2.070833002,0.000000000,0.000000000,-0.818506672,-0.000000000,0.000000000,9.800000000,0.999753541,0.000000000,0.000000000,-0.022200407
2.079166334,0.000000000,0.000000000,-0.818506672,-0.000000000,0.000000000,9.800000000,0.999672013,0.000000000,0.000000000,-0.025609875
2.083333000,0.000000000,0.000000000,-0.816766118,-0.000000000,-0.000000000,9.800000000,0.999626988,0.000000000,0.000000000,-0.027310875
2.087499666,0.000000000,0.000000000,-0.816766118,0.000000000,0.000000000,9.800000000,0.999579069,0.000000000,0.000000000,-0.029011795
2.091666332,0.000000000,0.000000000,-0.816766118,-0.000000000,-0.000000000,9.800000000,0.999528256,0.000000000,0.000000000,-0.030712632
2.095832998,0.000000000,0.000000000,-0.814710686,-0.000000000,0.000000000,9.800000000,0.999474687,0.000000000,0.000000000,-0.032409100
2.104166330,0.000000000,0.000000000,-0.814710686,-0.000000000,0.000000000,9.800000000,0.999358912,0.000000000,0.000000000,-0.035801751
2.108332996,0.000000000,0.000000000,-0.812341167,0.000000000,0.000000000,9.800000000,0.999296891,0.000000000,0.000000000,-0.037492991
2.112499662,0.000000000,0.000000000,-0.812341167,0.000000000,-0.000000000,9.800000000,0.999232007,0.000000000,0.000000000,-0.039184124
2.116666328,0.000000000,0.000000000,-0.812341167,0.000000000,0.000000000,9.800000000,0.999164262,0.000000000,0.000000000,-0.040875144
2.120832994,0.000000000,0.000000000,-0.809658476,0.000000000,0.000000000,9.800000000,0.999093893,0.000000000,0.000000000,-0.042560464
2.129166326,0.000000000,0.000000000,-0.809658476,0.000000000,0.000000000,9.800000000,0.998944627,0.000000000,0.000000000,-0.045930735
2.133332992,0.000000000,0.000000000,-0.806663646,0.000000000,-0.000000000,9.800000000,0.998866027,0.000000000,0.000000000,-0.047609445
2.137499658,0.000000000,0.000000000,-0.806663646,0.000000000,-0.000000000,9.800000000,0.998784607,0.000000000,0.000000000,-0.049288020
2.141666324,0.000000000,0.000000000,-0.806663646,-0.000000000,-0.000000000,9.800000000,0.998700366,0.000000000,0.000000000,-0.050966456
2.145832990,0.000000000,0.000000000,-0.803357831,0.000000000,0.000000000,9.800000000,0.998613666,0.000000000,0.000000000,-0.052637871
2.154166322,0.000000000,0.000000000,-0.803357831,0.000000000,0.000000000,9.800000000,0.998431876,0.000000000,0.000000000,-0.055980253
2.158332988,0.000000000,0.000000000,-0.799742308,0.000000000,0.000000000,9.800000000,0.998337220,0.000000000,0.000000000,-0.057643691
2.162499654,0.000000000,0.000000000,-0.799742308,0.000000000,0.000000000,9.800000000,0.998239793,0.000000000,0.000000000,-0.059306969
2.166666320,0.000000000,0.000000000,-0.799742308,0.000000000,0.000000000,9.800000000,0.998139594,0.000000000,0.000000000,-0.060970083
2.170832986,0.000000000,0.000000000,-0.795818468,-0.000000000,-0.000000000,9.800000000,0.998037136,0.000000000,0.000000000,-0.062624869
2.179166318,0.000000000,0.000000000,-0.795818468,-0.000000000,-0.000000000,9.800000000,0.997823992,0.000000000,0.000000000,-0.065933920
2.183332984,0.000000000,0.000000000,-0.791587825,-0.000000000,0.000000000,9.800000000,0.997713900,0.000000000,0.000000000,-0.067579382
2.187499650,0.000000000,0.000000000,-0.791587825,-0.000000000,0.000000000,9.800000000,0.997601096,0.000000000,0.000000000,-0.069224660
2.191666316,0.000000000,0.000000000,-0.791587825,-0.000000000,0.000000000,9.800000000,0.997485578,0.000000000,0.000000000,-0.070869750
2.195832982,0.000000000,0.000000000,-0.787052010,0.000000000,0.000000000,9.800000000,0.997368033,0.000000000,0.000000000,-0.072505223
2.204166314,0.000000000,0.000000000,-0.787052010,-0.000000000,0.000000000,9.800000000,0.997124898,0.000000000,0.000000000,-0.075775579
2.208332980,0.000000000,0.000000000,-0.782212772,0.000000000,0.000000000,9.800000000,0.997000089,0.000000000,0.000000000,-0.077400402
2.212499646,0.000000000,0.000000000,-0.782212772,0.000000000,0.000000000,9.800000000,0.996872633,0.000000000,0.000000000,-0.079025019
2.216666312,0.000000000,0.000000000,-0.782212772,-0.000000000,0.000000000,9.800000000,0.996742529,0.000000000,0.000000000,-0.080649427
2.220832978,0.000000000,0.000000000,-0.777071976,0.000000000,0.000000000,9.800000000,0.996610660,0.000000000,0.000000000,-0.082262946
2.229166310,0.000000000,0.000000000,-0.777071976,0.000000000,0.000000000,9.800000000,0.996339086,0.000000000,0.000000000,-0.085489335
2.233332976,0.000000000,0.000000000,-0.771631604,-0.000000000,0.000000000,9.800000000,0.996200369,0.000000000,0.000000000,-0.087090904
2.237499642,0.000000000,0.000000000,-0.771631604,-0.000000000,-0.000000000,9.800000000,0.996059077,0.000000000,0.000000000,-0.088692249
2.241666308,0.000000000,0.000000000,-0.771631604,-0.000000000,0.000000000,9.800000000,0.995915212,0.000000000,0.000000000,-0.090293364
2.245832974,0.000000000,0.000000000,-0.765893753,0.000000000,0.000000000,9.800000000,0.995769871,0.000000000,0.000000000,-0.091882342
2.254166306,0.000000000,0.000000000,-0.765893753,0.000000000,0.000000000,9.800000000,0.995471584,0.000000000,0.000000000,-0.095059593
2.258332972,0.000000000,0.000000000,-0.759860636,0.000000000,0.000000000,9.800000000,0.995319853,0.000000000,0.000000000,-0.096635347
2.262499638,0.000000000,0.000000000,-0.759860636,0.000000000,0.000000000,9.800000000,0.995165628,0.000000000,0.000000000,-0.098210859
2.266666304,0.000000000,0.000000000,-0.759860636,0.000000000,0.000000000,9.800000000,0.995008909,0.000000000,0.000000000,-0.099786125
2.270832970,0.000000000,0.000000000,-0.753534579,0.000000000,0.000000000,9.800000000,0.994851032,0.000000000,0.000000000,-0.101348030
2.279166302,0.000000000,0.000000000,-0.753534579,0.000000000,-0.000000000,9.800000000,0.994527924,0.000000000,0.000000000,-0.104471086
2.283332968,0.000000000,0.000000000,-0.746918019,0.000000000,0.000000000,9.800000000,0.994364155,0.000000000,0.000000000,-0.106018523
2.287499634,0.000000000,0.000000000,-0.746918019,0.000000000,0.000000000,9.800000000,0.994197978,0.000000000,0.000000000,-0.107565703
2.291666300,0.000000000,0.000000000,-0.746918019,0.000000000,0.000000000,9.800000000,0.994029394,0.000000000,0.000000000,-0.109112622
2.295832966,0.000000000,0.000000000,-0.740013508,-0.000000000,0.000000000,9.800000000,0.993859994,0.000000000,0.000000000,-0.110644982
2.304166298,0.000000000,0.000000000,-0.740013508,-0.000000000,0.000000000,9.800000000,0.993514109,0.000000000,0.000000000,-0.113708908
2.308332964,0.000000000,0.000000000,-0.732823709,0.000000000,-0.000000000,9.800000000,0.993339350,0.000000000,0.000000000,-0.115225589
2.312499630,0.000000000,0.000000000,-0.732823709,0.000000000,-0.000000000,9.800000000,0.993162275,0.000000000,0.000000000,-0.116742001
2.316666296,0.000000000,0.000000000,-0.732823709,0.000000000,-0.000000000,9.800000000,0.992982886,0.000000000,0.000000000,-0.118258141
2.320832962,0.000000000,0.000000000,-0.725351391,-0.000000000,-0.000000000,9.800000000,0.992803047,0.000000000,0.000000000,-0.119758550
2.329166294,0.000000000,0.000000000,-0.725351391,-0.000000000,-0.000000000,9.800000000,0.992436567,0.000000000,0.000000000,-0.122758544
2.333332960,0.000000000,0.000000000,-0.717599437,0.000000000,-0.000000000,9.800000000,0.992251934,0.000000000,0.000000000,-0.124242097
2.337499626,0.000000000,0.000000000,-0.717599437,0.000000000,0.000000000,9.800000000,0.992065084,0.000000000,0.000000000,-0.125725373
2.341666292,0.000000000,0.000000000,-0.717599437,0.000000000,-0.000000000,9.800000000,0.991876016,0.000000000,0.000000000,-0.127208368
2.345832958,0.000000000,0.000000000,-0.709570835,0.000000000,-0.000000000,9.800000000,0.991686884,0.000000000,0.000000000,-0.128674491
2.354166290,0.000000000,0.000000000,-0.709570835,-0.000000000,-0.000000000,9.800000000,0.991302118,0.000000000,0.000000000,-0.131605891
2.358332956,0.000000000,0.000000000,-0.701268680,0.000000000,0.000000000,9.800000000,0.991108787,0.000000000,0.000000000,-0.133054019
2.362499622,0.000000000,0.000000000,-0.701268680,0.000000000,0.000000000,9.800000000,0.990913341,0.000000000,0.000000000,-0.134501863
2.366666288,0.000000000,0.000000000,-0.701268680,-0.000000000,-0.000000000,9.800000000,0.990715779,0.000000000,0.000000000,-0.135949420
2.370832954,0.000000000,0.000000000,-0.692696173,-0.000000000,-0.000000000,9.800000000,0.990518557,0.000000000,0.000000000,-0.137378996
2.379166286,0.000000000,0.000000000,-0.692696173,-0.000000000,-0.000000000,9.800000000,0.990117924,0.000000000,0.000000000,-0.140237288
2.383332952,0.000000000,0.000000000,-0.683856618,0.000000000,-0.000000000,9.800000000,0.989917123,0.000000000,0.000000000,-0.141647767
2.387499618,0.000000000,0.000000000,-0.683856618,-0.000000000,-0.000000000,9.800000000,0.989714313,0.000000000,0.000000000,-0.143057959
2.391666284,0.000000000,0.000000000,-0.683856618,0.000000000,0.000000000,9.800000000,0.989509493,0.000000000,0.000000000,-0.144467860
2.395832950,0.000000000,0.000000000,-0.674753424,-0.000000000,-0.000000000,9.800000000,0.989305432,0.000000000,0.000000000,-0.145858706
2.404166282,0.000000000,0.000000000,-0.674753424,0.000000000,-0.000000000,9.800000000,0.988891445,0.000000000,0.000000000,-0.148639531
2.408332948,0.000000000,0.000000000,-0.665390099,0.000000000,-0.000000000,9.800000000,0.988684446,0.000000000,0.000000000,-0.150010218
2.412499614,0.000000000,0.000000000,-0.665390099,0.000000000,-0.000000000,9.800000000,0.988475548,0.000000000,0.000000000,-0.151380616
2.416666280,0.000000000,0.000000000,-0.665390099,0.000000000,-0.000000000,9.800000000,0.988264750,0.000000000,0.000000000,-0.152750724
2.420832946,0.000000000,0.000000000,-0.655770254,-0.000000000,0.000000000,9.800000000,0.988055142,0.000000000,0.000000000,-0.154100736
2.429166278,0.000000000,0.000000000,-0.655770254,0.000000000,0.000000000,9.800000000,0.987630393,0.000000000,0.000000000,-0.156799895
2.433332944,0.000000000,0.000000000,-0.645897597,0.000000000,0.000000000,9.800000000,0.987418506,0.000000000,0.000000000,-0.158128728
2.437499610,0.000000000,0.000000000,-0.645897597,0.000000000,0.000000000,9.800000000,0.987204831,0.000000000,0.000000000,-0.159457274
2.441666276,0.000000000,0.000000000,-0.645897597,0.000000000,0.000000000,9.800000000,0.986989368,0.000000000,0.000000000,-0.160785532
2.445832942,0.000000000,0.000000000,-0.635775934,-0.000000000,0.000000000,9.800000000,0.986775537,0.000000000,0.000000000,-0.162092691
2.454166274,0.000000000,0.000000000,-0.635775934,-0.000000000,0.000000000,9.800000000,0.986342681,0.000000000,0.000000000,-0.164706152
2.458332940,0.000000000,0.000000000,-0.625409168,0.000000000,0.000000000,9.800000000,0.986127242,0.000000000,0.000000000,-0.165991153
2.462499606,0.000000000,0.000000000,-0.625409168,0.000000000,0.000000000,9.800000000,0.985910129,0.000000000,0.000000000,-0.167275872
2.466666272,0.000000000,0.000000000,-0.625409168,0.000000000,0.000000000,9.800000000,0.985691343,0.000000000,0.000000000,-0.168560307
2.470832938,0.000000000,0.000000000,-0.614801294,0.000000000,-0.000000000,9.800000000,0.985474636,0.000000000,0.000000000,-0.169822677
2.479166270,0.000000000,0.000000000,-0.614801294,0.000000000,-0.000000000,9.800000000,0.985036373,0.000000000,0.000000000,-0.172346580
2.483332936,0.000000000,0.000000000,-0.603956403,0.000000000,-0.000000000,9.800000000,0.984818740,0.000000000,0.000000000,-0.173585857
2.487499602,0.000000000,0.000000000,-0.603956403,0.000000000,-0.000000000,9.800000000,0.984599547,0.000000000,0.000000000,-0.174824860
2.491666268,0.000000000,0.000000000,-0.603956403,0.000000000,-0.000000000,9.800000000,0.984378796,0.000000000,0.000000000,-0.176063586
2.495832934,0.000000000,0.000000000,-0.592878676,-0.000000000,0.000000000,9.800000000,0.984160578,0.000000000,0.000000000,-0.177279321
2.504166266,0.000000000,0.000000000,-0.592878676,-0.000000000,-0.000000000,9.800000000,0.983719637,0.000000000,0.000000000,-0.179709976
2.508332932,0.000000000,0.000000000,-0.581572382,0.000000000,0.000000000,9.800000000,0.983501177,0.000000000,0.000000000,-0.180901727
2.512499598,0.000000000,0.000000000,-0.581572382,0.000000000,-0.000000000,9.800000000,0.983281273,0.000000000,0.000000000,-0.182093213
2.516666264,0.000000000,0.000000000,-0.581572382,0.000000000,0.000000000,9.800000000,0.983059926,0.000000000,0.000000000,-0.183284432
2.520832930,0.000000000,0.000000000,-0.570041881,0.000000000,-0.000000000,9.800000000,0.982841566,0.000000000,0.000000000,-0.184451771
2.529166262,0.000000000,0.000000000,-0.570041881,0.000000000,0.000000000,9.800000000,0.982400689,0.000000000,0.000000000,-0.186785669
2.533332928,0.000000000,0.000000000,-0.558291619,0.000000000,0.000000000,9.800000000,0.982182773,0.000000000,0.000000000,-0.187928180
2.537499594,0.000000000,0.000000000,-0.558291619,0.000000000,0.000000000,9.800000000,0.981963528,0.000000000,0.000000000,-0.189070436
2.541666260,0.000000000,0.000000000,-0.558291619,-0.000000000,0.000000000,9.800000000,0.981742955,0.000000000,0.000000000,-0.190212437
2.545832926,0.000000000,0.000000000,-0.546326124,-0.000000000,-0.000000000,9.800000000,0.981525823,0.000000000,0.000000000,-0.191329713
2.554166258,0.000000000,0.000000000,-0.546326124,0.000000000,-0.000000000,9.800000000,0.981087745,0.000000000,0.000000000,-0.193563520
2.558332924,0.000000000,0.000000000,-0.546326124,-0.000000000,-0.000000000,9.800000000,0.980866800,0.000000000,0.000000000,-0.194680048
2.562499590,0.000000000,0.000000000,-0.534150010,-0.000000000,0.000000000,9.800000000,0.980649550,0.000000000,0.000000000,-0.195771448
2.566666256,0.000000000,0.000000000,-0.534150010,0.000000000,0.000000000,9.800000000,0.980431086,0.000000000,0.000000000,-0.196862606
2.570832922,0.000000000,0.000000000,-0.521767972,0.000000000,-0.000000000,9.800000000,0.980216514,0.000000000,0.000000000,-0.197928234
2.579166254,0.000000000,0.000000000,-0.521767972,0.000000000,-0.000000000,9.800000000,0.979783895,0.000000000,0.000000000,-0.200058787
2.583332920,0.000000000,0.000000000,-0.509184782,0.000000000,0.000000000,9.800000000,0.979571122,0.000000000,0.000000000,-0.201098031
2.587499586,0.000000000,0.000000000,-0.509184782,0.000000000,0.000000000,9.800000000,0.979357245,0.000000000,0.000000000,-0.202137048
2.591666252,0.000000000,0.000000000,-0.509184782,0.000000000,0.000000000,9.800000000,0.979142267,0.000000000,0.000000000,-0.203175837
2.595832918,0.000000000,0.000000000,-0.496405292,0.000000000,0.000000000,9.800000000,0.978931624,0.000000000,0.000000000,-0.204188336
2.604166250,0.000000000,0.000000000,-0.496405292,0.000000000,0.000000000,9.800000000,0.978507196,0.000000000,0.000000000,-0.206212675
2.608332916,0.000000000,0.000000000,-0.483434428,0.000000000,0.000000000,9.800000000,0.978299012,0.000000000,0.000000000,-0.207198079
2.612499582,0.000000000,0.000000000,-0.483434428,0.000000000,0.000000000,9.800000000,0.978089835,0.000000000,0.000000000,-0.208183272
2.616666248,0.000000000,0.000000000,-0.483434428,0.000000000,0.000000000,9.800000000,0.977879666,0.000000000,0.000000000,-0.209168255
2.620832914,0.000000000,0.000000000,-0.470277190,0.000000000,0.000000000,9.800000000,0.977674265,0.000000000,0.000000000,-0.210126226
2.629166246,0.000000000,0.000000000,-0.470277190,0.000000000,0.000000000,9.800000000,0.977260649,0.000000000,0.000000000,-0.212041562
2.633332912,0.000000000,0.000000000,-0.456938653,-0.000000000,-0.000000000,9.800000000,0.977058352,0.000000000,0.000000000,-0.212971774
2.637499578,0.000000000,0.000000000,-0.456938653,-0.000000000,-0.000000000,9.800000000,0.976855170,0.000000000,0.000000000,-0.213901794
2.641666244,0.000000000,0.000000000,-0.456938653,-0.000000000,0.000000000,9.800000000,0.976651102,0.000000000,0.000000000,-0.214831619
2.645832910,0.000000000,0.000000000,-0.443423956,0.000000000,0.000000000,9.800000000,0.976452224,0.000000000,0.000000000,-0.215733758
2.654166242,0.000000000,0.000000000,-0.443423956,0.000000000,0.000000000,9.800000000,0.976051968,0.000000000,0.000000000,-0.217537481
2.658332908,0.000000000,0.000000000,-0.443423956,0.000000000,0.000000000,9.800000000,0.975850591,0.000000000,0.000000000,-0.218439065
2.662499574,0.000000000,0.000000000,-0.429738312,0.000000000,-0.000000000,9.800000000,0.975654634,0.000000000,0.000000000,-0.219312644
2.666666240,0.000000000,0.000000000,-0.429738312,0.000000000,0.000000000,9.800000000,0.975457895,0.000000000,0.000000000,-0.220186048
2.670832906,0.000000000,0.000000000,-0.415886995,-0.000000000,-0.000000000,9.800000000,0.975266752,0.000000000,0.000000000,-0.221031132
2.679166238,0.000000000,0.000000000,-0.415886995,-0.000000000,-0.000000000,9.800000000,0.974882272,0.000000000,0.000000000,-0.222720803
2.683332904,0.000000000,0.000000000,-0.401875345,0.000000000,0.000000000,9.800000000,0.974695459,0.000000000,0.000000000,-0.223536935
2.687499570,0.000000000,0.000000000,-0.401875345,0.000000000,0.000000000,9.800000000,0.974507964,0.000000000,0.000000000,-0.224352911
2.691666236,0.000000000,0.000000000,-0.401875345,0.000000000,0.000000000,9.800000000,0.974319785,0.000000000,0.000000000,-0.225168729
2.695832902,0.000000000,0.000000000,-0.387708766,0.000000000,0.000000000,9.800000000,0.974137592,0.000000000,0.000000000,-0.225955640
2.704166234,0.000000000,0.000000000,-0.387708766,0.000000000,0.000000000,9.800000000,0.973771301,0.000000000,0.000000000,-0.227529018
2.708332900,0.000000000,0.000000000,-0.387708766,0.000000000,0.000000000,9.800000000,0.973587202,0.000000000,0.000000000,-0.228315484
2.712499566,0.000000000,0.000000000,-0.387708766,0.000000000,0.000000000,9.800000000,0.973402468,0.000000000,0.000000000,-0.229101802
2.716666232,0.000000000,0.000000000,-0.373392717,0.000000000,0.000000000,9.800000000,0.973223955,0.000000000,0.000000000,-0.229858943
2.720832898,0.000000000,0.000000000,-0.358932718,-0.000000000,0.000000000,9.800000000,0.973051800,0.000000000,0.000000000,-0.230586633
2.729166230,0.000000000,0.000000000,-0.358932718,-0.000000000,0.000000000,9.800000000,0.972705857,0.000000000,0.000000000,-0.232041625
2.733332896,0.000000000,0.000000000,-0.344334344,0.000000000,0.000000000,9.800000000,0.972539149,0.000000000,0.000000000,-0.232739348
2.737499562,0.000000000,0.000000000,-0.344334344,-0.000000000,0.000000000,9.800000000,0.972371940,0.000000000,0.000000000,-0.233436952
2.741666228,0.000000000,0.000000000,-0.344334344,0.000000000,0.000000000,9.800000000,0.972204231,0.000000000,0.000000000,-0.234134436
2.745832894,0.000000000,0.000000000,-0.329603222,0.000000000,0.000000000,9.800000000,0.972043228,0.000000000,0.000000000,-0.234801967
2.754166226,0.000000000,0.000000000,-0.329603222,0.000000000,0.000000000,9.800000000,0.971719847,0.000000000,0.000000000,-0.236136697
2.758332892,0.000000000,0.000000000,-0.314745033,0.000000000,0.000000000,9.800000000,0.971564798,0.000000000,0.000000000,-0.236773822
2.762499558,0.000000000,0.000000000,-0.314745033,0.000000000,0.000000000,9.800000000,0.971409332,0.000000000,0.000000000,-0.237410844
2.766666224,0.000000000,0.000000000,-0.314745033,0.000000000,0.000000000,9.800000000,0.971253449,0.000000000,0.000000000,-0.238047764
2.770832890,0.000000000,0.000000000,-0.299765503,0.000000000,0.000000000,9.800000000,0.971104596,0.000000000,0.000000000,-0.238654276
2.779166222,0.000000000,0.000000000,-0.299765503,0.000000000,-0.000000000,9.800000000,0.970805754,0.000000000,0.000000000,-0.239867022
2.783332888,0.000000000,0.000000000,-0.284670407,-0.000000000,0.000000000,9.800000000,0.970663327,0.000000000,0.000000000,-0.240442729
2.787499554,0.000000000,0.000000000,-0.284670407,-0.000000000,0.000000000,9.800000000,0.970520559,0.000000000,0.000000000,-0.241018351
2.791666220,0.000000000,0.000000000,-0.284670407,-0.000000000,0.000000000,9.800000000,0.970377449,0.000000000,0.000000000,-0.241593889
2.795832886,0.000000000,0.000000000,-0.269465566,0.000000000,0.000000000,9.800000000,0.970241668,0.000000000,0.000000000,-0.242138607
2.804166218,0.000000000,0.000000000,-0.269465566,0.000000000,0.000000000,9.800000000,0.969969190,0.000000000,0.000000000,-0.243227816
2.808332884,0.000000000,0.000000000,-0.254156841,0.000000000,0.000000000,9.800000000,0.969840267,0.000000000,0.000000000,-0.243741374
2.812499550,0.000000000,0.000000000,-0.254156841,0.000000000,0.000000000,9.800000000,0.969711071,0.000000000,0.000000000,-0.244254864
2.816666216,0.000000000,0.000000000,-0.254156841,0.000000000,0.000000000,9.800000000,0.969581604,0.000000000,0.000000000,-0.244768285
2.820832882,0.000000000,0.000000000,-0.238750134,0.000000000,-0.000000000,9.800000000,0.969459737,0.000000000,0.000000000,-0.245250521
2.829166214,0.000000000,0.000000000,-0.238750134,0.000000000,-0.000000000,9.800000000,0.969215284,0.000000000,0.000000000,-0.246214810
2.833332880,0.000000000,0.000000000,-0.223251384,0.000000000,0.000000000,9.800000000,0.969100663,0.000000000,0.000000000,-0.246665572
2.837499546,0.000000000,0.000000000,-0.223251384,0.000000000,0.000000000,9.800000000,0.968985832,0.000000000,0.000000000,-0.247116281
2.841666212,0.000000000,0.000000000,-0.223251384,0.000000000,0.000000000,9.800000000,0.968870792,0.000000000,0.000000000,-0.247566937
2.845832878,0.000000000,0.000000000,-0.207666566,0.000000000,-0.000000000,9.800000000,0.968763594,0.000000000,0.000000000,-0.247986084
2.854166210,0.000000000,0.000000000,-0.207666566,-0.000000000,-0.000000000,9.800000000,0.968548655,0.000000000,0.000000000,-0.248824241
2.858332876,0.000000000,0.000000000,-0.192001689,0.000000000,0.000000000,9.800000000,0.968449047,0.000000000,0.000000000,-0.249211644
2.862499542,0.000000000,0.000000000,-0.192001689,0.000000000,0.000000000,9.800000000,0.968349284,0.000000000,0.000000000,-0.249599007
2.866666208,0.000000000,0.000000000,-0.192001689,0.000000000,0.000000000,9.800000000,0.968249366,0.000000000,0.000000000,-0.249986330
2.870832874,0.000000000,0.000000000,-0.176262791,0.000000000,0.000000000,9.800000000,0.968157502,0.000000000,0.000000000,-0.250341868
2.879166206,0.000000000,0.000000000,-0.176262791,0.000000000,0.000000000,9.800000000,0.967973383,0.000000000,0.000000000,-0.251052842
2.883332872,0.000000000,0.000000000,-0.160455941,0.000000000,0.000000000,9.800000000,0.967889406,0.000000000,0.000000000,-0.251376406
2.887499538,0.000000000,0.000000000,-0.160455941,0.000000000,0.000000000,9.800000000,0.967805321,0.000000000,0.000000000,-0.251699941
2.891666204,0.000000000,0.000000000,-0.160455941,0.000000000,0.000000000,9.800000000,0.967721128,0.000000000,0.000000000,-0.252023448
2.895832870,0.000000000,0.000000000,-0.144587232,0.000000000,0.000000000,9.800000000,0.967645169,0.000000000,0.000000000,-0.252314936
2.904166202,0.000000000,0.000000000,-0.144587232,0.000000000,0.000000000,9.800000000,0.967492987,0.000000000,0.000000000,-0.252897845
2.908332868,0.000000000,0.000000000,-0.128662782,0.000000000,0.000000000,9.800000000,0.967425164,0.000000000,0.000000000,-0.253157170
2.912499534,0.000000000,0.000000000,-0.128662782,-0.000000000,0.000000000,9.800000000,0.967357271,0.000000000,0.000000000,-0.253416477
2.916666200,0.000000000,0.000000000,-0.128662782,-0.000000000,0.000000000,9.800000000,0.967289308,0.000000000,0.000000000,-0.253675765
2.920832866,0.000000000,0.000000000,-0.112688731,0.000000000,0.000000000,9.800000000,0.967229727,0.000000000,0.000000000,-0.253902847
2.929166198,0.000000000,0.000000000,-0.112688731,0.000000000,0.000000000,9.800000000,0.967110403,0.000000000,0.000000000,-0.254356969
2.933332864,0.000000000,0.000000000,-0.096671235,0.000000000,-0.000000000,9.800000000,0.967059157,0.000000000,0.000000000,-0.254551738
2.937499530,0.000000000,0.000000000,-0.096671235,0.000000000,-0.000000000,9.800000000,0.967007871,0.000000000,0.000000000,-0.254746497
2.941666196,0.000000000,0.000000000,-0.096671235,0.000000000,0.000000000,9.800000000,0.966956546,0.000000000,0.000000000,-0.254941246
2.945832862,0.000000000,0.000000000,-0.080616471,-0.000000000,0.000000000,9.800000000,0.966913714,0.000000000,0.000000000,-0.255103643
2.954166194,0.000000000,0.000000000,-0.080616471,-0.000000000,-0.000000000,9.800000000,0.966827970,0.000000000,0.000000000,-0.255428417
2.958332860,0.000000000,0.000000000,-0.064530628,-0.000000000,0.000000000,9.800000000,0.966793622,0.000000000,0.000000000,-0.255558394
2.962499526,0.000000000,0.000000000,-0.064530628,-0.000000000,0.000000000,9.800000000,0.966759256,0.000000000,0.000000000,-0.255688366
2.966666192,0.000000000,0.000000000,-0.064530628,-0.000000000,0.000000000,9.800000000,0.966724873,0.000000000,0.000000000,-0.255818334
2.970832858,0.000000000,0.000000000,-0.048419907,0.000000000,0.000000000,9.800000000,0.966699062,0.000000000,0.000000000,-0.255915851
2.979166190,0.000000000,0.000000000,-0.048419907,0.000000000,0.000000000,9.800000000,0.966647412,0.000000000,0.000000000,-0.256110877
2.983332856,0.000000000,0.000000000,-0.032290519,0.000000000,0.000000000,9.800000000,0.966630181,0.000000000,0.000000000,-0.256175904
2.987499522,0.000000000,0.000000000,-0.032290519,0.000000000,0.000000000,9.800000000,0.966612945,0.000000000,0.000000000,-0.256240931
2.991666188,0.000000000,0.000000000,-0.032290519,0.000000000,0.000000000,9.800000000,0.966595705,0.000000000,0.000000000,-0.256305956
2.995832854,0.000000000,0.000000000,-0.016148682,0.000000000,0.000000000,9.800000000,0.966587082,0.000000000,0.000000000,-0.256338475
3.004166186,0.000000000,0.000000000,-0.016148682,0.000000000,0.000000000,9.800000000,0.966569831,0.000000000,0.000000000,-0.256403512
3.008332852,0.000000000,0.000000000,-0.000000620,0.000000000,-0.000000000,9.800000000,0.966569831,0.000000000,0.000000000,-0.256403514
3.012499518,0.000000000,0.000000000,-0.000000620,0.000000000,0.000000000,9.800000000,0.966569831,0.000000000,0.000000000,-0.256403515
3.016666184,0.000000000,0.000000000,-0.000000620,0.000000000,0.000000000,9.800000000,0.966569830,0.000000000,0.000000000,-0.256403516
3.020832850,0.000000000,0.000000000,0.016147442,-0.000000000,0.000000000,9.800000000,0.966578455,0.000000000,0.000000000,-0.256371000
3.029166182,0.000000000,0.000000000,0.016147442,0.000000000,0.000000000,9.800000000,0.966595702,0.000000000,0.000000000,-0.256305967
3.033332848,0.000000000,0.000000000,0.032289279,-0.000000000,0.000000000,9.800000000,0.966612941,0.000000000,0.000000000,-0.256240944
3.037499514,0.000000000,0.000000000,0.032289279,-0.000000000,0.000000000,9.800000000,0.966630176,0.000000000,0.000000000,-0.256175920
3.041666180,0.000000000,0.000000000,0.032289279,-0.000000000,0.000000000,9.800000000,0.966647407,0.000000000,0.000000000,-0.256110895
3.045832846,0.000000000,0.000000000,0.048418668,0.000000000,-0.000000000,9.800000000,0.966673236,0.000000000,0.000000000,-0.256013386
3.054166178,0.000000000,0.000000000,0.048418668,-0.000000000,-0.000000000,9.800000000,0.966724866,0.000000000,0.000000000,-0.255818360
3.058332844,0.000000000,0.000000000,0.064529391,0.000000000,0.000000000,9.800000000,0.966759249,0.000000000,0.000000000,-0.255688395
3.062499510,0.000000000,0.000000000,0.064529391,0.000000000,0.000000000,9.800000000,0.966793614,0.000000000,0.000000000,-0.255558425
3.066666176,0.000000000,0.000000000,0.064529391,0.000000000,0.000000000,9.800000000,0.966827961,0.000000000,0.000000000,-0.255428451
3.070832842,0.000000000,0.000000000,0.080615237,0.000000000,-0.000000000,9.800000000,0.966870846,0.000000000,0.000000000,-0.255266070
3.079166174,0.000000000,0.000000000,0.080615237,0.000000000,0.000000000,9.800000000,0.966956535,0.000000000,0.000000000,-0.254941287
3.083332840,0.000000000,0.000000000,0.096670003,0.000000000,0.000000000,9.800000000,0.967007859,0.000000000,0.000000000,-0.254746541
3.087499506,0.000000000,0.000000000,0.096670003,0.000000000,0.000000000,9.800000000,0.967059145,0.000000000,0.000000000,-0.254551784
3.091666172,0.000000000,0.000000000,0.096670003,0.000000000,0.000000000,9.800000000,0.967110391,0.000000000,0.000000000,-0.254357017
3.095832838,0.000000000,0.000000000,0.112687502,0.000000000,0.000000000,9.800000000,0.967170078,0.000000000,0.000000000,-0.254129966
3.104166170,0.000000000,0.000000000,0.112687502,-0.000000000,0.000000000,9.800000000,0.967289294,0.000000000,0.000000000,-0.253675821
3.108332836,0.000000000,0.000000000,0.128661557,-0.000000000,-0.000000000,9.800000000,0.967357255,0.000000000,0.000000000,-0.253416535
3.112499502,0.000000000,0.000000000,0.128661557,0.000000000,0.000000000,9.800000000,0.967425148,0.000000000,0.000000000,-0.253157231
3.116666168,0.000000000,0.000000000,0.128661557,0.000000000,0.000000000,9.800000000,0.967492970,0.000000000,0.000000000,-0.252897909
3.120832834,0.000000000,0.000000000,0.144586011,-0.000000000,0.000000000,9.800000000,0.967569105,0.000000000,0.000000000,-0.252606468
3.129166166,0.000000000,0.000000000,0.144586011,-0.000000000,0.000000000,9.800000000,0.967721110,0.000000000,0.000000000,-0.252023518
3.133332832,0.000000000,0.000000000,0.160454725,-0.000000000,0.000000000,9.800000000,0.967805302,0.000000000,0.000000000,-0.251700014
3.137499498,0.000000000,0.000000000,0.160454725,0.000000000,0.000000000,9.800000000,0.967889387,0.000000000,0.000000000,-0.251376481
3.141666164,0.000000000,0.000000000,0.160454725,-0.000000000,0.000000000,9.800000000,0.967973363,0.000000000,0.000000000,-0.251052921
3.145832830,0.000000000,0.000000000,0.176261580,-0.000000000,-0.000000000,9.800000000,0.968065487,0.000000000,0.000000000,-0.250697453
3.154166162,0.000000000,0.000000000,0.176261580,-0.000000000,-0.000000000,9.800000000,0.968249344,0.000000000,0.000000000,-0.249986415
3.158332828,0.000000000,0.000000000,0.192000483,-0.000000000,0.000000000,9.800000000,0.968349261,0.000000000,0.000000000,-0.249599095
3.162499494,0.000000000,0.000000000,0.192000483,0.000000000,0.000000000,9.800000000,0.968449024,0.000000000,0.000000000,-0.249211734
3.166666160,0.000000000,0.000000000,0.192000483,-0.000000000,0.000000000,9.800000000,0.968548631,0.000000000,0.000000000,-0.248824334
3.170832826,0.000000000,0.000000000,0.207665366,0.000000000,0.000000000,9.800000000,0.968656191,0.000000000,0.000000000,-0.248405281
3.179166158,0.000000000,0.000000000,0.207665366,0.000000000,0.000000000,9.800000000,0.968870767,0.000000000,0.000000000,-0.247567037
3.183332824,0.000000000,0.000000000,0.223250190,-0.000000000,0.000000000,9.800000000,0.968985806,0.000000000,0.000000000,-0.247116384
3.187499490,0.000000000,0.000000000,0.223250190,-0.000000000,0.000000000,9.800000000,0.969100636,0.000000000,0.000000000,-0.246665677
3.191666156,0.000000000,0.000000000,0.223250190,0.000000000,0.000000000,9.800000000,0.969215257,0.000000000,0.000000000,-0.246214918
3.195832822,0.000000000,0.000000000,0.223250190,0.000000000,0.000000000,9.800000000,0.969329668,0.000000000,0.000000000,-0.245764105
3.204166154,0.000000000,0.000000000,0.238748947,0.000000000,0.000000000,9.800000000,0.969573671,0.000000000,0.000000000,-0.244799706
3.208332820,0.000000000,0.000000000,0.254155662,0.000000000,-0.000000000,9.800000000,0.969703154,0.000000000,0.000000000,-0.244286292
3.212499486,0.000000000,0.000000000,0.254155662,0.000000000,0.000000000,9.800000000,0.969832366,0.000000000,0.000000000,-0.243772808
3.216666152,0.000000000,0.000000000,0.254155662,0.000000000,-0.000000000,9.800000000,0.969961305,0.000000000,0.000000000,-0.243259257
3.220832818,0.000000000,0.000000000,0.269464394,0.000000000,0.000000000,9.800000000,0.970097714,0.000000000,0.000000000,-0.242714698
3.229166150,0.000000000,0.000000000,0.269464394,0.000000000,0.000000000,9.800000000,0.970369615,0.000000000,0.000000000,-0.241625350
3.233332816,0.000000000,0.000000000,0.284669244,0.000000000,0.000000000,9.800000000,0.970512743,0.000000000,0.000000000,-0.241049820
3.237499482,0.000000000,0.000000000,0.284669244,0.000000000,0.000000000,9.800000000,0.970655530,0.000000000,0.000000000,-0.240474204
3.241666148,0.000000000,0.000000000,0.284669244,0.000000000,0.000000000,9.800000000,0.970797975,0.000000000,0.000000000,-0.239898504
3.245832814,0.000000000,0.000000000,0.299764348,0.000000000,0.000000000,9.800000000,0.970947604,0.000000000,0.000000000,-0.239292185
3.254166146,0.000000000,0.000000000,0.299764348,0.000000000,0.000000000,9.800000000,0.971245727,0.000000000,0.000000000,-0.238079268
3.258332812,0.000000000,0.000000000,0.314743887,-0.000000000,-0.000000000,9.800000000,0.971401631,0.000000000,0.000000000,-0.237442355
3.262499478,0.000000000,0.000000000,0.314743887,-0.000000000,-0.000000000,9.800000000,0.971557117,0.000000000,0.000000000,-0.236805340
3.266666144,0.000000000,0.000000000,0.314743887,-0.000000000,-0.000000000,9.800000000,0.971712185,0.000000000,0.000000000,-0.236168224
3.270832810,0.000000000,0.000000000,0.329602086,0.000000000,0.000000000,9.800000000,0.971874126,0.000000000,0.000000000,-0.235500921
3.279166142,0.000000000,0.000000000,0.329602086,-0.000000000,0.000000000,9.800000000,0.972196632,0.000000000,0.000000000,-0.234165984
3.283332808,0.000000000,0.000000000,0.344333218,0.000000000,-0.000000000,9.800000000,0.972364364,0.000000000,0.000000000,-0.233468509
3.287499474,0.000000000,0.000000000,0.344333218,-0.000000000,-0.000000000,9.800000000,0.972531595,0.000000000,0.000000000,-0.232770912
3.291666140,0.000000000,0.000000000,0.344333218,0.000000000,-0.000000000,9.800000000,0.972698325,0.000000000,0.000000000,-0.232073197
3.295832806,0.000000000,0.000000000,0.358931602,0.000000000,0.000000000,9.800000000,0.972871591,0.000000000,0.000000000,-0.231345773
3.304166138,0.000000000,0.000000000,0.358931602,0.000000000,-0.000000000,9.800000000,0.973216492,0.000000000,0.000000000,-0.229890539
3.308332804,0.000000000,0.000000000,0.373391612,-0.000000000,-0.000000000,9.800000000,0.973395029,0.000000000,0.000000000,-0.229133405
3.312499470,0.000000000,0.000000000,0.373391612,0.000000000,-0.000000000,9.800000000,0.973572977,0.000000000,0.000000000,-0.228376133
3.316666136,0.000000000,0.000000000,0.373391612,-0.000000000,-0.000000000,9.800000000,0.973750336,0.000000000,0.000000000,-0.227618722
3.320832802,0.000000000,0.000000000,0.387707672,0.000000000,-0.000000000,9.800000000,0.973933872,0.000000000,0.000000000,-0.226832126
3.329166134,0.000000000,0.000000000,0.387707672,-0.000000000,-0.000000000,9.800000000,0.974299036,0.000000000,0.000000000,-0.225258491
3.333332800,0.000000000,0.000000000,0.401874263,0.000000000,0.000000000,9.800000000,0.974487290,0.000000000,0.000000000,-0.224442692
3.337499466,0.000000000,0.000000000,0.401874263,0.000000000,0.000000000,9.800000000,0.974674860,0.000000000,0.000000000,-0.223626736
3.341666132,0.000000000,0.000000000,0.401874263,-0.000000000,0.000000000,9.800000000,0.974861747,0.000000000,0.000000000,-0.222810623
3.345832798,0.000000000,0.000000000,0.415885925,-0.000000000,-0.000000000,9.800000000,0.975054431,0.000000000,0.000000000,-0.221965891
3.354166130,0.000000000,0.000000000,0.415885925,-0.000000000,-0.000000000,9.800000000,0.975437602,0.000000000,0.000000000,-0.220275928
3.358332796,0.000000000,0.000000000,0.429737254,0.000000000,0.000000000,9.800000000,0.975634421,0.000000000,0.000000000,-0.219402544
3.362499462,0.000000000,0.000000000,0.429737254,0.000000000,0.000000000,9.800000000,0.975830458,0.000000000,0.000000000,-0.218528985
3.366666128,0.000000000,0.000000000,0.429737254,0.000000000,0.000000000,9.800000000,0.976025713,0.000000000,0.000000000,-0.217655250
3.370832794,0.000000000,0.000000000,0.443422912,0.000000000,-0.000000000,9.800000000,0.976226366,0.000000000,0.000000000,-0.216753507
3.379166126,0.000000000,0.000000000,0.443422912,-0.000000000,-0.000000000,9.800000000,0.976625172,0.000000000,0.000000000,-0.214949467
3.383332792,0.000000000,0.000000000,0.456937621,-0.000000000,0.000000000,9.800000000,0.976829351,0.000000000,0.000000000,-0.214019669
3.387499458,0.000000000,0.000000000,0.456937621,0.000000000,0.000000000,9.800000000,0.977032645,0.000000000,0.000000000,-0.213089676
3.391666124,0.000000000,0.000000000,0.456937621,-0.000000000,0.000000000,9.800000000,0.977235054,0.000000000,0.000000000,-0.212159490
3.395832790,0.000000000,0.000000000,0.470276173,-0.000000000,-0.000000000,9.800000000,0.977442446,0.000000000,0.000000000,-0.211201950
3.404166122,0.000000000,0.000000000,0.470276173,-0.000000000,0.000000000,9.800000000,0.977854417,0.000000000,0.000000000,-0.209286264
3.408332788,0.000000000,0.000000000,0.483433424,0.000000000,0.000000000,9.800000000,0.978064704,0.000000000,0.000000000,-0.208301309
3.412499454,0.000000000,0.000000000,0.483433424,0.000000000,0.000000000,9.800000000,0.978273999,0.000000000,0.000000000,-0.207316143
3.416666120,0.000000000,0.000000000,0.483433424,0.000000000,0.000000000,9.800000000,0.978482302,0.000000000,0.000000000,-0.206330766
3.420832786,0.000000000,0.000000000,0.496404303,0.000000000,-0.000000000,9.800000000,0.978695161,0.000000000,0.000000000,-0.205318734
3.429166118,0.000000000,0.000000000,0.496404303,0.000000000,0.000000000,9.800000000,0.979117738,0.000000000,0.000000000,-0.203294011
3.433332784,0.000000000,0.000000000,0.509183808,0.000000000,0.000000000,9.800000000,0.979332841,0.000000000,0.000000000,-0.202255249
3.437499450,0.000000000,0.000000000,0.509183808,0.000000000,0.000000000,9.800000000,0.979546843,0.000000000,0.000000000,-0.201216260
3.441666116,0.000000000,0.000000000,0.509183808,0.000000000,0.000000000,9.800000000,0.979759741,0.000000000,0.000000000,-0.200177044
3.445832782,0.000000000,0.000000000,0.521767013,-0.000000000,0.000000000,9.800000000,0.979976758,0.000000000,0.000000000,-0.199111913
3.454166114,0.000000000,0.000000000,0.521767013,-0.000000000,-0.000000000,9.800000000,0.980407317,0.000000000,0.000000000,-0.196980946
3.458332780,0.000000000,0.000000000,0.534149067,0.000000000,-0.000000000,9.800000000,0.980625912,0.000000000,0.000000000,-0.195889817
3.462499446,0.000000000,0.000000000,0.534149067,0.000000000,-0.000000000,9.800000000,0.980843293,0.000000000,0.000000000,-0.194798446
3.466666112,0.000000000,0.000000000,0.534149067,-0.000000000,-0.000000000,9.800000000,0.981059459,0.000000000,0.000000000,-0.193706833
3.470832778,0.000000000,0.000000000,0.546325197,0.000000000,0.000000000,9.800000000,0.981279297,0.000000000,0.000000000,-0.192590088
3.479166110,0.000000000,0.000000000,0.546325197,0.000000000,0.000000000,9.800000000,0.981715157,0.000000000,0.000000000,-0.190355851
3.483332776,0.000000000,0.000000000,0.558290708,-0.000000000,-0.000000000,9.800000000,0.981935897,0.000000000,0.000000000,-0.189213884
3.487499442,0.000000000,0.000000000,0.558290708,-0.000000000,0.000000000,9.800000000,0.982155309,0.000000000,0.000000000,-0.188071662
3.491666108,0.000000000,0.000000000,0.558290708,-0.000000000,0.000000000,9.800000000,0.982373391,0.000000000,0.000000000,-0.186929184
3.495832774,0.000000000,0.000000000,0.570040987,-0.000000000,0.000000000,9.800000000,0.982594693,0.000000000,0.000000000,-0.185762401
3.504166106,0.000000000,0.000000000,0.570040987,-0.000000000,0.000000000,9.800000000,0.983033138,0.000000000,0.000000000,-0.183428049
3.508332772,0.000000000,0.000000000,0.581571505,-0.000000000,0.000000000,9.800000000,0.983254659,0.000000000,0.000000000,-0.182236865
3.512499438,0.000000000,0.000000000,0.581571505,0.000000000,0.000000000,9.800000000,0.983474737,0.000000000,0.000000000,-0.181045413
3.516666104,0.000000000,0.000000000,0.581571505,0.000000000,0.000000000,9.800000000,0.983693371,0.000000000,0.000000000,-0.179853695
3.520832770,0.000000000,0.000000000,0.592877816,0.000000000,-0.000000000,9.800000000,0.983914769,0.000000000,0.000000000,-0.178638538
3.529166102,0.000000000,0.000000000,0.592877816,-0.000000000,-0.000000000,9.800000000,0.984353061,0.000000000,0.000000000,-0.176207407
3.533332768,0.000000000,0.000000000,0.603955561,0.000000000,0.000000000,9.800000000,0.984573994,0.000000000,0.000000000,-0.174968715
3.537499434,0.000000000,0.000000000,0.603955561,0.000000000,-0.000000000,9.800000000,0.984793367,0.000000000,0.000000000,-0.173729746
3.541666100,0.000000000,0.000000000,0.603955561,0.000000000,0.000000000,9.800000000,0.985011181,0.000000000,0.000000000,-0.172490502
3.545832766,0.000000000,0.000000000,0.614800470,0.000000000,0.000000000,9.800000000,0.985231305,0.000000000,0.000000000,-0.171228725
3.554166098,0.000000000,0.000000000,0.614800470,0.000000000,0.000000000,9.800000000,0.985666703,0.000000000,0.000000000,-0.168704330
3.558332764,0.000000000,0.000000000,0.625408362,0.000000000,-0.000000000,9.800000000,0.985885677,0.000000000,0.000000000,-0.167419929
3.562499430,0.000000000,0.000000000,0.625408362,0.000000000,-0.000000000,9.800000000,0.986102977,0.000000000,0.000000000,-0.166135243
3.566666096,0.000000000,0.000000000,0.625408362,-0.000000000,-0.000000000,9.800000000,0.986318603,0.000000000,0.000000000,-0.164850275
3.570832762,0.000000000,0.000000000,0.635775147,-0.000000000,-0.000000000,9.800000000,0.986536087,0.000000000,0.000000000,-0.163543721
3.579166094,0.000000000,0.000000000,0.635775147,0.000000000,0.000000000,9.800000000,0.986965863,0.000000000,0.000000000,-0.160929755
3.583332760,0.000000000,0.000000000,0.645896829,0.000000000,0.000000000,9.800000000,0.987181519,0.000000000,0.000000000,-0.159601530
3.587499426,0.000000000,0.000000000,0.645896829,0.000000000,-0.000000000,9.800000000,0.987395388,0.000000000,0.000000000,-0.158273017
3.591666092,0.000000000,0.000000000,0.645896829,0.000000000,-0.000000000,9.800000000,0.987607469,0.000000000,0.000000000,-0.156944217
3.595832758,0.000000000,0.000000000,0.655769505,0.000000000,0.000000000,9.800000000,0.987820962,0.000000000,0.000000000,-0.155594815
3.604166090,0.000000000,0.000000000,0.655769505,0.000000000,0.000000000,9.800000000,0.988242417,0.000000000,0.000000000,-0.152895142
3.608332756,0.000000000,0.000000000,0.665389370,0.000000000,0.000000000,9.800000000,0.988453415,0.000000000,0.000000000,-0.151525067
3.612499422,0.000000000,0.000000000,0.665389370,0.000000000,0.000000000,9.800000000,0.988662514,0.000000000,0.000000000,-0.150154700
3.616666088,0.000000000,0.000000000,0.665389370,0.000000000,0.000000000,9.800000000,0.988869712,0.000000000,0.000000000,-0.148784045
3.620832754,0.000000000,0.000000000,0.674752714,-0.000000000,-0.000000000,9.800000000,0.989077886,0.000000000,0.000000000,-0.147393810
3.629166086,0.000000000,0.000000000,0.674752714,0.000000000,0.000000000,9.800000000,0.989488370,0.000000000,0.000000000,-0.144612470
3.633332752,0.000000000,0.000000000,0.683855929,0.000000000,0.000000000,9.800000000,0.989693395,0.000000000,0.000000000,-0.143202600
3.637499418,0.000000000,0.000000000,0.683855929,0.000000000,-0.000000000,9.800000000,0.989896411,0.000000000,0.000000000,-0.141792439
3.641666084,0.000000000,0.000000000,0.683855929,0.000000000,0.000000000,9.800000000,0.990097418,0.000000000,0.000000000,-0.140381990
3.645832750,0.000000000,0.000000000,0.692695504,0.000000000,-0.000000000,9.800000000,0.990298974,0.000000000,0.000000000,-0.138953020
3.654166082,0.000000000,0.000000000,0.692695504,0.000000000,0.000000000,9.800000000,0.990695899,0.000000000,0.000000000,-0.136094214
3.658332748,0.000000000,0.000000000,0.701268032,-0.000000000,-0.000000000,9.800000000,0.990893672,0.000000000,0.000000000,-0.134646687
3.662499414,0.000000000,0.000000000,0.701268032,-0.000000000,-0.000000000,9.800000000,0.991089330,0.000000000,0.000000000,-0.133198873
3.666666080,0.000000000,0.000000000,0.701268032,-0.000000000,-0.000000000,9.800000000,0.991282872,0.000000000,0.000000000,-0.131750775
3.670832746,0.000000000,0.000000000,0.709570208,-0.000000000,0.000000000,9.800000000,0.991476553,0.000000000,0.000000000,-0.130285247
3.679166078,0.000000000,0.000000000,0.709570208,-0.000000000,0.000000000,9.800000000,0.991857413,0.000000000,0.000000000,-0.127353340
3.683332744,0.000000000,0.000000000,0.717598831,0.000000000,0.000000000,9.800000000,0.992046697,0.000000000,0.000000000,-0.125870374
3.687499410,0.000000000,0.000000000,0.717598831,-0.000000000,0.000000000,9.800000000,0.992233764,0.000000000,0.000000000,-0.124387126
3.691666076,0.000000000,0.000000000,0.717598831,-0.000000000,-0.000000000,9.800000000,0.992418614,0.000000000,0.000000000,-0.122903601
3.695832742,0.000000000,0.000000000,0.725350807,0.000000000,0.000000000,9.800000000,0.992603206,0.000000000,0.000000000,-0.121403771
3.704166074,0.000000000,0.000000000,0.725350807,0.000000000,0.000000000,9.800000000,0.992965590,0.000000000,0.000000000,-0.118403282
3.708332740,0.000000000,0.000000000,0.732823145,0.000000000,0.000000000,9.800000000,0.993145201,0.000000000,0.000000000,-0.116887169
3.712499406,0.000000000,0.000000000,0.732823145,0.000000000,0.000000000,9.800000000,0.993322497,0.000000000,0.000000000,-0.115370784
3.716666072,0.000000000,0.000000000,0.732823145,0.000000000,0.000000000,9.800000000,0.993497477,0.000000000,0.000000000,-0.113854130
3.720832738,0.000000000,0.000000000,0.740012967,0.000000000,-0.000000000,9.800000000,0.993671825,0.000000000,0.000000000,-0.112322327
3.729166070,0.000000000,0.000000000,0.740012967,0.000000000,0.000000000,9.800000000,0.994013434,0.000000000,0.000000000,-0.109257923
3.733332736,0.000000000,0.000000000,0.746917500,0.000000000,-0.000000000,9.800000000,0.994182244,0.000000000,0.000000000,-0.107711029
3.737499402,0.000000000,0.000000000,0.746917500,0.000000000,-0.000000000,9.800000000,0.994348647,0.000000000,0.000000000,-0.106163875
3.741666068,0.000000000,0.000000000,0.746917500,0.000000000,-0.000000000,9.800000000,0.994512642,0.000000000,0.000000000,-0.104616463
3.745832734,0.000000000,0.000000000,0.753534082,0.000000000,0.000000000,9.800000000,0.994675650,0.000000000,0.000000000,-0.103055086
3.754166066,0.000000000,0.000000000,0.753534082,0.000000000,0.000000000,9.800000000,0.994994312,0.000000000,0.000000000,-0.099931576
3.758332732,0.000000000,0.000000000,0.759860162,0.000000000,0.000000000,9.800000000,0.995151261,0.000000000,0.000000000,-0.098356334
3.762499398,0.000000000,0.000000000,0.759860162,0.000000000,0.000000000,9.800000000,0.995305716,0.000000000,0.000000000,-0.096780845
3.766666064,0.000000000,0.000000000,0.759860162,0.000000000,0.000000000,9.800000000,0.995457677,0.000000000,0.000000000,-0.095205114
3.770832730,0.000000000,0.000000000,0.765893301,-0.000000000,-0.000000000,9.800000000,0.995608320,0.000000000,0.000000000,-0.093616630
3.779166062,0.000000000,0.000000000,0.765893301,-0.000000000,-0.000000000,9.800000000,0.995902001,0.000000000,0.000000000,-0.090438952
3.783332728,0.000000000,0.000000000,0.771631175,0.000000000,0.000000000,9.800000000,0.996046101,0.000000000,0.000000000,-0.088837859
3.787499394,0.000000000,0.000000000,0.771631175,0.000000000,-0.000000000,9.800000000,0.996187626,0.000000000,0.000000000,-0.087236537
3.791666060,0.000000000,0.000000000,0.771631175,0.000000000,0.000000000,9.800000000,0.996326577,0.000000000,0.000000000,-0.085634989
3.795832726,0.000000000,0.000000000,0.777071570,-0.000000000,0.000000000,9.800000000,0.996463906,0.000000000,0.000000000,-0.084021925
3.804166058,0.000000000,0.000000000,0.777071570,-0.000000000,0.000000000,9.800000000,0.996730728,0.000000000,0.000000000,-0.080795142
3.808332724,0.000000000,0.000000000,0.782212389,0.000000000,0.000000000,9.800000000,0.996861069,0.000000000,0.000000000,-0.079170754
3.812499390,0.000000000,0.000000000,0.782212389,0.000000000,0.000000000,9.800000000,0.996988763,0.000000000,0.000000000,-0.077546156
3.816666056,0.000000000,0.000000000,0.782212389,0.000000000,0.000000000,9.800000000,0.997113809,0.000000000,0.000000000,-0.075921352
3.820832722,0.000000000,0.000000000,0.787051650,0.000000000,-0.000000000,9.800000000,0.997236956,0.000000000,0.000000000,-0.074286292
3.829166054,0.000000000,0.000000000,0.787051650,0.000000000,-0.000000000,9.800000000,0.997475207,0.000000000,0.000000000,-0.071015579
3.833332720,0.000000000,0.000000000,0.791587489,0.000000000,-0.000000000,9.800000000,0.997590965,0.000000000,0.000000000,-0.069370506
3.837499386,0.000000000,0.000000000,0.791587489,0.000000000,-0.000000000,9.800000000,0.997704010,0.000000000,0.000000000,-0.067725245
3.841666052,0.000000000,0.000000000,0.791587489,0.000000000,-0.000000000,9.800000000,0.997814341,0.000000000,0.000000000,-0.066079800
3.845832718,0.000000000,0.000000000,0.795818155,-0.000000000,0.000000000,9.800000000,0.997922527,0.000000000,0.000000000,-0.064425379
3.854166050,0.000000000,0.000000000,0.795818155,0.000000000,0.000000000,9.800000000,0.998130669,0.000000000,0.000000000,-0.061116011
3.858332716,0.000000000,0.000000000,0.799742018,0.000000000,0.000000000,9.800000000,0.998231111,0.000000000,0.000000000,-0.059452913
3.862499382,0.000000000,0.000000000,0.799742018,-0.000000000,-0.000000000,9.800000000,0.998328782,0.000000000,0.000000000,-0.057789649
3.866666048,0.000000000,0.000000000,0.799742018,-0.000000000,0.000000000,9.800000000,0.998423681,0.000000000,0.000000000,-0.056126225
3.870832714,0.000000000,0.000000000,0.803357566,-0.000000000,-0.000000000,9.800000000,0.998516219,0.000000000,0.000000000,-0.054455125
3.879166046,0.000000000,0.000000000,0.803357566,-0.000000000,-0.000000000,9.800000000,0.998692903,0.000000000,0.000000000,-0.051112470
3.883332712,0.000000000,0.000000000,0.806663404,0.000000000,0.000000000,9.800000000,0.998777390,0.000000000,0.000000000,-0.049434047
3.887499378,0.000000000,0.000000000,0.806663404,0.000000000,0.000000000,9.800000000,0.998859056,0.000000000,0.000000000,-0.047755484
3.891666044,0.000000000,0.000000000,0.806663404,0.000000000,0.000000000,9.800000000,0.998937901,0.000000000,0.000000000,-0.046076786
3.895832710,0.000000000,0.000000000,0.809658258,0.000000000,-0.000000000,9.800000000,0.999014201,0.000000000,0.000000000,-0.044391725
3.904166042,0.000000000,0.000000000,0.809658258,-0.000000000,-0.000000000,9.800000000,0.999158275,0.000000000,0.000000000,-0.041021229
3.908332708,0.000000000,0.000000000,0.812340973,0.000000000,0.000000000,9.800000000,0.999226268,0.000000000,0.000000000,-0.039330219
3.912499374,0.000000000,0.000000000,0.812340973,-0.000000000,0.000000000,9.800000000,0.999291398,0.000000000,0.000000000,-0.037639096
3.916666040,0.000000000,0.000000000,0.812340973,0.000000000,0.000000000,9.800000000,0.999353667,0.000000000,0.000000000,-0.035947865
3.920832706,0.000000000,0.000000000,0.814710516,0.000000000,-0.000000000,9.800000000,0.999413242,0.000000000,0.000000000,-0.034251598
3.929166038,0.000000000,0.000000000,0.814710516,0.000000000,-0.000000000,9.800000000,0.999523755,0.000000000,0.000000000,-0.030858772
3.933332704,0.000000000,0.000000000,0.816765972,-0.000000000,-0.000000000,9.800000000,0.999574817,0.000000000,0.000000000,-0.029157943
3.937499370,0.000000000,0.000000000,0.816765972,-0.000000000,-0.000000000,9.800000000,0.999622985,0.000000000,0.000000000,-0.027457030
3.941666036,0.000000000,0.000000000,0.816765972,-0.000000000,-0.000000000,9.800000000,0.999668258,0.000000000,0.000000000,-0.025756037
3.945832702,0.000000000,0.000000000,0.818506550,0.000000000,0.000000000,9.800000000,0.999710725,0.000000000,0.000000000,-0.024051344
3.954166034,0.000000000,0.000000000,0.818506550,0.000000000,0.000000000,9.800000000,0.999786936,0.000000000,0.000000000,-0.020641754
3.958332700,0.000000000,0.000000000,0.819931578,-0.000000000,-0.000000000,9.800000000,0.999820738,0.000000000,0.000000000,-0.018933898
3.962499366,0.000000000,0.000000000,0.819931578,-0.000000000,-0.000000000,9.800000000,0.999851622,0.000000000,0.000000000,-0.017225987
3.966666032,0.000000000,0.000000000,0.819931578,-0.000000000,-0.000000000,9.800000000,0.999879588,0.000000000,0.000000000,-0.015518026
3.970832698,0.000000000,0.000000000,0.821040507,0.000000000,0.000000000,9.800000000,0.999904669,0.000000000,0.000000000,-0.013807709
3.979166030,0.000000000,0.000000000,0.821040507,0.000000000,-0.000000000,9.800000000,0.999946054,0.000000000,0.000000000,-0.010386960
3.983332696,0.000000000,0.000000000,0.821832909,0.000000000,0.000000000,9.800000000,0.999962372,0.000000000,0.000000000,-0.008674886
3.987499362,0.000000000,0.000000000,0.821832909,0.000000000,0.000000000,9.800000000,0.999975760,0.000000000,0.000000000,-0.006962787
3.991666028,0.000000000,0.000000000,0.821832909,0.000000000,0.000000000,9.800000000,0.999986215,0.000000000,0.000000000,-0.005250668
3.995832694,0.000000000,0.000000000,0.822308479,-0.000000000,-0.000000000,9.800000000,0.999993743,0.000000000,0.000000000,-0.003537542
4.004166026,0.000000000,0.000000000,0.822308479,-0.000000000,-0.000000000,9.800000000,0.999999994,0.000000000,0.000000000,-0.000111265
4.008332692,0.000000000,0.000000000,0.822467033,0.000000000,-0.000000000,9.800000000,0.999998716,0.000000000,0.000000000,0.001602207
4.012499358,0.000000000,0.000000000,0.822467033,0.000000000,-0.000000000,9.800000000,0.999994503,0.000000000,0.000000000,0.003315675
4.016666024,0.000000000,0.000000000,0.822467033,0.000000000,-0.000000000,9.800000000,0.999987354,0.000000000,0.000000000,0.005029132
4.020832690,0.000000000,0.000000000,0.822308511,0.000000000,-0.000000000,9.800000000,0.999977271,0.000000000,0.000000000,0.006742245
4.029166022,0.000000000,0.000000000,0.822308511,0.000000000,-0.000000000,9.800000000,0.999948300,0.000000000,0.000000000,0.010168406
4.033332688,0.000000000,0.000000000,0.821832974,0.000000000,-0.000000000,9.800000000,0.999929425,0.000000000,0.000000000,0.011880453
4.037499354,0.000000000,0.000000000,0.821832974,-0.000000000,-0.000000000,9.800000000,0.999907618,0.000000000,0.000000000,0.013592466
4.041666020,0.000000000,0.000000000,0.821832974,-0.000000000,-0.000000000,9.800000000,0.999882880,0.000000000,0.000000000,0.015304439
4.045832686,0.000000000,0.000000000,0.821040604,0.000000000,0.000000000,9.800000000,0.999855239,0.000000000,0.000000000,0.017014716
4.054166018,0.000000000,0.000000000,0.821040604,0.000000000,0.000000000,9.800000000,0.999791181,0.000000000,0.000000000,0.020435117
4.058332684,0.000000000,0.000000000,0.819931708,-0.000000000,0.000000000,9.800000000,0.999754815,0.000000000,0.000000000,0.022142920
4.062499350,0.000000000,0.000000000,0.819931708,-0.000000000,0.000000000,9.800000000,0.999715533,0.000000000,0.000000000,0.023850659
4.066666016,0.000000000,0.000000000,0.819931708,0.000000000,0.000000000,9.800000000,0.999673333,0.000000000,0.000000000,0.025558328
4.070832682,0.000000000,0.000000000,0.818506712,0.000000000,-0.000000000,9.800000000,0.999628297,0.000000000,0.000000000,0.027262955
4.079166014,0.000000000,0.000000000,0.818506712,0.000000000,0.000000000,9.800000000,0.999529505,0.000000000,0.000000000,0.030671966
4.083332680,0.000000000,0.000000000,0.816766167,-0.000000000,0.000000000,9.800000000,0.999475866,0.000000000,0.000000000,0.032372717
4.087499346,0.000000000,0.000000000,0.816766167,-0.000000000,-0.000000000,9.800000000,0.999419334,0.000000000,0.000000000,0.034073373
4.091666012,0.000000000,0.000000000,0.816766167,-0.000000000,-0.000000000,9.800000000,0.999359908,0.000000000,0.000000000,0.035773931
4.095832678,0.000000000,0.000000000,0.814710743,-0.000000000,-0.000000000,9.800000000,0.999297749,0.000000000,0.000000000,0.037470106
4.104166010,0.000000000,0.000000000,0.814710743,-0.000000000,-0.000000000,9.800000000,0.999164795,0.000000000,0.000000000,0.040862127
4.108332676,0.000000000,0.000000000,0.812341232,0.000000000,0.000000000,9.800000000,0.999094210,0.000000000,0.000000000,0.042553031
4.112499342,0.000000000,0.000000000,0.812341232,0.000000000,0.000000000,9.800000000,0.999020763,0.000000000,0.000000000,0.044243814
4.116666008,0.000000000,0.000000000,0.812341232,-0.000000000,0.000000000,9.800000000,0.998944455,0.000000000,0.000000000,0.045934470
4.120832674,0.000000000,0.000000000,0.809658549,-0.000000000,0.000000000,9.800000000,0.998865552,0.000000000,0.000000000,0.047619412
4.129166006,0.000000000,0.000000000,0.809658549,0.000000000,0.000000000,9.800000000,0.998699221,0.000000000,0.000000000,0.050988884
4.133332672,0.000000000,0.000000000,0.806663726,0.000000000,0.000000000,9.800000000,0.998612121,0.000000000,0.000000000,0.052667174
4.137499338,0.000000000,0.000000000,0.806663726,0.000000000,0.000000000,9.800000000,0.998522201,0.000000000,0.000000000,0.054345316
4.141666004,0.000000000,0.000000000,0.806663726,0.000000000,0.000000000,9.800000000,0.998429461,0.000000000,0.000000000,0.056023304
4.145832670,0.000000000,0.000000000,0.803357920,0.000000000,0.000000000,9.800000000,0.998334299,0.000000000,0.000000000,0.057694258
4.154166002,0.000000000,0.000000000,0.803357920,0.000000000,0.000000000,9.800000000,0.998135585,0.000000000,0.000000000,0.061035677
4.158332668,0.000000000,0.000000000,0.799742404,-0.000000000,0.000000000,9.800000000,0.998032506,0.000000000,0.000000000,0.062698615
4.162499334,0.000000000,0.000000000,0.799742404,-0.000000000,0.000000000,9.800000000,0.997926657,0.000000000,0.000000000,0.064361379
4.166666000,0.000000000,0.000000000,0.799742404,-0.000000000,0.000000000,9.800000000,0.997818038,0.000000000,0.000000000,0.066023964
4.170832666,0.000000000,0.000000000,0.795818572,0.000000000,-0.000000000,9.800000000,0.997707201,0.000000000,0.000000000,0.067678210
4.179165998,0.000000000,0.000000000,0.795818572,0.000000000,-0.000000000,9.800000000,0.997477302,0.000000000,0.000000000,0.070986139
4.183332664,0.000000000,0.000000000,0.791587937,0.000000000,0.000000000,9.800000000,0.997358879,0.000000000,0.000000000,0.072631023
4.187499330,0.000000000,0.000000000,0.791587937,0.000000000,0.000000000,9.800000000,0.997237744,0.000000000,0.000000000,0.074275709
4.191665996,0.000000000,0.000000000,0.791587937,0.000000000,0.000000000,9.800000000,0.997113897,0.000000000,0.000000000,0.075920193
4.195832662,0.000000000,0.000000000,0.787052130,-0.000000000,-0.000000000,9.800000000,0.996988071,0.000000000,0.000000000,0.077555050
4.204165994,0.000000000,0.000000000,0.787052130,-0.000000000,0.000000000,9.800000000,0.996728378,0.000000000,0.000000000,0.080824133
4.208332660,0.000000000,0.000000000,0.782212900,0.000000000,-0.000000000,9.800000000,0.996595343,0.000000000,0.000000000,0.082448304
4.212499326,0.000000000,0.000000000,0.782212900,0.000000000,-0.000000000,9.800000000,0.996459661,0.000000000,0.000000000,0.084072255
4.216665992,0.000000000,0.000000000,0.782212900,-0.000000000,0.000000000,9.800000000,0.996321333,0.000000000,0.000000000,0.085695983
4.220832658,0.000000000,0.000000000,0.777072111,0.000000000,0.000000000,9.800000000,0.996181294,0.000000000,0.000000000,0.087308815
4.229165990,0.000000000,0.000000000,0.777072111,0.000000000,0.000000000,9.800000000,0.995893385,0.000000000,0.000000000,0.090533787
4.233332656,0.000000000,0.000000000,0.771631747,0.000000000,0.000000000,9.800000000,0.995746559,0.000000000,0.000000000,0.092134634
4.237499322,0.000000000,0.000000000,0.771631747,0.000000000,0.000000000,9.800000000,0.995597160,0.000000000,0.000000000,0.093735242
4.241665988,0.000000000,0.000000000,0.771631747,-0.000000000,-0.000000000,9.800000000,0.995445188,0.000000000,0.000000000,0.095335609
4.245832654,0.000000000,0.000000000,0.765893904,0.000000000,0.000000000,9.800000000,0.995291802,0.000000000,0.000000000,0.096923831
4.254165986,0.000000000,0.000000000,0.765893904,0.000000000,-0.000000000,9.800000000,0.994977429,0.000000000,0.000000000,0.100099531
4.258332652,0.000000000,0.000000000,0.759860795,-0.000000000,-0.000000000,9.800000000,0.994817720,0.000000000,0.000000000,0.101674497
4.262499318,0.000000000,0.000000000,0.759860795,0.000000000,-0.000000000,9.800000000,0.994655519,0.000000000,0.000000000,0.103249208
4.266665984,0.000000000,0.000000000,0.759860795,-0.000000000,-0.000000000,9.800000000,0.994490825,0.000000000,0.000000000,0.104823661
4.270832650,0.000000000,0.000000000,0.753534744,0.000000000,-0.000000000,9.800000000,0.994325040,0.000000000,0.000000000,0.106384746
4.279165982,0.000000000,0.000000000,0.753534744,0.000000000,-0.000000000,9.800000000,0.993986121,0.000000000,0.000000000,0.109506127
4.283332648,0.000000000,0.000000000,0.746918192,0.000000000,-0.000000000,9.800000000,0.993814517,0.000000000,0.000000000,0.111052715
4.287499314,0.000000000,0.000000000,0.746918192,0.000000000,-0.000000000,9.800000000,0.993640507,0.000000000,0.000000000,0.112599034
4.291665980,0.000000000,0.000000000,0.746918192,-0.000000000,-0.000000000,9.800000000,0.993464091,0.000000000,0.000000000,0.114145080
4.295832646,0.000000000,0.000000000,0.740013689,-0.000000000,0.000000000,9.800000000,0.993286934,0.000000000,0.000000000,0.115676563
4.304165978,0.000000000,0.000000000,0.740013689,-0.000000000,0.000000000,9.800000000,0.992925537,0.000000000,0.000000000,0.118738699
4.308332644,0.000000000,0.000000000,0.732823896,0.000000000,-0.000000000,9.800000000,0.992743099,0.000000000,0.000000000,0.120254475
4.312499310,0.000000000,0.000000000,0.732823896,0.000000000,0.000000000,9.800000000,0.992558348,0.000000000,0.000000000,0.121769971
4.316665976,0.000000000,0.000000000,0.732823896,0.000000000,-0.000000000,9.800000000,0.992371283,0.000000000,0.000000000,0.123285184
4.320832642,0.000000000,0.000000000,0.725351586,-0.000000000,0.000000000,9.800000000,0.992183848,0.000000000,0.000000000,0.124784663
4.329165974,0.000000000,0.000000000,0.725351586,-0.000000000,0.000000000,9.800000000,0.991802180,0.000000000,0.000000000,0.127782764
4.333332640,0.000000000,0.000000000,0.717599639,0.000000000,0.000000000,9.800000000,0.991610037,0.000000000,0.000000000,0.129265364
4.337499306,0.000000000,0.000000000,0.717599639,0.000000000,0.000000000,9.800000000,0.991415677,0.000000000,0.000000000,0.130747675
4.341665972,0.000000000,0.000000000,0.717599639,0.000000000,0.000000000,9.800000000,0.991219102,0.000000000,0.000000000,0.132229694
4.345832638,0.000000000,0.000000000,0.709571044,-0.000000000,0.000000000,9.800000000,0.991022547,0.000000000,0.000000000,0.133694841
4.354165970,0.000000000,0.000000000,0.709571044,-0.000000000,0.000000000,9.800000000,0.990622942,0.000000000,0.000000000,0.136624256
4.358332636,0.000000000,0.000000000,0.701268896,0.000000000,-0.000000000,9.800000000,0.990422280,0.000000000,0.000000000,0.138071386
4.362499302,0.000000000,0.000000000,0.701268896,0.000000000,-0.000000000,9.800000000,0.990219504,0.000000000,0.000000000,0.139518222
4.366665968,0.000000000,0.000000000,0.701268896,0.000000000,-0.000000000,9.800000000,0.990014614,0.000000000,0.000000000,0.140964760
4.370832634,0.000000000,0.000000000,0.692696396,-0.000000000,0.000000000,9.800000000,0.989810155,0.000000000,0.000000000,0.142393320
4.379165966,0.000000000,0.000000000,0.692696396,-0.000000000,0.000000000,9.800000000,0.989395052,0.000000000,0.000000000,0.145249547
4.383332632,0.000000000,0.000000000,0.683856848,0.000000000,0.000000000,9.800000000,0.989187111,0.000000000,0.000000000,0.146658992
4.387499298,0.000000000,0.000000000,0.683856848,0.000000000,0.000000000,9.800000000,0.988977162,0.000000000,0.000000000,0.148068139
4.391665964,0.000000000,0.000000000,0.683856848,0.000000000,0.000000000,9.800000000,0.988765205,0.000000000,0.000000000,0.149476986
4.395832630,0.000000000,0.000000000,0.674753660,0.000000000,0.000000000,9.800000000,0.988554103,0.000000000,0.000000000,0.150866781
4.404165962,0.000000000,0.000000000,0.674753660,0.000000000,-0.000000000,9.800000000,0.988126039,0.000000000,0.000000000,0.153645474
4.408332628,0.000000000,0.000000000,0.665390342,-0.000000000,0.000000000,9.800000000,0.987912101,0.000000000,0.000000000,0.155015096
4.412499294,0.000000000,0.000000000,0.665390342,0.000000000,0.000000000,9.800000000,0.987696266,0.000000000,0.000000000,0.156384420
4.416665960,0.000000000,0.000000000,0.665390342,-0.000000000,0.000000000,9.800000000,0.987478532,0.000000000,0.000000000,0.157753443
4.420832626,0.000000000,0.000000000,0.655770503,0.000000000,0.000000000,9.800000000,0.987262090,0.000000000,0.000000000,0.159102377
4.429165958,0.000000000,0.000000000,0.655770503,0.000000000,0.000000000,9.800000000,0.986823677,0.000000000,0.000000000,0.161799351
4.433332624,0.000000000,0.000000000,0.645897853,0.000000000,-0.000000000,9.800000000,0.986605063,0.000000000,0.000000000,0.163127094
4.437499290,0.000000000,0.000000000,0.645897853,0.000000000,-0.000000000,9.800000000,0.986384663,0.000000000,0.000000000,0.164454542
4.441665956,0.000000000,0.000000000,0.645897853,0.000000000,-0.000000000,9.800000000,0.986162477,0.000000000,0.000000000,0.165781692
4.445832622,0.000000000,0.000000000,0.635776196,-0.000000000,-0.000000000,9.800000000,0.985942028,0.000000000,0.000000000,0.167087752
4.454165954,0.000000000,0.000000000,0.635776196,0.000000000,0.000000000,9.800000000,0.985495943,0.000000000,0.000000000,0.169698989
4.458332620,0.000000000,0.000000000,0.625409436,-0.000000000,-0.000000000,9.800000000,0.985273999,0.000000000,0.000000000,0.170982883
4.462499286,0.000000000,0.000000000,0.625409436,0.000000000,-0.000000000,9.800000000,0.985050383,0.000000000,0.000000000,0.172266486
4.466665952,0.000000000,0.000000000,0.625409436,-0.000000000,-0.000000000,9.800000000,0.984825095,0.000000000,0.000000000,0.173549797
4.470832618,0.000000000,0.000000000,0.614801569,-0.000000000,0.000000000,9.800000000,0.984601998,0.000000000,0.000000000,0.174811055
4.479165950,0.000000000,0.000000000,0.614801569,-0.000000000,0.000000000,9.800000000,0.984150960,0.000000000,0.000000000,0.177332706
4.483332616,0.000000000,0.000000000,0.603956684,-0.000000000,0.000000000,9.800000000,0.983927053,0.000000000,0.000000000,0.178570867
4.487499282,0.000000000,0.000000000,0.603956684,-0.000000000,0.000000000,9.800000000,0.983701589,0.000000000,0.000000000,0.179808744
4.491665948,0.000000000,0.000000000,0.603956684,0.000000000,0.000000000,9.800000000,0.983474567,0.000000000,0.000000000,0.181046337
4.495832614,0.000000000,0.000000000,0.592878962,0.000000000,0.000000000,9.800000000,0.983250195,0.000000000,0.000000000,0.182260951
4.504165946,0.000000000,0.000000000,0.592878962,0.000000000,0.000000000,9.800000000,0.982796951,0.000000000,0.000000000,0.184689344
4.508332612,0.000000000,0.000000000,0.581572674,-0.000000000,-0.000000000,9.800000000,0.982572458,0.000000000,0.000000000,0.185879974
4.512499278,0.000000000,0.000000000,0.581572674,0.000000000,-0.000000000,9.800000000,0.982346523,0.000000000,0.000000000,0.187070332
4.516665944,0.000000000,0.000000000,0.581572674,0.000000000,-0.000000000,9.800000000,0.982119146,0.000000000,0.000000000,0.188260414
4.520832610,0.000000000,0.000000000,0.570042179,0.000000000,0.000000000,9.800000000,0.981894877,0.000000000,0.000000000,0.189426634
4.529165942,0.000000000,0.000000000,0.570042179,0.000000000,0.000000000,9.800000000,0.981442187,0.000000000,0.000000000,0.191758270
4.533332608,0.000000000,0.000000000,0.558291922,0.000000000,0.000000000,9.800000000,0.981218487,0.000000000,0.000000000,0.192899663
4.537499274,0.000000000,0.000000000,0.558291922,0.000000000,0.000000000,9.800000000,0.980993461,0.000000000,0.000000000,0.194040796
4.541665940,0.000000000,0.000000000,0.558291922,0.000000000,0.000000000,9.800000000,0.980767107,0.000000000,0.000000000,0.195181665
4.545832606,0.000000000,0.000000000,0.546326433,0.000000000,0.000000000,9.800000000,0.980544320,0.000000000,0.000000000,0.196297828
4.554165938,0.000000000,0.000000000,0.546326433,0.000000000,0.000000000,9.800000000,0.980094935,0.000000000,0.000000000,0.198529389
4.558332604,0.000000000,0.000000000,0.534150325,0.000000000,0.000000000,9.800000000,0.979873402,0.000000000,0.000000000,0.199619928
4.562499270,0.000000000,0.000000000,0.534150325,0.000000000,0.000000000,9.800000000,0.979650656,0.000000000,0.000000000,0.200710220
4.566665936,0.000000000,0.000000000,0.534150325,0.000000000,0.000000000,9.800000000,0.979426696,0.000000000,0.000000000,0.201800264
4.570832602,0.000000000,0.000000000,0.521768291,-0.000000000,0.000000000,9.800000000,0.979206757,0.000000000,0.000000000,0.202864798
4.579165934,0.000000000,0.000000000,0.521768291,-0.000000000,0.000000000,9.800000000,0.978763409,0.000000000,0.000000000,0.204993146
4.583332600,0.000000000,0.000000000,0.509185107,0.000000000,0.000000000,9.800000000,0.978545401,0.000000000,0.000000000,0.206031305
4.587499266,0.000000000,0.000000000,0.509185107,0.000000000,0.000000000,9.800000000,0.978326292,0.000000000,0.000000000,0.207069232
4.591665932,0.000000000,0.000000000,0.509185107,-0.000000000,0.000000000,9.800000000,0.978106082,0.000000000,0.000000000,0.208106926
4.595832598,0.000000000,0.000000000,0.496405621,0.000000000,0.000000000,9.800000000,0.977890339,0.000000000,0.000000000,0.209118350
4.604165930,0.000000000,0.000000000,0.496405621,0.000000000,0.000000000,9.800000000,0.977455717,0.000000000,0.000000000,0.211140527
4.608332596,0.000000000,0.000000000,0.483434762,0.000000000,0.000000000,9.800000000,0.977242569,0.000000000,0.000000000,0.212124870
4.612499262,0.000000000,0.000000000,0.483434762,0.000000000,0.000000000,9.800000000,0.977028431,0.000000000,0.000000000,0.213108997
4.616665928,0.000000000,0.000000000,0.483434762,-0.000000000,-0.000000000,9.800000000,0.976813302,0.000000000,0.000000000,0.214092909
4.620832594,0.000000000,0.000000000,0.470277530,0.000000000,-0.000000000,9.800000000,0.976603077,0.000000000,0.000000000,0.215049834
4.629165926,0.000000000,0.000000000,0.470277530,0.000000000,0.000000000,9.800000000,0.976179814,0.000000000,0.000000000,0.216963063
4.633332592,0.000000000,0.000000000,0.456938996,-0.000000000,0.000000000,9.800000000,0.975972832,0.000000000,0.000000000,0.217892245
4.637499258,0.000000000,0.000000000,0.456938996,-0.000000000,0.000000000,9.800000000,0.975764966,0.000000000,0.000000000,0.218821229
4.641665924,0.000000000,0.000000000,0.456938996,0.000000000,0.000000000,9.800000000,0.975556216,0.000000000,0.000000000,0.219750015
4.645832590,0.000000000,0.000000000,0.443424304,0.000000000,0.000000000,9.800000000,0.975352795,0.000000000,0.000000000,0.220651141
4.654165922,0.000000000,0.000000000,0.443424304,0.000000000,0.000000000,9.800000000,0.974943455,0.000000000,0.000000000,0.222452826
4.658332588,0.000000000,0.000000000,0.429738664,-0.000000000,0.000000000,9.800000000,0.974743905,0.000000000,0.000000000,0.223325592
4.662499254,0.000000000,0.000000000,0.429738664,-0.000000000,0.000000000,9.800000000,0.974543573,0.000000000,0.000000000,0.224198180
4.666665920,0.000000000,0.000000000,0.429738664,-0.000000000,0.000000000,9.800000000,0.974342461,0.000000000,0.000000000,0.225070588
4.670832586,0.000000000,0.000000000,0.415887351,-0.000000000,-0.000000000,9.800000000,0.974147087,0.000000000,0.000000000,0.225914705
4.679165918,0.000000000,0.000000000,0.415887351,-0.000000000,-0.000000000,9.800000000,0.973754145,0.000000000,0.000000000,0.227602429
4.683332584,0.000000000,0.000000000,0.401875706,0.000000000,-0.000000000,9.800000000,0.973563245,0.000000000,0.000000000,0.228417616
4.687499250,0.000000000,0.000000000,0.401875706,-0.000000000,-0.000000000,9.800000000,0.973371664,0.000000000,0.000000000,0.229232643
4.691665916,0.000000000,0.000000000,0.401875706,-0.000000000,-0.000000000,9.800000000,0.973179400,0.000000000,0.000000000,0.230047509
4.695832582,0.000000000,0.000000000,0.387709130,0.000000000,0.000000000,9.800000000,0.972993266,0.000000000,0.000000000,0.230833497
4.704165914,0.000000000,0.000000000,0.387709130,0.000000000,0.000000000,9.800000000,0.972619096,0.000000000,0.000000000,0.232405022
4.708332580,0.000000000,0.000000000,0.373393085,-0.000000000,-0.000000000,9.800000000,0.972438013,0.000000000,0.000000000,0.233161554
4.712499246,0.000000000,0.000000000,0.373393085,-0.000000000,-0.000000000,9.800000000,0.972256342,0.000000000,0.000000000,0.233917945
4.716665912,0.000000000,0.000000000,0.373393085,0.000000000,-0.000000000,9.800000000,0.972074083,0.000000000,0.000000000,0.234674194
4.720832578,0.000000000,0.000000000,0.358933090,0.000000000,0.000000000,9.800000000,0.971898327,0.000000000,0.000000000,0.235401023
4.729165910,0.000000000,0.000000000,0.358933090,-0.000000000,-0.000000000,9.800000000,0.971545185,0.000000000,0.000000000,0.236854286
4.733332576,0.000000000,0.000000000,0.344334719,0.000000000,0.000000000,9.800000000,0.971375025,0.000000000,0.000000000,0.237551177
4.737499242,0.000000000,0.000000000,0.344334719,-0.000000000,0.000000000,9.800000000,0.971204364,0.000000000,0.000000000,0.238247945
4.741665908,0.000000000,0.000000000,0.344334719,-0.000000000,0.000000000,9.800000000,0.971033204,0.000000000,0.000000000,0.238944590
4.745832574,0.000000000,0.000000000,0.329603601,0.000000000,0.000000000,9.800000000,0.970868898,0.000000000,0.000000000,0.239611317
4.754165906,0.000000000,0.000000000,0.329603601,-0.000000000,0.000000000,9.800000000,0.970538913,0.000000000,0.000000000,0.240944432
4.758332572,0.000000000,0.000000000,0.314745414,0.000000000,0.000000000,9.800000000,0.970380712,0.000000000,0.000000000,0.241580781
4.762499238,0.000000000,0.000000000,0.314745414,-0.000000000,0.000000000,9.800000000,0.970222094,0.000000000,0.000000000,0.242217027
4.766665904,0.000000000,0.000000000,0.314745414,0.000000000,0.000000000,9.800000000,0.970063059,0.000000000,0.000000000,0.242853168
4.770832570,0.000000000,0.000000000,0.299765888,-0.000000000,-0.000000000,9.800000000,0.969911205,0.000000000,0.000000000,0.243458937
4.779165902,0.000000000,0.000000000,0.299765888,-0.000000000,-0.000000000,9.800000000,0.969606363,0.000000000,0.000000000,0.244670190
4.783332568,0.000000000,0.000000000,0.284670795,0.000000000,0.000000000,9.800000000,0.969461087,0.000000000,0.000000000,0.245245185
4.787499234,0.000000000,0.000000000,0.284670795,0.000000000,0.000000000,9.800000000,0.969315470,0.000000000,0.000000000,0.245820095
4.791665900,0.000000000,0.000000000,0.284670795,0.000000000,0.000000000,9.800000000,0.969169513,0.000000000,0.000000000,0.246394917
4.795832566,0.000000000,0.000000000,0.269465957,-0.000000000,-0.000000000,9.800000000,0.969031037,0.000000000,0.000000000,0.246938958
4.804165898,0.000000000,0.000000000,0.269465957,-0.000000000,-0.000000000,9.800000000,0.968753170,0.000000000,0.000000000,0.248026806
4.808332564,0.000000000,0.000000000,0.254157234,0.000000000,0.000000000,9.800000000,0.968621705,0.000000000,0.000000000,0.248539720
4.812499230,0.000000000,0.000000000,0.254157234,0.000000000,0.000000000,9.800000000,0.968489969,0.000000000,0.000000000,0.249052565
4.816665896,0.000000000,0.000000000,0.254157234,0.000000000,0.000000000,9.800000000,0.968357961,0.000000000,0.000000000,0.249565339
4.820832562,0.000000000,0.000000000,0.238750529,0.000000000,-0.000000000,9.800000000,0.968233709,0.000000000,0.000000000,0.250046967
4.829165894,0.000000000,0.000000000,0.238750529,-0.000000000,-0.000000000,9.800000000,0.967984484,0.000000000,0.000000000,0.251010036
4.833332560,0.000000000,0.000000000,0.223251781,0.000000000,-0.000000000,9.800000000,0.967867633,0.000000000,0.000000000,0.251460226
4.837499226,0.000000000,0.000000000,0.223251781,-0.000000000,0.000000000,9.800000000,0.967750572,0.000000000,0.000000000,0.251910362
4.841665892,0.000000000,0.000000000,0.223251781,0.000000000,0.000000000,9.800000000,0.967633302,0.000000000,0.000000000,0.252360443
4.845832558,0.000000000,0.000000000,0.207666966,0.000000000,0.000000000,9.800000000,0.967524030,0.000000000,0.000000000,0.252779056
4.854165890,0.000000000,0.000000000,0.207666966,-0.000000000,-0.000000000,9.800000000,0.967304944,0.000000000,0.000000000,0.253616139
4.858332556,0.000000000,0.000000000,0.192002091,-0.000000000,-0.000000000,9.800000000,0.967203419,0.000000000,0.000000000,0.254003045
4.862499222,0.000000000,0.000000000,0.192002091,0.000000000,0.000000000,9.800000000,0.967101739,0.000000000,0.000000000,0.254389910
4.866665888,0.000000000,0.000000000,0.192002091,0.000000000,-0.000000000,9.800000000,0.966999905,0.000000000,0.000000000,0.254776735
4.870832554,0.000000000,0.000000000,0.176263195,0.000000000,0.000000000,9.800000000,0.966906282,0.000000000,0.000000000,0.255131814
4.879165886,0.000000000,0.000000000,0.176263195,0.000000000,0.000000000,9.800000000,0.966718644,0.000000000,0.000000000,0.255841870
4.883332552,0.000000000,0.000000000,0.160456347,-0.000000000,-0.000000000,9.800000000,0.966633067,0.000000000,0.000000000,0.256165015
4.887499218,0.000000000,0.000000000,0.160456347,-0.000000000,-0.000000000,9.800000000,0.966547381,0.000000000,0.000000000,0.256488130
4.891665884,0.000000000,0.000000000,0.160456347,0.000000000,-0.000000000,9.800000000,0.966461587,0.000000000,0.000000000,0.256811217
4.895832550,0.000000000,0.000000000,0.144587639,0.000000000,0.000000000,9.800000000,0.966384185,0.000000000,0.000000000,0.257102327
4.904165882,0.000000000,0.000000000,0.144587639,0.000000000,-0.000000000,9.800000000,0.966229119,0.000000000,0.000000000,0.257684477
4.908332548,0.000000000,0.000000000,0.128663191,-0.000000000,-0.000000000,9.800000000,0.966160012,0.000000000,0.000000000,0.257943464
4.912499214,0.000000000,0.000000000,0.128663191,-0.000000000,-0.000000000,9.800000000,0.966090836,0.000000000,0.000000000,0.258202432
4.916665880,0.000000000,0.000000000,0.128663191,-0.000000000,-0.000000000,9.800000000,0.966021591,0.000000000,0.000000000,0.258461382
4.920832546,0.000000000,0.000000000,0.112689140,0.000000000,0.000000000,9.800000000,0.965960886,0.000000000,0.000000000,0.258688167
4.929165878,0.000000000,0.000000000,0.112689140,0.000000000,0.000000000,9.800000000,0.965839315,0.000000000,0.000000000,0.259141694
4.933332544,0.000000000,0.000000000,0.096671646,-0.000000000,0.000000000,9.800000000,0.965787105,0.000000000,0.000000000,0.259336208
4.937499210,0.000000000,0.000000000,0.096671646,-0.000000000,0.000000000,9.800000000,0.965734855,0.000000000,0.000000000,0.259530711
4.941665876,0.000000000,0.000000000,0.096671646,0.000000000,0.000000000,9.800000000,0.965682566,0.000000000,0.000000000,0.259725204
4.945832542,0.000000000,0.000000000,0.080616882,-0.000000000,-0.000000000,9.800000000,0.965638931,0.000000000,0.000000000,0.259887389
4.954165874,0.000000000,0.000000000,0.080616882,-0.000000000,-0.000000000,9.800000000,0.965551579,0.000000000,0.000000000,0.260211736
4.958332540,0.000000000,0.000000000,0.064531040,0.000000000,-0.000000000,9.800000000,0.965516588,0.000000000,0.000000000,0.260341542
4.962499206,0.000000000,0.000000000,0.064531040,0.000000000,0.000000000,9.800000000,0.965481579,0.000000000,0.000000000,0.260471343
4.966665872,0.000000000,0.000000000,0.064531040,0.000000000,0.000000000,9.800000000,0.965446553,0.000000000,0.000000000,0.260601140
4.970832538,0.000000000,0.000000000,0.048420319,-0.000000000,0.000000000,9.800000000,0.965420259,0.000000000,0.000000000,0.260698528
4.979165870,0.000000000,0.000000000,0.048420319,-0.000000000,0.000000000,9.800000000,0.965367643,0.000000000,0.000000000,0.260893298
4.983332536,0.000000000,0.000000000,0.032290932,0.000000000,-0.000000000,9.800000000,0.965350090,0.000000000,0.000000000,0.260958240
4.987499202,0.000000000,0.000000000,0.032290932,0.000000000,0.000000000,9.800000000,0.965332533,0.000000000,0.000000000,0.261023181
4.991665868,0.000000000,0.000000000,0.032290932,0.000000000,0.000000000,9.800000000,0.965314971,0.000000000,0.000000000,0.261088121
4.995832534,0.000000000,0.000000000,0.016149096,0.000000000,0.000000000,9.800000000,0.965306186,0.000000000,0.000000000,0.261120598
5.004165866,0.000000000,0.000000000,0.016149096,0.000000000,0.000000000,9.800000000,0.965288614,0.000000000,0.000000000,0.261185551
5.008332532,0.000000000,0.000000000,0.000001034,0.000000000,-0.000000000,9.800000000,0.965288613,0.000000000,0.000000000,0.261185553
5.012499198,0.000000000,0.000000000,0.000001034,0.000000000,0.000000000,9.800000000,0.965288613,0.000000000,0.000000000,0.261185555
5.016665864,0.000000000,0.000000000,0.000001034,0.000000000,-0.000000000,9.800000000,0.965288612,0.000000000,0.000000000,0.261185557
5.020832530,0.000000000,0.000000000,-0.016147029,0.000000000,-0.000000000,9.800000000,0.965297398,0.000000000,0.000000000,0.261153085
5.029165862,0.000000000,0.000000000,-0.016147029,-0.000000000,-0.000000000,9.800000000,0.965314966,0.000000000,0.000000000,0.261088140
5.033332528,0.000000000,0.000000000,-0.032288866,0.000000000,0.000000000,9.800000000,0.965332527,0.000000000,0.000000000,0.261023204
5.037499194,0.000000000,0.000000000,-0.032288866,0.000000000,0.000000000,9.800000000,0.965350083,0.000000000,0.000000000,0.260958267
5.041665860,0.000000000,0.000000000,-0.032288866,0.000000000,0.000000000,9.800000000,0.965367635,0.000000000,0.000000000,0.260893329
5.045832526,0.000000000,0.000000000,-0.048418256,0.000000000,-0.000000000,9.800000000,0.965393947,0.000000000,0.000000000,0.260795950
5.054165858,0.000000000,0.000000000,-0.048418256,0.000000000,-0.000000000,9.800000000,0.965446541,0.000000000,0.000000000,0.260601183
5.058332524,0.000000000,0.000000000,-0.064528979,-0.000000000,0.000000000,9.800000000,0.965481566,0.000000000,0.000000000,0.260471391
5.062499190,0.000000000,0.000000000,-0.064528979,-0.000000000,0.000000000,9.800000000,0.965516574,0.000000000,0.000000000,0.260341594
5.066665856,0.000000000,0.000000000,-0.064528979,-0.000000000,0.000000000,9.800000000,0.965551564,0.000000000,0.000000000,0.260211792
5.070832522,0.000000000,0.000000000,-0.080614825,-0.000000000,0.000000000,9.800000000,0.965595253,0.000000000,0.000000000,0.260049626
5.079165854,0.000000000,0.000000000,-0.080614825,0.000000000,0.000000000,9.800000000,0.965682548,0.000000000,0.000000000,0.259725273
5.083332520,0.000000000,0.000000000,-0.096669593,0.000000000,0.000000000,9.800000000,0.965734835,0.000000000,0.000000000,0.259530784
5.087499186,0.000000000,0.000000000,-0.096669593,0.000000000,0.000000000,9.800000000,0.965787084,0.000000000,0.000000000,0.259336284
5.091665852,0.000000000,0.000000000,-0.096669593,0.000000000,0.000000000,9.800000000,0.965839293,0.000000000,0.000000000,0.259141775
5.095832518,0.000000000,0.000000000,-0.112687092,0.000000000,0.000000000,9.800000000,0.965900104,0.000000000,0.000000000,0.258915022
5.104165850,0.000000000,0.000000000,-0.112687092,0.000000000,0.000000000,9.800000000,0.966021566,0.000000000,0.000000000,0.258461475
5.108332516,0.000000000,0.000000000,-0.128661149,0.000000000,0.000000000,9.800000000,0.966090810,0.000000000,0.000000000,0.258202530
5.112499182,0.000000000,0.000000000,-0.128661149,0.000000000,0.000000000,9.800000000,0.966159985,0.000000000,0.000000000,0.257943566
5.116665848,0.000000000,0.000000000,-0.128661149,0.000000000,0.000000000,9.800000000,0.966229091,0.000000000,0.000000000,0.257684583
5.120832514,0.000000000,0.000000000,-0.144585605,0.000000000,-0.000000000,9.800000000,0.966306667,0.000000000,0.000000000,0.257393524
5.129165846,0.000000000,0.000000000,-0.144585605,0.000000000,0.000000000,9.800000000,0.966461555,0.000000000,0.000000000,0.256811335
5.133332512,0.000000000,0.000000000,-0.144585605,0.000000000,0.000000000,9.800000000,0.966538868,0.000000000,0.000000000,0.256520206
5.137499178,0.000000000,0.000000000,-0.160454319,-0.000000000,-0.000000000,9.800000000,0.966624564,0.000000000,0.000000000,0.256197097
5.141665844,0.000000000,0.000000000,-0.160454319,-0.000000000,0.000000000,9.800000000,0.966710151,0.000000000,0.000000000,0.255873960
5.145832510,0.000000000,0.000000000,-0.176261176,-0.000000000,-0.000000000,9.800000000,0.966804046,0.000000000,0.000000000,0.255518956
5.154165842,0.000000000,0.000000000,-0.176261176,-0.000000000,-0.000000000,9.800000000,0.966991444,0.000000000,0.000000000,0.254808846
5.158332508,0.000000000,0.000000000,-0.192000081,0.000000000,-0.000000000,9.800000000,0.967093290,0.000000000,0.000000000,0.254422029
5.162499174,0.000000000,0.000000000,-0.192000081,0.000000000,0.000000000,9.800000000,0.967194981,0.000000000,0.000000000,0.254035171
5.166665840,0.000000000,0.000000000,-0.192000081,0.000000000,-0.000000000,9.800000000,0.967296518,0.000000000,0.000000000,0.253648272
5.170832506,0.000000000,0.000000000,-0.207664966,0.000000000,0.000000000,9.800000000,0.967406165,0.000000000,0.000000000,0.253229762
5.179165838,0.000000000,0.000000000,-0.207664966,0.000000000,0.000000000,9.800000000,0.967624915,0.000000000,0.000000000,0.252392599
5.183332504,0.000000000,0.000000000,-0.223249792,0.000000000,-0.000000000,9.800000000,0.967742199,0.000000000,0.000000000,0.251942526
5.187499170,0.000000000,0.000000000,-0.223249792,0.000000000,-0.000000000,9.800000000,0.967859274,0.000000000,0.000000000,0.251492398
5.191665836,0.000000000,0.000000000,-0.223249792,0.000000000,-0.000000000,9.800000000,0.967976139,0.000000000,0.000000000,0.251042216
5.195832502,0.000000000,0.000000000,-0.238748551,0.000000000,0.000000000,9.800000000,0.968100886,0.000000000,0.000000000,0.250560721
5.204165834,0.000000000,0.000000000,-0.238748551,0.000000000,0.000000000,9.800000000,0.968349661,0.000000000,0.000000000,0.249597544
5.208332500,0.000000000,0.000000000,-0.254155268,0.000000000,-0.000000000,9.800000000,0.968481685,0.000000000,0.000000000,0.249084778
5.212499166,0.000000000,0.000000000,-0.254155268,0.000000000,-0.000000000,9.800000000,0.968613437,0.000000000,0.000000000,0.248571941
5.216665832,0.000000000,0.000000000,-0.254155268,0.000000000,-0.000000000,9.800000000,0.968744917,0.000000000,0.000000000,0.248059035
5.220832498,0.000000000,0.000000000,-0.269464004,0.000000000,0.000000000,9.800000000,0.968884021,0.000000000,0.000000000,0.247515159
5.229165830,0.000000000,0.000000000,-0.269464004,-0.000000000,0.000000000,9.800000000,0.969161312,0.000000000,0.000000000,0.246427173
5.233332496,0.000000000,0.000000000,-0.284668856,0.000000000,0.000000000,9.800000000,0.969307288,0.000000000,0.000000000,0.245852359
5.237499162,0.000000000,0.000000000,-0.284668856,0.000000000,0.000000000,9.800000000,0.969452922,0.000000000,0.000000000,0.245277458
5.241665828,0.000000000,0.000000000,-0.284668856,0.000000000,0.000000000,9.800000000,0.969598216,0.000000000,0.000000000,0.244702471
5.245832494,0.000000000,0.000000000,-0.299763963,0.000000000,0.000000000,9.800000000,0.969750846,0.000000000,0.000000000,0.244096901
5.254165826,0.000000000,0.000000000,-0.299763963,0.000000000,0.000000000,9.800000000,0.970054970,0.000000000,0.000000000,0.242885477
5.258332492,0.000000000,0.000000000,-0.314743505,0.000000000,-0.000000000,9.800000000,0.970214025,0.000000000,0.000000000,0.242249344
5.262499158,0.000000000,0.000000000,-0.314743505,0.000000000,0.000000000,9.800000000,0.970372663,0.000000000,0.000000000,0.241613108
5.266665824,0.000000000,0.000000000,-0.314743505,0.000000000,-0.000000000,9.800000000,0.970530884,0.000000000,0.000000000,0.240976768
5.270832490,0.000000000,0.000000000,-0.329601707,-0.000000000,0.000000000,9.800000000,0.970696127,0.000000000,0.000000000,0.240310276
5.279165822,0.000000000,0.000000000,-0.329601707,-0.000000000,-0.000000000,9.800000000,0.971025239,0.000000000,0.000000000,0.238976954
5.283332488,0.000000000,0.000000000,-0.344332842,-0.000000000,-0.000000000,9.800000000,0.971196422,0.000000000,0.000000000,0.238280318
5.287499154,0.000000000,0.000000000,-0.344332842,-0.000000000,-0.000000000,9.800000000,0.971367105,0.000000000,0.000000000,0.237583559
5.291665820,0.000000000,0.000000000,-0.344332842,-0.000000000,-0.000000000,9.800000000,0.971537288,0.000000000,0.000000000,0.236886678
5.295832486,0.000000000,0.000000000,-0.358931230,0.000000000,0.000000000,9.800000000,0.971714154,0.000000000,0.000000000,0.236160123
5.304165818,0.000000000,0.000000000,-0.358931230,0.000000000,0.000000000,9.800000000,0.972066255,0.000000000,0.000000000,0.234706615
5.308332484,0.000000000,0.000000000,-0.373391243,0.000000000,0.000000000,9.800000000,0.972248539,0.000000000,0.000000000,0.233950376
5.312499150,0.000000000,0.000000000,-0.373391243,0.000000000,0.000000000,9.800000000,0.972430234,0.000000000,0.000000000,0.233193994
5.316665816,0.000000000,0.000000000,-0.373391243,0.000000000,0.000000000,9.800000000,0.972611341,0.000000000,0.000000000,0.232437472
5.320832482,0.000000000,0.000000000,-0.387707307,-0.000000000,-0.000000000,9.800000000,0.972798769,0.000000000,0.000000000,0.231651795
5.329165814,0.000000000,0.000000000,-0.387707307,0.000000000,-0.000000000,9.800000000,0.973171721,0.000000000,0.000000000,0.230079989
5.333332480,0.000000000,0.000000000,-0.401873903,0.000000000,-0.000000000,9.800000000,0.973364011,0.000000000,0.000000000,0.229265133
5.337499146,0.000000000,0.000000000,-0.401873903,0.000000000,-0.000000000,9.800000000,0.973555620,0.000000000,0.000000000,0.228450116
5.341665812,0.000000000,0.000000000,-0.401873903,0.000000000,-0.000000000,9.800000000,0.973746545,0.000000000,0.000000000,0.227634939
5.345832478,0.000000000,0.000000000,-0.415885568,-0.000000000,0.000000000,9.800000000,0.973943409,0.000000000,0.000000000,0.226791173
5.354165810,0.000000000,0.000000000,-0.415885568,0.000000000,0.000000000,9.800000000,0.974334943,0.000000000,0.000000000,0.225103129
5.358332476,0.000000000,0.000000000,-0.429736902,0.000000000,-0.000000000,9.800000000,0.974536084,0.000000000,0.000000000,0.224230731
5.362499142,0.000000000,0.000000000,-0.429736902,0.000000000,-0.000000000,9.800000000,0.974736444,0.000000000,0.000000000,0.223358154
5.366665808,0.000000000,0.000000000,-0.429736902,0.000000000,-0.000000000,9.800000000,0.974936022,0.000000000,0.000000000,0.222485398
5.370832474,0.000000000,0.000000000,-0.443422563,-0.000000000,0.000000000,9.800000000,0.975141138,0.000000000,0.000000000,0.221584660
5.379165806,0.000000000,0.000000000,-0.443422563,-0.000000000,-0.000000000,9.800000000,0.975548872,0.000000000,0.000000000,0.219782618
5.383332472,0.000000000,0.000000000,-0.456937278,0.000000000,0.000000000,9.800000000,0.975757652,0.000000000,0.000000000,0.218853843
5.387499138,0.000000000,0.000000000,-0.456937278,0.000000000,0.000000000,9.800000000,0.975965548,0.000000000,0.000000000,0.217924869
5.391665804,0.000000000,0.000000000,-0.456937278,0.000000000,0.000000000,9.800000000,0.976172560,0.000000000,0.000000000,0.216995697
5.395832470,0.000000000,0.000000000,-0.470275834,0.000000000,0.000000000,9.800000000,0.976384691,0.000000000,0.000000000,0.216039197
5.404165802,0.000000000,0.000000000,-0.470275834,0.000000000,0.000000000,9.800000000,0.976806142,0.000000000,0.000000000,0.214125575
5.408332468,0.000000000,0.000000000,-0.483433090,0.000000000,-0.000000000,9.800000000,0.977021303,0.000000000,0.000000000,0.213141674
5.412499134,0.000000000,0.000000000,-0.483433090,0.000000000,-0.000000000,9.800000000,0.977235474,0.000000000,0.000000000,0.212157557
5.416665800,0.000000000,0.000000000,-0.483433090,-0.000000000,-0.000000000,9.800000000,0.977448653,0.000000000,0.000000000,0.211173225
5.420832466,0.000000000,0.000000000,-0.496403973,-0.000000000,0.000000000,9.800000000,0.977666520,0.000000000,0.000000000,0.210162259
5.429165798,0.000000000,0.000000000,-0.496403973,-0.000000000,-0.000000000,9.800000000,0.978099118,0.000000000,0.000000000,0.208139655
5.433332464,0.000000000,0.000000000,-0.509183483,0.000000000,-0.000000000,9.800000000,0.978319362,0.000000000,0.000000000,0.207101972
5.437499130,0.000000000,0.000000000,-0.509183483,0.000000000,-0.000000000,9.800000000,0.978538505,0.000000000,0.000000000,0.206064055
5.441665796,0.000000000,0.000000000,-0.509183483,0.000000000,-0.000000000,9.800000000,0.978756547,0.000000000,0.000000000,0.205025907
5.445832462,0.000000000,0.000000000,-0.521766694,0.000000000,-0.000000000,9.800000000,0.978978834,0.000000000,0.000000000,0.203961865
5.454165794,0.000000000,0.000000000,-0.521766694,0.000000000,-0.000000000,9.800000000,0.979419939,0.000000000,0.000000000,0.201833057
5.458332460,0.000000000,0.000000000,-0.534148753,0.000000000,0.000000000,9.800000000,0.979643934,0.000000000,0.000000000,0.200743024
5.462499126,0.000000000,0.000000000,-0.534148753,0.000000000,0.000000000,9.800000000,0.979866717,0.000000000,0.000000000,0.199652743
5.466665792,0.000000000,0.000000000,-0.534148753,0.000000000,0.000000000,9.800000000,0.980088285,0.000000000,0.000000000,0.198562214
5.470832458,0.000000000,0.000000000,-0.546324888,0.000000000,-0.000000000,9.800000000,0.980313649,0.000000000,0.000000000,0.197446573
5.479165790,0.000000000,0.000000000,-0.546324888,0.000000000,-0.000000000,9.800000000,0.980760567,0.000000000,0.000000000,0.195214523
5.483332456,0.000000000,0.000000000,-0.558290404,0.000000000,-0.000000000,9.800000000,0.980986959,0.000000000,0.000000000,0.194073663
5.487499122,0.000000000,0.000000000,-0.558290404,-0.000000000,-0.000000000,9.800000000,0.981212023,0.000000000,0.000000000,0.192932542
5.491665788,0.000000000,0.000000000,-0.558290404,-0.000000000,-0.000000000,9.800000000,0.981435760,0.000000000,0.000000000,0.191791159
5.495832454,0.000000000,0.000000000,-0.570040689,0.000000000,0.000000000,9.800000000,0.981662836,0.000000000,0.000000000,0.190625486
5.504165786,0.000000000,0.000000000,-0.570040689,0.000000000,0.000000000,9.800000000,0.982112835,0.000000000,0.000000000,0.188293335
5.508332452,0.000000000,0.000000000,-0.581571213,0.000000000,-0.000000000,9.800000000,0.982340251,0.000000000,0.000000000,0.187103263
5.512499118,0.000000000,0.000000000,-0.581571213,-0.000000000,-0.000000000,9.800000000,0.982566226,0.000000000,0.000000000,0.185912916
5.516665784,0.000000000,0.000000000,-0.581571213,-0.000000000,-0.000000000,9.800000000,0.982790758,0.000000000,0.000000000,0.184722297
5.520832450,0.000000000,0.000000000,-0.592877529,0.000000000,0.000000000,9.800000000,0.983018170,0.000000000,0.000000000,0.183508251
5.529165782,0.000000000,0.000000000,-0.592877529,0.000000000,0.000000000,9.800000000,0.983468494,0.000000000,0.000000000,0.181079321
5.533332448,0.000000000,0.000000000,-0.603955281,0.000000000,0.000000000,9.800000000,0.983695557,0.000000000,0.000000000,0.179841739
5.537499114,0.000000000,0.000000000,-0.603955281,-0.000000000,0.000000000,9.800000000,0.983921062,0.000000000,0.000000000,0.178603872
5.541665780,0.000000000,0.000000000,-0.603955281,-0.000000000,0.000000000,9.800000000,0.984145010,0.000000000,0.000000000,0.177365722
5.545832446,0.000000000,0.000000000,-0.614800196,0.000000000,0.000000000,9.800000000,0.984371379,0.000000000,0.000000000,0.176105051
5.554165778,0.000000000,0.000000000,-0.614800196,0.000000000,-0.000000000,9.800000000,0.984819271,0.000000000,0.000000000,0.173582844
5.558332444,0.000000000,0.000000000,-0.625408094,0.000000000,0.000000000,9.800000000,0.985044602,0.000000000,0.000000000,0.172299543
5.562499110,0.000000000,0.000000000,-0.625408094,0.000000000,0.000000000,9.800000000,0.985268260,0.000000000,0.000000000,0.171015950
5.566665776,0.000000000,0.000000000,-0.625408094,0.000000000,0.000000000,9.800000000,0.985490246,0.000000000,0.000000000,0.169732066
5.570832442,0.000000000,0.000000000,-0.635774885,0.000000000,0.000000000,9.800000000,0.985714197,0.000000000,0.000000000,0.168426606
5.579165774,0.000000000,0.000000000,-0.635774885,-0.000000000,-0.000000000,9.800000000,0.986156910,0.000000000,0.000000000,0.165814800
5.583332440,0.000000000,0.000000000,-0.645896573,0.000000000,0.000000000,9.800000000,0.986379141,0.000000000,0.000000000,0.164487660
5.587499106,0.000000000,0.000000000,-0.645896573,0.000000000,0.000000000,9.800000000,0.986599585,0.000000000,0.000000000,0.163160222
5.591665772,0.000000000,0.000000000,-0.645896573,0.000000000,0.000000000,9.800000000,0.986818243,0.000000000,0.000000000,0.161832489
5.595832438,0.000000000,0.000000000,-0.655769256,-0.000000000,-0.000000000,9.800000000,0.987038416,0.000000000,0.000000000,0.160484162
5.604165770,0.000000000,0.000000000,-0.655769256,0.000000000,-0.000000000,9.800000000,0.987473233,0.000000000,0.000000000,0.157786610
5.608332436,0.000000000,0.000000000,-0.665389127,-0.000000000,0.000000000,9.800000000,0.987691012,0.000000000,0.000000000,0.156417597
5.612499102,0.000000000,0.000000000,-0.665389127,0.000000000,0.000000000,9.800000000,0.987906893,0.000000000,0.000000000,0.155048283
5.616665768,0.000000000,0.000000000,-0.665389127,0.000000000,0.000000000,9.800000000,0.988120876,0.000000000,0.000000000,0.153678671
5.620832434,0.000000000,0.000000000,-0.674752478,0.000000000,0.000000000,9.800000000,0.988335931,0.000000000,0.000000000,0.152289485
5.629165766,0.000000000,0.000000000,-0.674752478,0.000000000,0.000000000,9.800000000,0.988760182,0.000000000,0.000000000,0.149510211
5.633332432,0.000000000,0.000000000,-0.683855699,0.000000000,0.000000000,9.800000000,0.988972185,0.000000000,0.000000000,0.148101374
5.637499098,0.000000000,0.000000000,-0.683855699,0.000000000,0.000000000,9.800000000,0.989182181,0.000000000,0.000000000,0.146692237
5.641665764,0.000000000,0.000000000,-0.683855699,0.000000000,0.000000000,9.800000000,0.989390170,0.000000000,0.000000000,0.145282801
5.645832430,0.000000000,0.000000000,-0.692695281,0.000000000,0.000000000,9.800000000,0.989598799,0.000000000,0.000000000,0.143854847
5.654165762,0.000000000,0.000000000,-0.692695281,0.000000000,0.000000000,9.800000000,0.990009875,0.000000000,0.000000000,0.140998042
5.658332428,0.000000000,0.000000000,-0.701267816,-0.000000000,-0.000000000,9.800000000,0.990214813,0.000000000,0.000000000,0.139551513
5.662499094,0.000000000,0.000000000,-0.701267816,-0.000000000,-0.000000000,9.800000000,0.990417637,0.000000000,0.000000000,0.138104686
5.666665760,0.000000000,0.000000000,-0.701267816,0.000000000,0.000000000,9.800000000,0.990618347,0.000000000,0.000000000,0.136657564
5.670832426,0.000000000,0.000000000,-0.709569999,0.000000000,0.000000000,9.800000000,0.990819282,0.000000000,0.000000000,0.135193014
5.679165758,0.000000000,0.000000000,-0.709569999,0.000000000,0.000000000,9.800000000,0.991214654,0.000000000,0.000000000,0.132263029
5.683332424,0.000000000,0.000000000,-0.717598629,0.000000000,0.000000000,9.800000000,0.991411279,0.000000000,0.000000000,0.130781019
5.687499090,0.000000000,0.000000000,-0.717598629,0.000000000,0.000000000,9.800000000,0.991605689,0.000000000,0.000000000,0.129298717
5.691665756,0.000000000,0.000000000,-0.717598629,0.000000000,-0.000000000,9.800000000,0.991797882,0.000000000,0.000000000,0.127816125
5.695832422,0.000000000,0.000000000,-0.725350612,0.000000000,-0.000000000,9.800000000,0.991989898,0.000000000,0.000000000,0.126317228
5.704165754,0.000000000,0.000000000,-0.725350612,0.000000000,0.000000000,9.800000000,0.992367135,0.000000000,0.000000000,0.123318570
5.708332420,0.000000000,0.000000000,-0.732822958,0.000000000,0.000000000,9.800000000,0.992554250,0.000000000,0.000000000,0.121803366
5.712499086,0.000000000,0.000000000,-0.732822958,-0.000000000,0.000000000,9.800000000,0.992739053,0.000000000,0.000000000,0.120287878
5.716665752,0.000000000,0.000000000,-0.732822958,0.000000000,0.000000000,9.800000000,0.992921541,0.000000000,0.000000000,0.118772110
5.720832418,0.000000000,0.000000000,-0.740012787,-0.000000000,-0.000000000,9.800000000,0.993103471,0.000000000,0.000000000,0.117241189
5.729165750,0.000000000,0.000000000,-0.740012787,-0.000000000,-0.000000000,9.800000000,0.993460249,0.000000000,0.000000000,0.114178515
5.733332416,0.000000000,0.000000000,-0.746917327,0.000000000,-0.000000000,9.800000000,0.993636717,0.000000000,0.000000000,0.112632476
5.737499082,0.000000000,0.000000000,-0.746917327,0.000000000,-0.000000000,9.800000000,0.993810779,0.000000000,0.000000000,0.111086165
5.741665748,0.000000000,0.000000000,-0.746917327,0.000000000,-0.000000000,9.800000000,0.993982434,0.000000000,0.000000000,0.109539584
5.745832414,0.000000000,0.000000000,-0.753533916,0.000000000,0.000000000,9.800000000,0.994153171,0.000000000,0.000000000,0.107979034
5.754165746,0.000000000,0.000000000,-0.753533916,-0.000000000,0.000000000,9.800000000,0.994487295,0.000000000,0.000000000,0.104857141
5.758332412,0.000000000,0.000000000,-0.759860003,-0.000000000,0.000000000,9.800000000,0.994652042,0.000000000,0.000000000,0.103282695
5.762499078,0.000000000,0.000000000,-0.759860003,-0.000000000,-0.000000000,9.800000000,0.994814296,0.000000000,0.000000000,0.101707991
5.766665744,0.000000000,0.000000000,-0.759860003,-0.000000000,0.000000000,9.800000000,0.994974058,0.000000000,0.000000000,0.100133032
5.770832410,0.000000000,0.000000000,-0.765893151,0.000000000,0.000000000,9.800000000,0.995132565,0.000000000,0.000000000,0.098545314
5.779165742,0.000000000,0.000000000,-0.765893151,-0.000000000,0.000000000,9.800000000,0.995441977,0.000000000,0.000000000,0.095369130
5.783332408,0.000000000,0.000000000,-0.771631032,0.000000000,-0.000000000,9.800000000,0.995594002,0.000000000,0.000000000,0.093768770
5.787499074,0.000000000,0.000000000,-0.771631032,0.000000000,-0.000000000,9.800000000,0.995743455,0.000000000,0.000000000,0.092168169
5.791665740,0.000000000,0.000000000,-0.771631032,0.000000000,-0.000000000,9.800000000,0.995890335,0.000000000,0.000000000,0.090567328
5.795832406,0.000000000,0.000000000,-0.777071434,0.000000000,-0.000000000,9.800000000,0.996035649,0.000000000,0.000000000,0.088954965
5.804165738,0.000000000,0.000000000,-0.777071434,0.000000000,-0.000000000,9.800000000,0.996318446,0.000000000,0.000000000,0.085729543
5.808332404,0.000000000,0.000000000,-0.782212261,0.000000000,0.000000000,9.800000000,0.996456828,0.000000000,0.000000000,0.084105821
5.812499070,0.000000000,0.000000000,-0.782212261,0.000000000,0.000000000,9.800000000,0.996592565,0.000000000,0.000000000,0.082481875
5.816665736,0.000000000,0.000000000,-0.782212261,-0.000000000,0.000000000,9.800000000,0.996725655,0.000000000,0.000000000,0.080857711
5.820832402,0.000000000,0.000000000,-0.787051530,-0.000000000,-0.000000000,9.800000000,0.996856896,0.000000000,0.000000000,0.079223281
5.829165734,0.000000000,0.000000000,-0.787051530,-0.000000000,-0.000000000,9.800000000,0.997111339,0.000000000,0.000000000,0.075953788
5.833332400,0.000000000,0.000000000,-0.787051530,0.000000000,0.000000000,9.800000000,0.997234539,0.000000000,0.000000000,0.074318732
5.837499066,0.000000000,0.000000000,-0.791587376,0.000000000,-0.000000000,9.800000000,0.997355745,0.000000000,0.000000000,0.072674052
5.841665732,0.000000000,0.000000000,-0.791587376,-0.000000000,-0.000000000,9.800000000,0.997474238,0.000000000,0.000000000,0.071029175
5.845832398,0.000000000,0.000000000,-0.795818050,0.000000000,0.000000000,9.800000000,0.997590631,0.000000000,0.000000000,0.069375312
5.854165730,0.000000000,0.000000000,-0.795818050,0.000000000,0.000000000,9.800000000,0.997815188,0.000000000,0.000000000,0.066067018
5.858332396,0.000000000,0.000000000,-0.799741922,-0.000000000,0.000000000,9.800000000,0.997923879,0.000000000,0.000000000,0.064404438
5.862499062,0.000000000,0.000000000,-0.799741922,-0.000000000,-0.000000000,9.800000000,0.998029800,0.000000000,0.000000000,0.062741680
5.866665728,0.000000000,0.000000000,-0.799741922,-0.000000000,-0.000000000,9.800000000,0.998132950,0.000000000,0.000000000,0.061078747
5.870832394,0.000000000,0.000000000,-0.803357477,-0.000000000,0.000000000,9.800000000,0.998233777,0.000000000,0.000000000,0.059408126
5.879165726,0.000000000,0.000000000,-0.803357477,0.000000000,0.000000000,9.800000000,0.998427043,0.000000000,0.000000000,0.056066390
5.883332392,0.000000000,0.000000000,-0.806663323,-0.000000000,0.000000000,9.800000000,0.998519855,0.000000000,0.000000000,0.054388406
5.887499058,0.000000000,0.000000000,-0.806663323,0.000000000,0.000000000,9.800000000,0.998609847,0.000000000,0.000000000,0.052710269
5.891665724,0.000000000,0.000000000,-0.806663323,0.000000000,0.000000000,9.800000000,0.998697019,0.000000000,0.000000000,0.051031984
5.895832390,0.000000000,0.000000000,-0.809658185,0.000000000,-0.000000000,9.800000000,0.998781679,0.000000000,0.000000000,0.049347322
5.904165722,0.000000000,0.000000000,-0.809658185,0.000000000,-0.000000000,9.800000000,0.998942472,0.000000000,0.000000000,0.045977583
5.908332388,0.000000000,0.000000000,-0.812340909,0.000000000,-0.000000000,9.800000000,0.999018853,0.000000000,0.000000000,0.044286931
5.912499054,0.000000000,0.000000000,-0.812340909,0.000000000,-0.000000000,9.800000000,0.999092372,0.000000000,0.000000000,0.042596152
5.916665720,0.000000000,0.000000000,-0.812340909,-0.000000000,-0.000000000,9.800000000,0.999163030,0.000000000,0.000000000,0.040905251
5.920832386,0.000000000,0.000000000,-0.814710459,-0.000000000,-0.000000000,9.800000000,0.999231020,0.000000000,0.000000000,0.039209300
5.929165718,0.000000000,0.000000000,-0.814710459,0.000000000,-0.000000000,9.800000000,0.999358363,0.000000000,0.000000000,0.035817065
5.933332384,0.000000000,0.000000000,-0.816765924,0.000000000,0.000000000,9.800000000,0.999417862,0.000000000,0.000000000,0.034116510
5.937499050,0.000000000,0.000000000,-0.816765924,0.000000000,0.000000000,9.800000000,0.999474468,0.000000000,0.000000000,0.032415857
5.941665716,0.000000000,0.000000000,-0.816765924,0.000000000,0.000000000,9.800000000,0.999528180,0.000000000,0.000000000,0.030715110
5.945832382,0.000000000,0.000000000,-0.818506510,0.000000000,0.000000000,9.800000000,0.999579103,0.000000000,0.000000000,0.029010649
5.954165714,0.000000000,0.000000000,-0.818506510,0.000000000,0.000000000,9.800000000,0.999672228,0.000000000,0.000000000,0.025601479
5.958332380,0.000000000,0.000000000,-0.819931546,-0.000000000,0.000000000,9.800000000,0.999714502,0.000000000,0.000000000,0.023893812
5.962499046,0.000000000,0.000000000,-0.819931546,-0.000000000,0.000000000,9.800000000,0.999753859,0.000000000,0.000000000,0.022186075
5.966665712,0.000000000,0.000000000,-0.819931546,-0.000000000,-0.000000000,9.800000000,0.999790298,0.000000000,0.000000000,0.020478274
5.970832378,0.000000000,0.000000000,-0.821040482,0.000000000,-0.000000000,9.800000000,0.999823864,0.000000000,0.000000000,0.018768102
5.979165710,0.000000000,0.000000000,-0.821040482,0.000000000,-0.000000000,9.800000000,0.999882219,0.000000000,0.000000000,0.015347600
5.983332376,0.000000000,0.000000000,-0.821832893,0.000000000,0.000000000,9.800000000,0.999907030,0.000000000,0.000000000,0.013635629
5.987499042,0.000000000,0.000000000,-0.821832893,0.000000000,0.000000000,9.800000000,0.999928911,0.000000000,0.000000000,0.011923617
5.991665708,0.000000000,0.000000000,-0.821832893,0.000000000,0.000000000,9.800000000,0.999947861,0.000000000,0.000000000,0.010211571
5.995832374,0.000000000,0.000000000,-0.822308471,0.000000000,0.000000000,9.800000000,0.999963887,0.000000000,0.000000000,0.008498503
6.004165706,0.000000000,0.000000000,-0.822308471,0.000000000,0.000000000,9.800000000,0.999987136,0.000000000,0.000000000,0.005072299
6.008332372,0.000000000,0.000000000,-0.822467033,-0.000000000,-0.000000000,9.800000000,0.999994359,0.000000000,0.000000000,0.003358842
6.012499038,0.000000000,0.000000000,-0.822467033,-0.000000000,0.000000000,9.800000000,0.999998646,0.000000000,0.000000000,0.001645375
6.016665704,0.000000000,0.000000000,-0.822467033,-0.000000000,0.000000000,9.800000000,0.999999998,0.000000000,0.000000000,-0.000068097
6.020832370,0.000000000,0.000000000,-0.822308519,-0.000000000,-0.000000000,9.800000000,0.999998414,0.000000000,0.000000000,-0.001781239
6.029165702,0.000000000,0.000000000,-0.822308519,-0.000000000,0.000000000,9.800000000,0.999986441,0.000000000,0.000000000,-0.005207501
6.033332368,0.000000000,0.000000000,-0.821832990,0.000000000,-0.000000000,9.800000000,0.999976059,0.000000000,0.000000000,-0.006919621
6.037499034,0.000000000,0.000000000,-0.821832990,-0.000000000,-0.000000000,9.800000000,0.999962746,0.000000000,0.000000000,-0.008631721
6.041665700,0.000000000,0.000000000,-0.821832990,-0.000000000,-0.000000000,9.800000000,0.999946502,0.000000000,0.000000000,-0.010343795
6.045832366,0.000000000,0.000000000,-0.821040628,0.000000000,0.000000000,9.800000000,0.999927346,0.000000000,0.000000000,-0.012054189
6.054165698,0.000000000,0.000000000,-0.821040628,-0.000000000,0.000000000,9.800000000,0.999880257,0.000000000,0.000000000,-0.015474865
6.058332364,0.000000000,0.000000000,-0.819931740,-0.000000000,-0.000000000,9.800000000,0.999852364,0.000000000,0.000000000,-0.017182828
6.062499030,0.000000000,0.000000000,-0.819931740,0.000000000,0.000000000,9.800000000,0.999821554,0.000000000,0.000000000,-0.018890741
6.066665696,0.000000000,0.000000000,-0.819931740,0.000000000,0.000000000,9.800000000,0.999787826,0.000000000,0.000000000,-0.020598599
6.070832362,0.000000000,0.000000000,-0.818506753,0.000000000,0.000000000,9.800000000,0.999751248,0.000000000,0.000000000,-0.022303428
6.079165694,0.000000000,0.000000000,-0.818506753,-0.000000000,-0.000000000,9.800000000,0.999669369,0.000000000,0.000000000,-0.025712888
6.083332360,0.000000000,0.000000000,-0.816766215,0.000000000,0.000000000,9.800000000,0.999624169,0.000000000,0.000000000,-0.027413883
6.087499026,0.000000000,0.000000000,-0.816766215,0.000000000,0.000000000,9.800000000,0.999576074,0.000000000,0.000000000,-0.029114799
6.091665692,0.000000000,0.000000000,-0.816766215,0.000000000,0.000000000,9.800000000,0.999525086,0.000000000,0.000000000,-0.030815631
6.095832358,0.000000000,0.000000000,-0.814710799,-0.000000000,-0.000000000,9.800000000,0.999471342,0.000000000,0.000000000,-0.032512093
6.104165690,0.000000000,0.000000000,-0.814710799,-0.000000000,-0.000000000,9.800000000,0.999355217,0.000000000,0.000000000,-0.035904733
6.108332356,0.000000000,0.000000000,-0.812341297,0.000000000,0.000000000,9.800000000,0.999293022,0.000000000,0.000000000,-0.037595967
6.112499022,0.000000000,0.000000000,-0.812341297,0.000000000,0.000000000,9.800000000,0.999227964,0.000000000,0.000000000,-0.039287093
6.116665688,0.000000000,0.000000000,-0.812341297,-0.000000000,0.000000000,9.800000000,0.999160045,0.000000000,0.000000000,-0.040978107
6.120832354,0.000000000,0.000000000,-0.809658621,-0.000000000,-0.000000000,9.800000000,0.999089502,0.000000000,0.000000000,-0.042663419
6.129165686,0.000000000,0.000000000,-0.809658621,-0.000000000,-0.000000000,9.800000000,0.998939888,0.000000000,0.000000000,-0.046033676
6.133332352,0.000000000,0.000000000,-0.806663807,0.000000000,-0.000000000,9.800000000,0.998861116,0.000000000,0.000000000,-0.047712378
6.137499018,0.000000000,0.000000000,-0.806663807,-0.000000000,-0.000000000,9.800000000,0.998779523,0.000000000,0.000000000,-0.049390945
6.141665684,0.000000000,0.000000000,-0.806663807,0.000000000,-0.000000000,9.800000000,0.998695108,0.000000000,0.000000000,-0.051069373
6.145832350,0.000000000,0.000000000,-0.803358009,-0.000000000,-0.000000000,9.800000000,0.998608237,0.000000000,0.000000000,-0.052740779
6.154165682,0.000000000,0.000000000,-0.803358009,-0.000000000,-0.000000000,9.800000000,0.998426102,0.000000000,0.000000000,-0.056083143
6.158332348,0.000000000,0.000000000,-0.799742501,0.000000000,0.000000000,9.800000000,0.998331274,0.000000000,0.000000000,-0.057746572
6.162499014,0.000000000,0.000000000,-0.799742501,0.000000000,0.000000000,9.800000000,0.998233675,0.000000000,0.000000000,-0.059409840
6.166665680,0.000000000,0.000000000,-0.799742501,-0.000000000,0.000000000,9.800000000,0.998133305,0.000000000,0.000000000,-0.061072944
6.170832346,0.000000000,0.000000000,-0.795818677,0.000000000,-0.000000000,9.800000000,0.998030677,0.000000000,0.000000000,-0.062727720
6.179165678,0.000000000,0.000000000,-0.795818677,0.000000000,0.000000000,9.800000000,0.997817192,0.000000000,0.000000000,-0.066036749
6.183332344,0.000000000,0.000000000,-0.791588050,0.000000000,-0.000000000,9.800000000,0.997706931,0.000000000,0.000000000,-0.067682201
6.187499010,0.000000000,0.000000000,-0.791588050,0.000000000,0.000000000,9.800000000,0.997593957,0.000000000,0.000000000,-0.069327468
6.191665676,0.000000000,0.000000000,-0.791588050,0.000000000,0.000000000,9.800000000,0.997478269,0.000000000,0.000000000,-0.070972546
6.195832342,0.000000000,0.000000000,-0.787052250,0.000000000,0.000000000,9.800000000,0.997360555,0.000000000,0.000000000,-0.072608007
6.204165674,0.000000000,0.000000000,-0.787052250,0.000000000,0.000000000,9.800000000,0.997117083,0.000000000,0.000000000,-0.075878339
6.208332340,0.000000000,0.000000000,-0.782213028,0.000000000,0.000000000,9.800000000,0.996992107,0.000000000,0.000000000,-0.077503150
6.212499006,0.000000000,0.000000000,-0.782213028,0.000000000,0.000000000,9.800000000,0.996864483,0.000000000,0.000000000,-0.079127755
6.216665672,0.000000000,0.000000000,-0.782213028,0.000000000,0.000000000,9.800000000,0.996734212,0.000000000,0.000000000,-0.080752149
6.220832338,0.000000000,0.000000000,-0.777072247,0.000000000,-0.000000000,9.800000000,0.996602177,0.000000000,0.000000000,-0.082365656
6.229165670,0.000000000,0.000000000,-0.777072247,0.000000000,-0.000000000,9.800000000,0.996330270,0.000000000,0.000000000,-0.085592018
6.233332336,0.000000000,0.000000000,-0.771631890,0.000000000,-0.000000000,9.800000000,0.996191388,0.000000000,0.000000000,-0.087193573
6.237499002,0.000000000,0.000000000,-0.771631890,0.000000000,-0.000000000,9.800000000,0.996049931,0.000000000,0.000000000,-0.088794904
6.241665668,0.000000000,0.000000000,-0.771631890,0.000000000,-0.000000000,9.800000000,0.995905900,0.000000000,0.000000000,-0.090396004
6.245832334,0.000000000,0.000000000,-0.765894055,0.000000000,0.000000000,9.800000000,0.995760396,0.000000000,0.000000000,-0.091984968
6.254165666,0.000000000,0.000000000,-0.765894055,-0.000000000,-0.000000000,9.800000000,0.995461781,0.000000000,0.000000000,-0.095162190
6.258332332,0.000000000,0.000000000,-0.759860953,-0.000000000,0.000000000,9.800000000,0.995309888,0.000000000,0.000000000,-0.096737929
6.262498998,0.000000000,0.000000000,-0.759860953,-0.000000000,0.000000000,9.800000000,0.995155501,0.000000000,0.000000000,-0.098313426
6.266665664,0.000000000,0.000000000,-0.759860953,-0.000000000,0.000000000,9.800000000,0.994998619,0.000000000,0.000000000,-0.099888677
6.270832330,0.000000000,0.000000000,-0.753534910,0.000000000,-0.000000000,9.800000000,0.994840582,0.000000000,0.000000000,-0.101450565
6.279165662,0.000000000,0.000000000,-0.753534910,0.000000000,0.000000000,9.800000000,0.994517151,0.000000000,0.000000000,-0.104573589
6.283332328,0.000000000,0.000000000,-0.746918365,-0.000000000,0.000000000,9.800000000,0.994353223,0.000000000,0.000000000,-0.106121010
6.287498994,0.000000000,0.000000000,-0.746918365,0.000000000,0.000000000,9.800000000,0.994186886,0.000000000,0.000000000,-0.107668174
6.291665660,0.000000000,0.000000000,-0.746918365,0.000000000,-0.000000000,9.800000000,0.994018142,0.000000000,0.000000000,-0.109215077
6.295832326,0.000000000,0.000000000,-0.740013869,0.000000000,0.000000000,9.800000000,0.993848585,0.000000000,0.000000000,-0.110747420
6.304165658,0.000000000,0.000000000,-0.740013869,0.000000000,0.000000000,9.800000000,0.993502383,0.000000000,0.000000000,-0.113811312
6.308332324,0.000000000,0.000000000,-0.732824084,0.000000000,-0.000000000,9.800000000,0.993327468,0.000000000,0.000000000,-0.115327975
6.312498990,0.000000000,0.000000000,-0.732824084,0.000000000,-0.000000000,9.800000000,0.993150237,0.000000000,0.000000000,-0.116844370
6.316665656,0.000000000,0.000000000,-0.732824084,0.000000000,-0.000000000,9.800000000,0.992970691,0.000000000,0.000000000,-0.118360492
6.320832322,0.000000000,0.000000000,-0.732824084,0.000000000,-0.000000000,9.800000000,0.992788831,0.000000000,0.000000000,-0.119876338
6.329165654,0.000000000,0.000000000,-0.725351781,-0.000000000,-0.000000000,9.800000000,0.992421996,0.000000000,0.000000000,-0.122876290
6.333332320,0.000000000,0.000000000,-0.717599841,0.000000000,0.000000000,9.800000000,0.992237187,0.000000000,0.000000000,-0.124359823
6.337498986,0.000000000,0.000000000,-0.717599841,0.000000000,0.000000000,9.800000000,0.992050160,0.000000000,0.000000000,-0.125843077
6.341665652,0.000000000,0.000000000,-0.717599841,0.000000000,0.000000000,9.800000000,0.991860916,0.000000000,0.000000000,-0.127326051
6.345832318,0.000000000,0.000000000,-0.709571253,0.000000000,-0.000000000,9.800000000,0.991671610,0.000000000,0.000000000,-0.128792152
6.354165650,0.000000000,0.000000000,-0.709571253,0.000000000,-0.000000000,9.800000000,0.991286496,0.000000000,0.000000000,-0.131723508
6.358332316,0.000000000,0.000000000,-0.701269112,-0.000000000,0.000000000,9.800000000,0.991092993,0.000000000,0.000000000,-0.133171614
6.362498982,0.000000000,0.000000000,-0.701269112,-0.000000000,0.000000000,9.800000000,0.990897375,0.000000000,0.000000000,-0.134619436
6.366665648,0.000000000,0.000000000,-0.701269112,-0.000000000,-0.000000000,9.800000000,0.990699642,0.000000000,0.000000000,-0.136066970
6.370832314,0.000000000,0.000000000,-0.692696619,-0.000000000,0.000000000,9.800000000,0.990502249,0.000000000,0.000000000,-0.137496524
6.379165646,0.000000000,0.000000000,-0.692696619,-0.000000000,0.000000000,9.800000000,0.990101277,0.000000000,0.000000000,-0.140354770
6.383332312,0.000000000,0.000000000,-0.683857078,0.000000000,-0.000000000,9.800000000,0.989900308,0.000000000,0.000000000,-0.141765226
6.387498978,0.000000000,0.000000000,-0.683857078,0.000000000,-0.000000000,9.800000000,0.989697331,0.000000000,0.000000000,-0.143175395
6.391665644,0.000000000,0.000000000,-0.683857078,0.000000000,-0.000000000,9.800000000,0.989492344,0.000000000,0.000000000,-0.144585273
6.395832310,0.000000000,0.000000000,-0.674753896,0.000000000,-0.000000000,9.800000000,0.989288118,0.000000000,0.000000000,-0.145976095
6.404165642,0.000000000,0.000000000,-0.674753896,0.000000000,-0.000000000,9.800000000,0.988873800,0.000000000,0.000000000,-0.148756873
6.408332308,0.000000000,0.000000000,-0.665390585,-0.000000000,-0.000000000,9.800000000,0.988666639,0.000000000,0.000000000,-0.150127536
6.412498974,0.000000000,0.000000000,-0.665390585,0.000000000,-0.000000000,9.800000000,0.988457578,0.000000000,0.000000000,-0.151497911
6.416665640,0.000000000,0.000000000,-0.665390585,-0.000000000,-0.000000000,9.800000000,0.988246617,0.000000000,0.000000000,-0.152867995
6.420832306,0.000000000,0.000000000,-0.655770753,0.000000000,0.000000000,9.800000000,0.988036848,0.000000000,0.000000000,-0.154217983
6.429165638,0.000000000,0.000000000,-0.655770753,0.000000000,0.000000000,9.800000000,0.987611779,0.000000000,0.000000000,-0.156917094
6.433332304,0.000000000,0.000000000,-0.645898109,0.000000000,0.000000000,9.800000000,0.987399734,0.000000000,0.000000000,-0.158245902
6.437498970,0.000000000,0.000000000,-0.645898109,0.000000000,0.000000000,9.800000000,0.987185901,0.000000000,0.000000000,-0.159574424
6.441665636,0.000000000,0.000000000,-0.645898109,0.000000000,0.000000000,9.800000000,0.986970281,0.000000000,0.000000000,-0.160902658
6.445832302,0.000000000,0.000000000,-0.635776459,0.000000000,0.000000000,9.800000000,0.986756294,0.000000000,0.000000000,-0.162209792
6.454165634,0.000000000,0.000000000,-0.635776459,0.000000000,-0.000000000,9.800000000,0.986323127,0.000000000,0.000000000,-0.164823204
6.458332300,0.000000000,0.000000000,-0.625409705,0.000000000,0.000000000,9.800000000,0.986107536,0.000000000,0.000000000,-0.166108181
6.462498966,0.000000000,0.000000000,-0.625409705,0.000000000,0.000000000,9.800000000,0.985890270,0.000000000,0.000000000,-0.167392875
6.466665632,0.000000000,0.000000000,-0.625409705,-0.000000000,-0.000000000,9.800000000,0.985671331,0.000000000,0.000000000,-0.168677285
6.470832298,0.000000000,0.000000000,-0.614801843,0.000000000,0.000000000,9.800000000,0.985454475,0.000000000,0.000000000,-0.169939631
6.479165630,0.000000000,0.000000000,-0.614801843,0.000000000,0.000000000,9.800000000,0.985015912,0.000000000,0.000000000,-0.172463483
6.483332296,0.000000000,0.000000000,-0.603956964,-0.000000000,-0.000000000,9.800000000,0.984798131,0.000000000,0.000000000,-0.173702736
6.487498962,0.000000000,0.000000000,-0.603956964,0.000000000,-0.000000000,9.800000000,0.984578791,0.000000000,0.000000000,-0.174941714
6.491665628,0.000000000,0.000000000,-0.603956964,0.000000000,-0.000000000,9.800000000,0.984357893,0.000000000,0.000000000,-0.176180415
6.495832294,0.000000000,0.000000000,-0.592879249,0.000000000,0.000000000,9.800000000,0.984139530,0.000000000,0.000000000,-0.177396125
6.504165626,0.000000000,0.000000000,-0.592879249,0.000000000,0.000000000,9.800000000,0.983698301,0.000000000,0.000000000,-0.179826730
6.508332292,0.000000000,0.000000000,-0.581572967,-0.000000000,0.000000000,9.800000000,0.983479699,0.000000000,0.000000000,-0.181018457
6.512498958,0.000000000,0.000000000,-0.581572967,-0.000000000,0.000000000,9.800000000,0.983259653,0.000000000,0.000000000,-0.182209918
6.516665624,0.000000000,0.000000000,-0.581572967,-0.000000000,0.000000000,9.800000000,0.983038164,0.000000000,0.000000000,-0.183401111
6.520832290,0.000000000,0.000000000,-0.570042477,-0.000000000,-0.000000000,9.800000000,0.982819666,0.000000000,0.000000000,-0.184568426
6.529165622,0.000000000,0.000000000,-0.570042477,0.000000000,-0.000000000,9.800000000,0.982378512,0.000000000,0.000000000,-0.186902274
6.533332288,0.000000000,0.000000000,-0.558292226,0.000000000,0.000000000,9.800000000,0.982160460,0.000000000,0.000000000,-0.188044760
6.537498954,0.000000000,0.000000000,-0.558292226,0.000000000,0.000000000,9.800000000,0.981941079,0.000000000,0.000000000,-0.189186992
6.541665620,0.000000000,0.000000000,-0.558292226,0.000000000,0.000000000,9.800000000,0.981720370,0.000000000,0.000000000,-0.190328968
6.545832286,0.000000000,0.000000000,-0.546326742,0.000000000,0.000000000,9.800000000,0.981503105,0.000000000,0.000000000,-0.191446219
6.554165618,0.000000000,0.000000000,-0.546326742,0.000000000,0.000000000,9.800000000,0.981064762,0.000000000,0.000000000,-0.193679977
6.558332284,0.000000000,0.000000000,-0.534150639,-0.000000000,0.000000000,9.800000000,0.980848625,0.000000000,0.000000000,-0.194771599
6.562498950,0.000000000,0.000000000,-0.534150639,-0.000000000,-0.000000000,9.800000000,0.980631273,0.000000000,0.000000000,-0.195862980
6.566665616,0.000000000,0.000000000,-0.534150639,-0.000000000,0.000000000,9.800000000,0.980412707,0.000000000,0.000000000,-0.196954118
6.570832282,0.000000000,0.000000000,-0.521768611,0.000000000,0.000000000,9.800000000,0.980198035,0.000000000,0.000000000,-0.198019727
6.579165614,0.000000000,0.000000000,-0.521768611,0.000000000,0.000000000,9.800000000,0.979765217,0.000000000,0.000000000,-0.200150243
6.583332280,0.000000000,0.000000000,-0.509185431,0.000000000,0.000000000,9.800000000,0.979552346,0.000000000,0.000000000,-0.201189468
6.587498946,0.000000000,0.000000000,-0.509185431,0.000000000,0.000000000,9.800000000,0.979338372,0.000000000,0.000000000,-0.202228467
6.591665612,0.000000000,0.000000000,-0.509185431,0.000000000,0.000000000,9.800000000,0.979123297,0.000000000,0.000000000,-0.203267237
6.595832278,0.000000000,0.000000000,-0.496405951,0.000000000,0.000000000,9.800000000,0.978912558,0.000000000,0.000000000,-0.204279717
6.604165610,0.000000000,0.000000000,-0.496405951,0.000000000,-0.000000000,9.800000000,0.978487941,0.000000000,0.000000000,-0.206304020
6.608332276,0.000000000,0.000000000,-0.483435096,0.000000000,0.000000000,9.800000000,0.978279665,0.000000000,0.000000000,-0.207289406
6.612498942,0.000000000,0.000000000,-0.483435096,0.000000000,0.000000000,9.800000000,0.978070396,0.000000000,0.000000000,-0.208274581
6.616665608,0.000000000,0.000000000,-0.483435096,0.000000000,0.000000000,9.800000000,0.977860135,0.000000000,0.000000000,-0.209259545
6.620832274,0.000000000,0.000000000,-0.470277869,0.000000000,-0.000000000,9.800000000,0.977654644,0.000000000,0.000000000,-0.210217498
6.629165606,0.000000000,0.000000000,-0.470277869,0.000000000,-0.000000000,9.800000000,0.977240848,0.000000000,0.000000000,-0.212132799
6.633332272,0.000000000,0.000000000,-0.456939340,0.000000000,-0.000000000,9.800000000,0.977038464,0.000000000,0.000000000,-0.213062994
6.637498938,0.000000000,0.000000000,-0.456939340,0.000000000,-0.000000000,9.800000000,0.976835195,0.000000000,0.000000000,-0.213992995
6.641665604,0.000000000,0.000000000,-0.456939340,0.000000000,-0.000000000,9.800000000,0.976631040,0.000000000,0.000000000,-0.214922803
6.645832270,0.000000000,0.000000000,-0.443424653,0.000000000,-0.000000000,9.800000000,0.976432078,0.000000000,0.000000000,-0.215824924
6.654165602,0.000000000,0.000000000,-0.443424653,0.000000000,-0.000000000,9.800000000,0.976031653,0.000000000,0.000000000,-0.217628613
6.658332268,0.000000000,0.000000000,-0.429739017,0.000000000,0.000000000,9.800000000,0.975836421,0.000000000,0.000000000,-0.218502357
6.662498934,0.000000000,0.000000000,-0.429739017,0.000000000,0.000000000,9.800000000,0.975640407,0.000000000,0.000000000,-0.219375925
6.666665600,0.000000000,0.000000000,-0.429739017,0.000000000,0.000000000,9.800000000,0.975443611,0.000000000,0.000000000,-0.220249318
6.670832266,0.000000000,0.000000000,-0.415887708,0.000000000,0.000000000,9.800000000,0.975252414,0.000000000,0.000000000,-0.221094391
6.679165598,0.000000000,0.000000000,-0.415887708,0.000000000,0.000000000,9.800000000,0.974867823,0.000000000,0.000000000,-0.222784039
6.683332264,0.000000000,0.000000000,-0.401876067,0.000000000,0.000000000,9.800000000,0.974680957,0.000000000,0.000000000,-0.223600161
6.687498930,0.000000000,0.000000000,-0.401876067,0.000000000,0.000000000,9.800000000,0.974493408,0.000000000,0.000000000,-0.224416126
6.691665596,0.000000000,0.000000000,-0.401876067,0.000000000,0.000000000,9.800000000,0.974305176,0.000000000,0.000000000,-0.225231934
6.695832262,0.000000000,0.000000000,-0.387709495,-0.000000000,-0.000000000,9.800000000,0.974122932,0.000000000,0.000000000,-0.226018834
6.704165594,0.000000000,0.000000000,-0.387709495,-0.000000000,0.000000000,9.800000000,0.973756538,0.000000000,0.000000000,-0.227592191
6.708332260,0.000000000,0.000000000,-0.373393454,0.000000000,0.000000000,9.800000000,0.973579198,0.000000000,0.000000000,-0.228349610
6.712498926,0.000000000,0.000000000,-0.373393454,0.000000000,0.000000000,9.800000000,0.973401270,0.000000000,0.000000000,-0.229106891
6.716665592,0.000000000,0.000000000,-0.373393454,0.000000000,0.000000000,9.800000000,0.973222753,0.000000000,0.000000000,-0.229864033
6.720832258,0.000000000,0.000000000,-0.358933462,-0.000000000,0.000000000,9.800000000,0.973050593,0.000000000,0.000000000,-0.230591723
6.729165590,0.000000000,0.000000000,-0.358933462,-0.000000000,0.000000000,9.800000000,0.972704642,0.000000000,0.000000000,-0.232046716
6.733332256,0.000000000,0.000000000,-0.344335095,-0.000000000,0.000000000,9.800000000,0.972537930,0.000000000,0.000000000,-0.232744440
6.737498922,0.000000000,0.000000000,-0.344335095,-0.000000000,0.000000000,9.800000000,0.972370717,0.000000000,0.000000000,-0.233442045
6.741665588,0.000000000,0.000000000,-0.344335095,-0.000000000,-0.000000000,9.800000000,0.972203004,0.000000000,0.000000000,-0.234139529
6.745832254,0.000000000,0.000000000,-0.329603980,0.000000000,0.000000000,9.800000000,0.972041997,0.000000000,0.000000000,-0.234807061
6.754165586,0.000000000,0.000000000,-0.329603980,0.000000000,-0.000000000,9.800000000,0.971718608,0.000000000,0.000000000,-0.236141793
6.758332252,0.000000000,0.000000000,-0.314745796,0.000000000,0.000000000,9.800000000,0.971563556,0.000000000,0.000000000,-0.236778918
6.762498918,0.000000000,0.000000000,-0.314745796,0.000000000,0.000000000,9.800000000,0.971408087,0.000000000,0.000000000,-0.237415941
6.766665584,0.000000000,0.000000000,-0.314745796,0.000000000,0.000000000,9.800000000,0.971252200,0.000000000,0.000000000,-0.238052862
6.770832250,0.000000000,0.000000000,-0.299766273,0.000000000,-0.000000000,9.800000000,0.971103343,0.000000000,0.000000000,-0.238659375
6.779165582,0.000000000,0.000000000,-0.299766273,0.000000000,-0.000000000,9.800000000,0.970804494,0.000000000,0.000000000,-0.239872122
6.783332248,0.000000000,0.000000000,-0.284671183,0.000000000,0.000000000,9.800000000,0.970662063,0.000000000,0.000000000,-0.240447829
6.787498914,0.000000000,0.000000000,-0.284671183,0.000000000,-0.000000000,9.800000000,0.970519292,0.000000000,0.000000000,-0.241023453
6.791665580,0.000000000,0.000000000,-0.284671183,0.000000000,0.000000000,9.800000000,0.970376178,0.000000000,0.000000000,-0.241598991
6.795832246,0.000000000,0.000000000,-0.269466347,0.000000000,0.000000000,9.800000000,0.970240395,0.000000000,0.000000000,-0.242143711
6.804165578,0.000000000,0.000000000,-0.269466347,0.000000000,0.000000000,9.800000000,0.969967910,0.000000000,0.000000000,-0.243232921
6.808332244,0.000000000,0.000000000,-0.254157627,0.000000000,-0.000000000,9.800000000,0.969838983,0.000000000,0.000000000,-0.243746480
6.812498910,0.000000000,0.000000000,-0.254157627,0.000000000,-0.000000000,9.800000000,0.969709785,0.000000000,0.000000000,-0.244259970
6.816665576,0.000000000,0.000000000,-0.254157627,0.000000000,-0.000000000,9.800000000,0.969580315,0.000000000,0.000000000,-0.244773393
6.820832242,0.000000000,0.000000000,-0.238750925,0.000000000,0.000000000,9.800000000,0.969458445,0.000000000,0.000000000,-0.245255629
6.829165574,0.000000000,0.000000000,-0.238750925,0.000000000,0.000000000,9.800000000,0.969213986,0.000000000,0.000000000,-0.246219921
6.833332240,0.000000000,0.000000000,-0.223252179,0.000000000,0.000000000,9.800000000,0.969099362,0.000000000,0.000000000,-0.246670684
6.837498906,0.000000000,0.000000000,-0.223252179,-0.000000000,0.000000000,9.800000000,0.968984529,0.000000000,0.000000000,-0.247121394
6.841665572,0.000000000,0.000000000,-0.223252179,0.000000000,0.000000000,9.800000000,0.968869486,0.000000000,0.000000000,-0.247572050
6.845832238,0.000000000,0.000000000,-0.207667366,0.000000000,0.000000000,9.800000000,0.968762285,0.000000000,0.000000000,-0.247991199
6.854165570,0.000000000,0.000000000,-0.207667366,0.000000000,0.000000000,9.800000000,0.968547341,0.000000000,0.000000000,-0.248829357
6.858332236,0.000000000,0.000000000,-0.192002493,0.000000000,0.000000000,9.800000000,0.968447730,0.000000000,0.000000000,-0.249216761
6.862498902,0.000000000,0.000000000,-0.192002493,0.000000000,0.000000000,9.800000000,0.968347965,0.000000000,0.000000000,-0.249604126
6.866665568,0.000000000,0.000000000,-0.192002493,0.000000000,0.000000000,9.800000000,0.968248044,0.000000000,0.000000000,-0.249991450
6.870832234,0.000000000,0.000000000,-0.176263599,0.000000000,0.000000000,9.800000000,0.968156178,0.000000000,0.000000000,-0.250346989
6.879165566,0.000000000,0.000000000,-0.176263599,0.000000000,0.000000000,9.800000000,0.967972054,0.000000000,0.000000000,-0.251057966
6.883332232,0.000000000,0.000000000,-0.160456752,0.000000000,0.000000000,9.800000000,0.967888075,0.000000000,0.000000000,-0.251381530
6.887498898,0.000000000,0.000000000,-0.160456752,0.000000000,0.000000000,9.800000000,0.967803988,0.000000000,0.000000000,-0.251705067
6.891665564,0.000000000,0.000000000,-0.160456752,0.000000000,0.000000000,9.800000000,0.967719793,0.000000000,0.000000000,-0.252028575
6.895832230,0.000000000,0.000000000,-0.144588046,0.000000000,0.000000000,9.800000000,0.967643832,0.000000000,0.000000000,-0.252320065
6.904165562,0.000000000,0.000000000,-0.144588046,0.000000000,0.000000000,9.800000000,0.967491646,0.000000000,0.000000000,-0.252902976
6.908332228,0.000000000,0.000000000,-0.128663599,0.000000000,0.000000000,9.800000000,0.967423821,0.000000000,0.000000000,-0.253162302
6.912498894,0.000000000,0.000000000,-0.128663599,0.000000000,0.000000000,9.800000000,0.967355926,0.000000000,0.000000000,-0.253421610
6.916665560,0.000000000,0.000000000,-0.128663599,-0.000000000,0.000000000,9.800000000,0.967287962,0.000000000,0.000000000,-0.253680900
6.920832226,0.000000000,0.000000000,-0.112689550,0.000000000,0.000000000,9.800000000,0.967228378,0.000000000,0.000000000,-0.253907983
6.929165558,0.000000000,0.000000000,-0.112689550,0.000000000,0.000000000,9.800000000,0.967109052,0.000000000,0.000000000,-0.254362107
6.933332224,0.000000000,0.000000000,-0.096672056,0.000000000,0.000000000,9.800000000,0.967057804,0.000000000,0.000000000,-0.254556878
6.937498890,0.000000000,0.000000000,-0.096672056,0.000000000,0.000000000,9.800000000,0.967006516,0.000000000,0.000000000,-0.254751638
6.941665556,0.000000000,0.000000000,-0.096672056,0.000000000,0.000000000,9.800000000,0.966955190,0.000000000,0.000000000,-0.254946388
6.945832222,0.000000000,0.000000000,-0.080617294,-0.000000000,-0.000000000,9.800000000,0.966912357,0.000000000,0.000000000,-0.255108787
6.954165554,0.000000000,0.000000000,-0.080617294,-0.000000000,-0.000000000,9.800000000,0.966826610,0.000000000,0.000000000,-0.255433564
6.958332220,0.000000000,0.000000000,-0.064531452,0.000000000,0.000000000,9.800000000,0.966792261,0.000000000,0.000000000,-0.255563542
6.962498886,0.000000000,0.000000000,-0.064531452,0.000000000,0.000000000,9.800000000,0.966757894,0.000000000,0.000000000,-0.255693516
6.966665552,0.000000000,0.000000000,-0.064531452,0.000000000,0.000000000,9.800000000,0.966723510,0.000000000,0.000000000,-0.255823485
6.970832218,0.000000000,0.000000000,-0.048420732,-0.000000000,-0.000000000,9.800000000,0.966697698,0.000000000,0.000000000,-0.255921004
6.979165550,0.000000000,0.000000000,-0.048420732,-0.000000000,-0.000000000,9.800000000,0.966646046,0.000000000,0.000000000,-0.256116033
6.983332216,0.000000000,0.000000000,-0.032291345,-0.000000000,0.000000000,9.800000000,0.966628814,0.000000000,0.000000000,-0.256181062
6.987498882,0.000000000,0.000000000,-0.032291345,-0.000000000,0.000000000,9.800000000,0.966611577,0.000000000,0.000000000,-0.256246090
6.991665548,0.000000000,0.000000000,-0.032291345,-0.000000000,0.000000000,9.800000000,0.966594337,0.000000000,0.000000000,-0.256311117
6.995832214,0.000000000,0.000000000,-0.016149509,0.000000000,0.000000000,9.800000000,0.966585712,0.000000000,0.000000000,-0.256343638
7.004165546,0.000000000,0.000000000,-0.016149509,0.000000000,0.000000000,9.800000000,0.966568461,0.000000000,0.000000000,-0.256408678
7.008332212,0.000000000,0.000000000,-0.000001447,0.000000000,-0.000000000,9.800000000,0.966568460,0.000000000,0.000000000,-0.256408681
7.012498878,0.000000000,0.000000000,-0.000001447,0.000000000,-0.000000000,9.800000000,0.966568459,0.000000000,0.000000000,-0.256408684
7.016665544,0.000000000,0.000000000,-0.000001447,0.000000000,-0.000000000,9.800000000,0.966568459,0.000000000,0.000000000,-0.256408687
7.020832210,0.000000000,0.000000000,0.016146616,-0.000000000,0.000000000,9.800000000,0.966577083,0.000000000,0.000000000,-0.256376173
7.029165542,0.000000000,0.000000000,0.016146616,-0.000000000,0.000000000,9.800000000,0.966594330,0.000000000,0.000000000,-0.256311143
7.033332208,0.000000000,0.000000000,0.032288453,0.000000000,0.000000000,9.800000000,0.966611569,0.000000000,0.000000000,-0.256246122
7.037498874,0.000000000,0.000000000,0.032288453,0.000000000,0.000000000,9.800000000,0.966628804,0.000000000,0.000000000,-0.256181100
7.041665540,0.000000000,0.000000000,0.032288453,0.000000000,0.000000000,9.800000000,0.966646034,0.000000000,0.000000000,-0.256116076
7.045832206,0.000000000,0.000000000,0.048417843,0.000000000,0.000000000,9.800000000,0.966671864,0.000000000,0.000000000,-0.256018569
7.054165538,0.000000000,0.000000000,0.048417843,0.000000000,-0.000000000,9.800000000,0.966723494,0.000000000,0.000000000,-0.255823546
7.058332204,0.000000000,0.000000000,0.064528567,0.000000000,0.000000000,9.800000000,0.966757876,0.000000000,0.000000000,-0.255693583
7.062498870,0.000000000,0.000000000,0.064528567,0.000000000,0.000000000,9.800000000,0.966792242,0.000000000,0.000000000,-0.255563615
7.066665536,0.000000000,0.000000000,0.064528567,0.000000000,0.000000000,9.800000000,0.966826590,0.000000000,0.000000000,-0.255433643
7.070832202,0.000000000,0.000000000,0.080614414,-0.000000000,-0.000000000,9.800000000,0.966869475,0.000000000,0.000000000,-0.255271264
7.079165534,0.000000000,0.000000000,0.080614414,-0.000000000,0.000000000,9.800000000,0.966955164,0.000000000,0.000000000,-0.254946484
7.083332200,0.000000000,0.000000000,0.096669182,-0.000000000,-0.000000000,9.800000000,0.967006490,0.000000000,0.000000000,-0.254751740
7.087498866,0.000000000,0.000000000,0.096669182,0.000000000,-0.000000000,9.800000000,0.967057775,0.000000000,0.000000000,-0.254556986
7.091665532,0.000000000,0.000000000,0.096669182,0.000000000,-0.000000000,9.800000000,0.967109022,0.000000000,0.000000000,-0.254362221
7.095832198,0.000000000,0.000000000,0.112686683,0.000000000,0.000000000,9.800000000,0.967168711,0.000000000,0.000000000,-0.254135171
7.104165530,0.000000000,0.000000000,0.112686683,0.000000000,0.000000000,9.800000000,0.967287927,0.000000000,0.000000000,-0.253681031
7.108332196,0.000000000,0.000000000,0.128660741,-0.000000000,-0.000000000,9.800000000,0.967355890,0.000000000,0.000000000,-0.253421747
7.112498862,0.000000000,0.000000000,0.128660741,-0.000000000,-0.000000000,9.800000000,0.967423783,0.000000000,0.000000000,-0.253162445
7.116665528,0.000000000,0.000000000,0.128660741,-0.000000000,-0.000000000,9.800000000,0.967491607,0.000000000,0.000000000,-0.252903124
7.120832194,0.000000000,0.000000000,0.144585198,-0.000000000,0.000000000,9.800000000,0.967567742,0.000000000,0.000000000,-0.252611686
7.129165526,0.000000000,0.000000000,0.144585198,-0.000000000,0.000000000,9.800000000,0.967719750,0.000000000,0.000000000,-0.252028740
7.133332192,0.000000000,0.000000000,0.160453914,-0.000000000,-0.000000000,9.800000000,0.967803944,0.000000000,0.000000000,-0.251705238
7.137498858,0.000000000,0.000000000,0.160453914,-0.000000000,0.000000000,9.800000000,0.967888029,0.000000000,0.000000000,-0.251381707
7.141665524,0.000000000,0.000000000,0.160453914,0.000000000,0.000000000,9.800000000,0.967972007,0.000000000,0.000000000,-0.251058148
7.145832190,0.000000000,0.000000000,0.176260772,-0.000000000,0.000000000,9.800000000,0.968064133,0.000000000,0.000000000,-0.250702683
7.154165522,0.000000000,0.000000000,0.176260772,0.000000000,0.000000000,9.800000000,0.968247993,0.000000000,0.000000000,-0.249991649
7.158332188,0.000000000,0.000000000,0.191999679,0.000000000,0.000000000,9.800000000,0.968347912,0.000000000,0.000000000,-0.249604331
7.162498854,0.000000000,0.000000000,0.191999679,0.000000000,0.000000000,9.800000000,0.968447676,0.000000000,0.000000000,-0.249216973
7.166665520,0.000000000,0.000000000,0.191999679,0.000000000,0.000000000,9.800000000,0.968547285,0.000000000,0.000000000,-0.248829574
7.170832186,0.000000000,0.000000000,0.207664566,-0.000000000,-0.000000000,9.800000000,0.968654846,0.000000000,0.000000000,-0.248410524
7.179165518,0.000000000,0.000000000,0.207664566,-0.000000000,-0.000000000,9.800000000,0.968869426,0.000000000,0.000000000,-0.247572284
7.183332184,0.000000000,0.000000000,0.223249394,0.000000000,-0.000000000,9.800000000,0.968984468,0.000000000,0.000000000,-0.247121633
7.187498850,0.000000000,0.000000000,0.223249394,-0.000000000,-0.000000000,9.800000000,0.969099300,0.000000000,0.000000000,-0.246670929
7.191665516,0.000000000,0.000000000,0.223249394,0.000000000,-0.000000000,9.800000000,0.969213922,0.000000000,0.000000000,-0.246220172
7.195832182,0.000000000,0.000000000,0.238748156,0.000000000,0.000000000,9.800000000,0.969336270,0.000000000,0.000000000,-0.245738062
7.204165514,0.000000000,0.000000000,0.238748156,0.000000000,0.000000000,9.800000000,0.969580247,0.000000000,0.000000000,-0.244773660
7.208332180,0.000000000,0.000000000,0.254154875,0.000000000,0.000000000,9.800000000,0.969709716,0.000000000,0.000000000,-0.244260244
7.212498846,0.000000000,0.000000000,0.254154875,0.000000000,0.000000000,9.800000000,0.969838913,0.000000000,0.000000000,-0.243746759
7.216665512,0.000000000,0.000000000,0.254154875,0.000000000,0.000000000,9.800000000,0.969967839,0.000000000,0.000000000,-0.243233205
7.220832178,0.000000000,0.000000000,0.269463613,-0.000000000,-0.000000000,9.800000000,0.970104233,0.000000000,0.000000000,-0.242688644
7.229165510,0.000000000,0.000000000,0.269463613,-0.000000000,-0.000000000,9.800000000,0.970376103,0.000000000,0.000000000,-0.241599292
7.233332176,0.000000000,0.000000000,0.284668468,0.000000000,0.000000000,9.800000000,0.970519215,0.000000000,0.000000000,-0.241023759
7.237498842,0.000000000,0.000000000,0.284668468,0.000000000,0.000000000,9.800000000,0.970661986,0.000000000,0.000000000,-0.240448142
7.241665508,0.000000000,0.000000000,0.284668468,0.000000000,0.000000000,9.800000000,0.970804415,0.000000000,0.000000000,-0.239872439
7.245832174,0.000000000,0.000000000,0.299763578,0.000000000,-0.000000000,9.800000000,0.970954028,0.000000000,0.000000000,-0.239266118
7.254165506,0.000000000,0.000000000,0.299763578,-0.000000000,-0.000000000,9.800000000,0.971252118,0.000000000,0.000000000,-0.238053196
7.258332172,0.000000000,0.000000000,0.314743123,0.000000000,-0.000000000,9.800000000,0.971408004,0.000000000,0.000000000,-0.237416280
7.262498838,0.000000000,0.000000000,0.314743123,-0.000000000,-0.000000000,9.800000000,0.971563472,0.000000000,0.000000000,-0.236779263
7.266665504,0.000000000,0.000000000,0.314743123,0.000000000,-0.000000000,9.800000000,0.971718523,0.000000000,0.000000000,-0.236142144
7.270832170,0.000000000,0.000000000,0.329601329,0.000000000,-0.000000000,9.800000000,0.971880446,0.000000000,0.000000000,-0.235474839
7.279165502,0.000000000,0.000000000,0.329601329,0.000000000,0.000000000,9.800000000,0.972202916,0.000000000,0.000000000,-0.234139896
7.283332168,0.000000000,0.000000000,0.344332467,-0.000000000,0.000000000,9.800000000,0.972370628,0.000000000,0.000000000,-0.233442417
7.287498834,0.000000000,0.000000000,0.344332467,0.000000000,0.000000000,9.800000000,0.972537840,0.000000000,0.000000000,-0.232744818
7.291665500,0.000000000,0.000000000,0.344332467,-0.000000000,-0.000000000,9.800000000,0.972704551,0.000000000,0.000000000,-0.232047099
7.295832166,0.000000000,0.000000000,0.358930858,0.000000000,-0.000000000,9.800000000,0.972877798,0.000000000,0.000000000,-0.231319673
7.304165498,0.000000000,0.000000000,0.358930858,-0.000000000,-0.000000000,9.800000000,0.973222658,0.000000000,0.000000000,-0.229864432
7.308332164,0.000000000,0.000000000,0.373390875,-0.000000000,-0.000000000,9.800000000,0.973401175,0.000000000,0.000000000,-0.229107295
7.312498830,0.000000000,0.000000000,0.373390875,0.000000000,-0.000000000,9.800000000,0.973579102,0.000000000,0.000000000,-0.228350020
7.316665496,0.000000000,0.000000000,0.373390875,0.000000000,-0.000000000,9.800000000,0.973756441,0.000000000,0.000000000,-0.227592606
7.320832162,0.000000000,0.000000000,0.387706943,0.000000000,0.000000000,9.800000000,0.973939955,0.000000000,0.000000000,-0.226806006
7.329165494,0.000000000,0.000000000,0.387706943,-0.000000000,0.000000000,9.800000000,0.974305076,0.000000000,0.000000000,-0.225232364
7.333332160,0.000000000,0.000000000,0.401873542,0.000000000,0.000000000,9.800000000,0.974493308,0.000000000,0.000000000,-0.224416562
7.337498826,0.000000000,0.000000000,0.401873542,0.000000000,0.000000000,9.800000000,0.974680856,0.000000000,0.000000000,-0.223600602
7.341665492,0.000000000,0.000000000,0.401873542,0.000000000,0.000000000,9.800000000,0.974867721,0.000000000,0.000000000,-0.222784486
7.345832158,0.000000000,0.000000000,0.415885211,-0.000000000,-0.000000000,9.800000000,0.975060381,0.000000000,0.000000000,-0.221939750
7.354165490,0.000000000,0.000000000,0.415885211,-0.000000000,-0.000000000,9.800000000,0.975443507,0.000000000,0.000000000,-0.220249780
7.358332156,0.000000000,0.000000000,0.429736549,0.000000000,-0.000000000,9.800000000,0.975640302,0.000000000,0.000000000,-0.219376392
7.362498822,0.000000000,0.000000000,0.429736549,0.000000000,-0.000000000,9.800000000,0.975836315,0.000000000,0.000000000,-0.218502829
7.366665488,0.000000000,0.000000000,0.429736549,0.000000000,-0.000000000,9.800000000,0.976031546,0.000000000,0.000000000,-0.217629090
7.370832154,0.000000000,0.000000000,0.443422215,-0.000000000,-0.000000000,9.800000000,0.976232175,0.000000000,0.000000000,-0.216727343
7.379165486,0.000000000,0.000000000,0.443422215,-0.000000000,-0.000000000,9.800000000,0.976630932,0.000000000,0.000000000,-0.214923296
7.383332152,0.000000000,0.000000000,0.456936934,0.000000000,0.000000000,9.800000000,0.976835086,0.000000000,0.000000000,-0.213993493
7.387498818,0.000000000,0.000000000,0.456936934,0.000000000,0.000000000,9.800000000,0.977038355,0.000000000,0.000000000,-0.213063496
7.391665484,0.000000000,0.000000000,0.456936934,0.000000000,0.000000000,9.800000000,0.977240738,0.000000000,0.000000000,-0.212133306
7.395832150,0.000000000,0.000000000,0.470275495,0.000000000,0.000000000,9.800000000,0.977448105,0.000000000,0.000000000,-0.211175762
7.404165482,0.000000000,0.000000000,0.470275495,0.000000000,0.000000000,9.800000000,0.977860023,0.000000000,0.000000000,-0.209260067
7.408332148,0.000000000,0.000000000,0.483432755,0.000000000,0.000000000,9.800000000,0.978070283,0.000000000,0.000000000,-0.208275108
7.412498814,0.000000000,0.000000000,0.483432755,0.000000000,0.000000000,9.800000000,0.978279552,0.000000000,0.000000000,-0.207289938
7.416665480,0.000000000,0.000000000,0.483432755,0.000000000,0.000000000,9.800000000,0.978487828,0.000000000,0.000000000,-0.206304557
7.420832146,0.000000000,0.000000000,0.496403643,0.000000000,0.000000000,9.800000000,0.978700660,0.000000000,0.000000000,-0.205292520
7.429165478,0.000000000,0.000000000,0.496403643,0.000000000,0.000000000,9.800000000,0.979123182,0.000000000,0.000000000,-0.203267789
7.433332144,0.000000000,0.000000000,0.509183159,0.000000000,0.000000000,9.800000000,0.979338257,0.000000000,0.000000000,-0.202229023
7.437498810,0.000000000,0.000000000,0.509183159,0.000000000,0.000000000,9.800000000,0.979552230,0.000000000,0.000000000,-0.201190029
7.441665476,0.000000000,0.000000000,0.509183159,0.000000000,0.000000000,9.800000000,0.979765101,0.000000000,0.000000000,-0.200150809
7.445832142,0.000000000,0.000000000,0.521766374,0.000000000,0.000000000,9.800000000,0.979982089,0.000000000,0.000000000,-0.199085673
7.454165474,0.000000000,0.000000000,0.521766374,0.000000000,0.000000000,9.800000000,0.980412590,0.000000000,0.000000000,-0.196954698
7.458332140,0.000000000,0.000000000,0.534148439,0.000000000,-0.000000000,9.800000000,0.980631156,0.000000000,0.000000000,-0.195863564
7.462498806,0.000000000,0.000000000,0.534148439,-0.000000000,-0.000000000,9.800000000,0.980848508,0.000000000,0.000000000,-0.194772188
7.466665472,0.000000000,0.000000000,0.534148439,0.000000000,-0.000000000,9.800000000,0.981064645,0.000000000,0.000000000,-0.193680570
7.470832138,0.000000000,0.000000000,0.546324579,0.000000000,0.000000000,9.800000000,0.981284452,0.000000000,0.000000000,-0.192563821
7.479165470,0.000000000,0.000000000,0.546324579,0.000000000,0.000000000,9.800000000,0.981720252,0.000000000,0.000000000,-0.190329575
7.483332136,0.000000000,0.000000000,0.558290101,-0.000000000,-0.000000000,9.800000000,0.981940961,0.000000000,0.000000000,-0.189187603
7.487498802,0.000000000,0.000000000,0.558290101,-0.000000000,-0.000000000,9.800000000,0.982160342,0.000000000,0.000000000,-0.188045376
7.491665468,0.000000000,0.000000000,0.558290101,0.000000000,-0.000000000,9.800000000,0.982378394,0.000000000,0.000000000,-0.186902894
7.495832134,0.000000000,0.000000000,0.570040391,-0.000000000,0.000000000,9.800000000,0.982599664,0.000000000,0.000000000,-0.185736106
7.504165466,0.000000000,0.000000000,0.570040391,-0.000000000,0.000000000,9.800000000,0.983038046,0.000000000,0.000000000,-0.183401745
7.508332132,0.000000000,0.000000000,0.581570920,0.000000000,0.000000000,9.800000000,0.983259535,0.000000000,0.000000000,-0.182210556
7.512498798,0.000000000,0.000000000,0.581570920,0.000000000,0.000000000,9.800000000,0.983479581,0.000000000,0.000000000,-0.181019100
7.516665464,0.000000000,0.000000000,0.581570920,0.000000000,0.000000000,9.800000000,0.983698183,0.000000000,0.000000000,-0.179827377
7.520832130,0.000000000,0.000000000,0.592877243,0.000000000,0.000000000,9.800000000,0.983919548,0.000000000,0.000000000,-0.178612215
7.529165462,0.000000000,0.000000000,0.592877243,0.000000000,0.000000000,9.800000000,0.984357775,0.000000000,0.000000000,-0.176181075
7.533332128,0.000000000,0.000000000,0.603955000,0.000000000,0.000000000,9.800000000,0.984578673,0.000000000,0.000000000,-0.174942378
7.537498794,0.000000000,0.000000000,0.603955000,0.000000000,0.000000000,9.800000000,0.984798013,0.000000000,0.000000000,-0.173703404
7.541665460,0.000000000,0.000000000,0.603955000,0.000000000,0.000000000,9.800000000,0.985015794,0.000000000,0.000000000,-0.172464156
7.545832126,0.000000000,0.000000000,0.614799921,-0.000000000,-0.000000000,9.800000000,0.985235884,0.000000000,0.000000000,-0.171202374
7.554165458,0.000000000,0.000000000,0.614799921,0.000000000,0.000000000,9.800000000,0.985671214,0.000000000,0.000000000,-0.168677970
7.558332124,0.000000000,0.000000000,0.625407825,0.000000000,0.000000000,9.800000000,0.985890154,0.000000000,0.000000000,-0.167393563
7.562498790,0.000000000,0.000000000,0.625407825,-0.000000000,-0.000000000,9.800000000,0.986107419,0.000000000,0.000000000,-0.166108873
7.566665456,0.000000000,0.000000000,0.625407825,0.000000000,-0.000000000,9.800000000,0.986323011,0.000000000,0.000000000,-0.164823901
7.570832122,0.000000000,0.000000000,0.635774623,0.000000000,0.000000000,9.800000000,0.986540460,0.000000000,0.000000000,-0.163517342
7.579165454,0.000000000,0.000000000,0.635774623,0.000000000,0.000000000,9.800000000,0.986970165,0.000000000,0.000000000,-0.160903366
7.583332120,0.000000000,0.000000000,0.645896317,-0.000000000,-0.000000000,9.800000000,0.987185786,0.000000000,0.000000000,-0.159575137
7.587498786,0.000000000,0.000000000,0.645896317,-0.000000000,0.000000000,9.800000000,0.987399619,0.000000000,0.000000000,-0.158246619
7.591665452,0.000000000,0.000000000,0.645896317,-0.000000000,0.000000000,9.800000000,0.987611664,0.000000000,0.000000000,-0.156917814
7.595832118,0.000000000,0.000000000,0.655769006,-0.000000000,-0.000000000,9.800000000,0.987825121,0.000000000,0.000000000,-0.155568407
7.604165450,0.000000000,0.000000000,0.655769006,0.000000000,0.000000000,9.800000000,0.988246504,0.000000000,0.000000000,-0.152868726
7.608332116,0.000000000,0.000000000,0.665388884,-0.000000000,0.000000000,9.800000000,0.988457465,0.000000000,0.000000000,-0.151498646
7.612498782,0.000000000,0.000000000,0.665388884,-0.000000000,0.000000000,9.800000000,0.988666527,0.000000000,0.000000000,-0.150128275
7.616665448,0.000000000,0.000000000,0.665388884,0.000000000,0.000000000,9.800000000,0.988873689,0.000000000,0.000000000,-0.148757615
7.620832114,0.000000000,0.000000000,0.674752242,0.000000000,-0.000000000,9.800000000,0.989081825,0.000000000,0.000000000,-0.147367376
7.629165446,0.000000000,0.000000000,0.674752242,-0.000000000,0.000000000,9.800000000,0.989492234,0.000000000,0.000000000,-0.144586026
7.633332112,0.000000000,0.000000000,0.683855470,0.000000000,0.000000000,9.800000000,0.989697221,0.000000000,0.000000000,-0.143176151
7.637498778,0.000000000,0.000000000,0.683855470,0.000000000,0.000000000,9.800000000,0.989900200,0.000000000,0.000000000,-0.141765986
7.641665444,0.000000000,0.000000000,0.683855470,0.000000000,0.000000000,9.800000000,0.990101169,0.000000000,0.000000000,-0.140355533
7.645832110,0.000000000,0.000000000,0.692695059,-0.000000000,0.000000000,9.800000000,0.990302687,0.000000000,0.000000000,-0.138926558
7.654165442,0.000000000,0.000000000,0.692695059,0.000000000,0.000000000,9.800000000,0.990699535,0.000000000,0.000000000,-0.136067743
7.658332108,0.000000000,0.000000000,0.701267600,0.000000000,0.000000000,9.800000000,0.990897269,0.000000000,0.000000000,-0.134620212
7.662498774,0.000000000,0.000000000,0.701267600,0.000000000,0.000000000,9.800000000,0.991092888,0.000000000,0.000000000,-0.133172394
7.666665440,0.000000000,0.000000000,0.701267600,0.000000000,0.000000000,9.800000000,0.991286392,0.000000000,0.000000000,-0.131724291
7.670832106,0.000000000,0.000000000,0.709569790,0.000000000,0.000000000,9.800000000,0.991480033,0.000000000,0.000000000,-0.130258759
7.679165438,0.000000000,0.000000000,0.709569790,0.000000000,0.000000000,9.800000000,0.991860814,0.000000000,0.000000000,-0.127326843
7.683332104,0.000000000,0.000000000,0.717598427,0.000000000,0.000000000,9.800000000,0.992050059,0.000000000,0.000000000,-0.125843873
7.687498770,0.000000000,0.000000000,0.717598427,0.000000000,0.000000000,9.800000000,0.992237086,0.000000000,0.000000000,-0.124360622
7.691665436,0.000000000,0.000000000,0.717598427,0.000000000,0.000000000,9.800000000,0.992421896,0.000000000,0.000000000,-0.122877092
7.695832102,0.000000000,0.000000000,0.725350417,0.000000000,0.000000000,9.800000000,0.992606448,0.000000000,0.000000000,-0.121377258
7.704165434,0.000000000,0.000000000,0.725350417,0.000000000,0.000000000,9.800000000,0.992968752,0.000000000,0.000000000,-0.118376761
7.708332100,0.000000000,0.000000000,0.732822770,0.000000000,0.000000000,9.800000000,0.993148322,0.000000000,0.000000000,-0.116860644
7.712498766,0.000000000,0.000000000,0.732822770,0.000000000,0.000000000,9.800000000,0.993325577,0.000000000,0.000000000,-0.115344255
7.716665432,0.000000000,0.000000000,0.732822770,0.000000000,0.000000000,9.800000000,0.993500517,0.000000000,0.000000000,-0.113827597
7.720832098,0.000000000,0.000000000,0.740012606,0.000000000,0.000000000,9.800000000,0.993674824,0.000000000,0.000000000,-0.112295790
7.729165430,0.000000000,0.000000000,0.740012606,0.000000000,0.000000000,9.800000000,0.994016351,0.000000000,0.000000000,-0.109231379
7.733332096,0.000000000,0.000000000,0.746917154,0.000000000,0.000000000,9.800000000,0.994185120,0.000000000,0.000000000,-0.107684481
7.737498762,0.000000000,0.000000000,0.746917154,0.000000000,0.000000000,9.800000000,0.994351481,0.000000000,0.000000000,-0.106137323
7.741665428,0.000000000,0.000000000,0.746917154,0.000000000,0.000000000,9.800000000,0.994515435,0.000000000,0.000000000,-0.104589907
7.745832094,0.000000000,0.000000000,0.753533750,0.000000000,0.000000000,9.800000000,0.994678402,0.000000000,0.000000000,-0.103028527
7.754165426,0.000000000,0.000000000,0.753533750,0.000000000,-0.000000000,9.800000000,0.994996979,0.000000000,0.000000000,-0.099905009
7.758332092,0.000000000,0.000000000,0.759859845,0.000000000,0.000000000,9.800000000,0.995153886,0.000000000,0.000000000,-0.098329764
7.762498758,0.000000000,0.000000000,0.759859845,-0.000000000,0.000000000,9.800000000,0.995308299,0.000000000,0.000000000,-0.096754272
7.766665424,0.000000000,0.000000000,0.759859845,-0.000000000,0.000000000,9.800000000,0.995460218,0.000000000,0.000000000,-0.095178537
7.770832090,0.000000000,0.000000000,0.765893000,0.000000000,-0.000000000,9.800000000,0.995610819,0.000000000,0.000000000,-0.093590050
7.779165422,0.000000000,0.000000000,0.765893000,0.000000000,0.000000000,9.800000000,0.995904415,0.000000000,0.000000000,-0.090412366
7.783332088,0.000000000,0.000000000,0.771630889,-0.000000000,-0.000000000,9.800000000,0.996048472,0.000000000,0.000000000,-0.088811269
7.787498754,0.000000000,0.000000000,0.771630889,0.000000000,-0.000000000,9.800000000,0.996189955,0.000000000,0.000000000,-0.087209943
7.791665420,0.000000000,0.000000000,0.771630889,-0.000000000,-0.000000000,9.800000000,0.996328863,0.000000000,0.000000000,-0.085608392
7.795832086,0.000000000,0.000000000,0.777071299,-0.000000000,0.000000000,9.800000000,0.996466149,0.000000000,0.000000000,-0.083995326
7.804165418,0.000000000,0.000000000,0.777071299,0.000000000,0.000000000,9.800000000,0.996732885,0.000000000,0.000000000,-0.080768536
7.808332084,0.000000000,0.000000000,0.782212133,-0.000000000,-0.000000000,9.800000000,0.996863182,0.000000000,0.000000000,-0.079144146
7.812498750,0.000000000,0.000000000,0.782212133,0.000000000,0.000000000,9.800000000,0.996990833,0.000000000,0.000000000,-0.077519545
7.816665416,0.000000000,0.000000000,0.782212133,0.000000000,0.000000000,9.800000000,0.997115835,0.000000000,0.000000000,-0.075894738
7.820832082,0.000000000,0.000000000,0.787051410,0.000000000,0.000000000,9.800000000,0.997238939,0.000000000,0.000000000,-0.074259676
7.829165414,0.000000000,0.000000000,0.787051410,0.000000000,0.000000000,9.800000000,0.997477102,0.000000000,0.000000000,-0.070988956
7.833332080,0.000000000,0.000000000,0.791587264,0.000000000,0.000000000,9.800000000,0.997592816,0.000000000,0.000000000,-0.069343881
7.837498746,0.000000000,0.000000000,0.791587264,0.000000000,0.000000000,9.800000000,0.997705817,0.000000000,0.000000000,-0.067698618
7.841665412,0.000000000,0.000000000,0.791587264,0.000000000,0.000000000,9.800000000,0.997816105,0.000000000,0.000000000,-0.066053170
7.845832078,0.000000000,0.000000000,0.795817946,0.000000000,0.000000000,9.800000000,0.997924246,0.000000000,0.000000000,-0.064398747
7.854165410,0.000000000,0.000000000,0.795817946,0.000000000,0.000000000,9.800000000,0.998132300,0.000000000,0.000000000,-0.061089374
7.858332076,0.000000000,0.000000000,0.799741825,0.000000000,0.000000000,9.800000000,0.998232697,0.000000000,0.000000000,-0.059426274
7.862498742,0.000000000,0.000000000,0.799741825,0.000000000,0.000000000,9.800000000,0.998330324,0.000000000,0.000000000,-0.057763008
7.866665408,0.000000000,0.000000000,0.799741825,0.000000000,-0.000000000,9.800000000,0.998425178,0.000000000,0.000000000,-0.056099582
7.870832074,0.000000000,0.000000000,0.803357388,0.000000000,0.000000000,9.800000000,0.998517672,0.000000000,0.000000000,-0.054428479
7.879165406,0.000000000,0.000000000,0.803357388,0.000000000,0.000000000,9.800000000,0.998694267,0.000000000,0.000000000,-0.051085820
7.883332072,0.000000000,0.000000000,0.806663242,-0.000000000,0.000000000,9.800000000,0.998778709,0.000000000,0.000000000,-0.049407395
7.887498738,0.000000000,0.000000000,0.806663242,0.000000000,0.000000000,9.800000000,0.998860330,0.000000000,0.000000000,-0.047728830
7.891665404,0.000000000,0.000000000,0.806663242,0.000000000,-0.000000000,9.800000000,0.998939130,0.000000000,0.000000000,-0.046050131
7.895832070,0.000000000,0.000000000,0.809658112,0.000000000,0.000000000,9.800000000,0.999015386,0.000000000,0.000000000,-0.044365068
7.904165402,0.000000000,0.000000000,0.809658112,0.000000000,0.000000000,9.800000000,0.999159369,0.000000000,0.000000000,-0.040994569
7.908332068,0.000000000,0.000000000,0.812340844,0.000000000,-0.000000000,9.800000000,0.999227317,0.000000000,0.000000000,-0.039303557
7.912498734,0.000000000,0.000000000,0.812340844,0.000000000,-0.000000000,9.800000000,0.999292402,0.000000000,0.000000000,-0.037612433
7.916665400,0.000000000,0.000000000,0.812340844,0.000000000,-0.000000000,9.800000000,0.999354625,0.000000000,0.000000000,-0.035921201
7.920832066,0.000000000,0.000000000,0.814710403,0.000000000,0.000000000,9.800000000,0.999414155,0.000000000,0.000000000,-0.034224932
7.929165398,0.000000000,0.000000000,0.814710403,-0.000000000,0.000000000,9.800000000,0.999524578,0.000000000,0.000000000,-0.030832104
7.933332064,0.000000000,0.000000000,0.816765875,0.000000000,0.000000000,9.800000000,0.999575594,0.000000000,0.000000000,-0.029131274
7.937498730,0.000000000,0.000000000,0.816765875,0.000000000,0.000000000,9.800000000,0.999623717,0.000000000,0.000000000,-0.027430359
7.941665396,0.000000000,0.000000000,0.816765875,0.000000000,-0.000000000,9.800000000,0.999668945,0.000000000,0.000000000,-0.025729365
7.945832062,0.000000000,0.000000000,0.818506469,0.000000000,0.000000000,9.800000000,0.999711366,0.000000000,0.000000000,-0.024024672
7.954165394,0.000000000,0.000000000,0.818506469,0.000000000,0.000000000,9.800000000,0.999787487,0.000000000,0.000000000,-0.020615080
7.958332060,0.000000000,0.000000000,0.819931513,-0.000000000,0.000000000,9.800000000,0.999821242,0.000000000,0.000000000,-0.018907223
7.962498726,0.000000000,0.000000000,0.819931513,-0.000000000,0.000000000,9.800000000,0.999852081,0.000000000,0.000000000,-0.017199312
7.966665392,0.000000000,0.000000000,0.819931513,0.000000000,0.000000000,9.800000000,0.999880002,0.000000000,0.000000000,-0.015491350
7.970832058,0.000000000,0.000000000,0.821040458,-0.000000000,-0.000000000,9.800000000,0.999905037,0.000000000,0.000000000,-0.013781032
7.979165390,0.000000000,0.000000000,0.821040458,0.000000000,0.000000000,9.800000000,0.999946331,0.000000000,0.000000000,-0.010360282
7.983332056,0.000000000,0.000000000,0.821832876,0.000000000,0.000000000,9.800000000,0.999962604,0.000000000,0.000000000,-0.008648208
7.987498722,0.000000000,0.000000000,0.821832876,0.000000000,0.000000000,9.800000000,0.999975945,0.000000000,0.000000000,-0.006936109
7.991665388,0.000000000,0.000000000,0.821832876,0.000000000,0.000000000,9.800000000,0.999986355,0.000000000,0.000000000,-0.005223989
7.995832054,0.000000000,0.000000000,0.822308463,0.000000000,-0.000000000,9.800000000,0.999993837,0.000000000,0.000000000,-0.003510863
8.004165386,0.000000000,0.000000000,0.822308463,0.000000000,-0.000000000,9.800000000,0.999999996,0.000000000,0.000000000,-0.000084586
8.008332052,0.000000000,0.000000000,0.822467033,0.000000000,0.000000000,9.800000000,0.999998673,0.000000000,0.000000000,0.001628886
8.012498718,0.000000000,0.000000000,0.822467033,0.000000000,0.000000000,9.800000000,0.999994414,0.000000000,0.000000000,0.003342354
8.016665384,0.000000000,0.000000000,0.822467033,0.000000000,0.000000000,9.800000000,0.999987219,0.000000000,0.000000000,0.005055811
8.020832050,0.000000000,0.000000000,0.822308528,-0.000000000,-0.000000000,9.800000000,0.999977091,0.000000000,0.000000000,0.006768923
8.029165382,0.000000000,0.000000000,0.822308528,-0.000000000,-0.000000000,9.800000000,0.999948029,0.000000000,0.000000000,0.010195083
8.033332048,0.000000000,0.000000000,0.821833006,-0.000000000,0.000000000,9.800000000,0.999929108,0.000000000,0.000000000,0.011907131
8.037498714,0.000000000,0.000000000,0.821833006,0.000000000,0.000000000,9.800000000,0.999907255,0.000000000,0.000000000,0.013619143
8.041665380,0.000000000,0.000000000,0.821833006,0.000000000,0.000000000,9.800000000,0.999882472,0.000000000,0.000000000,0.015331115
8.045832046,0.000000000,0.000000000,0.821040653,-0.000000000,-0.000000000,9.800000000,0.999854785,0.000000000,0.000000000,0.017041392
8.054165378,0.000000000,0.000000000,0.821040653,0.000000000,-0.000000000,9.800000000,0.999790636,0.000000000,0.000000000,0.020461791
8.058332044,0.000000000,0.000000000,0.819931773,0.000000000,0.000000000,9.800000000,0.999754224,0.000000000,0.000000000,0.022169593
8.062498710,0.000000000,0.000000000,0.819931773,0.000000000,0.000000000,9.800000000,0.999714896,0.000000000,0.000000000,0.023877331
8.066665376,0.000000000,0.000000000,0.819931773,0.000000000,0.000000000,9.800000000,0.999672650,0.000000000,0.000000000,0.025584999
8.070832042,0.000000000,0.000000000,0.818506793,-0.000000000,-0.000000000,9.800000000,0.999627569,0.000000000,0.000000000,0.027289625
8.079165374,0.000000000,0.000000000,0.818506793,0.000000000,-0.000000000,9.800000000,0.999528686,0.000000000,0.000000000,0.030698634
8.083332040,0.000000000,0.000000000,0.816766264,0.000000000,0.000000000,9.800000000,0.999475002,0.000000000,0.000000000,0.032399383
8.087498706,0.000000000,0.000000000,0.816766264,0.000000000,0.000000000,9.800000000,0.999418425,0.000000000,0.000000000,0.034100038
8.091665372,0.000000000,0.000000000,0.816766264,0.000000000,0.000000000,9.800000000,0.999358953,0.000000000,0.000000000,0.035800595
8.095832038,0.000000000,0.000000000,0.814710856,-0.000000000,-0.000000000,9.800000000,0.999296749,0.000000000,0.000000000,0.037496768
8.104165370,0.000000000,0.000000000,0.814710856,0.000000000,0.000000000,9.800000000,0.999163704,0.000000000,0.000000000,0.040888786
8.108332036,0.000000000,0.000000000,0.812341361,0.000000000,0.000000000,9.800000000,0.999093074,0.000000000,0.000000000,0.042579689
8.112498702,0.000000000,0.000000000,0.812341361,0.000000000,0.000000000,9.800000000,0.999019582,0.000000000,0.000000000,0.044270470
8.116665368,0.000000000,0.000000000,0.812341361,-0.000000000,0.000000000,9.800000000,0.998943229,0.000000000,0.000000000,0.045961124
8.120832034,0.000000000,0.000000000,0.809658694,-0.000000000,-0.000000000,9.800000000,0.998864281,0.000000000,0.000000000,0.047646064
8.129165366,0.000000000,0.000000000,0.809658694,-0.000000000,-0.000000000,9.800000000,0.998697860,0.000000000,0.000000000,0.051015533
8.133332032,0.000000000,0.000000000,0.806663888,0.000000000,-0.000000000,9.800000000,0.998610716,0.000000000,0.000000000,0.052693821
8.137498698,0.000000000,0.000000000,0.806663888,0.000000000,-0.000000000,9.800000000,0.998520751,0.000000000,0.000000000,0.054371961
8.141665364,0.000000000,0.000000000,0.806663888,-0.000000000,-0.000000000,9.800000000,0.998427966,0.000000000,0.000000000,0.056049947
8.145832030,0.000000000,0.000000000,0.803358097,0.000000000,-0.000000000,9.800000000,0.998332759,0.000000000,0.000000000,0.057720899
8.154165362,0.000000000,0.000000000,0.803358097,0.000000000,-0.000000000,9.800000000,0.998133956,0.000000000,0.000000000,0.061062313
8.158332028,0.000000000,0.000000000,0.799742597,-0.000000000,-0.000000000,9.800000000,0.998030833,0.000000000,0.000000000,0.062725249
8.162498694,0.000000000,0.000000000,0.799742597,0.000000000,-0.000000000,9.800000000,0.997924939,0.000000000,0.000000000,0.064388010
8.166665360,0.000000000,0.000000000,0.799742597,0.000000000,-0.000000000,9.800000000,0.997816275,0.000000000,0.000000000,0.066050593
8.170832026,0.000000000,0.000000000,0.795818781,0.000000000,0.000000000,9.800000000,0.997705395,0.000000000,0.000000000,0.067704836
8.179165358,0.000000000,0.000000000,0.795818781,0.000000000,-0.000000000,9.800000000,0.997475407,0.000000000,0.000000000,0.071012760
8.183332024,0.000000000,0.000000000,0.791588162,0.000000000,0.000000000,9.800000000,0.997356941,0.000000000,0.000000000,0.072657641
8.187498690,0.000000000,0.000000000,0.791588162,0.000000000,0.000000000,9.800000000,0.997235762,0.000000000,0.000000000,0.074302325
8.191665356,0.000000000,0.000000000,0.791588162,0.000000000,0.000000000,9.800000000,0.997111871,0.000000000,0.000000000,0.075946806
8.195832022,0.000000000,0.000000000,0.787052370,0.000000000,0.000000000,9.800000000,0.996986001,0.000000000,0.000000000,0.077581660
8.204165354,0.000000000,0.000000000,0.787052370,0.000000000,0.000000000,9.800000000,0.996726220,0.000000000,0.000000000,0.080850737
8.208332020,0.000000000,0.000000000,0.782213155,0.000000000,0.000000000,9.800000000,0.996593142,0.000000000,0.000000000,0.082474904
8.212498686,0.000000000,0.000000000,0.782213155,0.000000000,0.000000000,9.800000000,0.996457417,0.000000000,0.000000000,0.084098853
8.216665352,0.000000000,0.000000000,0.782213155,0.000000000,0.000000000,9.800000000,0.996319045,0.000000000,0.000000000,0.085722578
8.220832018,0.000000000,0.000000000,0.777072382,0.000000000,0.000000000,9.800000000,0.996178963,0.000000000,0.000000000,0.087335406
8.229165350,0.000000000,0.000000000,0.777072382,0.000000000,0.000000000,9.800000000,0.995890967,0.000000000,0.000000000,0.090560372
8.233332016,0.000000000,0.000000000,0.771632033,0.000000000,0.000000000,9.800000000,0.995744099,0.000000000,0.000000000,0.092161215
8.237498682,0.000000000,0.000000000,0.771632033,0.000000000,0.000000000,9.800000000,0.995594657,0.000000000,0.000000000,0.093761820
8.241665348,0.000000000,0.000000000,0.771632033,0.000000000,-0.000000000,9.800000000,0.995442642,0.000000000,0.000000000,0.095362183
8.245832014,0.000000000,0.000000000,0.765894205,0.000000000,0.000000000,9.800000000,0.995289214,0.000000000,0.000000000,0.096950402
8.254165346,0.000000000,0.000000000,0.765894205,0.000000000,0.000000000,9.800000000,0.994974756,0.000000000,0.000000000,0.100126095
8.258332012,0.000000000,0.000000000,0.759861111,-0.000000000,0.000000000,9.800000000,0.994815005,0.000000000,0.000000000,0.101701058
8.262498678,0.000000000,0.000000000,0.759861111,0.000000000,0.000000000,9.800000000,0.994652762,0.000000000,0.000000000,0.103275765
8.266665344,0.000000000,0.000000000,0.759861111,-0.000000000,0.000000000,9.800000000,0.994488025,0.000000000,0.000000000,0.104850214
8.270832010,0.000000000,0.000000000,0.753535076,0.000000000,0.000000000,9.800000000,0.994322199,0.000000000,0.000000000,0.106411295
8.279165342,0.000000000,0.000000000,0.753535076,0.000000000,0.000000000,9.800000000,0.993983196,0.000000000,0.000000000,0.109532668
8.283332008,0.000000000,0.000000000,0.746918538,-0.000000000,-0.000000000,9.800000000,0.993811551,0.000000000,0.000000000,0.111079252
8.287498674,0.000000000,0.000000000,0.746918538,-0.000000000,-0.000000000,9.800000000,0.993637500,0.000000000,0.000000000,0.112625567
8.291665340,0.000000000,0.000000000,0.746918538,-0.000000000,-0.000000000,9.800000000,0.993461043,0.000000000,0.000000000,0.114171610
8.295832006,0.000000000,0.000000000,0.740014050,0.000000000,0.000000000,9.800000000,0.993283844,0.000000000,0.000000000,0.115703088
8.304165338,0.000000000,0.000000000,0.740014050,0.000000000,0.000000000,9.800000000,0.992922365,0.000000000,0.000000000,0.118765216
8.308332004,0.000000000,0.000000000,0.732824272,0.000000000,-0.000000000,9.800000000,0.992739887,0.000000000,0.000000000,0.120280989
8.312498670,0.000000000,0.000000000,0.732824272,0.000000000,0.000000000,9.800000000,0.992555095,0.000000000,0.000000000,0.121796481
8.316665336,0.000000000,0.000000000,0.732824272,0.000000000,0.000000000,9.800000000,0.992367990,0.000000000,0.000000000,0.123311689
8.320832002,0.000000000,0.000000000,0.725351976,0.000000000,0.000000000,9.800000000,0.992180514,0.000000000,0.000000000,0.124811164
8.329165334,0.000000000,0.000000000,0.725351976,0.000000000,-0.000000000,9.800000000,0.991798767,0.000000000,0.000000000,0.127809256
8.333332000,0.000000000,0.000000000,0.717600043,0.000000000,0.000000000,9.800000000,0.991606584,0.000000000,0.000000000,0.129291852
8.337498666,0.000000000,0.000000000,0.717600043,-0.000000000,0.000000000,9.800000000,0.991412184,0.000000000,0.000000000,0.130774159
8.341665332,0.000000000,0.000000000,0.717600043,0.000000000,0.000000000,9.800000000,0.991215569,0.000000000,0.000000000,0.132256173
8.345831998,0.000000000,0.000000000,0.709571463,0.000000000,0.000000000,9.800000000,0.991018975,0.000000000,0.000000000,0.133721316
8.354165330,0.000000000,0.000000000,0.709571463,0.000000000,0.000000000,9.800000000,0.990619291,0.000000000,0.000000000,0.136650721
8.358331996,0.000000000,0.000000000,0.701269328,-0.000000000,0.000000000,9.800000000,0.990418591,0.000000000,0.000000000,0.138097848
8.362498662,0.000000000,0.000000000,0.701269328,0.000000000,0.000000000,9.800000000,0.990215776,0.000000000,0.000000000,0.139544679
8.366665328,0.000000000,0.000000000,0.701269328,0.000000000,0.000000000,9.800000000,0.990010847,0.000000000,0.000000000,0.140991213
8.370831994,0.000000000,0.000000000,0.692696842,0.000000000,0.000000000,9.800000000,0.989806350,0.000000000,0.000000000,0.142419768
8.379165326,0.000000000,0.000000000,0.692696842,0.000000000,-0.000000000,9.800000000,0.989391170,0.000000000,0.000000000,0.145275986
8.383331992,0.000000000,0.000000000,0.683857307,0.000000000,0.000000000,9.800000000,0.989183191,0.000000000,0.000000000,0.146685426
8.387498658,0.000000000,0.000000000,0.683857307,0.000000000,0.000000000,9.800000000,0.988973204,0.000000000,0.000000000,0.148094568
8.391665324,0.000000000,0.000000000,0.683857307,0.000000000,0.000000000,9.800000000,0.988761210,0.000000000,0.000000000,0.149503410
8.395831990,0.000000000,0.000000000,0.674754133,0.000000000,0.000000000,9.800000000,0.988550071,0.000000000,0.000000000,0.150893201
8.404165322,0.000000000,0.000000000,0.674754133,0.000000000,0.000000000,9.800000000,0.988121932,0.000000000,0.000000000,0.153671885
8.408331988,0.000000000,0.000000000,0.665390828,0.000000000,-0.000000000,9.800000000,0.987907958,0.000000000,0.000000000,0.155041502
8.412498654,0.000000000,0.000000000,0.665390828,0.000000000,-0.000000000,9.800000000,0.987692085,0.000000000,0.000000000,0.156410820
8.416665320,0.000000000,0.000000000,0.665390828,-0.000000000,-0.000000000,9.800000000,0.987474315,0.000000000,0.000000000,0.157779839
8.420831986,0.000000000,0.000000000,0.655771002,-0.000000000,0.000000000,9.800000000,0.987257836,0.000000000,0.000000000,0.159128768
8.429165318,0.000000000,0.000000000,0.655771002,-0.000000000,0.000000000,9.800000000,0.986819351,0.000000000,0.000000000,0.161825733
8.433331984,0.000000000,0.000000000,0.645898365,0.000000000,0.000000000,9.800000000,0.986600702,0.000000000,0.000000000,0.163153471
8.437498650,0.000000000,0.000000000,0.645898365,0.000000000,0.000000000,9.800000000,0.986380266,0.000000000,0.000000000,0.164480914
8.441665316,0.000000000,0.000000000,0.645898365,0.000000000,0.000000000,9.800000000,0.986158044,0.000000000,0.000000000,0.165808059
8.445831982,0.000000000,0.000000000,0.635776721,0.000000000,0.000000000,9.800000000,0.985937560,0.000000000,0.000000000,0.167114114
8.454165314,0.000000000,0.000000000,0.635776721,-0.000000000,0.000000000,9.800000000,0.985491405,0.000000000,0.000000000,0.169725341
8.458331980,0.000000000,0.000000000,0.625409973,0.000000000,0.000000000,9.800000000,0.985269427,0.000000000,0.000000000,0.171009230
8.462498646,0.000000000,0.000000000,0.625409973,0.000000000,0.000000000,9.800000000,0.985045776,0.000000000,0.000000000,0.172292829
8.466665312,0.000000000,0.000000000,0.625409973,-0.000000000,-0.000000000,9.800000000,0.984820453,0.000000000,0.000000000,0.173576135
8.470831978,0.000000000,0.000000000,0.614802118,-0.000000000,-0.000000000,9.800000000,0.984597323,0.000000000,0.000000000,0.174837388
8.479165310,0.000000000,0.000000000,0.614802118,-0.000000000,-0.000000000,9.800000000,0.984146216,0.000000000,0.000000000,0.177359030
8.483331976,0.000000000,0.000000000,0.603957245,0.000000000,0.000000000,9.800000000,0.983922276,0.000000000,0.000000000,0.178597185
8.487498642,0.000000000,0.000000000,0.603957245,-0.000000000,0.000000000,9.800000000,0.983696779,0.000000000,0.000000000,0.179835058
8.491665308,0.000000000,0.000000000,0.603957245,0.000000000,0.000000000,9.800000000,0.983469723,0.000000000,0.000000000,0.181072646
8.495831974,0.000000000,0.000000000,0.592879535,0.000000000,0.000000000,9.800000000,0.983245319,0.000000000,0.000000000,0.182287255
8.504165306,0.000000000,0.000000000,0.592879535,0.000000000,0.000000000,9.800000000,0.982792009,0.000000000,0.000000000,0.184715638
8.508331972,0.000000000,0.000000000,0.581573259,0.000000000,0.000000000,9.800000000,0.982567484,0.000000000,0.000000000,0.185906263
8.512498638,0.000000000,0.000000000,0.581573259,-0.000000000,-0.000000000,9.800000000,0.982341517,0.000000000,0.000000000,0.187096616
8.516665304,0.000000000,0.000000000,0.581573259,0.000000000,-0.000000000,9.800000000,0.982114108,0.000000000,0.000000000,0.188286694
8.520831970,0.000000000,0.000000000,0.570042775,0.000000000,0.000000000,9.800000000,0.981889808,0.000000000,0.000000000,0.189452909
8.529165302,0.000000000,0.000000000,0.570042775,0.000000000,0.000000000,9.800000000,0.981437055,0.000000000,0.000000000,0.191784535
8.533331968,0.000000000,0.000000000,0.558292529,0.000000000,0.000000000,9.800000000,0.981213324,0.000000000,0.000000000,0.192925923
8.537498634,0.000000000,0.000000000,0.558292529,-0.000000000,0.000000000,9.800000000,0.980988267,0.000000000,0.000000000,0.194067051
8.541665300,0.000000000,0.000000000,0.558292529,0.000000000,0.000000000,9.800000000,0.980761882,0.000000000,0.000000000,0.195207916
8.545831966,0.000000000,0.000000000,0.546327051,0.000000000,0.000000000,9.800000000,0.980539065,0.000000000,0.000000000,0.196324074
8.554165298,0.000000000,0.000000000,0.546327051,0.000000000,-0.000000000,9.800000000,0.980089620,0.000000000,0.000000000,0.198555626
8.558331964,0.000000000,0.000000000,0.534150954,0.000000000,0.000000000,9.800000000,0.979868058,0.000000000,0.000000000,0.199646160
8.562498630,0.000000000,0.000000000,0.534150954,-0.000000000,0.000000000,9.800000000,0.979645282,0.000000000,0.000000000,0.200736448
8.566665296,0.000000000,0.000000000,0.534150954,0.000000000,0.000000000,9.800000000,0.979421293,0.000000000,0.000000000,0.201826486
8.570831962,0.000000000,0.000000000,0.521768931,-0.000000000,-0.000000000,9.800000000,0.979201325,0.000000000,0.000000000,0.202891016
8.579165294,0.000000000,0.000000000,0.521768931,0.000000000,-0.000000000,9.800000000,0.978757919,0.000000000,0.000000000,0.205019355
8.583331960,0.000000000,0.000000000,0.509185756,-0.000000000,0.000000000,9.800000000,0.978539883,0.000000000,0.000000000,0.206057509
8.587498626,0.000000000,0.000000000,0.509185756,-0.000000000,0.000000000,9.800000000,0.978320746,0.000000000,0.000000000,0.207095431
8.591665292,0.000000000,0.000000000,0.509185756,-0.000000000,0.000000000,9.800000000,0.978100508,0.000000000,0.000000000,0.208133121
8.595831958,0.000000000,0.000000000,0.496406280,0.000000000,-0.000000000,9.800000000,0.977884738,0.000000000,0.000000000,0.209144541
8.604165290,0.000000000,0.000000000,0.496406280,0.000000000,-0.000000000,9.800000000,0.977450061,0.000000000,0.000000000,0.211166709
8.608331956,0.000000000,0.000000000,0.483435431,-0.000000000,-0.000000000,9.800000000,0.977236887,0.000000000,0.000000000,0.212151047
8.612498622,0.000000000,0.000000000,0.483435431,-0.000000000,-0.000000000,9.800000000,0.977022722,0.000000000,0.000000000,0.213135170
8.616665288,0.000000000,0.000000000,0.483435431,-0.000000000,-0.000000000,9.800000000,0.976807566,0.000000000,0.000000000,0.214119077
8.620831954,0.000000000,0.000000000,0.470278208,0.000000000,0.000000000,9.800000000,0.976597315,0.000000000,0.000000000,0.215075998
8.629165286,0.000000000,0.000000000,0.470278208,-0.000000000,0.000000000,9.800000000,0.976174000,0.000000000,0.000000000,0.216989218
8.633331952,0.000000000,0.000000000,0.456939684,0.000000000,0.000000000,9.800000000,0.975966994,0.000000000,0.000000000,0.217918396
8.637498618,0.000000000,0.000000000,0.456939684,0.000000000,0.000000000,9.800000000,0.975759102,0.000000000,0.000000000,0.218847376
8.641665284,0.000000000,0.000000000,0.456939684,0.000000000,0.000000000,9.800000000,0.975550327,0.000000000,0.000000000,0.219776158
8.645831950,0.000000000,0.000000000,0.443425001,0.000000000,0.000000000,9.800000000,0.975346881,0.000000000,0.000000000,0.220677280
8.654165282,0.000000000,0.000000000,0.443425001,0.000000000,0.000000000,9.800000000,0.974937492,0.000000000,0.000000000,0.222478957
8.658331948,0.000000000,0.000000000,0.429739369,-0.000000000,0.000000000,9.800000000,0.974737918,0.000000000,0.000000000,0.223351719
8.662498614,0.000000000,0.000000000,0.429739369,-0.000000000,0.000000000,9.800000000,0.974537563,0.000000000,0.000000000,0.224224303
8.666665280,0.000000000,0.000000000,0.429739369,0.000000000,0.000000000,9.800000000,0.974336427,0.000000000,0.000000000,0.225096707
8.670831946,0.000000000,0.000000000,0.415888065,0.000000000,0.000000000,9.800000000,0.974141030,0.000000000,0.000000000,0.225940820
8.679165278,0.000000000,0.000000000,0.415888065,-0.000000000,0.000000000,9.800000000,0.973748042,0.000000000,0.000000000,0.227628536
8.683331944,0.000000000,0.000000000,0.401876428,0.000000000,-0.000000000,9.800000000,0.973557121,0.000000000,0.000000000,0.228443720
8.687498610,0.000000000,0.000000000,0.401876428,0.000000000,0.000000000,9.800000000,0.973365517,0.000000000,0.000000000,0.229258743
8.691665276,0.000000000,0.000000000,0.401876428,0.000000000,0.000000000,9.800000000,0.973173230,0.000000000,0.000000000,0.230073605
8.695831942,0.000000000,0.000000000,0.387709859,-0.000000000,0.000000000,9.800000000,0.972987076,0.000000000,0.000000000,0.230859590
8.704165274,0.000000000,0.000000000,0.387709859,0.000000000,0.000000000,9.800000000,0.972612862,0.000000000,0.000000000,0.232431108
8.708331940,0.000000000,0.000000000,0.373393822,0.000000000,-0.000000000,9.800000000,0.972431759,0.000000000,0.000000000,0.233187636
8.712498606,0.000000000,0.000000000,0.373393822,0.000000000,0.000000000,9.800000000,0.972250067,0.000000000,0.000000000,0.233944024
8.716665272,0.000000000,0.000000000,0.373393822,0.000000000,-0.000000000,9.800000000,0.972067787,0.000000000,0.000000000,0.234700270
8.720831938,0.000000000,0.000000000,0.358933834,0.000000000,0.000000000,9.800000000,0.971892012,0.000000000,0.000000000,0.235427096
8.729165270,0.000000000,0.000000000,0.358933834,0.000000000,0.000000000,9.800000000,0.971538830,0.000000000,0.000000000,0.236880352
8.733331936,0.000000000,0.000000000,0.344335470,0.000000000,0.000000000,9.800000000,0.971368651,0.000000000,0.000000000,0.237577240
8.737498602,0.000000000,0.000000000,0.344335470,-0.000000000,0.000000000,9.800000000,0.971197971,0.000000000,0.000000000,0.238274005
8.741665268,0.000000000,0.000000000,0.344335470,-0.000000000,0.000000000,9.800000000,0.971026791,0.000000000,0.000000000,0.238970647
8.745831934,0.000000000,0.000000000,0.329604359,0.000000000,0.000000000,9.800000000,0.970862467,0.000000000,0.000000000,0.239637371
8.754165266,0.000000000,0.000000000,0.329604359,0.000000000,0.000000000,9.800000000,0.970532445,0.000000000,0.000000000,0.240970480
8.758331932,0.000000000,0.000000000,0.314746178,0.000000000,0.000000000,9.800000000,0.970374227,0.000000000,0.000000000,0.241606827
8.762498598,0.000000000,0.000000000,0.314746178,0.000000000,0.000000000,9.800000000,0.970215592,0.000000000,0.000000000,0.242243070
8.766665264,0.000000000,0.000000000,0.314746178,0.000000000,0.000000000,9.800000000,0.970056540,0.000000000,0.000000000,0.242879208
8.770831930,0.000000000,0.000000000,0.299766657,-0.000000000,0.000000000,9.800000000,0.969904669,0.000000000,0.000000000,0.243484975
8.779165262,0.000000000,0.000000000,0.299766657,-0.000000000,0.000000000,9.800000000,0.969599793,0.000000000,0.000000000,0.244696222
8.783331928,0.000000000,0.000000000,0.284671571,0.000000000,0.000000000,9.800000000,0.969454502,0.000000000,0.000000000,0.245271215
8.787498594,0.000000000,0.000000000,0.284671571,0.000000000,0.000000000,9.800000000,0.969308869,0.000000000,0.000000000,0.245846122
8.791665260,0.000000000,0.000000000,0.284671571,0.000000000,0.000000000,9.800000000,0.969162896,0.000000000,0.000000000,0.246420943
8.795831926,0.000000000,0.000000000,0.269466738,0.000000000,0.000000000,9.800000000,0.969024405,0.000000000,0.000000000,0.246964981
8.804165258,0.000000000,0.000000000,0.269466738,0.000000000,0.000000000,9.800000000,0.968746508,0.000000000,0.000000000,0.248052825
8.808331924,0.000000000,0.000000000,0.254158021,0.000000000,-0.000000000,9.800000000,0.968615029,0.000000000,0.000000000,0.248565737
8.812498590,0.000000000,0.000000000,0.254158021,0.000000000,0.000000000,9.800000000,0.968483279,0.000000000,0.000000000,0.249078580
8.816665256,0.000000000,0.000000000,0.254158021,0.000000000,0.000000000,9.800000000,0.968351257,0.000000000,0.000000000,0.249591353
8.820831922,0.000000000,0.000000000,0.238751321,0.000000000,-0.000000000,9.800000000,0.968226991,0.000000000,0.000000000,0.250072978
8.829165254,0.000000000,0.000000000,0.238751321,0.000000000,-0.000000000,9.800000000,0.967977740,0.000000000,0.000000000,0.251036044
8.833331920,0.000000000,0.000000000,0.223252577,0.000000000,0.000000000,9.800000000,0.967860876,0.000000000,0.000000000,0.251486232
8.837498586,0.000000000,0.000000000,0.223252577,0.000000000,0.000000000,9.800000000,0.967743802,0.000000000,0.000000000,0.251936367
8.841665252,0.000000000,0.000000000,0.223252577,-0.000000000,0.000000000,9.800000000,0.967626520,0.000000000,0.000000000,0.252386446
8.845831918,0.000000000,0.000000000,0.207667766,0.000000000,0.000000000,9.800000000,0.967517236,0.000000000,0.000000000,0.252805058
8.854165250,0.000000000,0.000000000,0.207667766,0.000000000,-0.000000000,9.800000000,0.967298127,0.000000000,0.000000000,0.253642138
8.858331916,0.000000000,0.000000000,0.192002895,0.000000000,0.000000000,9.800000000,0.967196591,0.000000000,0.000000000,0.254029043
8.862498582,0.000000000,0.000000000,0.192002895,0.000000000,0.000000000,9.800000000,0.967094900,0.000000000,0.000000000,0.254415907
8.866665248,0.000000000,0.000000000,0.192002895,0.000000000,0.000000000,9.800000000,0.966993055,0.000000000,0.000000000,0.254802731
8.870831914,0.000000000,0.000000000,0.176264003,-0.000000000,0.000000000,9.800000000,0.966899422,0.000000000,0.000000000,0.255157809
8.879165246,0.000000000,0.000000000,0.176264003,-0.000000000,0.000000000,9.800000000,0.966711765,0.000000000,0.000000000,0.255867864
8.883331912,0.000000000,0.000000000,0.160457158,0.000000000,-0.000000000,9.800000000,0.966626178,0.000000000,0.000000000,0.256191007
8.887498578,0.000000000,0.000000000,0.160457158,0.000000000,0.000000000,9.800000000,0.966540483,0.000000000,0.000000000,0.256514122
8.891665244,0.000000000,0.000000000,0.160457158,0.000000000,0.000000000,9.800000000,0.966454680,0.000000000,0.000000000,0.256837209
8.895831910,0.000000000,0.000000000,0.160457158,0.000000000,0.000000000,9.800000000,0.966368769,0.000000000,0.000000000,0.257160266
8.904165242,0.000000000,0.000000000,0.144588453,-0.000000000,0.000000000,9.800000000,0.966213667,0.000000000,0.000000000,0.257742410
8.908331908,0.000000000,0.000000000,0.128664007,0.000000000,0.000000000,9.800000000,0.966144544,0.000000000,0.000000000,0.258001395
8.912498574,0.000000000,0.000000000,0.128664007,-0.000000000,0.000000000,9.800000000,0.966075352,0.000000000,0.000000000,0.258260360
8.916665240,0.000000000,0.000000000,0.128664007,-0.000000000,0.000000000,9.800000000,0.966006091,0.000000000,0.000000000,0.258519307
8.920831906,0.000000000,0.000000000,0.112689959,-0.000000000,-0.000000000,9.800000000,0.965945372,0.000000000,0.000000000,0.258746090
8.929165238,0.000000000,0.000000000,0.112689959,-0.000000000,-0.000000000,9.800000000,0.965823773,0.000000000,0.000000000,0.259199613
8.933331904,0.000000000,0.000000000,0.096672467,0.000000000,0.000000000,9.800000000,0.965771550,0.000000000,0.000000000,0.259394126
8.937498570,0.000000000,0.000000000,0.096672467,0.000000000,0.000000000,9.800000000,0.965719289,0.000000000,0.000000000,0.259588628
8.941665236,0.000000000,0.000000000,0.096672467,-0.000000000,-0.000000000,9.800000000,0.965666988,0.000000000,0.000000000,0.259783119
8.945831902,0.000000000,0.000000000,0.080617705,0.000000000,0.000000000,9.800000000,0.965623342,0.000000000,0.000000000,0.259945303
8.954165234,0.000000000,0.000000000,0.080617705,0.000000000,0.000000000,9.800000000,0.965535971,0.000000000,0.000000000,0.260269648
8.958331900,0.000000000,0.000000000,0.064531864,0.000000000,-0.000000000,9.800000000,0.965500971,0.000000000,0.000000000,0.260399453
8.962498566,0.000000000,0.000000000,0.064531864,0.000000000,0.000000000,9.800000000,0.965465954,0.000000000,0.000000000,0.260529254
8.966665232,0.000000000,0.000000000,0.064531864,0.000000000,-0.000000000,9.800000000,0.965430919,0.000000000,0.000000000,0.260659051
8.970831898,0.000000000,0.000000000,0.048421145,0.000000000,0.000000000,9.800000000,0.965404619,0.000000000,0.000000000,0.260756439
8.979165230,0.000000000,0.000000000,0.048421145,0.000000000,0.000000000,9.800000000,0.965351991,0.000000000,0.000000000,0.260951209
8.983331896,0.000000000,0.000000000,0.032291758,0.000000000,0.000000000,9.800000000,0.965334433,0.000000000,0.000000000,0.261016152
8.987498562,0.000000000,0.000000000,0.032291758,0.000000000,0.000000000,9.800000000,0.965316872,0.000000000,0.000000000,0.261081094
8.991665228,0.000000000,0.000000000,0.032291758,0.000000000,0.000000000,9.800000000,0.965299305,0.000000000,0.000000000,0.261146034
8.995831894,0.000000000,0.000000000,0.016149922,0.000000000,0.000000000,9.800000000,0.965290518,0.000000000,0.000000000,0.261178512
9.004165226,0.000000000,0.000000000,0.016149922,0.000000000,-0.000000000,9.800000000,0.965272941,0.000000000,0.000000000,0.261243467
9.008331892,0.000000000,0.000000000,0.000001860,0.000000000,0.000000000,9.800000000,0.965272940,0.000000000,0.000000000,0.261243471
9.012498558,0.000000000,0.000000000,0.000001860,0.000000000,0.000000000,9.800000000,0.965272939,0.000000000,0.000000000,0.261243475
9.016665224,0.000000000,0.000000000,0.000001860,0.000000000,0.000000000,9.800000000,0.965272938,0.000000000,0.000000000,0.261243479
9.020831890,0.000000000,0.000000000,-0.016146202,0.000000000,0.000000000,9.800000000,0.965281725,0.000000000,0.000000000,0.261211009
9.029165222,0.000000000,0.000000000,-0.016146202,0.000000000,0.000000000,9.800000000,0.965299296,0.000000000,0.000000000,0.261146068
9.033331888,0.000000000,0.000000000,-0.032288040,-0.000000000,0.000000000,9.800000000,0.965316860,0.000000000,0.000000000,0.261081135
9.037498554,0.000000000,0.000000000,-0.032288040,-0.000000000,0.000000000,9.800000000,0.965334420,0.000000000,0.000000000,0.261016201
9.041665220,0.000000000,0.000000000,-0.032288040,-0.000000000,0.000000000,9.800000000,0.965351976,0.000000000,0.000000000,0.260951265
9.045831886,0.000000000,0.000000000,-0.048417430,0.000000000,-0.000000000,9.800000000,0.965378293,0.000000000,0.000000000,0.260853889
9.054165218,0.000000000,0.000000000,-0.048417430,0.000000000,-0.000000000,9.800000000,0.965430898,0.000000000,0.000000000,0.260659129
9.058331884,0.000000000,0.000000000,-0.064528155,0.000000000,0.000000000,9.800000000,0.965465930,0.000000000,0.000000000,0.260529340
9.062498550,0.000000000,0.000000000,-0.064528155,0.000000000,0.000000000,9.800000000,0.965500946,0.000000000,0.000000000,0.260399547
9.066665216,0.000000000,0.000000000,-0.064528155,0.000000000,0.000000000,9.800000000,0.965535943,0.000000000,0.000000000,0.260269749
9.070831882,0.000000000,0.000000000,-0.080614002,0.000000000,0.000000000,9.800000000,0.965579641,0.000000000,0.000000000,0.260107587
9.079165214,0.000000000,0.000000000,-0.080614002,0.000000000,0.000000000,9.800000000,0.965666954,0.000000000,0.000000000,0.259783243
9.083331880,0.000000000,0.000000000,-0.096668772,0.000000000,-0.000000000,9.800000000,0.965719253,0.000000000,0.000000000,0.259588758
9.087498546,0.000000000,0.000000000,-0.096668772,0.000000000,0.000000000,9.800000000,0.965771513,0.000000000,0.000000000,0.259394264
9.091665212,0.000000000,0.000000000,-0.096668772,0.000000000,0.000000000,9.800000000,0.965823734,0.000000000,0.000000000,0.259199759
9.095831878,0.000000000,0.000000000,-0.112686273,-0.000000000,-0.000000000,9.800000000,0.965884558,0.000000000,0.000000000,0.258973012
9.104165210,0.000000000,0.000000000,-0.112686273,-0.000000000,-0.000000000,9.800000000,0.966006046,0.000000000,0.000000000,0.258519475
9.108331876,0.000000000,0.000000000,-0.128660332,0.000000000,0.000000000,9.800000000,0.966075305,0.000000000,0.000000000,0.258260536
9.112498542,0.000000000,0.000000000,-0.128660332,0.000000000,0.000000000,9.800000000,0.966144495,0.000000000,0.000000000,0.258001577
9.116665208,0.000000000,0.000000000,-0.128660332,-0.000000000,0.000000000,9.800000000,0.966213616,0.000000000,0.000000000,0.257742600
9.120831874,0.000000000,0.000000000,-0.144584791,0.000000000,0.000000000,9.800000000,0.966291209,0.000000000,0.000000000,0.257451547
9.129165206,0.000000000,0.000000000,-0.144584791,0.000000000,0.000000000,9.800000000,0.966446132,0.000000000,0.000000000,0.256869372
9.133331872,0.000000000,0.000000000,-0.160453508,0.000000000,0.000000000,9.800000000,0.966531944,0.000000000,0.000000000,0.256546295
9.137498538,0.000000000,0.000000000,-0.160453508,0.000000000,0.000000000,9.800000000,0.966617648,0.000000000,0.000000000,0.256223191
9.141665204,0.000000000,0.000000000,-0.160453508,0.000000000,0.000000000,9.800000000,0.966703243,0.000000000,0.000000000,0.255900057
9.145831870,0.000000000,0.000000000,-0.176260368,-0.000000000,0.000000000,9.800000000,0.966797147,0.000000000,0.000000000,0.255545058
9.154165202,0.000000000,0.000000000,-0.176260368,-0.000000000,0.000000000,9.800000000,0.966984563,0.000000000,0.000000000,0.254834956
9.158331868,0.000000000,0.000000000,-0.191999277,0.000000000,0.000000000,9.800000000,0.967086419,0.000000000,0.000000000,0.254448143
9.162498534,0.000000000,0.000000000,-0.191999277,0.000000000,0.000000000,9.800000000,0.967188121,0.000000000,0.000000000,0.254061289
9.166665200,0.000000000,0.000000000,-0.191999277,0.000000000,0.000000000,9.800000000,0.967289668,0.000000000,0.000000000,0.253674395
9.170831866,0.000000000,0.000000000,-0.207664166,0.000000000,0.000000000,9.800000000,0.967399325,0.000000000,0.000000000,0.253255890
9.179165198,0.000000000,0.000000000,-0.207664166,-0.000000000,0.000000000,9.800000000,0.967618097,0.000000000,0.000000000,0.252418736
9.183331864,0.000000000,0.000000000,-0.223248996,0.000000000,0.000000000,9.800000000,0.967735393,0.000000000,0.000000000,0.251968667
9.187498530,0.000000000,0.000000000,-0.223248996,0.000000000,0.000000000,9.800000000,0.967852479,0.000000000,0.000000000,0.251518544
9.191665196,0.000000000,0.000000000,-0.223248996,-0.000000000,0.000000000,9.800000000,0.967969356,0.000000000,0.000000000,0.251068367
9.195831862,0.000000000,0.000000000,-0.238747760,0.000000000,0.000000000,9.800000000,0.968094116,0.000000000,0.000000000,0.250586877
9.204165194,0.000000000,0.000000000,-0.238747760,0.000000000,0.000000000,9.800000000,0.968342916,0.000000000,0.000000000,0.249623710
9.208331860,0.000000000,0.000000000,-0.254154482,-0.000000000,0.000000000,9.800000000,0.968474953,0.000000000,0.000000000,0.249110948
9.212498526,0.000000000,0.000000000,-0.254154482,0.000000000,0.000000000,9.800000000,0.968606719,0.000000000,0.000000000,0.248598117
9.216665192,0.000000000,0.000000000,-0.254154482,-0.000000000,0.000000000,9.800000000,0.968738213,0.000000000,0.000000000,0.248085216
9.220831858,0.000000000,0.000000000,-0.269463223,-0.000000000,0.000000000,9.800000000,0.968877331,0.000000000,0.000000000,0.247541346
9.229165190,0.000000000,0.000000000,-0.269463223,-0.000000000,0.000000000,9.800000000,0.969154650,0.000000000,0.000000000,0.246453370
9.233331856,0.000000000,0.000000000,-0.284668080,-0.000000000,-0.000000000,9.800000000,0.969300641,0.000000000,0.000000000,0.245878561
9.237498522,0.000000000,0.000000000,-0.284668080,-0.000000000,-0.000000000,9.800000000,0.969446291,0.000000000,0.000000000,0.245303666
9.241665188,0.000000000,0.000000000,-0.284668080,0.000000000,-0.000000000,9.800000000,0.969591600,0.000000000,0.000000000,0.244728685
9.245831854,0.000000000,0.000000000,-0.299763193,-0.000000000,0.000000000,9.800000000,0.969744246,0.000000000,0.000000000,0.244123121
9.254165186,0.000000000,0.000000000,-0.299763193,-0.000000000,0.000000000,9.800000000,0.970048402,0.000000000,0.000000000,0.242911707
9.258331852,0.000000000,0.000000000,-0.314742741,0.000000000,0.000000000,9.800000000,0.970207474,0.000000000,0.000000000,0.242275581
9.262498518,0.000000000,0.000000000,-0.314742741,0.000000000,0.000000000,9.800000000,0.970366129,0.000000000,0.000000000,0.241639350
9.266665184,0.000000000,0.000000000,-0.314742741,0.000000000,0.000000000,9.800000000,0.970524367,0.000000000,0.000000000,0.241003016
9.270831850,0.000000000,0.000000000,-0.329600950,0.000000000,0.000000000,9.800000000,0.970689627,0.000000000,0.000000000,0.240336531
9.279165182,0.000000000,0.000000000,-0.329600950,0.000000000,0.000000000,9.800000000,0.971018775,0.000000000,0.000000000,0.239003220
9.283331848,0.000000000,0.000000000,-0.344332091,-0.000000000,0.000000000,9.800000000,0.971189976,0.000000000,0.000000000,0.238306590
9.287498514,0.000000000,0.000000000,-0.344332091,-0.000000000,0.000000000,9.800000000,0.971360677,0.000000000,0.000000000,0.237609838
9.291665180,0.000000000,0.000000000,-0.344332091,0.000000000,0.000000000,9.800000000,0.971530879,0.000000000,0.000000000,0.236912963
9.295831846,0.000000000,0.000000000,-0.358930486,0.000000000,0.000000000,9.800000000,0.971707764,0.000000000,0.000000000,0.236186413
9.304165178,0.000000000,0.000000000,-0.358930486,0.000000000,0.000000000,9.800000000,0.972059904,0.000000000,0.000000000,0.234732919
9.308331844,0.000000000,0.000000000,-0.373390507,-0.000000000,0.000000000,9.800000000,0.972242208,0.000000000,0.000000000,0.233976686
9.312498510,0.000000000,0.000000000,-0.373390507,-0.000000000,-0.000000000,9.800000000,0.972423923,0.000000000,0.000000000,0.233220311
9.316665176,0.000000000,0.000000000,-0.373390507,0.000000000,-0.000000000,9.800000000,0.972605050,0.000000000,0.000000000,0.232463795
9.320831842,0.000000000,0.000000000,-0.387706578,0.000000000,0.000000000,9.800000000,0.972792499,0.000000000,0.000000000,0.231678125
9.329165174,0.000000000,0.000000000,-0.387706578,0.000000000,0.000000000,9.800000000,0.973165493,0.000000000,0.000000000,0.230106331
9.333331840,0.000000000,0.000000000,-0.401873181,0.000000000,0.000000000,9.800000000,0.973357805,0.000000000,0.000000000,0.229291482
9.337498506,0.000000000,0.000000000,-0.401873181,0.000000000,0.000000000,9.800000000,0.973549435,0.000000000,0.000000000,0.228476472
9.341665172,0.000000000,0.000000000,-0.401873181,0.000000000,0.000000000,9.800000000,0.973740382,0.000000000,0.000000000,0.227661302
9.345831838,0.000000000,0.000000000,-0.415884855,-0.000000000,0.000000000,9.800000000,0.973937268,0.000000000,0.000000000,0.226817542
9.354165170,0.000000000,0.000000000,-0.415884855,-0.000000000,-0.000000000,9.800000000,0.974328847,0.000000000,0.000000000,0.225129512
9.358331836,0.000000000,0.000000000,-0.429736197,-0.000000000,0.000000000,9.800000000,0.974530012,0.000000000,0.000000000,0.224257121
9.362498502,0.000000000,0.000000000,-0.429736197,-0.000000000,0.000000000,9.800000000,0.974730395,0.000000000,0.000000000,0.223384550
9.366665168,0.000000000,0.000000000,-0.429736197,-0.000000000,0.000000000,9.800000000,0.974929997,0.000000000,0.000000000,0.222511801
9.370831834,0.000000000,0.000000000,-0.443421867,-0.000000000,0.000000000,9.800000000,0.975135136,0.000000000,0.000000000,0.221611070
9.379165166,0.000000000,0.000000000,-0.443421867,-0.000000000,0.000000000,9.800000000,0.975542918,0.000000000,0.000000000,0.219809042
9.383331832,0.000000000,0.000000000,-0.456936590,-0.000000000,0.000000000,9.800000000,0.975751723,0.000000000,0.000000000,0.218880274
9.387498498,0.000000000,0.000000000,-0.456936590,-0.000000000,0.000000000,9.800000000,0.975959645,0.000000000,0.000000000,0.217951307
9.391665164,0.000000000,0.000000000,-0.456936590,-0.000000000,0.000000000,9.800000000,0.976166681,0.000000000,0.000000000,0.217022142
9.395831830,0.000000000,0.000000000,-0.470275155,0.000000000,0.000000000,9.800000000,0.976378838,0.000000000,0.000000000,0.216065649
9.404165162,0.000000000,0.000000000,-0.470275155,0.000000000,0.000000000,9.800000000,0.976800340,0.000000000,0.000000000,0.214152041
9.408331828,0.000000000,0.000000000,-0.483432421,0.000000000,-0.000000000,9.800000000,0.977015527,0.000000000,0.000000000,0.213168147
9.412498494,0.000000000,0.000000000,-0.483432421,0.000000000,-0.000000000,9.800000000,0.977229724,0.000000000,0.000000000,0.212184038
9.416665160,0.000000000,0.000000000,-0.483432421,0.000000000,0.000000000,9.800000000,0.977442930,0.000000000,0.000000000,0.211199712
9.420831826,0.000000000,0.000000000,-0.496403314,-0.000000000,-0.000000000,9.800000000,0.977660824,0.000000000,0.000000000,0.210188754
9.429165158,0.000000000,0.000000000,-0.496403314,-0.000000000,-0.000000000,9.800000000,0.978093476,0.000000000,0.000000000,0.208166164
9.433331824,0.000000000,0.000000000,-0.509182834,-0.000000000,-0.000000000,9.800000000,0.978313748,0.000000000,0.000000000,0.207128488
9.437498490,0.000000000,0.000000000,-0.509182834,0.000000000,0.000000000,9.800000000,0.978532919,0.000000000,0.000000000,0.206090579
9.441665156,0.000000000,0.000000000,-0.509182834,-0.000000000,-0.000000000,9.800000000,0.978750988,0.000000000,0.000000000,0.205052438
9.445831822,0.000000000,0.000000000,-0.521766054,0.000000000,0.000000000,9.800000000,0.978973305,0.000000000,0.000000000,0.203988403
9.454165154,0.000000000,0.000000000,-0.521766054,0.000000000,0.000000000,9.800000000,0.979414467,0.000000000,0.000000000,0.201859610
9.458331820,0.000000000,0.000000000,-0.534148124,0.000000000,-0.000000000,9.800000000,0.979638491,0.000000000,0.000000000,0.200769585
9.462498486,0.000000000,0.000000000,-0.534148124,0.000000000,-0.000000000,9.800000000,0.979861303,0.000000000,0.000000000,0.199679311
9.466665152,0.000000000,0.000000000,-0.534148124,0.000000000,-0.000000000,9.800000000,0.980082901,0.000000000,0.000000000,0.198588790
9.470831818,0.000000000,0.000000000,-0.546324270,-0.000000000,-0.000000000,9.800000000,0.980308295,0.000000000,0.000000000,0.197473155
9.479165150,0.000000000,0.000000000,-0.546324270,-0.000000000,0.000000000,9.800000000,0.980755273,0.000000000,0.000000000,0.195241120
9.483331816,0.000000000,0.000000000,-0.558289797,0.000000000,0.000000000,9.800000000,0.980981695,0.000000000,0.000000000,0.194100268
9.487498482,0.000000000,0.000000000,-0.558289797,0.000000000,0.000000000,9.800000000,0.981206790,0.000000000,0.000000000,0.192959154
9.491665148,0.000000000,0.000000000,-0.558289797,0.000000000,0.000000000,9.800000000,0.981430558,0.000000000,0.000000000,0.191817778
9.495831814,0.000000000,0.000000000,-0.570040093,-0.000000000,0.000000000,9.800000000,0.981657665,0.000000000,0.000000000,0.190652113
9.504165146,0.000000000,0.000000000,-0.570040093,0.000000000,0.000000000,9.800000000,0.982107726,0.000000000,0.000000000,0.188319977
9.508331812,0.000000000,0.000000000,-0.581570628,0.000000000,0.000000000,9.800000000,0.982335175,0.000000000,0.000000000,0.187129912
9.512498478,0.000000000,0.000000000,-0.581570628,0.000000000,-0.000000000,9.800000000,0.982561182,0.000000000,0.000000000,0.185939572
9.516665144,0.000000000,0.000000000,-0.581570628,0.000000000,0.000000000,9.800000000,0.982785746,0.000000000,0.000000000,0.184748960
9.520831810,0.000000000,0.000000000,-0.592876956,0.000000000,0.000000000,9.800000000,0.983013190,0.000000000,0.000000000,0.183534921
9.529165142,0.000000000,0.000000000,-0.592876956,0.000000000,0.000000000,9.800000000,0.983463581,0.000000000,0.000000000,0.181106006
9.533331808,0.000000000,0.000000000,-0.603954719,0.000000000,-0.000000000,9.800000000,0.983690677,0.000000000,0.000000000,0.179868431
9.537498474,0.000000000,0.000000000,-0.603954719,-0.000000000,-0.000000000,9.800000000,0.983916215,0.000000000,0.000000000,0.178630571
9.541665140,0.000000000,0.000000000,-0.603954719,-0.000000000,-0.000000000,9.800000000,0.984140196,0.000000000,0.000000000,0.177392429
9.545831806,0.000000000,0.000000000,-0.614799646,0.000000000,0.000000000,9.800000000,0.984366599,0.000000000,0.000000000,0.176131765
9.554165138,0.000000000,0.000000000,-0.614799646,0.000000000,-0.000000000,9.800000000,0.984814559,0.000000000,0.000000000,0.173609573
9.558331804,0.000000000,0.000000000,-0.625407557,-0.000000000,0.000000000,9.800000000,0.985039925,0.000000000,0.000000000,0.172326279
9.562498470,0.000000000,0.000000000,-0.625407557,0.000000000,0.000000000,9.800000000,0.985263618,0.000000000,0.000000000,0.171042693
9.566665136,0.000000000,0.000000000,-0.625407557,0.000000000,0.000000000,9.800000000,0.985485639,0.000000000,0.000000000,0.169758816
9.570831802,0.000000000,0.000000000,-0.635774360,0.000000000,-0.000000000,9.800000000,0.985709625,0.000000000,0.000000000,0.168453363
9.579165134,0.000000000,0.000000000,-0.635774360,-0.000000000,-0.000000000,9.800000000,0.986152409,0.000000000,0.000000000,0.165841571
9.583331800,0.000000000,0.000000000,-0.645896061,0.000000000,0.000000000,9.800000000,0.986374675,0.000000000,0.000000000,0.164514439
9.587498466,0.000000000,0.000000000,-0.645896061,0.000000000,0.000000000,9.800000000,0.986595155,0.000000000,0.000000000,0.163187008
9.591665132,0.000000000,0.000000000,-0.645896061,0.000000000,0.000000000,9.800000000,0.986813849,0.000000000,0.000000000,0.161859282
9.595831798,0.000000000,0.000000000,-0.655768757,0.000000000,0.000000000,9.800000000,0.987034058,0.000000000,0.000000000,0.160510961
9.604165130,0.000000000,0.000000000,-0.655768757,-0.000000000,0.000000000,9.800000000,0.987468948,0.000000000,0.000000000,0.157813424
9.608331796,0.000000000,0.000000000,-0.665388641,-0.000000000,0.000000000,9.800000000,0.987686764,0.000000000,0.000000000,0.156444417
9.612498462,0.000000000,0.000000000,-0.665388641,0.000000000,0.000000000,9.800000000,0.987902683,0.000000000,0.000000000,0.155075110
9.616665128,0.000000000,0.000000000,-0.665388641,-0.000000000,0.000000000,9.800000000,0.988116702,0.000000000,0.000000000,0.153705505
9.620831794,0.000000000,0.000000000,-0.674752005,-0.000000000,-0.000000000,9.800000000,0.988331795,0.000000000,0.000000000,0.152316325
9.629165126,0.000000000,0.000000000,-0.674752005,-0.000000000,0.000000000,9.800000000,0.988756121,0.000000000,0.000000000,0.149537066
9.633331792,0.000000000,0.000000000,-0.683855240,0.000000000,-0.000000000,9.800000000,0.988968162,0.000000000,0.000000000,0.148128235
9.637498458,0.000000000,0.000000000,-0.683855240,-0.000000000,-0.000000000,9.800000000,0.989178196,0.000000000,0.000000000,0.146719104
9.641665124,0.000000000,0.000000000,-0.683855240,0.000000000,-0.000000000,9.800000000,0.989386223,0.000000000,0.000000000,0.145309676
9.645831790,0.000000000,0.000000000,-0.692694836,0.000000000,0.000000000,9.800000000,0.989594891,0.000000000,0.000000000,0.143881728
9.654165122,0.000000000,0.000000000,-0.692694836,0.000000000,0.000000000,9.800000000,0.990006044,0.000000000,0.000000000,0.141024936
9.658331788,0.000000000,0.000000000,-0.701267384,0.000000000,0.000000000,9.800000000,0.990211021,0.000000000,0.000000000,0.139578413
9.662498454,0.000000000,0.000000000,-0.701267384,-0.000000000,0.000000000,9.800000000,0.990413885,0.000000000,0.000000000,0.138131593
9.666665120,0.000000000,0.000000000,-0.701267384,-0.000000000,0.000000000,9.800000000,0.990614634,0.000000000,0.000000000,0.136684477
9.670831786,0.000000000,0.000000000,-0.709569581,0.000000000,0.000000000,9.800000000,0.990815608,0.000000000,0.000000000,0.135219933
9.679165118,0.000000000,0.000000000,-0.709569581,0.000000000,0.000000000,9.800000000,0.991211060,0.000000000,0.000000000,0.132289961
9.683331784,0.000000000,0.000000000,-0.717598225,0.000000000,0.000000000,9.800000000,0.991407726,0.000000000,0.000000000,0.130807957
9.687498450,0.000000000,0.000000000,-0.717598225,-0.000000000,0.000000000,9.800000000,0.991602175,0.000000000,0.000000000,0.129325661
9.691665116,0.000000000,0.000000000,-0.717598225,-0.000000000,0.000000000,9.800000000,0.991794408,0.000000000,0.000000000,0.127843075
9.695831782,0.000000000,0.000000000,-0.725350222,-0.000000000,0.000000000,9.800000000,0.991986465,0.000000000,0.000000000,0.126344184
9.704165114,0.000000000,0.000000000,-0.725350222,-0.000000000,0.000000000,9.800000000,0.992363783,0.000000000,0.000000000,0.123345538
9.708331780,0.000000000,0.000000000,-0.732822582,0.000000000,-0.000000000,9.800000000,0.992550940,0.000000000,0.000000000,0.121830340
9.712498446,0.000000000,0.000000000,-0.732822582,0.000000000,0.000000000,9.800000000,0.992735783,0.000000000,0.000000000,0.120314858
9.716665112,0.000000000,0.000000000,-0.732822582,0.000000000,0.000000000,9.800000000,0.992918312,0.000000000,0.000000000,0.118799095
9.720831778,0.000000000,0.000000000,-0.740012426,0.000000000,0.000000000,9.800000000,0.993100284,0.000000000,0.000000000,0.117268180
9.729165110,0.000000000,0.000000000,-0.740012426,0.000000000,0.000000000,9.800000000,0.993457145,0.000000000,0.000000000,0.114205517
9.733331776,0.000000000,0.000000000,-0.746916980,0.000000000,-0.000000000,9.800000000,0.993633655,0.000000000,0.000000000,0.112659484
9.737498442,0.000000000,0.000000000,-0.746916980,-0.000000000,0.000000000,9.800000000,0.993807759,0.000000000,0.000000000,0.111113178
9.741665108,0.000000000,0.000000000,-0.746916980,0.000000000,0.000000000,9.800000000,0.993979456,0.000000000,0.000000000,0.109566603
9.745831774,0.000000000,0.000000000,-0.753533585,-0.000000000,0.000000000,9.800000000,0.994150236,0.000000000,0.000000000,0.108006058
9.754165106,0.000000000,0.000000000,-0.753533585,-0.000000000,0.000000000,9.800000000,0.994484444,0.000000000,0.000000000,0.104884175
9.758331772,0.000000000,0.000000000,-0.759859687,0.000000000,0.000000000,9.800000000,0.994649234,0.000000000,0.000000000,0.103309735
9.762498438,0.000000000,0.000000000,-0.759859687,-0.000000000,0.000000000,9.800000000,0.994811531,0.000000000,0.000000000,0.101735036
9.766665104,0.000000000,0.000000000,-0.759859687,-0.000000000,0.000000000,9.800000000,0.994971335,0.000000000,0.000000000,0.100160082
9.770831770,0.000000000,0.000000000,-0.765892849,0.000000000,0.000000000,9.800000000,0.995129885,0.000000000,0.000000000,0.098572369
9.779165102,0.000000000,0.000000000,-0.765892849,0.000000000,0.000000000,9.800000000,0.995439383,0.000000000,0.000000000,0.095396194
9.783331768,0.000000000,0.000000000,-0.771630745,-0.000000000,0.000000000,9.800000000,0.995591453,0.000000000,0.000000000,0.093795839
9.787498434,0.000000000,0.000000000,-0.771630745,-0.000000000,0.000000000,9.800000000,0.995740949,0.000000000,0.000000000,0.092195242
9.791665100,0.000000000,0.000000000,-0.771630745,-0.000000000,0.000000000,9.800000000,0.995887872,0.000000000,0.000000000,0.090594407
9.795831766,0.000000000,0.000000000,-0.777071163,0.000000000,-0.000000000,9.800000000,0.996033230,0.000000000,0.000000000,0.088982048
9.804165098,0.000000000,0.000000000,-0.777071163,0.000000000,0.000000000,9.800000000,0.996316114,0.000000000,0.000000000,0.085756635
9.808331764,0.000000000,0.000000000,-0.782212006,0.000000000,0.000000000,9.800000000,0.996454541,0.000000000,0.000000000,0.084132917
9.812498430,0.000000000,0.000000000,-0.782212006,0.000000000,0.000000000,9.800000000,0.996590322,0.000000000,0.000000000,0.082508975
9.816665096,0.000000000,0.000000000,-0.782212006,0.000000000,0.000000000,9.800000000,0.996723455,0.000000000,0.000000000,0.080884815
9.820831762,0.000000000,0.000000000,-0.787051290,-0.000000000,-0.000000000,9.800000000,0.996854742,0.000000000,0.000000000,0.079250389
9.829165094,0.000000000,0.000000000,-0.787051290,0.000000000,0.000000000,9.800000000,0.997109273,0.000000000,0.000000000,0.075980904
9.833331760,0.000000000,0.000000000,-0.791587152,0.000000000,-0.000000000,9.800000000,0.997233220,0.000000000,0.000000000,0.074336429
9.837498426,0.000000000,0.000000000,-0.791587152,-0.000000000,-0.000000000,9.800000000,0.997354455,0.000000000,0.000000000,0.072691752
9.841665092,0.000000000,0.000000000,-0.791587152,0.000000000,-0.000000000,9.800000000,0.997472978,0.000000000,0.000000000,0.071046877
9.845831758,0.000000000,0.000000000,-0.795817842,0.000000000,0.000000000,9.800000000,0.997589399,0.000000000,0.000000000,0.069393016
9.854165090,0.000000000,0.000000000,-0.795817842,0.000000000,0.000000000,9.800000000,0.997814015,0.000000000,0.000000000,0.066084727
9.858331756,0.000000000,0.000000000,-0.799741729,0.000000000,-0.000000000,9.800000000,0.997922736,0.000000000,0.000000000,0.064422150
9.862498422,0.000000000,0.000000000,-0.799741729,0.000000000,-0.000000000,9.800000000,0.998028686,0.000000000,0.000000000,0.062759394
9.866665088,0.000000000,0.000000000,-0.799741729,0.000000000,0.000000000,9.800000000,0.998131866,0.000000000,0.000000000,0.061096463
9.870831754,0.000000000,0.000000000,-0.803357300,-0.000000000,0.000000000,9.800000000,0.998232723,0.000000000,0.000000000,0.059425844
9.879165086,0.000000000,0.000000000,-0.803357300,-0.000000000,0.000000000,9.800000000,0.998426048,0.000000000,0.000000000,0.056084112
9.883331752,0.000000000,0.000000000,-0.806663162,0.000000000,-0.000000000,9.800000000,0.998518890,0.000000000,0.000000000,0.054406130
9.887498418,0.000000000,0.000000000,-0.806663162,0.000000000,0.000000000,9.800000000,0.998608912,0.000000000,0.000000000,0.052727996
9.891665084,0.000000000,0.000000000,-0.806663162,0.000000000,0.000000000,9.800000000,0.998696113,0.000000000,0.000000000,0.051049712
9.895831750,0.000000000,0.000000000,-0.809658040,0.000000000,0.000000000,9.800000000,0.998780803,0.000000000,0.000000000,0.049365052
9.904165082,0.000000000,0.000000000,-0.809658040,0.000000000,0.000000000,9.800000000,0.998941655,0.000000000,0.000000000,0.045995316
9.908331748,0.000000000,0.000000000,-0.812340779,-0.000000000,-0.000000000,9.800000000,0.999018066,0.000000000,0.000000000,0.044304666
9.912498414,0.000000000,0.000000000,-0.812340779,-0.000000000,0.000000000,9.800000000,0.999091616,0.000000000,0.000000000,0.042613888
9.916665080,0.000000000,0.000000000,-0.812340779,0.000000000,0.000000000,9.800000000,0.999162304,0.000000000,0.000000000,0.040922989
9.920831746,0.000000000,0.000000000,-0.814710346,0.000000000,0.000000000,9.800000000,0.999230323,0.000000000,0.000000000,0.039227040
9.929165078,0.000000000,0.000000000,-0.814710346,0.000000000,0.000000000,9.800000000,0.999357727,0.000000000,0.000000000,0.035834807
9.933331744,0.000000000,0.000000000,-0.816765827,-0.000000000,-0.000000000,9.800000000,0.999417257,0.000000000,0.000000000,0.034134254
9.937498410,0.000000000,0.000000000,-0.816765827,-0.000000000,0.000000000,9.800000000,0.999473892,0.000000000,0.000000000,0.032433602
9.941665076,0.000000000,0.000000000,-0.816765827,-0.000000000,-0.000000000,9.800000000,0.999527634,0.000000000,0.000000000,0.030732856
9.945831742,0.000000000,0.000000000,-0.818506429,0.000000000,0.000000000,9.800000000,0.999578587,0.000000000,0.000000000,0.029028396
9.954165074,0.000000000,0.000000000,-0.818506429,-0.000000000,-0.000000000,9.800000000,0.999671774,0.000000000,0.000000000,0.025619228
9.958331740,0.000000000,0.000000000,-0.819931481,0.000000000,-0.000000000,9.800000000,0.999714078,0.000000000,0.000000000,0.023911562
9.962498406,0.000000000,0.000000000,-0.819931481,0.000000000,-0.000000000,9.800000000,0.999753465,0.000000000,0.000000000,0.022203826
9.966665072,0.000000000,0.000000000,-0.819931481,0.000000000,-0.000000000,9.800000000,0.999789934,0.000000000,0.000000000,0.020496025
9.970831738,0.000000000,0.000000000,-0.821040434,0.000000000,-0.000000000,9.800000000,0.999823530,0.000000000,0.000000000,0.018785854
9.979165070,0.000000000,0.000000000,-0.821040434,-0.000000000,-0.000000000,9.800000000,0.999881946,0.000000000,0.000000000,0.015365354
9.983331736,0.000000000,0.000000000,-0.821832860,-0.000000000,-0.000000000,9.800000000,0.999906788,0.000000000,0.000000000,0.013653383
9.987498402,0.000000000,0.000000000,-0.821832860,0.000000000,-0.000000000,9.800000000,0.999928699,0.000000000,0.000000000,0.011941371
9.991665068,0.000000000,0.000000000,-0.821832860,0.000000000,-0.000000000,9.800000000,0.999947679,0.000000000,0.000000000,0.010229325
9.995831734,0.000000000,0.000000000,-0.822308455,0.000000000,0.000000000,9.800000000,0.999963736,0.000000000,0.000000000,0.008516258
10.004165066,0.000000000,0.000000000,-0.822308455,0.000000000,0.000000000,9.800000000,0.999987046,0.000000000,0.000000000,0.005090055
10.008331732,0.000000000,0.000000000,-0.822467033,0.000000000,-0.000000000,9.800000000,0.999994299,0.000000000,0.000000000,0.003376598
10.012498398,0.000000000,0.000000000,-0.822467033,0.000000000,0.000000000,9.800000000,0.999998617,0.000000000,0.000000000,0.001663131
10.016665064,0.000000000,0.000000000,-0.822467033,-0.000000000,-0.000000000,9.800000000,0.999999999,0.000000000,0.000000000,-0.000050341
10.020831730,0.000000000,0.000000000,-0.822467033,0.000000000,-0.000000000,9.800000000,0.999998444,0.000000000,0.000000000,-0.001763813
10.029165062,0.000000000,0.000000000,-0.822308536,-0.000000000,-0.000000000,9.800000000,0.999986531,0.000000000,0.000000000,-0.005190076
10.033331728,0.000000000,0.000000000,-0.821833023,-0.000000000,0.000000000,9.800000000,0.999976180,0.000000000,0.000000000,-0.006902196
10.037498394,0.000000000,0.000000000,-0.821833023,0.000000000,0.000000000,9.800000000,0.999962896,0.000000000,0.000000000,-0.008614296
10.041665060,0.000000000,0.000000000,-0.821833023,0.000000000,0.000000000,9.800000000,0.999946682,0.000000000,0.000000000,-0.010326371
10.045831726,0.000000000,0.000000000,-0.821040677,0.000000000,0.000000000,9.800000000,0.999927556,0.000000000,0.000000000,-0.012036765
10.054165058,0.000000000,0.000000000,-0.821040677,0.000000000,0.000000000,9.800000000,0.999880527,0.000000000,0.000000000,-0.015457443
10.058331724,0.000000000,0.000000000,-0.819931805,-0.000000000,-0.000000000,9.800000000,0.999852664,0.000000000,0.000000000,-0.017165406
10.062498390,0.000000000,0.000000000,-0.819931805,-0.000000000,-0.000000000,9.800000000,0.999821883,0.000000000,0.000000000,-0.018873319
10.066665056,0.000000000,0.000000000,-0.819931805,-0.000000000,-0.000000000,9.800000000,0.999788185,0.000000000,0.000000000,-0.020581178
10.070831722,0.000000000,0.000000000,-0.818506834,0.000000000,0.000000000,9.800000000,0.999751636,0.000000000,0.000000000,-0.022286008
10.079165054,0.000000000,0.000000000,-0.818506834,-0.000000000,0.000000000,9.800000000,0.999669817,0.000000000,0.000000000,-0.025695470
10.083331720,0.000000000,0.000000000,-0.816766313,0.000000000,-0.000000000,9.800000000,0.999624646,0.000000000,0.000000000,-0.027396466
10.087498386,0.000000000,0.000000000,-0.816766313,0.000000000,0.000000000,9.800000000,0.999576582,0.000000000,0.000000000,-0.029097383
10.091665052,0.000000000,0.000000000,-0.816766313,-0.000000000,-0.000000000,9.800000000,0.999525622,0.000000000,0.000000000,-0.030798216
10.095831718,0.000000000,0.000000000,-0.814710913,0.000000000,0.000000000,9.800000000,0.999471908,0.000000000,0.000000000,-0.032494679
10.104165050,0.000000000,0.000000000,-0.814710913,0.000000000,0.000000000,9.800000000,0.999355843,0.000000000,0.000000000,-0.035887321
10.108331716,0.000000000,0.000000000,-0.812341426,0.000000000,-0.000000000,9.800000000,0.999293677,0.000000000,0.000000000,-0.037578557
10.112498382,0.000000000,0.000000000,-0.812341426,0.000000000,0.000000000,9.800000000,0.999228648,0.000000000,0.000000000,-0.039269684
10.116665048,0.000000000,0.000000000,-0.812341426,0.000000000,0.000000000,9.800000000,0.999160758,0.000000000,0.000000000,-0.040960700
10.120831714,0.000000000,0.000000000,-0.812341426,0.000000000,-0.000000000,9.800000000,0.999090007,0.000000000,0.000000000,-0.042651598
10.129165046,0.000000000,0.000000000,-0.809658767,-0.000000000,0.000000000,9.800000000,0.998940433,0.000000000,0.000000000,-0.046021856
10.133331712,0.000000000,0.000000000,-0.806663968,0.000000000,-0.000000000,9.800000000,0.998861680,0.000000000,0.000000000,-0.047700559
10.137498378,0.000000000,0.000000000,-0.806663968,0.000000000,-0.000000000,9.800000000,0.998780107,0.000000000,0.000000000,-0.049379128
10.141665044,0.000000000,0.000000000,-0.806663968,0.000000000,-0.000000000,9.800000000,0.998695712,0.000000000,0.000000000,-0.051057557
10.145831710,0.000000000,0.000000000,-0.803358186,0.000000000,-0.000000000,9.800000000,0.998608861,0.000000000,0.000000000,-0.052728964
10.154165042,0.000000000,0.000000000,-0.803358186,0.000000000,-0.000000000,9.800000000,0.998426765,0.000000000,0.000000000,-0.056071331
10.158331708,0.000000000,0.000000000,-0.799742694,0.000000000,0.000000000,9.800000000,0.998331957,0.000000000,0.000000000,-0.057734762
10.162498374,0.000000000,0.000000000,-0.799742694,0.000000000,0.000000000,9.800000000,0.998234378,0.000000000,0.000000000,-0.059398032
10.166665040,0.000000000,0.000000000,-0.799742694,0.000000000,0.000000000,9.800000000,0.998134028,0.000000000,0.000000000,-0.061061138
10.170831706,0.000000000,0.000000000,-0.795818885,0.000000000,0.000000000,9.800000000,0.998031419,0.000000000,0.000000000,-0.062715915
10.179165038,0.000000000,0.000000000,-0.795818885,0.000000000,-0.000000000,9.800000000,0.997817973,0.000000000,0.000000000,-0.066024948
10.183331704,0.000000000,0.000000000,-0.791588274,0.000000000,0.000000000,9.800000000,0.997707731,0.000000000,0.000000000,-0.067670401
10.187498370,0.000000000,0.000000000,-0.791588274,0.000000000,0.000000000,9.800000000,0.997594776,0.000000000,0.000000000,-0.069315670
10.191665036,0.000000000,0.000000000,-0.791588274,-0.000000000,0.000000000,9.800000000,0.997479109,0.000000000,0.000000000,-0.070960750
10.195831702,0.000000000,0.000000000,-0.787052490,-0.000000000,0.000000000,9.800000000,0.997361414,0.000000000,0.000000000,-0.072596213
10.204165034,0.000000000,0.000000000,-0.787052490,0.000000000,0.000000000,9.800000000,0.997117980,0.000000000,0.000000000,-0.075866549
10.208331700,0.000000000,0.000000000,-0.782213283,0.000000000,0.000000000,9.800000000,0.996993023,0.000000000,0.000000000,-0.077491361
10.212498366,0.000000000,0.000000000,-0.782213283,0.000000000,0.000000000,9.800000000,0.996865419,0.000000000,0.000000000,-0.079115968
10.216665032,0.000000000,0.000000000,-0.782213283,0.000000000,0.000000000,9.800000000,0.996735167,0.000000000,0.000000000,-0.080740365
10.220831698,0.000000000,0.000000000,-0.777072518,0.000000000,0.000000000,9.800000000,0.996603150,0.000000000,0.000000000,-0.082353874
10.229165030,0.000000000,0.000000000,-0.777072518,0.000000000,0.000000000,9.800000000,0.996331282,0.000000000,0.000000000,-0.085580240
10.233331696,0.000000000,0.000000000,-0.771632176,-0.000000000,0.000000000,9.800000000,0.996192418,0.000000000,0.000000000,-0.087181798
10.237498362,0.000000000,0.000000000,-0.771632176,0.000000000,0.000000000,9.800000000,0.996050981,0.000000000,0.000000000,-0.088783130
10.241665028,0.000000000,0.000000000,-0.771632176,0.000000000,0.000000000,9.800000000,0.995906969,0.000000000,0.000000000,-0.090384233
10.245831694,0.000000000,0.000000000,-0.765894356,0.000000000,0.000000000,9.800000000,0.995761483,0.000000000,0.000000000,-0.091973200
10.254165026,0.000000000,0.000000000,-0.765894356,-0.000000000,0.000000000,9.800000000,0.995462906,0.000000000,0.000000000,-0.095150426
10.258331692,0.000000000,0.000000000,-0.759861269,-0.000000000,0.000000000,9.800000000,0.995311031,0.000000000,0.000000000,-0.096726168
10.262498358,0.000000000,0.000000000,-0.759861269,-0.000000000,0.000000000,9.800000000,0.995156662,0.000000000,0.000000000,-0.098301667
10.266665024,0.000000000,0.000000000,-0.759861269,-0.000000000,0.000000000,9.800000000,0.994999799,0.000000000,0.000000000,-0.099876920
10.270831690,0.000000000,0.000000000,-0.753535241,0.000000000,0.000000000,9.800000000,0.994841780,0.000000000,0.000000000,-0.101438812
10.279165022,0.000000000,0.000000000,-0.753535241,0.000000000,0.000000000,9.800000000,0.994518387,0.000000000,0.000000000,-0.104561841
10.283331688,0.000000000,0.000000000,-0.746918711,0.000000000,0.000000000,9.800000000,0.994354476,0.000000000,0.000000000,-0.106109264
10.287498354,0.000000000,0.000000000,-0.746918711,0.000000000,0.000000000,9.800000000,0.994188158,0.000000000,0.000000000,-0.107656430
10.291665020,0.000000000,0.000000000,-0.746918711,0.000000000,-0.000000000,9.800000000,0.994019432,0.000000000,0.000000000,-0.109203336
10.295831686,0.000000000,0.000000000,-0.740014230,0.000000000,0.000000000,9.800000000,0.993849892,0.000000000,0.000000000,-0.110735682
10.304165018,0.000000000,0.000000000,-0.740014230,0.000000000,0.000000000,9.800000000,0.993503727,0.000000000,0.000000000,-0.113799579
10.308331684,0.000000000,0.000000000,-0.732824459,0.000000000,0.000000000,9.800000000,0.993328830,0.000000000,0.000000000,-0.115316246
10.312498350,0.000000000,0.000000000,-0.732824459,0.000000000,-0.000000000,9.800000000,0.993151617,0.000000000,0.000000000,-0.116832643
10.316665016,0.000000000,0.000000000,-0.732824459,0.000000000,0.000000000,9.800000000,0.992972089,0.000000000,0.000000000,-0.118348768
10.320831682,0.000000000,0.000000000,-0.725352171,0.000000000,-0.000000000,9.800000000,0.992792112,0.000000000,0.000000000,-0.119849162
10.329165014,0.000000000,0.000000000,-0.725352171,-0.000000000,-0.000000000,9.800000000,0.992425359,0.000000000,0.000000000,-0.122849126
10.333331680,0.000000000,0.000000000,-0.717600245,-0.000000000,0.000000000,9.800000000,0.992240590,0.000000000,0.000000000,-0.124332664
10.337498346,0.000000000,0.000000000,-0.717600245,-0.000000000,-0.000000000,9.800000000,0.992053604,0.000000000,0.000000000,-0.125815925
10.341665012,0.000000000,0.000000000,-0.717600245,-0.000000000,0.000000000,9.800000000,0.991864401,0.000000000,0.000000000,-0.127298904
10.345831678,0.000000000,0.000000000,-0.709571672,0.000000000,0.000000000,9.800000000,0.991675134,0.000000000,0.000000000,-0.128765012
10.354165010,0.000000000,0.000000000,-0.709571672,0.000000000,0.000000000,9.800000000,0.991290101,0.000000000,0.000000000,-0.131696380
10.358331676,0.000000000,0.000000000,-0.701269544,-0.000000000,-0.000000000,9.800000000,0.991096637,0.000000000,0.000000000,-0.133144492
10.362498342,0.000000000,0.000000000,-0.701269544,0.000000000,-0.000000000,9.800000000,0.990901058,0.000000000,0.000000000,-0.134592320
10.366665008,0.000000000,0.000000000,-0.701269544,-0.000000000,-0.000000000,9.800000000,0.990703364,0.000000000,0.000000000,-0.136039860
10.370831674,0.000000000,0.000000000,-0.692697065,0.000000000,0.000000000,9.800000000,0.990506011,0.000000000,0.000000000,-0.137469421
10.379165006,0.000000000,0.000000000,-0.692697065,0.000000000,0.000000000,9.800000000,0.990105117,0.000000000,0.000000000,-0.140327680
10.383331672,0.000000000,0.000000000,-0.683857537,0.000000000,0.000000000,9.800000000,0.989904187,0.000000000,0.000000000,-0.141738142
10.387498338,0.000000000,0.000000000,-0.683857537,0.000000000,0.000000000,9.800000000,0.989701247,0.000000000,0.000000000,-0.143148317
10.391665004,0.000000000,0.000000000,-0.683857537,0.000000000,0.000000000,9.800000000,0.989496299,0.000000000,0.000000000,-0.144558202
10.395831670,0.000000000,0.000000000,-0.674754369,0.000000000,0.000000000,9.800000000,0.989292111,0.000000000,0.000000000,-0.145949031
10.404165002,0.000000000,0.000000000,-0.674754369,0.000000000,0.000000000,9.800000000,0.988877869,0.000000000,0.000000000,-0.148729822
10.408331668,0.000000000,0.000000000,-0.665391071,0.000000000,-0.000000000,9.800000000,0.988670745,0.000000000,0.000000000,-0.150100492
10.412498334,0.000000000,0.000000000,-0.665391071,0.000000000,0.000000000,9.800000000,0.988461721,0.000000000,0.000000000,-0.151470874
10.416665000,0.000000000,0.000000000,-0.665391071,0.000000000,-0.000000000,9.800000000,0.988250798,0.000000000,0.000000000,-0.152840964
10.420831666,0.000000000,0.000000000,-0.655771252,-0.000000000,-0.000000000,9.800000000,0.988041066,0.000000000,0.000000000,-0.154190959
10.429164998,0.000000000,0.000000000,-0.655771252,-0.000000000,-0.000000000,9.800000000,0.987616070,0.000000000,0.000000000,-0.156890084
10.433331664,0.000000000,0.000000000,-0.645898621,0.000000000,0.000000000,9.800000000,0.987404061,0.000000000,0.000000000,-0.158218899
10.437498330,0.000000000,0.000000000,-0.645898621,0.000000000,0.000000000,9.800000000,0.987190264,0.000000000,0.000000000,-0.159547428
10.441664996,0.000000000,0.000000000,-0.645898621,0.000000000,0.000000000,9.800000000,0.986974680,0.000000000,0.000000000,-0.160875668
10.445831662,0.000000000,0.000000000,-0.635776983,-0.000000000,0.000000000,9.800000000,0.986760729,0.000000000,0.000000000,-0.162182809
10.454164994,0.000000000,0.000000000,-0.635776983,0.000000000,0.000000000,9.800000000,0.986327634,0.000000000,0.000000000,-0.164796236
10.458331660,0.000000000,0.000000000,-0.625410242,-0.000000000,-0.000000000,9.800000000,0.986112077,0.000000000,0.000000000,-0.166081219
10.462498326,0.000000000,0.000000000,-0.625410242,0.000000000,0.000000000,9.800000000,0.985894847,0.000000000,0.000000000,-0.167365920
10.466664992,0.000000000,0.000000000,-0.625410242,0.000000000,0.000000000,9.800000000,0.985675943,0.000000000,0.000000000,-0.168650337
10.470831658,0.000000000,0.000000000,-0.614802393,-0.000000000,0.000000000,9.800000000,0.985459120,0.000000000,0.000000000,-0.169912690
10.479164990,0.000000000,0.000000000,-0.614802393,-0.000000000,-0.000000000,9.800000000,0.985020626,0.000000000,0.000000000,-0.172436557
10.483331656,0.000000000,0.000000000,-0.603957526,0.000000000,0.000000000,9.800000000,0.984802879,0.000000000,0.000000000,-0.173675817
10.487498322,0.000000000,0.000000000,-0.603957526,0.000000000,0.000000000,9.800000000,0.984583573,0.000000000,0.000000000,-0.174914802
10.491664988,0.000000000,0.000000000,-0.603957526,0.000000000,0.000000000,9.800000000,0.984362708,0.000000000,0.000000000,-0.176153511
10.495831654,0.000000000,0.000000000,-0.592879822,0.000000000,-0.000000000,9.800000000,0.984144378,0.000000000,0.000000000,-0.177369227
10.504164986,0.000000000,0.000000000,-0.592879822,0.000000000,0.000000000,9.800000000,0.983703215,0.000000000,0.000000000,-0.179799847
10.508331652,0.000000000,0.000000000,-0.581573551,-0.000000000,0.000000000,9.800000000,0.983484645,0.000000000,0.000000000,-0.180991581
10.512498318,0.000000000,0.000000000,-0.581573551,-0.000000000,0.000000000,9.800000000,0.983264632,0.000000000,0.000000000,-0.182183049
10.516664984,0.000000000,0.000000000,-0.581573551,-0.000000000,0.000000000,9.800000000,0.983043175,0.000000000,0.000000000,-0.183374250
10.520831650,0.000000000,0.000000000,-0.570043073,-0.000000000,-0.000000000,9.800000000,0.982824709,0.000000000,0.000000000,-0.184541572
