t,wx,wy,wz,ax,ay,az,qw,qx,qy,qz
0.008333332,0.000000000,0.000000000,0.000000000,0.000000000,0.000000000,9.800000000,1.000000000,0.000000000,0.000000000,0.000000000
0.012499998,0.000000000,0.000000000,0.000000000,0.000000000,0.000000000,9.800000000,1.000000000,0.000000000,0.000000000,0.000000000
0.016666664,0.000000000,0.000000000,0.000000000,0.000000000,0.000000000,9.800000000,1.000000000,0.000000000,0.000000000,0.000000000
0.020833330,0.000000000,0.000000000,0.000000000,0.000000000,0.000000000,9.800000000,1.000000000,0.000000000,0.000000000,0.000000000
0.029166662,0.000000000,0.000000000,0.000000000,0.000000000,0.000000000,9.800000000,1.000000000,0.000000000,0.000000000,0.000000000
0.033333328,0.000000000,0.000000000,0.000000000,0.000000000,0.000000000,9.800000000,1.000000000,0.000000000,0.000000000,0.000000000
0.037499994,0.000000000,0.000000000,0.000000000,0.000000000,0.000000000,9.800000000,1.000000000,0.000000000,0.000000000,0.000000000
0.041666660,0.000000000,0.000000000,0.000000000,0.000000000,0.000000000,9.800000000,1.000000000,0.000000000,0.000000000,0.000000000
0.045833326,0.000000000,0.000000000,0.000000000,0.000000000,0.000000000,9.800000000,1.000000000,0.000000000,0.000000000,0.000000000
0.054166658,0.000000000,0.000000000,0.000000000,0.000000000,0.000000000,9.800000000,1.000000000,0.000000000,0.000000000,0.000000000
0.058333324,0.000000000,0.000000000,0.000000000,0.000000000,0.000000000,9.800000000,1.000000000,0.000000000,0.000000000,0.000000000
0.062499990,0.000000000,0.000000000,0.000000000,0.000000000,0.000000000,9.800000000,1.000000000,0.000000000,0.000000000,0.000000000
0.066666656,0.000000000,0.000000000,0.000000000,0.000000000,0.000000000,9.800000000,1.000000000,0.000000000,0.000000000,0.000000000
0.070833322,0.000000000,0.000000000,0.000000000,0.000000000,0.000000000,9.800000000,1.000000000,0.000000000,0.000000000,0.000000000
0.079166654,0.000000000,0.000000000,0.000000000,0.000000000,0.000000000,9.800000000,1.000000000,0.000000000,0.000000000,0.000000000
0.083333320,0.000000000,0.000000000,0.000000000,0.000000000,0.000000000,9.800000000,1.000000000,0.000000000,0.000000000,0.000000000
0.087499986,0.000000000,0.000000000,0.000000000,0.000000000,0.000000000,9.800000000,1.000000000,0.000000000,0.000000000,0.000000000
0.091666652,0.000000000,0.000000000,0.000000000,0.000000000,0.000000000,9.800000000,1.000000000,0.000000000,0.000000000,0.000000000
0.095833318,0.000000000,0.000000000,0.000000000,0.000000000,0.000000000,9.800000000,1.000000000,0.000000000,0.000000000,0.000000000
0.104166650,0.000000000,0.000000000,0.000000000,0.000000000,0.000000000,9.800000000,1.000000000,0.000000000,0.000000000,0.000000000
0.108333316,0.000000000,0.000000000,0.000000000,0.000000000,0.000000000,9.800000000,1.000000000,0.000000000,0.000000000,0.000000000
0.112499982,0.000000000,0.000000000,0.000000000,0.000000000,0.000000000,9.800000000,1.000000000,0.000000000,0.000000000,0.000000000
0.116666648,0.000000000,0.000000000,0.000000000,0.000000000,0.000000000,9.800000000,1.000000000,0.000000000,0.000000000,0.000000000
0.120833314,0.000000000,0.000000000,0.000000000,0.000000000,0.000000000,9.800000000,1.000000000,0.000000000,0.000000000,0.000000000
0.129166646,0.000000000,0.000000000,0.000000000,0.000000000,0.000000000,9.800000000,1.000000000,0.000000000,0.000000000,0.000000000
0.133333312,0.000000000,0.000000000,0.000000000,0.000000000,0.000000000,9.800000000,1.000000000,0.000000000,0.000000000,0.000000000
0.137499978,0.000000000,0.000000000,0.000000000,0.000000000,0.000000000,9.800000000,1.000000000,0.000000000,0.000000000,0.000000000
0.141666644,0.000000000,0.000000000,0.000000000,0.000000000,0.000000000,9.800000000,1.000000000,0.000000000,0.000000000,0.000000000
0.145833310,0.000000000,0.000000000,0.000000000,0.000000000,0.000000000,9.800000000,1.000000000,0.000000000,0.000000000,0.000000000
0.154166642,0.000000000,0.000000000,0.000000000,0.000000000,0.000000000,9.800000000,1.000000000,0.000000000,0.000000000,0.000000000
0.158333308,0.000000000,0.000000000,0.000000000,0.000000000,0.000000000,9.800000000,1.000000000,0.000000000,0.000000000,0.000000000
0.162499974,0.000000000,0.000000000,0.000000000,0.000000000,0.000000000,9.800000000,1.000000000,0.000000000,0.000000000,0.000000000
0.166666640,0.000000000,0.000000000,0.000000000,0.000000000,0.000000000,9.800000000,1.000000000,0.000000000,0.000000000,0.000000000
0.170833306,0.000000000,0.000000000,0.000000000,0.000000000,0.000000000,9.800000000,1.000000000,0.000000000,0.000000000,0.000000000
0.179166638,0.000000000,0.000000000,0.000000000,0.000000000,0.000000000,9.800000000,1.000000000,0.000000000,0.000000000,0.000000000
0.183333304,0.000000000,0.000000000,0.000000000,0.000000000,0.000000000,9.800000000,1.000000000,0.000000000,0.000000000,0.000000000
0.187499970,0.000000000,0.000000000,0.000000000,0.000000000,0.000000000,9.800000000,1.000000000,0.000000000,0.000000000,0.000000000
0.191666636,0.000000000,0.000000000,0.000000000,0.000000000,0.000000000,9.800000000,1.000000000,0.000000000,0.000000000,0.000000000
0.195833302,0.000000000,0.000000000,0.000000000,0.000000000,0.000000000,9.800000000,1.000000000,0.000000000,0.000000000,0.000000000
0.204166634,0.000000000,0.000000000,0.000000000,0.000000000,0.000000000,9.800000000,1.000000000,0.000000000,0.000000000,0.000000000
0.208333300,0.000000000,0.000000000,0.000000000,0.000000000,0.000000000,9.800000000,1.000000000,0.000000000,0.000000000,0.000000000
0.212499966,0.000000000,0.000000000,0.000000000,0.000000000,0.000000000,9.800000000,1.000000000,0.000000000,0.000000000,0.000000000
0.216666632,0.000000000,0.000000000,0.000000000,0.000000000,0.000000000,9.800000000,1.000000000,0.000000000,0.000000000,0.000000000
0.220833298,0.000000000,0.000000000,0.000000000,0.000000000,0.000000000,9.800000000,1.000000000,0.000000000,0.000000000,0.000000000
0.229166630,0.000000000,0.000000000,0.000000000,0.000000000,0.000000000,9.800000000,1.000000000,0.000000000,0.000000000,0.000000000
0.233333296,0.000000000,0.000000000,0.000000000,0.000000000,0.000000000,9.800000000,1.000000000,0.000000000,0.000000000,0.000000000
0.237499962,0.000000000,0.000000000,0.000000000,0.000000000,0.000000000,9.800000000,1.000000000,0.000000000,0.000000000,0.000000000
0.241666628,0.000000000,0.000000000,0.000000000,0.000000000,0.000000000,9.800000000,1.000000000,0.000000000,0.000000000,0.000000000
0.245833294,0.000000000,0.000000000,0.000000000,0.000000000,0.000000000,9.800000000,1.000000000,0.000000000,0.000000000,0.000000000
0.254166626,0.000000000,0.000000000,0.000000000,0.000000000,0.000000000,9.800000000,1.000000000,0.000000000,0.000000000,0.000000000
0.258333292,0.000000000,0.000000000,0.000000000,0.000000000,0.000000000,9.800000000,1.000000000,0.000000000,0.000000000,0.000000000
0.262499958,0.000000000,0.000000000,0.000000000,0.000000000,0.000000000,9.800000000,1.000000000,0.000000000,0.000000000,0.000000000
0.266666624,0.000000000,0.000000000,0.000000000,0.000000000,0.000000000,9.800000000,1.000000000,0.000000000,0.000000000,0.000000000
0.270833290,0.000000000,0.000000000,0.000000000,0.000000000,0.000000000,9.800000000,1.000000000,0.000000000,0.000000000,0.000000000
0.279166622,0.000000000,0.000000000,0.000000000,0.000000000,0.000000000,9.800000000,1.000000000,0.000000000,0.000000000,0.000000000
0.283333288,0.000000000,0.000000000,0.000000000,0.000000000,0.000000000,9.800000000,1.000000000,0.000000000,0.000000000,0.000000000
0.287499954,0.000000000,0.000000000,0.000000000,0.000000000,0.000000000,9.800000000,1.000000000,0.000000000,0.000000000,0.000000000
0.291666620,0.000000000,0.000000000,0.000000000,0.000000000,0.000000000,9.800000000,1.000000000,0.000000000,0.000000000,0.000000000
0.295833286,0.000000000,0.000000000,0.000000000,0.000000000,0.000000000,9.800000000,1.000000000,0.000000000,0.000000000,0.000000000
0.304166618,0.000000000,0.000000000,0.000000000,0.000000000,0.000000000,9.800000000,1.000000000,0.000000000,0.000000000,0.000000000
0.308333284,0.000000000,0.000000000,0.000000000,0.000000000,0.000000000,9.800000000,1.000000000,0.000000000,0.000000000,0.000000000
0.312499950,0.000000000,0.000000000,0.000000000,0.000000000,0.000000000,9.800000000,1.000000000,0.000000000,0.000000000,0.000000000
0.316666616,0.000000000,0.000000000,0.000000000,0.000000000,0.000000000,9.800000000,1.000000000,0.000000000,0.000000000,0.000000000
0.320833282,0.000000000,0.000000000,0.000000000,0.000000000,0.000000000,9.800000000,1.000000000,0.000000000,0.000000000,0.000000000
0.329166614,0.000000000,0.000000000,0.000000000,0.000000000,0.000000000,9.800000000,1.000000000,0.000000000,0.000000000,0.000000000
0.333333280,0.000000000,0.000000000,0.000000000,0.000000000,0.000000000,9.800000000,1.000000000,0.000000000,0.000000000,0.000000000
0.337499946,0.000000000,0.000000000,0.000000000,0.000000000,0.000000000,9.800000000,1.000000000,0.000000000,0.000000000,0.000000000
0.341666612,0.000000000,0.000000000,0.000000000,0.000000000,0.000000000,9.800000000,1.000000000,0.000000000,0.000000000,0.000000000
0.345833278,0.000000000,0.000000000,0.000000000,0.000000000,0.000000000,9.800000000,1.000000000,0.000000000,0.000000000,0.000000000
0.354166610,0.000000000,0.000000000,0.000000000,0.000000000,0.000000000,9.800000000,1.000000000,0.000000000,0.000000000,0.000000000
0.358333276,0.000000000,0.000000000,0.000000000,0.000000000,0.000000000,9.800000000,1.000000000,0.000000000,0.000000000,0.000000000
0.362499942,0.000000000,0.000000000,0.000000000,0.000000000,0.000000000,9.800000000,1.000000000,0.000000000,0.000000000,0.000000000
0.366666608,0.000000000,0.000000000,0.000000000,0.000000000,0.000000000,9.800000000,1.000000000,0.000000000,0.000000000,0.000000000
0.370833274,0.000000000,0.000000000,0.000000000,0.000000000,0.000000000,9.800000000,1.000000000,0.000000000,0.000000000,0.000000000
0.379166606,0.000000000,0.000000000,0.000000000,0.000000000,0.000000000,9.800000000,1.000000000,0.000000000,0.000000000,0.000000000
0.383333272,0.000000000,0.000000000,0.000000000,0.000000000,0.000000000,9.800000000,1.000000000,0.000000000,0.000000000,0.000000000
0.387499938,0.000000000,0.000000000,0.000000000,0.000000000,0.000000000,9.800000000,1.000000000,0.000000000,0.000000000,0.000000000
0.391666604,0.000000000,0.000000000,0.000000000,0.000000000,0.000000000,9.800000000,1.000000000,0.000000000,0.000000000,0.000000000
0.395833270,0.000000000,0.000000000,0.000000000,0.000000000,0.000000000,9.800000000,1.000000000,0.000000000,0.000000000,0.000000000
0.404166602,0.000000000,0.000000000,0.000000000,0.000000000,0.000000000,9.800000000,1.000000000,0.000000000,0.000000000,0.000000000
0.408333268,0.000000000,0.000000000,0.000000000,0.000000000,0.000000000,9.800000000,1.000000000,0.000000000,0.000000000,0.000000000
0.412499934,0.000000000,0.000000000,0.000000000,0.000000000,0.000000000,9.800000000,1.000000000,0.000000000,0.000000000,0.000000000
0.416666600,0.000000000,0.000000000,0.000000000,0.000000000,0.000000000,9.800000000,1.000000000,0.000000000,0.000000000,0.000000000
0.420833266,0.000000000,0.000000000,0.000000000,0.000000000,0.000000000,9.800000000,1.000000000,0.000000000,0.000000000,0.000000000
0.429166598,0.000000000,0.000000000,0.000000000,0.000000000,0.000000000,9.800000000,1.000000000,0.000000000,0.000000000,0.000000000
0.433333264,0.000000000,0.000000000,0.000000000,0.000000000,0.000000000,9.800000000,1.000000000,0.000000000,0.000000000,0.000000000
0.437499930,0.000000000,0.000000000,0.000000000,0.000000000,0.000000000,9.800000000,1.000000000,0.000000000,0.000000000,0.000000000
0.441666596,0.000000000,0.000000000,0.000000000,0.000000000,0.000000000,9.800000000,1.000000000,0.000000000,0.000000000,0.000000000
0.445833262,0.000000000,0.000000000,0.000000000,0.000000000,0.000000000,9.800000000,1.000000000,0.000000000,0.000000000,0.000000000
0.454166594,0.000000000,0.000000000,0.000000000,0.000000000,0.000000000,9.800000000,1.000000000,0.000000000,0.000000000,0.000000000
0.458333260,0.000000000,0.000000000,0.000000000,0.000000000,0.000000000,9.800000000,1.000000000,0.000000000,0.000000000,0.000000000
0.462499926,0.000000000,0.000000000,0.000000000,0.000000000,0.000000000,9.800000000,1.000000000,0.000000000,0.000000000,0.000000000
0.466666592,0.000000000,0.000000000,0.000000000,0.000000000,0.000000000,9.800000000,1.000000000,0.000000000,0.000000000,0.000000000
0.470833258,0.000000000,0.000000000,0.000000000,0.000000000,0.000000000,9.800000000,1.000000000,0.000000000,0.000000000,0.000000000
0.479166590,0.000000000,0.000000000,0.000000000,0.000000000,0.000000000,9.800000000,1.000000000,0.000000000,0.000000000,0.000000000
0.483333256,0.000000000,0.000000000,0.000000000,0.000000000,0.000000000,9.800000000,1.000000000,0.000000000,0.000000000,0.000000000
0.487499922,0.000000000,0.000000000,0.000000000,0.000000000,0.000000000,9.800000000,1.000000000,0.000000000,0.000000000,0.000000000
0.491666588,0.000000000,0.000000000,0.000000000,0.000000000,0.000000000,9.800000000,1.000000000,0.000000000,0.000000000,0.000000000
0.495833254,0.000000000,0.000000000,0.000000000,0.000000000,0.000000000,9.800000000,1.000000000,0.000000000,0.000000000,0.000000000
0.504166586,0.000000000,0.000000000,0.000000000,0.000000000,0.000000000,9.800000000,1.000000000,0.000000000,0.000000000,0.000000000
0.508333252,0.000000000,0.000000000,0.000000000,0.000000000,0.000000000,9.800000000,1.000000000,0.000000000,0.000000000,0.000000000
0.512499918,0.000000000,0.000000000,0.000000000,0.000000000,0.000000000,9.800000000,1.000000000,0.000000000,0.000000000,0.000000000
0.516666584,0.000000000,0.000000000,0.000000000,0.000000000,0.000000000,9.800000000,1.000000000,0.000000000,0.000000000,0.000000000
0.520833250,0.000000000,0.000000000,0.000000000,0.000000000,0.000000000,9.800000000,1.000000000,0.000000000,0.000000000,0.000000000
0.529166582,0.000000000,0.000000000,0.000000000,0.000000000,0.000000000,9.800000000,1.000000000,0.000000000,0.000000000,0.000000000
0.533333248,0.000000000,0.000000000,0.000000000,0.000000000,0.000000000,9.800000000,1.000000000,0.000000000,0.000000000,0.000000000
0.537499914,0.000000000,0.000000000,0.000000000,0.000000000,0.000000000,9.800000000,1.000000000,0.000000000,0.000000000,0.000000000
0.541666580,0.000000000,0.000000000,0.000000000,0.000000000,0.000000000,9.800000000,1.000000000,0.000000000,0.000000000,0.000000000
0.545833246,0.000000000,0.000000000,0.000000000,0.000000000,0.000000000,9.800000000,1.000000000,0.000000000,0.000000000,0.000000000
0.554166578,0.000000000,0.000000000,0.000000000,0.000000000,0.000000000,9.800000000,1.000000000,0.000000000,0.000000000,0.000000000
0.558333244,0.000000000,0.000000000,0.000000000,0.000000000,0.000000000,9.800000000,1.000000000,0.000000000,0.000000000,0.000000000
0.562499910,0.000000000,0.000000000,0.000000000,0.000000000,0.000000000,9.800000000,1.000000000,0.000000000,0.000000000,0.000000000
0.566666576,0.000000000,0.000000000,0.000000000,0.000000000,0.000000000,9.800000000,1.000000000,0.000000000,0.000000000,0.000000000
0.570833242,0.000000000,0.000000000,0.000000000,0.000000000,0.000000000,9.800000000,1.000000000,0.000000000,0.000000000,0.000000000
0.579166574,0.000000000,0.000000000,0.000000000,0.000000000,0.000000000,9.800000000,1.000000000,0.000000000,0.000000000,0.000000000
0.583333240,0.000000000,0.000000000,0.000000000,0.000000000,0.000000000,9.800000000,1.000000000,0.000000000,0.000000000,0.000000000
0.587499906,0.000000000,0.000000000,0.000000000,0.000000000,0.000000000,9.800000000,1.000000000,0.000000000,0.000000000,0.000000000
0.591666572,0.000000000,0.000000000,0.000000000,0.000000000,0.000000000,9.800000000,1.000000000,0.000000000,0.000000000,0.000000000
0.595833238,0.000000000,0.000000000,0.000000000,0.000000000,0.000000000,9.800000000,1.000000000,0.000000000,0.000000000,0.000000000
0.604166570,0.000000000,0.000000000,0.000000000,0.000000000,0.000000000,9.800000000,1.000000000,0.000000000,0.000000000,0.000000000
0.608333236,0.000000000,0.000000000,0.000000000,0.000000000,0.000000000,9.800000000,1.000000000,0.000000000,0.000000000,0.000000000
0.612499902,0.000000000,0.000000000,0.000000000,0.000000000,0.000000000,9.800000000,1.000000000,0.000000000,0.000000000,0.000000000
0.616666568,0.000000000,0.000000000,0.000000000,0.000000000,0.000000000,9.800000000,1.000000000,0.000000000,0.000000000,0.000000000
0.620833234,0.000000000,0.000000000,0.000000000,0.000000000,0.000000000,9.800000000,1.000000000,0.000000000,0.000000000,0.000000000
0.629166566,0.000000000,0.000000000,0.000000000,0.000000000,0.000000000,9.800000000,1.000000000,0.000000000,0.000000000,0.000000000
0.633333232,0.000000000,0.000000000,0.000000000,0.000000000,0.000000000,9.800000000,1.000000000,0.000000000,0.000000000,0.000000000
0.637499898,0.000000000,0.000000000,0.000000000,0.000000000,0.000000000,9.800000000,1.000000000,0.000000000,0.000000000,0.000000000
0.641666564,0.000000000,0.000000000,0.000000000,0.000000000,0.000000000,9.800000000,1.000000000,0.000000000,0.000000000,0.000000000
0.645833230,0.000000000,0.000000000,0.000000000,0.000000000,0.000000000,9.800000000,1.000000000,0.000000000,0.000000000,0.000000000
0.654166562,0.000000000,0.000000000,0.000000000,0.000000000,0.000000000,9.800000000,1.000000000,0.000000000,0.000000000,0.000000000
0.658333228,0.000000000,0.000000000,0.000000000,0.000000000,0.000000000,9.800000000,1.000000000,0.000000000,0.000000000,0.000000000
0.662499894,0.000000000,0.000000000,0.000000000,0.000000000,0.000000000,9.800000000,1.000000000,0.000000000,0.000000000,0.000000000
0.666666560,0.000000000,0.000000000,0.000000000,0.000000000,0.000000000,9.800000000,1.000000000,0.000000000,0.000000000,0.000000000
0.670833226,0.000000000,0.000000000,0.000000000,0.000000000,0.000000000,9.800000000,1.000000000,0.000000000,0.000000000,0.000000000
0.679166558,0.000000000,0.000000000,0.000000000,0.000000000,0.000000000,9.800000000,1.000000000,0.000000000,0.000000000,0.000000000
0.683333224,0.000000000,0.000000000,0.000000000,0.000000000,0.000000000,9.800000000,1.000000000,0.000000000,0.000000000,0.000000000
0.687499890,0.000000000,0.000000000,0.000000000,0.000000000,0.000000000,9.800000000,1.000000000,0.000000000,0.000000000,0.000000000
0.691666556,0.000000000,0.000000000,0.000000000,0.000000000,0.000000000,9.800000000,1.000000000,0.000000000,0.000000000,0.000000000
0.695833222,0.000000000,0.000000000,0.000000000,0.000000000,0.000000000,9.800000000,1.000000000,0.000000000,0.000000000,0.000000000
0.704166554,0.000000000,0.000000000,0.000000000,0.000000000,0.000000000,9.800000000,1.000000000,0.000000000,0.000000000,0.000000000
0.708333220,0.000000000,0.000000000,0.000000000,0.000000000,0.000000000,9.800000000,1.000000000,0.000000000,0.000000000,0.000000000
0.712499886,0.000000000,0.000000000,0.000000000,0.000000000,0.000000000,9.800000000,1.000000000,0.000000000,0.000000000,0.000000000
0.716666552,0.000000000,0.000000000,0.000000000,0.000000000,0.000000000,9.800000000,1.000000000,0.000000000,0.000000000,0.000000000
0.720833218,0.000000000,0.000000000,0.000000000,0.000000000,0.000000000,9.800000000,1.000000000,0.000000000,0.000000000,0.000000000
0.729166550,0.000000000,0.000000000,0.000000000,0.000000000,0.000000000,9.800000000,1.000000000,0.000000000,0.000000000,0.000000000
0.733333216,0.000000000,0.000000000,0.000000000,0.000000000,0.000000000,9.800000000,1.000000000,0.000000000,0.000000000,0.000000000
0.737499882,0.000000000,0.000000000,0.000000000,0.000000000,0.000000000,9.800000000,1.000000000,0.000000000,0.000000000,0.000000000
0.741666548,0.000000000,0.000000000,0.000000000,0.000000000,0.000000000,9.800000000,1.000000000,0.000000000,0.000000000,0.000000000
0.745833214,0.000000000,0.000000000,0.000000000,0.000000000,0.000000000,9.800000000,1.000000000,0.000000000,0.000000000,0.000000000
0.754166546,0.000000000,0.000000000,0.000000000,0.000000000,0.000000000,9.800000000,1.000000000,0.000000000,0.000000000,0.000000000
0.758333212,0.000000000,0.000000000,0.000000000,0.000000000,0.000000000,9.800000000,1.000000000,0.000000000,0.000000000,0.000000000
0.762499878,0.000000000,0.000000000,0.000000000,0.000000000,0.000000000,9.800000000,1.000000000,0.000000000,0.000000000,0.000000000
0.766666544,0.000000000,0.000000000,0.000000000,0.000000000,0.000000000,9.800000000,1.000000000,0.000000000,0.000000000,0.000000000
0.770833210,0.000000000,0.000000000,0.000000000,0.000000000,0.000000000,9.800000000,1.000000000,0.000000000,0.000000000,0.000000000
0.779166542,0.000000000,0.000000000,0.000000000,0.000000000,0.000000000,9.800000000,1.000000000,0.000000000,0.000000000,0.000000000
0.783333208,0.000000000,0.000000000,0.000000000,0.000000000,0.000000000,9.800000000,1.000000000,0.000000000,0.000000000,0.000000000
0.787499874,0.000000000,0.000000000,0.000000000,0.000000000,0.000000000,9.800000000,1.000000000,0.000000000,0.000000000,0.000000000
0.791666540,0.000000000,0.000000000,0.000000000,0.000000000,0.000000000,9.800000000,1.000000000,0.000000000,0.000000000,0.000000000
0.795833206,0.000000000,0.000000000,0.000000000,0.000000000,0.000000000,9.800000000,1.000000000,0.000000000,0.000000000,0.000000000
0.804166538,0.000000000,0.000000000,0.000000000,0.000000000,0.000000000,9.800000000,1.000000000,0.000000000,0.000000000,0.000000000
0.808333204,0.000000000,0.000000000,0.000000000,0.000000000,0.000000000,9.800000000,1.000000000,0.000000000,0.000000000,0.000000000
0.812499870,0.000000000,0.000000000,0.000000000,0.000000000,0.000000000,9.800000000,1.000000000,0.000000000,0.000000000,0.000000000
0.816666536,0.000000000,0.000000000,0.000000000,0.000000000,0.000000000,9.800000000,1.000000000,0.000000000,0.000000000,0.000000000
0.820833202,0.000000000,0.000000000,0.000000000,0.000000000,0.000000000,9.800000000,1.000000000,0.000000000,0.000000000,0.000000000
0.829166534,0.000000000,0.000000000,0.000000000,0.000000000,0.000000000,9.800000000,1.000000000,0.000000000,0.000000000,0.000000000
0.833333200,0.000000000,0.000000000,0.000000000,0.000000000,0.000000000,9.800000000,1.000000000,0.000000000,0.000000000,0.000000000
0.837499866,0.000000000,0.000000000,0.000000000,0.000000000,0.000000000,9.800000000,1.000000000,0.000000000,0.000000000,0.000000000
0.841666532,0.000000000,0.000000000,0.000000000,0.000000000,0.000000000,9.800000000,1.000000000,0.000000000,0.000000000,0.000000000
0.845833198,0.000000000,0.000000000,0.000000000,0.000000000,0.000000000,9.800000000,1.000000000,0.000000000,0.000000000,0.000000000
0.854166530,0.000000000,0.000000000,0.000000000,0.000000000,0.000000000,9.800000000,1.000000000,0.000000000,0.000000000,0.000000000
0.858333196,0.000000000,0.000000000,0.000000000,0.000000000,0.000000000,9.800000000,1.000000000,0.000000000,0.000000000,0.000000000
0.862499862,0.000000000,0.000000000,0.000000000,0.000000000,0.000000000,9.800000000,1.000000000,0.000000000,0.000000000,0.000000000
0.866666528,0.000000000,0.000000000,0.000000000,0.000000000,0.000000000,9.800000000,1.000000000,0.000000000,0.000000000,0.000000000
0.870833194,0.000000000,0.000000000,0.000000000,0.000000000,0.000000000,9.800000000,1.000000000,0.000000000,0.000000000,0.000000000
0.879166526,0.000000000,0.000000000,0.000000000,0.000000000,0.000000000,9.800000000,1.000000000,0.000000000,0.000000000,0.000000000
0.883333192,0.000000000,0.000000000,0.000000000,0.000000000,0.000000000,9.800000000,1.000000000,0.000000000,0.000000000,0.000000000
0.887499858,0.000000000,0.000000000,0.000000000,0.000000000,0.000000000,9.800000000,1.000000000,0.000000000,0.000000000,0.000000000
0.891666524,0.000000000,0.000000000,0.000000000,0.000000000,0.000000000,9.800000000,1.000000000,0.000000000,0.000000000,0.000000000
0.895833190,0.000000000,0.000000000,0.000000000,0.000000000,0.000000000,9.800000000,1.000000000,0.000000000,0.000000000,0.000000000
0.904166522,0.000000000,0.000000000,0.000000000,0.000000000,0.000000000,9.800000000,1.000000000,0.000000000,0.000000000,0.000000000
0.908333188,0.000000000,0.000000000,0.000000000,0.000000000,0.000000000,9.800000000,1.000000000,0.000000000,0.000000000,0.000000000
0.912499854,0.000000000,0.000000000,0.000000000,0.000000000,0.000000000,9.800000000,1.000000000,0.000000000,0.000000000,0.000000000
0.916666520,0.000000000,0.000000000,0.000000000,0.000000000,0.000000000,9.800000000,1.000000000,0.000000000,0.000000000,0.000000000
0.920833186,0.000000000,0.000000000,0.000000000,0.000000000,0.000000000,9.800000000,1.000000000,0.000000000,0.000000000,0.000000000
0.929166518,0.000000000,0.000000000,0.000000000,0.000000000,0.000000000,9.800000000,1.000000000,0.000000000,0.000000000,0.000000000
0.933333184,0.000000000,0.000000000,0.000000000,0.000000000,0.000000000,9.800000000,1.000000000,0.000000000,0.000000000,0.000000000
0.937499850,0.000000000,0.000000000,0.000000000,0.000000000,0.000000000,9.800000000,1.000000000,0.000000000,0.000000000,0.000000000
0.941666516,0.000000000,0.000000000,0.000000000,0.000000000,0.000000000,9.800000000,1.000000000,0.000000000,0.000000000,0.000000000
0.945833182,0.000000000,0.000000000,0.000000000,0.000000000,0.000000000,9.800000000,1.000000000,0.000000000,0.000000000,0.000000000
0.954166514,0.000000000,0.000000000,0.000000000,0.000000000,0.000000000,9.800000000,1.000000000,0.000000000,0.000000000,0.000000000
0.958333180,0.000000000,0.000000000,0.000000000,0.000000000,0.000000000,9.800000000,1.000000000,0.000000000,0.000000000,0.000000000
0.962499846,0.000000000,0.000000000,0.000000000,0.000000000,0.000000000,9.800000000,1.000000000,0.000000000,0.000000000,0.000000000
0.966666512,0.000000000,0.000000000,0.000000000,0.000000000,0.000000000,9.800000000,1.000000000,0.000000000,0.000000000,0.000000000
0.970833178,0.000000000,0.000000000,0.000000000,0.000000000,0.000000000,9.800000000,1.000000000,0.000000000,0.000000000,0.000000000
0.979166510,0.000000000,0.000000000,0.000000000,0.000000000,0.000000000,9.800000000,1.000000000,0.000000000,0.000000000,0.000000000
0.983333176,0.000000000,0.000000000,0.000000000,0.000000000,0.000000000,9.800000000,1.000000000,0.000000000,0.000000000,0.000000000
0.987499842,0.000000000,0.000000000,0.000000000,0.000000000,0.000000000,9.800000000,1.000000000,0.000000000,0.000000000,0.000000000
0.991666508,0.000000000,0.000000000,0.000000000,0.000000000,0.000000000,9.800000000,1.000000000,0.000000000,0.000000000,0.000000000
0.995833174,0.000000000,0.000000000,0.000000000,0.000000000,0.000000000,9.800000000,1.000000000,0.000000000,0.000000000,0.000000000
1.004166506,0.000000000,0.000000000,0.000000000,0.000000000,0.000000000,9.800000000,1.000000000,0.000000000,0.000000000,0.000000000
1.008333172,0.000000000,0.000000000,0.000000000,0.000000000,0.000000000,9.800000000,1.000000000,0.000000000,0.000000000,0.000000000
1.012499838,0.000000000,0.000000000,0.000000000,0.000000000,0.000000000,9.800000000,1.000000000,0.000000000,0.000000000,0.000000000
1.016666504,0.000000000,0.000000000,0.000000000,0.000000000,0.000000000,9.800000000,1.000000000,0.000000000,0.000000000,0.000000000
1.020833170,0.000000000,0.000000000,0.000000000,0.000000000,0.000000000,9.800000000,1.000000000,0.000000000,0.000000000,0.000000000
1.029166502,0.000000000,0.000000000,0.000000000,0.000000000,0.000000000,9.800000000,1.000000000,0.000000000,0.000000000,0.000000000
1.033333168,0.000000000,0.000000000,0.000000000,0.000000000,0.000000000,9.800000000,1.000000000,0.000000000,0.000000000,0.000000000
1.037499834,0.000000000,0.000000000,0.000000000,0.000000000,0.000000000,9.800000000,1.000000000,0.000000000,0.000000000,0.000000000
1.041666500,0.000000000,0.000000000,0.000000000,0.000000000,0.000000000,9.800000000,1.000000000,0.000000000,0.000000000,0.000000000
1.045833166,0.000000000,0.000000000,0.000000000,0.000000000,0.000000000,9.800000000,1.000000000,0.000000000,0.000000000,0.000000000
1.054166498,0.000000000,0.000000000,0.000000000,0.000000000,0.000000000,9.800000000,1.000000000,0.000000000,0.000000000,0.000000000
1.058333164,0.000000000,0.000000000,0.000000000,0.000000000,0.000000000,9.800000000,1.000000000,0.000000000,0.000000000,0.000000000
1.062499830,0.000000000,0.000000000,0.000000000,0.000000000,0.000000000,9.800000000,1.000000000,0.000000000,0.000000000,0.000000000
1.066666496,0.000000000,0.000000000,0.000000000,0.000000000,0.000000000,9.800000000,1.000000000,0.000000000,0.000000000,0.000000000
1.070833162,0.000000000,0.000000000,0.000000000,0.000000000,0.000000000,9.800000000,1.000000000,0.000000000,0.000000000,0.000000000
1.079166494,0.000000000,0.000000000,0.000000000,0.000000000,0.000000000,9.800000000,1.000000000,0.000000000,0.000000000,0.000000000
1.083333160,0.000000000,0.000000000,0.000000000,0.000000000,0.000000000,9.800000000,1.000000000,0.000000000,0.000000000,0.000000000
1.087499826,0.000000000,0.000000000,0.000000000,0.000000000,0.000000000,9.800000000,1.000000000,0.000000000,0.000000000,0.000000000
1.091666492,0.000000000,0.000000000,0.000000000,0.000000000,0.000000000,9.800000000,1.000000000,0.000000000,0.000000000,0.000000000
1.095833158,0.000000000,0.000000000,0.000000000,0.000000000,0.000000000,9.800000000,1.000000000,0.000000000,0.000000000,0.000000000
1.104166490,0.000000000,0.000000000,0.000000000,0.000000000,0.000000000,9.800000000,1.000000000,0.000000000,0.000000000,0.000000000
1.108333156,0.000000000,0.000000000,0.000000000,0.000000000,0.000000000,9.800000000,1.000000000,0.000000000,0.000000000,0.000000000
1.112499822,0.000000000,0.000000000,0.000000000,0.000000000,0.000000000,9.800000000,1.000000000,0.000000000,0.000000000,0.000000000
1.116666488,0.000000000,0.000000000,0.000000000,0.000000000,0.000000000,9.800000000,1.000000000,0.000000000,0.000000000,0.000000000
1.120833154,0.000000000,0.000000000,0.000000000,0.000000000,0.000000000,9.800000000,1.000000000,0.000000000,0.000000000,0.000000000
1.129166486,0.000000000,0.000000000,0.000000000,0.000000000,0.000000000,9.800000000,1.000000000,0.000000000,0.000000000,0.000000000
1.133333152,0.000000000,0.000000000,0.000000000,0.000000000,0.000000000,9.800000000,1.000000000,0.000000000,0.000000000,0.000000000
1.137499818,0.000000000,0.000000000,0.000000000,0.000000000,0.000000000,9.800000000,1.000000000,0.000000000,0.000000000,0.000000000
1.141666484,0.000000000,0.000000000,0.000000000,0.000000000,0.000000000,9.800000000,1.000000000,0.000000000,0.000000000,0.000000000
1.145833150,0.000000000,0.000000000,0.000000000,0.000000000,0.000000000,9.800000000,1.000000000,0.000000000,0.000000000,0.000000000
1.154166482,0.000000000,0.000000000,0.000000000,0.000000000,0.000000000,9.800000000,1.000000000,0.000000000,0.000000000,0.000000000
1.158333148,0.000000000,0.000000000,0.000000000,0.000000000,0.000000000,9.800000000,1.000000000,0.000000000,0.000000000,0.000000000
1.162499814,0.000000000,0.000000000,0.000000000,0.000000000,0.000000000,9.800000000,1.000000000,0.000000000,0.000000000,0.000000000
1.166666480,0.000000000,0.000000000,0.000000000,0.000000000,0.000000000,9.800000000,1.000000000,0.000000000,0.000000000,0.000000000
1.170833146,0.000000000,0.000000000,0.000000000,0.000000000,0.000000000,9.800000000,1.000000000,0.000000000,0.000000000,0.000000000
1.179166478,0.000000000,0.000000000,0.000000000,0.000000000,0.000000000,9.800000000,1.000000000,0.000000000,0.000000000,0.000000000
1.183333144,0.000000000,0.000000000,0.000000000,0.000000000,0.000000000,9.800000000,1.000000000,0.000000000,0.000000000,0.000000000
1.187499810,0.000000000,0.000000000,0.000000000,0.000000000,0.000000000,9.800000000,1.000000000,0.000000000,0.000000000,0.000000000
1.191666476,0.000000000,0.000000000,0.000000000,0.000000000,0.000000000,9.800000000,1.000000000,0.000000000,0.000000000,0.000000000
1.195833142,0.000000000,0.000000000,0.000000000,0.000000000,0.000000000,9.800000000,1.000000000,0.000000000,0.000000000,0.000000000
1.204166474,0.000000000,0.000000000,0.000000000,0.000000000,0.000000000,9.800000000,1.000000000,0.000000000,0.000000000,0.000000000
1.208333140,0.000000000,0.000000000,0.000000000,0.000000000,0.000000000,9.800000000,1.000000000,0.000000000,0.000000000,0.000000000
1.212499806,0.000000000,0.000000000,0.000000000,0.000000000,0.000000000,9.800000000,1.000000000,0.000000000,0.000000000,0.000000000
1.216666472,0.000000000,0.000000000,0.000000000,0.000000000,0.000000000,9.800000000,1.000000000,0.000000000,0.000000000,0.000000000
1.220833138,0.000000000,0.000000000,0.000000000,0.000000000,0.000000000,9.800000000,1.000000000,0.000000000,0.000000000,0.000000000
1.229166470,0.000000000,0.000000000,0.000000000,0.000000000,0.000000000,9.800000000,1.000000000,0.000000000,0.000000000,0.000000000
1.233333136,0.000000000,0.000000000,0.000000000,0.000000000,0.000000000,9.800000000,1.000000000,0.000000000,0.000000000,0.000000000
1.237499802,0.000000000,0.000000000,0.000000000,0.000000000,0.000000000,9.800000000,1.000000000,0.000000000,0.000000000,0.000000000
1.241666468,0.000000000,0.000000000,0.000000000,0.000000000,0.000000000,9.800000000,1.000000000,0.000000000,0.000000000,0.000000000
1.245833134,0.000000000,0.000000000,0.000000000,0.000000000,0.000000000,9.800000000,1.000000000,0.000000000,0.000000000,0.000000000
1.254166466,0.000000000,0.000000000,0.000000000,0.000000000,0.000000000,9.800000000,1.000000000,0.000000000,0.000000000,0.000000000
1.258333132,0.000000000,0.000000000,0.000000000,0.000000000,0.000000000,9.800000000,1.000000000,0.000000000,0.000000000,0.000000000
1.262499798,0.000000000,0.000000000,0.000000000,0.000000000,0.000000000,9.800000000,1.000000000,0.000000000,0.000000000,0.000000000
1.266666464,0.000000000,0.000000000,0.000000000,0.000000000,0.000000000,9.800000000,1.000000000,0.000000000,0.000000000,0.000000000
1.270833130,0.000000000,0.000000000,0.000000000,0.000000000,0.000000000,9.800000000,1.000000000,0.000000000,0.000000000,0.000000000
1.279166462,0.000000000,0.000000000,0.000000000,0.000000000,0.000000000,9.800000000,1.000000000,0.000000000,0.000000000,0.000000000
1.283333128,0.000000000,0.000000000,0.000000000,0.000000000,0.000000000,9.800000000,1.000000000,0.000000000,0.000000000,0.000000000
1.287499794,0.000000000,0.000000000,0.000000000,0.000000000,0.000000000,9.800000000,1.000000000,0.000000000,0.000000000,0.000000000
1.291666460,0.000000000,0.000000000,0.000000000,0.000000000,0.000000000,9.800000000,1.000000000,0.000000000,0.000000000,0.000000000
1.295833126,0.000000000,0.000000000,0.000000000,0.000000000,0.000000000,9.800000000,1.000000000,0.000000000,0.000000000,0.000000000
1.304166458,0.000000000,0.000000000,0.000000000,0.000000000,0.000000000,9.800000000,1.000000000,0.000000000,0.000000000,0.000000000
1.308333124,0.000000000,0.000000000,0.000000000,0.000000000,0.000000000,9.800000000,1.000000000,0.000000000,0.000000000,0.000000000
1.312499790,0.000000000,0.000000000,0.000000000,0.000000000,0.000000000,9.800000000,1.000000000,0.000000000,0.000000000,0.000000000
1.316666456,0.000000000,0.000000000,0.000000000,0.000000000,0.000000000,9.800000000,1.000000000,0.000000000,0.000000000,0.000000000
1.320833122,0.000000000,0.000000000,0.000000000,0.000000000,0.000000000,9.800000000,1.000000000,0.000000000,0.000000000,0.000000000
1.329166454,0.000000000,0.000000000,0.000000000,0.000000000,0.000000000,9.800000000,1.000000000,0.000000000,0.000000000,0.000000000
1.333333120,0.000000000,0.000000000,0.000000000,0.000000000,0.000000000,9.800000000,1.000000000,0.000000000,0.000000000,0.000000000
1.337499786,0.000000000,0.000000000,0.000000000,0.000000000,0.000000000,9.800000000,1.000000000,0.000000000,0.000000000,0.000000000
1.341666452,0.000000000,0.000000000,0.000000000,0.000000000,0.000000000,9.800000000,1.000000000,0.000000000,0.000000000,0.000000000
1.345833118,0.000000000,0.000000000,0.000000000,0.000000000,0.000000000,9.800000000,1.000000000,0.000000000,0.000000000,0.000000000
1.354166450,0.000000000,0.000000000,0.000000000,0.000000000,0.000000000,9.800000000,1.000000000,0.000000000,0.000000000,0.000000000
1.358333116,0.000000000,0.000000000,0.000000000,0.000000000,0.000000000,9.800000000,1.000000000,0.000000000,0.000000000,0.000000000
1.362499782,0.000000000,0.000000000,0.000000000,0.000000000,0.000000000,9.800000000,1.000000000,0.000000000,0.000000000,0.000000000
1.366666448,0.000000000,0.000000000,0.000000000,0.000000000,0.000000000,9.800000000,1.000000000,0.000000000,0.000000000,0.000000000
1.370833114,0.000000000,0.000000000,0.000000000,0.000000000,0.000000000,9.800000000,1.000000000,0.000000000,0.000000000,0.000000000
1.379166446,0.000000000,0.000000000,0.000000000,0.000000000,0.000000000,9.800000000,1.000000000,0.000000000,0.000000000,0.000000000
1.383333112,0.000000000,0.000000000,0.000000000,0.000000000,0.000000000,9.800000000,1.000000000,0.000000000,0.000000000,0.000000000
1.387499778,0.000000000,0.000000000,0.000000000,0.000000000,0.000000000,9.800000000,1.000000000,0.000000000,0.000000000,0.000000000
1.391666444,0.000000000,0.000000000,0.000000000,0.000000000,0.000000000,9.800000000,1.000000000,0.000000000,0.000000000,0.000000000
1.395833110,0.000000000,0.000000000,0.000000000,0.000000000,0.000000000,9.800000000,1.000000000,0.000000000,0.000000000,0.000000000
1.404166442,0.000000000,0.000000000,0.000000000,0.000000000,0.000000000,9.800000000,1.000000000,0.000000000,0.000000000,0.000000000
1.408333108,0.000000000,0.000000000,0.000000000,0.000000000,0.000000000,9.800000000,1.000000000,0.000000000,0.000000000,0.000000000
1.412499774,0.000000000,0.000000000,0.000000000,0.000000000,0.000000000,9.800000000,1.000000000,0.000000000,0.000000000,0.000000000
1.416666440,0.000000000,0.000000000,0.000000000,0.000000000,0.000000000,9.800000000,1.000000000,0.000000000,0.000000000,0.000000000
1.420833106,0.000000000,0.000000000,0.000000000,0.000000000,0.000000000,9.800000000,1.000000000,0.000000000,0.000000000,0.000000000
1.429166438,0.000000000,0.000000000,0.000000000,0.000000000,0.000000000,9.800000000,1.000000000,0.000000000,0.000000000,0.000000000
1.433333104,0.000000000,0.000000000,0.000000000,0.000000000,0.000000000,9.800000000,1.000000000,0.000000000,0.000000000,0.000000000
1.437499770,0.000000000,0.000000000,0.000000000,0.000000000,0.000000000,9.800000000,1.000000000,0.000000000,0.000000000,0.000000000
1.441666436,0.000000000,0.000000000,0.000000000,0.000000000,0.000000000,9.800000000,1.000000000,0.000000000,0.000000000,0.000000000
1.445833102,0.000000000,0.000000000,0.000000000,0.000000000,0.000000000,9.800000000,1.000000000,0.000000000,0.000000000,0.000000000
1.454166434,0.000000000,0.000000000,0.000000000,0.000000000,0.000000000,9.800000000,1.000000000,0.000000000,0.000000000,0.000000000
1.458333100,0.000000000,0.000000000,0.000000000,0.000000000,0.000000000,9.800000000,1.000000000,0.000000000,0.000000000,0.000000000
1.462499766,0.000000000,0.000000000,0.000000000,0.000000000,0.000000000,9.800000000,1.000000000,0.000000000,0.000000000,0.000000000
1.466666432,0.000000000,0.000000000,0.000000000,0.000000000,0.000000000,9.800000000,1.000000000,0.000000000,0.000000000,0.000000000
1.470833098,0.000000000,0.000000000,0.000000000,0.000000000,0.000000000,9.800000000,1.000000000,0.000000000,0.000000000,0.000000000
1.479166430,0.000000000,0.000000000,0.000000000,0.000000000,0.000000000,9.800000000,1.000000000,0.000000000,0.000000000,0.000000000
1.483333096,0.000000000,0.000000000,0.000000000,0.000000000,0.000000000,9.800000000,1.000000000,0.000000000,0.000000000,0.000000000
1.487499762,0.000000000,0.000000000,0.000000000,0.000000000,0.000000000,9.800000000,1.000000000,0.000000000,0.000000000,0.000000000
1.491666428,0.000000000,0.000000000,0.000000000,0.000000000,0.000000000,9.800000000,1.000000000,0.000000000,0.000000000,0.000000000
1.495833094,0.000000000,0.000000000,0.000000000,0.000000000,0.000000000,9.800000000,1.000000000,0.000000000,0.000000000,0.000000000
1.504166426,0.000000000,0.000000000,0.000000000,0.000000000,0.000000000,9.800000000,1.000000000,0.000000000,0.000000000,0.000000000
1.508333092,0.000000000,0.000000000,0.000000000,0.000000000,0.000000000,9.800000000,1.000000000,0.000000000,0.000000000,0.000000000
1.512499758,0.000000000,0.000000000,0.000000000,0.000000000,0.000000000,9.800000000,1.000000000,0.000000000,0.000000000,0.000000000
1.516666424,0.000000000,0.000000000,0.000000000,0.000000000,0.000000000,9.800000000,1.000000000,0.000000000,0.000000000,0.000000000
1.520833090,0.000000000,0.000000000,0.000000000,0.000000000,0.000000000,9.800000000,1.000000000,0.000000000,0.000000000,0.000000000
1.529166422,0.000000000,0.000000000,0.000000000,0.000000000,0.000000000,9.800000000,1.000000000,0.000000000,0.000000000,0.000000000
1.533333088,0.000000000,0.000000000,0.000000000,0.000000000,0.000000000,9.800000000,1.000000000,0.000000000,0.000000000,0.000000000
1.537499754,0.000000000,0.000000000,0.000000000,0.000000000,0.000000000,9.800000000,1.000000000,0.000000000,0.000000000,0.000000000
1.541666420,0.000000000,0.000000000,0.000000000,0.000000000,0.000000000,9.800000000,1.000000000,0.000000000,0.000000000,0.000000000
1.545833086,0.000000000,0.000000000,0.000000000,0.000000000,0.000000000,9.800000000,1.000000000,0.000000000,0.000000000,0.000000000
1.554166418,0.000000000,0.000000000,0.000000000,0.000000000,0.000000000,9.800000000,1.000000000,0.000000000,0.000000000,0.000000000
1.558333084,0.000000000,0.000000000,0.000000000,0.000000000,0.000000000,9.800000000,1.000000000,0.000000000,0.000000000,0.000000000
1.562499750,0.000000000,0.000000000,0.000000000,0.000000000,0.000000000,9.800000000,1.000000000,0.000000000,0.000000000,0.000000000
1.566666416,0.000000000,0.000000000,0.000000000,0.000000000,0.000000000,9.800000000,1.000000000,0.000000000,0.000000000,0.000000000
1.570833082,0.000000000,0.000000000,0.000000000,0.000000000,0.000000000,9.800000000,1.000000000,0.000000000,0.000000000,0.000000000
1.579166414,0.000000000,0.000000000,0.000000000,0.000000000,0.000000000,9.800000000,1.000000000,0.000000000,0.000000000,0.000000000
1.583333080,0.000000000,0.000000000,0.000000000,0.000000000,0.000000000,9.800000000,1.000000000,0.000000000,0.000000000,0.000000000
1.587499746,0.000000000,0.000000000,0.000000000,0.000000000,0.000000000,9.800000000,1.000000000,0.000000000,0.000000000,0.000000000
1.591666412,0.000000000,0.000000000,0.000000000,0.000000000,0.000000000,9.800000000,1.000000000,0.000000000,0.000000000,0.000000000
1.595833078,0.000000000,0.000000000,0.000000000,0.000000000,0.000000000,9.800000000,1.000000000,0.000000000,0.000000000,0.000000000
1.604166410,0.000000000,0.000000000,0.000000000,0.000000000,0.000000000,9.800000000,1.000000000,0.000000000,0.000000000,0.000000000
1.608333076,0.000000000,0.000000000,0.000000000,0.000000000,0.000000000,9.800000000,1.000000000,0.000000000,0.000000000,0.000000000
1.612499742,0.000000000,0.000000000,0.000000000,0.000000000,0.000000000,9.800000000,1.000000000,0.000000000,0.000000000,0.000000000
1.616666408,0.000000000,0.000000000,0.000000000,0.000000000,0.000000000,9.800000000,1.000000000,0.000000000,0.000000000,0.000000000
1.620833074,0.000000000,0.000000000,0.000000000,0.000000000,0.000000000,9.800000000,1.000000000,0.000000000,0.000000000,0.000000000
1.629166406,0.000000000,0.000000000,0.000000000,0.000000000,0.000000000,9.800000000,1.000000000,0.000000000,0.000000000,0.000000000
1.633333072,0.000000000,0.000000000,0.000000000,0.000000000,0.000000000,9.800000000,1.000000000,0.000000000,0.000000000,0.000000000
1.637499738,0.000000000,0.000000000,0.000000000,0.000000000,0.000000000,9.800000000,1.000000000,0.000000000,0.000000000,0.000000000
1.641666404,0.000000000,0.000000000,0.000000000,0.000000000,0.000000000,9.800000000,1.000000000,0.000000000,0.000000000,0.000000000
1.645833070,0.000000000,0.000000000,0.000000000,0.000000000,0.000000000,9.800000000,1.000000000,0.000000000,0.000000000,0.000000000
1.654166402,0.000000000,0.000000000,0.000000000,0.000000000,0.000000000,9.800000000,1.000000000,0.000000000,0.000000000,0.000000000
1.658333068,0.000000000,0.000000000,0.000000000,0.000000000,0.000000000,9.800000000,1.000000000,0.000000000,0.000000000,0.000000000
1.662499734,0.000000000,0.000000000,0.000000000,0.000000000,0.000000000,9.800000000,1.000000000,0.000000000,0.000000000,0.000000000
1.666666400,0.000000000,0.000000000,0.000000000,0.000000000,0.000000000,9.800000000,1.000000000,0.000000000,0.000000000,0.000000000
1.670833066,0.000000000,0.000000000,0.000000000,0.000000000,0.000000000,9.800000000,1.000000000,0.000000000,0.000000000,0.000000000
1.679166398,0.000000000,0.000000000,0.000000000,0.000000000,0.000000000,9.800000000,1.000000000,0.000000000,0.000000000,0.000000000
1.683333064,0.000000000,0.000000000,0.000000000,0.000000000,0.000000000,9.800000000,1.000000000,0.000000000,0.000000000,0.000000000
1.687499730,0.000000000,0.000000000,0.000000000,0.000000000,0.000000000,9.800000000,1.000000000,0.000000000,0.000000000,0.000000000
1.691666396,0.000000000,0.000000000,0.000000000,0.000000000,0.000000000,9.800000000,1.000000000,0.000000000,0.000000000,0.000000000
1.695833062,0.000000000,0.000000000,0.000000000,0.000000000,0.000000000,9.800000000,1.000000000,0.000000000,0.000000000,0.000000000
1.704166394,0.000000000,0.000000000,0.000000000,0.000000000,0.000000000,9.800000000,1.000000000,0.000000000,0.000000000,0.000000000
1.708333060,0.000000000,0.000000000,0.000000000,0.000000000,0.000000000,9.800000000,1.000000000,0.000000000,0.000000000,0.000000000
1.712499726,0.000000000,0.000000000,0.000000000,0.000000000,0.000000000,9.800000000,1.000000000,0.000000000,0.000000000,0.000000000
1.716666392,0.000000000,0.000000000,0.000000000,0.000000000,0.000000000,9.800000000,1.000000000,0.000000000,0.000000000,0.000000000
1.720833058,0.000000000,0.000000000,0.000000000,0.000000000,0.000000000,9.800000000,1.000000000,0.000000000,0.000000000,0.000000000
1.729166390,0.000000000,0.000000000,0.000000000,0.000000000,0.000000000,9.800000000,1.000000000,0.000000000,0.000000000,0.000000000
1.733333056,0.000000000,0.000000000,0.000000000,0.000000000,0.000000000,9.800000000,1.000000000,0.000000000,0.000000000,0.000000000
1.737499722,0.000000000,0.000000000,0.000000000,0.000000000,0.000000000,9.800000000,1.000000000,0.000000000,0.000000000,0.000000000
1.741666388,0.000000000,0.000000000,0.000000000,0.000000000,0.000000000,9.800000000,1.000000000,0.000000000,0.000000000,0.000000000
1.745833054,0.000000000,0.000000000,0.000000000,0.000000000,0.000000000,9.800000000,1.000000000,0.000000000,0.000000000,0.000000000
1.754166386,0.000000000,0.000000000,0.000000000,0.000000000,0.000000000,9.800000000,1.000000000,0.000000000,0.000000000,0.000000000
1.758333052,0.000000000,0.000000000,0.000000000,0.000000000,0.000000000,9.800000000,1.000000000,0.000000000,0.000000000,0.000000000
1.762499718,0.000000000,0.000000000,0.000000000,0.000000000,0.000000000,9.800000000,1.000000000,0.000000000,0.000000000,0.000000000
1.766666384,0.000000000,0.000000000,0.000000000,0.000000000,0.000000000,9.800000000,1.000000000,0.000000000,0.000000000,0.000000000
1.770833050,0.000000000,0.000000000,0.000000000,0.000000000,0.000000000,9.800000000,1.000000000,0.000000000,0.000000000,0.000000000
1.779166382,0.000000000,0.000000000,0.000000000,0.000000000,0.000000000,9.800000000,1.000000000,0.000000000,0.000000000,0.000000000
1.783333048,0.000000000,0.000000000,0.000000000,0.000000000,0.000000000,9.800000000,1.000000000,0.000000000,0.000000000,0.000000000
1.787499714,0.000000000,0.000000000,0.000000000,0.000000000,0.000000000,9.800000000,1.000000000,0.000000000,0.000000000,0.000000000
1.791666380,0.000000000,0.000000000,0.000000000,0.000000000,0.000000000,9.800000000,1.000000000,0.000000000,0.000000000,0.000000000
1.795833046,0.000000000,0.000000000,0.000000000,0.000000000,0.000000000,9.800000000,1.000000000,0.000000000,0.000000000,0.000000000
1.804166378,0.000000000,0.000000000,0.000000000,0.000000000,0.000000000,9.800000000,1.000000000,0.000000000,0.000000000,0.000000000
1.808333044,0.000000000,0.000000000,0.000000000,0.000000000,0.000000000,9.800000000,1.000000000,0.000000000,0.000000000,0.000000000
1.812499710,0.000000000,0.000000000,0.000000000,0.000000000,0.000000000,9.800000000,1.000000000,0.000000000,0.000000000,0.000000000
1.816666376,0.000000000,0.000000000,0.000000000,0.000000000,0.000000000,9.800000000,1.000000000,0.000000000,0.000000000,0.000000000
1.820833042,0.000000000,0.000000000,0.000000000,0.000000000,0.000000000,9.800000000,1.000000000,0.000000000,0.000000000,0.000000000
1.829166374,0.000000000,0.000000000,0.000000000,0.000000000,0.000000000,9.800000000,1.000000000,0.000000000,0.000000000,0.000000000
1.833333040,0.000000000,0.000000000,0.000000000,0.000000000,0.000000000,9.800000000,1.000000000,0.000000000,0.000000000,0.000000000
1.837499706,0.000000000,0.000000000,0.000000000,0.000000000,0.000000000,9.800000000,1.000000000,0.000000000,0.000000000,0.000000000
1.841666372,0.000000000,0.000000000,0.000000000,0.000000000,0.000000000,9.800000000,1.000000000,0.000000000,0.000000000,0.000000000
1.845833038,0.000000000,0.000000000,0.000000000,0.000000000,0.000000000,9.800000000,1.000000000,0.000000000,0.000000000,0.000000000
1.854166370,0.000000000,0.000000000,0.000000000,0.000000000,0.000000000,9.800000000,1.000000000,0.000000000,0.000000000,0.000000000
1.858333036,0.000000000,0.000000000,0.000000000,0.000000000,0.000000000,9.800000000,1.000000000,0.000000000,0.000000000,0.000000000
1.862499702,0.000000000,0.000000000,0.000000000,0.000000000,0.000000000,9.800000000,1.000000000,0.000000000,0.000000000,0.000000000
1.866666368,0.000000000,0.000000000,0.000000000,0.000000000,0.000000000,9.800000000,1.000000000,0.000000000,0.000000000,0.000000000
1.870833034,0.000000000,0.000000000,0.000000000,0.000000000,0.000000000,9.800000000,1.000000000,0.000000000,0.000000000,0.000000000
1.879166366,0.000000000,0.000000000,0.000000000,0.000000000,0.000000000,9.800000000,1.000000000,0.000000000,0.000000000,0.000000000
1.883333032,0.000000000,0.000000000,0.000000000,0.000000000,0.000000000,9.800000000,1.000000000,0.000000000,0.000000000,0.000000000
1.887499698,0.000000000,0.000000000,0.000000000,0.000000000,0.000000000,9.800000000,1.000000000,0.000000000,0.000000000,0.000000000
1.891666364,0.000000000,0.000000000,0.000000000,0.000000000,0.000000000,9.800000000,1.000000000,0.000000000,0.000000000,0.000000000
1.895833030,0.000000000,0.000000000,0.000000000,0.000000000,0.000000000,9.800000000,1.000000000,0.000000000,0.000000000,0.000000000
1.904166362,0.000000000,0.000000000,0.000000000,0.000000000,0.000000000,9.800000000,1.000000000,0.000000000,0.000000000,0.000000000
1.908333028,0.000000000,0.000000000,0.000000000,0.000000000,0.000000000,9.800000000,1.000000000,0.000000000,0.000000000,0.000000000
1.912499694,0.000000000,0.000000000,0.000000000,0.000000000,0.000000000,9.800000000,1.000000000,0.000000000,0.000000000,0.000000000
1.916666360,0.000000000,0.000000000,0.000000000,0.000000000,0.000000000,9.800000000,1.000000000,0.000000000,0.000000000,0.000000000
1.920833026,0.000000000,0.000000000,0.000000000,0.000000000,0.000000000,9.800000000,1.000000000,0.000000000,0.000000000,0.000000000
1.929166358,0.000000000,0.000000000,0.000000000,0.000000000,0.000000000,9.800000000,1.000000000,0.000000000,0.000000000,0.000000000
1.933333024,0.000000000,0.000000000,0.000000000,0.000000000,0.000000000,9.800000000,1.000000000,0.000000000,0.000000000,0.000000000
1.937499690,0.000000000,0.000000000,0.000000000,0.000000000,0.000000000,9.800000000,1.000000000,0.000000000,0.000000000,0.000000000
1.941666356,0.000000000,0.000000000,0.000000000,0.000000000,0.000000000,9.800000000,1.000000000,0.000000000,0.000000000,0.000000000
1.945833022,0.000000000,0.000000000,0.000000000,0.000000000,0.000000000,9.800000000,1.000000000,0.000000000,0.000000000,0.000000000
1.954166354,0.000000000,0.000000000,0.000000000,0.000000000,0.000000000,9.800000000,1.000000000,0.000000000,0.000000000,0.000000000
1.958333020,0.000000000,0.000000000,0.000000000,0.000000000,0.000000000,9.800000000,1.000000000,0.000000000,0.000000000,0.000000000
1.962499686,0.000000000,0.000000000,0.000000000,0.000000000,0.000000000,9.800000000,1.000000000,0.000000000,0.000000000,0.000000000
1.966666352,0.000000000,0.000000000,0.000000000,0.000000000,0.000000000,9.800000000,1.000000000,0.000000000,0.000000000,0.000000000
1.970833018,0.000000000,0.000000000,0.000000000,0.000000000,0.000000000,9.800000000,1.000000000,0.000000000,0.000000000,0.000000000
1.979166350,0.000000000,0.000000000,0.000000000,0.000000000,0.000000000,9.800000000,1.000000000,0.000000000,0.000000000,0.000000000
1.983333016,0.000000000,0.000000000,0.000000000,0.000000000,0.000000000,9.800000000,1.000000000,0.000000000,0.000000000,0.000000000
1.987499682,0.000000000,0.000000000,0.000000000,0.000000000,0.000000000,9.800000000,1.000000000,0.000000000,0.000000000,0.000000000
1.991666348,0.000000000,0.000000000,0.000000000,0.000000000,0.000000000,9.800000000,1.000000000,0.000000000,0.000000000,0.000000000
1.995833014,0.000000000,0.000000000,0.000000000,0.000000000,0.000000000,9.800000000,1.000000000,0.000000000,0.000000000,0.000000000
2.004166346,0.000000000,0.000000000,0.000000000,0.000000000,0.000000000,9.800000000,1.000000000,0.000000000,0.000000000,0.000000000
2.008333012,0.000000000,0.000000000,0.000000000,0.000000000,0.000000000,9.800000000,1.000000000,0.000000000,0.000000000,0.000000000
2.012499678,0.000000000,0.000000000,0.000000000,0.000000000,0.000000000,9.800000000,1.000000000,0.000000000,0.000000000,0.000000000
2.016666344,0.000000000,0.000000000,0.000000000,0.000000000,0.000000000,9.800000000,1.000000000,0.000000000,0.000000000,0.000000000
2.020833010,0.000000000,0.000000000,0.000000000,0.000000000,0.000000000,9.800000000,1.000000000,0.000000000,0.000000000,0.000000000
2.029166342,0.000000000,0.000000000,0.000000000,0.000000000,0.000000000,9.800000000,1.000000000,0.000000000,0.000000000,0.000000000
2.033333008,0.000000000,0.000000000,0.000000000,0.000000000,0.000000000,9.800000000,1.000000000,0.000000000,0.000000000,0.000000000
2.037499674,0.000000000,0.000000000,0.000000000,0.000000000,0.000000000,9.800000000,1.000000000,0.000000000,0.000000000,0.000000000
2.041666340,0.000000000,0.000000000,0.000000000,0.000000000,0.000000000,9.800000000,1.000000000,0.000000000,0.000000000,0.000000000
2.045833006,0.000000000,0.000000000,0.000000000,0.000000000,0.000000000,9.800000000,1.000000000,0.000000000,0.000000000,0.000000000
2.054166338,0.000000000,0.000000000,0.000000000,0.000000000,0.000000000,9.800000000,1.000000000,0.000000000,0.000000000,0.000000000
2.058333004,0.000000000,0.000000000,0.000000000,0.000000000,0.000000000,9.800000000,1.000000000,0.000000000,0.000000000,0.000000000
2.062499670,0.000000000,0.000000000,0.000000000,0.000000000,0.000000000,9.800000000,1.000000000,0.000000000,0.000000000,0.000000000
2.066666336,0.000000000,0.000000000,0.000000000,0.000000000,0.000000000,9.800000000,1.000000000,0.000000000,0.000000000,0.000000000
2.070833002,0.000000000,0.000000000,0.000000000,0.000000000,0.000000000,9.800000000,1.000000000,0.000000000,0.000000000,0.000000000
2.079166334,0.000000000,0.000000000,0.000000000,0.000000000,0.000000000,9.800000000,1.000000000,0.000000000,0.000000000,0.000000000
2.083333000,0.000000000,0.000000000,0.000000000,0.000000000,0.000000000,9.800000000,1.000000000,0.000000000,0.000000000,0.000000000
2.087499666,0.000000000,0.000000000,0.000000000,0.000000000,0.000000000,9.800000000,1.000000000,0.000000000,0.000000000,0.000000000
2.091666332,0.000000000,0.000000000,0.000000000,0.000000000,0.000000000,9.800000000,1.000000000,0.000000000,0.000000000,0.000000000
2.095832998,0.000000000,0.000000000,0.000000000,0.000000000,0.000000000,9.800000000,1.000000000,0.000000000,0.000000000,0.000000000
2.104166330,0.000000000,0.000000000,0.000000000,0.000000000,0.000000000,9.800000000,1.000000000,0.000000000,0.000000000,0.000000000
2.108332996,0.000000000,0.000000000,0.000000000,0.000000000,0.000000000,9.800000000,1.000000000,0.000000000,0.000000000,0.000000000
2.112499662,0.000000000,0.000000000,0.000000000,0.000000000,0.000000000,9.800000000,1.000000000,0.000000000,0.000000000,0.000000000
2.116666328,0.000000000,0.000000000,0.000000000,0.000000000,0.000000000,9.800000000,1.000000000,0.000000000,0.000000000,0.000000000
2.120832994,0.000000000,0.000000000,0.000000000,0.000000000,0.000000000,9.800000000,1.000000000,0.000000000,0.000000000,0.000000000
2.129166326,0.000000000,0.000000000,0.000000000,0.000000000,0.000000000,9.800000000,1.000000000,0.000000000,0.000000000,0.000000000
2.133332992,0.000000000,0.000000000,0.000000000,0.000000000,0.000000000,9.800000000,1.000000000,0.000000000,0.000000000,0.000000000
2.137499658,0.000000000,0.000000000,0.000000000,0.000000000,0.000000000,9.800000000,1.000000000,0.000000000,0.000000000,0.000000000
2.141666324,0.000000000,0.000000000,0.000000000,0.000000000,0.000000000,9.800000000,1.000000000,0.000000000,0.000000000,0.000000000
2.145832990,0.000000000,0.000000000,0.000000000,0.000000000,0.000000000,9.800000000,1.000000000,0.000000000,0.000000000,0.000000000
2.154166322,0.000000000,0.000000000,0.000000000,0.000000000,0.000000000,9.800000000,1.000000000,0.000000000,0.000000000,0.000000000
2.158332988,0.000000000,0.000000000,0.000000000,0.000000000,0.000000000,9.800000000,1.000000000,0.000000000,0.000000000,0.000000000
2.162499654,0.000000000,0.000000000,0.000000000,0.000000000,0.000000000,9.800000000,1.000000000,0.000000000,0.000000000,0.000000000
2.166666320,0.000000000,0.000000000,0.000000000,0.000000000,0.000000000,9.800000000,1.000000000,0.000000000,0.000000000,0.000000000
2.170832986,0.000000000,0.000000000,0.000000000,0.000000000,0.000000000,9.800000000,1.000000000,0.000000000,0.000000000,0.000000000
2.179166318,0.000000000,0.000000000,0.000000000,0.000000000,0.000000000,9.800000000,1.000000000,0.000000000,0.000000000,0.000000000
2.183332984,0.000000000,0.000000000,0.000000000,0.000000000,0.000000000,9.800000000,1.000000000,0.000000000,0.000000000,0.000000000
2.187499650,0.000000000,0.000000000,0.000000000,0.000000000,0.000000000,9.800000000,1.000000000,0.000000000,0.000000000,0.000000000
2.191666316,0.000000000,0.000000000,0.000000000,0.000000000,0.000000000,9.800000000,1.000000000,0.000000000,0.000000000,0.000000000
2.195832982,0.000000000,0.000000000,0.000000000,0.000000000,0.000000000,9.800000000,1.000000000,0.000000000,0.000000000,0.000000000
2.204166314,0.000000000,0.000000000,0.000000000,0.000000000,0.000000000,9.800000000,1.000000000,0.000000000,0.000000000,0.000000000
2.208332980,0.000000000,0.000000000,0.000000000,0.000000000,0.000000000,9.800000000,1.000000000,0.000000000,0.000000000,0.000000000
2.212499646,0.000000000,0.000000000,0.000000000,0.000000000,0.000000000,9.800000000,1.000000000,0.000000000,0.000000000,0.000000000
2.216666312,0.000000000,0.000000000,0.000000000,0.000000000,0.000000000,9.800000000,1.000000000,0.000000000,0.000000000,0.000000000
2.220832978,0.000000000,0.000000000,0.000000000,0.000000000,0.000000000,9.800000000,1.000000000,0.000000000,0.000000000,0.000000000
2.229166310,0.000000000,0.000000000,0.000000000,0.000000000,0.000000000,9.800000000,1.000000000,0.000000000,0.000000000,0.000000000
2.233332976,0.000000000,0.000000000,0.000000000,0.000000000,0.000000000,9.800000000,1.000000000,0.000000000,0.000000000,0.000000000
2.237499642,0.000000000,0.000000000,0.000000000,0.000000000,0.000000000,9.800000000,1.000000000,0.000000000,0.000000000,0.000000000
2.241666308,0.000000000,0.000000000,0.000000000,0.000000000,0.000000000,9.800000000,1.000000000,0.000000000,0.000000000,0.000000000
2.245832974,0.000000000,0.000000000,0.000000000,0.000000000,0.000000000,9.800000000,1.000000000,0.000000000,0.000000000,0.000000000
2.254166306,0.000000000,0.000000000,0.000000000,0.000000000,0.000000000,9.800000000,1.000000000,0.000000000,0.000000000,0.000000000
2.258332972,0.000000000,0.000000000,0.000000000,0.000000000,0.000000000,9.800000000,1.000000000,0.000000000,0.000000000,0.000000000
2.262499638,0.000000000,0.000000000,0.000000000,0.000000000,0.000000000,9.800000000,1.000000000,0.000000000,0.000000000,0.000000000
2.266666304,0.000000000,0.000000000,0.000000000,0.000000000,0.000000000,9.800000000,1.000000000,0.000000000,0.000000000,0.000000000
2.270832970,0.000000000,0.000000000,0.000000000,0.000000000,0.000000000,9.800000000,1.000000000,0.000000000,0.000000000,0.000000000
2.279166302,0.000000000,0.000000000,0.000000000,0.000000000,0.000000000,9.800000000,1.000000000,0.000000000,0.000000000,0.000000000
2.283332968,0.000000000,0.000000000,0.000000000,0.000000000,0.000000000,9.800000000,1.000000000,0.000000000,0.000000000,0.000000000
2.287499634,0.000000000,0.000000000,0.000000000,0.000000000,0.000000000,9.800000000,1.000000000,0.000000000,0.000000000,0.000000000
2.291666300,0.000000000,0.000000000,0.000000000,0.000000000,0.000000000,9.800000000,1.000000000,0.000000000,0.000000000,0.000000000
2.295832966,0.000000000,0.000000000,0.000000000,0.000000000,0.000000000,9.800000000,1.000000000,0.000000000,0.000000000,0.000000000
2.304166298,0.000000000,0.000000000,0.000000000,0.000000000,0.000000000,9.800000000,1.000000000,0.000000000,0.000000000,0.000000000
2.308332964,0.000000000,0.000000000,0.000000000,0.000000000,0.000000000,9.800000000,1.000000000,0.000000000,0.000000000,0.000000000
2.312499630,0.000000000,0.000000000,0.000000000,0.000000000,0.000000000,9.800000000,1.000000000,0.000000000,0.000000000,0.000000000
2.316666296,0.000000000,0.000000000,0.000000000,0.000000000,0.000000000,9.800000000,1.000000000,0.000000000,0.000000000,0.000000000
2.320832962,0.000000000,0.000000000,0.000000000,0.000000000,0.000000000,9.800000000,1.000000000,0.000000000,0.000000000,0.000000000
2.329166294,0.000000000,0.000000000,0.000000000,0.000000000,0.000000000,9.800000000,1.000000000,0.000000000,0.000000000,0.000000000
2.333332960,0.000000000,0.000000000,0.000000000,0.000000000,0.000000000,9.800000000,1.000000000,0.000000000,0.000000000,0.000000000
2.337499626,0.000000000,0.000000000,0.000000000,0.000000000,0.000000000,9.800000000,1.000000000,0.000000000,0.000000000,0.000000000
2.341666292,0.000000000,0.000000000,0.000000000,0.000000000,0.000000000,9.800000000,1.000000000,0.000000000,0.000000000,0.000000000
2.345832958,0.000000000,0.000000000,0.000000000,0.000000000,0.000000000,9.800000000,1.000000000,0.000000000,0.000000000,0.000000000
2.354166290,0.000000000,0.000000000,0.000000000,0.000000000,0.000000000,9.800000000,1.000000000,0.000000000,0.000000000,0.000000000
2.358332956,0.000000000,0.000000000,0.000000000,0.000000000,0.000000000,9.800000000,1.000000000,0.000000000,0.000000000,0.000000000
2.362499622,0.000000000,0.000000000,0.000000000,0.000000000,0.000000000,9.800000000,1.000000000,0.000000000,0.000000000,0.000000000
2.366666288,0.000000000,0.000000000,0.000000000,0.000000000,0.000000000,9.800000000,1.000000000,0.000000000,0.000000000,0.000000000
2.370832954,0.000000000,0.000000000,0.000000000,0.000000000,0.000000000,9.800000000,1.000000000,0.000000000,0.000000000,0.000000000
2.379166286,0.000000000,0.000000000,0.000000000,0.000000000,0.000000000,9.800000000,1.000000000,0.000000000,0.000000000,0.000000000
2.383332952,0.000000000,0.000000000,0.000000000,0.000000000,0.000000000,9.800000000,1.000000000,0.000000000,0.000000000,0.000000000
2.387499618,0.000000000,0.000000000,0.000000000,0.000000000,0.000000000,9.800000000,1.000000000,0.000000000,0.000000000,0.000000000
2.391666284,0.000000000,0.000000000,0.000000000,0.000000000,0.000000000,9.800000000,1.000000000,0.000000000,0.000000000,0.000000000
2.395832950,0.000000000,0.000000000,0.000000000,0.000000000,0.000000000,9.800000000,1.000000000,0.000000000,0.000000000,0.000000000
2.404166282,0.000000000,0.000000000,0.000000000,0.000000000,0.000000000,9.800000000,1.000000000,0.000000000,0.000000000,0.000000000
2.408332948,0.000000000,0.000000000,0.000000000,0.000000000,0.000000000,9.800000000,1.000000000,0.000000000,0.000000000,0.000000000
2.412499614,0.000000000,0.000000000,0.000000000,0.000000000,0.000000000,9.800000000,1.000000000,0.000000000,0.000000000,0.000000000
2.416666280,0.000000000,0.000000000,0.000000000,0.000000000,0.000000000,9.800000000,1.000000000,0.000000000,0.000000000,0.000000000
2.420832946,0.000000000,0.000000000,0.000000000,0.000000000,0.000000000,9.800000000,1.000000000,0.000000000,0.000000000,0.000000000
2.429166278,0.000000000,0.000000000,0.000000000,0.000000000,0.000000000,9.800000000,1.000000000,0.000000000,0.000000000,0.000000000
2.433332944,0.000000000,0.000000000,0.000000000,0.000000000,0.000000000,9.800000000,1.000000000,0.000000000,0.000000000,0.000000000
2.437499610,0.000000000,0.000000000,0.000000000,0.000000000,0.000000000,9.800000000,1.000000000,0.000000000,0.000000000,0.000000000
2.441666276,0.000000000,0.000000000,0.000000000,0.000000000,0.000000000,9.800000000,1.000000000,0.000000000,0.000000000,0.000000000
2.445832942,0.000000000,0.000000000,0.000000000,0.000000000,0.000000000,9.800000000,1.000000000,0.000000000,0.000000000,0.000000000
2.454166274,0.000000000,0.000000000,0.000000000,0.000000000,0.000000000,9.800000000,1.000000000,0.000000000,0.000000000,0.000000000
2.458332940,0.000000000,0.000000000,0.000000000,0.000000000,0.000000000,9.800000000,1.000000000,0.000000000,0.000000000,0.000000000
2.462499606,0.000000000,0.000000000,0.000000000,0.000000000,0.000000000,9.800000000,1.000000000,0.000000000,0.000000000,0.000000000
2.466666272,0.000000000,0.000000000,0.000000000,0.000000000,0.000000000,9.800000000,1.000000000,0.000000000,0.000000000,0.000000000
2.470832938,0.000000000,0.000000000,0.000000000,0.000000000,0.000000000,9.800000000,1.000000000,0.000000000,0.000000000,0.000000000
2.479166270,0.000000000,0.000000000,0.000000000,0.000000000,0.000000000,9.800000000,1.000000000,0.000000000,0.000000000,0.000000000
2.483332936,0.000000000,0.000000000,0.000000000,0.000000000,0.000000000,9.800000000,1.000000000,0.000000000,0.000000000,0.000000000
2.487499602,0.000000000,0.000000000,0.000000000,0.000000000,0.000000000,9.800000000,1.000000000,0.000000000,0.000000000,0.000000000
2.491666268,0.000000000,0.000000000,0.000000000,0.000000000,0.000000000,9.800000000,1.000000000,0.000000000,0.000000000,0.000000000
2.495832934,0.000000000,0.000000000,0.000000000,0.000000000,0.000000000,9.800000000,1.000000000,0.000000000,0.000000000,0.000000000
2.504166266,0.000000000,0.000000000,0.000000000,0.000000000,0.000000000,9.800000000,1.000000000,0.000000000,0.000000000,0.000000000
2.508332932,0.000000000,0.000000000,0.000000000,0.000000000,0.000000000,9.800000000,1.000000000,0.000000000,0.000000000,0.000000000
2.512499598,0.000000000,0.000000000,0.000000000,0.000000000,0.000000000,9.800000000,1.000000000,0.000000000,0.000000000,0.000000000
2.516666264,0.000000000,0.000000000,0.000000000,0.000000000,0.000000000,9.800000000,1.000000000,0.000000000,0.000000000,0.000000000
2.520832930,0.000000000,0.000000000,0.000000000,0.000000000,0.000000000,9.800000000,1.000000000,0.000000000,0.000000000,0.000000000
2.529166262,0.000000000,0.000000000,0.000000000,0.000000000,0.000000000,9.800000000,1.000000000,0.000000000,0.000000000,0.000000000
2.533332928,0.000000000,0.000000000,0.000000000,0.000000000,0.000000000,9.800000000,1.000000000,0.000000000,0.000000000,0.000000000
2.537499594,0.000000000,0.000000000,0.000000000,0.000000000,0.000000000,9.800000000,1.000000000,0.000000000,0.000000000,0.000000000
2.541666260,0.000000000,0.000000000,0.000000000,0.000000000,0.000000000,9.800000000,1.000000000,0.000000000,0.000000000,0.000000000
2.545832926,0.000000000,0.000000000,0.000000000,0.000000000,0.000000000,9.800000000,1.000000000,0.000000000,0.000000000,0.000000000
2.554166258,0.000000000,0.000000000,0.000000000,0.000000000,0.000000000,9.800000000,1.000000000,0.000000000,0.000000000,0.000000000
2.558332924,0.000000000,0.000000000,0.000000000,0.000000000,0.000000000,9.800000000,1.000000000,0.000000000,0.000000000,0.000000000
2.562499590,0.000000000,0.000000000,0.000000000,0.000000000,0.000000000,9.800000000,1.000000000,0.000000000,0.000000000,0.000000000
2.566666256,0.000000000,0.000000000,0.000000000,0.000000000,0.000000000,9.800000000,1.000000000,0.000000000,0.000000000,0.000000000
2.570832922,0.000000000,0.000000000,0.000000000,0.000000000,0.000000000,9.800000000,1.000000000,0.000000000,0.000000000,0.000000000
2.579166254,0.000000000,0.000000000,0.000000000,0.000000000,0.000000000,9.800000000,1.000000000,0.000000000,0.000000000,0.000000000
2.583332920,0.000000000,0.000000000,0.000000000,0.000000000,0.000000000,9.800000000,1.000000000,0.000000000,0.000000000,0.000000000
2.587499586,0.000000000,0.000000000,0.000000000,0.000000000,0.000000000,9.800000000,1.000000000,0.000000000,0.000000000,0.000000000
2.591666252,0.000000000,0.000000000,0.000000000,0.000000000,0.000000000,9.800000000,1.000000000,0.000000000,0.000000000,0.000000000
2.595832918,0.000000000,0.000000000,0.000000000,0.000000000,0.000000000,9.800000000,1.000000000,0.000000000,0.000000000,0.000000000
2.604166250,0.000000000,0.000000000,0.000000000,0.000000000,0.000000000,9.800000000,1.000000000,0.000000000,0.000000000,0.000000000
2.608332916,0.000000000,0.000000000,0.000000000,0.000000000,0.000000000,9.800000000,1.000000000,0.000000000,0.000000000,0.000000000
2.612499582,0.000000000,0.000000000,0.000000000,0.000000000,0.000000000,9.800000000,1.000000000,0.000000000,0.000000000,0.000000000
2.616666248,0.000000000,0.000000000,0.000000000,0.000000000,0.000000000,9.800000000,1.000000000,0.000000000,0.000000000,0.000000000
2.620832914,0.000000000,0.000000000,0.000000000,0.000000000,0.000000000,9.800000000,1.000000000,0.000000000,0.000000000,0.000000000
2.629166246,0.000000000,0.000000000,0.000000000,0.000000000,0.000000000,9.800000000,1.000000000,0.000000000,0.000000000,0.000000000
2.633332912,0.000000000,0.000000000,0.000000000,0.000000000,0.000000000,9.800000000,1.000000000,0.000000000,0.000000000,0.000000000
2.637499578,0.000000000,0.000000000,0.000000000,0.000000000,0.000000000,9.800000000,1.000000000,0.000000000,0.000000000,0.000000000
2.641666244,0.000000000,0.000000000,0.000000000,0.000000000,0.000000000,9.800000000,1.000000000,0.000000000,0.000000000,0.000000000
2.645832910,0.000000000,0.000000000,0.000000000,0.000000000,0.000000000,9.800000000,1.000000000,0.000000000,0.000000000,0.000000000
2.654166242,0.000000000,0.000000000,0.000000000,0.000000000,0.000000000,9.800000000,1.000000000,0.000000000,0.000000000,0.000000000
2.658332908,0.000000000,0.000000000,0.000000000,0.000000000,0.000000000,9.800000000,1.000000000,0.000000000,0.000000000,0.000000000
2.662499574,0.000000000,0.000000000,0.000000000,0.000000000,0.000000000,9.800000000,1.000000000,0.000000000,0.000000000,0.000000000
2.666666240,0.000000000,0.000000000,0.000000000,0.000000000,0.000000000,9.800000000,1.000000000,0.000000000,0.000000000,0.000000000
2.670832906,0.000000000,0.000000000,0.000000000,0.000000000,0.000000000,9.800000000,1.000000000,0.000000000,0.000000000,0.000000000
2.679166238,0.000000000,0.000000000,0.000000000,0.000000000,0.000000000,9.800000000,1.000000000,0.000000000,0.000000000,0.000000000
2.683332904,0.000000000,0.000000000,0.000000000,0.000000000,0.000000000,9.800000000,1.000000000,0.000000000,0.000000000,0.000000000
2.687499570,0.000000000,0.000000000,0.000000000,0.000000000,0.000000000,9.800000000,1.000000000,0.000000000,0.000000000,0.000000000
2.691666236,0.000000000,0.000000000,0.000000000,0.000000000,0.000000000,9.800000000,1.000000000,0.000000000,0.000000000,0.000000000
2.695832902,0.000000000,0.000000000,0.000000000,0.000000000,0.000000000,9.800000000,1.000000000,0.000000000,0.000000000,0.000000000
2.704166234,0.000000000,0.000000000,0.000000000,0.000000000,0.000000000,9.800000000,1.000000000,0.000000000,0.000000000,0.000000000
2.708332900,0.000000000,0.000000000,0.000000000,0.000000000,0.000000000,9.800000000,1.000000000,0.000000000,0.000000000,0.000000000
2.712499566,0.000000000,0.000000000,0.000000000,0.000000000,0.000000000,9.800000000,1.000000000,0.000000000,0.000000000,0.000000000
2.716666232,0.000000000,0.000000000,0.000000000,0.000000000,0.000000000,9.800000000,1.000000000,0.000000000,0.000000000,0.000000000
2.720832898,0.000000000,0.000000000,0.000000000,0.000000000,0.000000000,9.800000000,1.000000000,0.000000000,0.000000000,0.000000000
2.729166230,0.000000000,0.000000000,0.000000000,0.000000000,0.000000000,9.800000000,1.000000000,0.000000000,0.000000000,0.000000000
2.733332896,0.000000000,0.000000000,0.000000000,0.000000000,0.000000000,9.800000000,1.000000000,0.000000000,0.000000000,0.000000000
2.737499562,0.000000000,0.000000000,0.000000000,0.000000000,0.000000000,9.800000000,1.000000000,0.000000000,0.000000000,0.000000000
2.741666228,0.000000000,0.000000000,0.000000000,0.000000000,0.000000000,9.800000000,1.000000000,0.000000000,0.000000000,0.000000000
2.745832894,0.000000000,0.000000000,0.000000000,0.000000000,0.000000000,9.800000000,1.000000000,0.000000000,0.000000000,0.000000000
2.754166226,0.000000000,0.000000000,0.000000000,0.000000000,0.000000000,9.800000000,1.000000000,0.000000000,0.000000000,0.000000000
2.758332892,0.000000000,0.000000000,0.000000000,0.000000000,0.000000000,9.800000000,1.000000000,0.000000000,0.000000000,0.000000000
2.762499558,0.000000000,0.000000000,0.000000000,0.000000000,0.000000000,9.800000000,1.000000000,0.000000000,0.000000000,0.000000000
2.766666224,0.000000000,0.000000000,0.000000000,0.000000000,0.000000000,9.800000000,1.000000000,0.000000000,0.000000000,0.000000000
2.770832890,0.000000000,0.000000000,0.000000000,0.000000000,0.000000000,9.800000000,1.000000000,0.000000000,0.000000000,0.000000000
2.779166222,0.000000000,0.000000000,0.000000000,0.000000000,0.000000000,9.800000000,1.000000000,0.000000000,0.000000000,0.000000000
2.783332888,0.000000000,0.000000000,0.000000000,0.000000000,0.000000000,9.800000000,1.000000000,0.000000000,0.000000000,0.000000000
2.787499554,0.000000000,0.000000000,0.000000000,0.000000000,0.000000000,9.800000000,1.000000000,0.000000000,0.000000000,0.000000000
2.791666220,0.000000000,0.000000000,0.000000000,0.000000000,0.000000000,9.800000000,1.000000000,0.000000000,0.000000000,0.000000000
2.795832886,0.000000000,0.000000000,0.000000000,0.000000000,0.000000000,9.800000000,1.000000000,0.000000000,0.000000000,0.000000000
2.804166218,0.000000000,0.000000000,0.000000000,0.000000000,0.000000000,9.800000000,1.000000000,0.000000000,0.000000000,0.000000000
2.808332884,0.000000000,0.000000000,0.000000000,0.000000000,0.000000000,9.800000000,1.000000000,0.000000000,0.000000000,0.000000000
2.812499550,0.000000000,0.000000000,0.000000000,0.000000000,0.000000000,9.800000000,1.000000000,0.000000000,0.000000000,0.000000000
2.816666216,0.000000000,0.000000000,0.000000000,0.000000000,0.000000000,9.800000000,1.000000000,0.000000000,0.000000000,0.000000000
2.820832882,0.000000000,0.000000000,0.000000000,0.000000000,0.000000000,9.800000000,1.000000000,0.000000000,0.000000000,0.000000000
2.829166214,0.000000000,0.000000000,0.000000000,0.000000000,0.000000000,9.800000000,1.000000000,0.000000000,0.000000000,0.000000000
2.833332880,0.000000000,0.000000000,0.000000000,0.000000000,0.000000000,9.800000000,1.000000000,0.000000000,0.000000000,0.000000000
2.837499546,0.000000000,0.000000000,0.000000000,0.000000000,0.000000000,9.800000000,1.000000000,0.000000000,0.000000000,0.000000000
2.841666212,0.000000000,0.000000000,0.000000000,0.000000000,0.000000000,9.800000000,1.000000000,0.000000000,0.000000000,0.000000000
2.845832878,0.000000000,0.000000000,0.000000000,0.000000000,0.000000000,9.800000000,1.000000000,0.000000000,0.000000000,0.000000000
2.854166210,0.000000000,0.000000000,0.000000000,0.000000000,0.000000000,9.800000000,1.000000000,0.000000000,0.000000000,0.000000000
2.858332876,0.000000000,0.000000000,0.000000000,0.000000000,0.000000000,9.800000000,1.000000000,0.000000000,0.000000000,0.000000000
2.862499542,0.000000000,0.000000000,0.000000000,0.000000000,0.000000000,9.800000000,1.000000000,0.000000000,0.000000000,0.000000000
2.866666208,0.000000000,0.000000000,0.000000000,0.000000000,0.000000000,9.800000000,1.000000000,0.000000000,0.000000000,0.000000000
2.870832874,0.000000000,0.000000000,0.000000000,0.000000000,0.000000000,9.800000000,1.000000000,0.000000000,0.000000000,0.000000000
2.879166206,0.000000000,0.000000000,0.000000000,0.000000000,0.000000000,9.800000000,1.000000000,0.000000000,0.000000000,0.000000000
2.883332872,0.000000000,0.000000000,0.000000000,0.000000000,0.000000000,9.800000000,1.000000000,0.000000000,0.000000000,0.000000000
2.887499538,0.000000000,0.000000000,0.000000000,0.000000000,0.000000000,9.800000000,1.000000000,0.000000000,0.000000000,0.000000000
2.891666204,0.000000000,0.000000000,0.000000000,0.000000000,0.000000000,9.800000000,1.000000000,0.000000000,0.000000000,0.000000000
2.895832870,0.000000000,0.000000000,0.000000000,0.000000000,0.000000000,9.800000000,1.000000000,0.000000000,0.000000000,0.000000000
2.904166202,0.000000000,0.000000000,0.000000000,0.000000000,0.000000000,9.800000000,1.000000000,0.000000000,0.000000000,0.000000000
2.908332868,0.000000000,0.000000000,0.000000000,0.000000000,0.000000000,9.800000000,1.000000000,0.000000000,0.000000000,0.000000000
2.912499534,0.000000000,0.000000000,0.000000000,0.000000000,0.000000000,9.800000000,1.000000000,0.000000000,0.000000000,0.000000000
2.916666200,0.000000000,0.000000000,0.000000000,0.000000000,0.000000000,9.800000000,1.000000000,0.000000000,0.000000000,0.000000000
2.920832866,0.000000000,0.000000000,0.000000000,0.000000000,0.000000000,9.800000000,1.000000000,0.000000000,0.000000000,0.000000000
2.929166198,0.000000000,0.000000000,0.000000000,0.000000000,0.000000000,9.800000000,1.000000000,0.000000000,0.000000000,0.000000000
2.933332864,0.000000000,0.000000000,0.000000000,0.000000000,0.000000000,9.800000000,1.000000000,0.000000000,0.000000000,0.000000000
2.937499530,0.000000000,0.000000000,0.000000000,0.000000000,0.000000000,9.800000000,1.000000000,0.000000000,0.000000000,0.000000000
2.941666196,0.000000000,0.000000000,0.000000000,0.000000000,0.000000000,9.800000000,1.000000000,0.000000000,0.000000000,0.000000000
2.945832862,0.000000000,0.000000000,0.000000000,0.000000000,0.000000000,9.800000000,1.000000000,0.000000000,0.000000000,0.000000000
2.954166194,0.000000000,0.000000000,0.000000000,0.000000000,0.000000000,9.800000000,1.000000000,0.000000000,0.000000000,0.000000000
2.958332860,0.000000000,0.000000000,0.000000000,0.000000000,0.000000000,9.800000000,1.000000000,0.000000000,0.000000000,0.000000000
2.962499526,0.000000000,0.000000000,0.000000000,0.000000000,0.000000000,9.800000000,1.000000000,0.000000000,0.000000000,0.000000000
2.966666192,0.000000000,0.000000000,0.000000000,0.000000000,0.000000000,9.800000000,1.000000000,0.000000000,0.000000000,0.000000000
2.970832858,0.000000000,0.000000000,0.000000000,0.000000000,0.000000000,9.800000000,1.000000000,0.000000000,0.000000000,0.000000000
2.979166190,0.000000000,0.000000000,0.000000000,0.000000000,0.000000000,9.800000000,1.000000000,0.000000000,0.000000000,0.000000000
2.983332856,0.000000000,0.000000000,0.000000000,0.000000000,0.000000000,9.800000000,1.000000000,0.000000000,0.000000000,0.000000000
2.987499522,0.000000000,0.000000000,0.000000000,0.000000000,0.000000000,9.800000000,1.000000000,0.000000000,0.000000000,0.000000000
2.991666188,0.000000000,0.000000000,0.000000000,0.000000000,0.000000000,9.800000000,1.000000000,0.000000000,0.000000000,0.000000000
2.995832854,0.000000000,0.000000000,0.000000000,0.000000000,0.000000000,9.800000000,1.000000000,0.000000000,0.000000000,0.000000000
3.004166186,0.000000000,0.000000000,0.000000000,0.000000000,0.000000000,9.800000000,1.000000000,0.000000000,0.000000000,0.000000000
3.008332852,0.000000000,0.000000000,0.000000000,0.000000000,0.000000000,9.800000000,1.000000000,0.000000000,0.000000000,0.000000000
3.012499518,0.000000000,0.000000000,0.000000000,0.000000000,0.000000000,9.800000000,1.000000000,0.000000000,0.000000000,0.000000000
3.016666184,0.000000000,0.000000000,0.000000000,0.000000000,0.000000000,9.800000000,1.000000000,0.000000000,0.000000000,0.000000000
3.020832850,0.000000000,0.000000000,0.000000000,0.000000000,0.000000000,9.800000000,1.000000000,0.000000000,0.000000000,0.000000000
3.029166182,0.000000000,0.000000000,0.000000000,0.000000000,0.000000000,9.800000000,1.000000000,0.000000000,0.000000000,0.000000000
3.033332848,0.000000000,0.000000000,0.000000000,0.000000000,0.000000000,9.800000000,1.000000000,0.000000000,0.000000000,0.000000000
3.037499514,0.000000000,0.000000000,0.000000000,0.000000000,0.000000000,9.800000000,1.000000000,0.000000000,0.000000000,0.000000000
3.041666180,0.000000000,0.000000000,0.000000000,0.000000000,0.000000000,9.800000000,1.000000000,0.000000000,0.000000000,0.000000000
3.045832846,0.000000000,0.000000000,0.000000000,0.000000000,0.000000000,9.800000000,1.000000000,0.000000000,0.000000000,0.000000000
3.054166178,0.000000000,0.000000000,0.000000000,0.000000000,0.000000000,9.800000000,1.000000000,0.000000000,0.000000000,0.000000000
3.058332844,0.000000000,0.000000000,0.000000000,0.000000000,0.000000000,9.800000000,1.000000000,0.000000000,0.000000000,0.000000000
3.062499510,0.000000000,0.000000000,0.000000000,0.000000000,0.000000000,9.800000000,1.000000000,0.000000000,0.000000000,0.000000000
3.066666176,0.000000000,0.000000000,0.000000000,0.000000000,0.000000000,9.800000000,1.000000000,0.000000000,0.000000000,0.000000000
3.070832842,0.000000000,0.000000000,0.000000000,0.000000000,0.000000000,9.800000000,1.000000000,0.000000000,0.000000000,0.000000000
3.079166174,0.000000000,0.000000000,0.000000000,0.000000000,0.000000000,9.800000000,1.000000000,0.000000000,0.000000000,0.000000000
3.083332840,0.000000000,0.000000000,0.000000000,0.000000000,0.000000000,9.800000000,1.000000000,0.000000000,0.000000000,0.000000000
3.087499506,0.000000000,0.000000000,0.000000000,0.000000000,0.000000000,9.800000000,1.000000000,0.000000000,0.000000000,0.000000000
3.091666172,0.000000000,0.000000000,0.000000000,0.000000000,0.000000000,9.800000000,1.000000000,0.000000000,0.000000000,0.000000000
3.095832838,0.000000000,0.000000000,0.000000000,0.000000000,0.000000000,9.800000000,1.000000000,0.000000000,0.000000000,0.000000000
3.104166170,0.000000000,0.000000000,0.000000000,0.000000000,0.000000000,9.800000000,1.000000000,0.000000000,0.000000000,0.000000000
3.108332836,0.000000000,0.000000000,0.000000000,0.000000000,0.000000000,9.800000000,1.000000000,0.000000000,0.000000000,0.000000000
3.112499502,0.000000000,0.000000000,0.000000000,0.000000000,0.000000000,9.800000000,1.000000000,0.000000000,0.000000000,0.000000000
3.116666168,0.000000000,0.000000000,0.000000000,0.000000000,0.000000000,9.800000000,1.000000000,0.000000000,0.000000000,0.000000000
3.120832834,0.000000000,0.000000000,0.000000000,0.000000000,0.000000000,9.800000000,1.000000000,0.000000000,0.000000000,0.000000000
3.129166166,0.000000000,0.000000000,0.000000000,0.000000000,0.000000000,9.800000000,1.000000000,0.000000000,0.000000000,0.000000000
3.133332832,0.000000000,0.000000000,0.000000000,0.000000000,0.000000000,9.800000000,1.000000000,0.000000000,0.000000000,0.000000000
3.137499498,0.000000000,0.000000000,0.000000000,0.000000000,0.000000000,9.800000000,1.000000000,0.000000000,0.000000000,0.000000000
3.141666164,0.000000000,0.000000000,0.000000000,0.000000000,0.000000000,9.800000000,1.000000000,0.000000000,0.000000000,0.000000000
3.145832830,0.000000000,0.000000000,0.000000000,0.000000000,0.000000000,9.800000000,1.000000000,0.000000000,0.000000000,0.000000000
3.154166162,0.000000000,0.000000000,0.000000000,0.000000000,0.000000000,9.800000000,1.000000000,0.000000000,0.000000000,0.000000000
3.158332828,0.000000000,0.000000000,0.000000000,0.000000000,0.000000000,9.800000000,1.000000000,0.000000000,0.000000000,0.000000000
3.162499494,0.000000000,0.000000000,0.000000000,0.000000000,0.000000000,9.800000000,1.000000000,0.000000000,0.000000000,0.000000000
3.166666160,0.000000000,0.000000000,0.000000000,0.000000000,0.000000000,9.800000000,1.000000000,0.000000000,0.000000000,0.000000000
3.170832826,0.000000000,0.000000000,0.000000000,0.000000000,0.000000000,9.800000000,1.000000000,0.000000000,0.000000000,0.000000000
3.179166158,0.000000000,0.000000000,0.000000000,0.000000000,0.000000000,9.800000000,1.000000000,0.000000000,0.000000000,0.000000000
3.183332824,0.000000000,0.000000000,0.000000000,0.000000000,0.000000000,9.800000000,1.000000000,0.000000000,0.000000000,0.000000000
3.187499490,0.000000000,0.000000000,0.000000000,0.000000000,0.000000000,9.800000000,1.000000000,0.000000000,0.000000000,0.000000000
3.191666156,0.000000000,0.000000000,0.000000000,0.000000000,0.000000000,9.800000000,1.000000000,0.000000000,0.000000000,0.000000000
3.195832822,0.000000000,0.000000000,0.000000000,0.000000000,0.000000000,9.800000000,1.000000000,0.000000000,0.000000000,0.000000000
3.204166154,0.000000000,0.000000000,0.000000000,0.000000000,0.000000000,9.800000000,1.000000000,0.000000000,0.000000000,0.000000000
3.208332820,0.000000000,0.000000000,0.000000000,0.000000000,0.000000000,9.800000000,1.000000000,0.000000000,0.000000000,0.000000000
3.212499486,0.000000000,0.000000000,0.000000000,0.000000000,0.000000000,9.800000000,1.000000000,0.000000000,0.000000000,0.000000000
3.216666152,0.000000000,0.000000000,0.000000000,0.000000000,0.000000000,9.800000000,1.000000000,0.000000000,0.000000000,0.000000000
3.220832818,0.000000000,0.000000000,0.000000000,0.000000000,0.000000000,9.800000000,1.000000000,0.000000000,0.000000000,0.000000000
3.229166150,0.000000000,0.000000000,0.000000000,0.000000000,0.000000000,9.800000000,1.000000000,0.000000000,0.000000000,0.000000000
3.233332816,0.000000000,0.000000000,0.000000000,0.000000000,0.000000000,9.800000000,1.000000000,0.000000000,0.000000000,0.000000000
3.237499482,0.000000000,0.000000000,0.000000000,0.000000000,0.000000000,9.800000000,1.000000000,0.000000000,0.000000000,0.000000000
3.241666148,0.000000000,0.000000000,0.000000000,0.000000000,0.000000000,9.800000000,1.000000000,0.000000000,0.000000000,0.000000000
3.245832814,0.000000000,0.000000000,0.000000000,0.000000000,0.000000000,9.800000000,1.000000000,0.000000000,0.000000000,0.000000000
3.254166146,0.000000000,0.000000000,0.000000000,0.000000000,0.000000000,9.800000000,1.000000000,0.000000000,0.000000000,0.000000000
3.258332812,0.000000000,0.000000000,0.000000000,0.000000000,0.000000000,9.800000000,1.000000000,0.000000000,0.000000000,0.000000000
3.262499478,0.000000000,0.000000000,0.000000000,0.000000000,0.000000000,9.800000000,1.000000000,0.000000000,0.000000000,0.000000000
3.266666144,0.000000000,0.000000000,0.000000000,0.000000000,0.000000000,9.800000000,1.000000000,0.000000000,0.000000000,0.000000000
3.270832810,0.000000000,0.000000000,0.000000000,0.000000000,0.000000000,9.800000000,1.000000000,0.000000000,0.000000000,0.000000000
3.279166142,0.000000000,0.000000000,0.000000000,0.000000000,0.000000000,9.800000000,1.000000000,0.000000000,0.000000000,0.000000000
3.283332808,0.000000000,0.000000000,0.000000000,0.000000000,0.000000000,9.800000000,1.000000000,0.000000000,0.000000000,0.000000000
3.287499474,0.000000000,0.000000000,0.000000000,0.000000000,0.000000000,9.800000000,1.000000000,0.000000000,0.000000000,0.000000000
3.291666140,0.000000000,0.000000000,0.000000000,0.000000000,0.000000000,9.800000000,1.000000000,0.000000000,0.000000000,0.000000000
3.295832806,0.000000000,0.000000000,0.000000000,0.000000000,0.000000000,9.800000000,1.000000000,0.000000000,0.000000000,0.000000000
3.304166138,0.000000000,0.000000000,0.000000000,0.000000000,0.000000000,9.800000000,1.000000000,0.000000000,0.000000000,0.000000000
3.308332804,0.000000000,0.000000000,0.000000000,0.000000000,0.000000000,9.800000000,1.000000000,0.000000000,0.000000000,0.000000000
3.312499470,0.000000000,0.000000000,0.000000000,0.000000000,0.000000000,9.800000000,1.000000000,0.000000000,0.000000000,0.000000000
3.316666136,0.000000000,0.000000000,0.000000000,0.000000000,0.000000000,9.800000000,1.000000000,0.000000000,0.000000000,0.000000000
3.320832802,0.000000000,0.000000000,0.000000000,0.000000000,0.000000000,9.800000000,1.000000000,0.000000000,0.000000000,0.000000000
3.329166134,0.000000000,0.000000000,0.000000000,0.000000000,0.000000000,9.800000000,1.000000000,0.000000000,0.000000000,0.000000000
3.333332800,0.000000000,0.000000000,0.000000000,0.000000000,0.000000000,9.800000000,1.000000000,0.000000000,0.000000000,0.000000000
3.337499466,0.000000000,0.000000000,0.000000000,0.000000000,0.000000000,9.800000000,1.000000000,0.000000000,0.000000000,0.000000000
3.341666132,0.000000000,0.000000000,0.000000000,0.000000000,0.000000000,9.800000000,1.000000000,0.000000000,0.000000000,0.000000000
3.345832798,0.000000000,0.000000000,0.000000000,0.000000000,0.000000000,9.800000000,1.000000000,0.000000000,0.000000000,0.000000000
3.354166130,0.000000000,0.000000000,0.000000000,0.000000000,0.000000000,9.800000000,1.000000000,0.000000000,0.000000000,0.000000000
3.358332796,0.000000000,0.000000000,0.000000000,0.000000000,0.000000000,9.800000000,1.000000000,0.000000000,0.000000000,0.000000000
3.362499462,0.000000000,0.000000000,0.000000000,0.000000000,0.000000000,9.800000000,1.000000000,0.000000000,0.000000000,0.000000000
3.366666128,0.000000000,0.000000000,0.000000000,0.000000000,0.000000000,9.800000000,1.000000000,0.000000000,0.000000000,0.000000000
3.370832794,0.000000000,0.000000000,0.000000000,0.000000000,0.000000000,9.800000000,1.000000000,0.000000000,0.000000000,0.000000000
3.379166126,0.000000000,0.000000000,0.000000000,0.000000000,0.000000000,9.800000000,1.000000000,0.000000000,0.000000000,0.000000000
3.383332792,0.000000000,0.000000000,0.000000000,0.000000000,0.000000000,9.800000000,1.000000000,0.000000000,0.000000000,0.000000000
3.387499458,0.000000000,0.000000000,0.000000000,0.000000000,0.000000000,9.800000000,1.000000000,0.000000000,0.000000000,0.000000000
3.391666124,0.000000000,0.000000000,0.000000000,0.000000000,0.000000000,9.800000000,1.000000000,0.000000000,0.000000000,0.000000000
3.395832790,0.000000000,0.000000000,0.000000000,0.000000000,0.000000000,9.800000000,1.000000000,0.000000000,0.000000000,0.000000000
3.404166122,0.000000000,0.000000000,0.000000000,0.000000000,0.000000000,9.800000000,1.000000000,0.000000000,0.000000000,0.000000000
3.408332788,0.000000000,0.000000000,0.000000000,0.000000000,0.000000000,9.800000000,1.000000000,0.000000000,0.000000000,0.000000000
3.412499454,0.000000000,0.000000000,0.000000000,0.000000000,0.000000000,9.800000000,1.000000000,0.000000000,0.000000000,0.000000000
3.416666120,0.000000000,0.000000000,0.000000000,0.000000000,0.000000000,9.800000000,1.000000000,0.000000000,0.000000000,0.000000000
3.420832786,0.000000000,0.000000000,0.000000000,0.000000000,0.000000000,9.800000000,1.000000000,0.000000000,0.000000000,0.000000000
3.429166118,0.000000000,0.000000000,0.000000000,0.000000000,0.000000000,9.800000000,1.000000000,0.000000000,0.000000000,0.000000000
3.433332784,0.000000000,0.000000000,0.000000000,0.000000000,0.000000000,9.800000000,1.000000000,0.000000000,0.000000000,0.000000000
3.437499450,0.000000000,0.000000000,0.000000000,0.000000000,0.000000000,9.800000000,1.000000000,0.000000000,0.000000000,0.000000000
3.441666116,0.000000000,0.000000000,0.000000000,0.000000000,0.000000000,9.800000000,1.000000000,0.000000000,0.000000000,0.000000000
3.445832782,0.000000000,0.000000000,0.000000000,0.000000000,0.000000000,9.800000000,1.000000000,0.000000000,0.000000000,0.000000000
3.454166114,0.000000000,0.000000000,0.000000000,0.000000000,0.000000000,9.800000000,1.000000000,0.000000000,0.000000000,0.000000000
3.458332780,0.000000000,0.000000000,0.000000000,0.000000000,0.000000000,9.800000000,1.000000000,0.000000000,0.000000000,0.000000000
3.462499446,0.000000000,0.000000000,0.000000000,0.000000000,0.000000000,9.800000000,1.000000000,0.000000000,0.000000000,0.000000000
3.466666112,0.000000000,0.000000000,0.000000000,0.000000000,0.000000000,9.800000000,1.000000000,0.000000000,0.000000000,0.000000000
3.470832778,0.000000000,0.000000000,0.000000000,0.000000000,0.000000000,9.800000000,1.000000000,0.000000000,0.000000000,0.000000000
3.479166110,0.000000000,0.000000000,0.000000000,0.000000000,0.000000000,9.800000000,1.000000000,0.000000000,0.000000000,0.000000000
3.483332776,0.000000000,0.000000000,0.000000000,0.000000000,0.000000000,9.800000000,1.000000000,0.000000000,0.000000000,0.000000000
3.487499442,0.000000000,0.000000000,0.000000000,0.000000000,0.000000000,9.800000000,1.000000000,0.000000000,0.000000000,0.000000000
3.491666108,0.000000000,0.000000000,0.000000000,0.000000000,0.000000000,9.800000000,1.000000000,0.000000000,0.000000000,0.000000000
3.495832774,0.000000000,0.000000000,0.000000000,0.000000000,0.000000000,9.800000000,1.000000000,0.000000000,0.000000000,0.000000000
3.504166106,0.000000000,0.000000000,0.000000000,0.000000000,0.000000000,9.800000000,1.000000000,0.000000000,0.000000000,0.000000000
3.508332772,0.000000000,0.000000000,0.000000000,0.000000000,0.000000000,9.800000000,1.000000000,0.000000000,0.000000000,0.000000000
3.512499438,0.000000000,0.000000000,0.000000000,0.000000000,0.000000000,9.800000000,1.000000000,0.000000000,0.000000000,0.000000000
3.516666104,0.000000000,0.000000000,0.000000000,0.000000000,0.000000000,9.800000000,1.000000000,0.000000000,0.000000000,0.000000000
3.520832770,0.000000000,0.000000000,0.000000000,0.000000000,0.000000000,9.800000000,1.000000000,0.000000000,0.000000000,0.000000000
3.529166102,0.000000000,0.000000000,0.000000000,0.000000000,0.000000000,9.800000000,1.000000000,0.000000000,0.000000000,0.000000000
3.533332768,0.000000000,0.000000000,0.000000000,0.000000000,0.000000000,9.800000000,1.000000000,0.000000000,0.000000000,0.000000000
3.537499434,0.000000000,0.000000000,0.000000000,0.000000000,0.000000000,9.800000000,1.000000000,0.000000000,0.000000000,0.000000000
3.541666100,0.000000000,0.000000000,0.000000000,0.000000000,0.000000000,9.800000000,1.000000000,0.000000000,0.000000000,0.000000000
3.545832766,0.000000000,0.000000000,0.000000000,0.000000000,0.000000000,9.800000000,1.000000000,0.000000000,0.000000000,0.000000000
3.554166098,0.000000000,0.000000000,0.000000000,0.000000000,0.000000000,9.800000000,1.000000000,0.000000000,0.000000000,0.000000000
3.558332764,0.000000000,0.000000000,0.000000000,0.000000000,0.000000000,9.800000000,1.000000000,0.000000000,0.000000000,0.000000000
3.562499430,0.000000000,0.000000000,0.000000000,0.000000000,0.000000000,9.800000000,1.000000000,0.000000000,0.000000000,0.000000000
3.566666096,0.000000000,0.000000000,0.000000000,0.000000000,0.000000000,9.800000000,1.000000000,0.000000000,0.000000000,0.000000000
3.570832762,0.000000000,0.000000000,0.000000000,0.000000000,0.000000000,9.800000000,1.000000000,0.000000000,0.000000000,0.000000000
3.579166094,0.000000000,0.000000000,0.000000000,0.000000000,0.000000000,9.800000000,1.000000000,0.000000000,0.000000000,0.000000000
3.583332760,0.000000000,0.000000000,0.000000000,0.000000000,0.000000000,9.800000000,1.000000000,0.000000000,0.000000000,0.000000000
3.587499426,0.000000000,0.000000000,0.000000000,0.000000000,0.000000000,9.800000000,1.000000000,0.000000000,0.000000000,0.000000000
3.591666092,0.000000000,0.000000000,0.000000000,0.000000000,0.000000000,9.800000000,1.000000000,0.000000000,0.000000000,0.000000000
3.595832758,0.000000000,0.000000000,0.000000000,0.000000000,0.000000000,9.800000000,1.000000000,0.000000000,0.000000000,0.000000000
3.604166090,0.000000000,0.000000000,0.000000000,0.000000000,0.000000000,9.800000000,1.000000000,0.000000000,0.000000000,0.000000000
3.608332756,0.000000000,0.000000000,0.000000000,0.000000000,0.000000000,9.800000000,1.000000000,0.000000000,0.000000000,0.000000000
3.612499422,0.000000000,0.000000000,0.000000000,0.000000000,0.000000000,9.800000000,1.000000000,0.000000000,0.000000000,0.000000000
3.616666088,0.000000000,0.000000000,0.000000000,0.000000000,0.000000000,9.800000000,1.000000000,0.000000000,0.000000000,0.000000000
3.620832754,0.000000000,0.000000000,0.000000000,0.000000000,0.000000000,9.800000000,1.000000000,0.000000000,0.000000000,0.000000000
3.629166086,0.000000000,0.000000000,0.000000000,0.000000000,0.000000000,9.800000000,1.000000000,0.000000000,0.000000000,0.000000000
3.633332752,0.000000000,0.000000000,0.000000000,0.000000000,0.000000000,9.800000000,1.000000000,0.000000000,0.000000000,0.000000000
3.637499418,0.000000000,0.000000000,0.000000000,0.000000000,0.000000000,9.800000000,1.000000000,0.000000000,0.000000000,0.000000000
3.641666084,0.000000000,0.000000000,0.000000000,0.000000000,0.000000000,9.800000000,1.000000000,0.000000000,0.000000000,0.000000000
3.645832750,0.000000000,0.000000000,0.000000000,0.000000000,0.000000000,9.800000000,1.000000000,0.000000000,0.000000000,0.000000000
3.654166082,0.000000000,0.000000000,0.000000000,0.000000000,0.000000000,9.800000000,1.000000000,0.000000000,0.000000000,0.000000000
3.658332748,0.000000000,0.000000000,0.000000000,0.000000000,0.000000000,9.800000000,1.000000000,0.000000000,0.000000000,0.000000000
3.662499414,0.000000000,0.000000000,0.000000000,0.000000000,0.000000000,9.800000000,1.000000000,0.000000000,0.000000000,0.000000000
3.666666080,0.000000000,0.000000000,0.000000000,0.000000000,0.000000000,9.800000000,1.000000000,0.000000000,0.000000000,0.000000000
3.670832746,0.000000000,0.000000000,0.000000000,0.000000000,0.000000000,9.800000000,1.000000000,0.000000000,0.000000000,0.000000000
3.679166078,0.000000000,0.000000000,0.000000000,0.000000000,0.000000000,9.800000000,1.000000000,0.000000000,0.000000000,0.000000000
3.683332744,0.000000000,0.000000000,0.000000000,0.000000000,0.000000000,9.800000000,1.000000000,0.000000000,0.000000000,0.000000000
3.687499410,0.000000000,0.000000000,0.000000000,0.000000000,0.000000000,9.800000000,1.000000000,0.000000000,0.000000000,0.000000000
3.691666076,0.000000000,0.000000000,0.000000000,0.000000000,0.000000000,9.800000000,1.000000000,0.000000000,0.000000000,0.000000000
3.695832742,0.000000000,0.000000000,0.000000000,0.000000000,0.000000000,9.800000000,1.000000000,0.000000000,0.000000000,0.000000000
3.704166074,0.000000000,0.000000000,0.000000000,0.000000000,0.000000000,9.800000000,1.000000000,0.000000000,0.000000000,0.000000000
3.708332740,0.000000000,0.000000000,0.000000000,0.000000000,0.000000000,9.800000000,1.000000000,0.000000000,0.000000000,0.000000000
3.712499406,0.000000000,0.000000000,0.000000000,0.000000000,0.000000000,9.800000000,1.000000000,0.000000000,0.000000000,0.000000000
3.716666072,0.000000000,0.000000000,0.000000000,0.000000000,0.000000000,9.800000000,1.000000000,0.000000000,0.000000000,0.000000000
3.720832738,0.000000000,0.000000000,0.000000000,0.000000000,0.000000000,9.800000000,1.000000000,0.000000000,0.000000000,0.000000000
3.729166070,0.000000000,0.000000000,0.000000000,0.000000000,0.000000000,9.800000000,1.000000000,0.000000000,0.000000000,0.000000000
3.733332736,0.000000000,0.000000000,0.000000000,0.000000000,0.000000000,9.800000000,1.000000000,0.000000000,0.000000000,0.000000000
3.737499402,0.000000000,0.000000000,0.000000000,0.000000000,0.000000000,9.800000000,1.000000000,0.000000000,0.000000000,0.000000000
3.741666068,0.000000000,0.000000000,0.000000000,0.000000000,0.000000000,9.800000000,1.000000000,0.000000000,0.000000000,0.000000000
3.745832734,0.000000000,0.000000000,0.000000000,0.000000000,0.000000000,9.800000000,1.000000000,0.000000000,0.000000000,0.000000000
3.754166066,0.000000000,0.000000000,0.000000000,0.000000000,0.000000000,9.800000000,1.000000000,0.000000000,0.000000000,0.000000000
3.758332732,0.000000000,0.000000000,0.000000000,0.000000000,0.000000000,9.800000000,1.000000000,0.000000000,0.000000000,0.000000000
3.762499398,0.000000000,0.000000000,0.000000000,0.000000000,0.000000000,9.800000000,1.000000000,0.000000000,0.000000000,0.000000000
3.766666064,0.000000000,0.000000000,0.000000000,0.000000000,0.000000000,9.800000000,1.000000000,0.000000000,0.000000000,0.000000000
3.770832730,0.000000000,0.000000000,0.000000000,0.000000000,0.000000000,9.800000000,1.000000000,0.000000000,0.000000000,0.000000000
3.779166062,0.000000000,0.000000000,0.000000000,0.000000000,0.000000000,9.800000000,1.000000000,0.000000000,0.000000000,0.000000000
3.783332728,0.000000000,0.000000000,0.000000000,0.000000000,0.000000000,9.800000000,1.000000000,0.000000000,0.000000000,0.000000000
3.787499394,0.000000000,0.000000000,0.000000000,0.000000000,0.000000000,9.800000000,1.000000000,0.000000000,0.000000000,0.000000000
3.791666060,0.000000000,0.000000000,0.000000000,0.000000000,0.000000000,9.800000000,1.000000000,0.000000000,0.000000000,0.000000000
3.795832726,0.000000000,0.000000000,0.000000000,0.000000000,0.000000000,9.800000000,1.000000000,0.000000000,0.000000000,0.000000000
3.804166058,0.000000000,0.000000000,0.000000000,0.000000000,0.000000000,9.800000000,1.000000000,0.000000000,0.000000000,0.000000000
3.808332724,0.000000000,0.000000000,0.000000000,0.000000000,0.000000000,9.800000000,1.000000000,0.000000000,0.000000000,0.000000000
3.812499390,0.000000000,0.000000000,0.000000000,0.000000000,0.000000000,9.800000000,1.000000000,0.000000000,0.000000000,0.000000000
3.816666056,0.000000000,0.000000000,0.000000000,0.000000000,0.000000000,9.800000000,1.000000000,0.000000000,0.000000000,0.000000000
3.820832722,0.000000000,0.000000000,0.000000000,0.000000000,0.000000000,9.800000000,1.000000000,0.000000000,0.000000000,0.000000000
3.829166054,0.000000000,0.000000000,0.000000000,0.000000000,0.000000000,9.800000000,1.000000000,0.000000000,0.000000000,0.000000000
3.833332720,0.000000000,0.000000000,0.000000000,0.000000000,0.000000000,9.800000000,1.000000000,0.000000000,0.000000000,0.000000000
3.837499386,0.000000000,0.000000000,0.000000000,0.000000000,0.000000000,9.800000000,1.000000000,0.000000000,0.000000000,0.000000000
3.841666052,0.000000000,0.000000000,0.000000000,0.000000000,0.000000000,9.800000000,1.000000000,0.000000000,0.000000000,0.000000000
3.845832718,0.000000000,0.000000000,0.000000000,0.000000000,0.000000000,9.800000000,1.000000000,0.000000000,0.000000000,0.000000000
3.854166050,0.000000000,0.000000000,0.000000000,0.000000000,0.000000000,9.800000000,1.000000000,0.000000000,0.000000000,0.000000000
3.858332716,0.000000000,0.000000000,0.000000000,0.000000000,0.000000000,9.800000000,1.000000000,0.000000000,0.000000000,0.000000000
3.862499382,0.000000000,0.000000000,0.000000000,0.000000000,0.000000000,9.800000000,1.000000000,0.000000000,0.000000000,0.000000000
3.866666048,0.000000000,0.000000000,0.000000000,0.000000000,0.000000000,9.800000000,1.000000000,0.000000000,0.000000000,0.000000000
3.870832714,0.000000000,0.000000000,0.000000000,0.000000000,0.000000000,9.800000000,1.000000000,0.000000000,0.000000000,0.000000000
3.879166046,0.000000000,0.000000000,0.000000000,0.000000000,0.000000000,9.800000000,1.000000000,0.000000000,0.000000000,0.000000000
3.883332712,0.000000000,0.000000000,0.000000000,0.000000000,0.000000000,9.800000000,1.000000000,0.000000000,0.000000000,0.000000000
3.887499378,0.000000000,0.000000000,0.000000000,0.000000000,0.000000000,9.800000000,1.000000000,0.000000000,0.000000000,0.000000000
3.891666044,0.000000000,0.000000000,0.000000000,0.000000000,0.000000000,9.800000000,1.000000000,0.000000000,0.000000000,0.000000000
3.895832710,0.000000000,0.000000000,0.000000000,0.000000000,0.000000000,9.800000000,1.000000000,0.000000000,0.000000000,0.000000000
3.904166042,0.000000000,0.000000000,0.000000000,0.000000000,0.000000000,9.800000000,1.000000000,0.000000000,0.000000000,0.000000000
3.908332708,0.000000000,0.000000000,0.000000000,0.000000000,0.000000000,9.800000000,1.000000000,0.000000000,0.000000000,0.000000000
3.912499374,0.000000000,0.000000000,0.000000000,0.000000000,0.000000000,9.800000000,1.000000000,0.000000000,0.000000000,0.000000000
3.916666040,0.000000000,0.000000000,0.000000000,0.000000000,0.000000000,9.800000000,1.000000000,0.000000000,0.000000000,0.000000000
3.920832706,0.000000000,0.000000000,0.000000000,0.000000000,0.000000000,9.800000000,1.000000000,0.000000000,0.000000000,0.000000000
3.929166038,0.000000000,0.000000000,0.000000000,0.000000000,0.000000000,9.800000000,1.000000000,0.000000000,0.000000000,0.000000000
3.933332704,0.000000000,0.000000000,0.000000000,0.000000000,0.000000000,9.800000000,1.000000000,0.000000000,0.000000000,0.000000000
3.937499370,0.000000000,0.000000000,0.000000000,0.000000000,0.000000000,9.800000000,1.000000000,0.000000000,0.000000000,0.000000000
3.941666036,0.000000000,0.000000000,0.000000000,0.000000000,0.000000000,9.800000000,1.000000000,0.000000000,0.000000000,0.000000000
3.945832702,0.000000000,0.000000000,0.000000000,0.000000000,0.000000000,9.800000000,1.000000000,0.000000000,0.000000000,0.000000000
3.954166034,0.000000000,0.000000000,0.000000000,0.000000000,0.000000000,9.800000000,1.000000000,0.000000000,0.000000000,0.000000000
3.958332700,0.000000000,0.000000000,0.000000000,0.000000000,0.000000000,9.800000000,1.000000000,0.000000000,0.000000000,0.000000000
3.962499366,0.000000000,0.000000000,0.000000000,0.000000000,0.000000000,9.800000000,1.000000000,0.000000000,0.000000000,0.000000000
3.966666032,0.000000000,0.000000000,0.000000000,0.000000000,0.000000000,9.800000000,1.000000000,0.000000000,0.000000000,0.000000000
3.970832698,0.000000000,0.000000000,0.000000000,0.000000000,0.000000000,9.800000000,1.000000000,0.000000000,0.000000000,0.000000000
3.979166030,0.000000000,0.000000000,0.000000000,0.000000000,0.000000000,9.800000000,1.000000000,0.000000000,0.000000000,0.000000000
3.983332696,0.000000000,0.000000000,0.000000000,0.000000000,0.000000000,9.800000000,1.000000000,0.000000000,0.000000000,0.000000000
3.987499362,0.000000000,0.000000000,0.000000000,0.000000000,0.000000000,9.800000000,1.000000000,0.000000000,0.000000000,0.000000000
3.991666028,0.000000000,0.000000000,0.000000000,0.000000000,0.000000000,9.800000000,1.000000000,0.000000000,0.000000000,0.000000000
3.995832694,0.000000000,0.000000000,0.000000000,0.000000000,0.000000000,9.800000000,1.000000000,0.000000000,0.000000000,0.000000000
4.004166026,0.000000000,0.000000000,0.000000000,0.000000000,0.000000000,9.800000000,1.000000000,0.000000000,0.000000000,0.000000000
4.008332692,0.000000000,0.000000000,0.000000000,0.000000000,0.000000000,9.800000000,1.000000000,0.000000000,0.000000000,0.000000000
4.012499358,0.000000000,0.000000000,0.000000000,0.000000000,0.000000000,9.800000000,1.000000000,0.000000000,0.000000000,0.000000000
4.016666024,0.000000000,0.000000000,0.000000000,0.000000000,0.000000000,9.800000000,1.000000000,0.000000000,0.000000000,0.000000000
4.020832690,0.000000000,0.000000000,0.000000000,0.000000000,0.000000000,9.800000000,1.000000000,0.000000000,0.000000000,0.000000000
4.029166022,0.000000000,0.000000000,0.000000000,0.000000000,0.000000000,9.800000000,1.000000000,0.000000000,0.000000000,0.000000000
4.033332688,0.000000000,0.000000000,0.000000000,0.000000000,0.000000000,9.800000000,1.000000000,0.000000000,0.000000000,0.000000000
4.037499354,0.000000000,0.000000000,0.000000000,0.000000000,0.000000000,9.800000000,1.000000000,0.000000000,0.000000000,0.000000000
4.041666020,0.000000000,0.000000000,0.000000000,0.000000000,0.000000000,9.800000000,1.000000000,0.000000000,0.000000000,0.000000000
4.045832686,0.000000000,0.000000000,0.000000000,0.000000000,0.000000000,9.800000000,1.000000000,0.000000000,0.000000000,0.000000000
4.054166018,0.000000000,0.000000000,0.000000000,0.000000000,0.000000000,9.800000000,1.000000000,0.000000000,0.000000000,0.000000000
4.058332684,0.000000000,0.000000000,0.000000000,0.000000000,0.000000000,9.800000000,1.000000000,0.000000000,0.000000000,0.000000000
4.062499350,0.000000000,0.000000000,0.000000000,0.000000000,0.000000000,9.800000000,1.000000000,0.000000000,0.000000000,0.000000000
4.066666016,0.000000000,0.000000000,0.000000000,0.000000000,0.000000000,9.800000000,1.000000000,0.000000000,0.000000000,0.000000000
4.070832682,0.000000000,0.000000000,0.000000000,0.000000000,0.000000000,9.800000000,1.000000000,0.000000000,0.000000000,0.000000000
4.079166014,0.000000000,0.000000000,0.000000000,0.000000000,0.000000000,9.800000000,1.000000000,0.000000000,0.000000000,0.000000000
4.083332680,0.000000000,0.000000000,0.000000000,0.000000000,0.000000000,9.800000000,1.000000000,0.000000000,0.000000000,0.000000000
4.087499346,0.000000000,0.000000000,0.000000000,0.000000000,0.000000000,9.800000000,1.000000000,0.000000000,0.000000000,0.000000000
4.091666012,0.000000000,0.000000000,0.000000000,0.000000000,0.000000000,9.800000000,1.000000000,0.000000000,0.000000000,0.000000000
4.095832678,0.000000000,0.000000000,0.000000000,0.000000000,0.000000000,9.800000000,1.000000000,0.000000000,0.000000000,0.000000000
4.104166010,0.000000000,0.000000000,0.000000000,0.000000000,0.000000000,9.800000000,1.000000000,0.000000000,0.000000000,0.000000000
4.108332676,0.000000000,0.000000000,0.000000000,0.000000000,0.000000000,9.800000000,1.000000000,0.000000000,0.000000000,0.000000000
4.112499342,0.000000000,0.000000000,0.000000000,0.000000000,0.000000000,9.800000000,1.000000000,0.000000000,0.000000000,0.000000000
4.116666008,0.000000000,0.000000000,0.000000000,0.000000000,0.000000000,9.800000000,1.000000000,0.000000000,0.000000000,0.000000000
4.120832674,0.000000000,0.000000000,0.000000000,0.000000000,0.000000000,9.800000000,1.000000000,0.000000000,0.000000000,0.000000000
4.129166006,0.000000000,0.000000000,0.000000000,0.000000000,0.000000000,9.800000000,1.000000000,0.000000000,0.000000000,0.000000000
4.133332672,0.000000000,0.000000000,0.000000000,0.000000000,0.000000000,9.800000000,1.000000000,0.000000000,0.000000000,0.000000000
4.137499338,0.000000000,0.000000000,0.000000000,0.000000000,0.000000000,9.800000000,1.000000000,0.000000000,0.000000000,0.000000000
4.141666004,0.000000000,0.000000000,0.000000000,0.000000000,0.000000000,9.800000000,1.000000000,0.000000000,0.000000000,0.000000000
4.145832670,0.000000000,0.000000000,0.000000000,0.000000000,0.000000000,9.800000000,1.000000000,0.000000000,0.000000000,0.000000000
4.154166002,0.000000000,0.000000000,0.000000000,0.000000000,0.000000000,9.800000000,1.000000000,0.000000000,0.000000000,0.000000000
4.158332668,0.000000000,0.000000000,0.000000000,0.000000000,0.000000000,9.800000000,1.000000000,0.000000000,0.000000000,0.000000000
4.162499334,0.000000000,0.000000000,0.000000000,0.000000000,0.000000000,9.800000000,1.000000000,0.000000000,0.000000000,0.000000000
4.166666000,0.000000000,0.000000000,0.000000000,0.000000000,0.000000000,9.800000000,1.000000000,0.000000000,0.000000000,0.000000000
4.170832666,0.000000000,0.000000000,0.000000000,0.000000000,0.000000000,9.800000000,1.000000000,0.000000000,0.000000000,0.000000000
4.179165998,0.000000000,0.000000000,0.000000000,0.000000000,0.000000000,9.800000000,1.000000000,0.000000000,0.000000000,0.000000000
4.183332664,0.000000000,0.000000000,0.000000000,0.000000000,0.000000000,9.800000000,1.000000000,0.000000000,0.000000000,0.000000000
4.187499330,0.000000000,0.000000000,0.000000000,0.000000000,0.000000000,9.800000000,1.000000000,0.000000000,0.000000000,0.000000000
4.191665996,0.000000000,0.000000000,0.000000000,0.000000000,0.000000000,9.800000000,1.000000000,0.000000000,0.000000000,0.000000000
4.195832662,0.000000000,0.000000000,0.000000000,0.000000000,0.000000000,9.800000000,1.000000000,0.000000000,0.000000000,0.000000000
4.204165994,0.000000000,0.000000000,0.000000000,0.000000000,0.000000000,9.800000000,1.000000000,0.000000000,0.000000000,0.000000000
4.208332660,0.000000000,0.000000000,0.000000000,0.000000000,0.000000000,9.800000000,1.000000000,0.000000000,0.000000000,0.000000000
4.212499326,0.000000000,0.000000000,0.000000000,0.000000000,0.000000000,9.800000000,1.000000000,0.000000000,0.000000000,0.000000000
4.216665992,0.000000000,0.000000000,0.000000000,0.000000000,0.000000000,9.800000000,1.000000000,0.000000000,0.000000000,0.000000000
4.220832658,0.000000000,0.000000000,0.000000000,0.000000000,0.000000000,9.800000000,1.000000000,0.000000000,0.000000000,0.000000000
4.229165990,0.000000000,0.000000000,0.000000000,0.000000000,0.000000000,9.800000000,1.000000000,0.000000000,0.000000000,0.000000000
4.233332656,0.000000000,0.000000000,0.000000000,0.000000000,0.000000000,9.800000000,1.000000000,0.000000000,0.000000000,0.000000000
4.237499322,0.000000000,0.000000000,0.000000000,0.000000000,0.000000000,9.800000000,1.000000000,0.000000000,0.000000000,0.000000000
4.241665988,0.000000000,0.000000000,0.000000000,0.000000000,0.000000000,9.800000000,1.000000000,0.000000000,0.000000000,0.000000000
4.245832654,0.000000000,0.000000000,0.000000000,0.000000000,0.000000000,9.800000000,1.000000000,0.000000000,0.000000000,0.000000000
4.254165986,0.000000000,0.000000000,0.000000000,0.000000000,0.000000000,9.800000000,1.000000000,0.000000000,0.000000000,0.000000000
4.258332652,0.000000000,0.000000000,0.000000000,0.000000000,0.000000000,9.800000000,1.000000000,0.000000000,0.000000000,0.000000000
4.262499318,0.000000000,0.000000000,0.000000000,0.000000000,0.000000000,9.800000000,1.000000000,0.000000000,0.000000000,0.000000000
4.266665984,0.000000000,0.000000000,0.000000000,0.000000000,0.000000000,9.800000000,1.000000000,0.000000000,0.000000000,0.000000000
4.270832650,0.000000000,0.000000000,0.000000000,0.000000000,0.000000000,9.800000000,1.000000000,0.000000000,0.000000000,0.000000000
4.279165982,0.000000000,0.000000000,0.000000000,0.000000000,0.000000000,9.800000000,1.000000000,0.000000000,0.000000000,0.000000000
4.283332648,0.000000000,0.000000000,0.000000000,0.000000000,0.000000000,9.800000000,1.000000000,0.000000000,0.000000000,0.000000000
4.287499314,0.000000000,0.000000000,0.000000000,0.000000000,0.000000000,9.800000000,1.000000000,0.000000000,0.000000000,0.000000000
4.291665980,0.000000000,0.000000000,0.000000000,0.000000000,0.000000000,9.800000000,1.000000000,0.000000000,0.000000000,0.000000000
4.295832646,0.000000000,0.000000000,0.000000000,0.000000000,0.000000000,9.800000000,1.000000000,0.000000000,0.000000000,0.000000000
4.304165978,0.000000000,0.000000000,0.000000000,0.000000000,0.000000000,9.800000000,1.000000000,0.000000000,0.000000000,0.000000000
4.308332644,0.000000000,0.000000000,0.000000000,0.000000000,0.000000000,9.800000000,1.000000000,0.000000000,0.000000000,0.000000000
4.312499310,0.000000000,0.000000000,0.000000000,0.000000000,0.000000000,9.800000000,1.000000000,0.000000000,0.000000000,0.000000000
4.316665976,0.000000000,0.000000000,0.000000000,0.000000000,0.000000000,9.800000000,1.000000000,0.000000000,0.000000000,0.000000000
4.320832642,0.000000000,0.000000000,0.000000000,0.000000000,0.000000000,9.800000000,1.000000000,0.000000000,0.000000000,0.000000000
4.329165974,0.000000000,0.000000000,0.000000000,0.000000000,0.000000000,9.800000000,1.000000000,0.000000000,0.000000000,0.000000000
4.333332640,0.000000000,0.000000000,0.000000000,0.000000000,0.000000000,9.800000000,1.000000000,0.000000000,0.000000000,0.000000000
4.337499306,0.000000000,0.000000000,0.000000000,0.000000000,0.000000000,9.800000000,1.000000000,0.000000000,0.000000000,0.000000000
4.341665972,0.000000000,0.000000000,0.000000000,0.000000000,0.000000000,9.800000000,1.000000000,0.000000000,0.000000000,0.000000000
4.345832638,0.000000000,0.000000000,0.000000000,0.000000000,0.000000000,9.800000000,1.000000000,0.000000000,0.000000000,0.000000000
4.354165970,0.000000000,0.000000000,0.000000000,0.000000000,0.000000000,9.800000000,1.000000000,0.000000000,0.000000000,0.000000000
4.358332636,0.000000000,0.000000000,0.000000000,0.000000000,0.000000000,9.800000000,1.000000000,0.000000000,0.000000000,0.000000000
4.362499302,0.000000000,0.000000000,0.000000000,0.000000000,0.000000000,9.800000000,1.000000000,0.000000000,0.000000000,0.000000000
4.366665968,0.000000000,0.000000000,0.000000000,0.000000000,0.000000000,9.800000000,1.000000000,0.000000000,0.000000000,0.000000000
4.370832634,0.000000000,0.000000000,0.000000000,0.000000000,0.000000000,9.800000000,1.000000000,0.000000000,0.000000000,0.000000000
4.379165966,0.000000000,0.000000000,0.000000000,0.000000000,0.000000000,9.800000000,1.000000000,0.000000000,0.000000000,0.000000000
4.383332632,0.000000000,0.000000000,0.000000000,0.000000000,0.000000000,9.800000000,1.000000000,0.000000000,0.000000000,0.000000000
4.387499298,0.000000000,0.000000000,0.000000000,0.000000000,0.000000000,9.800000000,1.000000000,0.000000000,0.000000000,0.000000000
4.391665964,0.000000000,0.000000000,0.000000000,0.000000000,0.000000000,9.800000000,1.000000000,0.000000000,0.000000000,0.000000000
4.395832630,0.000000000,0.000000000,0.000000000,0.000000000,0.000000000,9.800000000,1.000000000,0.000000000,0.000000000,0.000000000
4.404165962,0.000000000,0.000000000,0.000000000,0.000000000,0.000000000,9.800000000,1.000000000,0.000000000,0.000000000,0.000000000
4.408332628,0.000000000,0.000000000,0.000000000,0.000000000,0.000000000,9.800000000,1.000000000,0.000000000,0.000000000,0.000000000
4.412499294,0.000000000,0.000000000,0.000000000,0.000000000,0.000000000,9.800000000,1.000000000,0.000000000,0.000000000,0.000000000
4.416665960,0.000000000,0.000000000,0.000000000,0.000000000,0.000000000,9.800000000,1.000000000,0.000000000,0.000000000,0.000000000
4.420832626,0.000000000,0.000000000,0.000000000,0.000000000,0.000000000,9.800000000,1.000000000,0.000000000,0.000000000,0.000000000
4.429165958,0.000000000,0.000000000,0.000000000,0.000000000,0.000000000,9.800000000,1.000000000,0.000000000,0.000000000,0.000000000
4.433332624,0.000000000,0.000000000,0.000000000,0.000000000,0.000000000,9.800000000,1.000000000,0.000000000,0.000000000,0.000000000
4.437499290,0.000000000,0.000000000,0.000000000,0.000000000,0.000000000,9.800000000,1.000000000,0.000000000,0.000000000,0.000000000
4.441665956,0.000000000,0.000000000,0.000000000,0.000000000,0.000000000,9.800000000,1.000000000,0.000000000,0.000000000,0.000000000
4.445832622,0.000000000,0.000000000,0.000000000,0.000000000,0.000000000,9.800000000,1.000000000,0.000000000,0.000000000,0.000000000
4.454165954,0.000000000,0.000000000,0.000000000,0.000000000,0.000000000,9.800000000,1.000000000,0.000000000,0.000000000,0.000000000
4.458332620,0.000000000,0.000000000,0.000000000,0.000000000,0.000000000,9.800000000,1.000000000,0.000000000,0.000000000,0.000000000
4.462499286,0.000000000,0.000000000,0.000000000,0.000000000,0.000000000,9.800000000,1.000000000,0.000000000,0.000000000,0.000000000
4.466665952,0.000000000,0.000000000,0.000000000,0.000000000,0.000000000,9.800000000,1.000000000,0.000000000,0.000000000,0.000000000
4.470832618,0.000000000,0.000000000,0.000000000,0.000000000,0.000000000,9.800000000,1.000000000,0.000000000,0.000000000,0.000000000
4.479165950,0.000000000,0.000000000,0.000000000,0.000000000,0.000000000,9.800000000,1.000000000,0.000000000,0.000000000,0.000000000
4.483332616,0.000000000,0.000000000,0.000000000,0.000000000,0.000000000,9.800000000,1.000000000,0.000000000,0.000000000,0.000000000
4.487499282,0.000000000,0.000000000,0.000000000,0.000000000,0.000000000,9.800000000,1.000000000,0.000000000,0.000000000,0.000000000
4.491665948,0.000000000,0.000000000,0.000000000,0.000000000,0.000000000,9.800000000,1.000000000,0.000000000,0.000000000,0.000000000
4.495832614,0.000000000,0.000000000,0.000000000,0.000000000,0.000000000,9.800000000,1.000000000,0.000000000,0.000000000,0.000000000
4.504165946,0.000000000,0.000000000,0.000000000,0.000000000,0.000000000,9.800000000,1.000000000,0.000000000,0.000000000,0.000000000
4.508332612,0.000000000,0.000000000,0.000000000,0.000000000,0.000000000,9.800000000,1.000000000,0.000000000,0.000000000,0.000000000
4.512499278,0.000000000,0.000000000,0.000000000,0.000000000,0.000000000,9.800000000,1.000000000,0.000000000,0.000000000,0.000000000
4.516665944,0.000000000,0.000000000,0.000000000,0.000000000,0.000000000,9.800000000,1.000000000,0.000000000,0.000000000,0.000000000
4.520832610,0.000000000,0.000000000,0.000000000,0.000000000,0.000000000,9.800000000,1.000000000,0.000000000,0.000000000,0.000000000
4.529165942,0.000000000,0.000000000,0.000000000,0.000000000,0.000000000,9.800000000,1.000000000,0.000000000,0.000000000,0.000000000
4.533332608,0.000000000,0.000000000,0.000000000,0.000000000,0.000000000,9.800000000,1.000000000,0.000000000,0.000000000,0.000000000
4.537499274,0.000000000,0.000000000,0.000000000,0.000000000,0.000000000,9.800000000,1.000000000,0.000000000,0.000000000,0.000000000
4.541665940,0.000000000,0.000000000,0.000000000,0.000000000,0.000000000,9.800000000,1.000000000,0.000000000,0.000000000,0.000000000
4.545832606,0.000000000,0.000000000,0.000000000,0.000000000,0.000000000,9.800000000,1.000000000,0.000000000,0.000000000,0.000000000
4.554165938,0.000000000,0.000000000,0.000000000,0.000000000,0.000000000,9.800000000,1.000000000,0.000000000,0.000000000,0.000000000
4.558332604,0.000000000,0.000000000,0.000000000,0.000000000,0.000000000,9.800000000,1.000000000,0.000000000,0.000000000,0.000000000
4.562499270,0.000000000,0.000000000,0.000000000,0.000000000,0.000000000,9.800000000,1.000000000,0.000000000,0.000000000,0.000000000
4.566665936,0.000000000,0.000000000,0.000000000,0.000000000,0.000000000,9.800000000,1.000000000,0.000000000,0.000000000,0.000000000
4.570832602,0.000000000,0.000000000,0.000000000,0.000000000,0.000000000,9.800000000,1.000000000,0.000000000,0.000000000,0.000000000
4.579165934,0.000000000,0.000000000,0.000000000,0.000000000,0.000000000,9.800000000,1.000000000,0.000000000,0.000000000,0.000000000
4.583332600,0.000000000,0.000000000,0.000000000,0.000000000,0.000000000,9.800000000,1.000000000,0.000000000,0.000000000,0.000000000
4.587499266,0.000000000,0.000000000,0.000000000,0.000000000,0.000000000,9.800000000,1.000000000,0.000000000,0.000000000,0.000000000
4.591665932,0.000000000,0.000000000,0.000000000,0.000000000,0.000000000,9.800000000,1.000000000,0.000000000,0.000000000,0.000000000
4.595832598,0.000000000,0.000000000,0.000000000,0.000000000,0.000000000,9.800000000,1.000000000,0.000000000,0.000000000,0.000000000
4.604165930,0.000000000,0.000000000,0.000000000,0.000000000,0.000000000,9.800000000,1.000000000,0.000000000,0.000000000,0.000000000
4.608332596,0.000000000,0.000000000,0.000000000,0.000000000,0.000000000,9.800000000,1.000000000,0.000000000,0.000000000,0.000000000
4.612499262,0.000000000,0.000000000,0.000000000,0.000000000,0.000000000,9.800000000,1.000000000,0.000000000,0.000000000,0.000000000
4.616665928,0.000000000,0.000000000,0.000000000,0.000000000,0.000000000,9.800000000,1.000000000,0.000000000,0.000000000,0.000000000
4.620832594,0.000000000,0.000000000,0.000000000,0.000000000,0.000000000,9.800000000,1.000000000,0.000000000,0.000000000,0.000000000
4.629165926,0.000000000,0.000000000,0.000000000,0.000000000,0.000000000,9.800000000,1.000000000,0.000000000,0.000000000,0.000000000
4.633332592,0.000000000,0.000000000,0.000000000,0.000000000,0.000000000,9.800000000,1.000000000,0.000000000,0.000000000,0.000000000
4.637499258,0.000000000,0.000000000,0.000000000,0.000000000,0.000000000,9.800000000,1.000000000,0.000000000,0.000000000,0.000000000
4.641665924,0.000000000,0.000000000,0.000000000,0.000000000,0.000000000,9.800000000,1.000000000,0.000000000,0.000000000,0.000000000
4.645832590,0.000000000,0.000000000,0.000000000,0.000000000,0.000000000,9.800000000,1.000000000,0.000000000,0.000000000,0.000000000
4.654165922,0.000000000,0.000000000,0.000000000,0.000000000,0.000000000,9.800000000,1.000000000,0.000000000,0.000000000,0.000000000
4.658332588,0.000000000,0.000000000,0.000000000,0.000000000,0.000000000,9.800000000,1.000000000,0.000000000,0.000000000,0.000000000
4.662499254,0.000000000,0.000000000,0.000000000,0.000000000,0.000000000,9.800000000,1.000000000,0.000000000,0.000000000,0.000000000
4.666665920,0.000000000,0.000000000,0.000000000,0.000000000,0.000000000,9.800000000,1.000000000,0.000000000,0.000000000,0.000000000
4.670832586,0.000000000,0.000000000,0.000000000,0.000000000,0.000000000,9.800000000,1.000000000,0.000000000,0.000000000,0.000000000
4.679165918,0.000000000,0.000000000,0.000000000,0.000000000,0.000000000,9.800000000,1.000000000,0.000000000,0.000000000,0.000000000
4.683332584,0.000000000,0.000000000,0.000000000,0.000000000,0.000000000,9.800000000,1.000000000,0.000000000,0.000000000,0.000000000
4.687499250,0.000000000,0.000000000,0.000000000,0.000000000,0.000000000,9.800000000,1.000000000,0.000000000,0.000000000,0.000000000
4.691665916,0.000000000,0.000000000,0.000000000,0.000000000,0.000000000,9.800000000,1.000000000,0.000000000,0.000000000,0.000000000
4.695832582,0.000000000,0.000000000,0.000000000,0.000000000,0.000000000,9.800000000,1.000000000,0.000000000,0.000000000,0.000000000
4.704165914,0.000000000,0.000000000,0.000000000,0.000000000,0.000000000,9.800000000,1.000000000,0.000000000,0.000000000,0.000000000
4.708332580,0.000000000,0.000000000,0.000000000,0.000000000,0.000000000,9.800000000,1.000000000,0.000000000,0.000000000,0.000000000
4.712499246,0.000000000,0.000000000,0.000000000,0.000000000,0.000000000,9.800000000,1.000000000,0.000000000,0.000000000,0.000000000
4.716665912,0.000000000,0.000000000,0.000000000,0.000000000,0.000000000,9.800000000,1.000000000,0.000000000,0.000000000,0.000000000
4.720832578,0.000000000,0.000000000,0.000000000,0.000000000,0.000000000,9.800000000,1.000000000,0.000000000,0.000000000,0.000000000
4.729165910,0.000000000,0.000000000,0.000000000,0.000000000,0.000000000,9.800000000,1.000000000,0.000000000,0.000000000,0.000000000
4.733332576,0.000000000,0.000000000,0.000000000,0.000000000,0.000000000,9.800000000,1.000000000,0.000000000,0.000000000,0.000000000
4.737499242,0.000000000,0.000000000,0.000000000,0.000000000,0.000000000,9.800000000,1.000000000,0.000000000,0.000000000,0.000000000
4.741665908,0.000000000,0.000000000,0.000000000,0.000000000,0.000000000,9.800000000,1.000000000,0.000000000,0.000000000,0.000000000
4.745832574,0.000000000,0.000000000,0.000000000,0.000000000,0.000000000,9.800000000,1.000000000,0.000000000,0.000000000,0.000000000
4.754165906,0.000000000,0.000000000,0.000000000,0.000000000,0.000000000,9.800000000,1.000000000,0.000000000,0.000000000,0.000000000
4.758332572,0.000000000,0.000000000,0.000000000,0.000000000,0.000000000,9.800000000,1.000000000,0.000000000,0.000000000,0.000000000
4.762499238,0.000000000,0.000000000,0.000000000,0.000000000,0.000000000,9.800000000,1.000000000,0.000000000,0.000000000,0.000000000
4.766665904,0.000000000,0.000000000,0.000000000,0.000000000,0.000000000,9.800000000,1.000000000,0.000000000,0.000000000,0.000000000
4.770832570,0.000000000,0.000000000,0.000000000,0.000000000,0.000000000,9.800000000,1.000000000,0.000000000,0.000000000,0.000000000
4.779165902,0.000000000,0.000000000,0.000000000,0.000000000,0.000000000,9.800000000,1.000000000,0.000000000,0.000000000,0.000000000
4.783332568,0.000000000,0.000000000,0.000000000,0.000000000,0.000000000,9.800000000,1.000000000,0.000000000,0.000000000,0.000000000
4.787499234,0.000000000,0.000000000,0.000000000,0.000000000,0.000000000,9.800000000,1.000000000,0.000000000,0.000000000,0.000000000
4.791665900,0.000000000,0.000000000,0.000000000,0.000000000,0.000000000,9.800000000,1.000000000,0.000000000,0.000000000,0.000000000
4.795832566,0.000000000,0.000000000,0.000000000,0.000000000,0.000000000,9.800000000,1.000000000,0.000000000,0.000000000,0.000000000
4.804165898,0.000000000,0.000000000,0.000000000,0.000000000,0.000000000,9.800000000,1.000000000,0.000000000,0.000000000,0.000000000
4.808332564,0.000000000,0.000000000,0.000000000,0.000000000,0.000000000,9.800000000,1.000000000,0.000000000,0.000000000,0.000000000
4.812499230,0.000000000,0.000000000,0.000000000,0.000000000,0.000000000,9.800000000,1.000000000,0.000000000,0.000000000,0.000000000
4.816665896,0.000000000,0.000000000,0.000000000,0.000000000,0.000000000,9.800000000,1.000000000,0.000000000,0.000000000,0.000000000
4.820832562,0.000000000,0.000000000,0.000000000,0.000000000,0.000000000,9.800000000,1.000000000,0.000000000,0.000000000,0.000000000
4.829165894,0.000000000,0.000000000,0.000000000,0.000000000,0.000000000,9.800000000,1.000000000,0.000000000,0.000000000,0.000000000
4.833332560,0.000000000,0.000000000,0.000000000,0.000000000,0.000000000,9.800000000,1.000000000,0.000000000,0.000000000,0.000000000
4.837499226,0.000000000,0.000000000,0.000000000,0.000000000,0.000000000,9.800000000,1.000000000,0.000000000,0.000000000,0.000000000
4.841665892,0.000000000,0.000000000,0.000000000,0.000000000,0.000000000,9.800000000,1.000000000,0.000000000,0.000000000,0.000000000
4.845832558,0.000000000,0.000000000,0.000000000,0.000000000,0.000000000,9.800000000,1.000000000,0.000000000,0.000000000,0.000000000
4.854165890,0.000000000,0.000000000,0.000000000,0.000000000,0.000000000,9.800000000,1.000000000,0.000000000,0.000000000,0.000000000
4.858332556,0.000000000,0.000000000,0.000000000,0.000000000,0.000000000,9.800000000,1.000000000,0.000000000,0.000000000,0.000000000
4.862499222,0.000000000,0.000000000,0.000000000,0.000000000,0.000000000,9.800000000,1.000000000,0.000000000,0.000000000,0.000000000
4.866665888,0.000000000,0.000000000,0.000000000,0.000000000,0.000000000,9.800000000,1.000000000,0.000000000,0.000000000,0.000000000
4.870832554,0.000000000,0.000000000,0.000000000,0.000000000,0.000000000,9.800000000,1.000000000,0.000000000,0.000000000,0.000000000
4.879165886,0.000000000,0.000000000,0.000000000,0.000000000,0.000000000,9.800000000,1.000000000,0.000000000,0.000000000,0.000000000
4.883332552,0.000000000,0.000000000,0.000000000,0.000000000,0.000000000,9.800000000,1.000000000,0.000000000,0.000000000,0.000000000
4.887499218,0.000000000,0.000000000,0.000000000,0.000000000,0.000000000,9.800000000,1.000000000,0.000000000,0.000000000,0.000000000
4.891665884,0.000000000,0.000000000,0.000000000,0.000000000,0.000000000,9.800000000,1.000000000,0.000000000,0.000000000,0.000000000
4.895832550,0.000000000,0.000000000,0.000000000,0.000000000,0.000000000,9.800000000,1.000000000,0.000000000,0.000000000,0.000000000
4.904165882,0.000000000,0.000000000,0.000000000,0.000000000,0.000000000,9.800000000,1.000000000,0.000000000,0.000000000,0.000000000
4.908332548,0.000000000,0.000000000,0.000000000,0.000000000,0.000000000,9.800000000,1.000000000,0.000000000,0.000000000,0.000000000
4.912499214,0.000000000,0.000000000,0.000000000,0.000000000,0.000000000,9.800000000,1.000000000,0.000000000,0.000000000,0.000000000
4.916665880,0.000000000,0.000000000,0.000000000,0.000000000,0.000000000,9.800000000,1.000000000,0.000000000,0.000000000,0.000000000
4.920832546,0.000000000,0.000000000,0.000000000,0.000000000,0.000000000,9.800000000,1.000000000,0.000000000,0.000000000,0.000000000
4.929165878,0.000000000,0.000000000,0.000000000,0.000000000,0.000000000,9.800000000,1.000000000,0.000000000,0.000000000,0.000000000
4.933332544,0.000000000,0.000000000,0.000000000,0.000000000,0.000000000,9.800000000,1.000000000,0.000000000,0.000000000,0.000000000
4.937499210,0.000000000,0.000000000,0.000000000,0.000000000,0.000000000,9.800000000,1.000000000,0.000000000,0.000000000,0.000000000
4.941665876,0.000000000,0.000000000,0.000000000,0.000000000,0.000000000,9.800000000,1.000000000,0.000000000,0.000000000,0.000000000
4.945832542,0.000000000,0.000000000,0.000000000,0.000000000,0.000000000,9.800000000,1.000000000,0.000000000,0.000000000,0.000000000
4.954165874,0.000000000,0.000000000,0.000000000,0.000000000,0.000000000,9.800000000,1.000000000,0.000000000,0.000000000,0.000000000
4.958332540,0.000000000,0.000000000,0.000000000,0.000000000,0.000000000,9.800000000,1.000000000,0.000000000,0.000000000,0.000000000
4.962499206,0.000000000,0.000000000,0.000000000,0.000000000,0.000000000,9.800000000,1.000000000,0.000000000,0.000000000,0.000000000
4.966665872,0.000000000,0.000000000,0.000000000,0.000000000,0.000000000,9.800000000,1.000000000,0.000000000,0.000000000,0.000000000
4.970832538,0.000000000,0.000000000,0.000000000,0.000000000,0.000000000,9.800000000,1.000000000,0.000000000,0.000000000,0.000000000
4.979165870,0.000000000,0.000000000,0.000000000,0.000000000,0.000000000,9.800000000,1.000000000,0.000000000,0.000000000,0.000000000
4.983332536,0.000000000,0.000000000,0.000000000,0.000000000,0.000000000,9.800000000,1.000000000,0.000000000,0.000000000,0.000000000
4.987499202,0.000000000,0.000000000,0.000000000,0.000000000,0.000000000,9.800000000,1.000000000,0.000000000,0.000000000,0.000000000
4.991665868,0.000000000,0.000000000,0.000000000,0.000000000,0.000000000,9.800000000,1.000000000,0.000000000,0.000000000,0.000000000
4.995832534,0.000000000,0.000000000,0.000000000,0.000000000,0.000000000,9.800000000,1.000000000,0.000000000,0.000000000,0.000000000
5.004165866,0.000000000,0.000000000,0.000000000,0.000000000,0.000000000,9.800000000,1.000000000,0.000000000,0.000000000,0.000000000
5.008332532,0.000000000,0.000000000,0.000000000,0.000000000,0.000000000,9.800000000,1.000000000,0.000000000,0.000000000,0.000000000
5.012499198,0.000000000,0.000000000,0.000000000,0.000000000,0.000000000,9.800000000,1.000000000,0.000000000,0.000000000,0.000000000
5.016665864,0.000000000,0.000000000,0.000000000,0.000000000,0.000000000,9.800000000,1.000000000,0.000000000,0.000000000,0.000000000
5.020832530,0.000000000,0.000000000,0.000000000,0.000000000,0.000000000,9.800000000,1.000000000,0.000000000,0.000000000,0.000000000
5.029165862,0.000000000,0.000000000,0.000000000,0.000000000,0.000000000,9.800000000,1.000000000,0.000000000,0.000000000,0.000000000
5.033332528,0.000000000,0.000000000,0.000000000,0.000000000,0.000000000,9.800000000,1.000000000,0.000000000,0.000000000,0.000000000
5.037499194,0.000000000,0.000000000,0.000000000,0.000000000,0.000000000,9.800000000,1.000000000,0.000000000,0.000000000,0.000000000
5.041665860,0.000000000,0.000000000,0.000000000,0.000000000,0.000000000,9.800000000,1.000000000,0.000000000,0.000000000,0.000000000
5.045832526,0.000000000,0.000000000,0.000000000,0.000000000,0.000000000,9.800000000,1.000000000,0.000000000,0.000000000,0.000000000
5.054165858,0.000000000,0.000000000,0.000000000,0.000000000,0.000000000,9.800000000,1.000000000,0.000000000,0.000000000,0.000000000
5.058332524,0.000000000,0.000000000,0.000000000,0.000000000,0.000000000,9.800000000,1.000000000,0.000000000,0.000000000,0.000000000
5.062499190,0.000000000,0.000000000,0.000000000,0.000000000,0.000000000,9.800000000,1.000000000,0.000000000,0.000000000,0.000000000
5.066665856,0.000000000,0.000000000,0.000000000,0.000000000,0.000000000,9.800000000,1.000000000,0.000000000,0.000000000,0.000000000
5.070832522,0.000000000,0.000000000,0.000000000,0.000000000,0.000000000,9.800000000,1.000000000,0.000000000,0.000000000,0.000000000
5.079165854,0.000000000,0.000000000,0.000000000,0.000000000,0.000000000,9.800000000,1.000000000,0.000000000,0.000000000,0.000000000
5.083332520,0.000000000,0.000000000,0.000000000,0.000000000,0.000000000,9.800000000,1.000000000,0.000000000,0.000000000,0.000000000
5.087499186,0.000000000,0.000000000,0.000000000,0.000000000,0.000000000,9.800000000,1.000000000,0.000000000,0.000000000,0.000000000
5.091665852,0.000000000,0.000000000,0.000000000,0.000000000,0.000000000,9.800000000,1.000000000,0.000000000,0.000000000,0.000000000
5.095832518,0.000000000,0.000000000,0.000000000,0.000000000,0.000000000,9.800000000,1.000000000,0.000000000,0.000000000,0.000000000
5.104165850,0.000000000,0.000000000,0.000000000,0.000000000,0.000000000,9.800000000,1.000000000,0.000000000,0.000000000,0.000000000
5.108332516,0.000000000,0.000000000,0.000000000,0.000000000,0.000000000,9.800000000,1.000000000,0.000000000,0.000000000,0.000000000
5.112499182,0.000000000,0.000000000,0.000000000,0.000000000,0.000000000,9.800000000,1.000000000,0.000000000,0.000000000,0.000000000
5.116665848,0.000000000,0.000000000,0.000000000,0.000000000,0.000000000,9.800000000,1.000000000,0.000000000,0.000000000,0.000000000
5.120832514,0.000000000,0.000000000,0.000000000,0.000000000,0.000000000,9.800000000,1.000000000,0.000000000,0.000000000,0.000000000
5.129165846,0.000000000,0.000000000,0.000000000,0.000000000,0.000000000,9.800000000,1.000000000,0.000000000,0.000000000,0.000000000
5.133332512,0.000000000,0.000000000,0.000000000,0.000000000,0.000000000,9.800000000,1.000000000,0.000000000,0.000000000,0.000000000
5.137499178,0.000000000,0.000000000,0.000000000,0.000000000,0.000000000,9.800000000,1.000000000,0.000000000,0.000000000,0.000000000
5.141665844,0.000000000,0.000000000,0.000000000,0.000000000,0.000000000,9.800000000,1.000000000,0.000000000,0.000000000,0.000000000
5.145832510,0.000000000,0.000000000,0.000000000,0.000000000,0.000000000,9.800000000,1.000000000,0.000000000,0.000000000,0.000000000
5.154165842,0.000000000,0.000000000,0.000000000,0.000000000,0.000000000,9.800000000,1.000000000,0.000000000,0.000000000,0.000000000
5.158332508,0.000000000,0.000000000,0.000000000,0.000000000,0.000000000,9.800000000,1.000000000,0.000000000,0.000000000,0.000000000
5.162499174,0.000000000,0.000000000,0.000000000,0.000000000,0.000000000,9.800000000,1.000000000,0.000000000,0.000000000,0.000000000
5.166665840,0.000000000,0.000000000,0.000000000,0.000000000,0.000000000,9.800000000,1.000000000,0.000000000,0.000000000,0.000000000
5.170832506,0.000000000,0.000000000,0.000000000,0.000000000,0.000000000,9.800000000,1.000000000,0.000000000,0.000000000,0.000000000
5.179165838,0.000000000,0.000000000,0.000000000,0.000000000,0.000000000,9.800000000,1.000000000,0.000000000,0.000000000,0.000000000
5.183332504,0.000000000,0.000000000,0.000000000,0.000000000,0.000000000,9.800000000,1.000000000,0.000000000,0.000000000,0.000000000
5.187499170,0.000000000,0.000000000,0.000000000,0.000000000,0.000000000,9.800000000,1.000000000,0.000000000,0.000000000,0.000000000
5.191665836,0.000000000,0.000000000,0.000000000,0.000000000,0.000000000,9.800000000,1.000000000,0.000000000,0.000000000,0.000000000
5.195832502,0.000000000,0.000000000,0.000000000,0.000000000,0.000000000,9.800000000,1.000000000,0.000000000,0.000000000,0.000000000
5.204165834,0.000000000,0.000000000,0.000000000,0.000000000,0.000000000,9.800000000,1.000000000,0.000000000,0.000000000,0.000000000
5.208332500,0.000000000,0.000000000,0.000000000,0.000000000,0.000000000,9.800000000,1.000000000,0.000000000,0.000000000,0.000000000
5.212499166,0.000000000,0.000000000,0.000000000,0.000000000,0.000000000,9.800000000,1.000000000,0.000000000,0.000000000,0.000000000
5.216665832,0.000000000,0.000000000,0.000000000,0.000000000,0.000000000,9.800000000,1.000000000,0.000000000,0.000000000,0.000000000
5.220832498,0.000000000,0.000000000,0.000000000,0.000000000,0.000000000,9.800000000,1.000000000,0.000000000,0.000000000,0.000000000
5.229165830,0.000000000,0.000000000,0.000000000,0.000000000,0.000000000,9.800000000,1.000000000,0.000000000,0.000000000,0.000000000
5.233332496,0.000000000,0.000000000,0.000000000,0.000000000,0.000000000,9.800000000,1.000000000,0.000000000,0.000000000,0.000000000
5.237499162,0.000000000,0.000000000,0.000000000,0.000000000,0.000000000,9.800000000,1.000000000,0.000000000,0.000000000,0.000000000
5.241665828,0.000000000,0.000000000,0.000000000,0.000000000,0.000000000,9.800000000,1.000000000,0.000000000,0.000000000,0.000000000
5.245832494,0.000000000,0.000000000,0.000000000,0.000000000,0.000000000,9.800000000,1.000000000,0.000000000,0.000000000,0.000000000
5.254165826,0.000000000,0.000000000,0.000000000,0.000000000,0.000000000,9.800000000,1.000000000,0.000000000,0.000000000,0.000000000
5.258332492,0.000000000,0.000000000,0.000000000,0.000000000,0.000000000,9.800000000,1.000000000,0.000000000,0.000000000,0.000000000
5.262499158,0.000000000,0.000000000,0.000000000,0.000000000,0.000000000,9.800000000,1.000000000,0.000000000,0.000000000,0.000000000
5.266665824,0.000000000,0.000000000,0.000000000,0.000000000,0.000000000,9.800000000,1.000000000,0.000000000,0.000000000,0.000000000
5.270832490,0.000000000,0.000000000,0.000000000,0.000000000,0.000000000,9.800000000,1.000000000,0.000000000,0.000000000,0.000000000
5.279165822,0.000000000,0.000000000,0.000000000,0.000000000,0.000000000,9.800000000,1.000000000,0.000000000,0.000000000,0.000000000
5.283332488,0.000000000,0.000000000,0.000000000,0.000000000,0.000000000,9.800000000,1.000000000,0.000000000,0.000000000,0.000000000
5.287499154,0.000000000,0.000000000,0.000000000,0.000000000,0.000000000,9.800000000,1.000000000,0.000000000,0.000000000,0.000000000
5.291665820,0.000000000,0.000000000,0.000000000,0.000000000,0.000000000,9.800000000,1.000000000,0.000000000,0.000000000,0.000000000
5.295832486,0.000000000,0.000000000,0.000000000,0.000000000,0.000000000,9.800000000,1.000000000,0.000000000,0.000000000,0.000000000
5.304165818,0.000000000,0.000000000,0.000000000,0.000000000,0.000000000,9.800000000,1.000000000,0.000000000,0.000000000,0.000000000
5.308332484,0.000000000,0.000000000,0.000000000,0.000000000,0.000000000,9.800000000,1.000000000,0.000000000,0.000000000,0.000000000
5.312499150,0.000000000,0.000000000,0.000000000,0.000000000,0.000000000,9.800000000,1.000000000,0.000000000,0.000000000,0.000000000
5.316665816,0.000000000,0.000000000,0.000000000,0.000000000,0.000000000,9.800000000,1.000000000,0.000000000,0.000000000,0.000000000
5.320832482,0.000000000,0.000000000,0.000000000,0.000000000,0.000000000,9.800000000,1.000000000,0.000000000,0.000000000,0.000000000
5.329165814,0.000000000,0.000000000,0.000000000,0.000000000,0.000000000,9.800000000,1.000000000,0.000000000,0.000000000,0.000000000
5.333332480,0.000000000,0.000000000,0.000000000,0.000000000,0.000000000,9.800000000,1.000000000,0.000000000,0.000000000,0.000000000
5.337499146,0.000000000,0.000000000,0.000000000,0.000000000,0.000000000,9.800000000,1.000000000,0.000000000,0.000000000,0.000000000
5.341665812,0.000000000,0.000000000,0.000000000,0.000000000,0.000000000,9.800000000,1.000000000,0.000000000,0.000000000,0.000000000
5.345832478,0.000000000,0.000000000,0.000000000,0.000000000,0.000000000,9.800000000,1.000000000,0.000000000,0.000000000,0.000000000
5.354165810,0.000000000,0.000000000,0.000000000,0.000000000,0.000000000,9.800000000,1.000000000,0.000000000,0.000000000,0.000000000
5.358332476,0.000000000,0.000000000,0.000000000,0.000000000,0.000000000,9.800000000,1.000000000,0.000000000,0.000000000,0.000000000
5.362499142,0.000000000,0.000000000,0.000000000,0.000000000,0.000000000,9.800000000,1.000000000,0.000000000,0.000000000,0.000000000
5.366665808,0.000000000,0.000000000,0.000000000,0.000000000,0.000000000,9.800000000,1.000000000,0.000000000,0.000000000,0.000000000
5.370832474,0.000000000,0.000000000,0.000000000,0.000000000,0.000000000,9.800000000,1.000000000,0.000000000,0.000000000,0.000000000
5.379165806,0.000000000,0.000000000,0.000000000,0.000000000,0.000000000,9.800000000,1.000000000,0.000000000,0.000000000,0.000000000
5.383332472,0.000000000,0.000000000,0.000000000,0.000000000,0.000000000,9.800000000,1.000000000,0.000000000,0.000000000,0.000000000
5.387499138,0.000000000,0.000000000,0.000000000,0.000000000,0.000000000,9.800000000,1.000000000,0.000000000,0.000000000,0.000000000
5.391665804,0.000000000,0.000000000,0.000000000,0.000000000,0.000000000,9.800000000,1.000000000,0.000000000,0.000000000,0.000000000
5.395832470,0.000000000,0.000000000,0.000000000,0.000000000,0.000000000,9.800000000,1.000000000,0.000000000,0.000000000,0.000000000
5.404165802,0.000000000,0.000000000,0.000000000,0.000000000,0.000000000,9.800000000,1.000000000,0.000000000,0.000000000,0.000000000
5.408332468,0.000000000,0.000000000,0.000000000,0.000000000,0.000000000,9.800000000,1.000000000,0.000000000,0.000000000,0.000000000
5.412499134,0.000000000,0.000000000,0.000000000,0.000000000,0.000000000,9.800000000,1.000000000,0.000000000,0.000000000,0.000000000
5.416665800,0.000000000,0.000000000,0.000000000,0.000000000,0.000000000,9.800000000,1.000000000,0.000000000,0.000000000,0.000000000
5.420832466,0.000000000,0.000000000,0.000000000,0.000000000,0.000000000,9.800000000,1.000000000,0.000000000,0.000000000,0.000000000
5.429165798,0.000000000,0.000000000,0.000000000,0.000000000,0.000000000,9.800000000,1.000000000,0.000000000,0.000000000,0.000000000
5.433332464,0.000000000,0.000000000,0.000000000,0.000000000,0.000000000,9.800000000,1.000000000,0.000000000,0.000000000,0.000000000
5.437499130,0.000000000,0.000000000,0.000000000,0.000000000,0.000000000,9.800000000,1.000000000,0.000000000,0.000000000,0.000000000
5.441665796,0.000000000,0.000000000,0.000000000,0.000000000,0.000000000,9.800000000,1.000000000,0.000000000,0.000000000,0.000000000
5.445832462,0.000000000,0.000000000,0.000000000,0.000000000,0.000000000,9.800000000,1.000000000,0.000000000,0.000000000,0.000000000
5.454165794,0.000000000,0.000000000,0.000000000,0.000000000,0.000000000,9.800000000,1.000000000,0.000000000,0.000000000,0.000000000
5.458332460,0.000000000,0.000000000,0.000000000,0.000000000,0.000000000,9.800000000,1.000000000,0.000000000,0.000000000,0.000000000
5.462499126,0.000000000,0.000000000,0.000000000,0.000000000,0.000000000,9.800000000,1.000000000,0.000000000,0.000000000,0.000000000
5.466665792,0.000000000,0.000000000,0.000000000,0.000000000,0.000000000,9.800000000,1.000000000,0.000000000,0.000000000,0.000000000
5.470832458,0.000000000,0.000000000,0.000000000,0.000000000,0.000000000,9.800000000,1.000000000,0.000000000,0.000000000,0.000000000
5.479165790,0.000000000,0.000000000,0.000000000,0.000000000,0.000000000,9.800000000,1.000000000,0.000000000,0.000000000,0.000000000
5.483332456,0.000000000,0.000000000,0.000000000,0.000000000,0.000000000,9.800000000,1.000000000,0.000000000,0.000000000,0.000000000
5.487499122,0.000000000,0.000000000,0.000000000,0.000000000,0.000000000,9.800000000,1.000000000,0.000000000,0.000000000,0.000000000
5.491665788,0.000000000,0.000000000,0.000000000,0.000000000,0.000000000,9.800000000,1.000000000,0.000000000,0.000000000,0.000000000
5.495832454,0.000000000,0.000000000,0.000000000,0.000000000,0.000000000,9.800000000,1.000000000,0.000000000,0.000000000,0.000000000
5.504165786,0.000000000,0.000000000,0.000000000,0.000000000,0.000000000,9.800000000,1.000000000,0.000000000,0.000000000,0.000000000
5.508332452,0.000000000,0.000000000,0.000000000,0.000000000,0.000000000,9.800000000,1.000000000,0.000000000,0.000000000,0.000000000
5.512499118,0.000000000,0.000000000,0.000000000,0.000000000,0.000000000,9.800000000,1.000000000,0.000000000,0.000000000,0.000000000
5.516665784,0.000000000,0.000000000,0.000000000,0.000000000,0.000000000,9.800000000,1.000000000,0.000000000,0.000000000,0.000000000
5.520832450,0.000000000,0.000000000,0.000000000,0.000000000,0.000000000,9.800000000,1.000000000,0.000000000,0.000000000,0.000000000
5.529165782,0.000000000,0.000000000,0.000000000,0.000000000,0.000000000,9.800000000,1.000000000,0.000000000,0.000000000,0.000000000
5.533332448,0.000000000,0.000000000,0.000000000,0.000000000,0.000000000,9.800000000,1.000000000,0.000000000,0.000000000,0.000000000
5.537499114,0.000000000,0.000000000,0.000000000,0.000000000,0.000000000,9.800000000,1.000000000,0.000000000,0.000000000,0.000000000
5.541665780,0.000000000,0.000000000,0.000000000,0.000000000,0.000000000,9.800000000,1.000000000,0.000000000,0.000000000,0.000000000
5.545832446,0.000000000,0.000000000,0.000000000,0.000000000,0.000000000,9.800000000,1.000000000,0.000000000,0.000000000,0.000000000
5.554165778,0.000000000,0.000000000,0.000000000,0.000000000,0.000000000,9.800000000,1.000000000,0.000000000,0.000000000,0.000000000
5.558332444,0.000000000,0.000000000,0.000000000,0.000000000,0.000000000,9.800000000,1.000000000,0.000000000,0.000000000,0.000000000
5.562499110,0.000000000,0.000000000,0.000000000,0.000000000,0.000000000,9.800000000,1.000000000,0.000000000,0.000000000,0.000000000
5.566665776,0.000000000,0.000000000,0.000000000,0.000000000,0.000000000,9.800000000,1.000000000,0.000000000,0.000000000,0.000000000
5.570832442,0.000000000,0.000000000,0.000000000,0.000000000,0.000000000,9.800000000,1.000000000,0.000000000,0.000000000,0.000000000
5.579165774,0.000000000,0.000000000,0.000000000,0.000000000,0.000000000,9.800000000,1.000000000,0.000000000,0.000000000,0.000000000
5.583332440,0.000000000,0.000000000,0.000000000,0.000000000,0.000000000,9.800000000,1.000000000,0.000000000,0.000000000,0.000000000
5.587499106,0.000000000,0.000000000,0.000000000,0.000000000,0.000000000,9.800000000,1.000000000,0.000000000,0.000000000,0.000000000
5.591665772,0.000000000,0.000000000,0.000000000,0.000000000,0.000000000,9.800000000,1.000000000,0.000000000,0.000000000,0.000000000
5.595832438,0.000000000,0.000000000,0.000000000,0.000000000,0.000000000,9.800000000,1.000000000,0.000000000,0.000000000,0.000000000
5.604165770,0.000000000,0.000000000,0.000000000,0.000000000,0.000000000,9.800000000,1.000000000,0.000000000,0.000000000,0.000000000
5.608332436,0.000000000,0.000000000,0.000000000,0.000000000,0.000000000,9.800000000,1.000000000,0.000000000,0.000000000,0.000000000
5.612499102,0.000000000,0.000000000,0.000000000,0.000000000,0.000000000,9.800000000,1.000000000,0.000000000,0.000000000,0.000000000
5.616665768,0.000000000,0.000000000,0.000000000,0.000000000,0.000000000,9.800000000,1.000000000,0.000000000,0.000000000,0.000000000
5.620832434,0.000000000,0.000000000,0.000000000,0.000000000,0.000000000,9.800000000,1.000000000,0.000000000,0.000000000,0.000000000
5.629165766,0.000000000,0.000000000,0.000000000,0.000000000,0.000000000,9.800000000,1.000000000,0.000000000,0.000000000,0.000000000
5.633332432,0.000000000,0.000000000,0.000000000,0.000000000,0.000000000,9.800000000,1.000000000,0.000000000,0.000000000,0.000000000
5.637499098,0.000000000,0.000000000,0.000000000,0.000000000,0.000000000,9.800000000,1.000000000,0.000000000,0.000000000,0.000000000
5.641665764,0.000000000,0.000000000,0.000000000,0.000000000,0.000000000,9.800000000,1.000000000,0.000000000,0.000000000,0.000000000
5.645832430,0.000000000,0.000000000,0.000000000,0.000000000,0.000000000,9.800000000,1.000000000,0.000000000,0.000000000,0.000000000
5.654165762,0.000000000,0.000000000,0.000000000,0.000000000,0.000000000,9.800000000,1.000000000,0.000000000,0.000000000,0.000000000
5.658332428,0.000000000,0.000000000,0.000000000,0.000000000,0.000000000,9.800000000,1.000000000,0.000000000,0.000000000,0.000000000
5.662499094,0.000000000,0.000000000,0.000000000,0.000000000,0.000000000,9.800000000,1.000000000,0.000000000,0.000000000,0.000000000
5.666665760,0.000000000,0.000000000,0.000000000,0.000000000,0.000000000,9.800000000,1.000000000,0.000000000,0.000000000,0.000000000
5.670832426,0.000000000,0.000000000,0.000000000,0.000000000,0.000000000,9.800000000,1.000000000,0.000000000,0.000000000,0.000000000
5.679165758,0.000000000,0.000000000,0.000000000,0.000000000,0.000000000,9.800000000,1.000000000,0.000000000,0.000000000,0.000000000
5.683332424,0.000000000,0.000000000,0.000000000,0.000000000,0.000000000,9.800000000,1.000000000,0.000000000,0.000000000,0.000000000
5.687499090,0.000000000,0.000000000,0.000000000,0.000000000,0.000000000,9.800000000,1.000000000,0.000000000,0.000000000,0.000000000
5.691665756,0.000000000,0.000000000,0.000000000,0.000000000,0.000000000,9.800000000,1.000000000,0.000000000,0.000000000,0.000000000
5.695832422,0.000000000,0.000000000,0.000000000,0.000000000,0.000000000,9.800000000,1.000000000,0.000000000,0.000000000,0.000000000
5.704165754,0.000000000,0.000000000,0.000000000,0.000000000,0.000000000,9.800000000,1.000000000,0.000000000,0.000000000,0.000000000
5.708332420,0.000000000,0.000000000,0.000000000,0.000000000,0.000000000,9.800000000,1.000000000,0.000000000,0.000000000,0.000000000
5.712499086,0.000000000,0.000000000,0.000000000,0.000000000,0.000000000,9.800000000,1.000000000,0.000000000,0.000000000,0.000000000
5.716665752,0.000000000,0.000000000,0.000000000,0.000000000,0.000000000,9.800000000,1.000000000,0.000000000,0.000000000,0.000000000
5.720832418,0.000000000,0.000000000,0.000000000,0.000000000,0.000000000,9.800000000,1.000000000,0.000000000,0.000000000,0.000000000
5.729165750,0.000000000,0.000000000,0.000000000,0.000000000,0.000000000,9.800000000,1.000000000,0.000000000,0.000000000,0.000000000
5.733332416,0.000000000,0.000000000,0.000000000,0.000000000,0.000000000,9.800000000,1.000000000,0.000000000,0.000000000,0.000000000
5.737499082,0.000000000,0.000000000,0.000000000,0.000000000,0.000000000,9.800000000,1.000000000,0.000000000,0.000000000,0.000000000
5.741665748,0.000000000,0.000000000,0.000000000,0.000000000,0.000000000,9.800000000,1.000000000,0.000000000,0.000000000,0.000000000
5.745832414,0.000000000,0.000000000,0.000000000,0.000000000,0.000000000,9.800000000,1.000000000,0.000000000,0.000000000,0.000000000
5.754165746,0.000000000,0.000000000,0.000000000,0.000000000,0.000000000,9.800000000,1.000000000,0.000000000,0.000000000,0.000000000
5.758332412,0.000000000,0.000000000,0.000000000,0.000000000,0.000000000,9.800000000,1.000000000,0.000000000,0.000000000,0.000000000
5.762499078,0.000000000,0.000000000,0.000000000,0.000000000,0.000000000,9.800000000,1.000000000,0.000000000,0.000000000,0.000000000
5.766665744,0.000000000,0.000000000,0.000000000,0.000000000,0.000000000,9.800000000,1.000000000,0.000000000,0.000000000,0.000000000
5.770832410,0.000000000,0.000000000,0.000000000,0.000000000,0.000000000,9.800000000,1.000000000,0.000000000,0.000000000,0.000000000
5.779165742,0.000000000,0.000000000,0.000000000,0.000000000,0.000000000,9.800000000,1.000000000,0.000000000,0.000000000,0.000000000
5.783332408,0.000000000,0.000000000,0.000000000,0.000000000,0.000000000,9.800000000,1.000000000,0.000000000,0.000000000,0.000000000
5.787499074,0.000000000,0.000000000,0.000000000,0.000000000,0.000000000,9.800000000,1.000000000,0.000000000,0.000000000,0.000000000
5.791665740,0.000000000,0.000000000,0.000000000,0.000000000,0.000000000,9.800000000,1.000000000,0.000000000,0.000000000,0.000000000
5.795832406,0.000000000,0.000000000,0.000000000,0.000000000,0.000000000,9.800000000,1.000000000,0.000000000,0.000000000,0.000000000
5.804165738,0.000000000,0.000000000,0.000000000,0.000000000,0.000000000,9.800000000,1.000000000,0.000000000,0.000000000,0.000000000
5.808332404,0.000000000,0.000000000,0.000000000,0.000000000,0.000000000,9.800000000,1.000000000,0.000000000,0.000000000,0.000000000
5.812499070,0.000000000,0.000000000,0.000000000,0.000000000,0.000000000,9.800000000,1.000000000,0.000000000,0.000000000,0.000000000
5.816665736,0.000000000,0.000000000,0.000000000,0.000000000,0.000000000,9.800000000,1.000000000,0.000000000,0.000000000,0.000000000
5.820832402,0.000000000,0.000000000,0.000000000,0.000000000,0.000000000,9.800000000,1.000000000,0.000000000,0.000000000,0.000000000
5.829165734,0.000000000,0.000000000,0.000000000,0.000000000,0.000000000,9.800000000,1.000000000,0.000000000,0.000000000,0.000000000
5.833332400,0.000000000,0.000000000,0.000000000,0.000000000,0.000000000,9.800000000,1.000000000,0.000000000,0.000000000,0.000000000
5.837499066,0.000000000,0.000000000,0.000000000,0.000000000,0.000000000,9.800000000,1.000000000,0.000000000,0.000000000,0.000000000
5.841665732,0.000000000,0.000000000,0.000000000,0.000000000,0.000000000,9.800000000,1.000000000,0.000000000,0.000000000,0.000000000
5.845832398,0.000000000,0.000000000,0.000000000,0.000000000,0.000000000,9.800000000,1.000000000,0.000000000,0.000000000,0.000000000
5.854165730,0.000000000,0.000000000,0.000000000,0.000000000,0.000000000,9.800000000,1.000000000,0.000000000,0.000000000,0.000000000
5.858332396,0.000000000,0.000000000,0.000000000,0.000000000,0.000000000,9.800000000,1.000000000,0.000000000,0.000000000,0.000000000
5.862499062,0.000000000,0.000000000,0.000000000,0.000000000,0.000000000,9.800000000,1.000000000,0.000000000,0.000000000,0.000000000
5.866665728,0.000000000,0.000000000,0.000000000,0.000000000,0.000000000,9.800000000,1.000000000,0.000000000,0.000000000,0.000000000
5.870832394,0.000000000,0.000000000,0.000000000,0.000000000,0.000000000,9.800000000,1.000000000,0.000000000,0.000000000,0.000000000
5.879165726,0.000000000,0.000000000,0.000000000,0.000000000,0.000000000,9.800000000,1.000000000,0.000000000,0.000000000,0.000000000
5.883332392,0.000000000,0.000000000,0.000000000,0.000000000,0.000000000,9.800000000,1.000000000,0.000000000,0.000000000,0.000000000
5.887499058,0.000000000,0.000000000,0.000000000,0.000000000,0.000000000,9.800000000,1.000000000,0.000000000,0.000000000,0.000000000
5.891665724,0.000000000,0.000000000,0.000000000,0.000000000,0.000000000,9.800000000,1.000000000,0.000000000,0.000000000,0.000000000
5.895832390,0.000000000,0.000000000,0.000000000,0.000000000,0.000000000,9.800000000,1.000000000,0.000000000,0.000000000,0.000000000
5.904165722,0.000000000,0.000000000,0.000000000,0.000000000,0.000000000,9.800000000,1.000000000,0.000000000,0.000000000,0.000000000
5.908332388,0.000000000,0.000000000,0.000000000,0.000000000,0.000000000,9.800000000,1.000000000,0.000000000,0.000000000,0.000000000
5.912499054,0.000000000,0.000000000,0.000000000,0.000000000,0.000000000,9.800000000,1.000000000,0.000000000,0.000000000,0.000000000
5.916665720,0.000000000,0.000000000,0.000000000,0.000000000,0.000000000,9.800000000,1.000000000,0.000000000,0.000000000,0.000000000
5.920832386,0.000000000,0.000000000,0.000000000,0.000000000,0.000000000,9.800000000,1.000000000,0.000000000,0.000000000,0.000000000
5.929165718,0.000000000,0.000000000,0.000000000,0.000000000,0.000000000,9.800000000,1.000000000,0.000000000,0.000000000,0.000000000
5.933332384,0.000000000,0.000000000,0.000000000,0.000000000,0.000000000,9.800000000,1.000000000,0.000000000,0.000000000,0.000000000
5.937499050,0.000000000,0.000000000,0.000000000,0.000000000,0.000000000,9.800000000,1.000000000,0.000000000,0.000000000,0.000000000
5.941665716,0.000000000,0.000000000,0.000000000,0.000000000,0.000000000,9.800000000,1.000000000,0.000000000,0.000000000,0.000000000
5.945832382,0.000000000,0.000000000,0.000000000,0.000000000,0.000000000,9.800000000,1.000000000,0.000000000,0.000000000,0.000000000
5.954165714,0.000000000,0.000000000,0.000000000,0.000000000,0.000000000,9.800000000,1.000000000,0.000000000,0.000000000,0.000000000
5.958332380,0.000000000,0.000000000,0.000000000,0.000000000,0.000000000,9.800000000,1.000000000,0.000000000,0.000000000,0.000000000
5.962499046,0.000000000,0.000000000,0.000000000,0.000000000,0.000000000,9.800000000,1.000000000,0.000000000,0.000000000,0.000000000
5.966665712,0.000000000,0.000000000,0.000000000,0.000000000,0.000000000,9.800000000,1.000000000,0.000000000,0.000000000,0.000000000
5.970832378,0.000000000,0.000000000,0.000000000,0.000000000,0.000000000,9.800000000,1.000000000,0.000000000,0.000000000,0.000000000
5.979165710,0.000000000,0.000000000,0.000000000,0.000000000,0.000000000,9.800000000,1.000000000,0.000000000,0.000000000,0.000000000
5.983332376,0.000000000,0.000000000,0.000000000,0.000000000,0.000000000,9.800000000,1.000000000,0.000000000,0.000000000,0.000000000
5.987499042,0.000000000,0.000000000,0.000000000,0.000000000,0.000000000,9.800000000,1.000000000,0.000000000,0.000000000,0.000000000
5.991665708,0.000000000,0.000000000,0.000000000,0.000000000,0.000000000,9.800000000,1.000000000,0.000000000,0.000000000,0.000000000
5.995832374,0.000000000,0.000000000,0.000000000,0.000000000,0.000000000,9.800000000,1.000000000,0.000000000,0.000000000,0.000000000
6.004165706,0.000000000,0.000000000,0.000000000,0.000000000,0.000000000,9.800000000,1.000000000,0.000000000,0.000000000,0.000000000
6.008332372,0.000000000,0.000000000,0.000000000,0.000000000,0.000000000,9.800000000,1.000000000,0.000000000,0.000000000,0.000000000
6.012499038,0.000000000,0.000000000,0.000000000,0.000000000,0.000000000,9.800000000,1.000000000,0.000000000,0.000000000,0.000000000
6.016665704,0.000000000,0.000000000,0.000000000,0.000000000,0.000000000,9.800000000,1.000000000,0.000000000,0.000000000,0.000000000
6.020832370,0.000000000,0.000000000,0.000000000,0.000000000,0.000000000,9.800000000,1.000000000,0.000000000,0.000000000,0.000000000
6.029165702,0.000000000,0.000000000,0.000000000,0.000000000,0.000000000,9.800000000,1.000000000,0.000000000,0.000000000,0.000000000
6.033332368,0.000000000,0.000000000,0.000000000,0.000000000,0.000000000,9.800000000,1.000000000,0.000000000,0.000000000,0.000000000
6.037499034,0.000000000,0.000000000,0.000000000,0.000000000,0.000000000,9.800000000,1.000000000,0.000000000,0.000000000,0.000000000
6.041665700,0.000000000,0.000000000,0.000000000,0.000000000,0.000000000,9.800000000,1.000000000,0.000000000,0.000000000,0.000000000
6.045832366,0.000000000,0.000000000,0.000000000,0.000000000,0.000000000,9.800000000,1.000000000,0.000000000,0.000000000,0.000000000
6.054165698,0.000000000,0.000000000,0.000000000,0.000000000,0.000000000,9.800000000,1.000000000,0.000000000,0.000000000,0.000000000
6.058332364,0.000000000,0.000000000,0.000000000,0.000000000,0.000000000,9.800000000,1.000000000,0.000000000,0.000000000,0.000000000
6.062499030,0.000000000,0.000000000,0.000000000,0.000000000,0.000000000,9.800000000,1.000000000,0.000000000,0.000000000,0.000000000
6.066665696,0.000000000,0.000000000,0.000000000,0.000000000,0.000000000,9.800000000,1.000000000,0.000000000,0.000000000,0.000000000
6.070832362,0.000000000,0.000000000,0.000000000,0.000000000,0.000000000,9.800000000,1.000000000,0.000000000,0.000000000,0.000000000
6.079165694,0.000000000,0.000000000,0.000000000,0.000000000,0.000000000,9.800000000,1.000000000,0.000000000,0.000000000,0.000000000
6.083332360,0.000000000,0.000000000,0.000000000,0.000000000,0.000000000,9.800000000,1.000000000,0.000000000,0.000000000,0.000000000
6.087499026,0.000000000,0.000000000,0.000000000,0.000000000,0.000000000,9.800000000,1.000000000,0.000000000,0.000000000,0.000000000
6.091665692,0.000000000,0.000000000,0.000000000,0.000000000,0.000000000,9.800000000,1.000000000,0.000000000,0.000000000,0.000000000
6.095832358,0.000000000,0.000000000,0.000000000,0.000000000,0.000000000,9.800000000,1.000000000,0.000000000,0.000000000,0.000000000
6.104165690,0.000000000,0.000000000,0.000000000,0.000000000,0.000000000,9.800000000,1.000000000,0.000000000,0.000000000,0.000000000
6.108332356,0.000000000,0.000000000,0.000000000,0.000000000,0.000000000,9.800000000,1.000000000,0.000000000,0.000000000,0.000000000
6.112499022,0.000000000,0.000000000,0.000000000,0.000000000,0.000000000,9.800000000,1.000000000,0.000000000,0.000000000,0.000000000
6.116665688,0.000000000,0.000000000,0.000000000,0.000000000,0.000000000,9.800000000,1.000000000,0.000000000,0.000000000,0.000000000
6.120832354,0.000000000,0.000000000,0.000000000,0.000000000,0.000000000,9.800000000,1.000000000,0.000000000,0.000000000,0.000000000
6.129165686,0.000000000,0.000000000,0.000000000,0.000000000,0.000000000,9.800000000,1.000000000,0.000000000,0.000000000,0.000000000
6.133332352,0.000000000,0.000000000,0.000000000,0.000000000,0.000000000,9.800000000,1.000000000,0.000000000,0.000000000,0.000000000
6.137499018,0.000000000,0.000000000,0.000000000,0.000000000,0.000000000,9.800000000,1.000000000,0.000000000,0.000000000,0.000000000
6.141665684,0.000000000,0.000000000,0.000000000,0.000000000,0.000000000,9.800000000,1.000000000,0.000000000,0.000000000,0.000000000
6.145832350,0.000000000,0.000000000,0.000000000,0.000000000,0.000000000,9.800000000,1.000000000,0.000000000,0.000000000,0.000000000
6.154165682,0.000000000,0.000000000,0.000000000,0.000000000,0.000000000,9.800000000,1.000000000,0.000000000,0.000000000,0.000000000
6.158332348,0.000000000,0.000000000,0.000000000,0.000000000,0.000000000,9.800000000,1.000000000,0.000000000,0.000000000,0.000000000
6.162499014,0.000000000,0.000000000,0.000000000,0.000000000,0.000000000,9.800000000,1.000000000,0.000000000,0.000000000,0.000000000
6.166665680,0.000000000,0.000000000,0.000000000,0.000000000,0.000000000,9.800000000,1.000000000,0.000000000,0.000000000,0.000000000
6.170832346,0.000000000,0.000000000,0.000000000,0.000000000,0.000000000,9.800000000,1.000000000,0.000000000,0.000000000,0.000000000
6.179165678,0.000000000,0.000000000,0.000000000,0.000000000,0.000000000,9.800000000,1.000000000,0.000000000,0.000000000,0.000000000
6.183332344,0.000000000,0.000000000,0.000000000,0.000000000,0.000000000,9.800000000,1.000000000,0.000000000,0.000000000,0.000000000
6.187499010,0.000000000,0.000000000,0.000000000,0.000000000,0.000000000,9.800000000,1.000000000,0.000000000,0.000000000,0.000000000
6.191665676,0.000000000,0.000000000,0.000000000,0.000000000,0.000000000,9.800000000,1.000000000,0.000000000,0.000000000,0.000000000
6.195832342,0.000000000,0.000000000,0.000000000,0.000000000,0.000000000,9.800000000,1.000000000,0.000000000,0.000000000,0.000000000
6.204165674,0.000000000,0.000000000,0.000000000,0.000000000,0.000000000,9.800000000,1.000000000,0.000000000,0.000000000,0.000000000
6.208332340,0.000000000,0.000000000,0.000000000,0.000000000,0.000000000,9.800000000,1.000000000,0.000000000,0.000000000,0.000000000
6.212499006,0.000000000,0.000000000,0.000000000,0.000000000,0.000000000,9.800000000,1.000000000,0.000000000,0.000000000,0.000000000
6.216665672,0.000000000,0.000000000,0.000000000,0.000000000,0.000000000,9.800000000,1.000000000,0.000000000,0.000000000,0.000000000
6.220832338,0.000000000,0.000000000,0.000000000,0.000000000,0.000000000,9.800000000,1.000000000,0.000000000,0.000000000,0.000000000
6.229165670,0.000000000,0.000000000,0.000000000,0.000000000,0.000000000,9.800000000,1.000000000,0.000000000,0.000000000,0.000000000
6.233332336,0.000000000,0.000000000,0.000000000,0.000000000,0.000000000,9.800000000,1.000000000,0.000000000,0.000000000,0.000000000
6.237499002,0.000000000,0.000000000,0.000000000,0.000000000,0.000000000,9.800000000,1.000000000,0.000000000,0.000000000,0.000000000
6.241665668,0.000000000,0.000000000,0.000000000,0.000000000,0.000000000,9.800000000,1.000000000,0.000000000,0.000000000,0.000000000
6.245832334,0.000000000,0.000000000,0.000000000,0.000000000,0.000000000,9.800000000,1.000000000,0.000000000,0.000000000,0.000000000
6.254165666,0.000000000,0.000000000,0.000000000,0.000000000,0.000000000,9.800000000,1.000000000,0.000000000,0.000000000,0.000000000
6.258332332,0.000000000,0.000000000,0.000000000,0.000000000,0.000000000,9.800000000,1.000000000,0.000000000,0.000000000,0.000000000
6.262498998,0.000000000,0.000000000,0.000000000,0.000000000,0.000000000,9.800000000,1.000000000,0.000000000,0.000000000,0.000000000
6.266665664,0.000000000,0.000000000,0.000000000,0.000000000,0.000000000,9.800000000,1.000000000,0.000000000,0.000000000,0.000000000
6.270832330,0.000000000,0.000000000,0.000000000,0.000000000,0.000000000,9.800000000,1.000000000,0.000000000,0.000000000,0.000000000
6.279165662,0.000000000,0.000000000,0.000000000,0.000000000,0.000000000,9.800000000,1.000000000,0.000000000,0.000000000,0.000000000
6.283332328,0.000000000,0.000000000,0.000000000,0.000000000,0.000000000,9.800000000,1.000000000,0.000000000,0.000000000,0.000000000
6.287498994,0.000000000,0.000000000,0.000000000,0.000000000,0.000000000,9.800000000,1.000000000,0.000000000,0.000000000,0.000000000
6.291665660,0.000000000,0.000000000,0.000000000,0.000000000,0.000000000,9.800000000,1.000000000,0.000000000,0.000000000,0.000000000
6.295832326,0.000000000,0.000000000,0.000000000,0.000000000,0.000000000,9.800000000,1.000000000,0.000000000,0.000000000,0.000000000
6.304165658,0.000000000,0.000000000,0.000000000,0.000000000,0.000000000,9.800000000,1.000000000,0.000000000,0.000000000,0.000000000
6.308332324,0.000000000,0.000000000,0.000000000,0.000000000,0.000000000,9.800000000,1.000000000,0.000000000,0.000000000,0.000000000
6.312498990,0.000000000,0.000000000,0.000000000,0.000000000,0.000000000,9.800000000,1.000000000,0.000000000,0.000000000,0.000000000
6.316665656,0.000000000,0.000000000,0.000000000,0.000000000,0.000000000,9.800000000,1.000000000,0.000000000,0.000000000,0.000000000
6.320832322,0.000000000,0.000000000,0.000000000,0.000000000,0.000000000,9.800000000,1.000000000,0.000000000,0.000000000,0.000000000
6.329165654,0.000000000,0.000000000,0.000000000,0.000000000,0.000000000,9.800000000,1.000000000,0.000000000,0.000000000,0.000000000
6.333332320,0.000000000,0.000000000,0.000000000,0.000000000,0.000000000,9.800000000,1.000000000,0.000000000,0.000000000,0.000000000
6.337498986,0.000000000,0.000000000,0.000000000,0.000000000,0.000000000,9.800000000,1.000000000,0.000000000,0.000000000,0.000000000
6.341665652,0.000000000,0.000000000,0.000000000,0.000000000,0.000000000,9.800000000,1.000000000,0.000000000,0.000000000,0.000000000
6.345832318,0.000000000,0.000000000,0.000000000,0.000000000,0.000000000,9.800000000,1.000000000,0.000000000,0.000000000,0.000000000
6.354165650,0.000000000,0.000000000,0.000000000,0.000000000,0.000000000,9.800000000,1.000000000,0.000000000,0.000000000,0.000000000
6.358332316,0.000000000,0.000000000,0.000000000,0.000000000,0.000000000,9.800000000,1.000000000,0.000000000,0.000000000,0.000000000
6.362498982,0.000000000,0.000000000,0.000000000,0.000000000,0.000000000,9.800000000,1.000000000,0.000000000,0.000000000,0.000000000
6.366665648,0.000000000,0.000000000,0.000000000,0.000000000,0.000000000,9.800000000,1.000000000,0.000000000,0.000000000,0.000000000
6.370832314,0.000000000,0.000000000,0.000000000,0.000000000,0.000000000,9.800000000,1.000000000,0.000000000,0.000000000,0.000000000
6.379165646,0.000000000,0.000000000,0.000000000,0.000000000,0.000000000,9.800000000,1.000000000,0.000000000,0.000000000,0.000000000
6.383332312,0.000000000,0.000000000,0.000000000,0.000000000,0.000000000,9.800000000,1.000000000,0.000000000,0.000000000,0.000000000
6.387498978,0.000000000,0.000000000,0.000000000,0.000000000,0.000000000,9.800000000,1.000000000,0.000000000,0.000000000,0.000000000
6.391665644,0.000000000,0.000000000,0.000000000,0.000000000,0.000000000,9.800000000,1.000000000,0.000000000,0.000000000,0.000000000
6.395832310,0.000000000,0.000000000,0.000000000,0.000000000,0.000000000,9.800000000,1.000000000,0.000000000,0.000000000,0.000000000
6.404165642,0.000000000,0.000000000,0.000000000,0.000000000,0.000000000,9.800000000,1.000000000,0.000000000,0.000000000,0.000000000
6.408332308,0.000000000,0.000000000,0.000000000,0.000000000,0.000000000,9.800000000,1.000000000,0.000000000,0.000000000,0.000000000
6.412498974,0.000000000,0.000000000,0.000000000,0.000000000,0.000000000,9.800000000,1.000000000,0.000000000,0.000000000,0.000000000
6.416665640,0.000000000,0.000000000,0.000000000,0.000000000,0.000000000,9.800000000,1.000000000,0.000000000,0.000000000,0.000000000
6.420832306,0.000000000,0.000000000,0.000000000,0.000000000,0.000000000,9.800000000,1.000000000,0.000000000,0.000000000,0.000000000
6.429165638,0.000000000,0.000000000,0.000000000,0.000000000,0.000000000,9.800000000,1.000000000,0.000000000,0.000000000,0.000000000
6.433332304,0.000000000,0.000000000,0.000000000,0.000000000,0.000000000,9.800000000,1.000000000,0.000000000,0.000000000,0.000000000
6.437498970,0.000000000,0.000000000,0.000000000,0.000000000,0.000000000,9.800000000,1.000000000,0.000000000,0.000000000,0.000000000
6.441665636,0.000000000,0.000000000,0.000000000,0.000000000,0.000000000,9.800000000,1.000000000,0.000000000,0.000000000,0.000000000
6.445832302,0.000000000,0.000000000,0.000000000,0.000000000,0.000000000,9.800000000,1.000000000,0.000000000,0.000000000,0.000000000
6.454165634,0.000000000,0.000000000,0.000000000,0.000000000,0.000000000,9.800000000,1.000000000,0.000000000,0.000000000,0.000000000
6.458332300,0.000000000,0.000000000,0.000000000,0.000000000,0.000000000,9.800000000,1.000000000,0.000000000,0.000000000,0.000000000
6.462498966,0.000000000,0.000000000,0.000000000,0.000000000,0.000000000,9.800000000,1.000000000,0.000000000,0.000000000,0.000000000
6.466665632,0.000000000,0.000000000,0.000000000,0.000000000,0.000000000,9.800000000,1.000000000,0.000000000,0.000000000,0.000000000
6.470832298,0.000000000,0.000000000,0.000000000,0.000000000,0.000000000,9.800000000,1.000000000,0.000000000,0.000000000,0.000000000
6.479165630,0.000000000,0.000000000,0.000000000,0.000000000,0.000000000,9.800000000,1.000000000,0.000000000,0.000000000,0.000000000
6.483332296,0.000000000,0.000000000,0.000000000,0.000000000,0.000000000,9.800000000,1.000000000,0.000000000,0.000000000,0.000000000
6.487498962,0.000000000,0.000000000,0.000000000,0.000000000,0.000000000,9.800000000,1.000000000,0.000000000,0.000000000,0.000000000
6.491665628,0.000000000,0.000000000,0.000000000,0.000000000,0.000000000,9.800000000,1.000000000,0.000000000,0.000000000,0.000000000
6.495832294,0.000000000,0.000000000,0.000000000,0.000000000,0.000000000,9.800000000,1.000000000,0.000000000,0.000000000,0.000000000
6.504165626,0.000000000,0.000000000,0.000000000,0.000000000,0.000000000,9.800000000,1.000000000,0.000000000,0.000000000,0.000000000
6.508332292,0.000000000,0.000000000,0.000000000,0.000000000,0.000000000,9.800000000,1.000000000,0.000000000,0.000000000,0.000000000
6.512498958,0.000000000,0.000000000,0.000000000,0.000000000,0.000000000,9.800000000,1.000000000,0.000000000,0.000000000,0.000000000
6.516665624,0.000000000,0.000000000,0.000000000,0.000000000,0.000000000,9.800000000,1.000000000,0.000000000,0.000000000,0.000000000
6.520832290,0.000000000,0.000000000,0.000000000,0.000000000,0.000000000,9.800000000,1.000000000,0.000000000,0.000000000,0.000000000
6.529165622,0.000000000,0.000000000,0.000000000,0.000000000,0.000000000,9.800000000,1.000000000,0.000000000,0.000000000,0.000000000
6.533332288,0.000000000,0.000000000,0.000000000,0.000000000,0.000000000,9.800000000,1.000000000,0.000000000,0.000000000,0.000000000
6.537498954,0.000000000,0.000000000,0.000000000,0.000000000,0.000000000,9.800000000,1.000000000,0.000000000,0.000000000,0.000000000
6.541665620,0.000000000,0.000000000,0.000000000,0.000000000,0.000000000,9.800000000,1.000000000,0.000000000,0.000000000,0.000000000
6.545832286,0.000000000,0.000000000,0.000000000,0.000000000,0.000000000,9.800000000,1.000000000,0.000000000,0.000000000,0.000000000
6.554165618,0.000000000,0.000000000,0.000000000,0.000000000,0.000000000,9.800000000,1.000000000,0.000000000,0.000000000,0.000000000
6.558332284,0.000000000,0.000000000,0.000000000,0.000000000,0.000000000,9.800000000,1.000000000,0.000000000,0.000000000,0.000000000
6.562498950,0.000000000,0.000000000,0.000000000,0.000000000,0.000000000,9.800000000,1.000000000,0.000000000,0.000000000,0.000000000
6.566665616,0.000000000,0.000000000,0.000000000,0.000000000,0.000000000,9.800000000,1.000000000,0.000000000,0.000000000,0.000000000
6.570832282,0.000000000,0.000000000,0.000000000,0.000000000,0.000000000,9.800000000,1.000000000,0.000000000,0.000000000,0.000000000
6.579165614,0.000000000,0.000000000,0.000000000,0.000000000,0.000000000,9.800000000,1.000000000,0.000000000,0.000000000,0.000000000
6.583332280,0.000000000,0.000000000,0.000000000,0.000000000,0.000000000,9.800000000,1.000000000,0.000000000,0.000000000,0.000000000
6.587498946,0.000000000,0.000000000,0.000000000,0.000000000,0.000000000,9.800000000,1.000000000,0.000000000,0.000000000,0.000000000
6.591665612,0.000000000,0.000000000,0.000000000,0.000000000,0.000000000,9.800000000,1.000000000,0.000000000,0.000000000,0.000000000
6.595832278,0.000000000,0.000000000,0.000000000,0.000000000,0.000000000,9.800000000,1.000000000,0.000000000,0.000000000,0.000000000
6.604165610,0.000000000,0.000000000,0.000000000,0.000000000,0.000000000,9.800000000,1.000000000,0.000000000,0.000000000,0.000000000
6.608332276,0.000000000,0.000000000,0.000000000,0.000000000,0.000000000,9.800000000,1.000000000,0.000000000,0.000000000,0.000000000
6.612498942,0.000000000,0.000000000,0.000000000,0.000000000,0.000000000,9.800000000,1.000000000,0.000000000,0.000000000,0.000000000
6.616665608,0.000000000,0.000000000,0.000000000,0.000000000,0.000000000,9.800000000,1.000000000,0.000000000,0.000000000,0.000000000
6.620832274,0.000000000,0.000000000,0.000000000,0.000000000,0.000000000,9.800000000,1.000000000,0.000000000,0.000000000,0.000000000
6.629165606,0.000000000,0.000000000,0.000000000,0.000000000,0.000000000,9.800000000,1.000000000,0.000000000,0.000000000,0.000000000
6.633332272,0.000000000,0.000000000,0.000000000,0.000000000,0.000000000,9.800000000,1.000000000,0.000000000,0.000000000,0.000000000
6.637498938,0.000000000,0.000000000,0.000000000,0.000000000,0.000000000,9.800000000,1.000000000,0.000000000,0.000000000,0.000000000
6.641665604,0.000000000,0.000000000,0.000000000,0.000000000,0.000000000,9.800000000,1.000000000,0.000000000,0.000000000,0.000000000
6.645832270,0.000000000,0.000000000,0.000000000,0.000000000,0.000000000,9.800000000,1.000000000,0.000000000,0.000000000,0.000000000
6.654165602,0.000000000,0.000000000,0.000000000,0.000000000,0.000000000,9.800000000,1.000000000,0.000000000,0.000000000,0.000000000
6.658332268,0.000000000,0.000000000,0.000000000,0.000000000,0.000000000,9.800000000,1.000000000,0.000000000,0.000000000,0.000000000
6.662498934,0.000000000,0.000000000,0.000000000,0.000000000,0.000000000,9.800000000,1.000000000,0.000000000,0.000000000,0.000000000
6.666665600,0.000000000,0.000000000,0.000000000,0.000000000,0.000000000,9.800000000,1.000000000,0.000000000,0.000000000,0.000000000
6.670832266,0.000000000,0.000000000,0.000000000,0.000000000,0.000000000,9.800000000,1.000000000,0.000000000,0.000000000,0.000000000
6.679165598,0.000000000,0.000000000,0.000000000,0.000000000,0.000000000,9.800000000,1.000000000,0.000000000,0.000000000,0.000000000
6.683332264,0.000000000,0.000000000,0.000000000,0.000000000,0.000000000,9.800000000,1.000000000,0.000000000,0.000000000,0.000000000
6.687498930,0.000000000,0.000000000,0.000000000,0.000000000,0.000000000,9.800000000,1.000000000,0.000000000,0.000000000,0.000000000
6.691665596,0.000000000,0.000000000,0.000000000,0.000000000,0.000000000,9.800000000,1.000000000,0.000000000,0.000000000,0.000000000
6.695832262,0.000000000,0.000000000,0.000000000,0.000000000,0.000000000,9.800000000,1.000000000,0.000000000,0.000000000,0.000000000
6.704165594,0.000000000,0.000000000,0.000000000,0.000000000,0.000000000,9.800000000,1.000000000,0.000000000,0.000000000,0.000000000
6.708332260,0.000000000,0.000000000,0.000000000,0.000000000,0.000000000,9.800000000,1.000000000,0.000000000,0.000000000,0.000000000
6.712498926,0.000000000,0.000000000,0.000000000,0.000000000,0.000000000,9.800000000,1.000000000,0.000000000,0.000000000,0.000000000
6.716665592,0.000000000,0.000000000,0.000000000,0.000000000,0.000000000,9.800000000,1.000000000,0.000000000,0.000000000,0.000000000
6.720832258,0.000000000,0.000000000,0.000000000,0.000000000,0.000000000,9.800000000,1.000000000,0.000000000,0.000000000,0.000000000
6.729165590,0.000000000,0.000000000,0.000000000,0.000000000,0.000000000,9.800000000,1.000000000,0.000000000,0.000000000,0.000000000
6.733332256,0.000000000,0.000000000,0.000000000,0.000000000,0.000000000,9.800000000,1.000000000,0.000000000,0.000000000,0.000000000
6.737498922,0.000000000,0.000000000,0.000000000,0.000000000,0.000000000,9.800000000,1.000000000,0.000000000,0.000000000,0.000000000
6.741665588,0.000000000,0.000000000,0.000000000,0.000000000,0.000000000,9.800000000,1.000000000,0.000000000,0.000000000,0.000000000
6.745832254,0.000000000,0.000000000,0.000000000,0.000000000,0.000000000,9.800000000,1.000000000,0.000000000,0.000000000,0.000000000
6.754165586,0.000000000,0.000000000,0.000000000,0.000000000,0.000000000,9.800000000,1.000000000,0.000000000,0.000000000,0.000000000
6.758332252,0.000000000,0.000000000,0.000000000,0.000000000,0.000000000,9.800000000,1.000000000,0.000000000,0.000000000,0.000000000
6.762498918,0.000000000,0.000000000,0.000000000,0.000000000,0.000000000,9.800000000,1.000000000,0.000000000,0.000000000,0.000000000
6.766665584,0.000000000,0.000000000,0.000000000,0.000000000,0.000000000,9.800000000,1.000000000,0.000000000,0.000000000,0.000000000
6.770832250,0.000000000,0.000000000,0.000000000,0.000000000,0.000000000,9.800000000,1.000000000,0.000000000,0.000000000,0.000000000
6.779165582,0.000000000,0.000000000,0.000000000,0.000000000,0.000000000,9.800000000,1.000000000,0.000000000,0.000000000,0.000000000
6.783332248,0.000000000,0.000000000,0.000000000,0.000000000,0.000000000,9.800000000,1.000000000,0.000000000,0.000000000,0.000000000
6.787498914,0.000000000,0.000000000,0.000000000,0.000000000,0.000000000,9.800000000,1.000000000,0.000000000,0.000000000,0.000000000
6.791665580,0.000000000,0.000000000,0.000000000,0.000000000,0.000000000,9.800000000,1.000000000,0.000000000,0.000000000,0.000000000
6.795832246,0.000000000,0.000000000,0.000000000,0.000000000,0.000000000,9.800000000,1.000000000,0.000000000,0.000000000,0.000000000
6.804165578,0.000000000,0.000000000,0.000000000,0.000000000,0.000000000,9.800000000,1.000000000,0.000000000,0.000000000,0.000000000
6.808332244,0.000000000,0.000000000,0.000000000,0.000000000,0.000000000,9.800000000,1.000000000,0.000000000,0.000000000,0.000000000
6.812498910,0.000000000,0.000000000,0.000000000,0.000000000,0.000000000,9.800000000,1.000000000,0.000000000,0.000000000,0.000000000
6.816665576,0.000000000,0.000000000,0.000000000,0.000000000,0.000000000,9.800000000,1.000000000,0.000000000,0.000000000,0.000000000
6.820832242,0.000000000,0.000000000,0.000000000,0.000000000,0.000000000,9.800000000,1.000000000,0.000000000,0.000000000,0.000000000
6.829165574,0.000000000,0.000000000,0.000000000,0.000000000,0.000000000,9.800000000,1.000000000,0.000000000,0.000000000,0.000000000
6.833332240,0.000000000,0.000000000,0.000000000,0.000000000,0.000000000,9.800000000,1.000000000,0.000000000,0.000000000,0.000000000
6.837498906,0.000000000,0.000000000,0.000000000,0.000000000,0.000000000,9.800000000,1.000000000,0.000000000,0.000000000,0.000000000
6.841665572,0.000000000,0.000000000,0.000000000,0.000000000,0.000000000,9.800000000,1.000000000,0.000000000,0.000000000,0.000000000
6.845832238,0.000000000,0.000000000,0.000000000,0.000000000,0.000000000,9.800000000,1.000000000,0.000000000,0.000000000,0.000000000
6.854165570,0.000000000,0.000000000,0.000000000,0.000000000,0.000000000,9.800000000,1.000000000,0.000000000,0.000000000,0.000000000
6.858332236,0.000000000,0.000000000,0.000000000,0.000000000,0.000000000,9.800000000,1.000000000,0.000000000,0.000000000,0.000000000
6.862498902,0.000000000,0.000000000,0.000000000,0.000000000,0.000000000,9.800000000,1.000000000,0.000000000,0.000000000,0.000000000
6.866665568,0.000000000,0.000000000,0.000000000,0.000000000,0.000000000,9.800000000,1.000000000,0.000000000,0.000000000,0.000000000
6.870832234,0.000000000,0.000000000,0.000000000,0.000000000,0.000000000,9.800000000,1.000000000,0.000000000,0.000000000,0.000000000
6.879165566,0.000000000,0.000000000,0.000000000,0.000000000,0.000000000,9.800000000,1.000000000,0.000000000,0.000000000,0.000000000
6.883332232,0.000000000,0.000000000,0.000000000,0.000000000,0.000000000,9.800000000,1.000000000,0.000000000,0.000000000,0.000000000
6.887498898,0.000000000,0.000000000,0.000000000,0.000000000,0.000000000,9.800000000,1.000000000,0.000000000,0.000000000,0.000000000
6.891665564,0.000000000,0.000000000,0.000000000,0.000000000,0.000000000,9.800000000,1.000000000,0.000000000,0.000000000,0.000000000
6.895832230,0.000000000,0.000000000,0.000000000,0.000000000,0.000000000,9.800000000,1.000000000,0.000000000,0.000000000,0.000000000
6.904165562,0.000000000,0.000000000,0.000000000,0.000000000,0.000000000,9.800000000,1.000000000,0.000000000,0.000000000,0.000000000
6.908332228,0.000000000,0.000000000,0.000000000,0.000000000,0.000000000,9.800000000,1.000000000,0.000000000,0.000000000,0.000000000
6.912498894,0.000000000,0.000000000,0.000000000,0.000000000,0.000000000,9.800000000,1.000000000,0.000000000,0.000000000,0.000000000
6.916665560,0.000000000,0.000000000,0.000000000,0.000000000,0.000000000,9.800000000,1.000000000,0.000000000,0.000000000,0.000000000
6.920832226,0.000000000,0.000000000,0.000000000,0.000000000,0.000000000,9.800000000,1.000000000,0.000000000,0.000000000,0.000000000
6.929165558,0.000000000,0.000000000,0.000000000,0.000000000,0.000000000,9.800000000,1.000000000,0.000000000,0.000000000,0.000000000
6.933332224,0.000000000,0.000000000,0.000000000,0.000000000,0.000000000,9.800000000,1.000000000,0.000000000,0.000000000,0.000000000
6.937498890,0.000000000,0.000000000,0.000000000,0.000000000,0.000000000,9.800000000,1.000000000,0.000000000,0.000000000,0.000000000
6.941665556,0.000000000,0.000000000,0.000000000,0.000000000,0.000000000,9.800000000,1.000000000,0.000000000,0.000000000,0.000000000
6.945832222,0.000000000,0.000000000,0.000000000,0.000000000,0.000000000,9.800000000,1.000000000,0.000000000,0.000000000,0.000000000
6.954165554,0.000000000,0.000000000,0.000000000,0.000000000,0.000000000,9.800000000,1.000000000,0.000000000,0.000000000,0.000000000
6.958332220,0.000000000,0.000000000,0.000000000,0.000000000,0.000000000,9.800000000,1.000000000,0.000000000,0.000000000,0.000000000
6.962498886,0.000000000,0.000000000,0.000000000,0.000000000,0.000000000,9.800000000,1.000000000,0.000000000,0.000000000,0.000000000
6.966665552,0.000000000,0.000000000,0.000000000,0.000000000,0.000000000,9.800000000,1.000000000,0.000000000,0.000000000,0.000000000
6.970832218,0.000000000,0.000000000,0.000000000,0.000000000,0.000000000,9.800000000,1.000000000,0.000000000,0.000000000,0.000000000
6.979165550,0.000000000,0.000000000,0.000000000,0.000000000,0.000000000,9.800000000,1.000000000,0.000000000,0.000000000,0.000000000
6.983332216,0.000000000,0.000000000,0.000000000,0.000000000,0.000000000,9.800000000,1.000000000,0.000000000,0.000000000,0.000000000
6.987498882,0.000000000,0.000000000,0.000000000,0.000000000,0.000000000,9.800000000,1.000000000,0.000000000,0.000000000,0.000000000
6.991665548,0.000000000,0.000000000,0.000000000,0.000000000,0.000000000,9.800000000,1.000000000,0.000000000,0.000000000,0.000000000
6.995832214,0.000000000,0.000000000,0.000000000,0.000000000,0.000000000,9.800000000,1.000000000,0.000000000,0.000000000,0.000000000
7.004165546,0.000000000,0.000000000,0.000000000,0.000000000,0.000000000,9.800000000,1.000000000,0.000000000,0.000000000,0.000000000
7.008332212,0.000000000,0.000000000,0.000000000,0.000000000,0.000000000,9.800000000,1.000000000,0.000000000,0.000000000,0.000000000
7.012498878,0.000000000,0.000000000,0.000000000,0.000000000,0.000000000,9.800000000,1.000000000,0.000000000,0.000000000,0.000000000
7.016665544,0.000000000,0.000000000,0.000000000,0.000000000,0.000000000,9.800000000,1.000000000,0.000000000,0.000000000,0.000000000
7.020832210,0.000000000,0.000000000,0.000000000,0.000000000,0.000000000,9.800000000,1.000000000,0.000000000,0.000000000,0.000000000
7.029165542,0.000000000,0.000000000,0.000000000,0.000000000,0.000000000,9.800000000,1.000000000,0.000000000,0.000000000,0.000000000
7.033332208,0.000000000,0.000000000,0.000000000,0.000000000,0.000000000,9.800000000,1.000000000,0.000000000,0.000000000,0.000000000
7.037498874,0.000000000,0.000000000,0.000000000,0.000000000,0.000000000,9.800000000,1.000000000,0.000000000,0.000000000,0.000000000
7.041665540,0.000000000,0.000000000,0.000000000,0.000000000,0.000000000,9.800000000,1.000000000,0.000000000,0.000000000,0.000000000
7.045832206,0.000000000,0.000000000,0.000000000,0.000000000,0.000000000,9.800000000,1.000000000,0.000000000,0.000000000,0.000000000
7.054165538,0.000000000,0.000000000,0.000000000,0.000000000,0.000000000,9.800000000,1.000000000,0.000000000,0.000000000,0.000000000
7.058332204,0.000000000,0.000000000,0.000000000,0.000000000,0.000000000,9.800000000,1.000000000,0.000000000,0.000000000,0.000000000
7.062498870,0.000000000,0.000000000,0.000000000,0.000000000,0.000000000,9.800000000,1.000000000,0.000000000,0.000000000,0.000000000
7.066665536,0.000000000,0.000000000,0.000000000,0.000000000,0.000000000,9.800000000,1.000000000,0.000000000,0.000000000,0.000000000
7.070832202,0.000000000,0.000000000,0.000000000,0.000000000,0.000000000,9.800000000,1.000000000,0.000000000,0.000000000,0.000000000
7.079165534,0.000000000,0.000000000,0.000000000,0.000000000,0.000000000,9.800000000,1.000000000,0.000000000,0.000000000,0.000000000
7.083332200,0.000000000,0.000000000,0.000000000,0.000000000,0.000000000,9.800000000,1.000000000,0.000000000,0.000000000,0.000000000
7.087498866,0.000000000,0.000000000,0.000000000,0.000000000,0.000000000,9.800000000,1.000000000,0.000000000,0.000000000,0.000000000
7.091665532,0.000000000,0.000000000,0.000000000,0.000000000,0.000000000,9.800000000,1.000000000,0.000000000,0.000000000,0.000000000
7.095832198,0.000000000,0.000000000,0.000000000,0.000000000,0.000000000,9.800000000,1.000000000,0.000000000,0.000000000,0.000000000
7.104165530,0.000000000,0.000000000,0.000000000,0.000000000,0.000000000,9.800000000,1.000000000,0.000000000,0.000000000,0.000000000
7.108332196,0.000000000,0.000000000,0.000000000,0.000000000,0.000000000,9.800000000,1.000000000,0.000000000,0.000000000,0.000000000
7.112498862,0.000000000,0.000000000,0.000000000,0.000000000,0.000000000,9.800000000,1.000000000,0.000000000,0.000000000,0.000000000
7.116665528,0.000000000,0.000000000,0.000000000,0.000000000,0.000000000,9.800000000,1.000000000,0.000000000,0.000000000,0.000000000
7.120832194,0.000000000,0.000000000,0.000000000,0.000000000,0.000000000,9.800000000,1.000000000,0.000000000,0.000000000,0.000000000
7.129165526,0.000000000,0.000000000,0.000000000,0.000000000,0.000000000,9.800000000,1.000000000,0.000000000,0.000000000,0.000000000
7.133332192,0.000000000,0.000000000,0.000000000,0.000000000,0.000000000,9.800000000,1.000000000,0.000000000,0.000000000,0.000000000
7.137498858,0.000000000,0.000000000,0.000000000,0.000000000,0.000000000,9.800000000,1.000000000,0.000000000,0.000000000,0.000000000
7.141665524,0.000000000,0.000000000,0.000000000,0.000000000,0.000000000,9.800000000,1.000000000,0.000000000,0.000000000,0.000000000
7.145832190,0.000000000,0.000000000,0.000000000,0.000000000,0.000000000,9.800000000,1.000000000,0.000000000,0.000000000,0.000000000
7.154165522,0.000000000,0.000000000,0.000000000,0.000000000,0.000000000,9.800000000,1.000000000,0.000000000,0.000000000,0.000000000
7.158332188,0.000000000,0.000000000,0.000000000,0.000000000,0.000000000,9.800000000,1.000000000,0.000000000,0.000000000,0.000000000
7.162498854,0.000000000,0.000000000,0.000000000,0.000000000,0.000000000,9.800000000,1.000000000,0.000000000,0.000000000,0.000000000
7.166665520,0.000000000,0.000000000,0.000000000,0.000000000,0.000000000,9.800000000,1.000000000,0.000000000,0.000000000,0.000000000
7.170832186,0.000000000,0.000000000,0.000000000,0.000000000,0.000000000,9.800000000,1.000000000,0.000000000,0.000000000,0.000000000
7.179165518,0.000000000,0.000000000,0.000000000,0.000000000,0.000000000,9.800000000,1.000000000,0.000000000,0.000000000,0.000000000
7.183332184,0.000000000,0.000000000,0.000000000,0.000000000,0.000000000,9.800000000,1.000000000,0.000000000,0.000000000,0.000000000
7.187498850,0.000000000,0.000000000,0.000000000,0.000000000,0.000000000,9.800000000,1.000000000,0.000000000,0.000000000,0.000000000
7.191665516,0.000000000,0.000000000,0.000000000,0.000000000,0.000000000,9.800000000,1.000000000,0.000000000,0.000000000,0.000000000
7.195832182,0.000000000,0.000000000,0.000000000,0.000000000,0.000000000,9.800000000,1.000000000,0.000000000,0.000000000,0.000000000
7.204165514,0.000000000,0.000000000,0.000000000,0.000000000,0.000000000,9.800000000,1.000000000,0.000000000,0.000000000,0.000000000
7.208332180,0.000000000,0.000000000,0.000000000,0.000000000,0.000000000,9.800000000,1.000000000,0.000000000,0.000000000,0.000000000
7.212498846,0.000000000,0.000000000,0.000000000,0.000000000,0.000000000,9.800000000,1.000000000,0.000000000,0.000000000,0.000000000
7.216665512,0.000000000,0.000000000,0.000000000,0.000000000,0.000000000,9.800000000,1.000000000,0.000000000,0.000000000,0.000000000
7.220832178,0.000000000,0.000000000,0.000000000,0.000000000,0.000000000,9.800000000,1.000000000,0.000000000,0.000000000,0.000000000
7.229165510,0.000000000,0.000000000,0.000000000,0.000000000,0.000000000,9.800000000,1.000000000,0.000000000,0.000000000,0.000000000
7.233332176,0.000000000,0.000000000,0.000000000,0.000000000,0.000000000,9.800000000,1.000000000,0.000000000,0.000000000,0.000000000
7.237498842,0.000000000,0.000000000,0.000000000,0.000000000,0.000000000,9.800000000,1.000000000,0.000000000,0.000000000,0.000000000
7.241665508,0.000000000,0.000000000,0.000000000,0.000000000,0.000000000,9.800000000,1.000000000,0.000000000,0.000000000,0.000000000
7.245832174,0.000000000,0.000000000,0.000000000,0.000000000,0.000000000,9.800000000,1.000000000,0.000000000,0.000000000,0.000000000
7.254165506,0.000000000,0.000000000,0.000000000,0.000000000,0.000000000,9.800000000,1.000000000,0.000000000,0.000000000,0.000000000
7.258332172,0.000000000,0.000000000,0.000000000,0.000000000,0.000000000,9.800000000,1.000000000,0.000000000,0.000000000,0.000000000
7.262498838,0.000000000,0.000000000,0.000000000,0.000000000,0.000000000,9.800000000,1.000000000,0.000000000,0.000000000,0.000000000
7.266665504,0.000000000,0.000000000,0.000000000,0.000000000,0.000000000,9.800000000,1.000000000,0.000000000,0.000000000,0.000000000
7.270832170,0.000000000,0.000000000,0.000000000,0.000000000,0.000000000,9.800000000,1.000000000,0.000000000,0.000000000,0.000000000
7.279165502,0.000000000,0.000000000,0.000000000,0.000000000,0.000000000,9.800000000,1.000000000,0.000000000,0.000000000,0.000000000
7.283332168,0.000000000,0.000000000,0.000000000,0.000000000,0.000000000,9.800000000,1.000000000,0.000000000,0.000000000,0.000000000
7.287498834,0.000000000,0.000000000,0.000000000,0.000000000,0.000000000,9.800000000,1.000000000,0.000000000,0.000000000,0.000000000
7.291665500,0.000000000,0.000000000,0.000000000,0.000000000,0.000000000,9.800000000,1.000000000,0.000000000,0.000000000,0.000000000
7.295832166,0.000000000,0.000000000,0.000000000,0.000000000,0.000000000,9.800000000,1.000000000,0.000000000,0.000000000,0.000000000
7.304165498,0.000000000,0.000000000,0.000000000,0.000000000,0.000000000,9.800000000,1.000000000,0.000000000,0.000000000,0.000000000
7.308332164,0.000000000,0.000000000,0.000000000,0.000000000,0.000000000,9.800000000,1.000000000,0.000000000,0.000000000,0.000000000
7.312498830,0.000000000,0.000000000,0.000000000,0.000000000,0.000000000,9.800000000,1.000000000,0.000000000,0.000000000,0.000000000
7.316665496,0.000000000,0.000000000,0.000000000,0.000000000,0.000000000,9.800000000,1.000000000,0.000000000,0.000000000,0.000000000
7.320832162,0.000000000,0.000000000,0.000000000,0.000000000,0.000000000,9.800000000,1.000000000,0.000000000,0.000000000,0.000000000
7.329165494,0.000000000,0.000000000,0.000000000,0.000000000,0.000000000,9.800000000,1.000000000,0.000000000,0.000000000,0.000000000
7.333332160,0.000000000,0.000000000,0.000000000,0.000000000,0.000000000,9.800000000,1.000000000,0.000000000,0.000000000,0.000000000
7.337498826,0.000000000,0.000000000,0.000000000,0.000000000,0.000000000,9.800000000,1.000000000,0.000000000,0.000000000,0.000000000
7.341665492,0.000000000,0.000000000,0.000000000,0.000000000,0.000000000,9.800000000,1.000000000,0.000000000,0.000000000,0.000000000
7.345832158,0.000000000,0.000000000,0.000000000,0.000000000,0.000000000,9.800000000,1.000000000,0.000000000,0.000000000,0.000000000
7.354165490,0.000000000,0.000000000,0.000000000,0.000000000,0.000000000,9.800000000,1.000000000,0.000000000,0.000000000,0.000000000
7.358332156,0.000000000,0.000000000,0.000000000,0.000000000,0.000000000,9.800000000,1.000000000,0.000000000,0.000000000,0.000000000
7.362498822,0.000000000,0.000000000,0.000000000,0.000000000,0.000000000,9.800000000,1.000000000,0.000000000,0.000000000,0.000000000
7.366665488,0.000000000,0.000000000,0.000000000,0.000000000,0.000000000,9.800000000,1.000000000,0.000000000,0.000000000,0.000000000
7.370832154,0.000000000,0.000000000,0.000000000,0.000000000,0.000000000,9.800000000,1.000000000,0.000000000,0.000000000,0.000000000
7.379165486,0.000000000,0.000000000,0.000000000,0.000000000,0.000000000,9.800000000,1.000000000,0.000000000,0.000000000,0.000000000
7.383332152,0.000000000,0.000000000,0.000000000,0.000000000,0.000000000,9.800000000,1.000000000,0.000000000,0.000000000,0.000000000
7.387498818,0.000000000,0.000000000,0.000000000,0.000000000,0.000000000,9.800000000,1.000000000,0.000000000,0.000000000,0.000000000
7.391665484,0.000000000,0.000000000,0.000000000,0.000000000,0.000000000,9.800000000,1.000000000,0.000000000,0.000000000,0.000000000
7.395832150,0.000000000,0.000000000,0.000000000,0.000000000,0.000000000,9.800000000,1.000000000,0.000000000,0.000000000,0.000000000
7.404165482,0.000000000,0.000000000,0.000000000,0.000000000,0.000000000,9.800000000,1.000000000,0.000000000,0.000000000,0.000000000
7.408332148,0.000000000,0.000000000,0.000000000,0.000000000,0.000000000,9.800000000,1.000000000,0.000000000,0.000000000,0.000000000
7.412498814,0.000000000,0.000000000,0.000000000,0.000000000,0.000000000,9.800000000,1.000000000,0.000000000,0.000000000,0.000000000
7.416665480,0.000000000,0.000000000,0.000000000,0.000000000,0.000000000,9.800000000,1.000000000,0.000000000,0.000000000,0.000000000
7.420832146,0.000000000,0.000000000,0.000000000,0.000000000,0.000000000,9.800000000,1.000000000,0.000000000,0.000000000,0.000000000
7.429165478,0.000000000,0.000000000,0.000000000,0.000000000,0.000000000,9.800000000,1.000000000,0.000000000,0.000000000,0.000000000
7.433332144,0.000000000,0.000000000,0.000000000,0.000000000,0.000000000,9.800000000,1.000000000,0.000000000,0.000000000,0.000000000
7.437498810,0.000000000,0.000000000,0.000000000,0.000000000,0.000000000,9.800000000,1.000000000,0.000000000,0.000000000,0.000000000
7.441665476,0.000000000,0.000000000,0.000000000,0.000000000,0.000000000,9.800000000,1.000000000,0.000000000,0.000000000,0.000000000
7.445832142,0.000000000,0.000000000,0.000000000,0.000000000,0.000000000,9.800000000,1.000000000,0.000000000,0.000000000,0.000000000
7.454165474,0.000000000,0.000000000,0.000000000,0.000000000,0.000000000,9.800000000,1.000000000,0.000000000,0.000000000,0.000000000
7.458332140,0.000000000,0.000000000,0.000000000,0.000000000,0.000000000,9.800000000,1.000000000,0.000000000,0.000000000,0.000000000
7.462498806,0.000000000,0.000000000,0.000000000,0.000000000,0.000000000,9.800000000,1.000000000,0.000000000,0.000000000,0.000000000
7.466665472,0.000000000,0.000000000,0.000000000,0.000000000,0.000000000,9.800000000,1.000000000,0.000000000,0.000000000,0.000000000
7.470832138,0.000000000,0.000000000,0.000000000,0.000000000,0.000000000,9.800000000,1.000000000,0.000000000,0.000000000,0.000000000
7.479165470,0.000000000,0.000000000,0.000000000,0.000000000,0.000000000,9.800000000,1.000000000,0.000000000,0.000000000,0.000000000
7.483332136,0.000000000,0.000000000,0.000000000,0.000000000,0.000000000,9.800000000,1.000000000,0.000000000,0.000000000,0.000000000
7.487498802,0.000000000,0.000000000,0.000000000,0.000000000,0.000000000,9.800000000,1.000000000,0.000000000,0.000000000,0.000000000
7.491665468,0.000000000,0.000000000,0.000000000,0.000000000,0.000000000,9.800000000,1.000000000,0.000000000,0.000000000,0.000000000
7.495832134,0.000000000,0.000000000,0.000000000,0.000000000,0.000000000,9.800000000,1.000000000,0.000000000,0.000000000,0.000000000
7.504165466,0.000000000,0.000000000,0.000000000,0.000000000,0.000000000,9.800000000,1.000000000,0.000000000,0.000000000,0.000000000
7.508332132,0.000000000,0.000000000,0.000000000,0.000000000,0.000000000,9.800000000,1.000000000,0.000000000,0.000000000,0.000000000
7.512498798,0.000000000,0.000000000,0.000000000,0.000000000,0.000000000,9.800000000,1.000000000,0.000000000,0.000000000,0.000000000
7.516665464,0.000000000,0.000000000,0.000000000,0.000000000,0.000000000,9.800000000,1.000000000,0.000000000,0.000000000,0.000000000
7.520832130,0.000000000,0.000000000,0.000000000,0.000000000,0.000000000,9.800000000,1.000000000,0.000000000,0.000000000,0.000000000
7.529165462,0.000000000,0.000000000,0.000000000,0.000000000,0.000000000,9.800000000,1.000000000,0.000000000,0.000000000,0.000000000
7.533332128,0.000000000,0.000000000,0.000000000,0.000000000,0.000000000,9.800000000,1.000000000,0.000000000,0.000000000,0.000000000
7.537498794,0.000000000,0.000000000,0.000000000,0.000000000,0.000000000,9.800000000,1.000000000,0.000000000,0.000000000,0.000000000
7.541665460,0.000000000,0.000000000,0.000000000,0.000000000,0.000000000,9.800000000,1.000000000,0.000000000,0.000000000,0.000000000
7.545832126,0.000000000,0.000000000,0.000000000,0.000000000,0.000000000,9.800000000,1.000000000,0.000000000,0.000000000,0.000000000
7.554165458,0.000000000,0.000000000,0.000000000,0.000000000,0.000000000,9.800000000,1.000000000,0.000000000,0.000000000,0.000000000
7.558332124,0.000000000,0.000000000,0.000000000,0.000000000,0.000000000,9.800000000,1.000000000,0.000000000,0.000000000,0.000000000
7.562498790,0.000000000,0.000000000,0.000000000,0.000000000,0.000000000,9.800000000,1.000000000,0.000000000,0.000000000,0.000000000
7.566665456,0.000000000,0.000000000,0.000000000,0.000000000,0.000000000,9.800000000,1.000000000,0.000000000,0.000000000,0.000000000
7.570832122,0.000000000,0.000000000,0.000000000,0.000000000,0.000000000,9.800000000,1.000000000,0.000000000,0.000000000,0.000000000
7.579165454,0.000000000,0.000000000,0.000000000,0.000000000,0.000000000,9.800000000,1.000000000,0.000000000,0.000000000,0.000000000
7.583332120,0.000000000,0.000000000,0.000000000,0.000000000,0.000000000,9.800000000,1.000000000,0.000000000,0.000000000,0.000000000
7.587498786,0.000000000,0.000000000,0.000000000,0.000000000,0.000000000,9.800000000,1.000000000,0.000000000,0.000000000,0.000000000
7.591665452,0.000000000,0.000000000,0.000000000,0.000000000,0.000000000,9.800000000,1.000000000,0.000000000,0.000000000,0.000000000
7.595832118,0.000000000,0.000000000,0.000000000,0.000000000,0.000000000,9.800000000,1.000000000,0.000000000,0.000000000,0.000000000
7.604165450,0.000000000,0.000000000,0.000000000,0.000000000,0.000000000,9.800000000,1.000000000,0.000000000,0.000000000,0.000000000
7.608332116,0.000000000,0.000000000,0.000000000,0.000000000,0.000000000,9.800000000,1.000000000,0.000000000,0.000000000,0.000000000
7.612498782,0.000000000,0.000000000,0.000000000,0.000000000,0.000000000,9.800000000,1.000000000,0.000000000,0.000000000,0.000000000
7.616665448,0.000000000,0.000000000,0.000000000,0.000000000,0.000000000,9.800000000,1.000000000,0.000000000,0.000000000,0.000000000
7.620832114,0.000000000,0.000000000,0.000000000,0.000000000,0.000000000,9.800000000,1.000000000,0.000000000,0.000000000,0.000000000
7.629165446,0.000000000,0.000000000,0.000000000,0.000000000,0.000000000,9.800000000,1.000000000,0.000000000,0.000000000,0.000000000
7.633332112,0.000000000,0.000000000,0.000000000,0.000000000,0.000000000,9.800000000,1.000000000,0.000000000,0.000000000,0.000000000
7.637498778,0.000000000,0.000000000,0.000000000,0.000000000,0.000000000,9.800000000,1.000000000,0.000000000,0.000000000,0.000000000
7.641665444,0.000000000,0.000000000,0.000000000,0.000000000,0.000000000,9.800000000,1.000000000,0.000000000,0.000000000,0.000000000
7.645832110,0.000000000,0.000000000,0.000000000,0.000000000,0.000000000,9.800000000,1.000000000,0.000000000,0.000000000,0.000000000
7.654165442,0.000000000,0.000000000,0.000000000,0.000000000,0.000000000,9.800000000,1.000000000,0.000000000,0.000000000,0.000000000
7.658332108,0.000000000,0.000000000,0.000000000,0.000000000,0.000000000,9.800000000,1.000000000,0.000000000,0.000000000,0.000000000
7.662498774,0.000000000,0.000000000,0.000000000,0.000000000,0.000000000,9.800000000,1.000000000,0.000000000,0.000000000,0.000000000
7.666665440,0.000000000,0.000000000,0.000000000,0.000000000,0.000000000,9.800000000,1.000000000,0.000000000,0.000000000,0.000000000
7.670832106,0.000000000,0.000000000,0.000000000,0.000000000,0.000000000,9.800000000,1.000000000,0.000000000,0.000000000,0.000000000
7.679165438,0.000000000,0.000000000,0.000000000,0.000000000,0.000000000,9.800000000,1.000000000,0.000000000,0.000000000,0.000000000
7.683332104,0.000000000,0.000000000,0.000000000,0.000000000,0.000000000,9.800000000,1.000000000,0.000000000,0.000000000,0.000000000
7.687498770,0.000000000,0.000000000,0.000000000,0.000000000,0.000000000,9.800000000,1.000000000,0.000000000,0.000000000,0.000000000
7.691665436,0.000000000,0.000000000,0.000000000,0.000000000,0.000000000,9.800000000,1.000000000,0.000000000,0.000000000,0.000000000
7.695832102,0.000000000,0.000000000,0.000000000,0.000000000,0.000000000,9.800000000,1.000000000,0.000000000,0.000000000,0.000000000
7.704165434,0.000000000,0.000000000,0.000000000,0.000000000,0.000000000,9.800000000,1.000000000,0.000000000,0.000000000,0.000000000
7.708332100,0.000000000,0.000000000,0.000000000,0.000000000,0.000000000,9.800000000,1.000000000,0.000000000,0.000000000,0.000000000
7.712498766,0.000000000,0.000000000,0.000000000,0.000000000,0.000000000,9.800000000,1.000000000,0.000000000,0.000000000,0.000000000
7.716665432,0.000000000,0.000000000,0.000000000,0.000000000,0.000000000,9.800000000,1.000000000,0.000000000,0.000000000,0.000000000
7.720832098,0.000000000,0.000000000,0.000000000,0.000000000,0.000000000,9.800000000,1.000000000,0.000000000,0.000000000,0.000000000
7.729165430,0.000000000,0.000000000,0.000000000,0.000000000,0.000000000,9.800000000,1.000000000,0.000000000,0.000000000,0.000000000
7.733332096,0.000000000,0.000000000,0.000000000,0.000000000,0.000000000,9.800000000,1.000000000,0.000000000,0.000000000,0.000000000
7.737498762,0.000000000,0.000000000,0.000000000,0.000000000,0.000000000,9.800000000,1.000000000,0.000000000,0.000000000,0.000000000
7.741665428,0.000000000,0.000000000,0.000000000,0.000000000,0.000000000,9.800000000,1.000000000,0.000000000,0.000000000,0.000000000
7.745832094,0.000000000,0.000000000,0.000000000,0.000000000,0.000000000,9.800000000,1.000000000,0.000000000,0.000000000,0.000000000
7.754165426,0.000000000,0.000000000,0.000000000,0.000000000,0.000000000,9.800000000,1.000000000,0.000000000,0.000000000,0.000000000
7.758332092,0.000000000,0.000000000,0.000000000,0.000000000,0.000000000,9.800000000,1.000000000,0.000000000,0.000000000,0.000000000
7.762498758,0.000000000,0.000000000,0.000000000,0.000000000,0.000000000,9.800000000,1.000000000,0.000000000,0.000000000,0.000000000
7.766665424,0.000000000,0.000000000,0.000000000,0.000000000,0.000000000,9.800000000,1.000000000,0.000000000,0.000000000,0.000000000
7.770832090,0.000000000,0.000000000,0.000000000,0.000000000,0.000000000,9.800000000,1.000000000,0.000000000,0.000000000,0.000000000
7.779165422,0.000000000,0.000000000,0.000000000,0.000000000,0.000000000,9.800000000,1.000000000,0.000000000,0.000000000,0.000000000
7.783332088,0.000000000,0.000000000,0.000000000,0.000000000,0.000000000,9.800000000,1.000000000,0.000000000,0.000000000,0.000000000
7.787498754,0.000000000,0.000000000,0.000000000,0.000000000,0.000000000,9.800000000,1.000000000,0.000000000,0.000000000,0.000000000
7.791665420,0.000000000,0.000000000,0.000000000,0.000000000,0.000000000,9.800000000,1.000000000,0.000000000,0.000000000,0.000000000
7.795832086,0.000000000,0.000000000,0.000000000,0.000000000,0.000000000,9.800000000,1.000000000,0.000000000,0.000000000,0.000000000
7.804165418,0.000000000,0.000000000,0.000000000,0.000000000,0.000000000,9.800000000,1.000000000,0.000000000,0.000000000,0.000000000
7.808332084,0.000000000,0.000000000,0.000000000,0.000000000,0.000000000,9.800000000,1.000000000,0.000000000,0.000000000,0.000000000
7.812498750,0.000000000,0.000000000,0.000000000,0.000000000,0.000000000,9.800000000,1.000000000,0.000000000,0.000000000,0.000000000
7.816665416,0.000000000,0.000000000,0.000000000,0.000000000,0.000000000,9.800000000,1.000000000,0.000000000,0.000000000,0.000000000
7.820832082,0.000000000,0.000000000,0.000000000,0.000000000,0.000000000,9.800000000,1.000000000,0.000000000,0.000000000,0.000000000
7.829165414,0.000000000,0.000000000,0.000000000,0.000000000,0.000000000,9.800000000,1.000000000,0.000000000,0.000000000,0.000000000
7.833332080,0.000000000,0.000000000,0.000000000,0.000000000,0.000000000,9.800000000,1.000000000,0.000000000,0.000000000,0.000000000
7.837498746,0.000000000,0.000000000,0.000000000,0.000000000,0.000000000,9.800000000,1.000000000,0.000000000,0.000000000,0.000000000
7.841665412,0.000000000,0.000000000,0.000000000,0.000000000,0.000000000,9.800000000,1.000000000,0.000000000,0.000000000,0.000000000
7.845832078,0.000000000,0.000000000,0.000000000,0.000000000,0.000000000,9.800000000,1.000000000,0.000000000,0.000000000,0.000000000
7.854165410,0.000000000,0.000000000,0.000000000,0.000000000,0.000000000,9.800000000,1.000000000,0.000000000,0.000000000,0.000000000
7.858332076,0.000000000,0.000000000,0.000000000,0.000000000,0.000000000,9.800000000,1.000000000,0.000000000,0.000000000,0.000000000
7.862498742,0.000000000,0.000000000,0.000000000,0.000000000,0.000000000,9.800000000,1.000000000,0.000000000,0.000000000,0.000000000
7.866665408,0.000000000,0.000000000,0.000000000,0.000000000,0.000000000,9.800000000,1.000000000,0.000000000,0.000000000,0.000000000
7.870832074,0.000000000,0.000000000,0.000000000,0.000000000,0.000000000,9.800000000,1.000000000,0.000000000,0.000000000,0.000000000
7.879165406,0.000000000,0.000000000,0.000000000,0.000000000,0.000000000,9.800000000,1.000000000,0.000000000,0.000000000,0.000000000
7.883332072,0.000000000,0.000000000,0.000000000,0.000000000,0.000000000,9.800000000,1.000000000,0.000000000,0.000000000,0.000000000
7.887498738,0.000000000,0.000000000,0.000000000,0.000000000,0.000000000,9.800000000,1.000000000,0.000000000,0.000000000,0.000000000
7.891665404,0.000000000,0.000000000,0.000000000,0.000000000,0.000000000,9.800000000,1.000000000,0.000000000,0.000000000,0.000000000
7.895832070,0.000000000,0.000000000,0.000000000,0.000000000,0.000000000,9.800000000,1.000000000,0.000000000,0.000000000,0.000000000
7.904165402,0.000000000,0.000000000,0.000000000,0.000000000,0.000000000,9.800000000,1.000000000,0.000000000,0.000000000,0.000000000
7.908332068,0.000000000,0.000000000,0.000000000,0.000000000,0.000000000,9.800000000,1.000000000,0.000000000,0.000000000,0.000000000
7.912498734,0.000000000,0.000000000,0.000000000,0.000000000,0.000000000,9.800000000,1.000000000,0.000000000,0.000000000,0.000000000
7.916665400,0.000000000,0.000000000,0.000000000,0.000000000,0.000000000,9.800000000,1.000000000,0.000000000,0.000000000,0.000000000
7.920832066,0.000000000,0.000000000,0.000000000,0.000000000,0.000000000,9.800000000,1.000000000,0.000000000,0.000000000,0.000000000
7.929165398,0.000000000,0.000000000,0.000000000,0.000000000,0.000000000,9.800000000,1.000000000,0.000000000,0.000000000,0.000000000
7.933332064,0.000000000,0.000000000,0.000000000,0.000000000,0.000000000,9.800000000,1.000000000,0.000000000,0.000000000,0.000000000
7.937498730,0.000000000,0.000000000,0.000000000,0.000000000,0.000000000,9.800000000,1.000000000,0.000000000,0.000000000,0.000000000
7.941665396,0.000000000,0.000000000,0.000000000,0.000000000,0.000000000,9.800000000,1.000000000,0.000000000,0.000000000,0.000000000
7.945832062,0.000000000,0.000000000,0.000000000,0.000000000,0.000000000,9.800000000,1.000000000,0.000000000,0.000000000,0.000000000
7.954165394,0.000000000,0.000000000,0.000000000,0.000000000,0.000000000,9.800000000,1.000000000,0.000000000,0.000000000,0.000000000
7.958332060,0.000000000,0.000000000,0.000000000,0.000000000,0.000000000,9.800000000,1.000000000,0.000000000,0.000000000,0.000000000
7.962498726,0.000000000,0.000000000,0.000000000,0.000000000,0.000000000,9.800000000,1.000000000,0.000000000,0.000000000,0.000000000
7.966665392,0.000000000,0.000000000,0.000000000,0.000000000,0.000000000,9.800000000,1.000000000,0.000000000,0.000000000,0.000000000
7.970832058,0.000000000,0.000000000,0.000000000,0.000000000,0.000000000,9.800000000,1.000000000,0.000000000,0.000000000,0.000000000
7.979165390,0.000000000,0.000000000,0.000000000,0.000000000,0.000000000,9.800000000,1.000000000,0.000000000,0.000000000,0.000000000
7.983332056,0.000000000,0.000000000,0.000000000,0.000000000,0.000000000,9.800000000,1.000000000,0.000000000,0.000000000,0.000000000
7.987498722,0.000000000,0.000000000,0.000000000,0.000000000,0.000000000,9.800000000,1.000000000,0.000000000,0.000000000,0.000000000
7.991665388,0.000000000,0.000000000,0.000000000,0.000000000,0.000000000,9.800000000,1.000000000,0.000000000,0.000000000,0.000000000
7.995832054,0.000000000,0.000000000,0.000000000,0.000000000,0.000000000,9.800000000,1.000000000,0.000000000,0.000000000,0.000000000
8.004165386,0.000000000,0.000000000,0.000000000,0.000000000,0.000000000,9.800000000,1.000000000,0.000000000,0.000000000,0.000000000
8.008332052,0.000000000,0.000000000,0.000000000,0.000000000,0.000000000,9.800000000,1.000000000,0.000000000,0.000000000,0.000000000
8.012498718,0.000000000,0.000000000,0.000000000,0.000000000,0.000000000,9.800000000,1.000000000,0.000000000,0.000000000,0.000000000
8.016665384,0.000000000,0.000000000,0.000000000,0.000000000,0.000000000,9.800000000,1.000000000,0.000000000,0.000000000,0.000000000
8.020832050,0.000000000,0.000000000,0.000000000,0.000000000,0.000000000,9.800000000,1.000000000,0.000000000,0.000000000,0.000000000
8.029165382,0.000000000,0.000000000,0.000000000,0.000000000,0.000000000,9.800000000,1.000000000,0.000000000,0.000000000,0.000000000
8.033332048,0.000000000,0.000000000,0.000000000,0.000000000,0.000000000,9.800000000,1.000000000,0.000000000,0.000000000,0.000000000
8.037498714,0.000000000,0.000000000,0.000000000,0.000000000,0.000000000,9.800000000,1.000000000,0.000000000,0.000000000,0.000000000
8.041665380,0.000000000,0.000000000,0.000000000,0.000000000,0.000000000,9.800000000,1.000000000,0.000000000,0.000000000,0.000000000
8.045832046,0.000000000,0.000000000,0.000000000,0.000000000,0.000000000,9.800000000,1.000000000,0.000000000,0.000000000,0.000000000
8.054165378,0.000000000,0.000000000,0.000000000,0.000000000,0.000000000,9.800000000,1.000000000,0.000000000,0.000000000,0.000000000
8.058332044,0.000000000,0.000000000,0.000000000,0.000000000,0.000000000,9.800000000,1.000000000,0.000000000,0.000000000,0.000000000
8.062498710,0.000000000,0.000000000,0.000000000,0.000000000,0.000000000,9.800000000,1.000000000,0.000000000,0.000000000,0.000000000
8.066665376,0.000000000,0.000000000,0.000000000,0.000000000,0.000000000,9.800000000,1.000000000,0.000000000,0.000000000,0.000000000
8.070832042,0.000000000,0.000000000,0.000000000,0.000000000,0.000000000,9.800000000,1.000000000,0.000000000,0.000000000,0.000000000
8.079165374,0.000000000,0.000000000,0.000000000,0.000000000,0.000000000,9.800000000,1.000000000,0.000000000,0.000000000,0.000000000
8.083332040,0.000000000,0.000000000,0.000000000,0.000000000,0.000000000,9.800000000,1.000000000,0.000000000,0.000000000,0.000000000
8.087498706,0.000000000,0.000000000,0.000000000,0.000000000,0.000000000,9.800000000,1.000000000,0.000000000,0.000000000,0.000000000
8.091665372,0.000000000,0.000000000,0.000000000,0.000000000,0.000000000,9.800000000,1.000000000,0.000000000,0.000000000,0.000000000
8.095832038,0.000000000,0.000000000,0.000000000,0.000000000,0.000000000,9.800000000,1.000000000,0.000000000,0.000000000,0.000000000
8.104165370,0.000000000,0.000000000,0.000000000,0.000000000,0.000000000,9.800000000,1.000000000,0.000000000,0.000000000,0.000000000
8.108332036,0.000000000,0.000000000,0.000000000,0.000000000,0.000000000,9.800000000,1.000000000,0.000000000,0.000000000,0.000000000
8.112498702,0.000000000,0.000000000,0.000000000,0.000000000,0.000000000,9.800000000,1.000000000,0.000000000,0.000000000,0.000000000
8.116665368,0.000000000,0.000000000,0.000000000,0.000000000,0.000000000,9.800000000,1.000000000,0.000000000,0.000000000,0.000000000
8.120832034,0.000000000,0.000000000,0.000000000,0.000000000,0.000000000,9.800000000,1.000000000,0.000000000,0.000000000,0.000000000
8.129165366,0.000000000,0.000000000,0.000000000,0.000000000,0.000000000,9.800000000,1.000000000,0.000000000,0.000000000,0.000000000
8.133332032,0.000000000,0.000000000,0.000000000,0.000000000,0.000000000,9.800000000,1.000000000,0.000000000,0.000000000,0.000000000
8.137498698,0.000000000,0.000000000,0.000000000,0.000000000,0.000000000,9.800000000,1.000000000,0.000000000,0.000000000,0.000000000
8.141665364,0.000000000,0.000000000,0.000000000,0.000000000,0.000000000,9.800000000,1.000000000,0.000000000,0.000000000,0.000000000
8.145832030,0.000000000,0.000000000,0.000000000,0.000000000,0.000000000,9.800000000,1.000000000,0.000000000,0.000000000,0.000000000
8.154165362,0.000000000,0.000000000,0.000000000,0.000000000,0.000000000,9.800000000,1.000000000,0.000000000,0.000000000,0.000000000
8.158332028,0.000000000,0.000000000,0.000000000,0.000000000,0.000000000,9.800000000,1.000000000,0.000000000,0.000000000,0.000000000
8.162498694,0.000000000,0.000000000,0.000000000,0.000000000,0.000000000,9.800000000,1.000000000,0.000000000,0.000000000,0.000000000
8.166665360,0.000000000,0.000000000,0.000000000,0.000000000,0.000000000,9.800000000,1.000000000,0.000000000,0.000000000,0.000000000
8.170832026,0.000000000,0.000000000,0.000000000,0.000000000,0.000000000,9.800000000,1.000000000,0.000000000,0.000000000,0.000000000
8.179165358,0.000000000,0.000000000,0.000000000,0.000000000,0.000000000,9.800000000,1.000000000,0.000000000,0.000000000,0.000000000
8.183332024,0.000000000,0.000000000,0.000000000,0.000000000,0.000000000,9.800000000,1.000000000,0.000000000,0.000000000,0.000000000
8.187498690,0.000000000,0.000000000,0.000000000,0.000000000,0.000000000,9.800000000,1.000000000,0.000000000,0.000000000,0.000000000
8.191665356,0.000000000,0.000000000,0.000000000,0.000000000,0.000000000,9.800000000,1.000000000,0.000000000,0.000000000,0.000000000
8.195832022,0.000000000,0.000000000,0.000000000,0.000000000,0.000000000,9.800000000,1.000000000,0.000000000,0.000000000,0.000000000
8.204165354,0.000000000,0.000000000,0.000000000,0.000000000,0.000000000,9.800000000,1.000000000,0.000000000,0.000000000,0.000000000
8.208332020,0.000000000,0.000000000,0.000000000,0.000000000,0.000000000,9.800000000,1.000000000,0.000000000,0.000000000,0.000000000
8.212498686,0.000000000,0.000000000,0.000000000,0.000000000,0.000000000,9.800000000,1.000000000,0.000000000,0.000000000,0.000000000
8.216665352,0.000000000,0.000000000,0.000000000,0.000000000,0.000000000,9.800000000,1.000000000,0.000000000,0.000000000,0.000000000
8.220832018,0.000000000,0.000000000,0.000000000,0.000000000,0.000000000,9.800000000,1.000000000,0.000000000,0.000000000,0.000000000
8.229165350,0.000000000,0.000000000,0.000000000,0.000000000,0.000000000,9.800000000,1.000000000,0.000000000,0.000000000,0.000000000
8.233332016,0.000000000,0.000000000,0.000000000,0.000000000,0.000000000,9.800000000,1.000000000,0.000000000,0.000000000,0.000000000
8.237498682,0.000000000,0.000000000,0.000000000,0.000000000,0.000000000,9.800000000,1.000000000,0.000000000,0.000000000,0.000000000
8.241665348,0.000000000,0.000000000,0.000000000,0.000000000,0.000000000,9.800000000,1.000000000,0.000000000,0.000000000,0.000000000
8.245832014,0.000000000,0.000000000,0.000000000,0.000000000,0.000000000,9.800000000,1.000000000,0.000000000,0.000000000,0.000000000
8.254165346,0.000000000,0.000000000,0.000000000,0.000000000,0.000000000,9.800000000,1.000000000,0.000000000,0.000000000,0.000000000
8.258332012,0.000000000,0.000000000,0.000000000,0.000000000,0.000000000,9.800000000,1.000000000,0.000000000,0.000000000,0.000000000
8.262498678,0.000000000,0.000000000,0.000000000,0.000000000,0.000000000,9.800000000,1.000000000,0.000000000,0.000000000,0.000000000
8.266665344,0.000000000,0.000000000,0.000000000,0.000000000,0.000000000,9.800000000,1.000000000,0.000000000,0.000000000,0.000000000
8.270832010,0.000000000,0.000000000,0.000000000,0.000000000,0.000000000,9.800000000,1.000000000,0.000000000,0.000000000,0.000000000
8.279165342,0.000000000,0.000000000,0.000000000,0.000000000,0.000000000,9.800000000,1.000000000,0.000000000,0.000000000,0.000000000
8.283332008,0.000000000,0.000000000,0.000000000,0.000000000,0.000000000,9.800000000,1.000000000,0.000000000,0.000000000,0.000000000
8.287498674,0.000000000,0.000000000,0.000000000,0.000000000,0.000000000,9.800000000,1.000000000,0.000000000,0.000000000,0.000000000
8.291665340,0.000000000,0.000000000,0.000000000,0.000000000,0.000000000,9.800000000,1.000000000,0.000000000,0.000000000,0.000000000
8.295832006,0.000000000,0.000000000,0.000000000,0.000000000,0.000000000,9.800000000,1.000000000,0.000000000,0.000000000,0.000000000
8.304165338,0.000000000,0.000000000,0.000000000,0.000000000,0.000000000,9.800000000,1.000000000,0.000000000,0.000000000,0.000000000
8.308332004,0.000000000,0.000000000,0.000000000,0.000000000,0.000000000,9.800000000,1.000000000,0.000000000,0.000000000,0.000000000
8.312498670,0.000000000,0.000000000,0.000000000,0.000000000,0.000000000,9.800000000,1.000000000,0.000000000,0.000000000,0.000000000
8.316665336,0.000000000,0.000000000,0.000000000,0.000000000,0.000000000,9.800000000,1.000000000,0.000000000,0.000000000,0.000000000
8.320832002,0.000000000,0.000000000,0.000000000,0.000000000,0.000000000,9.800000000,1.000000000,0.000000000,0.000000000,0.000000000
8.329165334,0.000000000,0.000000000,0.000000000,0.000000000,0.000000000,9.800000000,1.000000000,0.000000000,0.000000000,0.000000000
8.333332000,0.000000000,0.000000000,0.000000000,0.000000000,0.000000000,9.800000000,1.000000000,0.000000000,0.000000000,0.000000000
8.337498666,0.000000000,0.000000000,0.000000000,0.000000000,0.000000000,9.800000000,1.000000000,0.000000000,0.000000000,0.000000000
8.341665332,0.000000000,0.000000000,0.000000000,0.000000000,0.000000000,9.800000000,1.000000000,0.000000000,0.000000000,0.000000000
8.345831998,0.000000000,0.000000000,0.000000000,0.000000000,0.000000000,9.800000000,1.000000000,0.000000000,0.000000000,0.000000000
8.354165330,0.000000000,0.000000000,0.000000000,0.000000000,0.000000000,9.800000000,1.000000000,0.000000000,0.000000000,0.000000000
8.358331996,0.000000000,0.000000000,0.000000000,0.000000000,0.000000000,9.800000000,1.000000000,0.000000000,0.000000000,0.000000000
8.362498662,0.000000000,0.000000000,0.000000000,0.000000000,0.000000000,9.800000000,1.000000000,0.000000000,0.000000000,0.000000000
8.366665328,0.000000000,0.000000000,0.000000000,0.000000000,0.000000000,9.800000000,1.000000000,0.000000000,0.000000000,0.000000000
8.370831994,0.000000000,0.000000000,0.000000000,0.000000000,0.000000000,9.800000000,1.000000000,0.000000000,0.000000000,0.000000000
8.379165326,0.000000000,0.000000000,0.000000000,0.000000000,0.000000000,9.800000000,1.000000000,0.000000000,0.000000000,0.000000000
8.383331992,0.000000000,0.000000000,0.000000000,0.000000000,0.000000000,9.800000000,1.000000000,0.000000000,0.000000000,0.000000000
8.387498658,0.000000000,0.000000000,0.000000000,0.000000000,0.000000000,9.800000000,1.000000000,0.000000000,0.000000000,0.000000000
8.391665324,0.000000000,0.000000000,0.000000000,0.000000000,0.000000000,9.800000000,1.000000000,0.000000000,0.000000000,0.000000000
8.395831990,0.000000000,0.000000000,0.000000000,0.000000000,0.000000000,9.800000000,1.000000000,0.000000000,0.000000000,0.000000000
8.404165322,0.000000000,0.000000000,0.000000000,0.000000000,0.000000000,9.800000000,1.000000000,0.000000000,0.000000000,0.000000000
8.408331988,0.000000000,0.000000000,0.000000000,0.000000000,0.000000000,9.800000000,1.000000000,0.000000000,0.000000000,0.000000000
8.412498654,0.000000000,0.000000000,0.000000000,0.000000000,0.000000000,9.800000000,1.000000000,0.000000000,0.000000000,0.000000000
8.416665320,0.000000000,0.000000000,0.000000000,0.000000000,0.000000000,9.800000000,1.000000000,0.000000000,0.000000000,0.000000000
8.420831986,0.000000000,0.000000000,0.000000000,0.000000000,0.000000000,9.800000000,1.000000000,0.000000000,0.000000000,0.000000000
8.429165318,0.000000000,0.000000000,0.000000000,0.000000000,0.000000000,9.800000000,1.000000000,0.000000000,0.000000000,0.000000000
8.433331984,0.000000000,0.000000000,0.000000000,0.000000000,0.000000000,9.800000000,1.000000000,0.000000000,0.000000000,0.000000000
8.437498650,0.000000000,0.000000000,0.000000000,0.000000000,0.000000000,9.800000000,1.000000000,0.000000000,0.000000000,0.000000000
8.441665316,0.000000000,0.000000000,0.000000000,0.000000000,0.000000000,9.800000000,1.000000000,0.000000000,0.000000000,0.000000000
8.445831982,0.000000000,0.000000000,0.000000000,0.000000000,0.000000000,9.800000000,1.000000000,0.000000000,0.000000000,0.000000000
8.454165314,0.000000000,0.000000000,0.000000000,0.000000000,0.000000000,9.800000000,1.000000000,0.000000000,0.000000000,0.000000000
8.458331980,0.000000000,0.000000000,0.000000000,0.000000000,0.000000000,9.800000000,1.000000000,0.000000000,0.000000000,0.000000000
8.462498646,0.000000000,0.000000000,0.000000000,0.000000000,0.000000000,9.800000000,1.000000000,0.000000000,0.000000000,0.000000000
8.466665312,0.000000000,0.000000000,0.000000000,0.000000000,0.000000000,9.800000000,1.000000000,0.000000000,0.000000000,0.000000000
8.470831978,0.000000000,0.000000000,0.000000000,0.000000000,0.000000000,9.800000000,1.000000000,0.000000000,0.000000000,0.000000000
8.479165310,0.000000000,0.000000000,0.000000000,0.000000000,0.000000000,9.800000000,1.000000000,0.000000000,0.000000000,0.000000000
8.483331976,0.000000000,0.000000000,0.000000000,0.000000000,0.000000000,9.800000000,1.000000000,0.000000000,0.000000000,0.000000000
8.487498642,0.000000000,0.000000000,0.000000000,0.000000000,0.000000000,9.800000000,1.000000000,0.000000000,0.000000000,0.000000000
8.491665308,0.000000000,0.000000000,0.000000000,0.000000000,0.000000000,9.800000000,1.000000000,0.000000000,0.000000000,0.000000000
8.495831974,0.000000000,0.000000000,0.000000000,0.000000000,0.000000000,9.800000000,1.000000000,0.000000000,0.000000000,0.000000000
8.504165306,0.000000000,0.000000000,0.000000000,0.000000000,0.000000000,9.800000000,1.000000000,0.000000000,0.000000000,0.000000000
8.508331972,0.000000000,0.000000000,0.000000000,0.000000000,0.000000000,9.800000000,1.000000000,0.000000000,0.000000000,0.000000000
8.512498638,0.000000000,0.000000000,0.000000000,0.000000000,0.000000000,9.800000000,1.000000000,0.000000000,0.000000000,0.000000000
8.516665304,0.000000000,0.000000000,0.000000000,0.000000000,0.000000000,9.800000000,1.000000000,0.000000000,0.000000000,0.000000000
8.520831970,0.000000000,0.000000000,0.000000000,0.000000000,0.000000000,9.800000000,1.000000000,0.000000000,0.000000000,0.000000000
8.529165302,0.000000000,0.000000000,0.000000000,0.000000000,0.000000000,9.800000000,1.000000000,0.000000000,0.000000000,0.000000000
8.533331968,0.000000000,0.000000000,0.000000000,0.000000000,0.000000000,9.800000000,1.000000000,0.000000000,0.000000000,0.000000000
8.537498634,0.000000000,0.000000000,0.000000000,0.000000000,0.000000000,9.800000000,1.000000000,0.000000000,0.000000000,0.000000000
8.541665300,0.000000000,0.000000000,0.000000000,0.000000000,0.000000000,9.800000000,1.000000000,0.000000000,0.000000000,0.000000000
8.545831966,0.000000000,0.000000000,0.000000000,0.000000000,0.000000000,9.800000000,1.000000000,0.000000000,0.000000000,0.000000000
8.554165298,0.000000000,0.000000000,0.000000000,0.000000000,0.000000000,9.800000000,1.000000000,0.000000000,0.000000000,0.000000000
8.558331964,0.000000000,0.000000000,0.000000000,0.000000000,0.000000000,9.800000000,1.000000000,0.000000000,0.000000000,0.000000000
8.562498630,0.000000000,0.000000000,0.000000000,0.000000000,0.000000000,9.800000000,1.000000000,0.000000000,0.000000000,0.000000000
8.566665296,0.000000000,0.000000000,0.000000000,0.000000000,0.000000000,9.800000000,1.000000000,0.000000000,0.000000000,0.000000000
8.570831962,0.000000000,0.000000000,0.000000000,0.000000000,0.000000000,9.800000000,1.000000000,0.000000000,0.000000000,0.000000000
8.579165294,0.000000000,0.000000000,0.000000000,0.000000000,0.000000000,9.800000000,1.000000000,0.000000000,0.000000000,0.000000000
8.583331960,0.000000000,0.000000000,0.000000000,0.000000000,0.000000000,9.800000000,1.000000000,0.000000000,0.000000000,0.000000000
8.587498626,0.000000000,0.000000000,0.000000000,0.000000000,0.000000000,9.800000000,1.000000000,0.000000000,0.000000000,0.000000000
8.591665292,0.000000000,0.000000000,0.000000000,0.000000000,0.000000000,9.800000000,1.000000000,0.000000000,0.000000000,0.000000000
8.595831958,0.000000000,0.000000000,0.000000000,0.000000000,0.000000000,9.800000000,1.000000000,0.000000000,0.000000000,0.000000000
8.604165290,0.000000000,0.000000000,0.000000000,0.000000000,0.000000000,9.800000000,1.000000000,0.000000000,0.000000000,0.000000000
8.608331956,0.000000000,0.000000000,0.000000000,0.000000000,0.000000000,9.800000000,1.000000000,0.000000000,0.000000000,0.000000000
8.612498622,0.000000000,0.000000000,0.000000000,0.000000000,0.000000000,9.800000000,1.000000000,0.000000000,0.000000000,0.000000000
8.616665288,0.000000000,0.000000000,0.000000000,0.000000000,0.000000000,9.800000000,1.000000000,0.000000000,0.000000000,0.000000000
8.620831954,0.000000000,0.000000000,0.000000000,0.000000000,0.000000000,9.800000000,1.000000000,0.000000000,0.000000000,0.000000000
8.629165286,0.000000000,0.000000000,0.000000000,0.000000000,0.000000000,9.800000000,1.000000000,0.000000000,0.000000000,0.000000000
8.633331952,0.000000000,0.000000000,0.000000000,0.000000000,0.000000000,9.800000000,1.000000000,0.000000000,0.000000000,0.000000000
8.637498618,0.000000000,0.000000000,0.000000000,0.000000000,0.000000000,9.800000000,1.000000000,0.000000000,0.000000000,0.000000000
8.641665284,0.000000000,0.000000000,0.000000000,0.000000000,0.000000000,9.800000000,1.000000000,0.000000000,0.000000000,0.000000000
8.645831950,0.000000000,0.000000000,0.000000000,0.000000000,0.000000000,9.800000000,1.000000000,0.000000000,0.000000000,0.000000000
8.654165282,0.000000000,0.000000000,0.000000000,0.000000000,0.000000000,9.800000000,1.000000000,0.000000000,0.000000000,0.000000000
8.658331948,0.000000000,0.000000000,0.000000000,0.000000000,0.000000000,9.800000000,1.000000000,0.000000000,0.000000000,0.000000000
8.662498614,0.000000000,0.000000000,0.000000000,0.000000000,0.000000000,9.800000000,1.000000000,0.000000000,0.000000000,0.000000000
8.666665280,0.000000000,0.000000000,0.000000000,0.000000000,0.000000000,9.800000000,1.000000000,0.000000000,0.000000000,0.000000000
8.670831946,0.000000000,0.000000000,0.000000000,0.000000000,0.000000000,9.800000000,1.000000000,0.000000000,0.000000000,0.000000000
8.679165278,0.000000000,0.000000000,0.000000000,0.000000000,0.000000000,9.800000000,1.000000000,0.000000000,0.000000000,0.000000000
8.683331944,0.000000000,0.000000000,0.000000000,0.000000000,0.000000000,9.800000000,1.000000000,0.000000000,0.000000000,0.000000000
8.687498610,0.000000000,0.000000000,0.000000000,0.000000000,0.000000000,9.800000000,1.000000000,0.000000000,0.000000000,0.000000000
8.691665276,0.000000000,0.000000000,0.000000000,0.000000000,0.000000000,9.800000000,1.000000000,0.000000000,0.000000000,0.000000000
8.695831942,0.000000000,0.000000000,0.000000000,0.000000000,0.000000000,9.800000000,1.000000000,0.000000000,0.000000000,0.000000000
8.704165274,0.000000000,0.000000000,0.000000000,0.000000000,0.000000000,9.800000000,1.000000000,0.000000000,0.000000000,0.000000000
8.708331940,0.000000000,0.000000000,0.000000000,0.000000000,0.000000000,9.800000000,1.000000000,0.000000000,0.000000000,0.000000000
8.712498606,0.000000000,0.000000000,0.000000000,0.000000000,0.000000000,9.800000000,1.000000000,0.000000000,0.000000000,0.000000000
8.716665272,0.000000000,0.000000000,0.000000000,0.000000000,0.000000000,9.800000000,1.000000000,0.000000000,0.000000000,0.000000000
8.720831938,0.000000000,0.000000000,0.000000000,0.000000000,0.000000000,9.800000000,1.000000000,0.000000000,0.000000000,0.000000000
8.729165270,0.000000000,0.000000000,0.000000000,0.000000000,0.000000000,9.800000000,1.000000000,0.000000000,0.000000000,0.000000000
8.733331936,0.000000000,0.000000000,0.000000000,0.000000000,0.000000000,9.800000000,1.000000000,0.000000000,0.000000000,0.000000000
8.737498602,0.000000000,0.000000000,0.000000000,0.000000000,0.000000000,9.800000000,1.000000000,0.000000000,0.000000000,0.000000000
8.741665268,0.000000000,0.000000000,0.000000000,0.000000000,0.000000000,9.800000000,1.000000000,0.000000000,0.000000000,0.000000000
8.745831934,0.000000000,0.000000000,0.000000000,0.000000000,0.000000000,9.800000000,1.000000000,0.000000000,0.000000000,0.000000000
8.754165266,0.000000000,0.000000000,0.000000000,0.000000000,0.000000000,9.800000000,1.000000000,0.000000000,0.000000000,0.000000000
8.758331932,0.000000000,0.000000000,0.000000000,0.000000000,0.000000000,9.800000000,1.000000000,0.000000000,0.000000000,0.000000000
8.762498598,0.000000000,0.000000000,0.000000000,0.000000000,0.000000000,9.800000000,1.000000000,0.000000000,0.000000000,0.000000000
8.766665264,0.000000000,0.000000000,0.000000000,0.000000000,0.000000000,9.800000000,1.000000000,0.000000000,0.000000000,0.000000000
8.770831930,0.000000000,0.000000000,0.000000000,0.000000000,0.000000000,9.800000000,1.000000000,0.000000000,0.000000000,0.000000000
8.779165262,0.000000000,0.000000000,0.000000000,0.000000000,0.000000000,9.800000000,1.000000000,0.000000000,0.000000000,0.000000000
8.783331928,0.000000000,0.000000000,0.000000000,0.000000000,0.000000000,9.800000000,1.000000000,0.000000000,0.000000000,0.000000000
8.787498594,0.000000000,0.000000000,0.000000000,0.000000000,0.000000000,9.800000000,1.000000000,0.000000000,0.000000000,0.000000000
8.791665260,0.000000000,0.000000000,0.000000000,0.000000000,0.000000000,9.800000000,1.000000000,0.000000000,0.000000000,0.000000000
8.795831926,0.000000000,0.000000000,0.000000000,0.000000000,0.000000000,9.800000000,1.000000000,0.000000000,0.000000000,0.000000000
8.804165258,0.000000000,0.000000000,0.000000000,0.000000000,0.000000000,9.800000000,1.000000000,0.000000000,0.000000000,0.000000000
8.808331924,0.000000000,0.000000000,0.000000000,0.000000000,0.000000000,9.800000000,1.000000000,0.000000000,0.000000000,0.000000000
8.812498590,0.000000000,0.000000000,0.000000000,0.000000000,0.000000000,9.800000000,1.000000000,0.000000000,0.000000000,0.000000000
8.816665256,0.000000000,0.000000000,0.000000000,0.000000000,0.000000000,9.800000000,1.000000000,0.000000000,0.000000000,0.000000000
8.820831922,0.000000000,0.000000000,0.000000000,0.000000000,0.000000000,9.800000000,1.000000000,0.000000000,0.000000000,0.000000000
8.829165254,0.000000000,0.000000000,0.000000000,0.000000000,0.000000000,9.800000000,1.000000000,0.000000000,0.000000000,0.000000000
8.833331920,0.000000000,0.000000000,0.000000000,0.000000000,0.000000000,9.800000000,1.000000000,0.000000000,0.000000000,0.000000000
8.837498586,0.000000000,0.000000000,0.000000000,0.000000000,0.000000000,9.800000000,1.000000000,0.000000000,0.000000000,0.000000000
8.841665252,0.000000000,0.000000000,0.000000000,0.000000000,0.000000000,9.800000000,1.000000000,0.000000000,0.000000000,0.000000000
8.845831918,0.000000000,0.000000000,0.000000000,0.000000000,0.000000000,9.800000000,1.000000000,0.000000000,0.000000000,0.000000000
8.854165250,0.000000000,0.000000000,0.000000000,0.000000000,0.000000000,9.800000000,1.000000000,0.000000000,0.000000000,0.000000000
8.858331916,0.000000000,0.000000000,0.000000000,0.000000000,0.000000000,9.800000000,1.000000000,0.000000000,0.000000000,0.000000000
8.862498582,0.000000000,0.000000000,0.000000000,0.000000000,0.000000000,9.800000000,1.000000000,0.000000000,0.000000000,0.000000000
8.866665248,0.000000000,0.000000000,0.000000000,0.000000000,0.000000000,9.800000000,1.000000000,0.000000000,0.000000000,0.000000000
8.870831914,0.000000000,0.000000000,0.000000000,0.000000000,0.000000000,9.800000000,1.000000000,0.000000000,0.000000000,0.000000000
8.879165246,0.000000000,0.000000000,0.000000000,0.000000000,0.000000000,9.800000000,1.000000000,0.000000000,0.000000000,0.000000000
8.883331912,0.000000000,0.000000000,0.000000000,0.000000000,0.000000000,9.800000000,1.000000000,0.000000000,0.000000000,0.000000000
8.887498578,0.000000000,0.000000000,0.000000000,0.000000000,0.000000000,9.800000000,1.000000000,0.000000000,0.000000000,0.000000000
8.891665244,0.000000000,0.000000000,0.000000000,0.000000000,0.000000000,9.800000000,1.000000000,0.000000000,0.000000000,0.000000000
8.895831910,0.000000000,0.000000000,0.000000000,0.000000000,0.000000000,9.800000000,1.000000000,0.000000000,0.000000000,0.000000000
8.904165242,0.000000000,0.000000000,0.000000000,0.000000000,0.000000000,9.800000000,1.000000000,0.000000000,0.000000000,0.000000000
8.908331908,0.000000000,0.000000000,0.000000000,0.000000000,0.000000000,9.800000000,1.000000000,0.000000000,0.000000000,0.000000000
8.912498574,0.000000000,0.000000000,0.000000000,0.000000000,0.000000000,9.800000000,1.000000000,0.000000000,0.000000000,0.000000000
8.916665240,0.000000000,0.000000000,0.000000000,0.000000000,0.000000000,9.800000000,1.000000000,0.000000000,0.000000000,0.000000000
8.920831906,0.000000000,0.000000000,0.000000000,0.000000000,0.000000000,9.800000000,1.000000000,0.000000000,0.000000000,0.000000000
8.929165238,0.000000000,0.000000000,0.000000000,0.000000000,0.000000000,9.800000000,1.000000000,0.000000000,0.000000000,0.000000000
8.933331904,0.000000000,0.000000000,0.000000000,0.000000000,0.000000000,9.800000000,1.000000000,0.000000000,0.000000000,0.000000000
8.937498570,0.000000000,0.000000000,0.000000000,0.000000000,0.000000000,9.800000000,1.000000000,0.000000000,0.000000000,0.000000000
8.941665236,0.000000000,0.000000000,0.000000000,0.000000000,0.000000000,9.800000000,1.000000000,0.000000000,0.000000000,0.000000000
8.945831902,0.000000000,0.000000000,0.000000000,0.000000000,0.000000000,9.800000000,1.000000000,0.000000000,0.000000000,0.000000000
8.954165234,0.000000000,0.000000000,0.000000000,0.000000000,0.000000000,9.800000000,1.000000000,0.000000000,0.000000000,0.000000000
8.958331900,0.000000000,0.000000000,0.000000000,0.000000000,0.000000000,9.800000000,1.000000000,0.000000000,0.000000000,0.000000000
8.962498566,0.000000000,0.000000000,0.000000000,0.000000000,0.000000000,9.800000000,1.000000000,0.000000000,0.000000000,0.000000000
8.966665232,0.000000000,0.000000000,0.000000000,0.000000000,0.000000000,9.800000000,1.000000000,0.000000000,0.000000000,0.000000000
8.970831898,0.000000000,0.000000000,0.000000000,0.000000000,0.000000000,9.800000000,1.000000000,0.000000000,0.000000000,0.000000000
8.979165230,0.000000000,0.000000000,0.000000000,0.000000000,0.000000000,9.800000000,1.000000000,0.000000000,0.000000000,0.000000000
8.983331896,0.000000000,0.000000000,0.000000000,0.000000000,0.000000000,9.800000000,1.000000000,0.000000000,0.000000000,0.000000000
8.987498562,0.000000000,0.000000000,0.000000000,0.000000000,0.000000000,9.800000000,1.000000000,0.000000000,0.000000000,0.000000000
8.991665228,0.000000000,0.000000000,0.000000000,0.000000000,0.000000000,9.800000000,1.000000000,0.000000000,0.000000000,0.000000000
8.995831894,0.000000000,0.000000000,0.000000000,0.000000000,0.000000000,9.800000000,1.000000000,0.000000000,0.000000000,0.000000000
9.004165226,0.000000000,0.000000000,0.000000000,0.000000000,0.000000000,9.800000000,1.000000000,0.000000000,0.000000000,0.000000000
9.008331892,0.000000000,0.000000000,0.000000000,0.000000000,0.000000000,9.800000000,1.000000000,0.000000000,0.000000000,0.000000000
9.012498558,0.000000000,0.000000000,0.000000000,0.000000000,0.000000000,9.800000000,1.000000000,0.000000000,0.000000000,0.000000000
9.016665224,0.000000000,0.000000000,0.000000000,0.000000000,0.000000000,9.800000000,1.000000000,0.000000000,0.000000000,0.000000000
9.020831890,0.000000000,0.000000000,0.000000000,0.000000000,0.000000000,9.800000000,1.000000000,0.000000000,0.000000000,0.000000000
9.029165222,0.000000000,0.000000000,0.000000000,0.000000000,0.000000000,9.800000000,1.000000000,0.000000000,0.000000000,0.000000000
9.033331888,0.000000000,0.000000000,0.000000000,0.000000000,0.000000000,9.800000000,1.000000000,0.000000000,0.000000000,0.000000000
9.037498554,0.000000000,0.000000000,0.000000000,0.000000000,0.000000000,9.800000000,1.000000000,0.000000000,0.000000000,0.000000000
9.041665220,0.000000000,0.000000000,0.000000000,0.000000000,0.000000000,9.800000000,1.000000000,0.000000000,0.000000000,0.000000000
9.045831886,0.000000000,0.000000000,0.000000000,0.000000000,0.000000000,9.800000000,1.000000000,0.000000000,0.000000000,0.000000000
9.054165218,0.000000000,0.000000000,0.000000000,0.000000000,0.000000000,9.800000000,1.000000000,0.000000000,0.000000000,0.000000000
9.058331884,0.000000000,0.000000000,0.000000000,0.000000000,0.000000000,9.800000000,1.000000000,0.000000000,0.000000000,0.000000000
9.062498550,0.000000000,0.000000000,0.000000000,0.000000000,0.000000000,9.800000000,1.000000000,0.000000000,0.000000000,0.000000000
9.066665216,0.000000000,0.000000000,0.000000000,0.000000000,0.000000000,9.800000000,1.000000000,0.000000000,0.000000000,0.000000000
9.070831882,0.000000000,0.000000000,0.000000000,0.000000000,0.000000000,9.800000000,1.000000000,0.000000000,0.000000000,0.000000000
9.079165214,0.000000000,0.000000000,0.000000000,0.000000000,0.000000000,9.800000000,1.000000000,0.000000000,0.000000000,0.000000000
9.083331880,0.000000000,0.000000000,0.000000000,0.000000000,0.000000000,9.800000000,1.000000000,0.000000000,0.000000000,0.000000000
9.087498546,0.000000000,0.000000000,0.000000000,0.000000000,0.000000000,9.800000000,1.000000000,0.000000000,0.000000000,0.000000000
9.091665212,0.000000000,0.000000000,0.000000000,0.000000000,0.000000000,9.800000000,1.000000000,0.000000000,0.000000000,0.000000000
9.095831878,0.000000000,0.000000000,0.000000000,0.000000000,0.000000000,9.800000000,1.000000000,0.000000000,0.000000000,0.000000000
9.104165210,0.000000000,0.000000000,0.000000000,0.000000000,0.000000000,9.800000000,1.000000000,0.000000000,0.000000000,0.000000000
9.108331876,0.000000000,0.000000000,0.000000000,0.000000000,0.000000000,9.800000000,1.000000000,0.000000000,0.000000000,0.000000000
9.112498542,0.000000000,0.000000000,0.000000000,0.000000000,0.000000000,9.800000000,1.000000000,0.000000000,0.000000000,0.000000000
9.116665208,0.000000000,0.000000000,0.000000000,0.000000000,0.000000000,9.800000000,1.000000000,0.000000000,0.000000000,0.000000000
9.120831874,0.000000000,0.000000000,0.000000000,0.000000000,0.000000000,9.800000000,1.000000000,0.000000000,0.000000000,0.000000000
9.129165206,0.000000000,0.000000000,0.000000000,0.000000000,0.000000000,9.800000000,1.000000000,0.000000000,0.000000000,0.000000000
9.133331872,0.000000000,0.000000000,0.000000000,0.000000000,0.000000000,9.800000000,1.000000000,0.000000000,0.000000000,0.000000000
9.137498538,0.000000000,0.000000000,0.000000000,0.000000000,0.000000000,9.800000000,1.000000000,0.000000000,0.000000000,0.000000000
9.141665204,0.000000000,0.000000000,0.000000000,0.000000000,0.000000000,9.800000000,1.000000000,0.000000000,0.000000000,0.000000000
9.145831870,0.000000000,0.000000000,0.000000000,0.000000000,0.000000000,9.800000000,1.000000000,0.000000000,0.000000000,0.000000000
9.154165202,0.000000000,0.000000000,0.000000000,0.000000000,0.000000000,9.800000000,1.000000000,0.000000000,0.000000000,0.000000000
9.158331868,0.000000000,0.000000000,0.000000000,0.000000000,0.000000000,9.800000000,1.000000000,0.000000000,0.000000000,0.000000000
9.162498534,0.000000000,0.000000000,0.000000000,0.000000000,0.000000000,9.800000000,1.000000000,0.000000000,0.000000000,0.000000000
9.166665200,0.000000000,0.000000000,0.000000000,0.000000000,0.000000000,9.800000000,1.000000000,0.000000000,0.000000000,0.000000000
9.170831866,0.000000000,0.000000000,0.000000000,0.000000000,0.000000000,9.800000000,1.000000000,0.000000000,0.000000000,0.000000000
9.179165198,0.000000000,0.000000000,0.000000000,0.000000000,0.000000000,9.800000000,1.000000000,0.000000000,0.000000000,0.000000000
9.183331864,0.000000000,0.000000000,0.000000000,0.000000000,0.000000000,9.800000000,1.000000000,0.000000000,0.000000000,0.000000000
9.187498530,0.000000000,0.000000000,0.000000000,0.000000000,0.000000000,9.800000000,1.000000000,0.000000000,0.000000000,0.000000000
9.191665196,0.000000000,0.000000000,0.000000000,0.000000000,0.000000000,9.800000000,1.000000000,0.000000000,0.000000000,0.000000000
9.195831862,0.000000000,0.000000000,0.000000000,0.000000000,0.000000000,9.800000000,1.000000000,0.000000000,0.000000000,0.000000000
9.204165194,0.000000000,0.000000000,0.000000000,0.000000000,0.000000000,9.800000000,1.000000000,0.000000000,0.000000000,0.000000000
9.208331860,0.000000000,0.000000000,0.000000000,0.000000000,0.000000000,9.800000000,1.000000000,0.000000000,0.000000000,0.000000000
9.212498526,0.000000000,0.000000000,0.000000000,0.000000000,0.000000000,9.800000000,1.000000000,0.000000000,0.000000000,0.000000000
9.216665192,0.000000000,0.000000000,0.000000000,0.000000000,0.000000000,9.800000000,1.000000000,0.000000000,0.000000000,0.000000000
9.220831858,0.000000000,0.000000000,0.000000000,0.000000000,0.000000000,9.800000000,1.000000000,0.000000000,0.000000000,0.000000000
9.229165190,0.000000000,0.000000000,0.000000000,0.000000000,0.000000000,9.800000000,1.000000000,0.000000000,0.000000000,0.000000000
9.233331856,0.000000000,0.000000000,0.000000000,0.000000000,0.000000000,9.800000000,1.000000000,0.000000000,0.000000000,0.000000000
9.237498522,0.000000000,0.000000000,0.000000000,0.000000000,0.000000000,9.800000000,1.000000000,0.000000000,0.000000000,0.000000000
9.241665188,0.000000000,0.000000000,0.000000000,0.000000000,0.000000000,9.800000000,1.000000000,0.000000000,0.000000000,0.000000000
9.245831854,0.000000000,0.000000000,0.000000000,0.000000000,0.000000000,9.800000000,1.000000000,0.000000000,0.000000000,0.000000000
9.254165186,0.000000000,0.000000000,0.000000000,0.000000000,0.000000000,9.800000000,1.000000000,0.000000000,0.000000000,0.000000000
9.258331852,0.000000000,0.000000000,0.000000000,0.000000000,0.000000000,9.800000000,1.000000000,0.000000000,0.000000000,0.000000000
9.262498518,0.000000000,0.000000000,0.000000000,0.000000000,0.000000000,9.800000000,1.000000000,0.000000000,0.000000000,0.000000000
9.266665184,0.000000000,0.000000000,0.000000000,0.000000000,0.000000000,9.800000000,1.000000000,0.000000000,0.000000000,0.000000000
9.270831850,0.000000000,0.000000000,0.000000000,0.000000000,0.000000000,9.800000000,1.000000000,0.000000000,0.000000000,0.000000000
9.279165182,0.000000000,0.000000000,0.000000000,0.000000000,0.000000000,9.800000000,1.000000000,0.000000000,0.000000000,0.000000000
9.283331848,0.000000000,0.000000000,0.000000000,0.000000000,0.000000000,9.800000000,1.000000000,0.000000000,0.000000000,0.000000000
9.287498514,0.000000000,0.000000000,0.000000000,0.000000000,0.000000000,9.800000000,1.000000000,0.000000000,0.000000000,0.000000000
9.291665180,0.000000000,0.000000000,0.000000000,0.000000000,0.000000000,9.800000000,1.000000000,0.000000000,0.000000000,0.000000000
9.295831846,0.000000000,0.000000000,0.000000000,0.000000000,0.000000000,9.800000000,1.000000000,0.000000000,0.000000000,0.000000000
9.304165178,0.000000000,0.000000000,0.000000000,0.000000000,0.000000000,9.800000000,1.000000000,0.000000000,0.000000000,0.000000000
9.308331844,0.000000000,0.000000000,0.000000000,0.000000000,0.000000000,9.800000000,1.000000000,0.000000000,0.000000000,0.000000000
9.312498510,0.000000000,0.000000000,0.000000000,0.000000000,0.000000000,9.800000000,1.000000000,0.000000000,0.000000000,0.000000000
9.316665176,0.000000000,0.000000000,0.000000000,0.000000000,0.000000000,9.800000000,1.000000000,0.000000000,0.000000000,0.000000000
9.320831842,0.000000000,0.000000000,0.000000000,0.000000000,0.000000000,9.800000000,1.000000000,0.000000000,0.000000000,0.000000000
9.329165174,0.000000000,0.000000000,0.000000000,0.000000000,0.000000000,9.800000000,1.000000000,0.000000000,0.000000000,0.000000000
9.333331840,0.000000000,0.000000000,0.000000000,0.000000000,0.000000000,9.800000000,1.000000000,0.000000000,0.000000000,0.000000000
9.337498506,0.000000000,0.000000000,0.000000000,0.000000000,0.000000000,9.800000000,1.000000000,0.000000000,0.000000000,0.000000000
9.341665172,0.000000000,0.000000000,0.000000000,0.000000000,0.000000000,9.800000000,1.000000000,0.000000000,0.000000000,0.000000000
9.345831838,0.000000000,0.000000000,0.000000000,0.000000000,0.000000000,9.800000000,1.000000000,0.000000000,0.000000000,0.000000000
9.354165170,0.000000000,0.000000000,0.000000000,0.000000000,0.000000000,9.800000000,1.000000000,0.000000000,0.000000000,0.000000000
9.358331836,0.000000000,0.000000000,0.000000000,0.000000000,0.000000000,9.800000000,1.000000000,0.000000000,0.000000000,0.000000000
9.362498502,0.000000000,0.000000000,0.000000000,0.000000000,0.000000000,9.800000000,1.000000000,0.000000000,0.000000000,0.000000000
9.366665168,0.000000000,0.000000000,0.000000000,0.000000000,0.000000000,9.800000000,1.000000000,0.000000000,0.000000000,0.000000000
9.370831834,0.000000000,0.000000000,0.000000000,0.000000000,0.000000000,9.800000000,1.000000000,0.000000000,0.000000000,0.000000000
9.379165166,0.000000000,0.000000000,0.000000000,0.000000000,0.000000000,9.800000000,1.000000000,0.000000000,0.000000000,0.000000000
9.383331832,0.000000000,0.000000000,0.000000000,0.000000000,0.000000000,9.800000000,1.000000000,0.000000000,0.000000000,0.000000000
9.387498498,0.000000000,0.000000000,0.000000000,0.000000000,0.000000000,9.800000000,1.000000000,0.000000000,0.000000000,0.000000000
9.391665164,0.000000000,0.000000000,0.000000000,0.000000000,0.000000000,9.800000000,1.000000000,0.000000000,0.000000000,0.000000000
9.395831830,0.000000000,0.000000000,0.000000000,0.000000000,0.000000000,9.800000000,1.000000000,0.000000000,0.000000000,0.000000000
9.404165162,0.000000000,0.000000000,0.000000000,0.000000000,0.000000000,9.800000000,1.000000000,0.000000000,0.000000000,0.000000000
9.408331828,0.000000000,0.000000000,0.000000000,0.000000000,0.000000000,9.800000000,1.000000000,0.000000000,0.000000000,0.000000000
9.412498494,0.000000000,0.000000000,0.000000000,0.000000000,0.000000000,9.800000000,1.000000000,0.000000000,0.000000000,0.000000000
9.416665160,0.000000000,0.000000000,0.000000000,0.000000000,0.000000000,9.800000000,1.000000000,0.000000000,0.000000000,0.000000000
9.420831826,0.000000000,0.000000000,0.000000000,0.000000000,0.000000000,9.800000000,1.000000000,0.000000000,0.000000000,0.000000000
9.429165158,0.000000000,0.000000000,0.000000000,0.000000000,0.000000000,9.800000000,1.000000000,0.000000000,0.000000000,0.000000000
9.433331824,0.000000000,0.000000000,0.000000000,0.000000000,0.000000000,9.800000000,1.000000000,0.000000000,0.000000000,0.000000000
9.437498490,0.000000000,0.000000000,0.000000000,0.000000000,0.000000000,9.800000000,1.000000000,0.000000000,0.000000000,0.000000000
9.441665156,0.000000000,0.000000000,0.000000000,0.000000000,0.000000000,9.800000000,1.000000000,0.000000000,0.000000000,0.000000000
9.445831822,0.000000000,0.000000000,0.000000000,0.000000000,0.000000000,9.800000000,1.000000000,0.000000000,0.000000000,0.000000000
9.454165154,0.000000000,0.000000000,0.000000000,0.000000000,0.000000000,9.800000000,1.000000000,0.000000000,0.000000000,0.000000000
9.458331820,0.000000000,0.000000000,0.000000000,0.000000000,0.000000000,9.800000000,1.000000000,0.000000000,0.000000000,0.000000000
9.462498486,0.000000000,0.000000000,0.000000000,0.000000000,0.000000000,9.800000000,1.000000000,0.000000000,0.000000000,0.000000000
9.466665152,0.000000000,0.000000000,0.000000000,0.000000000,0.000000000,9.800000000,1.000000000,0.000000000,0.000000000,0.000000000
9.470831818,0.000000000,0.000000000,0.000000000,0.000000000,0.000000000,9.800000000,1.000000000,0.000000000,0.000000000,0.000000000
9.479165150,0.000000000,0.000000000,0.000000000,0.000000000,0.000000000,9.800000000,1.000000000,0.000000000,0.000000000,0.000000000
9.483331816,0.000000000,0.000000000,0.000000000,0.000000000,0.000000000,9.800000000,1.000000000,0.000000000,0.000000000,0.000000000
9.487498482,0.000000000,0.000000000,0.000000000,0.000000000,0.000000000,9.800000000,1.000000000,0.000000000,0.000000000,0.000000000
9.491665148,0.000000000,0.000000000,0.000000000,0.000000000,0.000000000,9.800000000,1.000000000,0.000000000,0.000000000,0.000000000
9.495831814,0.000000000,0.000000000,0.000000000,0.000000000,0.000000000,9.800000000,1.000000000,0.000000000,0.000000000,0.000000000
9.504165146,0.000000000,0.000000000,0.000000000,0.000000000,0.000000000,9.800000000,1.000000000,0.000000000,0.000000000,0.000000000
9.508331812,0.000000000,0.000000000,0.000000000,0.000000000,0.000000000,9.800000000,1.000000000,0.000000000,0.000000000,0.000000000
9.512498478,0.000000000,0.000000000,0.000000000,0.000000000,0.000000000,9.800000000,1.000000000,0.000000000,0.000000000,0.000000000
9.516665144,0.000000000,0.000000000,0.000000000,0.000000000,0.000000000,9.800000000,1.000000000,0.000000000,0.000000000,0.000000000
9.520831810,0.000000000,0.000000000,0.000000000,0.000000000,0.000000000,9.800000000,1.000000000,0.000000000,0.000000000,0.000000000
9.529165142,0.000000000,0.000000000,0.000000000,0.000000000,0.000000000,9.800000000,1.000000000,0.000000000,0.000000000,0.000000000
9.533331808,0.000000000,0.000000000,0.000000000,0.000000000,0.000000000,9.800000000,1.000000000,0.000000000,0.000000000,0.000000000
9.537498474,0.000000000,0.000000000,0.000000000,0.000000000,0.000000000,9.800000000,1.000000000,0.000000000,0.000000000,0.000000000
9.541665140,0.000000000,0.000000000,0.000000000,0.000000000,0.000000000,9.800000000,1.000000000,0.000000000,0.000000000,0.000000000
9.545831806,0.000000000,0.000000000,0.000000000,0.000000000,0.000000000,9.800000000,1.000000000,0.000000000,0.000000000,0.000000000
9.554165138,0.000000000,0.000000000,0.000000000,0.000000000,0.000000000,9.800000000,1.000000000,0.000000000,0.000000000,0.000000000
9.558331804,0.000000000,0.000000000,0.000000000,0.000000000,0.000000000,9.800000000,1.000000000,0.000000000,0.000000000,0.000000000
9.562498470,0.000000000,0.000000000,0.000000000,0.000000000,0.000000000,9.800000000,1.000000000,0.000000000,0.000000000,0.000000000
9.566665136,0.000000000,0.000000000,0.000000000,0.000000000,0.000000000,9.800000000,1.000000000,0.000000000,0.000000000,0.000000000
9.570831802,0.000000000,0.000000000,0.000000000,0.000000000,0.000000000,9.800000000,1.000000000,0.000000000,0.000000000,0.000000000
9.579165134,0.000000000,0.000000000,0.000000000,0.000000000,0.000000000,9.800000000,1.000000000,0.000000000,0.000000000,0.000000000
9.583331800,0.000000000,0.000000000,0.000000000,0.000000000,0.000000000,9.800000000,1.000000000,0.000000000,0.000000000,0.000000000
9.587498466,0.000000000,0.000000000,0.000000000,0.000000000,0.000000000,9.800000000,1.000000000,0.000000000,0.000000000,0.000000000
9.591665132,0.000000000,0.000000000,0.000000000,0.000000000,0.000000000,9.800000000,1.000000000,0.000000000,0.000000000,0.000000000
9.595831798,0.000000000,0.000000000,0.000000000,0.000000000,0.000000000,9.800000000,1.000000000,0.000000000,0.000000000,0.000000000
9.604165130,0.000000000,0.000000000,0.000000000,0.000000000,0.000000000,9.800000000,1.000000000,0.000000000,0.000000000,0.000000000
9.608331796,0.000000000,0.000000000,0.000000000,0.000000000,0.000000000,9.800000000,1.000000000,0.000000000,0.000000000,0.000000000
9.612498462,0.000000000,0.000000000,0.000000000,0.000000000,0.000000000,9.800000000,1.000000000,0.000000000,0.000000000,0.000000000
9.616665128,0.000000000,0.000000000,0.000000000,0.000000000,0.000000000,9.800000000,1.000000000,0.000000000,0.000000000,0.000000000
9.620831794,0.000000000,0.000000000,0.000000000,0.000000000,0.000000000,9.800000000,1.000000000,0.000000000,0.000000000,0.000000000
9.629165126,0.000000000,0.000000000,0.000000000,0.000000000,0.000000000,9.800000000,1.000000000,0.000000000,0.000000000,0.000000000
9.633331792,0.000000000,0.000000000,0.000000000,0.000000000,0.000000000,9.800000000,1.000000000,0.000000000,0.000000000,0.000000000
9.637498458,0.000000000,0.000000000,0.000000000,0.000000000,0.000000000,9.800000000,1.000000000,0.000000000,0.000000000,0.000000000
9.641665124,0.000000000,0.000000000,0.000000000,0.000000000,0.000000000,9.800000000,1.000000000,0.000000000,0.000000000,0.000000000
9.645831790,0.000000000,0.000000000,0.000000000,0.000000000,0.000000000,9.800000000,1.000000000,0.000000000,0.000000000,0.000000000
9.654165122,0.000000000,0.000000000,0.000000000,0.000000000,0.000000000,9.800000000,1.000000000,0.000000000,0.000000000,0.000000000
9.658331788,0.000000000,0.000000000,0.000000000,0.000000000,0.000000000,9.800000000,1.000000000,0.000000000,0.000000000,0.000000000
9.662498454,0.000000000,0.000000000,0.000000000,0.000000000,0.000000000,9.800000000,1.000000000,0.000000000,0.000000000,0.000000000
9.666665120,0.000000000,0.000000000,0.000000000,0.000000000,0.000000000,9.800000000,1.000000000,0.000000000,0.000000000,0.000000000
9.670831786,0.000000000,0.000000000,0.000000000,0.000000000,0.000000000,9.800000000,1.000000000,0.000000000,0.000000000,0.000000000
9.679165118,0.000000000,0.000000000,0.000000000,0.000000000,0.000000000,9.800000000,1.000000000,0.000000000,0.000000000,0.000000000
9.683331784,0.000000000,0.000000000,0.000000000,0.000000000,0.000000000,9.800000000,1.000000000,0.000000000,0.000000000,0.000000000
9.687498450,0.000000000,0.000000000,0.000000000,0.000000000,0.000000000,9.800000000,1.000000000,0.000000000,0.000000000,0.000000000
9.691665116,0.000000000,0.000000000,0.000000000,0.000000000,0.000000000,9.800000000,1.000000000,0.000000000,0.000000000,0.000000000
9.695831782,0.000000000,0.000000000,0.000000000,0.000000000,0.000000000,9.800000000,1.000000000,0.000000000,0.000000000,0.000000000
9.704165114,0.000000000,0.000000000,0.000000000,0.000000000,0.000000000,9.800000000,1.000000000,0.000000000,0.000000000,0.000000000
9.708331780,0.000000000,0.000000000,0.000000000,0.000000000,0.000000000,9.800000000,1.000000000,0.000000000,0.000000000,0.000000000
9.712498446,0.000000000,0.000000000,0.000000000,0.000000000,0.000000000,9.800000000,1.000000000,0.000000000,0.000000000,0.000000000
9.716665112,0.000000000,0.000000000,0.000000000,0.000000000,0.000000000,9.800000000,1.000000000,0.000000000,0.000000000,0.000000000
9.720831778,0.000000000,0.000000000,0.000000000,0.000000000,0.000000000,9.800000000,1.000000000,0.000000000,0.000000000,0.000000000
9.729165110,0.000000000,0.000000000,0.000000000,0.000000000,0.000000000,9.800000000,1.000000000,0.000000000,0.000000000,0.000000000
9.733331776,0.000000000,0.000000000,0.000000000,0.000000000,0.000000000,9.800000000,1.000000000,0.000000000,0.000000000,0.000000000
9.737498442,0.000000000,0.000000000,0.000000000,0.000000000,0.000000000,9.800000000,1.000000000,0.000000000,0.000000000,0.000000000
9.741665108,0.000000000,0.000000000,0.000000000,0.000000000,0.000000000,9.800000000,1.000000000,0.000000000,0.000000000,0.000000000
9.745831774,0.000000000,0.000000000,0.000000000,0.000000000,0.000000000,9.800000000,1.000000000,0.000000000,0.000000000,0.000000000
9.754165106,0.000000000,0.000000000,0.000000000,0.000000000,0.000000000,9.800000000,1.000000000,0.000000000,0.000000000,0.000000000
9.758331772,0.000000000,0.000000000,0.000000000,0.000000000,0.000000000,9.800000000,1.000000000,0.000000000,0.000000000,0.000000000
9.762498438,0.000000000,0.000000000,0.000000000,0.000000000,0.000000000,9.800000000,1.000000000,0.000000000,0.000000000,0.000000000
9.766665104,0.000000000,0.000000000,0.000000000,0.000000000,0.000000000,9.800000000,1.000000000,0.000000000,0.000000000,0.000000000
9.770831770,0.000000000,0.000000000,0.000000000,0.000000000,0.000000000,9.800000000,1.000000000,0.000000000,0.000000000,0.000000000
9.779165102,0.000000000,0.000000000,0.000000000,0.000000000,0.000000000,9.800000000,1.000000000,0.000000000,0.000000000,0.000000000
9.783331768,0.000000000,0.000000000,0.000000000,0.000000000,0.000000000,9.800000000,1.000000000,0.000000000,0.000000000,0.000000000
9.787498434,0.000000000,0.000000000,0.000000000,0.000000000,0.000000000,9.800000000,1.000000000,0.000000000,0.000000000,0.000000000
9.791665100,0.000000000,0.000000000,0.000000000,0.000000000,0.000000000,9.800000000,1.000000000,0.000000000,0.000000000,0.000000000
9.795831766,0.000000000,0.000000000,0.000000000,0.000000000,0.000000000,9.800000000,1.000000000,0.000000000,0.000000000,0.000000000
9.804165098,0.000000000,0.000000000,0.000000000,0.000000000,0.000000000,9.800000000,1.000000000,0.000000000,0.000000000,0.000000000
9.808331764,0.000000000,0.000000000,0.000000000,0.000000000,0.000000000,9.800000000,1.000000000,0.000000000,0.000000000,0.000000000
9.812498430,0.000000000,0.000000000,0.000000000,0.000000000,0.000000000,9.800000000,1.000000000,0.000000000,0.000000000,0.000000000
9.816665096,0.000000000,0.000000000,0.000000000,0.000000000,0.000000000,9.800000000,1.000000000,0.000000000,0.000000000,0.000000000
9.820831762,0.000000000,0.000000000,0.000000000,0.000000000,0.000000000,9.800000000,1.000000000,0.000000000,0.000000000,0.000000000
9.829165094,0.000000000,0.000000000,0.000000000,0.000000000,0.000000000,9.800000000,1.000000000,0.000000000,0.000000000,0.000000000
9.833331760,0.000000000,0.000000000,0.000000000,0.000000000,0.000000000,9.800000000,1.000000000,0.000000000,0.000000000,0.000000000
9.837498426,0.000000000,0.000000000,0.000000000,0.000000000,0.000000000,9.800000000,1.000000000,0.000000000,0.000000000,0.000000000
9.841665092,0.000000000,0.000000000,0.000000000,0.000000000,0.000000000,9.800000000,1.000000000,0.000000000,0.000000000,0.000000000
9.845831758,0.000000000,0.000000000,0.000000000,0.000000000,0.000000000,9.800000000,1.000000000,0.000000000,0.000000000,0.000000000
9.854165090,0.000000000,0.000000000,0.000000000,0.000000000,0.000000000,9.800000000,1.000000000,0.000000000,0.000000000,0.000000000
9.858331756,0.000000000,0.000000000,0.000000000,0.000000000,0.000000000,9.800000000,1.000000000,0.000000000,0.000000000,0.000000000
9.862498422,0.000000000,0.000000000,0.000000000,0.000000000,0.000000000,9.800000000,1.000000000,0.000000000,0.000000000,0.000000000
9.866665088,0.000000000,0.000000000,0.000000000,0.000000000,0.000000000,9.800000000,1.000000000,0.000000000,0.000000000,0.000000000
9.870831754,0.000000000,0.000000000,0.000000000,0.000000000,0.000000000,9.800000000,1.000000000,0.000000000,0.000000000,0.000000000
9.879165086,0.000000000,0.000000000,0.000000000,0.000000000,0.000000000,9.800000000,1.000000000,0.000000000,0.000000000,0.000000000
9.883331752,0.000000000,0.000000000,0.000000000,0.000000000,0.000000000,9.800000000,1.000000000,0.000000000,0.000000000,0.000000000
9.887498418,0.000000000,0.000000000,0.000000000,0.000000000,0.000000000,9.800000000,1.000000000,0.000000000,0.000000000,0.000000000
9.891665084,0.000000000,0.000000000,0.000000000,0.000000000,0.000000000,9.800000000,1.000000000,0.000000000,0.000000000,0.000000000
9.895831750,0.000000000,0.000000000,0.000000000,0.000000000,0.000000000,9.800000000,1.000000000,0.000000000,0.000000000,0.000000000
9.904165082,0.000000000,0.000000000,0.000000000,0.000000000,0.000000000,9.800000000,1.000000000,0.000000000,0.000000000,0.000000000
9.908331748,0.000000000,0.000000000,0.000000000,0.000000000,0.000000000,9.800000000,1.000000000,0.000000000,0.000000000,0.000000000
9.912498414,0.000000000,0.000000000,0.000000000,0.000000000,0.000000000,9.800000000,1.000000000,0.000000000,0.000000000,0.000000000
9.916665080,0.000000000,0.000000000,0.000000000,0.000000000,0.000000000,9.800000000,1.000000000,0.000000000,0.000000000,0.000000000
9.920831746,0.000000000,0.000000000,0.000000000,0.000000000,0.000000000,9.800000000,1.000000000,0.000000000,0.000000000,0.000000000
9.929165078,0.000000000,0.000000000,0.000000000,0.000000000,0.000000000,9.800000000,1.000000000,0.000000000,0.000000000,0.000000000
9.933331744,0.000000000,0.000000000,0.000000000,0.000000000,0.000000000,9.800000000,1.000000000,0.000000000,0.000000000,0.000000000
9.937498410,0.000000000,0.000000000,0.000000000,0.000000000,0.000000000,9.800000000,1.000000000,0.000000000,0.000000000,0.000000000
9.941665076,0.000000000,0.000000000,0.000000000,0.000000000,0.000000000,9.800000000,1.000000000,0.000000000,0.000000000,0.000000000
9.945831742,0.000000000,0.000000000,0.000000000,0.000000000,0.000000000,9.800000000,1.000000000,0.000000000,0.000000000,0.000000000
9.954165074,0.000000000,0.000000000,0.000000000,0.000000000,0.000000000,9.800000000,1.000000000,0.000000000,0.000000000,0.000000000
9.958331740,0.000000000,0.000000000,0.000000000,0.000000000,0.000000000,9.800000000,1.000000000,0.000000000,0.000000000,0.000000000
9.962498406,0.000000000,0.000000000,0.000000000,0.000000000,0.000000000,9.800000000,1.000000000,0.000000000,0.000000000,0.000000000
9.966665072,0.000000000,0.000000000,0.000000000,0.000000000,0.000000000,9.800000000,1.000000000,0.000000000,0.000000000,0.000000000
9.970831738,0.000000000,0.000000000,0.000000000,0.000000000,0.000000000,9.800000000,1.000000000,0.000000000,0.000000000,0.000000000
9.979165070,0.000000000,0.000000000,0.000000000,0.000000000,0.000000000,9.800000000,1.000000000,0.000000000,0.000000000,0.000000000
9.983331736,0.000000000,0.000000000,0.000000000,0.000000000,0.000000000,9.800000000,1.000000000,0.000000000,0.000000000,0.000000000
9.987498402,0.000000000,0.000000000,0.000000000,0.000000000,0.000000000,9.800000000,1.000000000,0.000000000,0.000000000,0.000000000
9.991665068,0.000000000,0.000000000,0.000000000,0.000000000,0.000000000,9.800000000,1.000000000,0.000000000,0.000000000,0.000000000
9.995831734,0.000000000,0.000000000,0.000000000,0.000000000,0.000000000,9.800000000,1.000000000,0.000000000,0.000000000,0.000000000
10.004165066,0.000000000,0.000000000,0.000000000,0.000000000,0.000000000,9.800000000,1.000000000,0.000000000,0.000000000,0.000000000
10.008331732,0.000000000,0.000000000,0.000000000,0.000000000,0.000000000,9.800000000,1.000000000,0.000000000,0.000000000,0.000000000
10.012498398,0.000000000,0.000000000,0.000000000,0.000000000,0.000000000,9.800000000,1.000000000,0.000000000,0.000000000,0.000000000
10.016665064,0.000000000,0.000000000,0.000000000,0.000000000,0.000000000,9.800000000,1.000000000,0.000000000,0.000000000,0.000000000
10.020831730,0.000000000,0.000000000,0.000000000,0.000000000,0.000000000,9.800000000,1.000000000,0.000000000,0.000000000,0.000000000
10.029165062,0.000000000,0.000000000,0.000000000,0.000000000,0.000000000,9.800000000,1.000000000,0.000000000,0.000000000,0.000000000
10.033331728,0.000000000,0.000000000,0.000000000,0.000000000,0.000000000,9.800000000,1.000000000,0.000000000,0.000000000,0.000000000
10.037498394,0.000000000,0.000000000,0.000000000,0.000000000,0.000000000,9.800000000,1.000000000,0.000000000,0.000000000,0.000000000
10.041665060,0.000000000,0.000000000,0.000000000,0.000000000,0.000000000,9.800000000,1.000000000,0.000000000,0.000000000,0.000000000
10.045831726,0.000000000,0.000000000,0.000000000,0.000000000,0.000000000,9.800000000,1.000000000,0.000000000,0.000000000,0.000000000
10.054165058,0.000000000,0.000000000,0.000000000,0.000000000,0.000000000,9.800000000,1.000000000,0.000000000,0.000000000,0.000000000
10.058331724,0.000000000,0.000000000,0.000000000,0.000000000,0.000000000,9.800000000,1.000000000,0.000000000,0.000000000,0.000000000
10.062498390,0.000000000,0.000000000,0.000000000,0.000000000,0.000000000,9.800000000,1.000000000,0.000000000,0.000000000,0.000000000
10.066665056,0.000000000,0.000000000,0.000000000,0.000000000,0.000000000,9.800000000,1.000000000,0.000000000,0.000000000,0.000000000
10.070831722,0.000000000,0.000000000,0.000000000,0.000000000,0.000000000,9.800000000,1.000000000,0.000000000,0.000000000,0.000000000
10.079165054,0.000000000,0.000000000,0.000000000,0.000000000,0.000000000,9.800000000,1.000000000,0.000000000,0.000000000,0.000000000
10.083331720,0.000000000,0.000000000,0.000000000,0.000000000,0.000000000,9.800000000,1.000000000,0.000000000,0.000000000,0.000000000
10.087498386,0.000000000,0.000000000,0.000000000,0.000000000,0.000000000,9.800000000,1.000000000,0.000000000,0.000000000,0.000000000
10.091665052,0.000000000,0.000000000,0.000000000,0.000000000,0.000000000,9.800000000,1.000000000,0.000000000,0.000000000,0.000000000
10.095831718,0.000000000,0.000000000,0.000000000,0.000000000,0.000000000,9.800000000,1.000000000,0.000000000,0.000000000,0.000000000
10.104165050,0.000000000,0.000000000,0.000000000,0.000000000,0.000000000,9.800000000,1.000000000,0.000000000,0.000000000,0.000000000
10.108331716,0.000000000,0.000000000,0.000000000,0.000000000,0.000000000,9.800000000,1.000000000,0.000000000,0.000000000,0.000000000
10.112498382,0.000000000,0.000000000,0.000000000,0.000000000,0.000000000,9.800000000,1.000000000,0.000000000,0.000000000,0.000000000
10.116665048,0.000000000,0.000000000,0.000000000,0.000000000,0.000000000,9.800000000,1.000000000,0.000000000,0.000000000,0.000000000
10.120831714,0.000000000,0.000000000,0.000000000,0.000000000,0.000000000,9.800000000,1.000000000,0.000000000,0.000000000,0.000000000
10.129165046,0.000000000,0.000000000,0.000000000,0.000000000,0.000000000,9.800000000,1.000000000,0.000000000,0.000000000,0.000000000
10.133331712,0.000000000,0.000000000,0.000000000,0.000000000,0.000000000,9.800000000,1.000000000,0.000000000,0.000000000,0.000000000
10.137498378,0.000000000,0.000000000,0.000000000,0.000000000,0.000000000,9.800000000,1.000000000,0.000000000,0.000000000,0.000000000
10.141665044,0.000000000,0.000000000,0.000000000,0.000000000,0.000000000,9.800000000,1.000000000,0.000000000,0.000000000,0.000000000
10.145831710,0.000000000,0.000000000,0.000000000,0.000000000,0.000000000,9.800000000,1.000000000,0.000000000,0.000000000,0.000000000
10.154165042,0.000000000,0.000000000,0.000000000,0.000000000,0.000000000,9.800000000,1.000000000,0.000000000,0.000000000,0.000000000
10.158331708,0.000000000,0.000000000,0.000000000,0.000000000,0.000000000,9.800000000,1.000000000,0.000000000,0.000000000,0.000000000
10.162498374,0.000000000,0.000000000,0.000000000,0.000000000,0.000000000,9.800000000,1.000000000,0.000000000,0.000000000,0.000000000
10.166665040,0.000000000,0.000000000,0.000000000,0.000000000,0.000000000,9.800000000,1.000000000,0.000000000,0.000000000,0.000000000
10.170831706,0.000000000,0.000000000,0.000000000,0.000000000,0.000000000,9.800000000,1.000000000,0.000000000,0.000000000,0.000000000
10.179165038,0.000000000,0.000000000,0.000000000,0.000000000,0.000000000,9.800000000,1.000000000,0.000000000,0.000000000,0.000000000
10.183331704,0.000000000,0.000000000,0.000000000,0.000000000,0.000000000,9.800000000,1.000000000,0.000000000,0.000000000,0.000000000
10.187498370,0.000000000,0.000000000,0.000000000,0.000000000,0.000000000,9.800000000,1.000000000,0.000000000,0.000000000,0.000000000
10.191665036,0.000000000,0.000000000,0.000000000,0.000000000,0.000000000,9.800000000,1.000000000,0.000000000,0.000000000,0.000000000
10.195831702,0.000000000,0.000000000,0.000000000,0.000000000,0.000000000,9.800000000,1.000000000,0.000000000,0.000000000,0.000000000
10.204165034,0.000000000,0.000000000,0.000000000,0.000000000,0.000000000,9.800000000,1.000000000,0.000000000,0.000000000,0.000000000
10.208331700,0.000000000,0.000000000,0.000000000,0.000000000,0.000000000,9.800000000,1.000000000,0.000000000,0.000000000,0.000000000
10.212498366,0.000000000,0.000000000,0.000000000,0.000000000,0.000000000,9.800000000,1.000000000,0.000000000,0.000000000,0.000000000
10.216665032,0.000000000,0.000000000,0.000000000,0.000000000,0.000000000,9.800000000,1.000000000,0.000000000,0.000000000,0.000000000
10.220831698,0.000000000,0.000000000,0.000000000,0.000000000,0.000000000,9.800000000,1.000000000,0.000000000,0.000000000,0.000000000
10.229165030,0.000000000,0.000000000,0.000000000,0.000000000,0.000000000,9.800000000,1.000000000,0.000000000,0.000000000,0.000000000
10.233331696,0.000000000,0.000000000,0.000000000,0.000000000,0.000000000,9.800000000,1.000000000,0.000000000,0.000000000,0.000000000
10.237498362,0.000000000,0.000000000,0.000000000,0.000000000,0.000000000,9.800000000,1.000000000,0.000000000,0.000000000,0.000000000
10.241665028,0.000000000,0.000000000,0.000000000,0.000000000,0.000000000,9.800000000,1.000000000,0.000000000,0.000000000,0.000000000
10.245831694,0.000000000,0.000000000,0.000000000,0.000000000,0.000000000,9.800000000,1.000000000,0.000000000,0.000000000,0.000000000
10.254165026,0.000000000,0.000000000,0.000000000,0.000000000,0.000000000,9.800000000,1.000000000,0.000000000,0.000000000,0.000000000
10.258331692,0.000000000,0.000000000,0.000000000,0.000000000,0.000000000,9.800000000,1.000000000,0.000000000,0.000000000,0.000000000
10.262498358,0.000000000,0.000000000,0.000000000,0.000000000,0.000000000,9.800000000,1.000000000,0.000000000,0.000000000,0.000000000
10.266665024,0.000000000,0.000000000,0.000000000,0.000000000,0.000000000,9.800000000,1.000000000,0.000000000,0.000000000,0.000000000
10.270831690,0.000000000,0.000000000,0.000000000,0.000000000,0.000000000,9.800000000,1.000000000,0.000000000,0.000000000,0.000000000
10.279165022,0.000000000,0.000000000,0.000000000,0.000000000,0.000000000,9.800000000,1.000000000,0.000000000,0.000000000,0.000000000
10.283331688,0.000000000,0.000000000,0.000000000,0.000000000,0.000000000,9.800000000,1.000000000,0.000000000,0.000000000,0.000000000
10.287498354,0.000000000,0.000000000,0.000000000,0.000000000,0.000000000,9.800000000,1.000000000,0.000000000,0.000000000,0.000000000
10.291665020,0.000000000,0.000000000,0.000000000,0.000000000,0.000000000,9.800000000,1.000000000,0.000000000,0.000000000,0.000000000
10.295831686,0.000000000,0.000000000,0.000000000,0.000000000,0.000000000,9.800000000,1.000000000,0.000000000,0.000000000,0.000000000
10.304165018,0.000000000,0.000000000,0.000000000,0.000000000,0.000000000,9.800000000,1.000000000,0.000000000,0.000000000,0.000000000
10.308331684,0.000000000,0.000000000,0.000000000,0.000000000,0.000000000,9.800000000,1.000000000,0.000000000,0.000000000,0.000000000
10.312498350,0.000000000,0.000000000,0.000000000,0.000000000,0.000000000,9.800000000,1.000000000,0.000000000,0.000000000,0.000000000
10.316665016,0.000000000,0.000000000,0.000000000,0.000000000,0.000000000,9.800000000,1.000000000,0.000000000,0.000000000,0.000000000
10.320831682,0.000000000,0.000000000,0.000000000,0.000000000,0.000000000,9.800000000,1.000000000,0.000000000,0.000000000,0.000000000
10.329165014,0.000000000,0.000000000,0.000000000,0.000000000,0.000000000,9.800000000,1.000000000,0.000000000,0.000000000,0.000000000
10.333331680,0.000000000,0.000000000,0.000000000,0.000000000,0.000000000,9.800000000,1.000000000,0.000000000,0.000000000,0.000000000
10.337498346,0.000000000,0.000000000,0.000000000,0.000000000,0.000000000,9.800000000,1.000000000,0.000000000,0.000000000,0.000000000
10.341665012,0.000000000,0.000000000,0.000000000,0.000000000,0.000000000,9.800000000,1.000000000,0.000000000,0.000000000,0.000000000
10.345831678,0.000000000,0.000000000,0.000000000,0.000000000,0.000000000,9.800000000,1.000000000,0.000000000,0.000000000,0.000000000
10.354165010,0.000000000,0.000000000,0.000000000,0.000000000,0.000000000,9.800000000,1.000000000,0.000000000,0.000000000,0.000000000
10.358331676,0.000000000,0.000000000,0.000000000,0.000000000,0.000000000,9.800000000,1.000000000,0.000000000,0.000000000,0.000000000
10.362498342,0.000000000,0.000000000,0.000000000,0.000000000,0.000000000,9.800000000,1.000000000,0.000000000,0.000000000,0.000000000
10.366665008,0.000000000,0.000000000,0.000000000,0.000000000,0.000000000,9.800000000,1.000000000,0.000000000,0.000000000,0.000000000
10.370831674,0.000000000,0.000000000,0.000000000,0.000000000,0.000000000,9.800000000,1.000000000,0.000000000,0.000000000,0.000000000
10.379165006,0.000000000,0.000000000,0.000000000,0.000000000,0.000000000,9.800000000,1.000000000,0.000000000,0.000000000,0.000000000
10.383331672,0.000000000,0.000000000,0.000000000,0.000000000,0.000000000,9.800000000,1.000000000,0.000000000,0.000000000,0.000000000
10.387498338,0.000000000,0.000000000,0.000000000,0.000000000,0.000000000,9.800000000,1.000000000,0.000000000,0.000000000,0.000000000
10.391665004,0.000000000,0.000000000,0.000000000,0.000000000,0.000000000,9.800000000,1.000000000,0.000000000,0.000000000,0.000000000
10.395831670,0.000000000,0.000000000,0.000000000,0.000000000,0.000000000,9.800000000,1.000000000,0.000000000,0.000000000,0.000000000
10.404165002,0.000000000,0.000000000,0.000000000,0.000000000,0.000000000,9.800000000,1.000000000,0.000000000,0.000000000,0.000000000
10.408331668,0.000000000,0.000000000,0.000000000,0.000000000,0.000000000,9.800000000,1.000000000,0.000000000,0.000000000,0.000000000
10.412498334,0.000000000,0.000000000,0.000000000,0.000000000,0.000000000,9.800000000,1.000000000,0.000000000,0.000000000,0.000000000
10.416665000,0.000000000,0.000000000,0.000000000,0.000000000,0.000000000,9.800000000,1.000000000,0.000000000,0.000000000,0.000000000
10.420831666,0.000000000,0.000000000,0.000000000,0.000000000,0.000000000,9.800000000,1.000000000,0.000000000,0.000000000,0.000000000
10.429164998,0.000000000,0.000000000,0.000000000,0.000000000,0.000000000,9.800000000,1.000000000,0.000000000,0.000000000,0.000000000
10.433331664,0.000000000,0.000000000,0.000000000,0.000000000,0.000000000,9.800000000,1.000000000,0.000000000,0.000000000,0.000000000
10.437498330,0.000000000,0.000000000,0.000000000,0.000000000,0.000000000,9.800000000,1.000000000,0.000000000,0.000000000,0.000000000
10.441664996,0.000000000,0.000000000,0.000000000,0.000000000,0.000000000,9.800000000,1.000000000,0.000000000,0.000000000,0.000000000
10.445831662,0.000000000,0.000000000,0.000000000,0.000000000,0.000000000,9.800000000,1.000000000,0.000000000,0.000000000,0.000000000
10.454164994,0.000000000,0.000000000,0.000000000,0.000000000,0.000000000,9.800000000,1.000000000,0.000000000,0.000000000,0.000000000
10.458331660,0.000000000,0.000000000,0.000000000,0.000000000,0.000000000,9.800000000,1.000000000,0.000000000,0.000000000,0.000000000
10.462498326,0.000000000,0.000000000,0.000000000,0.000000000,0.000000000,9.800000000,1.000000000,0.000000000,0.000000000,0.000000000
10.466664992,0.000000000,0.000000000,0.000000000,0.000000000,0.000000000,9.800000000,1.000000000,0.000000000,0.000000000,0.000000000
10.470831658,0.000000000,0.000000000,0.000000000,0.000000000,0.000000000,9.800000000,1.000000000,0.000000000,0.000000000,0.000000000
10.479164990,0.000000000,0.000000000,0.000000000,0.000000000,0.000000000,9.800000000,1.000000000,0.000000000,0.000000000,0.000000000
10.483331656,0.000000000,0.000000000,0.000000000,0.000000000,0.000000000,9.800000000,1.000000000,0.000000000,0.000000000,0.000000000
10.487498322,0.000000000,0.000000000,0.000000000,0.000000000,0.000000000,9.800000000,1.000000000,0.000000000,0.000000000,0.000000000
10.491664988,0.000000000,0.000000000,0.000000000,0.000000000,0.000000000,9.800000000,1.000000000,0.000000000,0.000000000,0.000000000
10.495831654,0.000000000,0.000000000,0.000000000,0.000000000,0.000000000,9.800000000,1.000000000,0.000000000,0.000000000,0.000000000
10.504164986,0.000000000,0.000000000,0.000000000,0.000000000,0.000000000,9.800000000,1.000000000,0.000000000,0.000000000,0.000000000
10.508331652,0.000000000,0.000000000,0.000000000,0.000000000,0.000000000,9.800000000,1.000000000,0.000000000,0.000000000,0.000000000
10.512498318,0.000000000,0.000000000,0.000000000,0.000000000,0.000000000,9.800000000,1.000000000,0.000000000,0.000000000,0.000000000
10.516664984,0.000000000,0.000000000,0.000000000,0.000000000,0.000000000,9.800000000,1.000000000,0.000000000,0.000000000,0.000000000
10.520831650,0.000000000,0.000000000,0.000000000,0.000000000,0.000000000,9.800000000,1.000000000,0.000000000,0.000000000,0.000000000
10.529164982,0.000000000,0.000000000,0.000000000,0.000000000,0.000000000,9.800000000,1.000000000,0.000000000,0.000000000,0.000000000
10.533331648,0.000000000,0.000000000,0.000000000,0.000000000,0.000000000,9.800000000,1.000000000,0.000000000,0.000000000,0.000000000
10.537498314,0.000000000,0.000000000,0.000000000,0.000000000,0.000000000,9.800000000,1.000000000,0.000000000,0.000000000,0.000000000
10.541664980,0.000000000,0.000000000,0.000000000,0.000000000,0.000000000,9.800000000,1.000000000,0.000000000,0.000000000,0.000000000
10.545831646,0.000000000,0.000000000,0.000000000,0.000000000,0.000000000,9.800000000,1.000000000,0.000000000,0.000000000,0.000000000
10.554164978,0.000000000,0.000000000,0.000000000,0.000000000,0.000000000,9.800000000,1.000000000,0.000000000,0.000000000,0.000000000
10.558331644,0.000000000,0.000000000,0.000000000,0.000000000,0.000000000,9.800000000,1.000000000,0.000000000,0.000000000,0.000000000
10.562498310,0.000000000,0.000000000,0.000000000,0.000000000,0.000000000,9.800000000,1.000000000,0.000000000,0.000000000,0.000000000
10.566664976,0.000000000,0.000000000,0.000000000,0.000000000,0.000000000,9.800000000,1.000000000,0.000000000,0.000000000,0.000000000
10.570831642,0.000000000,0.000000000,0.000000000,0.000000000,0.000000000,9.800000000,1.000000000,0.000000000,0.000000000,0.000000000
10.579164974,0.000000000,0.000000000,0.000000000,0.000000000,0.000000000,9.800000000,1.000000000,0.000000000,0.000000000,0.000000000
10.583331640,0.000000000,0.000000000,0.000000000,0.000000000,0.000000000,9.800000000,1.000000000,0.000000000,0.000000000,0.000000000
10.587498306,0.000000000,0.000000000,0.000000000,0.000000000,0.000000000,9.800000000,1.000000000,0.000000000,0.000000000,0.000000000
10.591664972,0.000000000,0.000000000,0.000000000,0.000000000,0.000000000,9.800000000,1.000000000,0.000000000,0.000000000,0.000000000
10.595831638,0.000000000,0.000000000,0.000000000,0.000000000,0.000000000,9.800000000,1.000000000,0.000000000,0.000000000,0.000000000
10.604164970,0.000000000,0.000000000,0.000000000,0.000000000,0.000000000,9.800000000,1.000000000,0.000000000,0.000000000,0.000000000
10.608331636,0.000000000,0.000000000,0.000000000,0.000000000,0.000000000,9.800000000,1.000000000,0.000000000,0.000000000,0.000000000
10.612498302,0.000000000,0.000000000,0.000000000,0.000000000,0.000000000,9.800000000,1.000000000,0.000000000,0.000000000,0.000000000
10.616664968,0.000000000,0.000000000,0.000000000,0.000000000,0.000000000,9.800000000,1.000000000,0.000000000,0.000000000,0.000000000
10.620831634,0.000000000,0.000000000,0.000000000,0.000000000,0.000000000,9.800000000,1.000000000,0.000000000,0.000000000,0.000000000
10.629164966,0.000000000,0.000000000,0.000000000,0.000000000,0.000000000,9.800000000,1.000000000,0.000000000,0.000000000,0.000000000
10.633331632,0.000000000,0.000000000,0.000000000,0.000000000,0.000000000,9.800000000,1.000000000,0.000000000,0.000000000,0.000000000
10.637498298,0.000000000,0.000000000,0.000000000,0.000000000,0.000000000,9.800000000,1.000000000,0.000000000,0.000000000,0.000000000
10.641664964,0.000000000,0.000000000,0.000000000,0.000000000,0.000000000,9.800000000,1.000000000,0.000000000,0.000000000,0.000000000
10.645831630,0.000000000,0.000000000,0.000000000,0.000000000,0.000000000,9.800000000,1.000000000,0.000000000,0.000000000,0.000000000
10.654164962,0.000000000,0.000000000,0.000000000,0.000000000,0.000000000,9.800000000,1.000000000,0.000000000,0.000000000,0.000000000
10.658331628,0.000000000,0.000000000,0.000000000,0.000000000,0.000000000,9.800000000,1.000000000,0.000000000,0.000000000,0.000000000
10.662498294,0.000000000,0.000000000,0.000000000,0.000000000,0.000000000,9.800000000,1.000000000,0.000000000,0.000000000,0.000000000
10.666664960,0.000000000,0.000000000,0.000000000,0.000000000,0.000000000,9.800000000,1.000000000,0.000000000,0.000000000,0.000000000
10.670831626,0.000000000,0.000000000,0.000000000,0.000000000,0.000000000,9.800000000,1.000000000,0.000000000,0.000000000,0.000000000
10.679164958,0.000000000,0.000000000,0.000000000,0.000000000,0.000000000,9.800000000,1.000000000,0.000000000,0.000000000,0.000000000
10.683331624,0.000000000,0.000000000,0.000000000,0.000000000,0.000000000,9.800000000,1.000000000,0.000000000,0.000000000,0.000000000
10.687498290,0.000000000,0.000000000,0.000000000,0.000000000,0.000000000,9.800000000,1.000000000,0.000000000,0.000000000,0.000000000
10.691664956,0.000000000,0.000000000,0.000000000,0.000000000,0.000000000,9.800000000,1.000000000,0.000000000,0.000000000,0.000000000
10.695831622,0.000000000,0.000000000,0.000000000,0.000000000,0.000000000,9.800000000,1.000000000,0.000000000,0.000000000,0.000000000
10.704164954,0.000000000,0.000000000,0.000000000,0.000000000,0.000000000,9.800000000,1.000000000,0.000000000,0.000000000,0.000000000
10.708331620,0.000000000,0.000000000,0.000000000,0.000000000,0.000000000,9.800000000,1.000000000,0.000000000,0.000000000,0.000000000
10.712498286,0.000000000,0.000000000,0.000000000,0.000000000,0.000000000,9.800000000,1.000000000,0.000000000,0.000000000,0.000000000
10.716664952,0.000000000,0.000000000,0.000000000,0.000000000,0.000000000,9.800000000,1.000000000,0.000000000,0.000000000,0.000000000
10.720831618,0.000000000,0.000000000,0.000000000,0.000000000,0.000000000,9.800000000,1.000000000,0.000000000,0.000000000,0.000000000
10.729164950,0.000000000,0.000000000,0.000000000,0.000000000,0.000000000,9.800000000,1.000000000,0.000000000,0.000000000,0.000000000
10.733331616,0.000000000,0.000000000,0.000000000,0.000000000,0.000000000,9.800000000,1.000000000,0.000000000,0.000000000,0.000000000
10.737498282,0.000000000,0.000000000,0.000000000,0.000000000,0.000000000,9.800000000,1.000000000,0.000000000,0.000000000,0.000000000
10.741664948,0.000000000,0.000000000,0.000000000,0.000000000,0.000000000,9.800000000,1.000000000,0.000000000,0.000000000,0.000000000
10.745831614,0.000000000,0.000000000,0.000000000,0.000000000,0.000000000,9.800000000,1.000000000,0.000000000,0.000000000,0.000000000
10.754164946,0.000000000,0.000000000,0.000000000,0.000000000,0.000000000,9.800000000,1.000000000,0.000000000,0.000000000,0.000000000
10.758331612,0.000000000,0.000000000,0.000000000,0.000000000,0.000000000,9.800000000,1.000000000,0.000000000,0.000000000,0.000000000
10.762498278,0.000000000,0.000000000,0.000000000,0.000000000,0.000000000,9.800000000,1.000000000,0.000000000,0.000000000,0.000000000
10.766664944,0.000000000,0.000000000,0.000000000,0.000000000,0.000000000,9.800000000,1.000000000,0.000000000,0.000000000,0.000000000
10.770831610,0.000000000,0.000000000,0.000000000,0.000000000,0.000000000,9.800000000,1.000000000,0.000000000,0.000000000,0.000000000
10.779164942,0.000000000,0.000000000,0.000000000,0.000000000,0.000000000,9.800000000,1.000000000,0.000000000,0.000000000,0.000000000
10.783331608,0.000000000,0.000000000,0.000000000,0.000000000,0.000000000,9.800000000,1.000000000,0.000000000,0.000000000,0.000000000
10.787498274,0.000000000,0.000000000,0.000000000,0.000000000,0.000000000,9.800000000,1.000000000,0.000000000,0.000000000,0.000000000
10.791664940,0.000000000,0.000000000,0.000000000,0.000000000,0.000000000,9.800000000,1.000000000,0.000000000,0.000000000,0.000000000
10.795831606,0.000000000,0.000000000,0.000000000,0.000000000,0.000000000,9.800000000,1.000000000,0.000000000,0.000000000,0.000000000
10.804164938,0.000000000,0.000000000,0.000000000,0.000000000,0.000000000,9.800000000,1.000000000,0.000000000,0.000000000,0.000000000
10.808331604,0.000000000,0.000000000,0.000000000,0.000000000,0.000000000,9.800000000,1.000000000,0.000000000,0.000000000,0.000000000
10.812498270,0.000000000,0.000000000,0.000000000,0.000000000,0.000000000,9.800000000,1.000000000,0.000000000,0.000000000,0.000000000
10.816664936,0.000000000,0.000000000,0.000000000,0.000000000,0.000000000,9.800000000,1.000000000,0.000000000,0.000000000,0.000000000
10.820831602,0.000000000,0.000000000,0.000000000,0.000000000,0.000000000,9.800000000,1.000000000,0.000000000,0.000000000,0.000000000
10.829164934,0.000000000,0.000000000,0.000000000,0.000000000,0.000000000,9.800000000,1.000000000,0.000000000,0.000000000,0.000000000
10.833331600,0.000000000,0.000000000,0.000000000,0.000000000,0.000000000,9.800000000,1.000000000,0.000000000,0.000000000,0.000000000
10.837498266,0.000000000,0.000000000,0.000000000,0.000000000,0.000000000,9.800000000,1.000000000,0.000000000,0.000000000,0.000000000
10.841664932,0.000000000,0.000000000,0.000000000,0.000000000,0.000000000,9.800000000,1.000000000,0.000000000,0.000000000,0.000000000
10.845831598,0.000000000,0.000000000,0.000000000,0.000000000,0.000000000,9.800000000,1.000000000,0.000000000,0.000000000,0.000000000
10.854164930,0.000000000,0.000000000,0.000000000,0.000000000,0.000000000,9.800000000,1.000000000,0.000000000,0.000000000,0.000000000
10.858331596,0.000000000,0.000000000,0.000000000,0.000000000,0.000000000,9.800000000,1.000000000,0.000000000,0.000000000,0.000000000
10.862498262,0.000000000,0.000000000,0.000000000,0.000000000,0.000000000,9.800000000,1.000000000,0.000000000,0.000000000,0.000000000
10.866664928,0.000000000,0.000000000,0.000000000,0.000000000,0.000000000,9.800000000,1.000000000,0.000000000,0.000000000,0.000000000
10.870831594,0.000000000,0.000000000,0.000000000,0.000000000,0.000000000,9.800000000,1.000000000,0.000000000,0.000000000,0.000000000
10.879164926,0.000000000,0.000000000,0.000000000,0.000000000,0.000000000,9.800000000,1.000000000,0.000000000,0.000000000,0.000000000
10.883331592,0.000000000,0.000000000,0.000000000,0.000000000,0.000000000,9.800000000,1.000000000,0.000000000,0.000000000,0.000000000
10.887498258,0.000000000,0.000000000,0.000000000,0.000000000,0.000000000,9.800000000,1.000000000,0.000000000,0.000000000,0.000000000
10.891664924,0.000000000,0.000000000,0.000000000,0.000000000,0.000000000,9.800000000,1.000000000,0.000000000,0.000000000,0.000000000
10.895831590,0.000000000,0.000000000,0.000000000,0.000000000,0.000000000,9.800000000,1.000000000,0.000000000,0.000000000,0.000000000
10.904164922,0.000000000,0.000000000,0.000000000,0.000000000,0.000000000,9.800000000,1.000000000,0.000000000,0.000000000,0.000000000
10.908331588,0.000000000,0.000000000,0.000000000,0.000000000,0.000000000,9.800000000,1.000000000,0.000000000,0.000000000,0.000000000
10.912498254,0.000000000,0.000000000,0.000000000,0.000000000,0.000000000,9.800000000,1.000000000,0.000000000,0.000000000,0.000000000
10.916664920,0.000000000,0.000000000,0.000000000,0.000000000,0.000000000,9.800000000,1.000000000,0.000000000,0.000000000,0.000000000
10.920831586,0.000000000,0.000000000,0.000000000,0.000000000,0.000000000,9.800000000,1.000000000,0.000000000,0.000000000,0.000000000
10.929164918,0.000000000,0.000000000,0.000000000,0.000000000,0.000000000,9.800000000,1.000000000,0.000000000,0.000000000,0.000000000
10.933331584,0.000000000,0.000000000,0.000000000,0.000000000,0.000000000,9.800000000,1.000000000,0.000000000,0.000000000,0.000000000
10.937498250,0.000000000,0.000000000,0.000000000,0.000000000,0.000000000,9.800000000,1.000000000,0.000000000,0.000000000,0.000000000
10.941664916,0.000000000,0.000000000,0.000000000,0.000000000,0.000000000,9.800000000,1.000000000,0.000000000,0.000000000,0.000000000
10.945831582,0.000000000,0.000000000,0.000000000,0.000000000,0.000000000,9.800000000,1.000000000,0.000000000,0.000000000,0.000000000
10.954164914,0.000000000,0.000000000,0.000000000,0.000000000,0.000000000,9.800000000,1.000000000,0.000000000,0.000000000,0.000000000
10.958331580,0.000000000,0.000000000,0.000000000,0.000000000,0.000000000,9.800000000,1.000000000,0.000000000,0.000000000,0.000000000
10.962498246,0.000000000,0.000000000,0.000000000,0.000000000,0.000000000,9.800000000,1.000000000,0.000000000,0.000000000,0.000000000
10.966664912,0.000000000,0.000000000,0.000000000,0.000000000,0.000000000,9.800000000,1.000000000,0.000000000,0.000000000,0.000000000
10.970831578,0.000000000,0.000000000,0.000000000,0.000000000,0.000000000,9.800000000,1.000000000,0.000000000,0.000000000,0.000000000
10.979164910,0.000000000,0.000000000,0.000000000,0.000000000,0.000000000,9.800000000,1.000000000,0.000000000,0.000000000,0.000000000
10.983331576,0.000000000,0.000000000,0.000000000,0.000000000,0.000000000,9.800000000,1.000000000,0.000000000,0.000000000,0.000000000
10.987498242,0.000000000,0.000000000,0.000000000,0.000000000,0.000000000,9.800000000,1.000000000,0.000000000,0.000000000,0.000000000
10.991664908,0.000000000,0.000000000,0.000000000,0.000000000,0.000000000,9.800000000,1.000000000,0.000000000,0.000000000,0.000000000
10.995831574,0.000000000,0.000000000,0.000000000,0.000000000,0.000000000,9.800000000,1.000000000,0.000000000,0.000000000,0.000000000
11.004164906,0.000000000,0.000000000,0.000000000,0.000000000,0.000000000,9.800000000,1.000000000,0.000000000,0.000000000,0.000000000
11.008331572,0.000000000,0.000000000,0.000000000,0.000000000,0.000000000,9.800000000,1.000000000,0.000000000,0.000000000,0.000000000
11.012498238,0.000000000,0.000000000,0.000000000,0.000000000,0.000000000,9.800000000,1.000000000,0.000000000,0.000000000,0.000000000
11.016664904,0.000000000,0.000000000,0.000000000,0.000000000,0.000000000,9.800000000,1.000000000,0.000000000,0.000000000,0.000000000
11.020831570,0.000000000,0.000000000,0.000000000,0.000000000,0.000000000,9.800000000,1.000000000,0.000000000,0.000000000,0.000000000
11.029164902,0.000000000,0.000000000,0.000000000,0.000000000,0.000000000,9.800000000,1.000000000,0.000000000,0.000000000,0.000000000
11.033331568,0.000000000,0.000000000,0.000000000,0.000000000,0.000000000,9.800000000,1.000000000,0.000000000,0.000000000,0.000000000
11.037498234,0.000000000,0.000000000,0.000000000,0.000000000,0.000000000,9.800000000,1.000000000,0.000000000,0.000000000,0.000000000
11.041664900,0.000000000,0.000000000,0.000000000,0.000000000,0.000000000,9.800000000,1.000000000,0.000000000,0.000000000,0.000000000
11.045831566,0.000000000,0.000000000,0.000000000,0.000000000,0.000000000,9.800000000,1.000000000,0.000000000,0.000000000,0.000000000
11.054164898,0.000000000,0.000000000,0.000000000,0.000000000,0.000000000,9.800000000,1.000000000,0.000000000,0.000000000,0.000000000
11.058331564,0.000000000,0.000000000,0.000000000,0.000000000,0.000000000,9.800000000,1.000000000,0.000000000,0.000000000,0.000000000
11.062498230,0.000000000,0.000000000,0.000000000,0.000000000,0.000000000,9.800000000,1.000000000,0.000000000,0.000000000,0.000000000
11.066664896,0.000000000,0.000000000,0.000000000,0.000000000,0.000000000,9.800000000,1.000000000,0.000000000,0.000000000,0.000000000
11.070831562,0.000000000,0.000000000,0.000000000,0.000000000,0.000000000,9.800000000,1.000000000,0.000000000,0.000000000,0.000000000
11.079164894,0.000000000,0.000000000,0.000000000,0.000000000,0.000000000,9.800000000,1.000000000,0.000000000,0.000000000,0.000000000
11.083331560,0.000000000,0.000000000,0.000000000,0.000000000,0.000000000,9.800000000,1.000000000,0.000000000,0.000000000,0.000000000
11.087498226,0.000000000,0.000000000,0.000000000,0.000000000,0.000000000,9.800000000,1.000000000,0.000000000,0.000000000,0.000000000
11.091664892,0.000000000,0.000000000,0.000000000,0.000000000,0.000000000,9.800000000,1.000000000,0.000000000,0.000000000,0.000000000
11.095831558,0.000000000,0.000000000,0.000000000,0.000000000,0.000000000,9.800000000,1.000000000,0.000000000,0.000000000,0.000000000
11.104164890,0.000000000,0.000000000,0.000000000,0.000000000,0.000000000,9.800000000,1.000000000,0.000000000,0.000000000,0.000000000
11.108331556,0.000000000,0.000000000,0.000000000,0.000000000,0.000000000,9.800000000,1.000000000,0.000000000,0.000000000,0.000000000
11.112498222,0.000000000,0.000000000,0.000000000,0.000000000,0.000000000,9.800000000,1.000000000,0.000000000,0.000000000,0.000000000
11.116664888,0.000000000,0.000000000,0.000000000,0.000000000,0.000000000,9.800000000,1.000000000,0.000000000,0.000000000,0.000000000
11.120831554,0.000000000,0.000000000,0.000000000,0.000000000,0.000000000,9.800000000,1.000000000,0.000000000,0.000000000,0.000000000
11.129164886,0.000000000,0.000000000,0.000000000,0.000000000,0.000000000,9.800000000,1.000000000,0.000000000,0.000000000,0.000000000
11.133331552,0.000000000,0.000000000,0.000000000,0.000000000,0.000000000,9.800000000,1.000000000,0.000000000,0.000000000,0.000000000
11.137498218,0.000000000,0.000000000,0.000000000,0.000000000,0.000000000,9.800000000,1.000000000,0.000000000,0.000000000,0.000000000
11.141664884,0.000000000,0.000000000,0.000000000,0.000000000,0.000000000,9.800000000,1.000000000,0.000000000,0.000000000,0.000000000
11.145831550,0.000000000,0.000000000,0.000000000,0.000000000,0.000000000,9.800000000,1.000000000,0.000000000,0.000000000,0.000000000
11.154164882,0.000000000,0.000000000,0.000000000,0.000000000,0.000000000,9.800000000,1.000000000,0.000000000,0.000000000,0.000000000
11.158331548,0.000000000,0.000000000,0.000000000,0.000000000,0.000000000,9.800000000,1.000000000,0.000000000,0.000000000,0.000000000
11.162498214,0.000000000,0.000000000,0.000000000,0.000000000,0.000000000,9.800000000,1.000000000,0.000000000,0.000000000,0.000000000
11.166664880,0.000000000,0.000000000,0.000000000,0.000000000,0.000000000,9.800000000,1.000000000,0.000000000,0.000000000,0.000000000
11.170831546,0.000000000,0.000000000,0.000000000,0.000000000,0.000000000,9.800000000,1.000000000,0.000000000,0.000000000,0.000000000
11.179164878,0.000000000,0.000000000,0.000000000,0.000000000,0.000000000,9.800000000,1.000000000,0.000000000,0.000000000,0.000000000
11.183331544,0.000000000,0.000000000,0.000000000,0.000000000,0.000000000,9.800000000,1.000000000,0.000000000,0.000000000,0.000000000
11.187498210,0.000000000,0.000000000,0.000000000,0.000000000,0.000000000,9.800000000,1.000000000,0.000000000,0.000000000,0.000000000
11.191664876,0.000000000,0.000000000,0.000000000,0.000000000,0.000000000,9.800000000,1.000000000,0.000000000,0.000000000,0.000000000
11.195831542,0.000000000,0.000000000,0.000000000,0.000000000,0.000000000,9.800000000,1.000000000,0.000000000,0.000000000,0.000000000
11.204164874,0.000000000,0.000000000,0.000000000,0.000000000,0.000000000,9.800000000,1.000000000,0.000000000,0.000000000,0.000000000
11.208331540,0.000000000,0.000000000,0.000000000,0.000000000,0.000000000,9.800000000,1.000000000,0.000000000,0.000000000,0.000000000
11.212498206,0.000000000,0.000000000,0.000000000,0.000000000,0.000000000,9.800000000,1.000000000,0.000000000,0.000000000,0.000000000
11.216664872,0.000000000,0.000000000,0.000000000,0.000000000,0.000000000,9.800000000,1.000000000,0.000000000,0.000000000,0.000000000
11.220831538,0.000000000,0.000000000,0.000000000,0.000000000,0.000000000,9.800000000,1.000000000,0.000000000,0.000000000,0.000000000
11.229164870,0.000000000,0.000000000,0.000000000,0.000000000,0.000000000,9.800000000,1.000000000,0.000000000,0.000000000,0.000000000
11.233331536,0.000000000,0.000000000,0.000000000,0.000000000,0.000000000,9.800000000,1.000000000,0.000000000,0.000000000,0.000000000
11.237498202,0.000000000,0.000000000,0.000000000,0.000000000,0.000000000,9.800000000,1.000000000,0.000000000,0.000000000,0.000000000
11.241664868,0.000000000,0.000000000,0.000000000,0.000000000,0.000000000,9.800000000,1.000000000,0.000000000,0.000000000,0.000000000
11.245831534,0.000000000,0.000000000,0.000000000,0.000000000,0.000000000,9.800000000,1.000000000,0.000000000,0.000000000,0.000000000
11.254164866,0.000000000,0.000000000,0.000000000,0.000000000,0.000000000,9.800000000,1.000000000,0.000000000,0.000000000,0.000000000
11.258331532,0.000000000,0.000000000,0.000000000,0.000000000,0.000000000,9.800000000,1.000000000,0.000000000,0.000000000,0.000000000
11.262498198,0.000000000,0.000000000,0.000000000,0.000000000,0.000000000,9.800000000,1.000000000,0.000000000,0.000000000,0.000000000
11.266664864,0.000000000,0.000000000,0.000000000,0.000000000,0.000000000,9.800000000,1.000000000,0.000000000,0.000000000,0.000000000
11.270831530,0.000000000,0.000000000,0.000000000,0.000000000,0.000000000,9.800000000,1.000000000,0.000000000,0.000000000,0.000000000
11.279164862,0.000000000,0.000000000,0.000000000,0.000000000,0.000000000,9.800000000,1.000000000,0.000000000,0.000000000,0.000000000
11.283331528,0.000000000,0.000000000,0.000000000,0.000000000,0.000000000,9.800000000,1.000000000,0.000000000,0.000000000,0.000000000
11.287498194,0.000000000,0.000000000,0.000000000,0.000000000,0.000000000,9.800000000,1.000000000,0.000000000,0.000000000,0.000000000
11.291664860,0.000000000,0.000000000,0.000000000,0.000000000,0.000000000,9.800000000,1.000000000,0.000000000,0.000000000,0.000000000
11.295831526,0.000000000,0.000000000,0.000000000,0.000000000,0.000000000,9.800000000,1.000000000,0.000000000,0.000000000,0.000000000
11.304164858,0.000000000,0.000000000,0.000000000,0.000000000,0.000000000,9.800000000,1.000000000,0.000000000,0.000000000,0.000000000
11.308331524,0.000000000,0.000000000,0.000000000,0.000000000,0.000000000,9.800000000,1.000000000,0.000000000,0.000000000,0.000000000
11.312498190,0.000000000,0.000000000,0.000000000,0.000000000,0.000000000,9.800000000,1.000000000,0.000000000,0.000000000,0.000000000
11.316664856,0.000000000,0.000000000,0.000000000,0.000000000,0.000000000,9.800000000,1.000000000,0.000000000,0.000000000,0.000000000
11.320831522,0.000000000,0.000000000,0.000000000,0.000000000,0.000000000,9.800000000,1.000000000,0.000000000,0.000000000,0.000000000
11.329164854,0.000000000,0.000000000,0.000000000,0.000000000,0.000000000,9.800000000,1.000000000,0.000000000,0.000000000,0.000000000
11.333331520,0.000000000,0.000000000,0.000000000,0.000000000,0.000000000,9.800000000,1.000000000,0.000000000,0.000000000,0.000000000
11.337498186,0.000000000,0.000000000,0.000000000,0.000000000,0.000000000,9.800000000,1.000000000,0.000000000,0.000000000,0.000000000
11.341664852,0.000000000,0.000000000,0.000000000,0.000000000,0.000000000,9.800000000,1.000000000,0.000000000,0.000000000,0.000000000
11.345831518,0.000000000,0.000000000,0.000000000,0.000000000,0.000000000,9.800000000,1.000000000,0.000000000,0.000000000,0.000000000
11.354164850,0.000000000,0.000000000,0.000000000,0.000000000,0.000000000,9.800000000,1.000000000,0.000000000,0.000000000,0.000000000
11.358331516,0.000000000,0.000000000,0.000000000,0.000000000,0.000000000,9.800000000,1.000000000,0.000000000,0.000000000,0.000000000
11.362498182,0.000000000,0.000000000,0.000000000,0.000000000,0.000000000,9.800000000,1.000000000,0.000000000,0.000000000,0.000000000
11.366664848,0.000000000,0.000000000,0.000000000,0.000000000,0.000000000,9.800000000,1.000000000,0.000000000,0.000000000,0.000000000
11.370831514,0.000000000,0.000000000,0.000000000,0.000000000,0.000000000,9.800000000,1.000000000,0.000000000,0.000000000,0.000000000
11.379164846,0.000000000,0.000000000,0.000000000,0.000000000,0.000000000,9.800000000,1.000000000,0.000000000,0.000000000,0.000000000
11.383331512,0.000000000,0.000000000,0.000000000,0.000000000,0.000000000,9.800000000,1.000000000,0.000000000,0.000000000,0.000000000
11.387498178,0.000000000,0.000000000,0.000000000,0.000000000,0.000000000,9.800000000,1.000000000,0.000000000,0.000000000,0.000000000
11.391664844,0.000000000,0.000000000,0.000000000,0.000000000,0.000000000,9.800000000,1.000000000,0.000000000,0.000000000,0.000000000
11.395831510,0.000000000,0.000000000,0.000000000,0.000000000,0.000000000,9.800000000,1.000000000,0.000000000,0.000000000,0.000000000
11.404164842,0.000000000,0.000000000,0.000000000,0.000000000,0.000000000,9.800000000,1.000000000,0.000000000,0.000000000,0.000000000
11.408331508,0.000000000,0.000000000,0.000000000,0.000000000,0.000000000,9.800000000,1.000000000,0.000000000,0.000000000,0.000000000
11.412498174,0.000000000,0.000000000,0.000000000,0.000000000,0.000000000,9.800000000,1.000000000,0.000000000,0.000000000,0.000000000
11.416664840,0.000000000,0.000000000,0.000000000,0.000000000,0.000000000,9.800000000,1.000000000,0.000000000,0.000000000,0.000000000
11.420831506,0.000000000,0.000000000,0.000000000,0.000000000,0.000000000,9.800000000,1.000000000,0.000000000,0.000000000,0.000000000
11.429164838,0.000000000,0.000000000,0.000000000,0.000000000,0.000000000,9.800000000,1.000000000,0.000000000,0.000000000,0.000000000
11.433331504,0.000000000,0.000000000,0.000000000,0.000000000,0.000000000,9.800000000,1.000000000,0.000000000,0.000000000,0.000000000
11.437498170,0.000000000,0.000000000,0.000000000,0.000000000,0.000000000,9.800000000,1.000000000,0.000000000,0.000000000,0.000000000
11.441664836,0.000000000,0.000000000,0.000000000,0.000000000,0.000000000,9.800000000,1.000000000,0.000000000,0.000000000,0.000000000
11.445831502,0.000000000,0.000000000,0.000000000,0.000000000,0.000000000,9.800000000,1.000000000,0.000000000,0.000000000,0.000000000
11.454164834,0.000000000,0.000000000,0.000000000,0.000000000,0.000000000,9.800000000,1.000000000,0.000000000,0.000000000,0.000000000
11.458331500,0.000000000,0.000000000,0.000000000,0.000000000,0.000000000,9.800000000,1.000000000,0.000000000,0.000000000,0.000000000
11.462498166,0.000000000,0.000000000,0.000000000,0.000000000,0.000000000,9.800000000,1.000000000,0.000000000,0.000000000,0.000000000
11.466664832,0.000000000,0.000000000,0.000000000,0.000000000,0.000000000,9.800000000,1.000000000,0.000000000,0.000000000,0.000000000
11.470831498,0.000000000,0.000000000,0.000000000,0.000000000,0.000000000,9.800000000,1.000000000,0.000000000,0.000000000,0.000000000
11.479164830,0.000000000,0.000000000,0.000000000,0.000000000,0.000000000,9.800000000,1.000000000,0.000000000,0.000000000,0.000000000
11.483331496,0.000000000,0.000000000,0.000000000,0.000000000,0.000000000,9.800000000,1.000000000,0.000000000,0.000000000,0.000000000
11.487498162,0.000000000,0.000000000,0.000000000,0.000000000,0.000000000,9.800000000,1.000000000,0.000000000,0.000000000,0.000000000
11.491664828,0.000000000,0.000000000,0.000000000,0.000000000,0.000000000,9.800000000,1.000000000,0.000000000,0.000000000,0.000000000
11.495831494,0.000000000,0.000000000,0.000000000,0.000000000,0.000000000,9.800000000,1.000000000,0.000000000,0.000000000,0.000000000
11.504164826,0.000000000,0.000000000,0.000000000,0.000000000,0.000000000,9.800000000,1.000000000,0.000000000,0.000000000,0.000000000
11.508331492,0.000000000,0.000000000,0.000000000,0.000000000,0.000000000,9.800000000,1.000000000,0.000000000,0.000000000,0.000000000
11.512498158,0.000000000,0.000000000,0.000000000,0.000000000,0.000000000,9.800000000,1.000000000,0.000000000,0.000000000,0.000000000
11.516664824,0.000000000,0.000000000,0.000000000,0.000000000,0.000000000,9.800000000,1.000000000,0.000000000,0.000000000,0.000000000
11.520831490,0.000000000,0.000000000,0.000000000,0.000000000,0.000000000,9.800000000,1.000000000,0.000000000,0.000000000,0.000000000
11.529164822,0.000000000,0.000000000,0.000000000,0.000000000,0.000000000,9.800000000,1.000000000,0.000000000,0.000000000,0.000000000
11.533331488,0.000000000,0.000000000,0.000000000,0.000000000,0.000000000,9.800000000,1.000000000,0.000000000,0.000000000,0.000000000
11.537498154,0.000000000,0.000000000,0.000000000,0.000000000,0.000000000,9.800000000,1.000000000,0.000000000,0.000000000,0.000000000
11.541664820,0.000000000,0.000000000,0.000000000,0.000000000,0.000000000,9.800000000,1.000000000,0.000000000,0.000000000,0.000000000
11.545831486,0.000000000,0.000000000,0.000000000,0.000000000,0.000000000,9.800000000,1.000000000,0.000000000,0.000000000,0.000000000
11.554164818,0.000000000,0.000000000,0.000000000,0.000000000,0.000000000,9.800000000,1.000000000,0.000000000,0.000000000,0.000000000
11.558331484,0.000000000,0.000000000,0.000000000,0.000000000,0.000000000,9.800000000,1.000000000,0.000000000,0.000000000,0.000000000
11.562498150,0.000000000,0.000000000,0.000000000,0.000000000,0.000000000,9.800000000,1.000000000,0.000000000,0.000000000,0.000000000
11.566664816,0.000000000,0.000000000,0.000000000,0.000000000,0.000000000,9.800000000,1.000000000,0.000000000,0.000000000,0.000000000
11.570831482,0.000000000,0.000000000,0.000000000,0.000000000,0.000000000,9.800000000,1.000000000,0.000000000,0.000000000,0.000000000
11.579164814,0.000000000,0.000000000,0.000000000,0.000000000,0.000000000,9.800000000,1.000000000,0.000000000,0.000000000,0.000000000
11.583331480,0.000000000,0.000000000,0.000000000,0.000000000,0.000000000,9.800000000,1.000000000,0.000000000,0.000000000,0.000000000
11.587498146,0.000000000,0.000000000,0.000000000,0.000000000,0.000000000,9.800000000,1.000000000,0.000000000,0.000000000,0.000000000
11.591664812,0.000000000,0.000000000,0.000000000,0.000000000,0.000000000,9.800000000,1.000000000,0.000000000,0.000000000,0.000000000
11.595831478,0.000000000,0.000000000,0.000000000,0.000000000,0.000000000,9.800000000,1.000000000,0.000000000,0.000000000,0.000000000
11.604164810,0.000000000,0.000000000,0.000000000,0.000000000,0.000000000,9.800000000,1.000000000,0.000000000,0.000000000,0.000000000
11.608331476,0.000000000,0.000000000,0.000000000,0.000000000,0.000000000,9.800000000,1.000000000,0.000000000,0.000000000,0.000000000
11.612498142,0.000000000,0.000000000,0.000000000,0.000000000,0.000000000,9.800000000,1.000000000,0.000000000,0.000000000,0.000000000
11.616664808,0.000000000,0.000000000,0.000000000,0.000000000,0.000000000,9.800000000,1.000000000,0.000000000,0.000000000,0.000000000
11.620831474,0.000000000,0.000000000,0.000000000,0.000000000,0.000000000,9.800000000,1.000000000,0.000000000,0.000000000,0.000000000
11.629164806,0.000000000,0.000000000,0.000000000,0.000000000,0.000000000,9.800000000,1.000000000,0.000000000,0.000000000,0.000000000
11.633331472,0.000000000,0.000000000,0.000000000,0.000000000,0.000000000,9.800000000,1.000000000,0.000000000,0.000000000,0.000000000
11.637498138,0.000000000,0.000000000,0.000000000,0.000000000,0.000000000,9.800000000,1.000000000,0.000000000,0.000000000,0.000000000
11.641664804,0.000000000,0.000000000,0.000000000,0.000000000,0.000000000,9.800000000,1.000000000,0.000000000,0.000000000,0.000000000
11.645831470,0.000000000,0.000000000,0.000000000,0.000000000,0.000000000,9.800000000,1.000000000,0.000000000,0.000000000,0.000000000
11.654164802,0.000000000,0.000000000,0.000000000,0.000000000,0.000000000,9.800000000,1.000000000,0.000000000,0.000000000,0.000000000
11.658331468,0.000000000,0.000000000,0.000000000,0.000000000,0.000000000,9.800000000,1.000000000,0.000000000,0.000000000,0.000000000
11.662498134,0.000000000,0.000000000,0.000000000,0.000000000,0.000000000,9.800000000,1.000000000,0.000000000,0.000000000,0.000000000
11.666664800,0.000000000,0.000000000,0.000000000,0.000000000,0.000000000,9.800000000,1.000000000,0.000000000,0.000000000,0.000000000
11.670831466,0.000000000,0.000000000,0.000000000,0.000000000,0.000000000,9.800000000,1.000000000,0.000000000,0.000000000,0.000000000
11.679164798,0.000000000,0.000000000,0.000000000,0.000000000,0.000000000,9.800000000,1.000000000,0.000000000,0.000000000,0.000000000
11.683331464,0.000000000,0.000000000,0.000000000,0.000000000,0.000000000,9.800000000,1.000000000,0.000000000,0.000000000,0.000000000
11.687498130,0.000000000,0.000000000,0.000000000,0.000000000,0.000000000,9.800000000,1.000000000,0.000000000,0.000000000,0.000000000
11.691664796,0.000000000,0.000000000,0.000000000,0.000000000,0.000000000,9.800000000,1.000000000,0.000000000,0.000000000,0.000000000
11.695831462,0.000000000,0.000000000,0.000000000,0.000000000,0.000000000,9.800000000,1.000000000,0.000000000,0.000000000,0.000000000
11.704164794,0.000000000,0.000000000,0.000000000,0.000000000,0.000000000,9.800000000,1.000000000,0.000000000,0.000000000,0.000000000
11.708331460,0.000000000,0.000000000,0.000000000,0.000000000,0.000000000,9.800000000,1.000000000,0.000000000,0.000000000,0.000000000
11.712498126,0.000000000,0.000000000,0.000000000,0.000000000,0.000000000,9.800000000,1.000000000,0.000000000,0.000000000,0.000000000
11.716664792,0.000000000,0.000000000,0.000000000,0.000000000,0.000000000,9.800000000,1.000000000,0.000000000,0.000000000,0.000000000
11.720831458,0.000000000,0.000000000,0.000000000,0.000000000,0.000000000,9.800000000,1.000000000,0.000000000,0.000000000,0.000000000
11.729164790,0.000000000,0.000000000,0.000000000,0.000000000,0.000000000,9.800000000,1.000000000,0.000000000,0.000000000,0.000000000
11.733331456,0.000000000,0.000000000,0.000000000,0.000000000,0.000000000,9.800000000,1.000000000,0.000000000,0.000000000,0.000000000
11.737498122,0.000000000,0.000000000,0.000000000,0.000000000,0.000000000,9.800000000,1.000000000,0.000000000,0.000000000,0.000000000
11.741664788,0.000000000,0.000000000,0.000000000,0.000000000,0.000000000,9.800000000,1.000000000,0.000000000,0.000000000,0.000000000
11.745831454,0.000000000,0.000000000,0.000000000,0.000000000,0.000000000,9.800000000,1.000000000,0.000000000,0.000000000,0.000000000
11.754164786,0.000000000,0.000000000,0.000000000,0.000000000,0.000000000,9.800000000,1.000000000,0.000000000,0.000000000,0.000000000
11.758331452,0.000000000,0.000000000,0.000000000,0.000000000,0.000000000,9.800000000,1.000000000,0.000000000,0.000000000,0.000000000
11.762498118,0.000000000,0.000000000,0.000000000,0.000000000,0.000000000,9.800000000,1.000000000,0.000000000,0.000000000,0.000000000
11.766664784,0.000000000,0.000000000,0.000000000,0.000000000,0.000000000,9.800000000,1.000000000,0.000000000,0.000000000,0.000000000
11.770831450,0.000000000,0.000000000,0.000000000,0.000000000,0.000000000,9.800000000,1.000000000,0.000000000,0.000000000,0.000000000
11.779164782,0.000000000,0.000000000,0.000000000,0.000000000,0.000000000,9.800000000,1.000000000,0.000000000,0.000000000,0.000000000
11.783331448,0.000000000,0.000000000,0.000000000,0.000000000,0.000000000,9.800000000,1.000000000,0.000000000,0.000000000,0.000000000
11.787498114,0.000000000,0.000000000,0.000000000,0.000000000,0.000000000,9.800000000,1.000000000,0.000000000,0.000000000,0.000000000
11.791664780,0.000000000,0.000000000,0.000000000,0.000000000,0.000000000,9.800000000,1.000000000,0.000000000,0.000000000,0.000000000
11.795831446,0.000000000,0.000000000,0.000000000,0.000000000,0.000000000,9.800000000,1.000000000,0.000000000,0.000000000,0.000000000
11.804164778,0.000000000,0.000000000,0.000000000,0.000000000,0.000000000,9.800000000,1.000000000,0.000000000,0.000000000,0.000000000
11.808331444,0.000000000,0.000000000,0.000000000,0.000000000,0.000000000,9.800000000,1.000000000,0.000000000,0.000000000,0.000000000
11.812498110,0.000000000,0.000000000,0.000000000,0.000000000,0.000000000,9.800000000,1.000000000,0.000000000,0.000000000,0.000000000
11.816664776,0.000000000,0.000000000,0.000000000,0.000000000,0.000000000,9.800000000,1.000000000,0.000000000,0.000000000,0.000000000
11.820831442,0.000000000,0.000000000,0.000000000,0.000000000,0.000000000,9.800000000,1.000000000,0.000000000,0.000000000,0.000000000
11.829164774,0.000000000,0.000000000,0.000000000,0.000000000,0.000000000,9.800000000,1.000000000,0.000000000,0.000000000,0.000000000
11.833331440,0.000000000,0.000000000,0.000000000,0.000000000,0.000000000,9.800000000,1.000000000,0.000000000,0.000000000,0.000000000
11.837498106,0.000000000,0.000000000,0.000000000,0.000000000,0.000000000,9.800000000,1.000000000,0.000000000,0.000000000,0.000000000
11.841664772,0.000000000,0.000000000,0.000000000,0.000000000,0.000000000,9.800000000,1.000000000,0.000000000,0.000000000,0.000000000
11.845831438,0.000000000,0.000000000,0.000000000,0.000000000,0.000000000,9.800000000,1.000000000,0.000000000,0.000000000,0.000000000
11.854164770,0.000000000,0.000000000,0.000000000,0.000000000,0.000000000,9.800000000,1.000000000,0.000000000,0.000000000,0.000000000
11.858331436,0.000000000,0.000000000,0.000000000,0.000000000,0.000000000,9.800000000,1.000000000,0.000000000,0.000000000,0.000000000
11.862498102,0.000000000,0.000000000,0.000000000,0.000000000,0.000000000,9.800000000,1.000000000,0.000000000,0.000000000,0.000000000
11.866664768,0.000000000,0.000000000,0.000000000,0.000000000,0.000000000,9.800000000,1.000000000,0.000000000,0.000000000,0.000000000
11.870831434,0.000000000,0.000000000,0.000000000,0.000000000,0.000000000,9.800000000,1.000000000,0.000000000,0.000000000,0.000000000
11.879164766,0.000000000,0.000000000,0.000000000,0.000000000,0.000000000,9.800000000,1.000000000,0.000000000,0.000000000,0.000000000
11.883331432,0.000000000,0.000000000,0.000000000,0.000000000,0.000000000,9.800000000,1.000000000,0.000000000,0.000000000,0.000000000
11.887498098,0.000000000,0.000000000,0.000000000,0.000000000,0.000000000,9.800000000,1.000000000,0.000000000,0.000000000,0.000000000
11.891664764,0.000000000,0.000000000,0.000000000,0.000000000,0.000000000,9.800000000,1.000000000,0.000000000,0.000000000,0.000000000
11.895831430,0.000000000,0.000000000,0.000000000,0.000000000,0.000000000,9.800000000,1.000000000,0.000000000,0.000000000,0.000000000
11.904164762,0.000000000,0.000000000,0.000000000,0.000000000,0.000000000,9.800000000,1.000000000,0.000000000,0.000000000,0.000000000
11.908331428,0.000000000,0.000000000,0.000000000,0.000000000,0.000000000,9.800000000,1.000000000,0.000000000,0.000000000,0.000000000
11.912498094,0.000000000,0.000000000,0.000000000,0.000000000,0.000000000,9.800000000,1.000000000,0.000000000,0.000000000,0.000000000
11.916664760,0.000000000,0.000000000,0.000000000,0.000000000,0.000000000,9.800000000,1.000000000,0.000000000,0.000000000,0.000000000
11.920831426,0.000000000,0.000000000,0.000000000,0.000000000,0.000000000,9.800000000,1.000000000,0.000000000,0.000000000,0.000000000
11.929164758,0.000000000,0.000000000,0.000000000,0.000000000,0.000000000,9.800000000,1.000000000,0.000000000,0.000000000,0.000000000
11.933331424,0.000000000,0.000000000,0.000000000,0.000000000,0.000000000,9.800000000,1.000000000,0.000000000,0.000000000,0.000000000
11.937498090,0.000000000,0.000000000,0.000000000,0.000000000,0.000000000,9.800000000,1.000000000,0.000000000,0.000000000,0.000000000
11.941664756,0.000000000,0.000000000,0.000000000,0.000000000,0.000000000,9.800000000,1.000000000,0.000000000,0.000000000,0.000000000
11.945831422,0.000000000,0.000000000,0.000000000,0.000000000,0.000000000,9.800000000,1.000000000,0.000000000,0.000000000,0.000000000
11.954164754,0.000000000,0.000000000,0.000000000,0.000000000,0.000000000,9.800000000,1.000000000,0.000000000,0.000000000,0.000000000
11.958331420,0.000000000,0.000000000,0.000000000,0.000000000,0.000000000,9.800000000,1.000000000,0.000000000,0.000000000,0.000000000
11.962498086,0.000000000,0.000000000,0.000000000,0.000000000,0.000000000,9.800000000,1.000000000,0.000000000,0.000000000,0.000000000
11.966664752,0.000000000,0.000000000,0.000000000,0.000000000,0.000000000,9.800000000,1.000000000,0.000000000,0.000000000,0.000000000
11.970831418,0.000000000,0.000000000,0.000000000,0.000000000,0.000000000,9.800000000,1.000000000,0.000000000,0.000000000,0.000000000
11.979164750,0.000000000,0.000000000,0.000000000,0.000000000,0.000000000,9.800000000,1.000000000,0.000000000,0.000000000,0.000000000
11.983331416,0.000000000,0.000000000,0.000000000,0.000000000,0.000000000,9.800000000,1.000000000,0.000000000,0.000000000,0.000000000
11.987498082,0.000000000,0.000000000,0.000000000,0.000000000,0.000000000,9.800000000,1.000000000,0.000000000,0.000000000,0.000000000
11.991664748,0.000000000,0.000000000,0.000000000,0.000000000,0.000000000,9.800000000,1.000000000,0.000000000,0.000000000,0.000000000
11.995831414,0.000000000,0.000000000,0.000000000,0.000000000,0.000000000,9.800000000,1.000000000,0.000000000,0.000000000,0.000000000
12.004164746,0.000000000,0.000000000,0.000000000,0.000000000,0.000000000,9.800000000,1.000000000,0.000000000,0.000000000,0.000000000
12.008331412,0.000000000,0.000000000,0.000000000,0.000000000,0.000000000,9.800000000,1.000000000,0.000000000,0.000000000,0.000000000
12.012498078,0.000000000,0.000000000,0.000000000,0.000000000,0.000000000,9.800000000,1.000000000,0.000000000,0.000000000,0.000000000
12.016664744,0.000000000,0.000000000,0.000000000,0.000000000,0.000000000,9.800000000,1.000000000,0.000000000,0.000000000,0.000000000
12.020831410,0.000000000,0.000000000,0.000000000,0.000000000,0.000000000,9.800000000,1.000000000,0.000000000,0.000000000,0.000000000
12.029164742,0.000000000,0.000000000,0.000000000,0.000000000,0.000000000,9.800000000,1.000000000,0.000000000,0.000000000,0.000000000
12.033331408,0.000000000,0.000000000,0.000000000,0.000000000,0.000000000,9.800000000,1.000000000,0.000000000,0.000000000,0.000000000
12.037498074,0.000000000,0.000000000,0.000000000,0.000000000,0.000000000,9.800000000,1.000000000,0.000000000,0.000000000,0.000000000
12.041664740,0.000000000,0.000000000,0.000000000,0.000000000,0.000000000,9.800000000,1.000000000,0.000000000,0.000000000,0.000000000
12.045831406,0.000000000,0.000000000,0.000000000,0.000000000,0.000000000,9.800000000,1.000000000,0.000000000,0.000000000,0.000000000
12.054164738,0.000000000,0.000000000,0.000000000,0.000000000,0.000000000,9.800000000,1.000000000,0.000000000,0.000000000,0.000000000
12.058331404,0.000000000,0.000000000,0.000000000,0.000000000,0.000000000,9.800000000,1.000000000,0.000000000,0.000000000,0.000000000
12.062498070,0.000000000,0.000000000,0.000000000,0.000000000,0.000000000,9.800000000,1.000000000,0.000000000,0.000000000,0.000000000
12.066664736,0.000000000,0.000000000,0.000000000,0.000000000,0.000000000,9.800000000,1.000000000,0.000000000,0.000000000,0.000000000
12.070831402,0.000000000,0.000000000,0.000000000,0.000000000,0.000000000,9.800000000,1.000000000,0.000000000,0.000000000,0.000000000
12.079164734,0.000000000,0.000000000,0.000000000,0.000000000,0.000000000,9.800000000,1.000000000,0.000000000,0.000000000,0.000000000
12.083331400,0.000000000,0.000000000,0.000000000,0.000000000,0.000000000,9.800000000,1.000000000,0.000000000,0.000000000,0.000000000
12.087498066,0.000000000,0.000000000,0.000000000,0.000000000,0.000000000,9.800000000,1.000000000,0.000000000,0.000000000,0.000000000
12.091664732,0.000000000,0.000000000,0.000000000,0.000000000,0.000000000,9.800000000,1.000000000,0.000000000,0.000000000,0.000000000
12.095831398,0.000000000,0.000000000,0.000000000,0.000000000,0.000000000,9.800000000,1.000000000,0.000000000,0.000000000,0.000000000
12.104164730,0.000000000,0.000000000,0.000000000,0.000000000,0.000000000,9.800000000,1.000000000,0.000000000,0.000000000,0.000000000
12.108331396,0.000000000,0.000000000,0.000000000,0.000000000,0.000000000,9.800000000,1.000000000,0.000000000,0.000000000,0.000000000
12.112498062,0.000000000,0.000000000,0.000000000,0.000000000,0.000000000,9.800000000,1.000000000,0.000000000,0.000000000,0.000000000
12.116664728,0.000000000,0.000000000,0.000000000,0.000000000,0.000000000,9.800000000,1.000000000,0.000000000,0.000000000,0.000000000
12.120831394,0.000000000,0.000000000,0.000000000,0.000000000,0.000000000,9.800000000,1.000000000,0.000000000,0.000000000,0.000000000
12.129164726,0.000000000,0.000000000,0.000000000,0.000000000,0.000000000,9.800000000,1.000000000,0.000000000,0.000000000,0.000000000
12.133331392,0.000000000,0.000000000,0.000000000,0.000000000,0.000000000,9.800000000,1.000000000,0.000000000,0.000000000,0.000000000
12.137498058,0.000000000,0.000000000,0.000000000,0.000000000,0.000000000,9.800000000,1.000000000,0.000000000,0.000000000,0.000000000
12.141664724,0.000000000,0.000000000,0.000000000,0.000000000,0.000000000,9.800000000,1.000000000,0.000000000,0.000000000,0.000000000
12.145831390,0.000000000,0.000000000,0.000000000,0.000000000,0.000000000,9.800000000,1.000000000,0.000000000,0.000000000,0.000000000
12.154164722,0.000000000,0.000000000,0.000000000,0.000000000,0.000000000,9.800000000,1.000000000,0.000000000,0.000000000,0.000000000
12.158331388,0.000000000,0.000000000,0.000000000,0.000000000,0.000000000,9.800000000,1.000000000,0.000000000,0.000000000,0.000000000
12.162498054,0.000000000,0.000000000,0.000000000,0.000000000,0.000000000,9.800000000,1.000000000,0.000000000,0.000000000,0.000000000
12.166664720,0.000000000,0.000000000,0.000000000,0.000000000,0.000000000,9.800000000,1.000000000,0.000000000,0.000000000,0.000000000
12.170831386,0.000000000,0.000000000,0.000000000,0.000000000,0.000000000,9.800000000,1.000000000,0.000000000,0.000000000,0.000000000
12.179164718,0.000000000,0.000000000,0.000000000,0.000000000,0.000000000,9.800000000,1.000000000,0.000000000,0.000000000,0.000000000
12.183331384,0.000000000,0.000000000,0.000000000,0.000000000,0.000000000,9.800000000,1.000000000,0.000000000,0.000000000,0.000000000
12.187498050,0.000000000,0.000000000,0.000000000,0.000000000,0.000000000,9.800000000,1.000000000,0.000000000,0.000000000,0.000000000
12.191664716,0.000000000,0.000000000,0.000000000,0.000000000,0.000000000,9.800000000,1.000000000,0.000000000,0.000000000,0.000000000
12.195831382,0.000000000,0.000000000,0.000000000,0.000000000,0.000000000,9.800000000,1.000000000,0.000000000,0.000000000,0.000000000
12.204164714,0.000000000,0.000000000,0.000000000,0.000000000,0.000000000,9.800000000,1.000000000,0.000000000,0.000000000,0.000000000
12.208331380,0.000000000,0.000000000,0.000000000,0.000000000,0.000000000,9.800000000,1.000000000,0.000000000,0.000000000,0.000000000
12.212498046,0.000000000,0.000000000,0.000000000,0.000000000,0.000000000,9.800000000,1.000000000,0.000000000,0.000000000,0.000000000
12.216664712,0.000000000,0.000000000,0.000000000,0.000000000,0.000000000,9.800000000,1.000000000,0.000000000,0.000000000,0.000000000
12.220831378,0.000000000,0.000000000,0.000000000,0.000000000,0.000000000,9.800000000,1.000000000,0.000000000,0.000000000,0.000000000
12.229164710,0.000000000,0.000000000,0.000000000,0.000000000,0.000000000,9.800000000,1.000000000,0.000000000,0.000000000,0.000000000
12.233331376,0.000000000,0.000000000,0.000000000,0.000000000,0.000000000,9.800000000,1.000000000,0.000000000,0.000000000,0.000000000
12.237498042,0.000000000,0.000000000,0.000000000,0.000000000,0.000000000,9.800000000,1.000000000,0.000000000,0.000000000,0.000000000
12.241664708,0.000000000,0.000000000,0.000000000,0.000000000,0.000000000,9.800000000,1.000000000,0.000000000,0.000000000,0.000000000
12.245831374,0.000000000,0.000000000,0.000000000,0.000000000,0.000000000,9.800000000,1.000000000,0.000000000,0.000000000,0.000000000
12.254164706,0.000000000,0.000000000,0.000000000,0.000000000,0.000000000,9.800000000,1.000000000,0.000000000,0.000000000,0.000000000
12.258331372,0.000000000,0.000000000,0.000000000,0.000000000,0.000000000,9.800000000,1.000000000,0.000000000,0.000000000,0.000000000
12.262498038,0.000000000,0.000000000,0.000000000,0.000000000,0.000000000,9.800000000,1.000000000,0.000000000,0.000000000,0.000000000
12.266664704,0.000000000,0.000000000,0.000000000,0.000000000,0.000000000,9.800000000,1.000000000,0.000000000,0.000000000,0.000000000
12.270831370,0.000000000,0.000000000,0.000000000,0.000000000,0.000000000,9.800000000,1.000000000,0.000000000,0.000000000,0.000000000
12.279164702,0.000000000,0.000000000,0.000000000,0.000000000,0.000000000,9.800000000,1.000000000,0.000000000,0.000000000,0.000000000
12.283331368,0.000000000,0.000000000,0.000000000,0.000000000,0.000000000,9.800000000,1.000000000,0.000000000,0.000000000,0.000000000
12.287498034,0.000000000,0.000000000,0.000000000,0.000000000,0.000000000,9.800000000,1.000000000,0.000000000,0.000000000,0.000000000
12.291664700,0.000000000,0.000000000,0.000000000,0.000000000,0.000000000,9.800000000,1.000000000,0.000000000,0.000000000,0.000000000
12.295831366,0.000000000,0.000000000,0.000000000,0.000000000,0.000000000,9.800000000,1.000000000,0.000000000,0.000000000,0.000000000
12.304164698,0.000000000,0.000000000,0.000000000,0.000000000,0.000000000,9.800000000,1.000000000,0.000000000,0.000000000,0.000000000
12.308331364,0.000000000,0.000000000,0.000000000,0.000000000,0.000000000,9.800000000,1.000000000,0.000000000,0.000000000,0.000000000
12.312498030,0.000000000,0.000000000,0.000000000,0.000000000,0.000000000,9.800000000,1.000000000,0.000000000,0.000000000,0.000000000
12.316664696,0.000000000,0.000000000,0.000000000,0.000000000,0.000000000,9.800000000,1.000000000,0.000000000,0.000000000,0.000000000
12.320831362,0.000000000,0.000000000,0.000000000,0.000000000,0.000000000,9.800000000,1.000000000,0.000000000,0.000000000,0.000000000
12.329164694,0.000000000,0.000000000,0.000000000,0.000000000,0.000000000,9.800000000,1.000000000,0.000000000,0.000000000,0.000000000
12.333331360,0.000000000,0.000000000,0.000000000,0.000000000,0.000000000,9.800000000,1.000000000,0.000000000,0.000000000,0.000000000
12.337498026,0.000000000,0.000000000,0.000000000,0.000000000,0.000000000,9.800000000,1.000000000,0.000000000,0.000000000,0.000000000
12.341664692,0.000000000,0.000000000,0.000000000,0.000000000,0.000000000,9.800000000,1.000000000,0.000000000,0.000000000,0.000000000
12.345831358,0.000000000,0.000000000,0.000000000,0.000000000,0.000000000,9.800000000,1.000000000,0.000000000,0.000000000,0.000000000
12.354164690,0.000000000,0.000000000,0.000000000,0.000000000,0.000000000,9.800000000,1.000000000,0.000000000,0.000000000,0.000000000
12.358331356,0.000000000,0.000000000,0.000000000,0.000000000,0.000000000,9.800000000,1.000000000,0.000000000,0.000000000,0.000000000
12.362498022,0.000000000,0.000000000,0.000000000,0.000000000,0.000000000,9.800000000,1.000000000,0.000000000,0.000000000,0.000000000
12.366664688,0.000000000,0.000000000,0.000000000,0.000000000,0.000000000,9.800000000,1.000000000,0.000000000,0.000000000,0.000000000
12.370831354,0.000000000,0.000000000,0.000000000,0.000000000,0.000000000,9.800000000,1.000000000,0.000000000,0.000000000,0.000000000
12.379164686,0.000000000,0.000000000,0.000000000,0.000000000,0.000000000,9.800000000,1.000000000,0.000000000,0.000000000,0.000000000
12.383331352,0.000000000,0.000000000,0.000000000,0.000000000,0.000000000,9.800000000,1.000000000,0.000000000,0.000000000,0.000000000
12.387498018,0.000000000,0.000000000,0.000000000,0.000000000,0.000000000,9.800000000,1.000000000,0.000000000,0.000000000,0.000000000
12.391664684,0.000000000,0.000000000,0.000000000,0.000000000,0.000000000,9.800000000,1.000000000,0.000000000,0.000000000,0.000000000
12.395831350,0.000000000,0.000000000,0.000000000,0.000000000,0.000000000,9.800000000,1.000000000,0.000000000,0.000000000,0.000000000
12.404164682,0.000000000,0.000000000,0.000000000,0.000000000,0.000000000,9.800000000,1.000000000,0.000000000,0.000000000,0.000000000
12.408331348,0.000000000,0.000000000,0.000000000,0.000000000,0.000000000,9.800000000,1.000000000,0.000000000,0.000000000,0.000000000
12.412498014,0.000000000,0.000000000,0.000000000,0.000000000,0.000000000,9.800000000,1.000000000,0.000000000,0.000000000,0.000000000
12.416664680,0.000000000,0.000000000,0.000000000,0.000000000,0.000000000,9.800000000,1.000000000,0.000000000,0.000000000,0.000000000
12.420831346,0.000000000,0.000000000,0.000000000,0.000000000,0.000000000,9.800000000,1.000000000,0.000000000,0.000000000,0.000000000
12.429164678,0.000000000,0.000000000,0.000000000,0.000000000,0.000000000,9.800000000,1.000000000,0.000000000,0.000000000,0.000000000
12.433331344,0.000000000,0.000000000,0.000000000,0.000000000,0.000000000,9.800000000,1.000000000,0.000000000,0.000000000,0.000000000
12.437498010,0.000000000,0.000000000,0.000000000,0.000000000,0.000000000,9.800000000,1.000000000,0.000000000,0.000000000,0.000000000
12.441664676,0.000000000,0.000000000,0.000000000,0.000000000,0.000000000,9.800000000,1.000000000,0.000000000,0.000000000,0.000000000
12.445831342,0.000000000,0.000000000,0.000000000,0.000000000,0.000000000,9.800000000,1.000000000,0.000000000,0.000000000,0.000000000
12.454164674,0.000000000,0.000000000,0.000000000,0.000000000,0.000000000,9.800000000,1.000000000,0.000000000,0.000000000,0.000000000
12.458331340,0.000000000,0.000000000,0.000000000,0.000000000,0.000000000,9.800000000,1.000000000,0.000000000,0.000000000,0.000000000
12.462498006,0.000000000,0.000000000,0.000000000,0.000000000,0.000000000,9.800000000,1.000000000,0.000000000,0.000000000,0.000000000
12.466664672,0.000000000,0.000000000,0.000000000,0.000000000,0.000000000,9.800000000,1.000000000,0.000000000,0.000000000,0.000000000
12.470831338,0.000000000,0.000000000,0.000000000,0.000000000,0.000000000,9.800000000,1.000000000,0.000000000,0.000000000,0.000000000
12.479164670,0.000000000,0.000000000,0.000000000,0.000000000,0.000000000,9.800000000,1.000000000,0.000000000,0.000000000,0.000000000
12.483331336,0.000000000,0.000000000,0.000000000,0.000000000,0.000000000,9.800000000,1.000000000,0.000000000,0.000000000,0.000000000
12.487498002,0.000000000,0.000000000,0.000000000,0.000000000,0.000000000,9.800000000,1.000000000,0.000000000,0.000000000,0.000000000
12.491664668,0.000000000,0.000000000,0.000000000,0.000000000,0.000000000,9.800000000,1.000000000,0.000000000,0.000000000,0.000000000
12.495831334,0.000000000,0.000000000,0.000000000,0.000000000,0.000000000,9.800000000,1.000000000,0.000000000,0.000000000,0.000000000
12.504164666,0.000000000,0.000000000,0.000000000,0.000000000,0.000000000,9.800000000,1.000000000,0.000000000,0.000000000,0.000000000
12.508331332,0.000000000,0.000000000,0.000000000,0.000000000,0.000000000,9.800000000,1.000000000,0.000000000,0.000000000,0.000000000
12.512497998,0.000000000,0.000000000,0.000000000,0.000000000,0.000000000,9.800000000,1.000000000,0.000000000,0.000000000,0.000000000
12.516664664,0.000000000,0.000000000,0.000000000,0.000000000,0.000000000,9.800000000,1.000000000,0.000000000,0.000000000,0.000000000
12.520831330,0.000000000,0.000000000,0.000000000,0.000000000,0.000000000,9.800000000,1.000000000,0.000000000,0.000000000,0.000000000
12.529164662,0.000000000,0.000000000,0.000000000,0.000000000,0.000000000,9.800000000,1.000000000,0.000000000,0.000000000,0.000000000
12.533331328,0.000000000,0.000000000,0.000000000,0.000000000,0.000000000,9.800000000,1.000000000,0.000000000,0.000000000,0.000000000
12.537497994,0.000000000,0.000000000,0.000000000,0.000000000,0.000000000,9.800000000,1.000000000,0.000000000,0.000000000,0.000000000
12.541664660,0.000000000,0.000000000,0.000000000,0.000000000,0.000000000,9.800000000,1.000000000,0.000000000,0.000000000,0.000000000
12.545831326,0.000000000,0.000000000,0.000000000,0.000000000,0.000000000,9.800000000,1.000000000,0.000000000,0.000000000,0.000000000
12.554164658,0.000000000,0.000000000,0.000000000,0.000000000,0.000000000,9.800000000,1.000000000,0.000000000,0.000000000,0.000000000
12.558331324,0.000000000,0.000000000,0.000000000,0.000000000,0.000000000,9.800000000,1.000000000,0.000000000,0.000000000,0.000000000
12.562497990,0.000000000,0.000000000,0.000000000,0.000000000,0.000000000,9.800000000,1.000000000,0.000000000,0.000000000,0.000000000
12.566664656,0.000000000,0.000000000,0.000000000,0.000000000,0.000000000,9.800000000,1.000000000,0.000000000,0.000000000,0.000000000
12.570831322,0.000000000,0.000000000,0.000000000,0.000000000,0.000000000,9.800000000,1.000000000,0.000000000,0.000000000,0.000000000
12.579164654,0.000000000,0.000000000,0.000000000,0.000000000,0.000000000,9.800000000,1.000000000,0.000000000,0.000000000,0.000000000
12.583331320,0.000000000,0.000000000,0.000000000,0.000000000,0.000000000,9.800000000,1.000000000,0.000000000,0.000000000,0.000000000
12.587497986,0.000000000,0.000000000,0.000000000,0.000000000,0.000000000,9.800000000,1.000000000,0.000000000,0.000000000,0.000000000
12.591664652,0.000000000,0.000000000,0.000000000,0.000000000,0.000000000,9.800000000,1.000000000,0.000000000,0.000000000,0.000000000
12.595831318,0.000000000,0.000000000,0.000000000,0.000000000,0.000000000,9.800000000,1.000000000,0.000000000,0.000000000,0.000000000
12.604164650,0.000000000,0.000000000,0.000000000,0.000000000,0.000000000,9.800000000,1.000000000,0.000000000,0.000000000,0.000000000
12.608331316,0.000000000,0.000000000,0.000000000,0.000000000,0.000000000,9.800000000,1.000000000,0.000000000,0.000000000,0.000000000
12.612497982,0.000000000,0.000000000,0.000000000,0.000000000,0.000000000,9.800000000,1.000000000,0.000000000,0.000000000,0.000000000
12.616664648,0.000000000,0.000000000,0.000000000,0.000000000,0.000000000,9.800000000,1.000000000,0.000000000,0.000000000,0.000000000
12.620831314,0.000000000,0.000000000,0.000000000,0.000000000,0.000000000,9.800000000,1.000000000,0.000000000,0.000000000,0.000000000
12.629164646,0.000000000,0.000000000,0.000000000,0.000000000,0.000000000,9.800000000,1.000000000,0.000000000,0.000000000,0.000000000
12.633331312,0.000000000,0.000000000,0.000000000,0.000000000,0.000000000,9.800000000,1.000000000,0.000000000,0.000000000,0.000000000
12.637497978,0.000000000,0.000000000,0.000000000,0.000000000,0.000000000,9.800000000,1.000000000,0.000000000,0.000000000,0.000000000
12.641664644,0.000000000,0.000000000,0.000000000,0.000000000,0.000000000,9.800000000,1.000000000,0.000000000,0.000000000,0.000000000
12.645831310,0.000000000,0.000000000,0.000000000,0.000000000,0.000000000,9.800000000,1.000000000,0.000000000,0.000000000,0.000000000
12.654164642,0.000000000,0.000000000,0.000000000,0.000000000,0.000000000,9.800000000,1.000000000,0.000000000,0.000000000,0.000000000
12.658331308,0.000000000,0.000000000,0.000000000,0.000000000,0.000000000,9.800000000,1.000000000,0.000000000,0.000000000,0.000000000
12.662497974,0.000000000,0.000000000,0.000000000,0.000000000,0.000000000,9.800000000,1.000000000,0.000000000,0.000000000,0.000000000
12.666664640,0.000000000,0.000000000,0.000000000,0.000000000,0.000000000,9.800000000,1.000000000,0.000000000,0.000000000,0.000000000
12.670831306,0.000000000,0.000000000,0.000000000,0.000000000,0.000000000,9.800000000,1.000000000,0.000000000,0.000000000,0.000000000
12.679164638,0.000000000,0.000000000,0.000000000,0.000000000,0.000000000,9.800000000,1.000000000,0.000000000,0.000000000,0.000000000
12.683331304,0.000000000,0.000000000,0.000000000,0.000000000,0.000000000,9.800000000,1.000000000,0.000000000,0.000000000,0.000000000
12.687497970,0.000000000,0.000000000,0.000000000,0.000000000,0.000000000,9.800000000,1.000000000,0.000000000,0.000000000,0.000000000
12.691664636,0.000000000,0.000000000,0.000000000,0.000000000,0.000000000,9.800000000,1.000000000,0.000000000,0.000000000,0.000000000
12.695831302,0.000000000,0.000000000,0.000000000,0.000000000,0.000000000,9.800000000,1.000000000,0.000000000,0.000000000,0.000000000
12.704164634,0.000000000,0.000000000,0.000000000,0.000000000,0.000000000,9.800000000,1.000000000,0.000000000,0.000000000,0.000000000
12.708331300,0.000000000,0.000000000,0.000000000,0.000000000,0.000000000,9.800000000,1.000000000,0.000000000,0.000000000,0.000000000
12.712497966,0.000000000,0.000000000,0.000000000,0.000000000,0.000000000,9.800000000,1.000000000,0.000000000,0.000000000,0.000000000
12.716664632,0.000000000,0.000000000,0.000000000,0.000000000,0.000000000,9.800000000,1.000000000,0.000000000,0.000000000,0.000000000
12.720831298,0.000000000,0.000000000,0.000000000,0.000000000,0.000000000,9.800000000,1.000000000,0.000000000,0.000000000,0.000000000
12.729164630,0.000000000,0.000000000,0.000000000,0.000000000,0.000000000,9.800000000,1.000000000,0.000000000,0.000000000,0.000000000
12.733331296,0.000000000,0.000000000,0.000000000,0.000000000,0.000000000,9.800000000,1.000000000,0.000000000,0.000000000,0.000000000
12.737497962,0.000000000,0.000000000,0.000000000,0.000000000,0.000000000,9.800000000,1.000000000,0.000000000,0.000000000,0.000000000
12.741664628,0.000000000,0.000000000,0.000000000,0.000000000,0.000000000,9.800000000,1.000000000,0.000000000,0.000000000,0.000000000
12.745831294,0.000000000,0.000000000,0.000000000,0.000000000,0.000000000,9.800000000,1.000000000,0.000000000,0.000000000,0.000000000
12.754164626,0.000000000,0.000000000,0.000000000,0.000000000,0.000000000,9.800000000,1.000000000,0.000000000,0.000000000,0.000000000
12.758331292,0.000000000,0.000000000,0.000000000,0.000000000,0.000000000,9.800000000,1.000000000,0.000000000,0.000000000,0.000000000
12.762497958,0.000000000,0.000000000,0.000000000,0.000000000,0.000000000,9.800000000,1.000000000,0.000000000,0.000000000,0.000000000
12.766664624,0.000000000,0.000000000,0.000000000,0.000000000,0.000000000,9.800000000,1.000000000,0.000000000,0.000000000,0.000000000
12.770831290,0.000000000,0.000000000,0.000000000,0.000000000,0.000000000,9.800000000,1.000000000,0.000000000,0.000000000,0.000000000
12.779164622,0.000000000,0.000000000,0.000000000,0.000000000,0.000000000,9.800000000,1.000000000,0.000000000,0.000000000,0.000000000
12.783331288,0.000000000,0.000000000,0.000000000,0.000000000,0.000000000,9.800000000,1.000000000,0.000000000,0.000000000,0.000000000
12.787497954,0.000000000,0.000000000,0.000000000,0.000000000,0.000000000,9.800000000,1.000000000,0.000000000,0.000000000,0.000000000
12.791664620,0.000000000,0.000000000,0.000000000,0.000000000,0.000000000,9.800000000,1.000000000,0.000000000,0.000000000,0.000000000
12.795831286,0.000000000,0.000000000,0.000000000,0.000000000,0.000000000,9.800000000,1.000000000,0.000000000,0.000000000,0.000000000
12.804164618,0.000000000,0.000000000,0.000000000,0.000000000,0.000000000,9.800000000,1.000000000,0.000000000,0.000000000,0.000000000
12.808331284,0.000000000,0.000000000,0.000000000,0.000000000,0.000000000,9.800000000,1.000000000,0.000000000,0.000000000,0.000000000
12.812497950,0.000000000,0.000000000,0.000000000,0.000000000,0.000000000,9.800000000,1.000000000,0.000000000,0.000000000,0.000000000
12.816664616,0.000000000,0.000000000,0.000000000,0.000000000,0.000000000,9.800000000,1.000000000,0.000000000,0.000000000,0.000000000
12.820831282,0.000000000,0.000000000,0.000000000,0.000000000,0.000000000,9.800000000,1.000000000,0.000000000,0.000000000,0.000000000
12.829164614,0.000000000,0.000000000,0.000000000,0.000000000,0.000000000,9.800000000,1.000000000,0.000000000,0.000000000,0.000000000
12.833331280,0.000000000,0.000000000,0.000000000,0.000000000,0.000000000,9.800000000,1.000000000,0.000000000,0.000000000,0.000000000
12.837497946,0.000000000,0.000000000,0.000000000,0.000000000,0.000000000,9.800000000,1.000000000,0.000000000,0.000000000,0.000000000
12.841664612,0.000000000,0.000000000,0.000000000,0.000000000,0.000000000,9.800000000,1.000000000,0.000000000,0.000000000,0.000000000
12.845831278,0.000000000,0.000000000,0.000000000,0.000000000,0.000000000,9.800000000,1.000000000,0.000000000,0.000000000,0.000000000
12.854164610,0.000000000,0.000000000,0.000000000,0.000000000,0.000000000,9.800000000,1.000000000,0.000000000,0.000000000,0.000000000
12.858331276,0.000000000,0.000000000,0.000000000,0.000000000,0.000000000,9.800000000,1.000000000,0.000000000,0.000000000,0.000000000
12.862497942,0.000000000,0.000000000,0.000000000,0.000000000,0.000000000,9.800000000,1.000000000,0.000000000,0.000000000,0.000000000
12.866664608,0.000000000,0.000000000,0.000000000,0.000000000,0.000000000,9.800000000,1.000000000,0.000000000,0.000000000,0.000000000
12.870831274,0.000000000,0.000000000,0.000000000,0.000000000,0.000000000,9.800000000,1.000000000,0.000000000,0.000000000,0.000000000
12.879164606,0.000000000,0.000000000,0.000000000,0.000000000,0.000000000,9.800000000,1.000000000,0.000000000,0.000000000,0.000000000
12.883331272,0.000000000,0.000000000,0.000000000,0.000000000,0.000000000,9.800000000,1.000000000,0.000000000,0.000000000,0.000000000
12.887497938,0.000000000,0.000000000,0.000000000,0.000000000,0.000000000,9.800000000,1.000000000,0.000000000,0.000000000,0.000000000
12.891664604,0.000000000,0.000000000,0.000000000,0.000000000,0.000000000,9.800000000,1.000000000,0.000000000,0.000000000,0.000000000
12.895831270,0.000000000,0.000000000,0.000000000,0.000000000,0.000000000,9.800000000,1.000000000,0.000000000,0.000000000,0.000000000
12.904164602,0.000000000,0.000000000,0.000000000,0.000000000,0.000000000,9.800000000,1.000000000,0.000000000,0.000000000,0.000000000
12.908331268,0.000000000,0.000000000,0.000000000,0.000000000,0.000000000,9.800000000,1.000000000,0.000000000,0.000000000,0.000000000
12.912497934,0.000000000,0.000000000,0.000000000,0.000000000,0.000000000,9.800000000,1.000000000,0.000000000,0.000000000,0.000000000
12.916664600,0.000000000,0.000000000,0.000000000,0.000000000,0.000000000,9.800000000,1.000000000,0.000000000,0.000000000,0.000000000
12.920831266,0.000000000,0.000000000,0.000000000,0.000000000,0.000000000,9.800000000,1.000000000,0.000000000,0.000000000,0.000000000
12.929164598,0.000000000,0.000000000,0.000000000,0.000000000,0.000000000,9.800000000,1.000000000,0.000000000,0.000000000,0.000000000
12.933331264,0.000000000,0.000000000,0.000000000,0.000000000,0.000000000,9.800000000,1.000000000,0.000000000,0.000000000,0.000000000
12.937497930,0.000000000,0.000000000,0.000000000,0.000000000,0.000000000,9.800000000,1.000000000,0.000000000,0.000000000,0.000000000
12.941664596,0.000000000,0.000000000,0.000000000,0.000000000,0.000000000,9.800000000,1.000000000,0.000000000,0.000000000,0.000000000
12.945831262,0.000000000,0.000000000,0.000000000,0.000000000,0.000000000,9.800000000,1.000000000,0.000000000,0.000000000,0.000000000
12.954164594,0.000000000,0.000000000,0.000000000,0.000000000,0.000000000,9.800000000,1.000000000,0.000000000,0.000000000,0.000000000
12.958331260,0.000000000,0.000000000,0.000000000,0.000000000,0.000000000,9.800000000,1.000000000,0.000000000,0.000000000,0.000000000
12.962497926,0.000000000,0.000000000,0.000000000,0.000000000,0.000000000,9.800000000,1.000000000,0.000000000,0.000000000,0.000000000
12.966664592,0.000000000,0.000000000,0.000000000,0.000000000,0.000000000,9.800000000,1.000000000,0.000000000,0.000000000,0.000000000
12.970831258,0.000000000,0.000000000,0.000000000,0.000000000,0.000000000,9.800000000,1.000000000,0.000000000,0.000000000,0.000000000
12.979164590,0.000000000,0.000000000,0.000000000,0.000000000,0.000000000,9.800000000,1.000000000,0.000000000,0.000000000,0.000000000
12.983331256,0.000000000,0.000000000,0.000000000,0.000000000,0.000000000,9.800000000,1.000000000,0.000000000,0.000000000,0.000000000
12.987497922,0.000000000,0.000000000,0.000000000,0.000000000,0.000000000,9.800000000,1.000000000,0.000000000,0.000000000,0.000000000
12.991664588,0.000000000,0.000000000,0.000000000,0.000000000,0.000000000,9.800000000,1.000000000,0.000000000,0.000000000,0.000000000
12.995831254,0.000000000,0.000000000,0.000000000,0.000000000,0.000000000,9.800000000,1.000000000,0.000000000,0.000000000,0.000000000
13.004164586,0.000000000,0.000000000,0.000000000,0.000000000,0.000000000,9.800000000,1.000000000,0.000000000,0.000000000,0.000000000
13.008331252,0.000000000,0.000000000,0.000000000,0.000000000,0.000000000,9.800000000,1.000000000,0.000000000,0.000000000,0.000000000
13.012497918,0.000000000,0.000000000,0.000000000,0.000000000,0.000000000,9.800000000,1.000000000,0.000000000,0.000000000,0.000000000
13.016664584,0.000000000,0.000000000,0.000000000,0.000000000,0.000000000,9.800000000,1.000000000,0.000000000,0.000000000,0.000000000
13.020831250,0.000000000,0.000000000,0.000000000,0.000000000,0.000000000,9.800000000,1.000000000,0.000000000,0.000000000,0.000000000
13.029164582,0.000000000,0.000000000,0.000000000,0.000000000,0.000000000,9.800000000,1.000000000,0.000000000,0.000000000,0.000000000
13.033331248,0.000000000,0.000000000,0.000000000,0.000000000,0.000000000,9.800000000,1.000000000,0.000000000,0.000000000,0.000000000
13.037497914,0.000000000,0.000000000,0.000000000,0.000000000,0.000000000,9.800000000,1.000000000,0.000000000,0.000000000,0.000000000
13.041664580,0.000000000,0.000000000,0.000000000,0.000000000,0.000000000,9.800000000,1.000000000,0.000000000,0.000000000,0.000000000
13.045831246,0.000000000,0.000000000,0.000000000,0.000000000,0.000000000,9.800000000,1.000000000,0.000000000,0.000000000,0.000000000
13.054164578,0.000000000,0.000000000,0.000000000,0.000000000,0.000000000,9.800000000,1.000000000,0.000000000,0.000000000,0.000000000
13.058331244,0.000000000,0.000000000,0.000000000,0.000000000,0.000000000,9.800000000,1.000000000,0.000000000,0.000000000,0.000000000
13.062497910,0.000000000,0.000000000,0.000000000,0.000000000,0.000000000,9.800000000,1.000000000,0.000000000,0.000000000,0.000000000
13.066664576,0.000000000,0.000000000,0.000000000,0.000000000,0.000000000,9.800000000,1.000000000,0.000000000,0.000000000,0.000000000
13.070831242,0.000000000,0.000000000,0.000000000,0.000000000,0.000000000,9.800000000,1.000000000,0.000000000,0.000000000,0.000000000
13.079164574,0.000000000,0.000000000,0.000000000,0.000000000,0.000000000,9.800000000,1.000000000,0.000000000,0.000000000,0.000000000
13.083331240,0.000000000,0.000000000,0.000000000,0.000000000,0.000000000,9.800000000,1.000000000,0.000000000,0.000000000,0.000000000
13.087497906,0.000000000,0.000000000,0.000000000,0.000000000,0.000000000,9.800000000,1.000000000,0.000000000,0.000000000,0.000000000
13.091664572,0.000000000,0.000000000,0.000000000,0.000000000,0.000000000,9.800000000,1.000000000,0.000000000,0.000000000,0.000000000
13.095831238,0.000000000,0.000000000,0.000000000,0.000000000,0.000000000,9.800000000,1.000000000,0.000000000,0.000000000,0.000000000
13.104164570,0.000000000,0.000000000,0.000000000,0.000000000,0.000000000,9.800000000,1.000000000,0.000000000,0.000000000,0.000000000
13.108331236,0.000000000,0.000000000,0.000000000,0.000000000,0.000000000,9.800000000,1.000000000,0.000000000,0.000000000,0.000000000
13.112497902,0.000000000,0.000000000,0.000000000,0.000000000,0.000000000,9.800000000,1.000000000,0.000000000,0.000000000,0.000000000
13.116664568,0.000000000,0.000000000,0.000000000,0.000000000,0.000000000,9.800000000,1.000000000,0.000000000,0.000000000,0.000000000
13.120831234,0.000000000,0.000000000,0.000000000,0.000000000,0.000000000,9.800000000,1.000000000,0.000000000,0.000000000,0.000000000
13.129164566,0.000000000,0.000000000,0.000000000,0.000000000,0.000000000,9.800000000,1.000000000,0.000000000,0.000000000,0.000000000
13.133331232,0.000000000,0.000000000,0.000000000,0.000000000,0.000000000,9.800000000,1.000000000,0.000000000,0.000000000,0.000000000
13.137497898,0.000000000,0.000000000,0.000000000,0.000000000,0.000000000,9.800000000,1.000000000,0.000000000,0.000000000,0.000000000
13.141664564,0.000000000,0.000000000,0.000000000,0.000000000,0.000000000,9.800000000,1.000000000,0.000000000,0.000000000,0.000000000
13.145831230,0.000000000,0.000000000,0.000000000,0.000000000,0.000000000,9.800000000,1.000000000,0.000000000,0.000000000,0.000000000
13.154164562,0.000000000,0.000000000,0.000000000,0.000000000,0.000000000,9.800000000,1.000000000,0.000000000,0.000000000,0.000000000
13.158331228,0.000000000,0.000000000,0.000000000,0.000000000,0.000000000,9.800000000,1.000000000,0.000000000,0.000000000,0.000000000
13.162497894,0.000000000,0.000000000,0.000000000,0.000000000,0.000000000,9.800000000,1.000000000,0.000000000,0.000000000,0.000000000
13.166664560,0.000000000,0.000000000,0.000000000,0.000000000,0.000000000,9.800000000,1.000000000,0.000000000,0.000000000,0.000000000
13.170831226,0.000000000,0.000000000,0.000000000,0.000000000,0.000000000,9.800000000,1.000000000,0.000000000,0.000000000,0.000000000
13.179164558,0.000000000,0.000000000,0.000000000,0.000000000,0.000000000,9.800000000,1.000000000,0.000000000,0.000000000,0.000000000
13.183331224,0.000000000,0.000000000,0.000000000,0.000000000,0.000000000,9.800000000,1.000000000,0.000000000,0.000000000,0.000000000
13.187497890,0.000000000,0.000000000,0.000000000,0.000000000,0.000000000,9.800000000,1.000000000,0.000000000,0.000000000,0.000000000
13.191664556,0.000000000,0.000000000,0.000000000,0.000000000,0.000000000,9.800000000,1.000000000,0.000000000,0.000000000,0.000000000
13.195831222,0.000000000,0.000000000,0.000000000,0.000000000,0.000000000,9.800000000,1.000000000,0.000000000,0.000000000,0.000000000
13.204164554,0.000000000,0.000000000,0.000000000,0.000000000,0.000000000,9.800000000,1.000000000,0.000000000,0.000000000,0.000000000
13.208331220,0.000000000,0.000000000,0.000000000,0.000000000,0.000000000,9.800000000,1.000000000,0.000000000,0.000000000,0.000000000
13.212497886,0.000000000,0.000000000,0.000000000,0.000000000,0.000000000,9.800000000,1.000000000,0.000000000,0.000000000,0.000000000
13.216664552,0.000000000,0.000000000,0.000000000,0.000000000,0.000000000,9.800000000,1.000000000,0.000000000,0.000000000,0.000000000
13.220831218,0.000000000,0.000000000,0.000000000,0.000000000,0.000000000,9.800000000,1.000000000,0.000000000,0.000000000,0.000000000
13.229164550,0.000000000,0.000000000,0.000000000,0.000000000,0.000000000,9.800000000,1.000000000,0.000000000,0.000000000,0.000000000
13.233331216,0.000000000,0.000000000,0.000000000,0.000000000,0.000000000,9.800000000,1.000000000,0.000000000,0.000000000,0.000000000
13.237497882,0.000000000,0.000000000,0.000000000,0.000000000,0.000000000,9.800000000,1.000000000,0.000000000,0.000000000,0.000000000
13.241664548,0.000000000,0.000000000,0.000000000,0.000000000,0.000000000,9.800000000,1.000000000,0.000000000,0.000000000,0.000000000
13.245831214,0.000000000,0.000000000,0.000000000,0.000000000,0.000000000,9.800000000,1.000000000,0.000000000,0.000000000,0.000000000
13.254164546,0.000000000,0.000000000,0.000000000,0.000000000,0.000000000,9.800000000,1.000000000,0.000000000,0.000000000,0.000000000
13.258331212,0.000000000,0.000000000,0.000000000,0.000000000,0.000000000,9.800000000,1.000000000,0.000000000,0.000000000,0.000000000
13.262497878,0.000000000,0.000000000,0.000000000,0.000000000,0.000000000,9.800000000,1.000000000,0.000000000,0.000000000,0.000000000
13.266664544,0.000000000,0.000000000,0.000000000,0.000000000,0.000000000,9.800000000,1.000000000,0.000000000,0.000000000,0.000000000
13.270831210,0.000000000,0.000000000,0.000000000,0.000000000,0.000000000,9.800000000,1.000000000,0.000000000,0.000000000,0.000000000
13.279164542,0.000000000,0.000000000,0.000000000,0.000000000,0.000000000,9.800000000,1.000000000,0.000000000,0.000000000,0.000000000
13.283331208,0.000000000,0.000000000,0.000000000,0.000000000,0.000000000,9.800000000,1.000000000,0.000000000,0.000000000,0.000000000
13.287497874,0.000000000,0.000000000,0.000000000,0.000000000,0.000000000,9.800000000,1.000000000,0.000000000,0.000000000,0.000000000
13.291664540,0.000000000,0.000000000,0.000000000,0.000000000,0.000000000,9.800000000,1.000000000,0.000000000,0.000000000,0.000000000
13.295831206,0.000000000,0.000000000,0.000000000,0.000000000,0.000000000,9.800000000,1.000000000,0.000000000,0.000000000,0.000000000
13.304164538,0.000000000,0.000000000,0.000000000,0.000000000,0.000000000,9.800000000,1.000000000,0.000000000,0.000000000,0.000000000
13.308331204,0.000000000,0.000000000,0.000000000,0.000000000,0.000000000,9.800000000,1.000000000,0.000000000,0.000000000,0.000000000
13.312497870,0.000000000,0.000000000,0.000000000,0.000000000,0.000000000,9.800000000,1.000000000,0.000000000,0.000000000,0.000000000
13.316664536,0.000000000,0.000000000,0.000000000,0.000000000,0.000000000,9.800000000,1.000000000,0.000000000,0.000000000,0.000000000
13.320831202,0.000000000,0.000000000,0.000000000,0.000000000,0.000000000,9.800000000,1.000000000,0.000000000,0.000000000,0.000000000
13.329164534,0.000000000,0.000000000,0.000000000,0.000000000,0.000000000,9.800000000,1.000000000,0.000000000,0.000000000,0.000000000
13.333331200,0.000000000,0.000000000,0.000000000,0.000000000,0.000000000,9.800000000,1.000000000,0.000000000,0.000000000,0.000000000
13.337497866,0.000000000,0.000000000,0.000000000,0.000000000,0.000000000,9.800000000,1.000000000,0.000000000,0.000000000,0.000000000
13.341664532,0.000000000,0.000000000,0.000000000,0.000000000,0.000000000,9.800000000,1.000000000,0.000000000,0.000000000,0.000000000
13.345831198,0.000000000,0.000000000,0.000000000,0.000000000,0.000000000,9.800000000,1.000000000,0.000000000,0.000000000,0.000000000
13.354164530,0.000000000,0.000000000,0.000000000,0.000000000,0.000000000,9.800000000,1.000000000,0.000000000,0.000000000,0.000000000
13.358331196,0.000000000,0.000000000,0.000000000,0.000000000,0.000000000,9.800000000,1.000000000,0.000000000,0.000000000,0.000000000
13.362497862,0.000000000,0.000000000,0.000000000,0.000000000,0.000000000,9.800000000,1.000000000,0.000000000,0.000000000,0.000000000
13.366664528,0.000000000,0.000000000,0.000000000,0.000000000,0.000000000,9.800000000,1.000000000,0.000000000,0.000000000,0.000000000
13.370831194,0.000000000,0.000000000,0.000000000,0.000000000,0.000000000,9.800000000,1.000000000,0.000000000,0.000000000,0.000000000
13.379164526,0.000000000,0.000000000,0.000000000,0.000000000,0.000000000,9.800000000,1.000000000,0.000000000,0.000000000,0.000000000
13.383331192,0.000000000,0.000000000,0.000000000,0.000000000,0.000000000,9.800000000,1.000000000,0.000000000,0.000000000,0.000000000
13.387497858,0.000000000,0.000000000,0.000000000,0.000000000,0.000000000,9.800000000,1.000000000,0.000000000,0.000000000,0.000000000
13.391664524,0.000000000,0.000000000,0.000000000,0.000000000,0.000000000,9.800000000,1.000000000,0.000000000,0.000000000,0.000000000
13.395831190,0.000000000,0.000000000,0.000000000,0.000000000,0.000000000,9.800000000,1.000000000,0.000000000,0.000000000,0.000000000
13.404164522,0.000000000,0.000000000,0.000000000,0.000000000,0.000000000,9.800000000,1.000000000,0.000000000,0.000000000,0.000000000
13.408331188,0.000000000,0.000000000,0.000000000,0.000000000,0.000000000,9.800000000,1.000000000,0.000000000,0.000000000,0.000000000
13.412497854,0.000000000,0.000000000,0.000000000,0.000000000,0.000000000,9.800000000,1.000000000,0.000000000,0.000000000,0.000000000
13.416664520,0.000000000,0.000000000,0.000000000,0.000000000,0.000000000,9.800000000,1.000000000,0.000000000,0.000000000,0.000000000
13.420831186,0.000000000,0.000000000,0.000000000,0.000000000,0.000000000,9.800000000,1.000000000,0.000000000,0.000000000,0.000000000
13.429164518,0.000000000,0.000000000,0.000000000,0.000000000,0.000000000,9.800000000,1.000000000,0.000000000,0.000000000,0.000000000
13.433331184,0.000000000,0.000000000,0.000000000,0.000000000,0.000000000,9.800000000,1.000000000,0.000000000,0.000000000,0.000000000
13.437497850,0.000000000,0.000000000,0.000000000,0.000000000,0.000000000,9.800000000,1.000000000,0.000000000,0.000000000,0.000000000
13.441664516,0.000000000,0.000000000,0.000000000,0.000000000,0.000000000,9.800000000,1.000000000,0.000000000,0.000000000,0.000000000
13.445831182,0.000000000,0.000000000,0.000000000,0.000000000,0.000000000,9.800000000,1.000000000,0.000000000,0.000000000,0.000000000
13.454164514,0.000000000,0.000000000,0.000000000,0.000000000,0.000000000,9.800000000,1.000000000,0.000000000,0.000000000,0.000000000
13.458331180,0.000000000,0.000000000,0.000000000,0.000000000,0.000000000,9.800000000,1.000000000,0.000000000,0.000000000,0.000000000
13.462497846,0.000000000,0.000000000,0.000000000,0.000000000,0.000000000,9.800000000,1.000000000,0.000000000,0.000000000,0.000000000
13.466664512,0.000000000,0.000000000,0.000000000,0.000000000,0.000000000,9.800000000,1.000000000,0.000000000,0.000000000,0.000000000
13.470831178,0.000000000,0.000000000,0.000000000,0.000000000,0.000000000,9.800000000,1.000000000,0.000000000,0.000000000,0.000000000
13.479164510,0.000000000,0.000000000,0.000000000,0.000000000,0.000000000,9.800000000,1.000000000,0.000000000,0.000000000,0.000000000
13.483331176,0.000000000,0.000000000,0.000000000,0.000000000,0.000000000,9.800000000,1.000000000,0.000000000,0.000000000,0.000000000
13.487497842,0.000000000,0.000000000,0.000000000,0.000000000,0.000000000,9.800000000,1.000000000,0.000000000,0.000000000,0.000000000
13.491664508,0.000000000,0.000000000,0.000000000,0.000000000,0.000000000,9.800000000,1.000000000,0.000000000,0.000000000,0.000000000
13.495831174,0.000000000,0.000000000,0.000000000,0.000000000,0.000000000,9.800000000,1.000000000,0.000000000,0.000000000,0.000000000
13.504164506,0.000000000,0.000000000,0.000000000,0.000000000,0.000000000,9.800000000,1.000000000,0.000000000,0.000000000,0.000000000
13.508331172,0.000000000,0.000000000,0.000000000,0.000000000,0.000000000,9.800000000,1.000000000,0.000000000,0.000000000,0.000000000
13.512497838,0.000000000,0.000000000,0.000000000,0.000000000,0.000000000,9.800000000,1.000000000,0.000000000,0.000000000,0.000000000
13.516664504,0.000000000,0.000000000,0.000000000,0.000000000,0.000000000,9.800000000,1.000000000,0.000000000,0.000000000,0.000000000
13.520831170,0.000000000,0.000000000,0.000000000,0.000000000,0.000000000,9.800000000,1.000000000,0.000000000,0.000000000,0.000000000
13.529164502,0.000000000,0.000000000,0.000000000,0.000000000,0.000000000,9.800000000,1.000000000,0.000000000,0.000000000,0.000000000
13.533331168,0.000000000,0.000000000,0.000000000,0.000000000,0.000000000,9.800000000,1.000000000,0.000000000,0.000000000,0.000000000
13.537497834,0.000000000,0.000000000,0.000000000,0.000000000,0.000000000,9.800000000,1.000000000,0.000000000,0.000000000,0.000000000
13.541664500,0.000000000,0.000000000,0.000000000,0.000000000,0.000000000,9.800000000,1.000000000,0.000000000,0.000000000,0.000000000
13.545831166,0.000000000,0.000000000,0.000000000,0.000000000,0.000000000,9.800000000,1.000000000,0.000000000,0.000000000,0.000000000
13.554164498,0.000000000,0.000000000,0.000000000,0.000000000,0.000000000,9.800000000,1.000000000,0.000000000,0.000000000,0.000000000
13.558331164,0.000000000,0.000000000,0.000000000,0.000000000,0.000000000,9.800000000,1.000000000,0.000000000,0.000000000,0.000000000
13.562497830,0.000000000,0.000000000,0.000000000,0.000000000,0.000000000,9.800000000,1.000000000,0.000000000,0.000000000,0.000000000
13.566664496,0.000000000,0.000000000,0.000000000,0.000000000,0.000000000,9.800000000,1.000000000,0.000000000,0.000000000,0.000000000
13.570831162,0.000000000,0.000000000,0.000000000,0.000000000,0.000000000,9.800000000,1.000000000,0.000000000,0.000000000,0.000000000
13.579164494,0.000000000,0.000000000,0.000000000,0.000000000,0.000000000,9.800000000,1.000000000,0.000000000,0.000000000,0.000000000
13.583331160,0.000000000,0.000000000,0.000000000,0.000000000,0.000000000,9.800000000,1.000000000,0.000000000,0.000000000,0.000000000
13.587497826,0.000000000,0.000000000,0.000000000,0.000000000,0.000000000,9.800000000,1.000000000,0.000000000,0.000000000,0.000000000
13.591664492,0.000000000,0.000000000,0.000000000,0.000000000,0.000000000,9.800000000,1.000000000,0.000000000,0.000000000,0.000000000
13.595831158,0.000000000,0.000000000,0.000000000,0.000000000,0.000000000,9.800000000,1.000000000,0.000000000,0.000000000,0.000000000
13.604164490,0.000000000,0.000000000,0.000000000,0.000000000,0.000000000,9.800000000,1.000000000,0.000000000,0.000000000,0.000000000
13.608331156,0.000000000,0.000000000,0.000000000,0.000000000,0.000000000,9.800000000,1.000000000,0.000000000,0.000000000,0.000000000
13.612497822,0.000000000,0.000000000,0.000000000,0.000000000,0.000000000,9.800000000,1.000000000,0.000000000,0.000000000,0.000000000
13.616664488,0.000000000,0.000000000,0.000000000,0.000000000,0.000000000,9.800000000,1.000000000,0.000000000,0.000000000,0.000000000
13.620831154,0.000000000,0.000000000,0.000000000,0.000000000,0.000000000,9.800000000,1.000000000,0.000000000,0.000000000,0.000000000
13.629164486,0.000000000,0.000000000,0.000000000,0.000000000,0.000000000,9.800000000,1.000000000,0.000000000,0.000000000,0.000000000
13.633331152,0.000000000,0.000000000,0.000000000,0.000000000,0.000000000,9.800000000,1.000000000,0.000000000,0.000000000,0.000000000
13.637497818,0.000000000,0.000000000,0.000000000,0.000000000,0.000000000,9.800000000,1.000000000,0.000000000,0.000000000,0.000000000
13.641664484,0.000000000,0.000000000,0.000000000,0.000000000,0.000000000,9.800000000,1.000000000,0.000000000,0.000000000,0.000000000
13.645831150,0.000000000,0.000000000,0.000000000,0.000000000,0.000000000,9.800000000,1.000000000,0.000000000,0.000000000,0.000000000
13.654164482,0.000000000,0.000000000,0.000000000,0.000000000,0.000000000,9.800000000,1.000000000,0.000000000,0.000000000,0.000000000
13.658331148,0.000000000,0.000000000,0.000000000,0.000000000,0.000000000,9.800000000,1.000000000,0.000000000,0.000000000,0.000000000
13.662497814,0.000000000,0.000000000,0.000000000,0.000000000,0.000000000,9.800000000,1.000000000,0.000000000,0.000000000,0.000000000
13.666664480,0.000000000,0.000000000,0.000000000,0.000000000,0.000000000,9.800000000,1.000000000,0.000000000,0.000000000,0.000000000
13.670831146,0.000000000,0.000000000,0.000000000,0.000000000,0.000000000,9.800000000,1.000000000,0.000000000,0.000000000,0.000000000
13.679164478,0.000000000,0.000000000,0.000000000,0.000000000,0.000000000,9.800000000,1.000000000,0.000000000,0.000000000,0.000000000
13.683331144,0.000000000,0.000000000,0.000000000,0.000000000,0.000000000,9.800000000,1.000000000,0.000000000,0.000000000,0.000000000
13.687497810,0.000000000,0.000000000,0.000000000,0.000000000,0.000000000,9.800000000,1.000000000,0.000000000,0.000000000,0.000000000
13.691664476,0.000000000,0.000000000,0.000000000,0.000000000,0.000000000,9.800000000,1.000000000,0.000000000,0.000000000,0.000000000
13.695831142,0.000000000,0.000000000,0.000000000,0.000000000,0.000000000,9.800000000,1.000000000,0.000000000,0.000000000,0.000000000
13.704164474,0.000000000,0.000000000,0.000000000,0.000000000,0.000000000,9.800000000,1.000000000,0.000000000,0.000000000,0.000000000
13.708331140,0.000000000,0.000000000,0.000000000,0.000000000,0.000000000,9.800000000,1.000000000,0.000000000,0.000000000,0.000000000
13.712497806,0.000000000,0.000000000,0.000000000,0.000000000,0.000000000,9.800000000,1.000000000,0.000000000,0.000000000,0.000000000
13.716664472,0.000000000,0.000000000,0.000000000,0.000000000,0.000000000,9.800000000,1.000000000,0.000000000,0.000000000,0.000000000
13.720831138,0.000000000,0.000000000,0.000000000,0.000000000,0.000000000,9.800000000,1.000000000,0.000000000,0.000000000,0.000000000
13.729164470,0.000000000,0.000000000,0.000000000,0.000000000,0.000000000,9.800000000,1.000000000,0.000000000,0.000000000,0.000000000
13.733331136,0.000000000,0.000000000,0.000000000,0.000000000,0.000000000,9.800000000,1.000000000,0.000000000,0.000000000,0.000000000
13.737497802,0.000000000,0.000000000,0.000000000,0.000000000,0.000000000,9.800000000,1.000000000,0.000000000,0.000000000,0.000000000
13.741664468,0.000000000,0.000000000,0.000000000,0.000000000,0.000000000,9.800000000,1.000000000,0.000000000,0.000000000,0.000000000
13.745831134,0.000000000,0.000000000,0.000000000,0.000000000,0.000000000,9.800000000,1.000000000,0.000000000,0.000000000,0.000000000
13.754164466,0.000000000,0.000000000,0.000000000,0.000000000,0.000000000,9.800000000,1.000000000,0.000000000,0.000000000,0.000000000
13.758331132,0.000000000,0.000000000,0.000000000,0.000000000,0.000000000,9.800000000,1.000000000,0.000000000,0.000000000,0.000000000
13.762497798,0.000000000,0.000000000,0.000000000,0.000000000,0.000000000,9.800000000,1.000000000,0.000000000,0.000000000,0.000000000
13.766664464,0.000000000,0.000000000,0.000000000,0.000000000,0.000000000,9.800000000,1.000000000,0.000000000,0.000000000,0.000000000
13.770831130,0.000000000,0.000000000,0.000000000,0.000000000,0.000000000,9.800000000,1.000000000,0.000000000,0.000000000,0.000000000
13.779164462,0.000000000,0.000000000,0.000000000,0.000000000,0.000000000,9.800000000,1.000000000,0.000000000,0.000000000,0.000000000
13.783331128,0.000000000,0.000000000,0.000000000,0.000000000,0.000000000,9.800000000,1.000000000,0.000000000,0.000000000,0.000000000
13.787497794,0.000000000,0.000000000,0.000000000,0.000000000,0.000000000,9.800000000,1.000000000,0.000000000,0.000000000,0.000000000
13.791664460,0.000000000,0.000000000,0.000000000,0.000000000,0.000000000,9.800000000,1.000000000,0.000000000,0.000000000,0.000000000
13.795831126,0.000000000,0.000000000,0.000000000,0.000000000,0.000000000,9.800000000,1.000000000,0.000000000,0.000000000,0.000000000
13.804164458,0.000000000,0.000000000,0.000000000,0.000000000,0.000000000,9.800000000,1.000000000,0.000000000,0.000000000,0.000000000
13.808331124,0.000000000,0.000000000,0.000000000,0.000000000,0.000000000,9.800000000,1.000000000,0.000000000,0.000000000,0.000000000
13.812497790,0.000000000,0.000000000,0.000000000,0.000000000,0.000000000,9.800000000,1.000000000,0.000000000,0.000000000,0.000000000
13.816664456,0.000000000,0.000000000,0.000000000,0.000000000,0.000000000,9.800000000,1.000000000,0.000000000,0.000000000,0.000000000
13.820831122,0.000000000,0.000000000,0.000000000,0.000000000,0.000000000,9.800000000,1.000000000,0.000000000,0.000000000,0.000000000
13.829164454,0.000000000,0.000000000,0.000000000,0.000000000,0.000000000,9.800000000,1.000000000,0.000000000,0.000000000,0.000000000
13.833331120,0.000000000,0.000000000,0.000000000,0.000000000,0.000000000,9.800000000,1.000000000,0.000000000,0.000000000,0.000000000
13.837497786,0.000000000,0.000000000,0.000000000,0.000000000,0.000000000,9.800000000,1.000000000,0.000000000,0.000000000,0.000000000
13.841664452,0.000000000,0.000000000,0.000000000,0.000000000,0.000000000,9.800000000,1.000000000,0.000000000,0.000000000,0.000000000
13.845831118,0.000000000,0.000000000,0.000000000,0.000000000,0.000000000,9.800000000,1.000000000,0.000000000,0.000000000,0.000000000
13.854164450,0.000000000,0.000000000,0.000000000,0.000000000,0.000000000,9.800000000,1.000000000,0.000000000,0.000000000,0.000000000
13.858331116,0.000000000,0.000000000,0.000000000,0.000000000,0.000000000,9.800000000,1.000000000,0.000000000,0.000000000,0.000000000
13.862497782,0.000000000,0.000000000,0.000000000,0.000000000,0.000000000,9.800000000,1.000000000,0.000000000,0.000000000,0.000000000
13.866664448,0.000000000,0.000000000,0.000000000,0.000000000,0.000000000,9.800000000,1.000000000,0.000000000,0.000000000,0.000000000
13.870831114,0.000000000,0.000000000,0.000000000,0.000000000,0.000000000,9.800000000,1.000000000,0.000000000,0.000000000,0.000000000
13.879164446,0.000000000,0.000000000,0.000000000,0.000000000,0.000000000,9.800000000,1.000000000,0.000000000,0.000000000,0.000000000
13.883331112,0.000000000,0.000000000,0.000000000,0.000000000,0.000000000,9.800000000,1.000000000,0.000000000,0.000000000,0.000000000
13.887497778,0.000000000,0.000000000,0.000000000,0.000000000,0.000000000,9.800000000,1.000000000,0.000000000,0.000000000,0.000000000
13.891664444,0.000000000,0.000000000,0.000000000,0.000000000,0.000000000,9.800000000,1.000000000,0.000000000,0.000000000,0.000000000
13.895831110,0.000000000,0.000000000,0.000000000,0.000000000,0.000000000,9.800000000,1.000000000,0.000000000,0.000000000,0.000000000
13.904164442,0.000000000,0.000000000,0.000000000,0.000000000,0.000000000,9.800000000,1.000000000,0.000000000,0.000000000,0.000000000
13.908331108,0.000000000,0.000000000,0.000000000,0.000000000,0.000000000,9.800000000,1.000000000,0.000000000,0.000000000,0.000000000
13.912497774,0.000000000,0.000000000,0.000000000,0.000000000,0.000000000,9.800000000,1.000000000,0.000000000,0.000000000,0.000000000
13.916664440,0.000000000,0.000000000,0.000000000,0.000000000,0.000000000,9.800000000,1.000000000,0.000000000,0.000000000,0.000000000
13.920831106,0.000000000,0.000000000,0.000000000,0.000000000,0.000000000,9.800000000,1.000000000,0.000000000,0.000000000,0.000000000
13.929164438,0.000000000,0.000000000,0.000000000,0.000000000,0.000000000,9.800000000,1.000000000,0.000000000,0.000000000,0.000000000
13.933331104,0.000000000,0.000000000,0.000000000,0.000000000,0.000000000,9.800000000,1.000000000,0.000000000,0.000000000,0.000000000
13.937497770,0.000000000,0.000000000,0.000000000,0.000000000,0.000000000,9.800000000,1.000000000,0.000000000,0.000000000,0.000000000
13.941664436,0.000000000,0.000000000,0.000000000,0.000000000,0.000000000,9.800000000,1.000000000,0.000000000,0.000000000,0.000000000
13.945831102,0.000000000,0.000000000,0.000000000,0.000000000,0.000000000,9.800000000,1.000000000,0.000000000,0.000000000,0.000000000
13.954164434,0.000000000,0.000000000,0.000000000,0.000000000,0.000000000,9.800000000,1.000000000,0.000000000,0.000000000,0.000000000
13.958331100,0.000000000,0.000000000,0.000000000,0.000000000,0.000000000,9.800000000,1.000000000,0.000000000,0.000000000,0.000000000
13.962497766,0.000000000,0.000000000,0.000000000,0.000000000,0.000000000,9.800000000,1.000000000,0.000000000,0.000000000,0.000000000
13.966664432,0.000000000,0.000000000,0.000000000,0.000000000,0.000000000,9.800000000,1.000000000,0.000000000,0.000000000,0.000000000
13.970831098,0.000000000,0.000000000,0.000000000,0.000000000,0.000000000,9.800000000,1.000000000,0.000000000,0.000000000,0.000000000
13.979164430,0.000000000,0.000000000,0.000000000,0.000000000,0.000000000,9.800000000,1.000000000,0.000000000,0.000000000,0.000000000
13.983331096,0.000000000,0.000000000,0.000000000,0.000000000,0.000000000,9.800000000,1.000000000,0.000000000,0.000000000,0.000000000
13.987497762,0.000000000,0.000000000,0.000000000,0.000000000,0.000000000,9.800000000,1.000000000,0.000000000,0.000000000,0.000000000
13.991664428,0.000000000,0.000000000,0.000000000,0.000000000,0.000000000,9.800000000,1.000000000,0.000000000,0.000000000,0.000000000
13.995831094,0.000000000,0.000000000,0.000000000,0.000000000,0.000000000,9.800000000,1.000000000,0.000000000,0.000000000,0.000000000
14.004164426,0.000000000,0.000000000,0.000000000,0.000000000,0.000000000,9.800000000,1.000000000,0.000000000,0.000000000,0.000000000
14.008331092,0.000000000,0.000000000,0.000000000,0.000000000,0.000000000,9.800000000,1.000000000,0.000000000,0.000000000,0.000000000
14.012497758,0.000000000,0.000000000,0.000000000,0.000000000,0.000000000,9.800000000,1.000000000,0.000000000,0.000000000,0.000000000
14.016664424,0.000000000,0.000000000,0.000000000,0.000000000,0.000000000,9.800000000,1.000000000,0.000000000,0.000000000,0.000000000
14.020831090,0.000000000,0.000000000,0.000000000,0.000000000,0.000000000,9.800000000,1.000000000,0.000000000,0.000000000,0.000000000
14.029164422,0.000000000,0.000000000,0.000000000,0.000000000,0.000000000,9.800000000,1.000000000,0.000000000,0.000000000,0.000000000
14.033331088,0.000000000,0.000000000,0.000000000,0.000000000,0.000000000,9.800000000,1.000000000,0.000000000,0.000000000,0.000000000
14.037497754,0.000000000,0.000000000,0.000000000,0.000000000,0.000000000,9.800000000,1.000000000,0.000000000,0.000000000,0.000000000
14.041664420,0.000000000,0.000000000,0.000000000,0.000000000,0.000000000,9.800000000,1.000000000,0.000000000,0.000000000,0.000000000
14.045831086,0.000000000,0.000000000,0.000000000,0.000000000,0.000000000,9.800000000,1.000000000,0.000000000,0.000000000,0.000000000
14.054164418,0.000000000,0.000000000,0.000000000,0.000000000,0.000000000,9.800000000,1.000000000,0.000000000,0.000000000,0.000000000
14.058331084,0.000000000,0.000000000,0.000000000,0.000000000,0.000000000,9.800000000,1.000000000,0.000000000,0.000000000,0.000000000
14.062497750,0.000000000,0.000000000,0.000000000,0.000000000,0.000000000,9.800000000,1.000000000,0.000000000,0.000000000,0.000000000
14.066664416,0.000000000,0.000000000,0.000000000,0.000000000,0.000000000,9.800000000,1.000000000,0.000000000,0.000000000,0.000000000
14.070831082,0.000000000,0.000000000,0.000000000,0.000000000,0.000000000,9.800000000,1.000000000,0.000000000,0.000000000,0.000000000
14.079164414,0.000000000,0.000000000,0.000000000,0.000000000,0.000000000,9.800000000,1.000000000,0.000000000,0.000000000,0.000000000
14.083331080,0.000000000,0.000000000,0.000000000,0.000000000,0.000000000,9.800000000,1.000000000,0.000000000,0.000000000,0.000000000
14.087497746,0.000000000,0.000000000,0.000000000,0.000000000,0.000000000,9.800000000,1.000000000,0.000000000,0.000000000,0.000000000
14.091664412,0.000000000,0.000000000,0.000000000,0.000000000,0.000000000,9.800000000,1.000000000,0.000000000,0.000000000,0.000000000
14.095831078,0.000000000,0.000000000,0.000000000,0.000000000,0.000000000,9.800000000,1.000000000,0.000000000,0.000000000,0.000000000
14.104164410,0.000000000,0.000000000,0.000000000,0.000000000,0.000000000,9.800000000,1.000000000,0.000000000,0.000000000,0.000000000
14.108331076,0.000000000,0.000000000,0.000000000,0.000000000,0.000000000,9.800000000,1.000000000,0.000000000,0.000000000,0.000000000
14.112497742,0.000000000,0.000000000,0.000000000,0.000000000,0.000000000,9.800000000,1.000000000,0.000000000,0.000000000,0.000000000
14.116664408,0.000000000,0.000000000,0.000000000,0.000000000,0.000000000,9.800000000,1.000000000,0.000000000,0.000000000,0.000000000
14.120831074,0.000000000,0.000000000,0.000000000,0.000000000,0.000000000,9.800000000,1.000000000,0.000000000,0.000000000,0.000000000
14.129164406,0.000000000,0.000000000,0.000000000,0.000000000,0.000000000,9.800000000,1.000000000,0.000000000,0.000000000,0.000000000
14.133331072,0.000000000,0.000000000,0.000000000,0.000000000,0.000000000,9.800000000,1.000000000,0.000000000,0.000000000,0.000000000
14.137497738,0.000000000,0.000000000,0.000000000,0.000000000,0.000000000,9.800000000,1.000000000,0.000000000,0.000000000,0.000000000
14.141664404,0.000000000,0.000000000,0.000000000,0.000000000,0.000000000,9.800000000,1.000000000,0.000000000,0.000000000,0.000000000
14.145831070,0.000000000,0.000000000,0.000000000,0.000000000,0.000000000,9.800000000,1.000000000,0.000000000,0.000000000,0.000000000
14.154164402,0.000000000,0.000000000,0.000000000,0.000000000,0.000000000,9.800000000,1.000000000,0.000000000,0.000000000,0.000000000
14.158331068,0.000000000,0.000000000,0.000000000,0.000000000,0.000000000,9.800000000,1.000000000,0.000000000,0.000000000,0.000000000
14.162497734,0.000000000,0.000000000,0.000000000,0.000000000,0.000000000,9.800000000,1.000000000,0.000000000,0.000000000,0.000000000
14.166664400,0.000000000,0.000000000,0.000000000,0.000000000,0.000000000,9.800000000,1.000000000,0.000000000,0.000000000,0.000000000
14.170831066,0.000000000,0.000000000,0.000000000,0.000000000,0.000000000,9.800000000,1.000000000,0.000000000,0.000000000,0.000000000
14.179164398,0.000000000,0.000000000,0.000000000,0.000000000,0.000000000,9.800000000,1.000000000,0.000000000,0.000000000,0.000000000
14.183331064,0.000000000,0.000000000,0.000000000,0.000000000,0.000000000,9.800000000,1.000000000,0.000000000,0.000000000,0.000000000
14.187497730,0.000000000,0.000000000,0.000000000,0.000000000,0.000000000,9.800000000,1.000000000,0.000000000,0.000000000,0.000000000
14.191664396,0.000000000,0.000000000,0.000000000,0.000000000,0.000000000,9.800000000,1.000000000,0.000000000,0.000000000,0.000000000
14.195831062,0.000000000,0.000000000,0.000000000,0.000000000,0.000000000,9.800000000,1.000000000,0.000000000,0.000000000,0.000000000
14.204164394,0.000000000,0.000000000,0.000000000,0.000000000,0.000000000,9.800000000,1.000000000,0.000000000,0.000000000,0.000000000
14.208331060,0.000000000,0.000000000,0.000000000,0.000000000,0.000000000,9.800000000,1.000000000,0.000000000,0.000000000,0.000000000
14.212497726,0.000000000,0.000000000,0.000000000,0.000000000,0.000000000,9.800000000,1.000000000,0.000000000,0.000000000,0.000000000
14.216664392,0.000000000,0.000000000,0.000000000,0.000000000,0.000000000,9.800000000,1.000000000,0.000000000,0.000000000,0.000000000
14.220831058,0.000000000,0.000000000,0.000000000,0.000000000,0.000000000,9.800000000,1.000000000,0.000000000,0.000000000,0.000000000
14.229164390,0.000000000,0.000000000,0.000000000,0.000000000,0.000000000,9.800000000,1.000000000,0.000000000,0.000000000,0.000000000
14.233331056,0.000000000,0.000000000,0.000000000,0.000000000,0.000000000,9.800000000,1.000000000,0.000000000,0.000000000,0.000000000
14.237497722,0.000000000,0.000000000,0.000000000,0.000000000,0.000000000,9.800000000,1.000000000,0.000000000,0.000000000,0.000000000
14.241664388,0.000000000,0.000000000,0.000000000,0.000000000,0.000000000,9.800000000,1.000000000,0.000000000,0.000000000,0.000000000
14.245831054,0.000000000,0.000000000,0.000000000,0.000000000,0.000000000,9.800000000,1.000000000,0.000000000,0.000000000,0.000000000
14.254164386,0.000000000,0.000000000,0.000000000,0.000000000,0.000000000,9.800000000,1.000000000,0.000000000,0.000000000,0.000000000
14.258331052,0.000000000,0.000000000,0.000000000,0.000000000,0.000000000,9.800000000,1.000000000,0.000000000,0.000000000,0.000000000
14.262497718,0.000000000,0.000000000,0.000000000,0.000000000,0.000000000,9.800000000,1.000000000,0.000000000,0.000000000,0.000000000
14.266664384,0.000000000,0.000000000,0.000000000,0.000000000,0.000000000,9.800000000,1.000000000,0.000000000,0.000000000,0.000000000
14.270831050,0.000000000,0.000000000,0.000000000,0.000000000,0.000000000,9.800000000,1.000000000,0.000000000,0.000000000,0.000000000
14.279164382,0.000000000,0.000000000,0.000000000,0.000000000,0.000000000,9.800000000,1.000000000,0.000000000,0.000000000,0.000000000
14.283331048,0.000000000,0.000000000,0.000000000,0.000000000,0.000000000,9.800000000,1.000000000,0.000000000,0.000000000,0.000000000
14.287497714,0.000000000,0.000000000,0.000000000,0.000000000,0.000000000,9.800000000,1.000000000,0.000000000,0.000000000,0.000000000
14.291664380,0.000000000,0.000000000,0.000000000,0.000000000,0.000000000,9.800000000,1.000000000,0.000000000,0.000000000,0.000000000
14.295831046,0.000000000,0.000000000,0.000000000,0.000000000,0.000000000,9.800000000,1.000000000,0.000000000,0.000000000,0.000000000
14.304164378,0.000000000,0.000000000,0.000000000,0.000000000,0.000000000,9.800000000,1.000000000,0.000000000,0.000000000,0.000000000
14.308331044,0.000000000,0.000000000,0.000000000,0.000000000,0.000000000,9.800000000,1.000000000,0.000000000,0.000000000,0.000000000
14.312497710,0.000000000,0.000000000,0.000000000,0.000000000,0.000000000,9.800000000,1.000000000,0.000000000,0.000000000,0.000000000
14.316664376,0.000000000,0.000000000,0.000000000,0.000000000,0.000000000,9.800000000,1.000000000,0.000000000,0.000000000,0.000000000
14.320831042,0.000000000,0.000000000,0.000000000,0.000000000,0.000000000,9.800000000,1.000000000,0.000000000,0.000000000,0.000000000
14.329164374,0.000000000,0.000000000,0.000000000,0.000000000,0.000000000,9.800000000,1.000000000,0.000000000,0.000000000,0.000000000
14.333331040,0.000000000,0.000000000,0.000000000,0.000000000,0.000000000,9.800000000,1.000000000,0.000000000,0.000000000,0.000000000
14.337497706,0.000000000,0.000000000,0.000000000,0.000000000,0.000000000,9.800000000,1.000000000,0.000000000,0.000000000,0.000000000
14.341664372,0.000000000,0.000000000,0.000000000,0.000000000,0.000000000,9.800000000,1.000000000,0.000000000,0.000000000,0.000000000
14.345831038,0.000000000,0.000000000,0.000000000,0.000000000,0.000000000,9.800000000,1.000000000,0.000000000,0.000000000,0.000000000
14.354164370,0.000000000,0.000000000,0.000000000,0.000000000,0.000000000,9.800000000,1.000000000,0.000000000,0.000000000,0.000000000
14.358331036,0.000000000,0.000000000,0.000000000,0.000000000,0.000000000,9.800000000,1.000000000,0.000000000,0.000000000,0.000000000
14.362497702,0.000000000,0.000000000,0.000000000,0.000000000,0.000000000,9.800000000,1.000000000,0.000000000,0.000000000,0.000000000
14.366664368,0.000000000,0.000000000,0.000000000,0.000000000,0.000000000,9.800000000,1.000000000,0.000000000,0.000000000,0.000000000
14.370831034,0.000000000,0.000000000,0.000000000,0.000000000,0.000000000,9.800000000,1.000000000,0.000000000,0.000000000,0.000000000
14.379164366,0.000000000,0.000000000,0.000000000,0.000000000,0.000000000,9.800000000,1.000000000,0.000000000,0.000000000,0.000000000
14.383331032,0.000000000,0.000000000,0.000000000,0.000000000,0.000000000,9.800000000,1.000000000,0.000000000,0.000000000,0.000000000
14.387497698,0.000000000,0.000000000,0.000000000,0.000000000,0.000000000,9.800000000,1.000000000,0.000000000,0.000000000,0.000000000
14.391664364,0.000000000,0.000000000,0.000000000,0.000000000,0.000000000,9.800000000,1.000000000,0.000000000,0.000000000,0.000000000
14.395831030,0.000000000,0.000000000,0.000000000,0.000000000,0.000000000,9.800000000,1.000000000,0.000000000,0.000000000,0.000000000
14.404164362,0.000000000,0.000000000,0.000000000,0.000000000,0.000000000,9.800000000,1.000000000,0.000000000,0.000000000,0.000000000
14.408331028,0.000000000,0.000000000,0.000000000,0.000000000,0.000000000,9.800000000,1.000000000,0.000000000,0.000000000,0.000000000
14.412497694,0.000000000,0.000000000,0.000000000,0.000000000,0.000000000,9.800000000,1.000000000,0.000000000,0.000000000,0.000000000
14.416664360,0.000000000,0.000000000,0.000000000,0.000000000,0.000000000,9.800000000,1.000000000,0.000000000,0.000000000,0.000000000
14.420831026,0.000000000,0.000000000,0.000000000,0.000000000,0.000000000,9.800000000,1.000000000,0.000000000,0.000000000,0.000000000
14.429164358,0.000000000,0.000000000,0.000000000,0.000000000,0.000000000,9.800000000,1.000000000,0.000000000,0.000000000,0.000000000
14.433331024,0.000000000,0.000000000,0.000000000,0.000000000,0.000000000,9.800000000,1.000000000,0.000000000,0.000000000,0.000000000
14.437497690,0.000000000,0.000000000,0.000000000,0.000000000,0.000000000,9.800000000,1.000000000,0.000000000,0.000000000,0.000000000
14.441664356,0.000000000,0.000000000,0.000000000,0.000000000,0.000000000,9.800000000,1.000000000,0.000000000,0.000000000,0.000000000
14.445831022,0.000000000,0.000000000,0.000000000,0.000000000,0.000000000,9.800000000,1.000000000,0.000000000,0.000000000,0.000000000
14.454164354,0.000000000,0.000000000,0.000000000,0.000000000,0.000000000,9.800000000,1.000000000,0.000000000,0.000000000,0.000000000
14.458331020,0.000000000,0.000000000,0.000000000,0.000000000,0.000000000,9.800000000,1.000000000,0.000000000,0.000000000,0.000000000
14.462497686,0.000000000,0.000000000,0.000000000,0.000000000,0.000000000,9.800000000,1.000000000,0.000000000,0.000000000,0.000000000
14.466664352,0.000000000,0.000000000,0.000000000,0.000000000,0.000000000,9.800000000,1.000000000,0.000000000,0.000000000,0.000000000
14.470831018,0.000000000,0.000000000,0.000000000,0.000000000,0.000000000,9.800000000,1.000000000,0.000000000,0.000000000,0.000000000
14.479164350,0.000000000,0.000000000,0.000000000,0.000000000,0.000000000,9.800000000,1.000000000,0.000000000,0.000000000,0.000000000
14.483331016,0.000000000,0.000000000,0.000000000,0.000000000,0.000000000,9.800000000,1.000000000,0.000000000,0.000000000,0.000000000
14.487497682,0.000000000,0.000000000,0.000000000,0.000000000,0.000000000,9.800000000,1.000000000,0.000000000,0.000000000,0.000000000
14.491664348,0.000000000,0.000000000,0.000000000,0.000000000,0.000000000,9.800000000,1.000000000,0.000000000,0.000000000,0.000000000
14.495831014,0.000000000,0.000000000,0.000000000,0.000000000,0.000000000,9.800000000,1.000000000,0.000000000,0.000000000,0.000000000
14.504164346,0.000000000,0.000000000,0.000000000,0.000000000,0.000000000,9.800000000,1.000000000,0.000000000,0.000000000,0.000000000
14.508331012,0.000000000,0.000000000,0.000000000,0.000000000,0.000000000,9.800000000,1.000000000,0.000000000,0.000000000,0.000000000
14.512497678,0.000000000,0.000000000,0.000000000,0.000000000,0.000000000,9.800000000,1.000000000,0.000000000,0.000000000,0.000000000
14.516664344,0.000000000,0.000000000,0.000000000,0.000000000,0.000000000,9.800000000,1.000000000,0.000000000,0.000000000,0.000000000
14.520831010,0.000000000,0.000000000,0.000000000,0.000000000,0.000000000,9.800000000,1.000000000,0.000000000,0.000000000,0.000000000
14.529164342,0.000000000,0.000000000,0.000000000,0.000000000,0.000000000,9.800000000,1.000000000,0.000000000,0.000000000,0.000000000
14.533331008,0.000000000,0.000000000,0.000000000,0.000000000,0.000000000,9.800000000,1.000000000,0.000000000,0.000000000,0.000000000
14.537497674,0.000000000,0.000000000,0.000000000,0.000000000,0.000000000,9.800000000,1.000000000,0.000000000,0.000000000,0.000000000
14.541664340,0.000000000,0.000000000,0.000000000,0.000000000,0.000000000,9.800000000,1.000000000,0.000000000,0.000000000,0.000000000
14.545831006,0.000000000,0.000000000,0.000000000,0.000000000,0.000000000,9.800000000,1.000000000,0.000000000,0.000000000,0.000000000
14.554164338,0.000000000,0.000000000,0.000000000,0.000000000,0.000000000,9.800000000,1.000000000,0.000000000,0.000000000,0.000000000
14.558331004,0.000000000,0.000000000,0.000000000,0.000000000,0.000000000,9.800000000,1.000000000,0.000000000,0.000000000,0.000000000
14.562497670,0.000000000,0.000000000,0.000000000,0.000000000,0.000000000,9.800000000,1.000000000,0.000000000,0.000000000,0.000000000
14.566664336,0.000000000,0.000000000,0.000000000,0.000000000,0.000000000,9.800000000,1.000000000,0.000000000,0.000000000,0.000000000
14.570831002,0.000000000,0.000000000,0.000000000,0.000000000,0.000000000,9.800000000,1.000000000,0.000000000,0.000000000,0.000000000
14.579164334,0.000000000,0.000000000,0.000000000,0.000000000,0.000000000,9.800000000,1.000000000,0.000000000,0.000000000,0.000000000
14.583331000,0.000000000,0.000000000,0.000000000,0.000000000,0.000000000,9.800000000,1.000000000,0.000000000,0.000000000,0.000000000
14.587497666,0.000000000,0.000000000,0.000000000,0.000000000,0.000000000,9.800000000,1.000000000,0.000000000,0.000000000,0.000000000
14.591664332,0.000000000,0.000000000,0.000000000,0.000000000,0.000000000,9.800000000,1.000000000,0.000000000,0.000000000,0.000000000
14.595830998,0.000000000,0.000000000,0.000000000,0.000000000,0.000000000,9.800000000,1.000000000,0.000000000,0.000000000,0.000000000
14.604164330,0.000000000,0.000000000,0.000000000,0.000000000,0.000000000,9.800000000,1.000000000,0.000000000,0.000000000,0.000000000
14.608330996,0.000000000,0.000000000,0.000000000,0.000000000,0.000000000,9.800000000,1.000000000,0.000000000,0.000000000,0.000000000
14.612497662,0.000000000,0.000000000,0.000000000,0.000000000,0.000000000,9.800000000,1.000000000,0.000000000,0.000000000,0.000000000
14.616664328,0.000000000,0.000000000,0.000000000,0.000000000,0.000000000,9.800000000,1.000000000,0.000000000,0.000000000,0.000000000
14.620830994,0.000000000,0.000000000,0.000000000,0.000000000,0.000000000,9.800000000,1.000000000,0.000000000,0.000000000,0.000000000
14.629164326,0.000000000,0.000000000,0.000000000,0.000000000,0.000000000,9.800000000,1.000000000,0.000000000,0.000000000,0.000000000
14.633330992,0.000000000,0.000000000,0.000000000,0.000000000,0.000000000,9.800000000,1.000000000,0.000000000,0.000000000,0.000000000
14.637497658,0.000000000,0.000000000,0.000000000,0.000000000,0.000000000,9.800000000,1.000000000,0.000000000,0.000000000,0.000000000
14.641664324,0.000000000,0.000000000,0.000000000,0.000000000,0.000000000,9.800000000,1.000000000,0.000000000,0.000000000,0.000000000
14.645830990,0.000000000,0.000000000,0.000000000,0.000000000,0.000000000,9.800000000,1.000000000,0.000000000,0.000000000,0.000000000
14.654164322,0.000000000,0.000000000,0.000000000,0.000000000,0.000000000,9.800000000,1.000000000,0.000000000,0.000000000,0.000000000
14.658330988,0.000000000,0.000000000,0.000000000,0.000000000,0.000000000,9.800000000,1.000000000,0.000000000,0.000000000,0.000000000
14.662497654,0.000000000,0.000000000,0.000000000,0.000000000,0.000000000,9.800000000,1.000000000,0.000000000,0.000000000,0.000000000
14.666664320,0.000000000,0.000000000,0.000000000,0.000000000,0.000000000,9.800000000,1.000000000,0.000000000,0.000000000,0.000000000
14.670830986,0.000000000,0.000000000,0.000000000,0.000000000,0.000000000,9.800000000,1.000000000,0.000000000,0.000000000,0.000000000
14.679164318,0.000000000,0.000000000,0.000000000,0.000000000,0.000000000,9.800000000,1.000000000,0.000000000,0.000000000,0.000000000
14.683330984,0.000000000,0.000000000,0.000000000,0.000000000,0.000000000,9.800000000,1.000000000,0.000000000,0.000000000,0.000000000
14.687497650,0.000000000,0.000000000,0.000000000,0.000000000,0.000000000,9.800000000,1.000000000,0.000000000,0.000000000,0.000000000
14.691664316,0.000000000,0.000000000,0.000000000,0.000000000,0.000000000,9.800000000,1.000000000,0.000000000,0.000000000,0.000000000
14.695830982,0.000000000,0.000000000,0.000000000,0.000000000,0.000000000,9.800000000,1.000000000,0.000000000,0.000000000,0.000000000
14.704164314,0.000000000,0.000000000,0.000000000,0.000000000,0.000000000,9.800000000,1.000000000,0.000000000,0.000000000,0.000000000
14.708330980,0.000000000,0.000000000,0.000000000,0.000000000,0.000000000,9.800000000,1.000000000,0.000000000,0.000000000,0.000000000
14.712497646,0.000000000,0.000000000,0.000000000,0.000000000,0.000000000,9.800000000,1.000000000,0.000000000,0.000000000,0.000000000
14.716664312,0.000000000,0.000000000,0.000000000,0.000000000,0.000000000,9.800000000,1.000000000,0.000000000,0.000000000,0.000000000
14.720830978,0.000000000,0.000000000,0.000000000,0.000000000,0.000000000,9.800000000,1.000000000,0.000000000,0.000000000,0.000000000
14.729164310,0.000000000,0.000000000,0.000000000,0.000000000,0.000000000,9.800000000,1.000000000,0.000000000,0.000000000,0.000000000
14.733330976,0.000000000,0.000000000,0.000000000,0.000000000,0.000000000,9.800000000,1.000000000,0.000000000,0.000000000,0.000000000
14.737497642,0.000000000,0.000000000,0.000000000,0.000000000,0.000000000,9.800000000,1.000000000,0.000000000,0.000000000,0.000000000
14.741664308,0.000000000,0.000000000,0.000000000,0.000000000,0.000000000,9.800000000,1.000000000,0.000000000,0.000000000,0.000000000
14.745830974,0.000000000,0.000000000,0.000000000,0.000000000,0.000000000,9.800000000,1.000000000,0.000000000,0.000000000,0.000000000
14.754164306,0.000000000,0.000000000,0.000000000,0.000000000,0.000000000,9.800000000,1.000000000,0.000000000,0.000000000,0.000000000
14.758330972,0.000000000,0.000000000,0.000000000,0.000000000,0.000000000,9.800000000,1.000000000,0.000000000,0.000000000,0.000000000
14.762497638,0.000000000,0.000000000,0.000000000,0.000000000,0.000000000,9.800000000,1.000000000,0.000000000,0.000000000,0.000000000
14.766664304,0.000000000,0.000000000,0.000000000,0.000000000,0.000000000,9.800000000,1.000000000,0.000000000,0.000000000,0.000000000
14.770830970,0.000000000,0.000000000,0.000000000,0.000000000,0.000000000,9.800000000,1.000000000,0.000000000,0.000000000,0.000000000
14.779164302,0.000000000,0.000000000,0.000000000,0.000000000,0.000000000,9.800000000,1.000000000,0.000000000,0.000000000,0.000000000
14.783330968,0.000000000,0.000000000,0.000000000,0.000000000,0.000000000,9.800000000,1.000000000,0.000000000,0.000000000,0.000000000
14.787497634,0.000000000,0.000000000,0.000000000,0.000000000,0.000000000,9.800000000,1.000000000,0.000000000,0.000000000,0.000000000
14.791664300,0.000000000,0.000000000,0.000000000,0.000000000,0.000000000,9.800000000,1.000000000,0.000000000,0.000000000,0.000000000
14.795830966,0.000000000,0.000000000,0.000000000,0.000000000,0.000000000,9.800000000,1.000000000,0.000000000,0.000000000,0.000000000
14.804164298,0.000000000,0.000000000,0.000000000,0.000000000,0.000000000,9.800000000,1.000000000,0.000000000,0.000000000,0.000000000
14.808330964,0.000000000,0.000000000,0.000000000,0.000000000,0.000000000,9.800000000,1.000000000,0.000000000,0.000000000,0.000000000
14.812497630,0.000000000,0.000000000,0.000000000,0.000000000,0.000000000,9.800000000,1.000000000,0.000000000,0.000000000,0.000000000
14.816664296,0.000000000,0.000000000,0.000000000,0.000000000,0.000000000,9.800000000,1.000000000,0.000000000,0.000000000,0.000000000
14.820830962,0.000000000,0.000000000,0.000000000,0.000000000,0.000000000,9.800000000,1.000000000,0.000000000,0.000000000,0.000000000
14.829164294,0.000000000,0.000000000,0.000000000,0.000000000,0.000000000,9.800000000,1.000000000,0.000000000,0.000000000,0.000000000
14.833330960,0.000000000,0.000000000,0.000000000,0.000000000,0.000000000,9.800000000,1.000000000,0.000000000,0.000000000,0.000000000
14.837497626,0.000000000,0.000000000,0.000000000,0.000000000,0.000000000,9.800000000,1.000000000,0.000000000,0.000000000,0.000000000
14.841664292,0.000000000,0.000000000,0.000000000,0.000000000,0.000000000,9.800000000,1.000000000,0.000000000,0.000000000,0.000000000
14.845830958,0.000000000,0.000000000,0.000000000,0.000000000,0.000000000,9.800000000,1.000000000,0.000000000,0.000000000,0.000000000
14.854164290,0.000000000,0.000000000,0.000000000,0.000000000,0.000000000,9.800000000,1.000000000,0.000000000,0.000000000,0.000000000
14.858330956,0.000000000,0.000000000,0.000000000,0.000000000,0.000000000,9.800000000,1.000000000,0.000000000,0.000000000,0.000000000
14.862497622,0.000000000,0.000000000,0.000000000,0.000000000,0.000000000,9.800000000,1.000000000,0.000000000,0.000000000,0.000000000
14.866664288,0.000000000,0.000000000,0.000000000,0.000000000,0.000000000,9.800000000,1.000000000,0.000000000,0.000000000,0.000000000
14.870830954,0.000000000,0.000000000,0.000000000,0.000000000,0.000000000,9.800000000,1.000000000,0.000000000,0.000000000,0.000000000
14.879164286,0.000000000,0.000000000,0.000000000,0.000000000,0.000000000,9.800000000,1.000000000,0.000000000,0.000000000,0.000000000
14.883330952,0.000000000,0.000000000,0.000000000,0.000000000,0.000000000,9.800000000,1.000000000,0.000000000,0.000000000,0.000000000
14.887497618,0.000000000,0.000000000,0.000000000,0.000000000,0.000000000,9.800000000,1.000000000,0.000000000,0.000000000,0.000000000
14.891664284,0.000000000,0.000000000,0.000000000,0.000000000,0.000000000,9.800000000,1.000000000,0.000000000,0.000000000,0.000000000
14.895830950,0.000000000,0.000000000,0.000000000,0.000000000,0.000000000,9.800000000,1.000000000,0.000000000,0.000000000,0.000000000
14.904164282,0.000000000,0.000000000,0.000000000,0.000000000,0.000000000,9.800000000,1.000000000,0.000000000,0.000000000,0.000000000
14.908330948,0.000000000,0.000000000,0.000000000,0.000000000,0.000000000,9.800000000,1.000000000,0.000000000,0.000000000,0.000000000
14.912497614,0.000000000,0.000000000,0.000000000,0.000000000,0.000000000,9.800000000,1.000000000,0.000000000,0.000000000,0.000000000
14.916664280,0.000000000,0.000000000,0.000000000,0.000000000,0.000000000,9.800000000,1.000000000,0.000000000,0.000000000,0.000000000
14.920830946,0.000000000,0.000000000,0.000000000,0.000000000,0.000000000,9.800000000,1.000000000,0.000000000,0.000000000,0.000000000
14.929164278,0.000000000,0.000000000,0.000000000,0.000000000,0.000000000,9.800000000,1.000000000,0.000000000,0.000000000,0.000000000
14.933330944,0.000000000,0.000000000,0.000000000,0.000000000,0.000000000,9.800000000,1.000000000,0.000000000,0.000000000,0.000000000
14.937497610,0.000000000,0.000000000,0.000000000,0.000000000,0.000000000,9.800000000,1.000000000,0.000000000,0.000000000,0.000000000
14.941664276,0.000000000,0.000000000,0.000000000,0.000000000,0.000000000,9.800000000,1.000000000,0.000000000,0.000000000,0.000000000
14.945830942,0.000000000,0.000000000,0.000000000,0.000000000,0.000000000,9.800000000,1.000000000,0.000000000,0.000000000,0.000000000
14.954164274,0.000000000,0.000000000,0.000000000,0.000000000,0.000000000,9.800000000,1.000000000,0.000000000,0.000000000,0.000000000
14.958330940,0.000000000,0.000000000,0.000000000,0.000000000,0.000000000,9.800000000,1.000000000,0.000000000,0.000000000,0.000000000
14.962497606,0.000000000,0.000000000,0.000000000,0.000000000,0.000000000,9.800000000,1.000000000,0.000000000,0.000000000,0.000000000
14.966664272,0.000000000,0.000000000,0.000000000,0.000000000,0.000000000,9.800000000,1.000000000,0.000000000,0.000000000,0.000000000
14.970830938,0.000000000,0.000000000,0.000000000,0.000000000,0.000000000,9.800000000,1.000000000,0.000000000,0.000000000,0.000000000
14.979164270,0.000000000,0.000000000,0.000000000,0.000000000,0.000000000,9.800000000,1.000000000,0.000000000,0.000000000,0.000000000
14.983330936,0.000000000,0.000000000,0.000000000,0.000000000,0.000000000,9.800000000,1.000000000,0.000000000,0.000000000,0.000000000
14.987497602,0.000000000,0.000000000,0.000000000,0.000000000,0.000000000,9.800000000,1.000000000,0.000000000,0.000000000,0.000000000
14.991664268,0.000000000,0.000000000,0.000000000,0.000000000,0.000000000,9.800000000,1.000000000,0.000000000,0.000000000,0.000000000
14.995830934,0.000000000,0.000000000,0.000000000,0.000000000,0.000000000,9.800000000,1.000000000,0.000000000,0.000000000,0.000000000
15.004164266,0.000000000,0.000000000,0.000000000,0.000000000,0.000000000,9.800000000,1.000000000,0.000000000,0.000000000,0.000000000
15.008330932,0.000000000,0.000000000,0.000000000,0.000000000,0.000000000,9.800000000,1.000000000,0.000000000,0.000000000,0.000000000
15.012497598,0.000000000,0.000000000,0.000000000,0.000000000,0.000000000,9.800000000,1.000000000,0.000000000,0.000000000,0.000000000
15.016664264,0.000000000,0.000000000,0.000000000,0.000000000,0.000000000,9.800000000,1.000000000,0.000000000,0.000000000,0.000000000
15.020830930,0.000000000,0.000000000,0.000000000,0.000000000,0.000000000,9.800000000,1.000000000,0.000000000,0.000000000,0.000000000
15.029164262,0.000000000,0.000000000,0.000000000,0.000000000,0.000000000,9.800000000,1.000000000,0.000000000,0.000000000,0.000000000
15.033330928,0.000000000,0.000000000,0.000000000,0.000000000,0.000000000,9.800000000,1.000000000,0.000000000,0.000000000,0.000000000
15.037497594,0.000000000,0.000000000,0.000000000,0.000000000,0.000000000,9.800000000,1.000000000,0.000000000,0.000000000,0.000000000
15.041664260,0.000000000,0.000000000,0.000000000,0.000000000,0.000000000,9.800000000,1.000000000,0.000000000,0.000000000,0.000000000
15.045830926,0.000000000,0.000000000,0.000000000,0.000000000,0.000000000,9.800000000,1.000000000,0.000000000,0.000000000,0.000000000
15.054164258,0.000000000,0.000000000,0.000000000,0.000000000,0.000000000,9.800000000,1.000000000,0.000000000,0.000000000,0.000000000
15.058330924,0.000000000,0.000000000,0.000000000,0.000000000,0.000000000,9.800000000,1.000000000,0.000000000,0.000000000,0.000000000
15.062497590,0.000000000,0.000000000,0.000000000,0.000000000,0.000000000,9.800000000,1.000000000,0.000000000,0.000000000,0.000000000
15.066664256,0.000000000,0.000000000,0.000000000,0.000000000,0.000000000,9.800000000,1.000000000,0.000000000,0.000000000,0.000000000
15.070830922,0.000000000,0.000000000,0.000000000,0.000000000,0.000000000,9.800000000,1.000000000,0.000000000,0.000000000,0.000000000
15.079164254,0.000000000,0.000000000,0.000000000,0.000000000,0.000000000,9.800000000,1.000000000,0.000000000,0.000000000,0.000000000
15.083330920,0.000000000,0.000000000,0.000000000,0.000000000,0.000000000,9.800000000,1.000000000,0.000000000,0.000000000,0.000000000
15.087497586,0.000000000,0.000000000,0.000000000,0.000000000,0.000000000,9.800000000,1.000000000,0.000000000,0.000000000,0.000000000
15.091664252,0.000000000,0.000000000,0.000000000,0.000000000,0.000000000,9.800000000,1.000000000,0.000000000,0.000000000,0.000000000
15.095830918,0.000000000,0.000000000,0.000000000,0.000000000,0.000000000,9.800000000,1.000000000,0.000000000,0.000000000,0.000000000
15.104164250,0.000000000,0.000000000,0.000000000,0.000000000,0.000000000,9.800000000,1.000000000,0.000000000,0.000000000,0.000000000
15.108330916,0.000000000,0.000000000,0.000000000,0.000000000,0.000000000,9.800000000,1.000000000,0.000000000,0.000000000,0.000000000
15.112497582,0.000000000,0.000000000,0.000000000,0.000000000,0.000000000,9.800000000,1.000000000,0.000000000,0.000000000,0.000000000
15.116664248,0.000000000,0.000000000,0.000000000,0.000000000,0.000000000,9.800000000,1.000000000,0.000000000,0.000000000,0.000000000
15.120830914,0.000000000,0.000000000,0.000000000,0.000000000,0.000000000,9.800000000,1.000000000,0.000000000,0.000000000,0.000000000
15.129164246,0.000000000,0.000000000,0.000000000,0.000000000,0.000000000,9.800000000,1.000000000,0.000000000,0.000000000,0.000000000
15.133330912,0.000000000,0.000000000,0.000000000,0.000000000,0.000000000,9.800000000,1.000000000,0.000000000,0.000000000,0.000000000
15.137497578,0.000000000,0.000000000,0.000000000,0.000000000,0.000000000,9.800000000,1.000000000,0.000000000,0.000000000,0.000000000
15.141664244,0.000000000,0.000000000,0.000000000,0.000000000,0.000000000,9.800000000,1.000000000,0.000000000,0.000000000,0.000000000
15.145830910,0.000000000,0.000000000,0.000000000,0.000000000,0.000000000,9.800000000,1.000000000,0.000000000,0.000000000,0.000000000
15.154164242,0.000000000,0.000000000,0.000000000,0.000000000,0.000000000,9.800000000,1.000000000,0.000000000,0.000000000,0.000000000
15.158330908,0.000000000,0.000000000,0.000000000,0.000000000,0.000000000,9.800000000,1.000000000,0.000000000,0.000000000,0.000000000
15.162497574,0.000000000,0.000000000,0.000000000,0.000000000,0.000000000,9.800000000,1.000000000,0.000000000,0.000000000,0.000000000
15.166664240,0.000000000,0.000000000,0.000000000,0.000000000,0.000000000,9.800000000,1.000000000,0.000000000,0.000000000,0.000000000
15.170830906,0.000000000,0.000000000,0.000000000,0.000000000,0.000000000,9.800000000,1.000000000,0.000000000,0.000000000,0.000000000
15.179164238,0.000000000,0.000000000,0.000000000,0.000000000,0.000000000,9.800000000,1.000000000,0.000000000,0.000000000,0.000000000
15.183330904,0.000000000,0.000000000,0.000000000,0.000000000,0.000000000,9.800000000,1.000000000,0.000000000,0.000000000,0.000000000
15.187497570,0.000000000,0.000000000,0.000000000,0.000000000,0.000000000,9.800000000,1.000000000,0.000000000,0.000000000,0.000000000
15.191664236,0.000000000,0.000000000,0.000000000,0.000000000,0.000000000,9.800000000,1.000000000,0.000000000,0.000000000,0.000000000
15.195830902,0.000000000,0.000000000,0.000000000,0.000000000,0.000000000,9.800000000,1.000000000,0.000000000,0.000000000,0.000000000
15.204164234,0.000000000,0.000000000,0.000000000,0.000000000,0.000000000,9.800000000,1.000000000,0.000000000,0.000000000,0.000000000
15.208330900,0.000000000,0.000000000,0.000000000,0.000000000,0.000000000,9.800000000,1.000000000,0.000000000,0.000000000,0.000000000
15.212497566,0.000000000,0.000000000,0.000000000,0.000000000,0.000000000,9.800000000,1.000000000,0.000000000,0.000000000,0.000000000
15.216664232,0.000000000,0.000000000,0.000000000,0.000000000,0.000000000,9.800000000,1.000000000,0.000000000,0.000000000,0.000000000
15.220830898,0.000000000,0.000000000,0.000000000,0.000000000,0.000000000,9.800000000,1.000000000,0.000000000,0.000000000,0.000000000
15.229164230,0.000000000,0.000000000,0.000000000,0.000000000,0.000000000,9.800000000,1.000000000,0.000000000,0.000000000,0.000000000
15.233330896,0.000000000,0.000000000,0.000000000,0.000000000,0.000000000,9.800000000,1.000000000,0.000000000,0.000000000,0.000000000
15.237497562,0.000000000,0.000000000,0.000000000,0.000000000,0.000000000,9.800000000,1.000000000,0.000000000,0.000000000,0.000000000
15.241664228,0.000000000,0.000000000,0.000000000,0.000000000,0.000000000,9.800000000,1.000000000,0.000000000,0.000000000,0.000000000
15.245830894,0.000000000,0.000000000,0.000000000,0.000000000,0.000000000,9.800000000,1.000000000,0.000000000,0.000000000,0.000000000
15.254164226,0.000000000,0.000000000,0.000000000,0.000000000,0.000000000,9.800000000,1.000000000,0.000000000,0.000000000,0.000000000
15.258330892,0.000000000,0.000000000,0.000000000,0.000000000,0.000000000,9.800000000,1.000000000,0.000000000,0.000000000,0.000000000
15.262497558,0.000000000,0.000000000,0.000000000,0.000000000,0.000000000,9.800000000,1.000000000,0.000000000,0.000000000,0.000000000
15.266664224,0.000000000,0.000000000,0.000000000,0.000000000,0.000000000,9.800000000,1.000000000,0.000000000,0.000000000,0.000000000
15.270830890,0.000000000,0.000000000,0.000000000,0.000000000,0.000000000,9.800000000,1.000000000,0.000000000,0.000000000,0.000000000
15.279164222,0.000000000,0.000000000,0.000000000,0.000000000,0.000000000,9.800000000,1.000000000,0.000000000,0.000000000,0.000000000
15.283330888,0.000000000,0.000000000,0.000000000,0.000000000,0.000000000,9.800000000,1.000000000,0.000000000,0.000000000,0.000000000
15.287497554,0.000000000,0.000000000,0.000000000,0.000000000,0.000000000,9.800000000,1.000000000,0.000000000,0.000000000,0.000000000
15.291664220,0.000000000,0.000000000,0.000000000,0.000000000,0.000000000,9.800000000,1.000000000,0.000000000,0.000000000,0.000000000
15.295830886,0.000000000,0.000000000,0.000000000,0.000000000,0.000000000,9.800000000,1.000000000,0.000000000,0.000000000,0.000000000
15.304164218,0.000000000,0.000000000,0.000000000,0.000000000,0.000000000,9.800000000,1.000000000,0.000000000,0.000000000,0.000000000
15.308330884,0.000000000,0.000000000,0.000000000,0.000000000,0.000000000,9.800000000,1.000000000,0.000000000,0.000000000,0.000000000
15.312497550,0.000000000,0.000000000,0.000000000,0.000000000,0.000000000,9.800000000,1.000000000,0.000000000,0.000000000,0.000000000
15.316664216,0.000000000,0.000000000,0.000000000,0.000000000,0.000000000,9.800000000,1.000000000,0.000000000,0.000000000,0.000000000
15.320830882,0.000000000,0.000000000,0.000000000,0.000000000,0.000000000,9.800000000,1.000000000,0.000000000,0.000000000,0.000000000
15.329164214,0.000000000,0.000000000,0.000000000,0.000000000,0.000000000,9.800000000,1.000000000,0.000000000,0.000000000,0.000000000
15.333330880,0.000000000,0.000000000,0.000000000,0.000000000,0.000000000,9.800000000,1.000000000,0.000000000,0.000000000,0.000000000
15.337497546,0.000000000,0.000000000,0.000000000,0.000000000,0.000000000,9.800000000,1.000000000,0.000000000,0.000000000,0.000000000
15.341664212,0.000000000,0.000000000,0.000000000,0.000000000,0.000000000,9.800000000,1.000000000,0.000000000,0.000000000,0.000000000
15.345830878,0.000000000,0.000000000,0.000000000,0.000000000,0.000000000,9.800000000,1.000000000,0.000000000,0.000000000,0.000000000
15.354164210,0.000000000,0.000000000,0.000000000,0.000000000,0.000000000,9.800000000,1.000000000,0.000000000,0.000000000,0.000000000
15.358330876,0.000000000,0.000000000,0.000000000,0.000000000,0.000000000,9.800000000,1.000000000,0.000000000,0.000000000,0.000000000
15.362497542,0.000000000,0.000000000,0.000000000,0.000000000,0.000000000,9.800000000,1.000000000,0.000000000,0.000000000,0.000000000
15.366664208,0.000000000,0.000000000,0.000000000,0.000000000,0.000000000,9.800000000,1.000000000,0.000000000,0.000000000,0.000000000
15.370830874,0.000000000,0.000000000,0.000000000,0.000000000,0.000000000,9.800000000,1.000000000,0.000000000,0.000000000,0.000000000
15.379164206,0.000000000,0.000000000,0.000000000,0.000000000,0.000000000,9.800000000,1.000000000,0.000000000,0.000000000,0.000000000
15.383330872,0.000000000,0.000000000,0.000000000,0.000000000,0.000000000,9.800000000,1.000000000,0.000000000,0.000000000,0.000000000
15.387497538,0.000000000,0.000000000,0.000000000,0.000000000,0.000000000,9.800000000,1.000000000,0.000000000,0.000000000,0.000000000
15.391664204,0.000000000,0.000000000,0.000000000,0.000000000,0.000000000,9.800000000,1.000000000,0.000000000,0.000000000,0.000000000
15.395830870,0.000000000,0.000000000,0.000000000,0.000000000,0.000000000,9.800000000,1.000000000,0.000000000,0.000000000,0.000000000
15.404164202,0.000000000,0.000000000,0.000000000,0.000000000,0.000000000,9.800000000,1.000000000,0.000000000,0.000000000,0.000000000
15.408330868,0.000000000,0.000000000,0.000000000,0.000000000,0.000000000,9.800000000,1.000000000,0.000000000,0.000000000,0.000000000
15.412497534,0.000000000,0.000000000,0.000000000,0.000000000,0.000000000,9.800000000,1.000000000,0.000000000,0.000000000,0.000000000
15.416664200,0.000000000,0.000000000,0.000000000,0.000000000,0.000000000,9.800000000,1.000000000,0.000000000,0.000000000,0.000000000
15.420830866,0.000000000,0.000000000,0.000000000,0.000000000,0.000000000,9.800000000,1.000000000,0.000000000,0.000000000,0.000000000
15.429164198,0.000000000,0.000000000,0.000000000,0.000000000,0.000000000,9.800000000,1.000000000,0.000000000,0.000000000,0.000000000
15.433330864,0.000000000,0.000000000,0.000000000,0.000000000,0.000000000,9.800000000,1.000000000,0.000000000,0.000000000,0.000000000
15.437497530,0.000000000,0.000000000,0.000000000,0.000000000,0.000000000,9.800000000,1.000000000,0.000000000,0.000000000,0.000000000
15.441664196,0.000000000,0.000000000,0.000000000,0.000000000,0.000000000,9.800000000,1.000000000,0.000000000,0.000000000,0.000000000
15.445830862,0.000000000,0.000000000,0.000000000,0.000000000,0.000000000,9.800000000,1.000000000,0.000000000,0.000000000,0.000000000
15.454164194,0.000000000,0.000000000,0.000000000,0.000000000,0.000000000,9.800000000,1.000000000,0.000000000,0.000000000,0.000000000
15.458330860,0.000000000,0.000000000,0.000000000,0.000000000,0.000000000,9.800000000,1.000000000,0.000000000,0.000000000,0.000000000
15.462497526,0.000000000,0.000000000,0.000000000,0.000000000,0.000000000,9.800000000,1.000000000,0.000000000,0.000000000,0.000000000
15.466664192,0.000000000,0.000000000,0.000000000,0.000000000,0.000000000,9.800000000,1.000000000,0.000000000,0.000000000,0.000000000
15.470830858,0.000000000,0.000000000,0.000000000,0.000000000,0.000000000,9.800000000,1.000000000,0.000000000,0.000000000,0.000000000
15.479164190,0.000000000,0.000000000,0.000000000,0.000000000,0.000000000,9.800000000,1.000000000,0.000000000,0.000000000,0.000000000
15.483330856,0.000000000,0.000000000,0.000000000,0.000000000,0.000000000,9.800000000,1.000000000,0.000000000,0.000000000,0.000000000
15.487497522,0.000000000,0.000000000,0.000000000,0.000000000,0.000000000,9.800000000,1.000000000,0.000000000,0.000000000,0.000000000
15.491664188,0.000000000,0.000000000,0.000000000,0.000000000,0.000000000,9.800000000,1.000000000,0.000000000,0.000000000,0.000000000
15.495830854,0.000000000,0.000000000,0.000000000,0.000000000,0.000000000,9.800000000,1.000000000,0.000000000,0.000000000,0.000000000
15.504164186,0.000000000,0.000000000,0.000000000,0.000000000,0.000000000,9.800000000,1.000000000,0.000000000,0.000000000,0.000000000
15.508330852,0.000000000,0.000000000,0.000000000,0.000000000,0.000000000,9.800000000,1.000000000,0.000000000,0.000000000,0.000000000
15.512497518,0.000000000,0.000000000,0.000000000,0.000000000,0.000000000,9.800000000,1.000000000,0.000000000,0.000000000,0.000000000
15.516664184,0.000000000,0.000000000,0.000000000,0.000000000,0.000000000,9.800000000,1.000000000,0.000000000,0.000000000,0.000000000
15.520830850,0.000000000,0.000000000,0.000000000,0.000000000,0.000000000,9.800000000,1.000000000,0.000000000,0.000000000,0.000000000
15.529164182,0.000000000,0.000000000,0.000000000,0.000000000,0.000000000,9.800000000,1.000000000,0.000000000,0.000000000,0.000000000
15.533330848,0.000000000,0.000000000,0.000000000,0.000000000,0.000000000,9.800000000,1.000000000,0.000000000,0.000000000,0.000000000
15.537497514,0.000000000,0.000000000,0.000000000,0.000000000,0.000000000,9.800000000,1.000000000,0.000000000,0.000000000,0.000000000
15.541664180,0.000000000,0.000000000,0.000000000,0.000000000,0.000000000,9.800000000,1.000000000,0.000000000,0.000000000,0.000000000
15.545830846,0.000000000,0.000000000,0.000000000,0.000000000,0.000000000,9.800000000,1.000000000,0.000000000,0.000000000,0.000000000
15.554164178,0.000000000,0.000000000,0.000000000,0.000000000,0.000000000,9.800000000,1.000000000,0.000000000,0.000000000,0.000000000
15.558330844,0.000000000,0.000000000,0.000000000,0.000000000,0.000000000,9.800000000,1.000000000,0.000000000,0.000000000,0.000000000
15.562497510,0.000000000,0.000000000,0.000000000,0.000000000,0.000000000,9.800000000,1.000000000,0.000000000,0.000000000,0.000000000
15.566664176,0.000000000,0.000000000,0.000000000,0.000000000,0.000000000,9.800000000,1.000000000,0.000000000,0.000000000,0.000000000
15.570830842,0.000000000,0.000000000,0.000000000,0.000000000,0.000000000,9.800000000,1.000000000,0.000000000,0.000000000,0.000000000
15.579164174,0.000000000,0.000000000,0.000000000,0.000000000,0.000000000,9.800000000,1.000000000,0.000000000,0.000000000,0.000000000
15.583330840,0.000000000,0.000000000,0.000000000,0.000000000,0.000000000,9.800000000,1.000000000,0.000000000,0.000000000,0.000000000
15.587497506,0.000000000,0.000000000,0.000000000,0.000000000,0.000000000,9.800000000,1.000000000,0.000000000,0.000000000,0.000000000
15.591664172,0.000000000,0.000000000,0.000000000,0.000000000,0.000000000,9.800000000,1.000000000,0.000000000,0.000000000,0.000000000
15.595830838,0.000000000,0.000000000,0.000000000,0.000000000,0.000000000,9.800000000,1.000000000,0.000000000,0.000000000,0.000000000
15.604164170,0.000000000,0.000000000,0.000000000,0.000000000,0.000000000,9.800000000,1.000000000,0.000000000,0.000000000,0.000000000
15.608330836,0.000000000,0.000000000,0.000000000,0.000000000,0.000000000,9.800000000,1.000000000,0.000000000,0.000000000,0.000000000
15.612497502,0.000000000,0.000000000,0.000000000,0.000000000,0.000000000,9.800000000,1.000000000,0.000000000,0.000000000,0.000000000
15.616664168,0.000000000,0.000000000,0.000000000,0.000000000,0.000000000,9.800000000,1.000000000,0.000000000,0.000000000,0.000000000
15.620830834,0.000000000,0.000000000,0.000000000,0.000000000,0.000000000,9.800000000,1.000000000,0.000000000,0.000000000,0.000000000
15.629164166,0.000000000,0.000000000,0.000000000,0.000000000,0.000000000,9.800000000,1.000000000,0.000000000,0.000000000,0.000000000
15.633330832,0.000000000,0.000000000,0.000000000,0.000000000,0.000000000,9.800000000,1.000000000,0.000000000,0.000000000,0.000000000
15.637497498,0.000000000,0.000000000,0.000000000,0.000000000,0.000000000,9.800000000,1.000000000,0.000000000,0.000000000,0.000000000
15.641664164,0.000000000,0.000000000,0.000000000,0.000000000,0.000000000,9.800000000,1.000000000,0.000000000,0.000000000,0.000000000
15.645830830,0.000000000,0.000000000,0.000000000,0.000000000,0.000000000,9.800000000,1.000000000,0.000000000,0.000000000,0.000000000
15.654164162,0.000000000,0.000000000,0.000000000,0.000000000,0.000000000,9.800000000,1.000000000,0.000000000,0.000000000,0.000000000
15.658330828,0.000000000,0.000000000,0.000000000,0.000000000,0.000000000,9.800000000,1.000000000,0.000000000,0.000000000,0.000000000
15.662497494,0.000000000,0.000000000,0.000000000,0.000000000,0.000000000,9.800000000,1.000000000,0.000000000,0.000000000,0.000000000
15.666664160,0.000000000,0.000000000,0.000000000,0.000000000,0.000000000,9.800000000,1.000000000,0.000000000,0.000000000,0.000000000
15.670830826,0.000000000,0.000000000,0.000000000,0.000000000,0.000000000,9.800000000,1.000000000,0.000000000,0.000000000,0.000000000
15.679164158,0.000000000,0.000000000,0.000000000,0.000000000,0.000000000,9.800000000,1.000000000,0.000000000,0.000000000,0.000000000
15.683330824,0.000000000,0.000000000,0.000000000,0.000000000,0.000000000,9.800000000,1.000000000,0.000000000,0.000000000,0.000000000
15.687497490,0.000000000,0.000000000,0.000000000,0.000000000,0.000000000,9.800000000,1.000000000,0.000000000,0.000000000,0.000000000
15.691664156,0.000000000,0.000000000,0.000000000,0.000000000,0.000000000,9.800000000,1.000000000,0.000000000,0.000000000,0.000000000
15.695830822,0.000000000,0.000000000,0.000000000,0.000000000,0.000000000,9.800000000,1.000000000,0.000000000,0.000000000,0.000000000
15.704164154,0.000000000,0.000000000,0.000000000,0.000000000,0.000000000,9.800000000,1.000000000,0.000000000,0.000000000,0.000000000
15.708330820,0.000000000,0.000000000,0.000000000,0.000000000,0.000000000,9.800000000,1.000000000,0.000000000,0.000000000,0.000000000
15.712497486,0.000000000,0.000000000,0.000000000,0.000000000,0.000000000,9.800000000,1.000000000,0.000000000,0.000000000,0.000000000
15.716664152,0.000000000,0.000000000,0.000000000,0.000000000,0.000000000,9.800000000,1.000000000,0.000000000,0.000000000,0.000000000
15.720830818,0.000000000,0.000000000,0.000000000,0.000000000,0.000000000,9.800000000,1.000000000,0.000000000,0.000000000,0.000000000
15.729164150,0.000000000,0.000000000,0.000000000,0.000000000,0.000000000,9.800000000,1.000000000,0.000000000,0.000000000,0.000000000
15.733330816,0.000000000,0.000000000,0.000000000,0.000000000,0.000000000,9.800000000,1.000000000,0.000000000,0.000000000,0.000000000
15.737497482,0.000000000,0.000000000,0.000000000,0.000000000,0.000000000,9.800000000,1.000000000,0.000000000,0.000000000,0.000000000
15.741664148,0.000000000,0.000000000,0.000000000,0.000000000,0.000000000,9.800000000,1.000000000,0.000000000,0.000000000,0.000000000
15.745830814,0.000000000,0.000000000,0.000000000,0.000000000,0.000000000,9.800000000,1.000000000,0.000000000,0.000000000,0.000000000
15.754164146,0.000000000,0.000000000,0.000000000,0.000000000,0.000000000,9.800000000,1.000000000,0.000000000,0.000000000,0.000000000
15.758330812,0.000000000,0.000000000,0.000000000,0.000000000,0.000000000,9.800000000,1.000000000,0.000000000,0.000000000,0.000000000
15.762497478,0.000000000,0.000000000,0.000000000,0.000000000,0.000000000,9.800000000,1.000000000,0.000000000,0.000000000,0.000000000
15.766664144,0.000000000,0.000000000,0.000000000,0.000000000,0.000000000,9.800000000,1.000000000,0.000000000,0.000000000,0.000000000
15.770830810,0.000000000,0.000000000,0.000000000,0.000000000,0.000000000,9.800000000,1.000000000,0.000000000,0.000000000,0.000000000
15.779164142,0.000000000,0.000000000,0.000000000,0.000000000,0.000000000,9.800000000,1.000000000,0.000000000,0.000000000,0.000000000
15.783330808,0.000000000,0.000000000,0.000000000,0.000000000,0.000000000,9.800000000,1.000000000,0.000000000,0.000000000,0.000000000
15.787497474,0.000000000,0.000000000,0.000000000,0.000000000,0.000000000,9.800000000,1.000000000,0.000000000,0.000000000,0.000000000
15.791664140,0.000000000,0.000000000,0.000000000,0.000000000,0.000000000,9.800000000,1.000000000,0.000000000,0.000000000,0.000000000
15.795830806,0.000000000,0.000000000,0.000000000,0.000000000,0.000000000,9.800000000,1.000000000,0.000000000,0.000000000,0.000000000
15.804164138,0.000000000,0.000000000,0.000000000,0.000000000,0.000000000,9.800000000,1.000000000,0.000000000,0.000000000,0.000000000
15.808330804,0.000000000,0.000000000,0.000000000,0.000000000,0.000000000,9.800000000,1.000000000,0.000000000,0.000000000,0.000000000
15.812497470,0.000000000,0.000000000,0.000000000,0.000000000,0.000000000,9.800000000,1.000000000,0.000000000,0.000000000,0.000000000
15.816664136,0.000000000,0.000000000,0.000000000,0.000000000,0.000000000,9.800000000,1.000000000,0.000000000,0.000000000,0.000000000
15.820830802,0.000000000,0.000000000,0.000000000,0.000000000,0.000000000,9.800000000,1.000000000,0.000000000,0.000000000,0.000000000
15.829164134,0.000000000,0.000000000,0.000000000,0.000000000,0.000000000,9.800000000,1.000000000,0.000000000,0.000000000,0.000000000
15.833330800,0.000000000,0.000000000,0.000000000,0.000000000,0.000000000,9.800000000,1.000000000,0.000000000,0.000000000,0.000000000
15.837497466,0.000000000,0.000000000,0.000000000,0.000000000,0.000000000,9.800000000,1.000000000,0.000000000,0.000000000,0.000000000
15.841664132,0.000000000,0.000000000,0.000000000,0.000000000,0.000000000,9.800000000,1.000000000,0.000000000,0.000000000,0.000000000
15.845830798,0.000000000,0.000000000,0.000000000,0.000000000,0.000000000,9.800000000,1.000000000,0.000000000,0.000000000,0.000000000
15.854164130,0.000000000,0.000000000,0.000000000,0.000000000,0.000000000,9.800000000,1.000000000,0.000000000,0.000000000,0.000000000
15.858330796,0.000000000,0.000000000,0.000000000,0.000000000,0.000000000,9.800000000,1.000000000,0.000000000,0.000000000,0.000000000
15.862497462,0.000000000,0.000000000,0.000000000,0.000000000,0.000000000,9.800000000,1.000000000,0.000000000,0.000000000,0.000000000
15.866664128,0.000000000,0.000000000,0.000000000,0.000000000,0.000000000,9.800000000,1.000000000,0.000000000,0.000000000,0.000000000
15.870830794,0.000000000,0.000000000,0.000000000,0.000000000,0.000000000,9.800000000,1.000000000,0.000000000,0.000000000,0.000000000
15.879164126,0.000000000,0.000000000,0.000000000,0.000000000,0.000000000,9.800000000,1.000000000,0.000000000,0.000000000,0.000000000
15.883330792,0.000000000,0.000000000,0.000000000,0.000000000,0.000000000,9.800000000,1.000000000,0.000000000,0.000000000,0.000000000
15.887497458,0.000000000,0.000000000,0.000000000,0.000000000,0.000000000,9.800000000,1.000000000,0.000000000,0.000000000,0.000000000
15.891664124,0.000000000,0.000000000,0.000000000,0.000000000,0.000000000,9.800000000,1.000000000,0.000000000,0.000000000,0.000000000
15.895830790,0.000000000,0.000000000,0.000000000,0.000000000,0.000000000,9.800000000,1.000000000,0.000000000,0.000000000,0.000000000
15.904164122,0.000000000,0.000000000,0.000000000,0.000000000,0.000000000,9.800000000,1.000000000,0.000000000,0.000000000,0.000000000
15.908330788,0.000000000,0.000000000,0.000000000,0.000000000,0.000000000,9.800000000,1.000000000,0.000000000,0.000000000,0.000000000
15.912497454,0.000000000,0.000000000,0.000000000,0.000000000,0.000000000,9.800000000,1.000000000,0.000000000,0.000000000,0.000000000
15.916664120,0.000000000,0.000000000,0.000000000,0.000000000,0.000000000,9.800000000,1.000000000,0.000000000,0.000000000,0.000000000
15.920830786,0.000000000,0.000000000,0.000000000,0.000000000,0.000000000,9.800000000,1.000000000,0.000000000,0.000000000,0.000000000
15.929164118,0.000000000,0.000000000,0.000000000,0.000000000,0.000000000,9.800000000,1.000000000,0.000000000,0.000000000,0.000000000
15.933330784,0.000000000,0.000000000,0.000000000,0.000000000,0.000000000,9.800000000,1.000000000,0.000000000,0.000000000,0.000000000
15.937497450,0.000000000,0.000000000,0.000000000,0.000000000,0.000000000,9.800000000,1.000000000,0.000000000,0.000000000,0.000000000
15.941664116,0.000000000,0.000000000,0.000000000,0.000000000,0.000000000,9.800000000,1.000000000,0.000000000,0.000000000,0.000000000
15.945830782,0.000000000,0.000000000,0.000000000,0.000000000,0.000000000,9.800000000,1.000000000,0.000000000,0.000000000,0.000000000
15.954164114,0.000000000,0.000000000,0.000000000,0.000000000,0.000000000,9.800000000,1.000000000,0.000000000,0.000000000,0.000000000
15.958330780,0.000000000,0.000000000,0.000000000,0.000000000,0.000000000,9.800000000,1.000000000,0.000000000,0.000000000,0.000000000
15.962497446,0.000000000,0.000000000,0.000000000,0.000000000,0.000000000,9.800000000,1.000000000,0.000000000,0.000000000,0.000000000
15.966664112,0.000000000,0.000000000,0.000000000,0.000000000,0.000000000,9.800000000,1.000000000,0.000000000,0.000000000,0.000000000
15.970830778,0.000000000,0.000000000,0.000000000,0.000000000,0.000000000,9.800000000,1.000000000,0.000000000,0.000000000,0.000000000
15.979164110,0.000000000,0.000000000,0.000000000,0.000000000,0.000000000,9.800000000,1.000000000,0.000000000,0.000000000,0.000000000
15.983330776,0.000000000,0.000000000,0.000000000,0.000000000,0.000000000,9.800000000,1.000000000,0.000000000,0.000000000,0.000000000
15.987497442,0.000000000,0.000000000,0.000000000,0.000000000,0.000000000,9.800000000,1.000000000,0.000000000,0.000000000,0.000000000
15.991664108,0.000000000,0.000000000,0.000000000,0.000000000,0.000000000,9.800000000,1.000000000,0.000000000,0.000000000,0.000000000
15.995830774,0.000000000,0.000000000,0.000000000,0.000000000,0.000000000,9.800000000,1.000000000,0.000000000,0.000000000,0.000000000
16.004164106,0.000000000,0.000000000,0.000000000,0.000000000,0.000000000,9.800000000,1.000000000,0.000000000,0.000000000,0.000000000
16.008330772,0.000000000,0.000000000,0.000000000,0.000000000,0.000000000,9.800000000,1.000000000,0.000000000,0.000000000,0.000000000
16.012497438,0.000000000,0.000000000,0.000000000,0.000000000,0.000000000,9.800000000,1.000000000,0.000000000,0.000000000,0.000000000
16.016664104,0.000000000,0.000000000,0.000000000,0.000000000,0.000000000,9.800000000,1.000000000,0.000000000,0.000000000,0.000000000
16.020830770,0.000000000,0.000000000,0.000000000,0.000000000,0.000000000,9.800000000,1.000000000,0.000000000,0.000000000,0.000000000
16.029164102,0.000000000,0.000000000,0.000000000,0.000000000,0.000000000,9.800000000,1.000000000,0.000000000,0.000000000,0.000000000
16.033330768,0.000000000,0.000000000,0.000000000,0.000000000,0.000000000,9.800000000,1.000000000,0.000000000,0.000000000,0.000000000
16.037497434,0.000000000,0.000000000,0.000000000,0.000000000,0.000000000,9.800000000,1.000000000,0.000000000,0.000000000,0.000000000
16.041664100,0.000000000,0.000000000,0.000000000,0.000000000,0.000000000,9.800000000,1.000000000,0.000000000,0.000000000,0.000000000
16.045830766,0.000000000,0.000000000,0.000000000,0.000000000,0.000000000,9.800000000,1.000000000,0.000000000,0.000000000,0.000000000
16.054164098,0.000000000,0.000000000,0.000000000,0.000000000,0.000000000,9.800000000,1.000000000,0.000000000,0.000000000,0.000000000
16.058330764,0.000000000,0.000000000,0.000000000,0.000000000,0.000000000,9.800000000,1.000000000,0.000000000,0.000000000,0.000000000
16.062497430,0.000000000,0.000000000,0.000000000,0.000000000,0.000000000,9.800000000,1.000000000,0.000000000,0.000000000,0.000000000
16.066664096,0.000000000,0.000000000,0.000000000,0.000000000,0.000000000,9.800000000,1.000000000,0.000000000,0.000000000,0.000000000
16.070830762,0.000000000,0.000000000,0.000000000,0.000000000,0.000000000,9.800000000,1.000000000,0.000000000,0.000000000,0.000000000
16.079164094,0.000000000,0.000000000,0.000000000,0.000000000,0.000000000,9.800000000,1.000000000,0.000000000,0.000000000,0.000000000
16.083330760,0.000000000,0.000000000,0.000000000,0.000000000,0.000000000,9.800000000,1.000000000,0.000000000,0.000000000,0.000000000
16.087497426,0.000000000,0.000000000,0.000000000,0.000000000,0.000000000,9.800000000,1.000000000,0.000000000,0.000000000,0.000000000
16.091664092,0.000000000,0.000000000,0.000000000,0.000000000,0.000000000,9.800000000,1.000000000,0.000000000,0.000000000,0.000000000
16.095830758,0.000000000,0.000000000,0.000000000,0.000000000,0.000000000,9.800000000,1.000000000,0.000000000,0.000000000,0.000000000
16.104164090,0.000000000,0.000000000,0.000000000,0.000000000,0.000000000,9.800000000,1.000000000,0.000000000,0.000000000,0.000000000
16.108330756,0.000000000,0.000000000,0.000000000,0.000000000,0.000000000,9.800000000,1.000000000,0.000000000,0.000000000,0.000000000
16.112497422,0.000000000,0.000000000,0.000000000,0.000000000,0.000000000,9.800000000,1.000000000,0.000000000,0.000000000,0.000000000
16.116664088,0.000000000,0.000000000,0.000000000,0.000000000,0.000000000,9.800000000,1.000000000,0.000000000,0.000000000,0.000000000
16.120830754,0.000000000,0.000000000,0.000000000,0.000000000,0.000000000,9.800000000,1.000000000,0.000000000,0.000000000,0.000000000
16.129164086,0.000000000,0.000000000,0.000000000,0.000000000,0.000000000,9.800000000,1.000000000,0.000000000,0.000000000,0.000000000
16.133330752,0.000000000,0.000000000,0.000000000,0.000000000,0.000000000,9.800000000,1.000000000,0.000000000,0.000000000,0.000000000
16.137497418,0.000000000,0.000000000,0.000000000,0.000000000,0.000000000,9.800000000,1.000000000,0.000000000,0.000000000,0.000000000
16.141664084,0.000000000,0.000000000,0.000000000,0.000000000,0.000000000,9.800000000,1.000000000,0.000000000,0.000000000,0.000000000
16.145830750,0.000000000,0.000000000,0.000000000,0.000000000,0.000000000,9.800000000,1.000000000,0.000000000,0.000000000,0.000000000
16.154164082,0.000000000,0.000000000,0.000000000,0.000000000,0.000000000,9.800000000,1.000000000,0.000000000,0.000000000,0.000000000
16.158330748,0.000000000,0.000000000,0.000000000,0.000000000,0.000000000,9.800000000,1.000000000,0.000000000,0.000000000,0.000000000
16.162497414,0.000000000,0.000000000,0.000000000,0.000000000,0.000000000,9.800000000,1.000000000,0.000000000,0.000000000,0.000000000
16.166664080,0.000000000,0.000000000,0.000000000,0.000000000,0.000000000,9.800000000,1.000000000,0.000000000,0.000000000,0.000000000
16.170830746,0.000000000,0.000000000,0.000000000,0.000000000,0.000000000,9.800000000,1.000000000,0.000000000,0.000000000,0.000000000
16.179164078,0.000000000,0.000000000,0.000000000,0.000000000,0.000000000,9.800000000,1.000000000,0.000000000,0.000000000,0.000000000
16.183330744,0.000000000,0.000000000,0.000000000,0.000000000,0.000000000,9.800000000,1.000000000,0.000000000,0.000000000,0.000000000
16.187497410,0.000000000,0.000000000,0.000000000,0.000000000,0.000000000,9.800000000,1.000000000,0.000000000,0.000000000,0.000000000
16.191664076,0.000000000,0.000000000,0.000000000,0.000000000,0.000000000,9.800000000,1.000000000,0.000000000,0.000000000,0.000000000
16.195830742,0.000000000,0.000000000,0.000000000,0.000000000,0.000000000,9.800000000,1.000000000,0.000000000,0.000000000,0.000000000
16.204164074,0.000000000,0.000000000,0.000000000,0.000000000,0.000000000,9.800000000,1.000000000,0.000000000,0.000000000,0.000000000
16.208330740,0.000000000,0.000000000,0.000000000,0.000000000,0.000000000,9.800000000,1.000000000,0.000000000,0.000000000,0.000000000
16.212497406,0.000000000,0.000000000,0.000000000,0.000000000,0.000000000,9.800000000,1.000000000,0.000000000,0.000000000,0.000000000
16.216664072,0.000000000,0.000000000,0.000000000,0.000000000,0.000000000,9.800000000,1.000000000,0.000000000,0.000000000,0.000000000
16.220830738,0.000000000,0.000000000,0.000000000,0.000000000,0.000000000,9.800000000,1.000000000,0.000000000,0.000000000,0.000000000
16.229164070,0.000000000,0.000000000,0.000000000,0.000000000,0.000000000,9.800000000,1.000000000,0.000000000,0.000000000,0.000000000
16.233330736,0.000000000,0.000000000,0.000000000,0.000000000,0.000000000,9.800000000,1.000000000,0.000000000,0.000000000,0.000000000
16.237497402,0.000000000,0.000000000,0.000000000,0.000000000,0.000000000,9.800000000,1.000000000,0.000000000,0.000000000,0.000000000
16.241664068,0.000000000,0.000000000,0.000000000,0.000000000,0.000000000,9.800000000,1.000000000,0.000000000,0.000000000,0.000000000
16.245830734,0.000000000,0.000000000,0.000000000,0.000000000,0.000000000,9.800000000,1.000000000,0.000000000,0.000000000,0.000000000
16.254164066,0.000000000,0.000000000,0.000000000,0.000000000,0.000000000,9.800000000,1.000000000,0.000000000,0.000000000,0.000000000
16.258330732,0.000000000,0.000000000,0.000000000,0.000000000,0.000000000,9.800000000,1.000000000,0.000000000,0.000000000,0.000000000
16.262497398,0.000000000,0.000000000,0.000000000,0.000000000,0.000000000,9.800000000,1.000000000,0.000000000,0.000000000,0.000000000
16.266664064,0.000000000,0.000000000,0.000000000,0.000000000,0.000000000,9.800000000,1.000000000,0.000000000,0.000000000,0.000000000
16.270830730,0.000000000,0.000000000,0.000000000,0.000000000,0.000000000,9.800000000,1.000000000,0.000000000,0.000000000,0.000000000
16.279164062,0.000000000,0.000000000,0.000000000,0.000000000,0.000000000,9.800000000,1.000000000,0.000000000,0.000000000,0.000000000
16.283330728,0.000000000,0.000000000,0.000000000,0.000000000,0.000000000,9.800000000,1.000000000,0.000000000,0.000000000,0.000000000
16.287497394,0.000000000,0.000000000,0.000000000,0.000000000,0.000000000,9.800000000,1.000000000,0.000000000,0.000000000,0.000000000
16.291664060,0.000000000,0.000000000,0.000000000,0.000000000,0.000000000,9.800000000,1.000000000,0.000000000,0.000000000,0.000000000
16.295830726,0.000000000,0.000000000,0.000000000,0.000000000,0.000000000,9.800000000,1.000000000,0.000000000,0.000000000,0.000000000
16.304164058,0.000000000,0.000000000,0.000000000,0.000000000,0.000000000,9.800000000,1.000000000,0.000000000,0.000000000,0.000000000
16.308330724,0.000000000,0.000000000,0.000000000,0.000000000,0.000000000,9.800000000,1.000000000,0.000000000,0.000000000,0.000000000
16.312497390,0.000000000,0.000000000,0.000000000,0.000000000,0.000000000,9.800000000,1.000000000,0.000000000,0.000000000,0.000000000
16.316664056,0.000000000,0.000000000,0.000000000,0.000000000,0.000000000,9.800000000,1.000000000,0.000000000,0.000000000,0.000000000
16.320830722,0.000000000,0.000000000,0.000000000,0.000000000,0.000000000,9.800000000,1.000000000,0.000000000,0.000000000,0.000000000
16.329164054,0.000000000,0.000000000,0.000000000,0.000000000,0.000000000,9.800000000,1.000000000,0.000000000,0.000000000,0.000000000
16.333330720,0.000000000,0.000000000,0.000000000,0.000000000,0.000000000,9.800000000,1.000000000,0.000000000,0.000000000,0.000000000
16.337497386,0.000000000,0.000000000,0.000000000,0.000000000,0.000000000,9.800000000,1.000000000,0.000000000,0.000000000,0.000000000
16.341664052,0.000000000,0.000000000,0.000000000,0.000000000,0.000000000,9.800000000,1.000000000,0.000000000,0.000000000,0.000000000
16.345830718,0.000000000,0.000000000,0.000000000,0.000000000,0.000000000,9.800000000,1.000000000,0.000000000,0.000000000,0.000000000
16.354164050,0.000000000,0.000000000,0.000000000,0.000000000,0.000000000,9.800000000,1.000000000,0.000000000,0.000000000,0.000000000
16.358330716,0.000000000,0.000000000,0.000000000,0.000000000,0.000000000,9.800000000,1.000000000,0.000000000,0.000000000,0.000000000
16.362497382,0.000000000,0.000000000,0.000000000,0.000000000,0.000000000,9.800000000,1.000000000,0.000000000,0.000000000,0.000000000
16.366664048,0.000000000,0.000000000,0.000000000,0.000000000,0.000000000,9.800000000,1.000000000,0.000000000,0.000000000,0.000000000
16.370830714,0.000000000,0.000000000,0.000000000,0.000000000,0.000000000,9.800000000,1.000000000,0.000000000,0.000000000,0.000000000
16.379164046,0.000000000,0.000000000,0.000000000,0.000000000,0.000000000,9.800000000,1.000000000,0.000000000,0.000000000,0.000000000
16.383330712,0.000000000,0.000000000,0.000000000,0.000000000,0.000000000,9.800000000,1.000000000,0.000000000,0.000000000,0.000000000
16.387497378,0.000000000,0.000000000,0.000000000,0.000000000,0.000000000,9.800000000,1.000000000,0.000000000,0.000000000,0.000000000
16.391664044,0.000000000,0.000000000,0.000000000,0.000000000,0.000000000,9.800000000,1.000000000,0.000000000,0.000000000,0.000000000
16.395830710,0.000000000,0.000000000,0.000000000,0.000000000,0.000000000,9.800000000,1.000000000,0.000000000,0.000000000,0.000000000
16.404164042,0.000000000,0.000000000,0.000000000,0.000000000,0.000000000,9.800000000,1.000000000,0.000000000,0.000000000,0.000000000
16.408330708,0.000000000,0.000000000,0.000000000,0.000000000,0.000000000,9.800000000,1.000000000,0.000000000,0.000000000,0.000000000
16.412497374,0.000000000,0.000000000,0.000000000,0.000000000,0.000000000,9.800000000,1.000000000,0.000000000,0.000000000,0.000000000
16.416664040,0.000000000,0.000000000,0.000000000,0.000000000,0.000000000,9.800000000,1.000000000,0.000000000,0.000000000,0.000000000
16.420830706,0.000000000,0.000000000,0.000000000,0.000000000,0.000000000,9.800000000,1.000000000,0.000000000,0.000000000,0.000000000
16.429164038,0.000000000,0.000000000,0.000000000,0.000000000,0.000000000,9.800000000,1.000000000,0.000000000,0.000000000,0.000000000
16.433330704,0.000000000,0.000000000,0.000000000,0.000000000,0.000000000,9.800000000,1.000000000,0.000000000,0.000000000,0.000000000
16.437497370,0.000000000,0.000000000,0.000000000,0.000000000,0.000000000,9.800000000,1.000000000,0.000000000,0.000000000,0.000000000
16.441664036,0.000000000,0.000000000,0.000000000,0.000000000,0.000000000,9.800000000,1.000000000,0.000000000,0.000000000,0.000000000
16.445830702,0.000000000,0.000000000,0.000000000,0.000000000,0.000000000,9.800000000,1.000000000,0.000000000,0.000000000,0.000000000
16.454164034,0.000000000,0.000000000,0.000000000,0.000000000,0.000000000,9.800000000,1.000000000,0.000000000,0.000000000,0.000000000
16.458330700,0.000000000,0.000000000,0.000000000,0.000000000,0.000000000,9.800000000,1.000000000,0.000000000,0.000000000,0.000000000
16.462497366,0.000000000,0.000000000,0.000000000,0.000000000,0.000000000,9.800000000,1.000000000,0.000000000,0.000000000,0.000000000
16.466664032,0.000000000,0.000000000,0.000000000,0.000000000,0.000000000,9.800000000,1.000000000,0.000000000,0.000000000,0.000000000
16.470830698,0.000000000,0.000000000,0.000000000,0.000000000,0.000000000,9.800000000,1.000000000,0.000000000,0.000000000,0.000000000
16.479164030,0.000000000,0.000000000,0.000000000,0.000000000,0.000000000,9.800000000,1.000000000,0.000000000,0.000000000,0.000000000
16.483330696,0.000000000,0.000000000,0.000000000,0.000000000,0.000000000,9.800000000,1.000000000,0.000000000,0.000000000,0.000000000
16.487497362,0.000000000,0.000000000,0.000000000,0.000000000,0.000000000,9.800000000,1.000000000,0.000000000,0.000000000,0.000000000
16.491664028,0.000000000,0.000000000,0.000000000,0.000000000,0.000000000,9.800000000,1.000000000,0.000000000,0.000000000,0.000000000
16.495830694,0.000000000,0.000000000,0.000000000,0.000000000,0.000000000,9.800000000,1.000000000,0.000000000,0.000000000,0.000000000
16.504164026,0.000000000,0.000000000,0.000000000,0.000000000,0.000000000,9.800000000,1.000000000,0.000000000,0.000000000,0.000000000
16.508330692,0.000000000,0.000000000,0.000000000,0.000000000,0.000000000,9.800000000,1.000000000,0.000000000,0.000000000,0.000000000
16.512497358,0.000000000,0.000000000,0.000000000,0.000000000,0.000000000,9.800000000,1.000000000,0.000000000,0.000000000,0.000000000
16.516664024,0.000000000,0.000000000,0.000000000,0.000000000,0.000000000,9.800000000,1.000000000,0.000000000,0.000000000,0.000000000
16.520830690,0.000000000,0.000000000,0.000000000,0.000000000,0.000000000,9.800000000,1.000000000,0.000000000,0.000000000,0.000000000
16.529164022,0.000000000,0.000000000,0.000000000,0.000000000,0.000000000,9.800000000,1.000000000,0.000000000,0.000000000,0.000000000
16.533330688,0.000000000,0.000000000,0.000000000,0.000000000,0.000000000,9.800000000,1.000000000,0.000000000,0.000000000,0.000000000
16.537497354,0.000000000,0.000000000,0.000000000,0.000000000,0.000000000,9.800000000,1.000000000,0.000000000,0.000000000,0.000000000
16.541664020,0.000000000,0.000000000,0.000000000,0.000000000,0.000000000,9.800000000,1.000000000,0.000000000,0.000000000,0.000000000
16.545830686,0.000000000,0.000000000,0.000000000,0.000000000,0.000000000,9.800000000,1.000000000,0.000000000,0.000000000,0.000000000
16.554164018,0.000000000,0.000000000,0.000000000,0.000000000,0.000000000,9.800000000,1.000000000,0.000000000,0.000000000,0.000000000
16.558330684,0.000000000,0.000000000,0.000000000,0.000000000,0.000000000,9.800000000,1.000000000,0.000000000,0.000000000,0.000000000
16.562497350,0.000000000,0.000000000,0.000000000,0.000000000,0.000000000,9.800000000,1.000000000,0.000000000,0.000000000,0.000000000
16.566664016,0.000000000,0.000000000,0.000000000,0.000000000,0.000000000,9.800000000,1.000000000,0.000000000,0.000000000,0.000000000
16.570830682,0.000000000,0.000000000,0.000000000,0.000000000,0.000000000,9.800000000,1.000000000,0.000000000,0.000000000,0.000000000
16.579164014,0.000000000,0.000000000,0.000000000,0.000000000,0.000000000,9.800000000,1.000000000,0.000000000,0.000000000,0.000000000
16.583330680,0.000000000,0.000000000,0.000000000,0.000000000,0.000000000,9.800000000,1.000000000,0.000000000,0.000000000,0.000000000
16.587497346,0.000000000,0.000000000,0.000000000,0.000000000,0.000000000,9.800000000,1.000000000,0.000000000,0.000000000,0.000000000
16.591664012,0.000000000,0.000000000,0.000000000,0.000000000,0.000000000,9.800000000,1.000000000,0.000000000,0.000000000,0.000000000
16.595830678,0.000000000,0.000000000,0.000000000,0.000000000,0.000000000,9.800000000,1.000000000,0.000000000,0.000000000,0.000000000
16.604164010,0.000000000,0.000000000,0.000000000,0.000000000,0.000000000,9.800000000,1.000000000,0.000000000,0.000000000,0.000000000
16.608330676,0.000000000,0.000000000,0.000000000,0.000000000,0.000000000,9.800000000,1.000000000,0.000000000,0.000000000,0.000000000
16.612497342,0.000000000,0.000000000,0.000000000,0.000000000,0.000000000,9.800000000,1.000000000,0.000000000,0.000000000,0.000000000
16.616664008,0.000000000,0.000000000,0.000000000,0.000000000,0.000000000,9.800000000,1.000000000,0.000000000,0.000000000,0.000000000
16.620830674,0.000000000,0.000000000,0.000000000,0.000000000,0.000000000,9.800000000,1.000000000,0.000000000,0.000000000,0.000000000
16.629164006,0.000000000,0.000000000,0.000000000,0.000000000,0.000000000,9.800000000,1.000000000,0.000000000,0.000000000,0.000000000
16.633330672,0.000000000,0.000000000,0.000000000,0.000000000,0.000000000,9.800000000,1.000000000,0.000000000,0.000000000,0.000000000
16.637497338,0.000000000,0.000000000,0.000000000,0.000000000,0.000000000,9.800000000,1.000000000,0.000000000,0.000000000,0.000000000
16.641664004,0.000000000,0.000000000,0.000000000,0.000000000,0.000000000,9.800000000,1.000000000,0.000000000,0.000000000,0.000000000
16.645830670,0.000000000,0.000000000,0.000000000,0.000000000,0.000000000,9.800000000,1.000000000,0.000000000,0.000000000,0.000000000
16.654164002,0.000000000,0.000000000,0.000000000,0.000000000,0.000000000,9.800000000,1.000000000,0.000000000,0.000000000,0.000000000
16.658330668,0.000000000,0.000000000,0.000000000,0.000000000,0.000000000,9.800000000,1.000000000,0.000000000,0.000000000,0.000000000
16.662497334,0.000000000,0.000000000,0.000000000,0.000000000,0.000000000,9.800000000,1.000000000,0.000000000,0.000000000,0.000000000
16.666664000,0.000000000,0.000000000,0.000000000,0.000000000,0.000000000,9.800000000,1.000000000,0.000000000,0.000000000,0.000000000
16.670830666,0.000000000,0.000000000,0.000000000,0.000000000,0.000000000,9.800000000,1.000000000,0.000000000,0.000000000,0.000000000
16.679163998,0.000000000,0.000000000,0.000000000,0.000000000,0.000000000,9.800000000,1.000000000,0.000000000,0.000000000,0.000000000
16.683330664,0.000000000,0.000000000,0.000000000,0.000000000,0.000000000,9.800000000,1.000000000,0.000000000,0.000000000,0.000000000
16.687497330,0.000000000,0.000000000,0.000000000,0.000000000,0.000000000,9.800000000,1.000000000,0.000000000,0.000000000,0.000000000
16.691663996,0.000000000,0.000000000,0.000000000,0.000000000,0.000000000,9.800000000,1.000000000,0.000000000,0.000000000,0.000000000
16.695830662,0.000000000,0.000000000,0.000000000,0.000000000,0.000000000,9.800000000,1.000000000,0.000000000,0.000000000,0.000000000
16.704163994,0.000000000,0.000000000,0.000000000,0.000000000,0.000000000,9.800000000,1.000000000,0.000000000,0.000000000,0.000000000
16.708330660,0.000000000,0.000000000,0.000000000,0.000000000,0.000000000,9.800000000,1.000000000,0.000000000,0.000000000,0.000000000
16.712497326,0.000000000,0.000000000,0.000000000,0.000000000,0.000000000,9.800000000,1.000000000,0.000000000,0.000000000,0.000000000
16.716663992,0.000000000,0.000000000,0.000000000,0.000000000,0.000000000,9.800000000,1.000000000,0.000000000,0.000000000,0.000000000
16.720830658,0.000000000,0.000000000,0.000000000,0.000000000,0.000000000,9.800000000,1.000000000,0.000000000,0.000000000,0.000000000
16.729163990,0.000000000,0.000000000,0.000000000,0.000000000,0.000000000,9.800000000,1.000000000,0.000000000,0.000000000,0.000000000
16.733330656,0.000000000,0.000000000,0.000000000,0.000000000,0.000000000,9.800000000,1.000000000,0.000000000,0.000000000,0.000000000
16.737497322,0.000000000,0.000000000,0.000000000,0.000000000,0.000000000,9.800000000,1.000000000,0.000000000,0.000000000,0.000000000
16.741663988,0.000000000,0.000000000,0.000000000,0.000000000,0.000000000,9.800000000,1.000000000,0.000000000,0.000000000,0.000000000
16.745830654,0.000000000,0.000000000,0.000000000,0.000000000,0.000000000,9.800000000,1.000000000,0.000000000,0.000000000,0.000000000
16.754163986,0.000000000,0.000000000,0.000000000,0.000000000,0.000000000,9.800000000,1.000000000,0.000000000,0.000000000,0.000000000
16.758330652,0.000000000,0.000000000,0.000000000,0.000000000,0.000000000,9.800000000,1.000000000,0.000000000,0.000000000,0.000000000
16.762497318,0.000000000,0.000000000,0.000000000,0.000000000,0.000000000,9.800000000,1.000000000,0.000000000,0.000000000,0.000000000
16.766663984,0.000000000,0.000000000,0.000000000,0.000000000,0.000000000,9.800000000,1.000000000,0.000000000,0.000000000,0.000000000
16.770830650,0.000000000,0.000000000,0.000000000,0.000000000,0.000000000,9.800000000,1.000000000,0.000000000,0.000000000,0.000000000
16.779163982,0.000000000,0.000000000,0.000000000,0.000000000,0.000000000,9.800000000,1.000000000,0.000000000,0.000000000,0.000000000
16.783330648,0.000000000,0.000000000,0.000000000,0.000000000,0.000000000,9.800000000,1.000000000,0.000000000,0.000000000,0.000000000
16.787497314,0.000000000,0.000000000,0.000000000,0.000000000,0.000000000,9.800000000,1.000000000,0.000000000,0.000000000,0.000000000
16.791663980,0.000000000,0.000000000,0.000000000,0.000000000,0.000000000,9.800000000,1.000000000,0.000000000,0.000000000,0.000000000
16.795830646,0.000000000,0.000000000,0.000000000,0.000000000,0.000000000,9.800000000,1.000000000,0.000000000,0.000000000,0.000000000
16.804163978,0.000000000,0.000000000,0.000000000,0.000000000,0.000000000,9.800000000,1.000000000,0.000000000,0.000000000,0.000000000
16.808330644,0.000000000,0.000000000,0.000000000,0.000000000,0.000000000,9.800000000,1.000000000,0.000000000,0.000000000,0.000000000
16.812497310,0.000000000,0.000000000,0.000000000,0.000000000,0.000000000,9.800000000,1.000000000,0.000000000,0.000000000,0.000000000
16.816663976,0.000000000,0.000000000,0.000000000,0.000000000,0.000000000,9.800000000,1.000000000,0.000000000,0.000000000,0.000000000
16.820830642,0.000000000,0.000000000,0.000000000,0.000000000,0.000000000,9.800000000,1.000000000,0.000000000,0.000000000,0.000000000
16.829163974,0.000000000,0.000000000,0.000000000,0.000000000,0.000000000,9.800000000,1.000000000,0.000000000,0.000000000,0.000000000
16.833330640,0.000000000,0.000000000,0.000000000,0.000000000,0.000000000,9.800000000,1.000000000,0.000000000,0.000000000,0.000000000
16.837497306,0.000000000,0.000000000,0.000000000,0.000000000,0.000000000,9.800000000,1.000000000,0.000000000,0.000000000,0.000000000
16.841663972,0.000000000,0.000000000,0.000000000,0.000000000,0.000000000,9.800000000,1.000000000,0.000000000,0.000000000,0.000000000
16.845830638,0.000000000,0.000000000,0.000000000,0.000000000,0.000000000,9.800000000,1.000000000,0.000000000,0.000000000,0.000000000
16.854163970,0.000000000,0.000000000,0.000000000,0.000000000,0.000000000,9.800000000,1.000000000,0.000000000,0.000000000,0.000000000
16.858330636,0.000000000,0.000000000,0.000000000,0.000000000,0.000000000,9.800000000,1.000000000,0.000000000,0.000000000,0.000000000
16.862497302,0.000000000,0.000000000,0.000000000,0.000000000,0.000000000,9.800000000,1.000000000,0.000000000,0.000000000,0.000000000
16.866663968,0.000000000,0.000000000,0.000000000,0.000000000,0.000000000,9.800000000,1.000000000,0.000000000,0.000000000,0.000000000
16.870830634,0.000000000,0.000000000,0.000000000,0.000000000,0.000000000,9.800000000,1.000000000,0.000000000,0.000000000,0.000000000
16.879163966,0.000000000,0.000000000,0.000000000,0.000000000,0.000000000,9.800000000,1.000000000,0.000000000,0.000000000,0.000000000
16.883330632,0.000000000,0.000000000,0.000000000,0.000000000,0.000000000,9.800000000,1.000000000,0.000000000,0.000000000,0.000000000
16.887497298,0.000000000,0.000000000,0.000000000,0.000000000,0.000000000,9.800000000,1.000000000,0.000000000,0.000000000,0.000000000
16.891663964,0.000000000,0.000000000,0.000000000,0.000000000,0.000000000,9.800000000,1.000000000,0.000000000,0.000000000,0.000000000
16.895830630,0.000000000,0.000000000,0.000000000,0.000000000,0.000000000,9.800000000,1.000000000,0.000000000,0.000000000,0.000000000
16.904163962,0.000000000,0.000000000,0.000000000,0.000000000,0.000000000,9.800000000,1.000000000,0.000000000,0.000000000,0.000000000
16.908330628,0.000000000,0.000000000,0.000000000,0.000000000,0.000000000,9.800000000,1.000000000,0.000000000,0.000000000,0.000000000
